fidelity,sigma_frac,variant,station,network,budget_mm,seed,epoch_h,year,unsafe_pct,severe_pct,water_mm,dup,dup_mm,sent,resends,gen,withheld,withheld_saline,awd_eff,awd_short,awd_dry_h,stress_h,mm_per_cmd,cmd_per_day,rmse
wide,0.02,FULL (de xuat),can_tho,mild,80.0,0,24,2024,34.6296,0.0,80.0,0,0.0,4,0,4,86,0,4,0,1865,1584,20.0,0.044,0.0
wide,0.02,FULL (de xuat),can_tho,mild,80.0,1,24,2024,35.6944,0.0,80.0,1,20.0,6,2,4,86,0,3,0,1841,1503,20.0,0.044,0.6086
wide,0.02,FULL (de xuat),can_tho,mild,80.0,2,24,2024,37.6389,0.0,80.0,2,40.0,4,1,3,87,0,3,0,1821,1521,20.0,0.033,0.0
wide,0.02,FULL (de xuat),can_tho,mild,80.0,3,24,2024,37.6389,0.0,80.0,2,40.0,4,1,3,87,0,3,0,1821,1521,20.0,0.033,0.0
wide,0.02,FULL (de xuat),can_tho,mild,80.0,4,24,2024,37.6389,0.0,80.0,1,20.0,4,1,3,87,0,3,0,1818,1503,20.0,0.033,0.0
wide,0.02,FULL (de xuat),can_tho,mild,80.0,5,24,2024,35.787,0.0,80.0,1,20.0,6,2,4,86,0,3,0,1847,1523,20.0,0.044,0.7451
wide,0.02,FULL (de xuat),can_tho,mild,80.0,6,24,2024,39.1667,0.0,80.0,3,60.0,4,2,2,88,0,2,0,1765,1440,20.0,0.022,0.0
wide,0.02,FULL (de xuat),can_tho,mild,80.0,7,24,2024,36.8981,0.0,80.0,2,40.0,5,2,3,87,0,3,0,1808,1503,20.0,0.033,0.4303
wide,0.02,FULL (de xuat),can_tho,mild,80.0,8,24,2024,34.6296,0.0,80.0,0,0.0,4,0,4,86,0,4,0,1865,1584,20.0,0.044,0.0
wide,0.02,FULL (de xuat),can_tho,mild,80.0,9,24,2024,33.5648,0.0,80.0,1,20.0,7,2,5,85,0,4,0,1882,1584,20.0,0.056,1.3601
wide,0.02,FULL (de xuat),can_tho,severe,80.0,0,24,2024,34.0741,0.0,80.0,0,0.0,14,8,6,84,0,4,0,1871,1576,20.0,0.067,0.7454
wide,0.02,FULL (de xuat),can_tho,severe,80.0,1,24,2024,36.8981,0.0,80.0,1,20.0,5,2,3,87,0,3,0,1809,1504,20.0,0.033,0.4303
wide,0.02,FULL (de xuat),can_tho,severe,80.0,2,24,2024,36.8981,0.0,80.0,1,20.0,11,8,3,87,0,3,0,1811,1505,20.0,0.033,0.7454
wide,0.02,FULL (de xuat),can_tho,severe,80.0,3,24,2024,39.4444,0.0,80.0,2,40.0,13,9,4,86,0,2,0,1808,1455,20.0,0.044,0.8607
wide,0.02,FULL (de xuat),can_tho,severe,80.0,4,24,2024,35.8333,0.0,80.0,1,20.0,11,7,4,86,0,3,0,1840,1504,20.0,0.044,0.6086
wide,0.02,FULL (de xuat),can_tho,severe,80.0,5,24,2024,37.6389,0.0,80.0,1,20.0,4,1,3,87,0,3,0,1821,1521,20.0,0.033,0.6085
wide,0.02,FULL (de xuat),can_tho,severe,80.0,6,24,2024,45.7407,0.0,80.0,3,60.0,4,3,1,89,0,1,0,1820,1451,20.0,0.011,0.6961
wide,0.02,FULL (de xuat),can_tho,severe,80.0,7,24,2024,35.787,0.0,80.0,2,40.0,12,8,4,86,0,3,0,1815,1521,20.0,0.044,1.0539
wide,0.02,FULL (de xuat),can_tho,severe,80.0,8,24,2024,34.0278,0.0,80.0,0,0.0,19,12,7,83,0,3,0,1785,1584,20.0,0.078,0.8607
wide,0.02,FULL (de xuat),can_tho,severe,80.0,9,24,2024,35.8333,0.0,80.0,1,20.0,11,7,4,86,0,3,0,1846,1524,20.0,0.044,0.6086
wide,0.02,FULL (de xuat),soc_trang,mild,80.0,0,24,2024,33.4722,0.0,80.0,0,0.0,5,1,4,86,0,4,0,1867,1683,20.0,0.044,0.6086
wide,0.02,FULL (de xuat),soc_trang,mild,80.0,1,24,2024,35.6944,0.0,80.0,1,20.0,6,2,4,86,0,3,0,1805,1598,20.0,0.044,0.6086
wide,0.02,FULL (de xuat),soc_trang,mild,80.0,2,24,2024,35.6481,0.0,80.0,2,40.0,4,1,3,87,0,3,0,1824,1621,20.0,0.033,0.0
wide,0.02,FULL (de xuat),soc_trang,mild,80.0,3,24,2024,35.6481,0.0,80.0,2,40.0,4,1,3,87,0,3,0,1824,1621,20.0,0.033,0.0
wide,0.02,FULL (de xuat),soc_trang,mild,80.0,4,24,2024,35.6481,0.0,80.0,1,20.0,4,1,3,87,0,3,0,1823,1600,20.0,0.033,0.0
wide,0.02,FULL (de xuat),soc_trang,mild,80.0,5,24,2024,35.6481,0.0,80.0,1,20.0,6,2,4,86,0,3,0,1826,1616,20.0,0.044,0.7451
wide,0.02,FULL (de xuat),soc_trang,mild,80.0,6,24,2024,38.1019,0.0,80.0,3,60.0,4,2,2,88,0,2,0,1761,1521,20.0,0.022,0.0
wide,0.02,FULL (de xuat),soc_trang,mild,80.0,7,24,2024,35.6481,0.0,80.0,1,20.0,7,3,4,86,0,3,0,1805,1597,20.0,0.044,0.7454
wide,0.02,FULL (de xuat),soc_trang,mild,80.0,8,24,2024,33.4722,0.0,80.0,0,0.0,4,0,4,86,0,4,0,1866,1683,20.0,0.044,0.0
wide,0.02,FULL (de xuat),soc_trang,mild,80.0,9,24,2024,33.4722,0.0,80.0,1,20.0,7,2,5,85,0,4,0,1865,1683,20.0,0.056,1.3601
wide,0.02,FULL (de xuat),soc_trang,severe,80.0,0,24,2024,32.4537,0.0,80.0,0,0.0,13,8,5,85,0,4,0,1907,1683,20.0,0.056,0.6085
wide,0.02,FULL (de xuat),soc_trang,severe,80.0,1,24,2024,33.4259,0.0,80.0,0,0.0,12,7,5,85,0,4,0,1870,1683,20.0,0.056,0.4303
wide,0.02,FULL (de xuat),soc_trang,severe,80.0,2,24,2024,33.4259,0.0,80.0,1,20.0,17,12,5,85,0,4,0,1872,1683,20.0,0.056,0.8607
wide,0.02,FULL (de xuat),soc_trang,severe,80.0,3,24,2024,38.1481,0.0,80.0,2,40.0,13,9,4,86,0,2,0,1788,1550,20.0,0.044,0.8607
wide,0.02,FULL (de xuat),soc_trang,severe,80.0,4,24,2024,35.6481,0.0,80.0,1,20.0,7,4,3,87,0,3,0,1825,1601,20.0,0.033,0.4303
wide,0.02,FULL (de xuat),soc_trang,severe,80.0,5,24,2024,33.4722,0.0,80.0,0,0.0,10,6,4,86,0,4,0,1869,1683,20.0,0.044,0.7454
wide,0.02,FULL (de xuat),soc_trang,severe,80.0,6,24,2024,44.9074,0.0,80.0,3,60.0,4,3,1,89,0,1,0,1802,1532,20.0,0.011,0.6945
wide,0.02,FULL (de xuat),soc_trang,severe,80.0,7,24,2024,35.7407,0.0,80.0,2,40.0,8,5,3,87,0,3,0,1820,1600,20.0,0.033,0.8607
wide,0.02,FULL (de xuat),soc_trang,severe,80.0,8,24,2024,32.8704,0.0,80.0,0,0.0,17,10,7,83,0,4,0,1889,1683,20.0,0.078,0.9623
wide,0.02,FULL (de xuat),soc_trang,severe,80.0,9,24,2024,34.7685,0.0,80.0,1,20.0,8,4,4,86,0,3,0,1843,1621,20.0,0.044,0.6086
wide,0.02,FULL (de xuat),ca_mau,mild,80.0,0,24,2024,31.0185,0.0,80.0,0,0.0,6,1,5,85,0,4,0,1859,1672,20.0,0.056,0.6086
wide,0.02,FULL (de xuat),ca_mau,mild,80.0,1,24,2024,30.9259,0.0,80.0,1,20.0,5,1,4,86,0,4,0,1860,1680,20.0,0.044,0.4303
wide,0.02,FULL (de xuat),ca_mau,mild,80.0,2,24,2024,33.3796,0.0,80.0,2,40.0,4,1,3,87,0,3,0,1801,1596,20.0,0.033,0.0
wide,0.02,FULL (de xuat),ca_mau,mild,80.0,3,24,2024,32.3148,0.0,80.0,2,40.0,5,2,3,87,0,3,0,1819,1598,20.0,0.033,0.4303
wide,0.02,FULL (de xuat),ca_mau,mild,80.0,4,24,2024,32.0833,0.0,80.0,1,20.0,8,3,5,85,0,3,0,1820,1597,20.0,0.056,1.1384
wide,0.02,FULL (de xuat),ca_mau,mild,80.0,5,24,2024,33.0556,0.0,80.0,1,20.0,4,1,3,87,0,3,0,1803,1616,20.0,0.033,0.0
wide,0.02,FULL (de xuat),ca_mau,mild,80.0,6,24,2024,34.4907,0.0,80.0,3,60.0,4,2,2,88,0,2,0,1757,1513,20.0,0.022,0.0
wide,0.02,FULL (de xuat),ca_mau,mild,80.0,7,24,2024,34.4907,0.0,80.0,2,40.0,4,2,2,88,0,2,0,1757,1513,20.0,0.022,0.0
wide,0.02,FULL (de xuat),ca_mau,mild,80.0,8,24,2024,30.9259,0.0,80.0,0,0.0,4,0,4,86,0,4,0,1860,1680,20.0,0.044,0.0
wide,0.02,FULL (de xuat),ca_mau,mild,80.0,9,24,2024,30.9259,0.0,80.0,1,20.0,5,1,4,86,0,4,0,1860,1680,20.0,0.044,0.4303
wide,0.02,FULL (de xuat),ca_mau,severe,80.0,0,24,2024,31.2037,0.0,80.0,0,0.0,6,2,4,86,0,4,0,1860,1672,20.0,0.044,0.0
wide,0.02,FULL (de xuat),ca_mau,severe,80.0,1,24,2024,30.9259,0.0,80.0,1,20.0,7,3,4,86,0,4,0,1863,1680,20.0,0.044,0.0
wide,0.02,FULL (de xuat),ca_mau,severe,80.0,2,24,2024,33.2407,0.0,80.0,1,20.0,14,10,4,86,0,3,0,1807,1590,20.0,0.044,0.7454
wide,0.02,FULL (de xuat),ca_mau,severe,80.0,3,24,2024,34.5833,0.0,80.0,2,40.0,9,6,3,87,0,2,0,1781,1537,20.0,0.033,0.7454
wide,0.02,FULL (de xuat),ca_mau,severe,80.0,4,24,2024,29.7222,0.0,80.0,0,0.0,17,11,6,84,0,4,0,1871,1680,20.0,0.067,0.8606
wide,0.02,FULL (de xuat),ca_mau,severe,80.0,5,24,2024,32.2222,0.0,80.0,1,20.0,8,4,4,86,0,3,0,1819,1616,20.0,0.044,0.7453
wide,0.02,FULL (de xuat),ca_mau,severe,80.0,6,24,2024,30.9259,0.0,80.0,1,20.0,15,11,4,86,0,4,0,1865,1680,20.0,0.044,0.8607
wide,0.02,FULL (de xuat),ca_mau,severe,80.0,7,24,2024,30.0463,0.0,80.0,0,0.0,17,12,5,85,0,4,0,1868,1680,20.0,0.056,1.0541
wide,0.02,FULL (de xuat),ca_mau,severe,80.0,8,24,2024,30.6481,0.0,80.0,0,0.0,9,4,5,85,0,4,0,1862,1680,20.0,0.056,0.6086
wide,0.02,FULL (de xuat),ca_mau,severe,80.0,9,24,2024,33.0556,0.0,80.0,1,20.0,4,1,3,87,0,3,0,1803,1616,20.0,0.033,0.4303
wide,0.02,- whatif (twin->predictor),can_tho,mild,80.0,0,24,2024,55.6019,0.0,80.0,0,0.0,2,0,2,88,0,0,0,1932,1537,40.0,0.022,0.0
wide,0.02,- whatif (twin->predictor),can_tho,mild,80.0,1,24,2024,55.6019,0.0,80.0,0,0.0,2,0,2,88,0,0,0,1932,1537,40.0,0.022,0.0
wide,0.02,- whatif (twin->predictor),can_tho,mild,80.0,2,24,2024,55.6019,0.0,80.0,0,0.0,3,1,2,88,0,0,0,1932,1537,40.0,0.022,0.132
wide,0.02,- whatif (twin->predictor),can_tho,mild,80.0,3,24,2024,55.6019,0.0,80.0,0,0.0,2,0,2,88,0,0,0,1932,1537,40.0,0.022,0.0
wide,0.02,- whatif (twin->predictor),can_tho,mild,80.0,4,24,2024,55.6019,0.0,80.0,1,20.0,2,0,2,88,0,0,0,1932,1537,40.0,0.022,0.0
wide,0.02,- whatif (twin->predictor),can_tho,mild,80.0,5,24,2024,54.537,0.0,80.0,0,0.0,4,1,3,87,0,0,0,1909,1514,40.0,0.033,0.1909
wide,0.02,- whatif (twin->predictor),can_tho,mild,80.0,6,24,2024,55.6019,0.0,80.0,1,20.0,2,0,2,88,0,0,0,1932,1537,40.0,0.022,0.0
wide,0.02,- whatif (twin->predictor),can_tho,mild,80.0,7,24,2024,55.6019,0.0,80.0,1,20.0,2,0,2,88,0,0,0,1932,1537,40.0,0.022,0.0
wide,0.02,- whatif (twin->predictor),can_tho,mild,80.0,8,24,2024,55.6019,0.0,80.0,0,0.0,2,0,2,88,0,0,0,1932,1537,40.0,0.022,0.0
wide,0.02,- whatif (twin->predictor),can_tho,mild,80.0,9,24,2024,55.6019,0.0,80.0,0,0.0,3,1,2,88,0,0,0,1932,1537,40.0,0.022,0.132
wide,0.02,- whatif (twin->predictor),can_tho,severe,80.0,0,24,2024,53.4259,0.0,80.0,0,0.0,10,6,4,86,0,0,0,1889,1507,40.0,0.044,0.2942
wide,0.02,- whatif (twin->predictor),can_tho,severe,80.0,1,24,2024,55.6019,0.0,80.0,0,0.0,2,0,2,88,0,0,0,1932,1537,40.0,0.022,0.0
wide,0.02,- whatif (twin->predictor),can_tho,severe,80.0,2,24,2024,55.6019,0.0,80.0,0,0.0,3,1,2,88,0,0,0,1932,1537,40.0,0.022,0.1357
wide,0.02,- whatif (twin->predictor),can_tho,severe,80.0,3,24,2024,53.4259,0.0,80.0,0,0.0,13,9,4,86,0,0,0,1889,1507,40.0,0.044,0.2237
wide,0.02,- whatif (twin->predictor),can_tho,severe,80.0,4,24,2024,55.6019,0.0,80.0,1,20.0,2,0,2,88,0,0,0,1932,1537,40.0,0.022,0.1867
wide,0.02,- whatif (twin->predictor),can_tho,severe,80.0,5,24,2024,55.6019,0.0,80.0,0,0.0,2,0,2,88,0,0,0,1932,1537,40.0,0.022,0.1344
wide,0.02,- whatif (twin->predictor),can_tho,severe,80.0,6,24,2024,54.537,0.0,80.0,1,20.0,9,6,3,87,0,0,0,1909,1514,40.0,0.033,0.2271
wide,0.02,- whatif (twin->predictor),can_tho,severe,80.0,7,24,2024,55.5556,0.0,80.0,0,0.0,6,4,2,88,0,0,0,1931,1537,40.0,0.022,0.1334
wide,0.02,- whatif (twin->predictor),can_tho,severe,80.0,8,24,2024,54.537,0.0,80.0,0,0.0,6,3,3,87,0,0,0,1909,1514,40.0,0.033,0.1379
wide,0.02,- whatif (twin->predictor),can_tho,severe,80.0,9,24,2024,54.4907,0.0,80.0,0,0.0,8,5,3,87,0,0,0,1909,1514,40.0,0.033,0.4698
wide,0.02,- whatif (twin->predictor),soc_trang,mild,80.0,0,24,2024,55.6944,0.0,80.0,0,0.0,2,0,2,88,0,0,0,1931,1633,40.0,0.022,0.0
wide,0.02,- whatif (twin->predictor),soc_trang,mild,80.0,1,24,2024,55.6944,0.0,80.0,0,0.0,2,0,2,88,0,0,0,1931,1633,40.0,0.022,0.0
wide,0.02,- whatif (twin->predictor),soc_trang,mild,80.0,2,24,2024,55.6944,0.0,80.0,0,0.0,3,1,2,88,0,0,0,1931,1633,40.0,0.022,0.1378
wide,0.02,- whatif (twin->predictor),soc_trang,mild,80.0,3,24,2024,55.6944,0.0,80.0,0,0.0,2,0,2,88,0,0,0,1931,1633,40.0,0.022,0.0
wide,0.02,- whatif (twin->predictor),soc_trang,mild,80.0,4,24,2024,55.6944,0.0,80.0,1,20.0,2,0,2,88,0,0,0,1931,1633,40.0,0.022,0.0
wide,0.02,- whatif (twin->predictor),soc_trang,mild,80.0,5,24,2024,54.5833,0.0,80.0,0,0.0,4,1,3,87,0,0,0,1907,1610,40.0,0.033,0.2056
wide,0.02,- whatif (twin->predictor),soc_trang,mild,80.0,6,24,2024,55.6944,0.0,80.0,1,20.0,2,0,2,88,0,0,0,1931,1633,40.0,0.022,0.0
wide,0.02,- whatif (twin->predictor),soc_trang,mild,80.0,7,24,2024,55.6944,0.0,80.0,1,20.0,2,0,2,88,0,0,0,1931,1633,40.0,0.022,0.0
wide,0.02,- whatif (twin->predictor),soc_trang,mild,80.0,8,24,2024,55.6944,0.0,80.0,0,0.0,2,0,2,88,0,0,0,1931,1633,40.0,0.022,0.0
wide,0.02,- whatif (twin->predictor),soc_trang,mild,80.0,9,24,2024,55.6944,0.0,80.0,0,0.0,3,1,2,88,0,0,0,1931,1633,40.0,0.022,0.1378
wide,0.02,- whatif (twin->predictor),soc_trang,severe,80.0,0,24,2024,53.5185,0.0,80.0,0,0.0,10,6,4,86,0,0,0,1884,1586,40.0,0.044,0.3159
wide,0.02,- whatif (twin->predictor),soc_trang,severe,80.0,1,24,2024,55.6944,0.0,80.0,0,0.0,2,0,2,88,0,0,0,1931,1633,40.0,0.022,0.0
wide,0.02,- whatif (twin->predictor),soc_trang,severe,80.0,2,24,2024,55.6944,0.0,80.0,0,0.0,3,1,2,88,0,0,0,1931,1633,40.0,0.022,0.1461
wide,0.02,- whatif (twin->predictor),soc_trang,severe,80.0,3,24,2024,53.5185,0.0,80.0,0,0.0,13,9,4,86,0,0,0,1884,1586,40.0,0.044,0.2368
wide,0.02,- whatif (twin->predictor),soc_trang,severe,80.0,4,24,2024,55.6944,0.0,80.0,1,20.0,2,0,2,88,0,0,0,1931,1633,40.0,0.022,0.1949
wide,0.02,- whatif (twin->predictor),soc_trang,severe,80.0,5,24,2024,55.6944,0.0,80.0,0,0.0,2,0,2,88,0,0,0,1931,1633,40.0,0.022,0.1445
wide,0.02,- whatif (twin->predictor),soc_trang,severe,80.0,6,24,2024,54.5833,0.0,80.0,1,20.0,9,6,3,87,0,0,0,1907,1610,40.0,0.033,0.2372
wide,0.02,- whatif (twin->predictor),soc_trang,severe,80.0,7,24,2024,55.6944,0.0,80.0,0,0.0,6,4,2,88,0,0,0,1931,1633,40.0,0.022,0.139
wide,0.02,- whatif (twin->predictor),soc_trang,severe,80.0,8,24,2024,54.5833,0.0,80.0,0,0.0,6,3,3,87,0,0,0,1907,1610,40.0,0.033,0.1489
wide,0.02,- whatif (twin->predictor),soc_trang,severe,80.0,9,24,2024,54.5833,0.0,80.0,0,0.0,8,5,3,87,0,0,0,1907,1609,40.0,0.033,0.5034
wide,0.02,- whatif (twin->predictor),ca_mau,mild,80.0,0,24,2024,54.6296,0.0,80.0,0,0.0,2,0,2,88,0,0,0,1931,1633,40.0,0.022,0.0
wide,0.02,- whatif (twin->predictor),ca_mau,mild,80.0,1,24,2024,54.6296,0.0,80.0,0,0.0,2,0,2,88,0,0,0,1931,1633,40.0,0.022,0.0
wide,0.02,- whatif (twin->predictor),ca_mau,mild,80.0,2,24,2024,54.6296,0.0,80.0,0,0.0,3,1,2,88,0,0,0,1931,1633,40.0,0.022,0.1276
wide,0.02,- whatif (twin->predictor),ca_mau,mild,80.0,3,24,2024,54.6296,0.0,80.0,0,0.0,2,0,2,88,0,0,0,1931,1633,40.0,0.022,0.0
wide,0.02,- whatif (twin->predictor),ca_mau,mild,80.0,4,24,2024,54.6296,0.0,80.0,1,20.0,2,0,2,88,0,0,0,1931,1633,40.0,0.022,0.0
wide,0.02,- whatif (twin->predictor),ca_mau,mild,80.0,5,24,2024,54.2593,0.0,80.0,0,0.0,4,1,3,87,0,0,0,1908,1611,40.0,0.033,0.1793
wide,0.02,- whatif (twin->predictor),ca_mau,mild,80.0,6,24,2024,54.6296,0.0,80.0,1,20.0,2,0,2,88,0,0,0,1931,1633,40.0,0.022,0.0
wide,0.02,- whatif (twin->predictor),ca_mau,mild,80.0,7,24,2024,54.6296,0.0,80.0,1,20.0,2,0,2,88,0,0,0,1931,1633,40.0,0.022,0.0
wide,0.02,- whatif (twin->predictor),ca_mau,mild,80.0,8,24,2024,54.6296,0.0,80.0,0,0.0,2,0,2,88,0,0,0,1931,1633,40.0,0.022,0.0
wide,0.02,- whatif (twin->predictor),ca_mau,mild,80.0,9,24,2024,54.6296,0.0,80.0,0,0.0,3,1,2,88,0,0,0,1931,1633,40.0,0.022,0.1276
wide,0.02,- whatif (twin->predictor),ca_mau,severe,80.0,0,24,2024,53.2407,0.0,80.0,0,0.0,10,6,4,86,0,0,0,1885,1588,40.0,0.044,0.2716
wide,0.02,- whatif (twin->predictor),ca_mau,severe,80.0,1,24,2024,54.6296,0.0,80.0,0,0.0,2,0,2,88,0,0,0,1931,1633,40.0,0.022,0.0
wide,0.02,- whatif (twin->predictor),ca_mau,severe,80.0,2,24,2024,54.6296,0.0,80.0,0,0.0,3,1,2,88,0,0,0,1931,1633,40.0,0.022,0.1273
wide,0.02,- whatif (twin->predictor),ca_mau,severe,80.0,3,24,2024,53.2407,0.0,80.0,0,0.0,13,9,4,86,0,0,0,1885,1588,40.0,0.044,0.2058
wide,0.02,- whatif (twin->predictor),ca_mau,severe,80.0,4,24,2024,54.6296,0.0,80.0,1,20.0,2,0,2,88,0,0,0,1931,1633,40.0,0.022,0.1804
wide,0.02,- whatif (twin->predictor),ca_mau,severe,80.0,5,24,2024,54.6296,0.0,80.0,0,0.0,2,0,2,88,0,0,0,1931,1633,40.0,0.022,0.1263
wide,0.02,- whatif (twin->predictor),ca_mau,severe,80.0,6,24,2024,54.2593,0.0,80.0,1,20.0,9,6,3,87,0,0,0,1908,1611,40.0,0.033,0.2133
wide,0.02,- whatif (twin->predictor),ca_mau,severe,80.0,7,24,2024,54.6296,0.0,80.0,0,0.0,6,4,2,88,0,0,0,1931,1633,40.0,0.022,0.1286
wide,0.02,- whatif (twin->predictor),ca_mau,severe,80.0,8,24,2024,54.2593,0.0,80.0,0,0.0,6,3,3,87,0,0,0,1908,1611,40.0,0.033,0.1294
wide,0.02,- whatif (twin->predictor),ca_mau,severe,80.0,9,24,2024,54.2593,0.0,80.0,0,0.0,8,5,3,87,0,0,0,1908,1611,40.0,0.033,0.4324
wide,0.02,- T2 (gui lai mu),can_tho,mild,80.0,0,24,2024,34.6296,0.0,80.0,0,0.0,4,0,4,86,0,4,0,1865,1584,20.0,0.044,0.0
wide,0.02,- T2 (gui lai mu),can_tho,mild,80.0,1,24,2024,36.8981,0.0,80.0,1,20.0,10,7,3,87,0,3,0,1813,1504,20.0,0.033,1.7079
wide,0.02,- T2 (gui lai mu),can_tho,mild,80.0,2,24,2024,40.1389,0.0,80.0,2,40.0,4,2,2,88,0,2,0,1790,1454,20.0,0.022,0.0
wide,0.02,- T2 (gui lai mu),can_tho,mild,80.0,3,24,2024,40.1389,0.0,80.0,2,40.0,4,2,2,88,0,2,0,1790,1454,20.0,0.022,0.0
wide,0.02,- T2 (gui lai mu),can_tho,mild,80.0,4,24,2024,37.6389,0.0,80.0,1,20.0,4,1,3,87,0,3,0,1818,1503,20.0,0.033,0.0
wide,0.02,- T2 (gui lai mu),can_tho,mild,80.0,5,24,2024,37.6389,0.0,80.0,1,20.0,6,3,3,87,0,3,0,1823,1521,20.0,0.033,0.7451
wide,0.02,- T2 (gui lai mu),can_tho,mild,80.0,6,24,2024,45.7407,0.0,80.0,3,60.0,7,6,1,89,0,1,0,1820,1451,20.0,0.011,0.0022
wide,0.02,- T2 (gui lai mu),can_tho,mild,80.0,7,24,2024,39.1667,0.0,80.0,2,40.0,6,4,2,88,0,2,0,1765,1442,20.0,0.022,0.6086
wide,0.02,- T2 (gui lai mu),can_tho,mild,80.0,8,24,2024,34.6296,0.0,80.0,0,0.0,4,0,4,86,0,4,0,1865,1584,20.0,0.044,0.0
wide,0.02,- T2 (gui lai mu),can_tho,mild,80.0,9,24,2024,37.6389,0.0,80.0,1,20.0,8,5,3,87,0,3,0,1823,1521,20.0,0.033,1.5955
wide,0.02,- T2 (gui lai mu),can_tho,severe,80.0,0,24,2024,33.6574,0.0,80.0,0,0.0,23,19,4,86,0,4,0,1865,1584,20.0,0.044,2.3586
wide,0.02,- T2 (gui lai mu),can_tho,severe,80.0,1,24,2024,36.8981,0.0,80.0,1,20.0,5,2,3,87,0,3,0,1809,1504,20.0,0.033,0.4303
wide,0.02,- T2 (gui lai mu),can_tho,severe,80.0,2,24,2024,39.213,0.0,80.0,2,40.0,17,15,2,88,0,2,0,1772,1456,20.0,0.022,1.2723
wide,0.02,- T2 (gui lai mu),can_tho,severe,80.0,3,24,2024,39.1204,0.0,80.0,2,40.0,27,25,2,88,0,2,0,1778,1459,20.0,0.022,1.934
wide,0.02,- T2 (gui lai mu),can_tho,severe,80.0,4,24,2024,37.6389,0.0,80.0,1,20.0,10,7,3,87,0,3,0,1822,1504,20.0,0.033,0.7454
wide,0.02,- T2 (gui lai mu),can_tho,severe,80.0,5,24,2024,37.6389,0.0,80.0,1,20.0,4,1,3,87,0,3,0,1821,1521,20.0,0.033,0.6085
wide,0.02,- T2 (gui lai mu),can_tho,severe,80.0,6,24,2024,45.7407,0.0,80.0,3,60.0,4,3,1,89,0,1,0,1820,1451,20.0,0.011,0.6961
wide,0.02,- T2 (gui lai mu),can_tho,severe,80.0,7,24,2024,39.1667,0.0,80.0,2,40.0,20,18,2,88,0,2,0,1766,1454,20.0,0.022,2.281
wide,0.02,- T2 (gui lai mu),can_tho,severe,80.0,8,24,2024,33.6574,0.0,80.0,0,0.0,23,19,4,86,0,4,0,1866,1584,20.0,0.044,2.1858
wide,0.02,- T2 (gui lai mu),can_tho,severe,80.0,9,24,2024,37.037,0.0,80.0,1,20.0,13,10,3,87,0,3,0,1823,1529,20.0,0.033,1.2906
wide,0.02,- T2 (gui lai mu),soc_trang,mild,80.0,0,24,2024,33.4722,0.0,80.0,0,0.0,5,1,4,86,0,4,0,1867,1683,20.0,0.044,0.6086
wide,0.02,- T2 (gui lai mu),soc_trang,mild,80.0,1,24,2024,35.7407,0.0,80.0,1,20.0,9,6,3,87,0,3,0,1824,1599,20.0,0.033,1.6503
wide,0.02,- T2 (gui lai mu),soc_trang,mild,80.0,2,24,2024,38.9815,0.0,80.0,2,40.0,4,2,2,88,0,2,0,1768,1550,20.0,0.022,0.0
wide,0.02,- T2 (gui lai mu),soc_trang,mild,80.0,3,24,2024,38.9815,0.0,80.0,2,40.0,4,2,2,88,0,2,0,1768,1550,20.0,0.022,0.0
wide,0.02,- T2 (gui lai mu),soc_trang,mild,80.0,4,24,2024,35.6481,0.0,80.0,1,20.0,4,1,3,87,0,3,0,1823,1600,20.0,0.033,0.0
wide,0.02,- T2 (gui lai mu),soc_trang,mild,80.0,5,24,2024,35.6481,0.0,80.0,1,20.0,6,3,3,87,0,3,0,1826,1621,20.0,0.033,0.7451
wide,0.02,- T2 (gui lai mu),soc_trang,mild,80.0,6,24,2024,44.8148,0.0,80.0,3,60.0,7,6,1,89,0,1,0,1802,1531,20.0,0.011,0.0024
wide,0.02,- T2 (gui lai mu),soc_trang,mild,80.0,7,24,2024,38.1019,0.0,80.0,2,40.0,7,5,2,88,0,2,0,1762,1523,20.0,0.022,0.7454
wide,0.02,- T2 (gui lai mu),soc_trang,mild,80.0,8,24,2024,33.4722,0.0,80.0,0,0.0,4,0,4,86,0,4,0,1866,1683,20.0,0.044,0.0
wide,0.02,- T2 (gui lai mu),soc_trang,mild,80.0,9,24,2024,35.6481,0.0,80.0,1,20.0,10,7,3,87,0,3,0,1828,1623,20.0,0.033,1.7051
wide,0.02,- T2 (gui lai mu),soc_trang,severe,80.0,0,24,2024,33.4722,0.0,80.0,0,0.0,16,12,4,86,0,4,0,1878,1683,20.0,0.044,1.054
wide,0.02,- T2 (gui lai mu),soc_trang,severe,80.0,1,24,2024,35.6944,0.0,80.0,1,20.0,18,15,3,87,0,3,0,1802,1601,20.0,0.033,1.2172
wide,0.02,- T2 (gui lai mu),soc_trang,severe,80.0,2,24,2024,38.0556,0.0,80.0,2,40.0,16,14,2,88,0,2,0,1771,1540,20.0,0.022,1.3608
wide,0.02,- T2 (gui lai mu),soc_trang,severe,80.0,3,24,2024,38.9815,0.0,80.0,2,40.0,15,13,2,88,0,2,0,1777,1551,20.0,0.022,1.291
wide,0.02,- T2 (gui lai mu),soc_trang,severe,80.0,4,24,2024,35.6481,0.0,80.0,1,20.0,7,4,3,87,0,3,0,1825,1601,20.0,0.033,0.4303
wide,0.02,- T2 (gui lai mu),soc_trang,severe,80.0,5,24,2024,35.6481,0.0,80.0,1,20.0,9,6,3,87,0,3,0,1826,1624,20.0,0.033,0.7128
wide,0.02,- T2 (gui lai mu),soc_trang,severe,80.0,6,24,2024,44.9074,0.0,80.0,3,60.0,4,3,1,89,0,1,0,1802,1532,20.0,0.011,0.6945
wide,0.02,- T2 (gui lai mu),soc_trang,severe,80.0,7,24,2024,38.0556,0.0,80.0,2,40.0,27,25,2,88,0,2,0,1761,1542,20.0,0.022,2.5617
wide,0.02,- T2 (gui lai mu),soc_trang,severe,80.0,8,24,2024,33.4722,0.0,80.0,0,0.0,21,17,4,86,0,4,0,1880,1683,20.0,0.044,2.1972
wide,0.02,- T2 (gui lai mu),soc_trang,severe,80.0,9,24,2024,35.6481,0.0,80.0,1,20.0,12,9,3,87,0,3,0,1832,1621,20.0,0.033,1.0541
wide,0.02,- T2 (gui lai mu),ca_mau,mild,80.0,0,24,2024,31.2037,0.0,80.0,0,0.0,6,2,4,86,0,4,0,1860,1672,20.0,0.044,0.6086
wide,0.02,- T2 (gui lai mu),ca_mau,mild,80.0,1,24,2024,32.3148,0.0,80.0,1,20.0,5,2,3,87,0,3,0,1819,1599,20.0,0.033,0.4303
wide,0.02,- T2 (gui lai mu),ca_mau,mild,80.0,2,24,2024,35.5093,0.0,80.0,2,40.0,4,2,2,88,0,2,0,1762,1531,20.0,0.022,0.0
wide,0.02,- T2 (gui lai mu),ca_mau,mild,80.0,3,24,2024,34.5833,0.0,80.0,2,40.0,5,3,2,88,0,2,0,1765,1537,20.0,0.022,0.4303
wide,0.02,- T2 (gui lai mu),ca_mau,mild,80.0,4,24,2024,33.1481,0.0,80.0,1,20.0,7,4,3,87,0,3,0,1803,1597,20.0,0.033,1.0539
wide,0.02,- T2 (gui lai mu),ca_mau,mild,80.0,5,24,2024,33.0556,0.0,80.0,1,20.0,4,1,3,87,0,3,0,1803,1616,20.0,0.033,0.0
wide,0.02,- T2 (gui lai mu),ca_mau,mild,80.0,6,24,2024,43.4722,0.0,80.0,3,60.0,4,3,1,89,0,1,0,1798,1526,20.0,0.011,0.0
wide,0.02,- T2 (gui lai mu),ca_mau,mild,80.0,7,24,2024,34.4907,0.0,80.0,2,40.0,4,2,2,88,0,2,0,1757,1513,20.0,0.022,0.0
wide,0.02,- T2 (gui lai mu),ca_mau,mild,80.0,8,24,2024,30.9259,0.0,80.0,0,0.0,4,0,4,86,0,4,0,1860,1680,20.0,0.044,0.0
wide,0.02,- T2 (gui lai mu),ca_mau,mild,80.0,9,24,2024,33.0556,0.0,80.0,1,20.0,5,2,3,87,0,3,0,1803,1617,20.0,0.033,0.4303
wide,0.02,- T2 (gui lai mu),ca_mau,severe,80.0,0,24,2024,31.2037,0.0,80.0,0,0.0,6,2,4,86,0,4,0,1860,1672,20.0,0.044,0.0
wide,0.02,- T2 (gui lai mu),ca_mau,severe,80.0,1,24,2024,32.3148,0.0,80.0,1,20.0,7,4,3,87,0,3,0,1822,1601,20.0,0.033,0.0
wide,0.02,- T2 (gui lai mu),ca_mau,severe,80.0,2,24,2024,35.4167,0.0,80.0,2,40.0,16,14,2,88,0,2,0,1765,1528,20.0,0.022,1.3608
wide,0.02,- T2 (gui lai mu),ca_mau,severe,80.0,3,24,2024,34.5833,0.0,80.0,2,40.0,11,9,2,88,0,2,0,1771,1537,20.0,0.022,1.0541
wide,0.02,- T2 (gui lai mu),ca_mau,severe,80.0,4,24,2024,33.1019,0.0,80.0,1,20.0,34,31,3,87,0,3,0,1802,1625,20.0,0.033,2.8566
wide,0.02,- T2 (gui lai mu),ca_mau,severe,80.0,5,24,2024,33.0556,0.0,80.0,1,20.0,9,6,3,87,0,3,0,1808,1616,20.0,0.033,1.054
wide,0.02,- T2 (gui lai mu),ca_mau,severe,80.0,6,24,2024,43.1944,0.0,80.0,3,60.0,13,12,1,89,0,1,0,1795,1528,20.0,0.011,1.1399
wide,0.02,- T2 (gui lai mu),ca_mau,severe,80.0,7,24,2024,34.4907,0.0,80.0,2,40.0,17,15,2,88,0,2,0,1764,1526,20.0,0.022,1.6337
wide,0.02,- T2 (gui lai mu),ca_mau,severe,80.0,8,24,2024,30.9259,0.0,80.0,0,0.0,10,6,4,86,0,4,0,1866,1680,20.0,0.044,0.7454
wide,0.02,- T2 (gui lai mu),ca_mau,severe,80.0,9,24,2024,33.0556,0.0,80.0,1,20.0,4,1,3,87,0,3,0,1803,1616,20.0,0.033,0.4303
wide,0.02,- tai neo cam bien,can_tho,mild,80.0,0,24,2024,36.1574,0.0,80.0,0,0.0,6,1,5,85,0,3,1,538,1574,20.0,0.056,7.9968
wide,0.02,- tai neo cam bien,can_tho,mild,80.0,1,24,2024,35.5556,0.0,80.0,1,20.0,6,2,4,86,0,2,0,1738,1502,20.0,0.044,7.7671
wide,0.02,- tai neo cam bien,can_tho,mild,80.0,2,24,2024,37.6389,0.0,80.0,2,40.0,4,1,3,87,0,3,0,1821,1521,20.0,0.033,0.0
wide,0.02,- tai neo cam bien,can_tho,mild,80.0,3,24,2024,37.6389,0.0,80.0,2,40.0,4,1,3,87,0,3,0,1821,1521,20.0,0.033,0.0
wide,0.02,- tai neo cam bien,can_tho,mild,80.0,4,24,2024,37.6389,0.0,80.0,1,20.0,4,1,3,87,0,3,0,1818,1503,20.0,0.033,0.0
wide,0.02,- tai neo cam bien,can_tho,mild,80.0,5,24,2024,33.75,0.0,80.0,1,20.0,7,2,5,85,0,2,0,1713,1581,20.0,0.056,9.2655
wide,0.02,- tai neo cam bien,can_tho,mild,80.0,6,24,2024,39.1667,0.0,80.0,3,60.0,4,2,2,88,0,2,0,1765,1440,20.0,0.022,0.0
wide,0.02,- tai neo cam bien,can_tho,mild,80.0,7,24,2024,37.4537,0.0,80.0,2,40.0,7,3,4,86,0,2,0,1549,1549,20.0,0.044,9.5068
wide,0.02,- tai neo cam bien,can_tho,mild,80.0,8,24,2024,35.7407,0.0,80.0,0,0.0,4,0,4,86,0,3,1,1847,1566,20.0,0.044,0.0
wide,0.02,- tai neo cam bien,can_tho,mild,80.0,9,24,2024,35.4167,0.0,80.0,1,20.0,6,2,4,86,0,2,0,1758,1524,20.0,0.044,7.7965
wide,0.02,- tai neo cam bien,can_tho,severe,80.0,0,24,2024,35.7407,0.0,80.0,0,0.0,6,2,4,86,0,3,1,1849,1566,20.0,0.044,0.0
wide,0.02,- tai neo cam bien,can_tho,severe,80.0,1,24,2024,37.3148,0.0,80.0,1,20.0,12,7,5,85,0,3,0,1851,1547,20.0,0.056,5.6661
wide,0.02,- tai neo cam bien,can_tho,severe,80.0,2,24,2024,35.7407,0.0,80.0,1,20.0,12,8,4,86,0,3,1,1851,1568,20.0,0.044,0.8605
wide,0.02,- tai neo cam bien,can_tho,severe,80.0,3,24,2024,35.3704,0.0,80.0,0,0.0,33,24,9,81,0,2,0,1744,1556,20.0,0.1,10.0311
wide,0.02,- tai neo cam bien,can_tho,severe,80.0,4,24,2024,40.2315,0.0,80.0,1,20.0,9,6,3,87,0,1,2,1756,1448,20.0,0.033,4.438
wide,0.02,- tai neo cam bien,can_tho,severe,80.0,5,24,2024,39.1204,0.0,80.0,1,20.0,5,2,3,87,0,2,1,1772,1475,20.0,0.033,4.4331
wide,0.02,- tai neo cam bien,can_tho,severe,80.0,6,24,2024,45.7407,0.0,80.0,3,60.0,4,3,1,89,0,1,0,1820,1451,20.0,0.011,8.6974
wide,0.02,- tai neo cam bien,can_tho,severe,80.0,7,24,2024,36.2963,0.0,80.0,1,20.0,18,12,6,84,0,3,1,563,1575,20.0,0.067,6.0171
wide,0.02,- tai neo cam bien,can_tho,severe,80.0,8,24,2024,33.6574,0.0,80.0,0,0.0,8,3,5,85,0,3,0,1782,1584,20.0,0.056,4.7595
wide,0.02,- tai neo cam bien,can_tho,severe,80.0,9,24,2024,37.3148,0.0,80.0,1,20.0,11,7,4,86,0,2,1,1812,1532,20.0,0.044,3.7365
wide,0.02,- tai neo cam bien,soc_trang,mild,80.0,0,24,2024,34.5833,0.0,80.0,0,0.0,4,0,4,86,0,4,0,1845,1675,20.0,0.044,0.0
wide,0.02,- tai neo cam bien,soc_trang,mild,80.0,1,24,2024,35.4167,0.0,80.0,1,20.0,6,2,4,86,0,2,0,1738,1602,20.0,0.044,8.0593
wide,0.02,- tai neo cam bien,soc_trang,mild,80.0,2,24,2024,36.9444,0.0,80.0,2,40.0,4,1,3,87,0,3,0,1803,1589,20.0,0.033,0.0
wide,0.02,- tai neo cam bien,soc_trang,mild,80.0,3,24,2024,36.9444,0.0,80.0,2,40.0,4,1,3,87,0,3,0,1803,1589,20.0,0.033,0.0
wide,0.02,- tai neo cam bien,soc_trang,mild,80.0,4,24,2024,36.9444,0.0,80.0,1,20.0,4,1,3,87,0,3,0,1800,1580,20.0,0.033,0.0
wide,0.02,- tai neo cam bien,soc_trang,mild,80.0,5,24,2024,33.5185,0.0,80.0,1,20.0,7,2,5,85,0,3,0,1823,1683,20.0,0.056,9.7531
wide,0.02,- tai neo cam bien,soc_trang,mild,80.0,6,24,2024,39.0741,0.0,80.0,3,60.0,4,2,2,88,0,2,0,1762,1517,20.0,0.022,0.0
wide,0.02,- tai neo cam bien,soc_trang,mild,80.0,7,24,2024,35.787,0.0,80.0,2,40.0,7,3,4,86,0,3,0,1875,1647,20.0,0.044,10.048
wide,0.02,- tai neo cam bien,soc_trang,mild,80.0,8,24,2024,35.2315,0.0,80.0,0,0.0,6,1,5,85,0,4,0,584,1675,20.0,0.056,8.2081
wide,0.02,- tai neo cam bien,soc_trang,mild,80.0,9,24,2024,36.2037,0.0,80.0,1,20.0,6,2,4,86,0,2,0,1731,1615,20.0,0.044,8.1089
wide,0.02,- tai neo cam bien,soc_trang,severe,80.0,0,24,2024,34.7222,0.0,80.0,0,0.0,10,5,5,85,0,3,0,1778,1675,20.0,0.056,3.5829
wide,0.02,- tai neo cam bien,soc_trang,severe,80.0,1,24,2024,36.8056,0.0,80.0,1,20.0,5,2,3,87,0,3,0,1802,1591,20.0,0.033,4.4936
wide,0.02,- tai neo cam bien,soc_trang,severe,80.0,2,24,2024,36.8056,0.0,80.0,1,20.0,11,8,3,87,0,3,0,1804,1592,20.0,0.033,4.5528
wide,0.02,- tai neo cam bien,soc_trang,severe,80.0,3,24,2024,37.037,0.0,80.0,2,40.0,12,8,4,86,0,1,1,1694,1588,20.0,0.044,5.0496
wide,0.02,- tai neo cam bien,soc_trang,severe,80.0,4,24,2024,39.9537,0.0,80.0,1,20.0,8,5,3,87,0,1,2,1736,1548,20.0,0.033,4.6507
wide,0.02,- tai neo cam bien,soc_trang,severe,80.0,5,24,2024,38.9352,0.0,80.0,1,20.0,7,4,3,87,0,2,1,1759,1565,20.0,0.033,4.5518
wide,0.02,- tai neo cam bien,soc_trang,severe,80.0,6,24,2024,44.9074,0.0,80.0,3,60.0,4,3,1,89,0,1,0,1802,1532,20.0,0.011,8.9868
wide,0.02,- tai neo cam bien,soc_trang,severe,80.0,7,24,2024,37.5463,0.0,80.0,1,20.0,24,17,7,83,0,3,0,523,1675,20.0,0.078,7.3108
wide,0.02,- tai neo cam bien,soc_trang,severe,80.0,8,24,2024,34.2593,0.0,80.0,0,0.0,14,8,6,84,0,3,0,1783,1683,20.0,0.067,6.7022
wide,0.02,- tai neo cam bien,soc_trang,severe,80.0,9,24,2024,36.4352,0.0,80.0,1,20.0,10,6,4,86,0,2,1,1805,1627,20.0,0.044,4.0424
wide,0.02,- tai neo cam bien,ca_mau,mild,80.0,0,24,2024,32.1759,0.0,80.0,0,0.0,5,1,4,86,0,4,0,1841,1670,20.0,0.044,4.6308
wide,0.02,- tai neo cam bien,ca_mau,mild,80.0,1,24,2024,30.2315,0.0,80.0,1,20.0,7,3,4,86,0,2,0,1738,1622,20.0,0.044,9.7251
wide,0.02,- tai neo cam bien,ca_mau,mild,80.0,2,24,2024,33.3796,0.0,80.0,2,40.0,4,1,3,87,0,3,0,1801,1596,20.0,0.033,0.0
wide,0.02,- tai neo cam bien,ca_mau,mild,80.0,3,24,2024,33.3796,0.0,80.0,2,40.0,4,1,3,87,0,3,0,1801,1596,20.0,0.033,0.0
wide,0.02,- tai neo cam bien,ca_mau,mild,80.0,4,24,2024,33.4259,0.0,80.0,1,20.0,4,1,3,87,0,3,0,1783,1593,20.0,0.033,0.0
wide,0.02,- tai neo cam bien,ca_mau,mild,80.0,5,24,2024,31.0185,0.0,80.0,1,20.0,6,2,4,86,0,2,0,1710,1617,20.0,0.044,8.2402
wide,0.02,- tai neo cam bien,ca_mau,mild,80.0,6,24,2024,35.3704,0.0,80.0,3,60.0,4,2,2,88,0,2,0,1723,1509,20.0,0.022,0.0
wide,0.02,- tai neo cam bien,ca_mau,mild,80.0,7,24,2024,28.6111,0.0,80.0,1,20.0,7,3,4,86,0,4,0,1080,1671,20.0,0.044,9.2413
wide,0.02,- tai neo cam bien,ca_mau,mild,80.0,8,24,2024,32.1759,0.0,80.0,0,0.0,4,0,4,86,0,4,0,1840,1670,20.0,0.044,0.0
wide,0.02,- tai neo cam bien,ca_mau,mild,80.0,9,24,2024,29.9074,0.0,80.0,0,0.0,10,4,6,84,0,1,0,1200,1667,20.0,0.067,14.5776
wide,0.02,- tai neo cam bien,ca_mau,severe,80.0,0,24,2024,31.9444,0.0,80.0,0,0.0,16,10,6,84,0,3,0,1782,1673,20.0,0.067,5.8813
wide,0.02,- tai neo cam bien,ca_mau,severe,80.0,1,24,2024,32.9167,0.0,80.0,1,20.0,13,9,4,86,0,2,0,1670,1590,20.0,0.044,5.1523
wide,0.02,- tai neo cam bien,ca_mau,severe,80.0,2,24,2024,32.7778,0.0,80.0,1,20.0,15,11,4,86,0,2,0,1669,1592,20.0,0.044,5.1621
wide,0.02,- tai neo cam bien,ca_mau,severe,80.0,3,24,2024,31.8056,0.0,80.0,2,40.0,11,7,4,86,0,2,0,1707,1594,20.0,0.044,5.635
wide,0.02,- tai neo cam bien,ca_mau,severe,80.0,4,24,2024,32.2222,0.0,80.0,1,20.0,10,6,4,86,0,3,0,1805,1593,20.0,0.044,4.5899
wide,0.02,- tai neo cam bien,ca_mau,severe,80.0,5,24,2024,32.1759,0.0,80.0,0,0.0,10,6,4,86,0,4,0,1843,1670,20.0,0.044,0.7454
wide,0.02,- tai neo cam bien,ca_mau,severe,80.0,6,24,2024,44.4907,0.0,80.0,3,60.0,4,3,1,89,0,1,0,1798,1524,20.0,0.011,8.965
wide,0.02,- tai neo cam bien,ca_mau,severe,80.0,7,24,2024,33.5185,0.0,80.0,2,40.0,8,5,3,87,0,3,0,1782,1587,20.0,0.033,4.6398
wide,0.02,- tai neo cam bien,ca_mau,severe,80.0,8,24,2024,30.7407,0.0,80.0,0,0.0,17,11,6,84,0,3,0,1751,1671,20.0,0.067,6.6715
wide,0.02,- tai neo cam bien,ca_mau,severe,80.0,9,24,2024,34.5833,0.0,80.0,1,20.0,4,1,3,87,0,2,1,1752,1553,20.0,0.033,4.5031
wide,0.02,- epoch cap (quyet dinh moi gio),can_tho,mild,80.0,0,1,2024,36.8981,0.0,80.0,0,0.0,4,0,4,2156,0,2,2,1857,1561,20.0,0.044,0.0
wide,0.02,- epoch cap (quyet dinh moi gio),can_tho,mild,80.0,1,1,2024,36.8981,0.0,80.0,1,20.0,5,1,4,2155,0,2,2,1864,1569,20.0,0.044,0.4303
wide,0.02,- epoch cap (quyet dinh moi gio),can_tho,mild,80.0,2,1,2024,38.9815,0.0,80.0,2,40.0,5,2,3,2155,0,1,2,1818,1501,20.0,0.033,0.4303
wide,0.02,- epoch cap (quyet dinh moi gio),can_tho,mild,80.0,3,1,2024,38.9815,0.0,80.0,2,40.0,5,2,3,2155,0,1,2,1818,1501,20.0,0.033,0.4303
wide,0.02,- epoch cap (quyet dinh moi gio),can_tho,mild,80.0,4,1,2024,38.9815,0.0,80.0,1,20.0,4,1,3,2156,0,1,2,1819,1500,20.0,0.033,0.0
wide,0.02,- epoch cap (quyet dinh moi gio),can_tho,mild,80.0,5,1,2024,38.9815,0.0,80.0,1,20.0,4,1,3,2156,0,1,2,1820,1500,20.0,0.033,0.0
wide,0.02,- epoch cap (quyet dinh moi gio),can_tho,mild,80.0,6,1,2024,40.2315,0.0,80.0,3,60.0,4,2,2,2156,0,1,1,1775,1435,20.0,0.022,0.0
wide,0.02,- epoch cap (quyet dinh moi gio),can_tho,mild,80.0,7,1,2024,38.9815,0.0,80.0,2,40.0,5,2,3,2155,0,1,2,1817,1500,20.0,0.033,0.4303
wide,0.02,- epoch cap (quyet dinh moi gio),can_tho,mild,80.0,8,1,2024,36.8981,0.0,80.0,0,0.0,5,1,4,2155,0,2,2,1865,1571,20.0,0.044,0.4303
wide,0.02,- epoch cap (quyet dinh moi gio),can_tho,mild,80.0,9,1,2024,38.9815,0.0,80.0,1,20.0,4,1,3,2156,0,1,2,1820,1500,20.0,0.033,0.0
wide,0.02,- epoch cap (quyet dinh moi gio),can_tho,severe,80.0,0,1,2024,36.8056,0.0,80.0,0,0.0,20,13,7,2140,0,2,2,1873,1577,20.0,0.078,0.7454
wide,0.02,- epoch cap (quyet dinh moi gio),can_tho,severe,80.0,1,1,2024,36.8981,0.0,80.0,1,20.0,7,3,4,2153,0,2,2,1864,1569,20.0,0.044,0.6086
wide,0.02,- epoch cap (quyet dinh moi gio),can_tho,severe,80.0,2,1,2024,41.25,0.0,80.0,2,40.0,6,4,2,2154,0,1,1,1801,1455,20.0,0.022,0.9623
wide,0.02,- epoch cap (quyet dinh moi gio),can_tho,severe,80.0,3,1,2024,38.9352,0.0,80.0,2,40.0,8,5,3,2152,0,2,1,1819,1503,20.0,0.033,0.6885
wide,0.02,- epoch cap (quyet dinh moi gio),can_tho,severe,80.0,4,1,2024,36.8519,0.0,80.0,1,20.0,18,12,6,2142,0,3,1,1862,1576,20.0,0.067,0.9578
wide,0.02,- epoch cap (quyet dinh moi gio),can_tho,severe,80.0,5,1,2024,38.8426,0.0,80.0,1,20.0,10,6,4,2150,0,2,1,1807,1503,20.0,0.044,0.7454
wide,0.02,- epoch cap (quyet dinh moi gio),can_tho,severe,80.0,6,1,2024,41.25,0.0,80.0,3,60.0,5,3,2,2155,0,0,2,1783,1438,20.0,0.022,0.7454
wide,0.02,- epoch cap (quyet dinh moi gio),can_tho,severe,80.0,7,1,2024,40.1852,0.0,80.0,2,40.0,8,6,2,2152,0,1,1,1778,1436,20.0,0.022,0.6086
wide,0.02,- epoch cap (quyet dinh moi gio),can_tho,severe,80.0,8,1,2024,36.8981,0.0,80.0,0,0.0,8,4,4,2152,0,2,2,1868,1573,20.0,0.044,0.4303
wide,0.02,- epoch cap (quyet dinh moi gio),can_tho,severe,80.0,9,1,2024,37.9167,0.0,80.0,1,20.0,27,19,8,2133,0,3,0,1822,1508,20.0,0.089,1.0541
wide,0.02,- epoch cap (quyet dinh moi gio),soc_trang,mild,80.0,0,1,2024,35.8796,0.0,80.0,0,0.0,7,2,5,2153,0,2,2,1869,1673,20.0,0.056,0.7454
wide,0.02,- epoch cap (quyet dinh moi gio),soc_trang,mild,80.0,1,1,2024,38.1019,0.0,80.0,1,20.0,4,1,3,2156,0,1,2,1802,1584,20.0,0.033,0.0
wide,0.02,- epoch cap (quyet dinh moi gio),soc_trang,mild,80.0,2,1,2024,37.963,0.0,80.0,1,20.0,6,2,4,2154,0,2,1,1808,1601,20.0,0.044,0.7427
wide,0.02,- epoch cap (quyet dinh moi gio),soc_trang,mild,80.0,3,1,2024,38.1019,0.0,80.0,2,40.0,5,2,3,2155,0,1,2,1802,1584,20.0,0.033,0.4303
wide,0.02,- epoch cap (quyet dinh moi gio),soc_trang,mild,80.0,4,1,2024,38.0556,0.0,80.0,1,20.0,4,1,3,2156,0,1,2,1799,1597,20.0,0.033,0.0
wide,0.02,- epoch cap (quyet dinh moi gio),soc_trang,mild,80.0,5,1,2024,38.0093,0.0,80.0,1,20.0,4,1,3,2156,0,2,1,1818,1599,20.0,0.033,0.0
wide,0.02,- epoch cap (quyet dinh moi gio),soc_trang,mild,80.0,6,1,2024,40.0463,0.0,80.0,3,60.0,4,2,2,2156,0,0,2,1754,1529,20.0,0.022,0.0
wide,0.02,- epoch cap (quyet dinh moi gio),soc_trang,mild,80.0,7,1,2024,38.1019,0.0,80.0,2,40.0,5,2,3,2155,0,1,2,1802,1584,20.0,0.033,0.4303
wide,0.02,- epoch cap (quyet dinh moi gio),soc_trang,mild,80.0,8,1,2024,35.7407,0.0,80.0,0,0.0,10,4,6,2150,0,3,1,1864,1674,20.0,0.067,1.0541
wide,0.02,- epoch cap (quyet dinh moi gio),soc_trang,mild,80.0,9,1,2024,35.7407,0.0,80.0,0,0.0,13,5,8,2147,0,3,1,1869,1675,20.0,0.089,1.291
wide,0.02,- epoch cap (quyet dinh moi gio),soc_trang,severe,80.0,0,1,2024,35.8333,0.0,80.0,0,0.0,7,3,4,2153,0,3,1,1854,1673,20.0,0.044,0.0
wide,0.02,- epoch cap (quyet dinh moi gio),soc_trang,severe,80.0,1,1,2024,37.9167,0.0,80.0,1,20.0,22,15,7,2138,0,2,1,1802,1600,20.0,0.078,0.9623
wide,0.02,- epoch cap (quyet dinh moi gio),soc_trang,severe,80.0,2,1,2024,40.9722,0.0,80.0,2,40.0,5,3,2,2155,0,1,1,1785,1554,20.0,0.022,0.6086
wide,0.02,- epoch cap (quyet dinh moi gio),soc_trang,severe,80.0,3,1,2024,35.6944,0.0,80.0,1,20.0,16,11,5,2144,0,4,0,1857,1677,20.0,0.056,0.9618
wide,0.02,- epoch cap (quyet dinh moi gio),soc_trang,severe,80.0,4,1,2024,35.6944,0.0,80.0,0,0.0,17,11,6,2143,0,3,1,1831,1665,20.0,0.067,0.958
wide,0.02,- epoch cap (quyet dinh moi gio),soc_trang,severe,80.0,5,1,2024,35.6481,0.0,80.0,1,20.0,15,9,6,2145,0,3,1,1847,1669,20.0,0.067,0.6086
wide,0.02,- epoch cap (quyet dinh moi gio),soc_trang,severe,80.0,6,1,2024,40.1852,0.0,80.0,2,40.0,12,9,3,2148,0,1,1,1780,1535,20.0,0.033,0.8607
wide,0.02,- epoch cap (quyet dinh moi gio),soc_trang,severe,80.0,7,1,2024,40.0,0.0,80.0,2,40.0,6,4,2,2154,0,1,1,1743,1515,20.0,0.022,0.7401
wide,0.02,- epoch cap (quyet dinh moi gio),soc_trang,severe,80.0,8,1,2024,35.787,0.0,80.0,0,0.0,12,7,5,2148,0,4,0,1860,1669,20.0,0.056,0.6086
wide,0.02,- epoch cap (quyet dinh moi gio),soc_trang,severe,80.0,9,1,2024,36.6667,0.0,80.0,1,20.0,39,28,11,2121,0,3,0,1819,1610,20.0,0.122,1.3606
wide,0.02,- epoch cap (quyet dinh moi gio),ca_mau,mild,80.0,0,1,2024,33.287,0.0,80.0,0,0.0,4,0,4,2156,0,4,0,1851,1661,20.0,0.044,0.0
wide,0.02,- epoch cap (quyet dinh moi gio),ca_mau,mild,80.0,1,1,2024,34.4444,0.0,80.0,1,20.0,5,2,3,2155,0,3,0,1794,1589,20.0,0.033,0.4303
wide,0.02,- epoch cap (quyet dinh moi gio),ca_mau,mild,80.0,2,1,2024,34.3981,0.0,80.0,2,40.0,4,1,3,2156,0,3,0,1810,1590,20.0,0.033,0.0
wide,0.02,- epoch cap (quyet dinh moi gio),ca_mau,mild,80.0,3,1,2024,34.3519,0.0,80.0,1,20.0,5,2,3,2155,0,3,0,1815,1595,20.0,0.033,0.4303
wide,0.02,- epoch cap (quyet dinh moi gio),ca_mau,mild,80.0,4,1,2024,34.3981,0.0,80.0,1,20.0,4,1,3,2156,0,2,1,1795,1590,20.0,0.033,0.0
wide,0.02,- epoch cap (quyet dinh moi gio),ca_mau,mild,80.0,5,1,2024,33.2407,0.0,80.0,1,20.0,5,1,4,2155,0,4,0,1841,1667,20.0,0.044,0.6054
wide,0.02,- epoch cap (quyet dinh moi gio),ca_mau,mild,80.0,6,1,2024,35.5093,0.0,80.0,3,60.0,6,3,3,2154,0,1,1,1732,1516,20.0,0.033,0.6086
wide,0.02,- epoch cap (quyet dinh moi gio),ca_mau,mild,80.0,7,1,2024,35.5093,0.0,80.0,2,40.0,4,2,2,2156,0,1,1,1730,1514,20.0,0.022,0.0
wide,0.02,- epoch cap (quyet dinh moi gio),ca_mau,mild,80.0,8,1,2024,33.287,0.0,80.0,0,0.0,5,1,4,2155,0,4,0,1853,1665,20.0,0.044,0.4303
wide,0.02,- epoch cap (quyet dinh moi gio),ca_mau,mild,80.0,9,1,2024,34.3981,0.0,80.0,1,20.0,4,1,3,2156,0,3,0,1813,1593,20.0,0.033,0.0
wide,0.02,- epoch cap (quyet dinh moi gio),ca_mau,severe,80.0,0,1,2024,32.2685,0.0,80.0,0,0.0,23,15,8,2137,0,4,0,1849,1672,20.0,0.089,0.8607
wide,0.02,- epoch cap (quyet dinh moi gio),ca_mau,severe,80.0,1,1,2024,34.4444,0.0,80.0,1,20.0,5,2,3,2155,0,3,0,1794,1589,20.0,0.033,0.4303
wide,0.02,- epoch cap (quyet dinh moi gio),ca_mau,severe,80.0,2,1,2024,34.3519,0.0,80.0,1,20.0,14,10,4,2146,0,3,0,1797,1577,20.0,0.044,0.9582
wide,0.02,- epoch cap (quyet dinh moi gio),ca_mau,severe,80.0,3,1,2024,35.5556,0.0,80.0,2,40.0,15,11,4,2145,0,2,0,1762,1534,20.0,0.044,0.8607
wide,0.02,- epoch cap (quyet dinh moi gio),ca_mau,severe,80.0,4,1,2024,34.3519,0.0,80.0,1,20.0,9,6,3,2151,0,3,0,1799,1594,20.0,0.033,0.608
wide,0.02,- epoch cap (quyet dinh moi gio),ca_mau,severe,80.0,5,1,2024,33.2407,0.0,80.0,1,20.0,7,3,4,2153,0,4,0,1843,1668,20.0,0.044,0.0
wide,0.02,- epoch cap (quyet dinh moi gio),ca_mau,severe,80.0,6,1,2024,44.4907,0.0,80.0,3,60.0,4,3,1,2156,0,1,0,1802,1528,20.0,0.011,0.6859
wide,0.02,- epoch cap (quyet dinh moi gio),ca_mau,severe,80.0,7,1,2024,32.2685,0.0,80.0,2,40.0,26,18,8,2134,0,4,0,1836,1659,20.0,0.089,1.2172
wide,0.02,- epoch cap (quyet dinh moi gio),ca_mau,severe,80.0,8,1,2024,32.3148,0.0,80.0,0,0.0,17,11,6,2143,0,4,0,1846,1670,20.0,0.067,0.7437
wide,0.02,- epoch cap (quyet dinh moi gio),ca_mau,severe,80.0,9,1,2024,34.3519,0.0,80.0,1,20.0,9,6,3,2151,0,3,0,1816,1597,20.0,0.033,0.4303
wide,0.02,- cong chance-constrained,can_tho,mild,80.0,0,24,2024,47.5926,0.0,80.0,0,0.0,2,0,2,0,0,0,0,1761,1393,40.0,0.022,0.0
wide,0.02,- cong chance-constrained,can_tho,mild,80.0,1,24,2024,47.5926,0.0,80.0,0,0.0,2,0,2,0,0,0,0,1761,1393,40.0,0.022,0.0
wide,0.02,- cong chance-constrained,can_tho,mild,80.0,2,24,2024,47.5926,0.0,80.0,0,0.0,2,0,2,0,0,0,0,1761,1393,40.0,0.022,0.0
wide,0.02,- cong chance-constrained,can_tho,mild,80.0,3,24,2024,47.5926,0.0,80.0,0,0.0,2,0,2,0,0,0,0,1761,1393,40.0,0.022,0.0
wide,0.02,- cong chance-constrained,can_tho,mild,80.0,4,24,2024,47.5926,0.0,80.0,1,20.0,2,0,2,0,0,0,0,1761,1393,40.0,0.022,0.0
wide,0.02,- cong chance-constrained,can_tho,mild,80.0,5,24,2024,47.5926,0.0,80.0,0,0.0,2,0,2,0,0,0,0,1761,1393,40.0,0.022,0.0
wide,0.02,- cong chance-constrained,can_tho,mild,80.0,6,24,2024,47.5926,0.0,80.0,1,20.0,3,1,2,0,0,0,0,1761,1394,40.0,0.022,0.8302
wide,0.02,- cong chance-constrained,can_tho,mild,80.0,7,24,2024,47.5926,0.0,80.0,1,20.0,2,0,2,0,0,0,0,1761,1393,40.0,0.022,0.0
wide,0.02,- cong chance-constrained,can_tho,mild,80.0,8,24,2024,47.5926,0.0,80.0,0,0.0,3,1,2,0,0,0,0,1761,1394,40.0,0.022,0.4303
wide,0.02,- cong chance-constrained,can_tho,mild,80.0,9,24,2024,47.5926,0.0,80.0,0,0.0,2,0,2,0,0,0,0,1761,1393,40.0,0.022,0.0
wide,0.02,- cong chance-constrained,can_tho,severe,80.0,0,24,2024,46.8981,0.0,80.0,0,0.0,6,3,3,0,0,0,1,1771,1416,40.0,0.033,0.6086
wide,0.02,- cong chance-constrained,can_tho,severe,80.0,1,24,2024,45.787,0.0,80.0,0,0.0,8,5,3,0,0,0,1,1748,1394,40.0,0.033,0.8309
wide,0.02,- cong chance-constrained,can_tho,severe,80.0,2,24,2024,47.5926,0.0,80.0,0,0.0,3,1,2,0,0,0,0,1761,1394,40.0,0.022,0.4303
wide,0.02,- cong chance-constrained,can_tho,severe,80.0,3,24,2024,40.2315,0.0,80.0,0,0.0,26,18,8,0,0,1,1,1741,1413,40.0,0.089,2.9036
wide,0.02,- cong chance-constrained,can_tho,severe,80.0,4,24,2024,46.7593,0.0,80.0,0,0.0,14,10,4,0,0,0,1,1779,1436,40.0,0.044,1.5621
wide,0.02,- cong chance-constrained,can_tho,severe,80.0,5,24,2024,47.5926,0.0,80.0,0,0.0,5,3,2,0,0,0,0,1761,1396,40.0,0.022,0.0
wide,0.02,- cong chance-constrained,can_tho,severe,80.0,6,24,2024,47.5926,0.0,80.0,0,0.0,6,4,2,0,0,0,0,1761,1397,40.0,0.022,1.1744
wide,0.02,- cong chance-constrained,can_tho,severe,80.0,7,24,2024,46.8981,0.0,80.0,0,0.0,9,6,3,0,0,0,1,1774,1419,40.0,0.033,0.9351
wide,0.02,- cong chance-constrained,can_tho,severe,80.0,8,24,2024,47.5926,0.0,80.0,0,0.0,3,1,2,0,0,0,0,1761,1394,40.0,0.022,0.0
wide,0.02,- cong chance-constrained,can_tho,severe,80.0,9,24,2024,47.5926,0.0,80.0,0,0.0,4,2,2,0,0,0,0,1761,1395,40.0,0.022,0.4303
wide,0.02,- cong chance-constrained,soc_trang,mild,80.0,0,24,2024,46.8056,0.0,80.0,0,0.0,2,0,2,0,0,0,0,1739,1491,40.0,0.022,0.0
wide,0.02,- cong chance-constrained,soc_trang,mild,80.0,1,24,2024,46.5741,0.0,80.0,0,0.0,4,1,3,0,0,0,1,1753,1513,40.0,0.033,0.6086
wide,0.02,- cong chance-constrained,soc_trang,mild,80.0,2,24,2024,46.8056,0.0,80.0,0,0.0,2,0,2,0,0,0,0,1739,1491,40.0,0.022,0.0
wide,0.02,- cong chance-constrained,soc_trang,mild,80.0,3,24,2024,46.8056,0.0,80.0,0,0.0,2,0,2,0,0,0,0,1739,1491,40.0,0.022,0.0
wide,0.02,- cong chance-constrained,soc_trang,mild,80.0,4,24,2024,46.8056,0.0,80.0,1,20.0,2,0,2,0,0,0,0,1739,1491,40.0,0.022,0.0
wide,0.02,- cong chance-constrained,soc_trang,mild,80.0,5,24,2024,46.8056,0.0,80.0,0,0.0,2,0,2,0,0,0,0,1739,1491,40.0,0.022,0.0
wide,0.02,- cong chance-constrained,soc_trang,mild,80.0,6,24,2024,46.8056,0.0,80.0,0,0.0,4,2,2,0,0,0,0,1739,1493,40.0,0.022,0.9596
wide,0.02,- cong chance-constrained,soc_trang,mild,80.0,7,24,2024,46.8056,0.0,80.0,1,20.0,2,0,2,0,0,0,0,1739,1491,40.0,0.022,0.0
wide,0.02,- cong chance-constrained,soc_trang,mild,80.0,8,24,2024,46.8056,0.0,80.0,0,0.0,2,0,2,0,0,0,0,1739,1491,40.0,0.022,0.0
wide,0.02,- cong chance-constrained,soc_trang,mild,80.0,9,24,2024,46.8056,0.0,80.0,0,0.0,2,0,2,0,0,0,0,1739,1491,40.0,0.022,0.0
wide,0.02,- cong chance-constrained,soc_trang,severe,80.0,0,24,2024,46.8056,0.0,80.0,0,0.0,2,0,2,0,0,0,0,1739,1491,40.0,0.022,0.0
wide,0.02,- cong chance-constrained,soc_trang,severe,80.0,1,24,2024,44.6759,0.0,80.0,0,0.0,7,4,3,0,0,0,1,1728,1490,40.0,0.033,0.8583
wide,0.02,- cong chance-constrained,soc_trang,severe,80.0,2,24,2024,46.8056,0.0,80.0,0,0.0,3,1,2,0,0,0,0,1739,1492,40.0,0.022,0.4303
wide,0.02,- cong chance-constrained,soc_trang,severe,80.0,3,24,2024,39.4444,0.0,80.0,0,0.0,26,18,8,0,0,1,0,1727,1487,40.0,0.089,2.9162
wide,0.02,- cong chance-constrained,soc_trang,severe,80.0,4,24,2024,46.5741,0.0,80.0,0,0.0,10,7,3,0,0,0,1,1755,1517,40.0,0.033,1.5473
wide,0.02,- cong chance-constrained,soc_trang,severe,80.0,5,24,2024,46.8056,0.0,80.0,0,0.0,4,2,2,0,0,0,0,1739,1493,40.0,0.022,0.4303
wide,0.02,- cong chance-constrained,soc_trang,severe,80.0,6,24,2024,46.8056,0.0,80.0,0,0.0,5,3,2,0,0,0,0,1739,1494,40.0,0.022,1.2873
wide,0.02,- cong chance-constrained,soc_trang,severe,80.0,7,24,2024,46.8056,0.0,80.0,0,0.0,5,3,2,0,0,0,0,1739,1494,40.0,0.022,0.8577
wide,0.02,- cong chance-constrained,soc_trang,severe,80.0,8,24,2024,46.8056,0.0,80.0,0,0.0,3,1,2,0,0,0,0,1739,1492,40.0,0.022,0.0
wide,0.02,- cong chance-constrained,soc_trang,severe,80.0,9,24,2024,46.8056,0.0,80.0,0,0.0,7,5,2,0,0,0,0,1739,1496,40.0,0.022,0.0
wide,0.02,- cong chance-constrained,ca_mau,mild,80.0,0,24,2024,45.4167,0.0,80.0,0,0.0,2,0,2,0,0,0,0,1736,1483,40.0,0.022,0.0
wide,0.02,- cong chance-constrained,ca_mau,mild,80.0,1,24,2024,44.8611,0.0,80.0,0,0.0,4,1,3,0,0,0,1,1732,1505,40.0,0.033,0.6086
wide,0.02,- cong chance-constrained,ca_mau,mild,80.0,2,24,2024,45.4167,0.0,80.0,0,0.0,2,0,2,0,0,0,0,1736,1483,40.0,0.022,0.0
wide,0.02,- cong chance-constrained,ca_mau,mild,80.0,3,24,2024,45.4167,0.0,80.0,0,0.0,2,0,2,0,0,0,0,1736,1483,40.0,0.022,0.0
wide,0.02,- cong chance-constrained,ca_mau,mild,80.0,4,24,2024,45.4167,0.0,80.0,1,20.0,2,0,2,0,0,0,0,1736,1483,40.0,0.022,0.0
wide,0.02,- cong chance-constrained,ca_mau,mild,80.0,5,24,2024,45.4167,0.0,80.0,0,0.0,2,0,2,0,0,0,0,1736,1483,40.0,0.022,0.0
wide,0.02,- cong chance-constrained,ca_mau,mild,80.0,6,24,2024,45.4167,0.0,80.0,0,0.0,4,2,2,0,0,0,0,1736,1485,40.0,0.022,0.9354
wide,0.02,- cong chance-constrained,ca_mau,mild,80.0,7,24,2024,45.4167,0.0,80.0,1,20.0,2,0,2,0,0,0,0,1736,1483,40.0,0.022,0.0
wide,0.02,- cong chance-constrained,ca_mau,mild,80.0,8,24,2024,45.4167,0.0,80.0,0,0.0,2,0,2,0,0,0,0,1736,1483,40.0,0.022,0.0
wide,0.02,- cong chance-constrained,ca_mau,mild,80.0,9,24,2024,45.4167,0.0,80.0,0,0.0,2,0,2,0,0,0,0,1736,1483,40.0,0.022,0.0
wide,0.02,- cong chance-constrained,ca_mau,severe,80.0,0,24,2024,45.4167,0.0,80.0,0,0.0,2,0,2,0,0,0,0,1736,1483,40.0,0.022,0.0
wide,0.02,- cong chance-constrained,ca_mau,severe,80.0,1,24,2024,44.3981,0.0,80.0,0,0.0,7,4,3,0,0,0,1,1723,1466,40.0,0.033,0.8309
wide,0.02,- cong chance-constrained,ca_mau,severe,80.0,2,24,2024,45.4167,0.0,80.0,0,0.0,3,1,2,0,0,0,0,1736,1484,40.0,0.022,0.4303
wide,0.02,- cong chance-constrained,ca_mau,severe,80.0,3,24,2024,35.5556,0.0,80.0,0,0.0,26,18,8,0,0,1,0,1715,1465,40.0,0.089,2.8637
wide,0.02,- cong chance-constrained,ca_mau,severe,80.0,4,24,2024,44.8148,0.0,80.0,0,0.0,10,7,3,0,0,0,1,1734,1509,40.0,0.033,1.502
wide,0.02,- cong chance-constrained,ca_mau,severe,80.0,5,24,2024,45.4167,0.0,80.0,0,0.0,4,2,2,0,0,0,0,1736,1485,40.0,0.022,0.4303
wide,0.02,- cong chance-constrained,ca_mau,severe,80.0,6,24,2024,45.4167,0.0,80.0,0,0.0,5,3,2,0,0,0,0,1736,1486,40.0,0.022,1.2512
wide,0.02,- cong chance-constrained,ca_mau,severe,80.0,7,24,2024,45.4167,0.0,80.0,0,0.0,5,3,2,0,0,0,0,1736,1486,40.0,0.022,0.8306
wide,0.02,- cong chance-constrained,ca_mau,severe,80.0,8,24,2024,45.4167,0.0,80.0,0,0.0,3,1,2,0,0,0,0,1736,1484,40.0,0.022,0.0
wide,0.02,- cong chance-constrained,ca_mau,severe,80.0,9,24,2024,45.4167,0.0,80.0,0,0.0,7,5,2,0,0,0,0,1736,1488,40.0,0.022,0.0
wide,0.02,- luat thich ung (centre co dinh),can_tho,mild,80.0,0,24,2024,42.4537,0.0,80.0,0,0.0,4,0,4,86,0,0,2,1689,1390,20.0,0.044,0.0
wide,0.02,- luat thich ung (centre co dinh),can_tho,mild,80.0,1,24,2024,42.2685,0.0,80.0,1,20.0,8,3,5,85,0,0,3,1722,1402,20.0,0.056,0.8607
wide,0.02,- luat thich ung (centre co dinh),can_tho,mild,80.0,2,24,2024,42.5463,0.0,80.0,2,40.0,4,1,3,87,0,0,2,1690,1362,20.0,0.033,0.0
wide,0.02,- luat thich ung (centre co dinh),can_tho,mild,80.0,3,24,2024,42.5463,0.0,80.0,2,40.0,4,1,3,87,0,0,2,1690,1362,20.0,0.033,0.0
wide,0.02,- luat thich ung (centre co dinh),can_tho,mild,80.0,4,24,2024,42.5926,0.0,80.0,1,20.0,4,1,3,87,0,0,2,1689,1375,20.0,0.033,0.0
wide,0.02,- luat thich ung (centre co dinh),can_tho,mild,80.0,5,24,2024,42.3148,0.0,80.0,1,20.0,6,2,4,86,0,0,3,1722,1401,20.0,0.044,0.7453
wide,0.02,- luat thich ung (centre co dinh),can_tho,mild,80.0,6,24,2024,42.4074,0.0,80.0,1,20.0,7,3,4,86,0,0,3,1702,1397,20.0,0.044,0.7454
wide,0.02,- luat thich ung (centre co dinh),can_tho,mild,80.0,7,24,2024,43.1019,0.0,80.0,2,40.0,4,2,2,88,0,0,2,1690,1358,20.0,0.022,0.0
wide,0.02,- luat thich ung (centre co dinh),can_tho,mild,80.0,8,24,2024,42.4537,0.0,80.0,0,0.0,4,0,4,86,0,0,2,1689,1390,20.0,0.044,0.0
wide,0.02,- luat thich ung (centre co dinh),can_tho,mild,80.0,9,24,2024,42.3148,0.0,80.0,1,20.0,6,2,4,86,0,0,3,1722,1401,20.0,0.044,1.2907
wide,0.02,- luat thich ung (centre co dinh),can_tho,severe,80.0,0,24,2024,42.4537,0.0,80.0,0,0.0,9,5,4,86,0,0,2,1693,1395,20.0,0.044,0.0
wide,0.02,- luat thich ung (centre co dinh),can_tho,severe,80.0,1,24,2024,42.5,0.0,80.0,1,20.0,6,3,3,87,0,0,2,1690,1379,20.0,0.033,0.6086
wide,0.02,- luat thich ung (centre co dinh),can_tho,severe,80.0,2,24,2024,42.4074,0.0,80.0,1,20.0,13,9,4,86,0,0,3,1707,1388,20.0,0.044,0.7454
wide,0.02,- luat thich ung (centre co dinh),can_tho,severe,80.0,3,24,2024,40.2778,0.0,80.0,1,20.0,24,17,7,83,0,1,1,1740,1413,26.67,0.078,1.2171
wide,0.02,- luat thich ung (centre co dinh),can_tho,severe,80.0,4,24,2024,41.25,0.0,80.0,1,20.0,23,16,7,83,0,0,4,1745,1464,20.0,0.078,1.0541
wide,0.02,- luat thich ung (centre co dinh),can_tho,severe,80.0,5,24,2024,42.5463,0.0,80.0,1,20.0,4,1,3,87,0,0,2,1690,1362,20.0,0.033,0.4303
wide,0.02,- luat thich ung (centre co dinh),can_tho,severe,80.0,6,24,2024,45.7407,0.0,80.0,3,60.0,11,8,3,87,0,0,1,1772,1432,20.0,0.033,0.9623
wide,0.02,- luat thich ung (centre co dinh),can_tho,severe,80.0,7,24,2024,41.25,0.0,80.0,1,20.0,21,15,6,84,0,1,0,1727,1396,20.0,0.067,1.2171
wide,0.02,- luat thich ung (centre co dinh),can_tho,severe,80.0,8,24,2024,42.1296,0.0,80.0,0,0.0,13,7,6,84,0,0,3,1720,1434,20.0,0.067,0.7454
wide,0.02,- luat thich ung (centre co dinh),can_tho,severe,80.0,9,24,2024,42.5463,0.0,80.0,1,20.0,5,2,3,87,0,0,2,1690,1362,20.0,0.033,0.7451
wide,0.02,- luat thich ung (centre co dinh),soc_trang,mild,80.0,0,24,2024,41.4815,0.0,80.0,0,0.0,4,0,4,86,0,0,2,1684,1484,20.0,0.044,0.0
wide,0.02,- luat thich ung (centre co dinh),soc_trang,mild,80.0,1,24,2024,41.2963,0.0,80.0,1,20.0,6,2,4,86,0,0,2,1692,1466,20.0,0.044,0.6086
wide,0.02,- luat thich ung (centre co dinh),soc_trang,mild,80.0,2,24,2024,42.1296,0.0,80.0,2,40.0,4,1,3,87,0,0,2,1685,1453,20.0,0.033,0.0
wide,0.02,- luat thich ung (centre co dinh),soc_trang,mild,80.0,3,24,2024,42.1296,0.0,80.0,2,40.0,4,1,3,87,0,0,2,1685,1453,20.0,0.033,0.0
wide,0.02,- luat thich ung (centre co dinh),soc_trang,mild,80.0,4,24,2024,42.1759,0.0,80.0,1,20.0,4,1,3,87,0,0,1,1677,1453,20.0,0.033,0.0
wide,0.02,- luat thich ung (centre co dinh),soc_trang,mild,80.0,5,24,2024,41.3426,0.0,80.0,1,20.0,6,2,4,86,0,0,2,1689,1472,20.0,0.044,0.7453
wide,0.02,- luat thich ung (centre co dinh),soc_trang,mild,80.0,6,24,2024,42.1296,0.0,80.0,3,60.0,5,2,3,87,0,0,2,1685,1454,20.0,0.033,0.4303
wide,0.02,- luat thich ung (centre co dinh),soc_trang,mild,80.0,7,24,2024,42.1759,0.0,80.0,2,40.0,5,2,3,87,0,0,1,1676,1450,20.0,0.033,0.4276
wide,0.02,- luat thich ung (centre co dinh),soc_trang,mild,80.0,8,24,2024,41.4815,0.0,80.0,0,0.0,4,0,4,86,0,0,2,1684,1484,20.0,0.044,0.0
wide,0.02,- luat thich ung (centre co dinh),soc_trang,mild,80.0,9,24,2024,41.3426,0.0,80.0,1,20.0,6,2,4,86,0,0,2,1689,1472,20.0,0.044,1.2907
wide,0.02,- luat thich ung (centre co dinh),soc_trang,severe,80.0,0,24,2024,41.4815,0.0,80.0,0,0.0,6,2,4,86,0,0,2,1685,1486,20.0,0.044,0.0
wide,0.02,- luat thich ung (centre co dinh),soc_trang,severe,80.0,1,24,2024,41.3426,0.0,80.0,1,20.0,9,5,4,86,0,0,3,1682,1479,20.0,0.044,0.6086
wide,0.02,- luat thich ung (centre co dinh),soc_trang,severe,80.0,2,24,2024,42.1296,0.0,80.0,1,20.0,10,7,3,87,0,0,2,1690,1459,20.0,0.033,0.4303
wide,0.02,- luat thich ung (centre co dinh),soc_trang,severe,80.0,3,24,2024,39.3519,0.0,80.0,2,40.0,32,23,9,81,0,1,1,1736,1511,20.0,0.1,1.3608
wide,0.02,- luat thich ung (centre co dinh),soc_trang,severe,80.0,4,24,2024,41.1111,0.0,80.0,1,20.0,23,16,7,83,0,0,3,1725,1537,20.0,0.078,0.9622
wide,0.02,- luat thich ung (centre co dinh),soc_trang,severe,80.0,5,24,2024,42.1296,0.0,80.0,1,20.0,4,1,3,87,0,0,2,1685,1453,20.0,0.033,0.4303
wide,0.02,- luat thich ung (centre co dinh),soc_trang,severe,80.0,6,24,2024,42.1759,0.0,80.0,1,20.0,12,9,3,87,0,0,1,1679,1459,20.0,0.033,1.1366
wide,0.02,- luat thich ung (centre co dinh),soc_trang,severe,80.0,7,24,2024,42.1759,0.0,80.0,1,20.0,10,7,3,87,0,0,1,1678,1458,20.0,0.033,0.4303
wide,0.02,- luat thich ung (centre co dinh),soc_trang,severe,80.0,8,24,2024,41.2963,0.0,80.0,0,0.0,9,4,5,85,0,0,2,1690,1493,20.0,0.056,0.6086
wide,0.02,- luat thich ung (centre co dinh),soc_trang,severe,80.0,9,24,2024,42.1296,0.0,80.0,1,20.0,7,4,3,87,0,0,2,1685,1455,20.0,0.033,0.7451
wide,0.02,- luat thich ung (centre co dinh),ca_mau,mild,80.0,0,24,2024,40.9259,0.0,80.0,0,0.0,4,0,4,86,0,0,2,1660,1463,20.0,0.044,0.0
wide,0.02,- luat thich ung (centre co dinh),ca_mau,mild,80.0,1,24,2024,40.7407,0.0,80.0,1,20.0,6,2,4,86,0,0,2,1664,1467,20.0,0.044,0.6086
wide,0.02,- luat thich ung (centre co dinh),ca_mau,mild,80.0,2,24,2024,41.0185,0.0,80.0,2,40.0,4,1,3,87,0,0,1,1653,1430,20.0,0.033,0.0
wide,0.02,- luat thich ung (centre co dinh),ca_mau,mild,80.0,3,24,2024,41.0185,0.0,80.0,2,40.0,4,1,3,87,0,0,1,1653,1430,20.0,0.033,0.0
wide,0.02,- luat thich ung (centre co dinh),ca_mau,mild,80.0,4,24,2024,41.0185,0.0,80.0,1,20.0,4,1,3,87,0,0,2,1662,1433,20.0,0.033,0.0
wide,0.02,- luat thich ung (centre co dinh),ca_mau,mild,80.0,5,24,2024,40.0463,0.0,80.0,1,20.0,6,2,4,86,0,0,3,1661,1471,20.0,0.044,0.7453
wide,0.02,- luat thich ung (centre co dinh),ca_mau,mild,80.0,6,24,2024,41.0185,0.0,80.0,3,60.0,4,2,2,88,0,0,2,1663,1418,20.0,0.022,0.0
wide,0.02,- luat thich ung (centre co dinh),ca_mau,mild,80.0,7,24,2024,40.787,0.0,80.0,2,40.0,6,3,3,87,0,0,2,1683,1440,20.0,0.033,0.9623
wide,0.02,- luat thich ung (centre co dinh),ca_mau,mild,80.0,8,24,2024,40.9259,0.0,80.0,0,0.0,4,0,4,86,0,0,2,1660,1463,20.0,0.044,0.0
wide,0.02,- luat thich ung (centre co dinh),ca_mau,mild,80.0,9,24,2024,40.0463,0.0,80.0,1,20.0,6,2,4,86,0,0,3,1661,1471,20.0,0.044,1.2908
wide,0.02,- luat thich ung (centre co dinh),ca_mau,severe,80.0,0,24,2024,39.1667,0.0,80.0,0,0.0,13,8,5,85,0,0,3,1679,1496,20.0,0.056,0.4303
wide,0.02,- luat thich ung (centre co dinh),ca_mau,severe,80.0,1,24,2024,41.0185,0.0,80.0,1,20.0,5,2,3,87,0,0,2,1662,1450,20.0,0.033,0.4303
wide,0.02,- luat thich ung (centre co dinh),ca_mau,severe,80.0,2,24,2024,41.0185,0.0,80.0,1,20.0,9,6,3,87,0,0,1,1653,1435,20.0,0.033,0.4303
wide,0.02,- luat thich ung (centre co dinh),ca_mau,severe,80.0,3,24,2024,35.463,0.0,80.0,2,40.0,28,20,8,82,0,1,2,1719,1491,20.0,0.089,1.291
wide,0.02,- luat thich ung (centre co dinh),ca_mau,severe,80.0,4,24,2024,39.1667,0.0,80.0,1,20.0,15,10,5,85,0,0,3,1682,1497,20.0,0.056,0.7454
wide,0.02,- luat thich ung (centre co dinh),ca_mau,severe,80.0,5,24,2024,41.0185,0.0,80.0,1,20.0,4,1,3,87,0,0,1,1653,1430,20.0,0.033,0.4303
wide,0.02,- luat thich ung (centre co dinh),ca_mau,severe,80.0,6,24,2024,44.4907,0.0,80.0,3,60.0,11,8,3,87,0,0,1,1750,1490,20.0,0.033,0.9623
wide,0.02,- luat thich ung (centre co dinh),ca_mau,severe,80.0,7,24,2024,37.2222,0.0,80.0,1,20.0,21,15,6,84,0,1,0,1681,1474,20.0,0.067,1.2171
wide,0.02,- luat thich ung (centre co dinh),ca_mau,severe,80.0,8,24,2024,40.1389,0.0,80.0,0,0.0,11,6,5,85,0,0,3,1658,1488,20.0,0.056,0.6086
wide,0.02,- luat thich ung (centre co dinh),ca_mau,severe,80.0,9,24,2024,41.0185,0.0,80.0,1,20.0,5,2,3,87,0,0,1,1653,1430,20.0,0.033,0.7452
wide,0.02,Oracle (thong tin hoan hao),can_tho,mild,80.0,0,24,2024,33.3333,0.0,80.0,0,0.0,5,1,4,0,0,4,0,1902,1584,20.0,0.044,0.6086
wide,0.02,Oracle (thong tin hoan hao),can_tho,mild,80.0,1,24,2024,33.3333,0.0,80.0,1,20.0,4,0,4,0,0,4,0,1901,1584,20.0,0.044,0.0
wide,0.02,Oracle (thong tin hoan hao),can_tho,mild,80.0,2,24,2024,33.3333,0.0,80.0,1,20.0,6,2,4,0,0,4,0,1903,1584,20.0,0.044,0.6086
wide,0.02,Oracle (thong tin hoan hao),can_tho,mild,80.0,3,24,2024,33.3333,0.0,80.0,2,40.0,4,0,4,0,0,4,0,1901,1584,20.0,0.044,0.0
wide,0.02,Oracle (thong tin hoan hao),can_tho,mild,80.0,4,24,2024,33.3333,0.0,80.0,1,20.0,8,4,4,0,0,4,0,1905,1584,20.0,0.044,0.8607
wide,0.02,Oracle (thong tin hoan hao),can_tho,mild,80.0,5,24,2024,33.3333,0.0,80.0,1,20.0,6,2,4,0,0,4,0,1903,1584,20.0,0.044,0.6086
wide,0.02,Oracle (thong tin hoan hao),can_tho,mild,80.0,6,24,2024,33.3333,0.0,80.0,2,40.0,6,2,4,0,0,4,0,1903,1584,20.0,0.044,0.6086
wide,0.02,Oracle (thong tin hoan hao),can_tho,mild,80.0,7,24,2024,33.3333,0.0,80.0,1,20.0,8,4,4,0,0,4,0,1905,1584,20.0,0.044,1.387
wide,0.02,Oracle (thong tin hoan hao),can_tho,mild,80.0,8,24,2024,33.3333,0.0,80.0,0,0.0,4,0,4,0,0,4,0,1901,1584,20.0,0.044,0.0
wide,0.02,Oracle (thong tin hoan hao),can_tho,mild,80.0,9,24,2024,33.3333,0.0,80.0,1,20.0,4,0,4,0,0,4,0,1901,1584,20.0,0.044,0.0
wide,0.02,Oracle (thong tin hoan hao),can_tho,severe,80.0,0,24,2024,33.3333,0.0,80.0,0,0.0,14,10,4,0,0,4,0,1911,1584,20.0,0.044,1.0541
wide,0.02,Oracle (thong tin hoan hao),can_tho,severe,80.0,1,24,2024,33.287,0.0,80.0,0,0.0,19,15,4,0,0,4,0,1898,1584,20.0,0.044,1.2172
wide,0.02,Oracle (thong tin hoan hao),can_tho,severe,80.0,2,24,2024,33.3333,0.0,80.0,1,20.0,10,6,4,0,0,4,0,1907,1584,20.0,0.044,1.0541
wide,0.02,Oracle (thong tin hoan hao),can_tho,severe,80.0,3,24,2024,33.3333,0.0,80.0,1,20.0,12,8,4,0,0,4,0,1909,1584,20.0,0.044,1.0541
wide,0.02,Oracle (thong tin hoan hao),can_tho,severe,80.0,4,24,2024,33.3333,0.0,80.0,0,0.0,11,7,4,0,0,4,0,1908,1584,20.0,0.044,0.7454
wide,0.02,Oracle (thong tin hoan hao),can_tho,severe,80.0,5,24,2024,33.3333,0.0,80.0,0,0.0,7,3,4,0,0,4,0,1904,1584,20.0,0.044,0.4303
wide,0.02,Oracle (thong tin hoan hao),can_tho,severe,80.0,6,24,2024,33.3333,0.0,80.0,2,40.0,11,7,4,0,0,4,0,1908,1584,20.0,0.044,1.0541
wide,0.02,Oracle (thong tin hoan hao),can_tho,severe,80.0,7,24,2024,33.3333,0.0,80.0,2,40.0,6,2,4,0,0,4,0,1903,1584,20.0,0.044,0.6086
wide,0.02,Oracle (thong tin hoan hao),can_tho,severe,80.0,8,24,2024,33.2407,0.0,80.0,0,0.0,22,18,4,0,0,4,0,1915,1584,20.0,0.044,2.1994
wide,0.02,Oracle (thong tin hoan hao),can_tho,severe,80.0,9,24,2024,33.3333,0.0,80.0,1,20.0,4,0,4,0,0,4,0,1901,1584,20.0,0.044,0.4303
wide,0.02,Oracle (thong tin hoan hao),soc_trang,mild,80.0,0,24,2024,32.4074,0.0,80.0,0,0.0,6,2,4,0,0,4,0,1887,1683,20.0,0.044,0.6086
wide,0.02,Oracle (thong tin hoan hao),soc_trang,mild,80.0,1,24,2024,32.4074,0.0,80.0,1,20.0,4,0,4,0,0,4,0,1885,1683,20.0,0.044,0.0
wide,0.02,Oracle (thong tin hoan hao),soc_trang,mild,80.0,2,24,2024,32.4074,0.0,80.0,1,20.0,6,2,4,0,0,4,0,1887,1683,20.0,0.044,0.6086
wide,0.02,Oracle (thong tin hoan hao),soc_trang,mild,80.0,3,24,2024,32.4074,0.0,80.0,1,20.0,7,3,4,0,0,4,0,1888,1683,20.0,0.044,0.8607
wide,0.02,Oracle (thong tin hoan hao),soc_trang,mild,80.0,4,24,2024,32.4074,0.0,80.0,1,20.0,4,0,4,0,0,4,0,1885,1683,20.0,0.044,0.0
wide,0.02,Oracle (thong tin hoan hao),soc_trang,mild,80.0,5,24,2024,32.4074,0.0,80.0,1,20.0,4,0,4,0,0,4,0,1885,1683,20.0,0.044,0.0
wide,0.02,Oracle (thong tin hoan hao),soc_trang,mild,80.0,6,24,2024,32.4074,0.0,80.0,3,60.0,4,0,4,0,0,4,0,1885,1683,20.0,0.044,0.0
wide,0.02,Oracle (thong tin hoan hao),soc_trang,mild,80.0,7,24,2024,32.4074,0.0,80.0,1,20.0,5,1,4,0,0,4,0,1886,1683,20.0,0.044,0.4303
wide,0.02,Oracle (thong tin hoan hao),soc_trang,mild,80.0,8,24,2024,32.4074,0.0,80.0,0,0.0,4,0,4,0,0,4,0,1885,1683,20.0,0.044,0.0
wide,0.02,Oracle (thong tin hoan hao),soc_trang,mild,80.0,9,24,2024,32.4074,0.0,80.0,1,20.0,4,0,4,0,0,4,0,1885,1683,20.0,0.044,0.0
wide,0.02,Oracle (thong tin hoan hao),soc_trang,severe,80.0,0,24,2024,32.4074,0.0,80.0,0,0.0,6,2,4,0,0,4,0,1887,1683,20.0,0.044,0.0
wide,0.02,Oracle (thong tin hoan hao),soc_trang,severe,80.0,1,24,2024,32.4074,0.0,80.0,0,0.0,12,8,4,0,0,4,0,1893,1683,20.0,0.044,0.8607
wide,0.02,Oracle (thong tin hoan hao),soc_trang,severe,80.0,2,24,2024,32.4074,0.0,80.0,1,20.0,8,4,4,0,0,4,0,1889,1683,20.0,0.044,0.4303
wide,0.02,Oracle (thong tin hoan hao),soc_trang,severe,80.0,3,24,2024,32.4074,0.0,80.0,2,40.0,10,6,4,0,0,4,0,1891,1683,20.0,0.044,1.0541
wide,0.02,Oracle (thong tin hoan hao),soc_trang,severe,80.0,4,24,2024,32.4074,0.0,80.0,0,0.0,15,11,4,0,0,4,0,1894,1683,20.0,0.044,1.3606
wide,0.02,Oracle (thong tin hoan hao),soc_trang,severe,80.0,5,24,2024,32.4074,0.0,80.0,0,0.0,10,6,4,0,0,4,0,1891,1683,20.0,0.044,0.8606
wide,0.02,Oracle (thong tin hoan hao),soc_trang,severe,80.0,6,24,2024,32.4074,0.0,80.0,2,40.0,7,3,4,0,0,4,0,1888,1683,20.0,0.044,0.6086
wide,0.02,Oracle (thong tin hoan hao),soc_trang,severe,80.0,7,24,2024,32.4074,0.0,80.0,1,20.0,7,3,4,0,0,4,0,1888,1683,20.0,0.044,0.6086
wide,0.02,Oracle (thong tin hoan hao),soc_trang,severe,80.0,8,24,2024,32.2685,0.0,80.0,0,0.0,25,21,4,0,0,4,0,1902,1683,20.0,0.044,1.8744
wide,0.02,Oracle (thong tin hoan hao),soc_trang,severe,80.0,9,24,2024,32.4074,0.0,80.0,0,0.0,8,4,4,0,0,4,0,1889,1683,20.0,0.044,0.4303
wide,0.02,Oracle (thong tin hoan hao),ca_mau,mild,80.0,0,24,2024,30.0463,0.0,80.0,0,0.0,4,0,4,0,0,4,0,1862,1680,20.0,0.044,0.0
wide,0.02,Oracle (thong tin hoan hao),ca_mau,mild,80.0,1,24,2024,30.0463,0.0,80.0,1,20.0,4,0,4,0,0,4,0,1862,1680,20.0,0.044,0.0
wide,0.02,Oracle (thong tin hoan hao),ca_mau,mild,80.0,2,24,2024,30.0463,0.0,80.0,2,40.0,5,1,4,0,0,4,0,1863,1680,20.0,0.044,0.4303
wide,0.02,Oracle (thong tin hoan hao),ca_mau,mild,80.0,3,24,2024,30.0463,0.0,80.0,2,40.0,4,0,4,0,0,4,0,1862,1680,20.0,0.044,0.0
wide,0.02,Oracle (thong tin hoan hao),ca_mau,mild,80.0,4,24,2024,30.0463,0.0,80.0,1,20.0,4,0,4,0,0,4,0,1862,1680,20.0,0.044,0.0
wide,0.02,Oracle (thong tin hoan hao),ca_mau,mild,80.0,5,24,2024,30.0463,0.0,80.0,1,20.0,4,0,4,0,0,4,0,1862,1680,20.0,0.044,0.0
wide,0.02,Oracle (thong tin hoan hao),ca_mau,mild,80.0,6,24,2024,30.0463,0.0,80.0,3,60.0,4,0,4,0,0,4,0,1862,1680,20.0,0.044,0.0
wide,0.02,Oracle (thong tin hoan hao),ca_mau,mild,80.0,7,24,2024,30.0463,0.0,80.0,2,40.0,6,2,4,0,0,4,0,1864,1680,20.0,0.044,0.6086
wide,0.02,Oracle (thong tin hoan hao),ca_mau,mild,80.0,8,24,2024,30.0463,0.0,80.0,0,0.0,4,0,4,0,0,4,0,1862,1680,20.0,0.044,0.0
wide,0.02,Oracle (thong tin hoan hao),ca_mau,mild,80.0,9,24,2024,30.0463,0.0,80.0,1,20.0,4,0,4,0,0,4,0,1862,1680,20.0,0.044,0.0
wide,0.02,Oracle (thong tin hoan hao),ca_mau,severe,80.0,0,24,2024,30.0463,0.0,80.0,0,0.0,15,11,4,0,0,4,0,1873,1680,20.0,0.044,0.9623
wide,0.02,Oracle (thong tin hoan hao),ca_mau,severe,80.0,1,24,2024,30.0463,0.0,80.0,0,0.0,9,5,4,0,0,4,0,1867,1680,20.0,0.044,0.0
wide,0.02,Oracle (thong tin hoan hao),ca_mau,severe,80.0,2,24,2024,30.0463,0.0,80.0,0,0.0,12,8,4,0,0,4,0,1870,1680,20.0,0.044,0.4303
wide,0.02,Oracle (thong tin hoan hao),ca_mau,severe,80.0,3,24,2024,30.0463,0.0,80.0,0,0.0,21,17,4,0,0,4,0,1879,1680,20.0,0.044,1.3608
wide,0.02,Oracle (thong tin hoan hao),ca_mau,severe,80.0,4,24,2024,30.0463,0.0,80.0,0,0.0,16,12,4,0,0,4,0,1873,1680,20.0,0.044,1.3608
wide,0.02,Oracle (thong tin hoan hao),ca_mau,severe,80.0,5,24,2024,30.0463,0.0,80.0,1,20.0,8,4,4,0,0,4,0,1866,1680,20.0,0.044,0.6086
wide,0.02,Oracle (thong tin hoan hao),ca_mau,severe,80.0,6,24,2024,30.0463,0.0,80.0,1,20.0,14,10,4,0,0,4,0,1872,1680,20.0,0.044,1.0541
wide,0.02,Oracle (thong tin hoan hao),ca_mau,severe,80.0,7,24,2024,30.0463,0.0,80.0,0,0.0,10,6,4,0,0,4,0,1868,1680,20.0,0.044,0.6086
wide,0.02,Oracle (thong tin hoan hao),ca_mau,severe,80.0,8,24,2024,30.0463,0.0,80.0,0,0.0,14,10,4,0,0,4,0,1872,1680,20.0,0.044,0.7454
wide,0.02,Oracle (thong tin hoan hao),ca_mau,severe,80.0,9,24,2024,30.0463,0.0,80.0,1,20.0,5,1,4,0,0,4,0,1863,1680,20.0,0.044,0.4303
wide,0.02,FULL (de xuat),can_tho,mild,160.0,0,24,2024,12.3148,0.0,160.0,0,0.0,16,5,11,79,0,8,0,1774,1556,20.0,0.122,1.2172
wide,0.02,FULL (de xuat),can_tho,mild,160.0,1,24,2024,14.5833,0.0,160.0,1,20.0,10,2,8,82,0,7,0,1728,1492,20.0,0.089,0.6086
wide,0.02,FULL (de xuat),can_tho,mild,160.0,2,24,2024,17.8704,0.0,160.0,4,80.0,9,3,6,84,0,6,0,1660,1429,20.0,0.067,0.4303
wide,0.02,FULL (de xuat),can_tho,mild,160.0,3,24,2024,16.8981,0.0,160.0,4,80.0,10,3,7,83,0,6,0,1667,1433,20.0,0.078,0.6086
wide,0.02,FULL (de xuat),can_tho,mild,160.0,4,24,2024,17.963,0.0,160.0,2,40.0,8,2,6,84,0,6,0,1662,1427,20.0,0.067,0.0
wide,0.02,FULL (de xuat),can_tho,mild,160.0,5,24,2024,16.7593,0.0,160.0,2,40.0,13,5,8,82,0,5,1,1681,1441,20.0,0.089,1.0539
wide,0.02,FULL (de xuat),can_tho,mild,160.0,6,24,2024,18.9815,0.0,160.0,5,100.0,10,4,6,84,0,5,0,1605,1365,20.0,0.067,0.9622
wide,0.02,FULL (de xuat),can_tho,mild,160.0,7,24,2024,16.8519,0.0,160.0,3,60.0,9,3,6,84,0,6,0,1668,1415,20.0,0.067,0.4303
wide,0.02,FULL (de xuat),can_tho,mild,160.0,8,24,2024,15.6944,0.0,160.0,1,20.0,9,2,7,83,0,7,0,1710,1494,20.0,0.078,0.4303
wide,0.02,FULL (de xuat),can_tho,mild,160.0,9,24,2024,13.6111,0.0,160.0,2,40.0,11,3,8,82,0,7,0,1749,1511,20.0,0.089,1.3601
wide,0.02,FULL (de xuat),can_tho,severe,160.0,0,24,2024,11.6667,0.0,160.0,0,0.0,28,16,12,78,0,8,0,1800,1545,20.0,0.133,1.1386
wide,0.02,FULL (de xuat),can_tho,severe,160.0,1,24,2024,15.6944,0.0,160.0,1,20.0,14,7,7,83,0,7,0,1714,1496,20.0,0.078,0.4303
wide,0.02,FULL (de xuat),can_tho,severe,160.0,2,24,2024,24.6759,0.0,160.0,4,80.0,15,11,4,86,0,4,0,1633,1352,20.0,0.044,1.0311
wide,0.02,FULL (de xuat),can_tho,severe,160.0,3,24,2024,22.5926,0.0,160.0,4,80.0,20,14,6,84,0,4,0,1601,1301,20.0,0.067,1.0541
wide,0.02,FULL (de xuat),can_tho,severe,160.0,4,24,2024,15.6481,0.0,160.0,1,20.0,22,14,8,82,0,7,0,1726,1484,20.0,0.089,0.8607
wide,0.02,FULL (de xuat),can_tho,severe,160.0,5,24,2024,17.8704,0.0,160.0,3,60.0,10,4,6,84,0,6,0,1660,1431,20.0,0.067,0.8606
wide,0.02,FULL (de xuat),can_tho,severe,160.0,6,24,2024,24.4444,0.0,160.0,4,80.0,19,13,6,84,0,4,0,1682,1370,20.0,0.067,1.107
wide,0.02,FULL (de xuat),can_tho,severe,160.0,7,24,2024,15.8333,0.0,160.0,3,60.0,31,21,10,80,0,6,0,1689,1433,20.0,0.111,1.4906
wide,0.02,FULL (de xuat),can_tho,severe,160.0,8,24,2024,11.8981,0.0,160.0,0,0.0,36,24,12,78,0,7,0,1717,1552,20.0,0.133,1.1386
wide,0.02,FULL (de xuat),can_tho,severe,160.0,9,24,2024,16.8981,0.0,160.0,2,40.0,17,10,7,83,0,6,0,1692,1450,20.0,0.078,0.7454
wide,0.02,FULL (de xuat),soc_trang,mild,160.0,0,24,2024,11.1574,0.0,160.0,0,0.0,9,1,8,82,0,8,0,1765,1683,20.0,0.089,0.6086
wide,0.02,FULL (de xuat),soc_trang,mild,160.0,1,24,2024,13.3796,0.0,160.0,1,20.0,11,3,8,82,0,7,0,1707,1598,20.0,0.089,0.8606
wide,0.02,FULL (de xuat),soc_trang,mild,160.0,2,24,2024,15.5556,0.0,160.0,4,80.0,9,3,6,84,0,6,0,1670,1540,20.0,0.067,0.4303
wide,0.02,FULL (de xuat),soc_trang,mild,160.0,3,24,2024,15.5556,0.0,160.0,4,80.0,9,3,6,84,0,6,0,1668,1542,20.0,0.067,0.4303
wide,0.02,FULL (de xuat),soc_trang,mild,160.0,4,24,2024,13.3796,0.0,160.0,2,40.0,10,3,7,83,0,7,0,1711,1600,20.0,0.078,0.6086
wide,0.02,FULL (de xuat),soc_trang,mild,160.0,5,24,2024,15.5556,0.0,160.0,3,60.0,10,3,7,83,0,6,0,1671,1534,20.0,0.078,0.7451
wide,0.02,FULL (de xuat),soc_trang,mild,160.0,6,24,2024,17.8241,0.0,160.0,5,100.0,8,3,5,85,0,5,0,1606,1442,20.0,0.056,0.0
wide,0.02,FULL (de xuat),soc_trang,mild,160.0,7,24,2024,13.3333,0.0,160.0,2,40.0,14,5,9,81,0,7,0,1693,1597,20.0,0.1,1.0541
wide,0.02,FULL (de xuat),soc_trang,mild,160.0,8,24,2024,13.3333,0.0,160.0,1,20.0,11,3,8,82,0,7,0,1711,1600,20.0,0.089,0.7454
wide,0.02,FULL (de xuat),soc_trang,mild,160.0,9,24,2024,12.7315,0.0,160.0,2,40.0,16,6,10,80,0,7,0,1718,1602,20.0,0.111,1.6661
wide,0.02,FULL (de xuat),soc_trang,severe,160.0,0,24,2024,11.1574,0.0,160.0,0,0.0,22,13,9,81,0,8,0,1798,1676,20.0,0.1,0.7453
wide,0.02,FULL (de xuat),soc_trang,severe,160.0,1,24,2024,11.1574,0.0,160.0,0,0.0,20,11,9,81,0,8,0,1769,1683,20.0,0.1,0.4303
wide,0.02,FULL (de xuat),soc_trang,severe,160.0,2,24,2024,21.3889,0.0,160.0,4,80.0,21,15,6,84,0,5,0,1711,1548,20.0,0.067,1.1151
wide,0.02,FULL (de xuat),soc_trang,severe,160.0,3,24,2024,18.6111,0.0,160.0,4,80.0,27,19,8,82,0,4,0,1596,1414,20.0,0.089,1.291
wide,0.02,FULL (de xuat),soc_trang,severe,160.0,4,24,2024,13.3796,0.0,160.0,1,20.0,16,9,7,83,0,7,0,1714,1601,20.0,0.078,0.7454
wide,0.02,FULL (de xuat),soc_trang,severe,160.0,5,24,2024,15.6019,0.0,160.0,2,40.0,15,9,6,84,0,6,0,1694,1549,20.0,0.067,1.1385
wide,0.02,FULL (de xuat),soc_trang,severe,160.0,6,24,2024,26.6667,0.0,160.0,5,100.0,12,8,4,86,0,3,0,1608,1380,20.0,0.044,1.0797
wide,0.02,FULL (de xuat),soc_trang,severe,160.0,7,24,2024,13.3333,0.0,160.0,2,40.0,22,14,8,82,0,7,0,1712,1600,20.0,0.089,1.2172
wide,0.02,FULL (de xuat),soc_trang,severe,160.0,8,24,2024,11.8981,0.0,160.0,1,20.0,32,21,11,79,0,7,0,1752,1604,20.0,0.122,1.0541
wide,0.02,FULL (de xuat),soc_trang,severe,160.0,9,24,2024,15.5093,0.0,160.0,2,40.0,16,9,7,83,0,6,0,1675,1559,20.0,0.078,0.7454
wide,0.02,FULL (de xuat),ca_mau,mild,160.0,0,24,2024,5.6019,0.0,160.0,0,0.0,16,5,11,79,0,8,0,1768,1657,20.0,0.122,1.2172
wide,0.02,FULL (de xuat),ca_mau,mild,160.0,1,24,2024,8.7037,0.0,160.0,1,20.0,9,1,8,82,0,8,0,1727,1667,20.0,0.089,0.4303
wide,0.02,FULL (de xuat),ca_mau,mild,160.0,2,24,2024,14.537,0.0,160.0,5,100.0,8,3,5,85,0,5,0,1587,1448,20.0,0.056,0.0
wide,0.02,FULL (de xuat),ca_mau,mild,160.0,3,24,2024,11.1574,0.0,160.0,4,80.0,10,4,6,84,0,6,0,1665,1527,20.0,0.067,0.6086
wide,0.02,FULL (de xuat),ca_mau,mild,160.0,4,24,2024,11.2963,0.0,160.0,2,40.0,12,4,8,82,0,6,0,1663,1514,20.0,0.089,1.1384
wide,0.02,FULL (de xuat),ca_mau,mild,160.0,5,24,2024,12.0833,0.0,160.0,3,60.0,10,3,7,83,0,6,0,1630,1546,20.0,0.078,0.6086
wide,0.02,FULL (de xuat),ca_mau,mild,160.0,6,24,2024,14.4444,0.0,160.0,5,100.0,8,3,5,85,0,5,0,1599,1435,20.0,0.056,0.0
wide,0.02,FULL (de xuat),ca_mau,mild,160.0,7,24,2024,12.1296,0.0,160.0,3,60.0,11,4,7,83,0,6,0,1638,1513,20.0,0.078,0.7454
wide,0.02,FULL (de xuat),ca_mau,mild,160.0,8,24,2024,8.7037,0.0,160.0,1,20.0,10,2,8,82,0,8,0,1728,1667,20.0,0.089,0.6086
wide,0.02,FULL (de xuat),ca_mau,mild,160.0,9,24,2024,8.7037,0.0,160.0,2,40.0,11,3,8,82,0,8,0,1728,1667,20.0,0.089,0.7454
wide,0.02,FULL (de xuat),ca_mau,severe,160.0,0,24,2024,5.7407,0.0,160.0,0,0.0,19,9,10,80,0,8,0,1782,1657,20.0,0.111,0.7454
wide,0.02,FULL (de xuat),ca_mau,severe,160.0,1,24,2024,2.6389,0.0,160.0,1,20.0,28,17,11,79,0,8,0,1795,1661,20.0,0.122,0.7454
wide,0.02,FULL (de xuat),ca_mau,severe,160.0,2,24,2024,20.1852,0.0,160.0,4,80.0,18,13,5,85,0,4,0,1649,1456,20.0,0.056,1.0217
wide,0.02,FULL (de xuat),ca_mau,severe,160.0,3,24,2024,16.6204,0.0,160.0,4,80.0,21,15,6,84,0,4,0,1574,1386,20.0,0.067,1.0541
wide,0.02,FULL (de xuat),ca_mau,severe,160.0,4,24,2024,3.2407,0.0,160.0,1,20.0,28,17,11,79,0,8,0,1790,1661,20.0,0.122,1.2171
wide,0.02,FULL (de xuat),ca_mau,severe,160.0,5,24,2024,13.287,0.0,160.0,3,60.0,17,10,7,83,0,5,0,1626,1486,20.0,0.078,1.1385
wide,0.02,FULL (de xuat),ca_mau,severe,160.0,6,24,2024,10.0,0.0,160.0,3,60.0,24,17,7,83,0,7,0,1712,1599,20.0,0.078,1.1385
wide,0.02,FULL (de xuat),ca_mau,severe,160.0,7,24,2024,8.1019,0.0,160.0,1,20.0,26,17,9,81,0,7,0,1715,1587,20.0,0.1,1.4271
wide,0.02,FULL (de xuat),ca_mau,severe,160.0,8,24,2024,9.9537,0.0,160.0,1,20.0,16,8,8,82,0,7,0,1692,1573,20.0,0.089,0.6086
wide,0.02,FULL (de xuat),ca_mau,severe,160.0,9,24,2024,8.3333,0.0,160.0,1,20.0,24,14,10,80,0,7,0,1715,1603,20.0,0.111,1.1385
wide,0.02,- whatif (twin->predictor),can_tho,mild,160.0,0,24,2024,54.537,0.0,160.0,0,0.0,3,0,3,87,0,0,0,1909,1514,53.33,0.033,0.0
wide,0.02,- whatif (twin->predictor),can_tho,mild,160.0,1,24,2024,54.537,0.0,160.0,0,0.0,3,0,3,87,0,0,0,1909,1514,53.33,0.033,0.0
wide,0.02,- whatif (twin->predictor),can_tho,mild,160.0,2,24,2024,54.537,0.0,160.0,1,40.0,4,1,3,87,0,0,0,1909,1514,53.33,0.033,0.132
wide,0.02,- whatif (twin->predictor),can_tho,mild,160.0,3,24,2024,54.537,0.0,160.0,1,40.0,3,0,3,87,0,0,0,1909,1514,53.33,0.033,0.0
wide,0.02,- whatif (twin->predictor),can_tho,mild,160.0,4,24,2024,55.6019,0.0,160.0,1,60.0,3,1,2,88,0,0,0,1932,1537,53.33,0.022,0.0
wide,0.02,- whatif (twin->predictor),can_tho,mild,160.0,5,24,2024,53.4259,0.0,160.0,1,40.0,5,1,4,86,0,0,0,1889,1507,53.33,0.044,0.1909
wide,0.02,- whatif (twin->predictor),can_tho,mild,160.0,6,24,2024,55.6019,0.0,160.0,2,100.0,3,1,2,88,0,0,0,1932,1537,53.33,0.022,0.0
wide,0.02,- whatif (twin->predictor),can_tho,mild,160.0,7,24,2024,55.6019,0.0,160.0,1,60.0,3,1,2,88,0,0,0,1932,1537,53.33,0.022,0.0
wide,0.02,- whatif (twin->predictor),can_tho,mild,160.0,8,24,2024,54.537,0.0,160.0,0,0.0,3,0,3,87,0,0,0,1909,1514,53.33,0.033,0.0
wide,0.02,- whatif (twin->predictor),can_tho,mild,160.0,9,24,2024,54.537,0.0,160.0,1,40.0,4,1,3,87,0,0,0,1909,1514,53.33,0.033,0.132
wide,0.02,- whatif (twin->predictor),can_tho,severe,160.0,0,24,2024,51.7593,0.0,160.0,0,0.0,11,6,5,85,0,0,0,1859,1464,53.33,0.056,0.2942
wide,0.02,- whatif (twin->predictor),can_tho,severe,160.0,1,24,2024,52.4537,0.0,160.0,0,0.0,12,7,5,85,0,0,0,1881,1487,53.33,0.056,0.4454
wide,0.02,- whatif (twin->predictor),can_tho,severe,160.0,2,24,2024,54.4907,0.0,160.0,0,0.0,6,3,3,87,0,0,0,1909,1514,53.33,0.033,0.1835
wide,0.02,- whatif (twin->predictor),can_tho,severe,160.0,3,24,2024,51.7593,0.0,160.0,0,0.0,15,10,5,85,0,0,0,1859,1464,53.33,0.056,0.3723
wide,0.02,- whatif (twin->predictor),can_tho,severe,160.0,4,24,2024,53.4259,0.0,160.0,1,60.0,10,6,4,86,0,0,0,1889,1507,53.33,0.044,0.225
wide,0.02,- whatif (twin->predictor),can_tho,severe,160.0,5,24,2024,54.537,0.0,160.0,1,40.0,3,0,3,87,0,0,0,1909,1514,53.33,0.033,0.1344
wide,0.02,- whatif (twin->predictor),can_tho,severe,160.0,6,24,2024,53.4259,0.0,160.0,1,60.0,11,7,4,86,0,0,0,1889,1507,53.33,0.044,0.2785
wide,0.02,- whatif (twin->predictor),can_tho,severe,160.0,7,24,2024,55.5556,0.0,160.0,1,60.0,7,5,2,88,0,0,0,1931,1537,53.33,0.022,0.1334
wide,0.02,- whatif (twin->predictor),can_tho,severe,160.0,8,24,2024,53.4259,0.0,160.0,0,0.0,8,4,4,86,0,0,0,1889,1507,53.33,0.044,0.1379
wide,0.02,- whatif (twin->predictor),can_tho,severe,160.0,9,24,2024,53.4259,0.0,160.0,1,40.0,9,5,4,86,0,0,0,1889,1507,53.33,0.044,0.4698
wide,0.02,- whatif (twin->predictor),soc_trang,mild,160.0,0,24,2024,54.5833,0.0,160.0,0,0.0,3,0,3,87,0,0,0,1907,1610,53.33,0.033,0.0
wide,0.02,- whatif (twin->predictor),soc_trang,mild,160.0,1,24,2024,54.5833,0.0,160.0,0,0.0,3,0,3,87,0,0,0,1907,1610,53.33,0.033,0.0
wide,0.02,- whatif (twin->predictor),soc_trang,mild,160.0,2,24,2024,54.5833,0.0,160.0,1,40.0,4,1,3,87,0,0,0,1907,1610,53.33,0.033,0.1378
wide,0.02,- whatif (twin->predictor),soc_trang,mild,160.0,3,24,2024,54.5833,0.0,160.0,1,40.0,3,0,3,87,0,0,0,1907,1610,53.33,0.033,0.0
wide,0.02,- whatif (twin->predictor),soc_trang,mild,160.0,4,24,2024,55.6944,0.0,160.0,1,60.0,3,1,2,88,0,0,0,1931,1633,53.33,0.022,0.0
wide,0.02,- whatif (twin->predictor),soc_trang,mild,160.0,5,24,2024,53.5185,0.0,160.0,1,40.0,5,1,4,86,0,0,0,1884,1586,53.33,0.044,0.2056
wide,0.02,- whatif (twin->predictor),soc_trang,mild,160.0,6,24,2024,55.6944,0.0,160.0,2,100.0,3,1,2,88,0,0,0,1931,1633,53.33,0.022,0.0
wide,0.02,- whatif (twin->predictor),soc_trang,mild,160.0,7,24,2024,55.6944,0.0,160.0,1,60.0,3,1,2,88,0,0,0,1931,1633,53.33,0.022,0.0
wide,0.02,- whatif (twin->predictor),soc_trang,mild,160.0,8,24,2024,54.5833,0.0,160.0,0,0.0,3,0,3,87,0,0,0,1907,1610,53.33,0.033,0.0
wide,0.02,- whatif (twin->predictor),soc_trang,mild,160.0,9,24,2024,54.5833,0.0,160.0,1,40.0,4,1,3,87,0,0,0,1907,1610,53.33,0.033,0.1378
wide,0.02,- whatif (twin->predictor),soc_trang,severe,160.0,0,24,2024,52.5926,0.0,160.0,0,0.0,11,6,5,85,0,0,0,1863,1580,53.33,0.056,0.3159
wide,0.02,- whatif (twin->predictor),soc_trang,severe,160.0,1,24,2024,52.5926,0.0,160.0,0,0.0,12,7,5,85,0,0,0,1863,1580,53.33,0.056,0.4762
wide,0.02,- whatif (twin->predictor),soc_trang,severe,160.0,2,24,2024,54.5833,0.0,160.0,0,0.0,6,3,3,87,0,0,0,1907,1609,53.33,0.033,0.1966
wide,0.02,- whatif (twin->predictor),soc_trang,severe,160.0,3,24,2024,52.5926,0.0,160.0,1,40.0,14,9,5,85,0,0,0,1863,1580,53.33,0.056,0.257
wide,0.02,- whatif (twin->predictor),soc_trang,severe,160.0,4,24,2024,53.5185,0.0,160.0,1,60.0,10,6,4,86,0,0,0,1884,1586,53.33,0.044,0.2366
wide,0.02,- whatif (twin->predictor),soc_trang,severe,160.0,5,24,2024,54.5833,0.0,160.0,1,40.0,3,0,3,87,0,0,0,1907,1610,53.33,0.033,0.1445
wide,0.02,- whatif (twin->predictor),soc_trang,severe,160.0,6,24,2024,53.5185,0.0,160.0,1,60.0,11,7,4,86,0,0,0,1884,1586,53.33,0.044,0.2951
wide,0.02,- whatif (twin->predictor),soc_trang,severe,160.0,7,24,2024,55.6944,0.0,160.0,1,60.0,7,5,2,88,0,0,0,1931,1633,53.33,0.022,0.139
wide,0.02,- whatif (twin->predictor),soc_trang,severe,160.0,8,24,2024,53.5185,0.0,160.0,0,0.0,8,4,4,86,0,0,0,1884,1586,53.33,0.044,0.1489
wide,0.02,- whatif (twin->predictor),soc_trang,severe,160.0,9,24,2024,53.5185,0.0,160.0,1,40.0,9,5,4,86,0,0,0,1884,1586,53.33,0.044,0.5034
wide,0.02,- whatif (twin->predictor),ca_mau,mild,160.0,0,24,2024,54.2593,0.0,160.0,0,0.0,3,0,3,87,0,0,0,1908,1611,53.33,0.033,0.0
wide,0.02,- whatif (twin->predictor),ca_mau,mild,160.0,1,24,2024,54.2593,0.0,160.0,0,0.0,3,0,3,87,0,0,0,1908,1611,53.33,0.033,0.0
wide,0.02,- whatif (twin->predictor),ca_mau,mild,160.0,2,24,2024,54.2593,0.0,160.0,1,40.0,4,1,3,87,0,0,0,1908,1611,53.33,0.033,0.1276
wide,0.02,- whatif (twin->predictor),ca_mau,mild,160.0,3,24,2024,54.2593,0.0,160.0,1,40.0,3,0,3,87,0,0,0,1908,1611,53.33,0.033,0.0
wide,0.02,- whatif (twin->predictor),ca_mau,mild,160.0,4,24,2024,54.6296,0.0,160.0,1,60.0,3,1,2,88,0,0,0,1931,1633,53.33,0.022,0.0
wide,0.02,- whatif (twin->predictor),ca_mau,mild,160.0,5,24,2024,53.2407,0.0,160.0,1,40.0,5,1,4,86,0,0,0,1885,1588,53.33,0.044,0.1793
wide,0.02,- whatif (twin->predictor),ca_mau,mild,160.0,6,24,2024,54.6296,0.0,160.0,2,100.0,3,1,2,88,0,0,0,1931,1633,53.33,0.022,0.0
wide,0.02,- whatif (twin->predictor),ca_mau,mild,160.0,7,24,2024,54.6296,0.0,160.0,1,60.0,3,1,2,88,0,0,0,1931,1633,53.33,0.022,0.0
wide,0.02,- whatif (twin->predictor),ca_mau,mild,160.0,8,24,2024,54.2593,0.0,160.0,0,0.0,3,0,3,87,0,0,0,1908,1611,53.33,0.033,0.0
wide,0.02,- whatif (twin->predictor),ca_mau,mild,160.0,9,24,2024,54.2593,0.0,160.0,1,40.0,4,1,3,87,0,0,0,1908,1611,53.33,0.033,0.1276
wide,0.02,- whatif (twin->predictor),ca_mau,severe,160.0,0,24,2024,52.2222,0.0,160.0,0,0.0,11,6,5,85,0,0,0,1862,1581,53.33,0.056,0.2716
wide,0.02,- whatif (twin->predictor),ca_mau,severe,160.0,1,24,2024,52.2222,0.0,160.0,0,0.0,12,7,5,85,0,0,0,1862,1581,53.33,0.056,0.439
wide,0.02,- whatif (twin->predictor),ca_mau,severe,160.0,2,24,2024,54.2593,0.0,160.0,0,0.0,6,3,3,87,0,0,0,1908,1611,53.33,0.033,0.1688
wide,0.02,- whatif (twin->predictor),ca_mau,severe,160.0,3,24,2024,52.2222,0.0,160.0,1,40.0,14,9,5,85,0,0,0,1862,1581,53.33,0.056,0.23
wide,0.02,- whatif (twin->predictor),ca_mau,severe,160.0,4,24,2024,53.2407,0.0,160.0,1,60.0,10,6,4,86,0,0,0,1885,1588,53.33,0.044,0.2127
wide,0.02,- whatif (twin->predictor),ca_mau,severe,160.0,5,24,2024,54.2593,0.0,160.0,1,40.0,3,0,3,87,0,0,0,1908,1611,53.33,0.033,0.1263
wide,0.02,- whatif (twin->predictor),ca_mau,severe,160.0,6,24,2024,53.2407,0.0,160.0,1,60.0,11,7,4,86,0,0,0,1885,1588,53.33,0.044,0.2754
wide,0.02,- whatif (twin->predictor),ca_mau,severe,160.0,7,24,2024,54.6296,0.0,160.0,1,60.0,7,5,2,88,0,0,0,1931,1633,53.33,0.022,0.1286
wide,0.02,- whatif (twin->predictor),ca_mau,severe,160.0,8,24,2024,53.2407,0.0,160.0,0,0.0,8,4,4,86,0,0,0,1885,1588,53.33,0.044,0.1294
wide,0.02,- whatif (twin->predictor),ca_mau,severe,160.0,9,24,2024,53.2407,0.0,160.0,1,40.0,9,5,4,86,0,0,0,1885,1588,53.33,0.044,0.4324
wide,0.02,- T2 (gui lai mu),can_tho,mild,160.0,0,24,2024,14.537,0.0,160.0,0,0.0,11,3,8,82,0,8,0,1749,1558,20.0,0.089,0.7454
wide,0.02,- T2 (gui lai mu),can_tho,mild,160.0,1,24,2024,15.6944,0.0,160.0,1,20.0,14,7,7,83,0,7,0,1714,1496,20.0,0.078,1.7079
wide,0.02,- T2 (gui lai mu),can_tho,mild,160.0,2,24,2024,27.7778,0.0,160.0,5,100.0,8,5,3,87,0,3,0,1611,1300,20.0,0.033,0.0
wide,0.02,- T2 (gui lai mu),can_tho,mild,160.0,3,24,2024,22.5926,0.0,160.0,4,80.0,8,4,4,86,0,4,0,1577,1297,20.0,0.044,0.0
wide,0.02,- T2 (gui lai mu),can_tho,mild,160.0,4,24,2024,17.963,0.0,160.0,2,40.0,8,2,6,84,0,6,0,1662,1427,20.0,0.067,0.0
wide,0.02,- T2 (gui lai mu),can_tho,mild,160.0,5,24,2024,21.0648,0.0,160.0,3,60.0,16,11,5,85,0,5,0,1627,1370,20.0,0.056,1.2303
wide,0.02,- T2 (gui lai mu),can_tho,mild,160.0,6,24,2024,28.1019,0.0,160.0,5,100.0,12,9,3,87,0,3,0,1608,1295,20.0,0.033,0.4303
wide,0.02,- T2 (gui lai mu),can_tho,mild,160.0,7,24,2024,19.8611,0.0,160.0,3,60.0,10,5,5,85,0,5,0,1607,1357,20.0,0.056,0.6086
wide,0.02,- T2 (gui lai mu),can_tho,mild,160.0,8,24,2024,15.6944,0.0,160.0,1,20.0,9,2,7,83,0,7,0,1710,1494,20.0,0.078,0.4303
wide,0.02,- T2 (gui lai mu),can_tho,mild,160.0,9,24,2024,17.963,0.0,160.0,2,40.0,16,10,6,84,0,6,0,1671,1449,20.0,0.067,1.96
wide,0.02,- T2 (gui lai mu),can_tho,severe,160.0,0,24,2024,13.4259,0.0,160.0,0,0.0,38,30,8,82,0,8,0,1758,1561,20.0,0.089,2.5107
wide,0.02,- T2 (gui lai mu),can_tho,severe,160.0,1,24,2024,15.6944,0.0,160.0,1,20.0,14,7,7,83,0,7,0,1714,1496,20.0,0.078,0.4303
wide,0.02,- T2 (gui lai mu),can_tho,severe,160.0,2,24,2024,26.9907,0.0,160.0,5,100.0,29,26,3,87,0,3,0,1591,1304,20.0,0.033,1.5716
wide,0.02,- T2 (gui lai mu),can_tho,severe,160.0,3,24,2024,22.1759,0.0,160.0,4,80.0,34,30,4,86,0,4,0,1571,1305,20.0,0.044,2.0275
wide,0.02,- T2 (gui lai mu),can_tho,severe,160.0,4,24,2024,17.963,0.0,160.0,2,40.0,20,14,6,84,0,6,0,1668,1434,20.0,0.067,1.0541
wide,0.02,- T2 (gui lai mu),can_tho,severe,160.0,5,24,2024,21.0648,0.0,160.0,3,60.0,11,6,5,85,0,5,0,1627,1369,20.0,0.056,0.9215
wide,0.02,- T2 (gui lai mu),can_tho,severe,160.0,6,24,2024,26.8981,0.0,160.0,5,100.0,38,35,3,87,0,3,0,1611,1303,20.0,0.033,2.3407
wide,0.02,- T2 (gui lai mu),can_tho,severe,160.0,7,24,2024,18.8889,0.0,160.0,3,60.0,59,54,5,85,0,5,0,1615,1384,20.0,0.056,3.8509
wide,0.02,- T2 (gui lai mu),can_tho,severe,160.0,8,24,2024,14.5833,0.0,160.0,1,20.0,34,27,7,83,0,7,0,1730,1492,20.0,0.078,2.269
wide,0.02,- T2 (gui lai mu),can_tho,severe,160.0,9,24,2024,16.9444,0.0,160.0,2,40.0,20,14,6,84,0,6,0,1688,1463,20.0,0.067,1.3605
wide,0.02,- T2 (gui lai mu),soc_trang,mild,160.0,0,24,2024,11.1574,0.0,160.0,0,0.0,9,1,8,82,0,8,0,1765,1683,20.0,0.089,0.6086
wide,0.02,- T2 (gui lai mu),soc_trang,mild,160.0,1,24,2024,13.3796,0.0,160.0,1,20.0,14,7,7,83,0,7,0,1726,1599,20.0,0.078,1.7589
wide,0.02,- T2 (gui lai mu),soc_trang,mild,160.0,2,24,2024,26.6667,0.0,160.0,5,100.0,8,5,3,87,0,3,0,1589,1398,20.0,0.033,0.0
wide,0.02,- T2 (gui lai mu),soc_trang,mild,160.0,3,24,2024,21.2963,0.0,160.0,4,80.0,11,7,4,86,0,4,0,1561,1401,20.0,0.044,0.8607
wide,0.02,- T2 (gui lai mu),soc_trang,mild,160.0,4,24,2024,15.5093,0.0,160.0,2,40.0,11,5,6,84,0,6,0,1656,1540,20.0,0.067,0.7454
wide,0.02,- T2 (gui lai mu),soc_trang,mild,160.0,5,24,2024,17.8704,0.0,160.0,3,60.0,10,5,5,85,0,5,0,1633,1484,20.0,0.056,0.7451
wide,0.02,- T2 (gui lai mu),soc_trang,mild,160.0,6,24,2024,27.5926,0.0,160.0,5,100.0,12,9,3,87,0,3,0,1587,1380,20.0,0.033,0.4303
wide,0.02,- T2 (gui lai mu),soc_trang,mild,160.0,7,24,2024,17.8241,0.0,160.0,3,60.0,12,7,5,85,0,5,0,1608,1444,20.0,0.056,0.8607
wide,0.02,- T2 (gui lai mu),soc_trang,mild,160.0,8,24,2024,13.3796,0.0,160.0,1,20.0,12,5,7,83,0,7,0,1713,1600,20.0,0.078,0.8607
wide,0.02,- T2 (gui lai mu),soc_trang,mild,160.0,9,24,2024,15.5556,0.0,160.0,2,40.0,17,11,6,84,0,6,0,1684,1556,20.0,0.067,2.0132
wide,0.02,- T2 (gui lai mu),soc_trang,severe,160.0,0,24,2024,11.1574,0.0,160.0,0,0.0,25,17,8,82,0,8,0,1781,1683,20.0,0.089,1.1384
wide,0.02,- T2 (gui lai mu),soc_trang,severe,160.0,1,24,2024,13.3796,0.0,160.0,1,20.0,37,30,7,83,0,7,0,1718,1601,20.0,0.078,2.1571
wide,0.02,- T2 (gui lai mu),soc_trang,severe,160.0,2,24,2024,26.6667,0.0,160.0,5,100.0,20,17,3,87,0,3,0,1592,1388,20.0,0.033,1.527
wide,0.02,- T2 (gui lai mu),soc_trang,severe,160.0,3,24,2024,21.2963,0.0,160.0,4,80.0,23,19,4,86,0,4,0,1571,1399,20.0,0.044,1.4907
wide,0.02,- T2 (gui lai mu),soc_trang,severe,160.0,4,24,2024,15.5093,0.0,160.0,2,40.0,18,12,6,84,0,6,0,1658,1545,20.0,0.067,1.0541
wide,0.02,- T2 (gui lai mu),soc_trang,severe,160.0,5,24,2024,17.8704,0.0,160.0,3,60.0,17,12,5,85,0,5,0,1636,1491,20.0,0.056,0.9372
wide,0.02,- T2 (gui lai mu),soc_trang,severe,160.0,6,24,2024,27.5926,0.0,160.0,5,100.0,17,14,3,87,0,3,0,1594,1382,20.0,0.033,1.1867
wide,0.02,- T2 (gui lai mu),soc_trang,severe,160.0,7,24,2024,17.8241,0.0,160.0,3,60.0,31,26,5,85,0,5,0,1606,1463,20.0,0.056,2.7022
wide,0.02,- T2 (gui lai mu),soc_trang,severe,160.0,8,24,2024,13.3796,0.0,160.0,1,20.0,32,25,7,83,0,7,0,1728,1603,20.0,0.078,2.3043
wide,0.02,- T2 (gui lai mu),soc_trang,severe,160.0,9,24,2024,15.5093,0.0,160.0,2,40.0,20,14,6,84,0,6,0,1667,1560,20.0,0.067,1.1386
wide,0.02,- T2 (gui lai mu),ca_mau,mild,160.0,0,24,2024,8.7963,0.0,160.0,0,0.0,15,7,8,82,0,8,0,1749,1659,20.0,0.089,1.1386
wide,0.02,- T2 (gui lai mu),ca_mau,mild,160.0,1,24,2024,9.9074,0.0,160.0,1,20.0,9,2,7,83,0,7,0,1721,1596,20.0,0.078,0.4303
wide,0.02,- T2 (gui lai mu),ca_mau,mild,160.0,2,24,2024,24.537,0.0,160.0,5,100.0,8,5,3,87,0,3,0,1561,1371,20.0,0.033,0.0
wide,0.02,- T2 (gui lai mu),ca_mau,mild,160.0,3,24,2024,17.6852,0.0,160.0,4,80.0,9,5,4,86,0,4,0,1563,1382,20.0,0.044,0.4303
wide,0.02,- T2 (gui lai mu),ca_mau,mild,160.0,4,24,2024,12.3148,0.0,160.0,2,40.0,11,5,6,84,0,6,0,1630,1515,20.0,0.067,1.0539
wide,0.02,- T2 (gui lai mu),ca_mau,mild,160.0,5,24,2024,15.3704,0.0,160.0,3,60.0,14,9,5,85,0,5,0,1614,1485,20.0,0.056,0.9413
wide,0.02,- T2 (gui lai mu),ca_mau,mild,160.0,6,24,2024,24.1204,0.0,160.0,5,100.0,8,5,3,87,0,3,0,1580,1369,20.0,0.033,0.0
wide,0.02,- T2 (gui lai mu),ca_mau,mild,160.0,7,24,2024,14.4444,0.0,160.0,3,60.0,11,6,5,85,0,5,0,1602,1437,20.0,0.056,0.7454
wide,0.02,- T2 (gui lai mu),ca_mau,mild,160.0,8,24,2024,11.0648,0.0,160.0,1,20.0,11,4,7,83,0,7,0,1666,1572,20.0,0.078,0.7454
wide,0.02,- T2 (gui lai mu),ca_mau,mild,160.0,9,24,2024,12.3148,0.0,160.0,2,40.0,13,7,6,84,0,6,0,1634,1535,20.0,0.067,1.2172
wide,0.02,- T2 (gui lai mu),ca_mau,severe,160.0,0,24,2024,8.75,0.0,160.0,0,0.0,18,10,8,82,0,8,0,1752,1659,20.0,0.089,0.4303
wide,0.02,- T2 (gui lai mu),ca_mau,severe,160.0,1,24,2024,9.9074,0.0,160.0,1,20.0,16,9,7,83,0,7,0,1729,1598,20.0,0.078,0.0
wide,0.02,- T2 (gui lai mu),ca_mau,severe,160.0,2,24,2024,24.537,0.0,160.0,5,100.0,20,17,3,87,0,3,0,1564,1367,20.0,0.033,1.5247
wide,0.02,- T2 (gui lai mu),ca_mau,severe,160.0,3,24,2024,17.6852,0.0,160.0,4,80.0,22,18,4,86,0,4,0,1563,1388,20.0,0.044,1.3608
wide,0.02,- T2 (gui lai mu),ca_mau,severe,160.0,4,24,2024,12.3148,0.0,160.0,2,40.0,44,38,6,84,0,6,0,1632,1547,20.0,0.067,2.9522
wide,0.02,- T2 (gui lai mu),ca_mau,severe,160.0,5,24,2024,15.3704,0.0,160.0,3,60.0,14,9,5,85,0,5,0,1618,1483,20.0,0.056,1.3607
wide,0.02,- T2 (gui lai mu),ca_mau,severe,160.0,6,24,2024,22.3148,0.0,160.0,5,100.0,28,25,3,87,0,3,0,1564,1372,20.0,0.033,1.6162
wide,0.02,- T2 (gui lai mu),ca_mau,severe,160.0,7,24,2024,14.4444,0.0,160.0,3,60.0,35,30,5,85,0,5,0,1610,1459,20.0,0.056,2.2112
wide,0.02,- T2 (gui lai mu),ca_mau,severe,160.0,8,24,2024,11.0185,0.0,160.0,1,20.0,21,14,7,83,0,7,0,1678,1573,20.0,0.078,0.7454
wide,0.02,- T2 (gui lai mu),ca_mau,severe,160.0,9,24,2024,12.3148,0.0,160.0,2,40.0,16,10,6,84,0,6,0,1636,1536,20.0,0.067,0.9623
wide,0.02,- tai neo cam bien,can_tho,mild,160.0,0,24,2024,12.8704,0.0,160.0,0,0.0,11,2,9,81,0,6,1,902,1509,20.0,0.1,9.1139
wide,0.02,- tai neo cam bien,can_tho,mild,160.0,1,24,2024,12.5463,0.0,160.0,1,20.0,11,3,8,82,0,6,0,1689,1437,20.0,0.089,8.8218
wide,0.02,- tai neo cam bien,can_tho,mild,160.0,2,24,2024,17.2222,0.0,160.0,4,80.0,9,3,6,84,0,6,0,1684,1430,20.0,0.067,4.0783
wide,0.02,- tai neo cam bien,can_tho,mild,160.0,3,24,2024,17.6389,0.0,160.0,4,80.0,10,3,7,83,0,6,0,1736,1455,20.0,0.078,8.219
wide,0.02,- tai neo cam bien,can_tho,mild,160.0,4,24,2024,17.963,0.0,160.0,2,40.0,8,2,6,84,0,6,0,1662,1427,20.0,0.067,0.0
wide,0.02,- tai neo cam bien,can_tho,mild,160.0,5,24,2024,13.75,0.0,160.0,3,60.0,11,3,8,82,0,5,0,1591,1456,20.0,0.089,9.268
wide,0.02,- tai neo cam bien,can_tho,mild,160.0,6,24,2024,18.6111,0.0,160.0,5,100.0,9,4,5,85,0,5,0,1628,1386,20.0,0.056,4.6586
wide,0.02,- tai neo cam bien,can_tho,mild,160.0,7,24,2024,16.8981,0.0,160.0,3,60.0,11,4,7,83,0,5,0,1415,1424,20.0,0.078,9.5113
wide,0.02,- tai neo cam bien,can_tho,mild,160.0,8,24,2024,12.4074,0.0,160.0,1,20.0,10,2,8,82,0,7,1,874,1534,20.0,0.089,6.3121
wide,0.02,- tai neo cam bien,can_tho,mild,160.0,9,24,2024,17.9167,0.0,160.0,2,40.0,13,5,8,82,0,5,0,1648,1374,20.0,0.089,12.5781
wide,0.02,- tai neo cam bien,can_tho,severe,160.0,0,24,2024,13.1019,0.0,160.0,0,0.0,18,9,9,81,0,6,1,1685,1534,20.0,0.1,4.9119
wide,0.02,- tai neo cam bien,can_tho,severe,160.0,1,24,2024,18.5648,0.0,160.0,1,20.0,21,12,9,81,0,4,3,1702,1486,20.0,0.1,5.6733
wide,0.02,- tai neo cam bien,can_tho,severe,160.0,2,24,2024,24.6759,0.0,160.0,4,80.0,16,11,5,85,0,4,1,1673,1415,20.0,0.056,8.9453
wide,0.02,- tai neo cam bien,can_tho,severe,160.0,3,24,2024,24.0741,0.0,140.0,1,20.0,42,30,12,78,0,5,0,1073,1387,20.0,0.133,10.0534
wide,0.02,- tai neo cam bien,can_tho,severe,160.0,4,24,2024,21.0185,0.0,160.0,2,40.0,16,9,7,83,0,4,3,1632,1415,20.0,0.078,4.4411
wide,0.02,- tai neo cam bien,can_tho,severe,160.0,5,24,2024,20.8333,0.0,160.0,3,60.0,17,10,7,83,0,3,2,1562,1324,20.0,0.078,9.6211
wide,0.02,- tai neo cam bien,can_tho,severe,160.0,6,24,2024,29.9537,0.0,160.0,3,60.0,16,11,5,85,0,1,2,1542,1270,20.0,0.056,10.5624
wide,0.02,- tai neo cam bien,can_tho,severe,160.0,7,24,2024,16.4815,0.0,160.0,2,40.0,31,21,10,80,0,4,2,1657,1465,20.0,0.111,7.2698
wide,0.02,- tai neo cam bien,can_tho,severe,160.0,8,24,2024,18.1481,0.0,160.0,1,20.0,16,8,8,82,0,3,3,1556,1432,20.0,0.089,5.453
wide,0.02,- tai neo cam bien,can_tho,severe,160.0,9,24,2024,19.537,0.0,160.0,2,40.0,17,10,7,83,0,4,2,1649,1442,20.0,0.078,5.6264
wide,0.02,- tai neo cam bien,soc_trang,mild,160.0,0,24,2024,12.963,0.0,160.0,0,0.0,10,1,9,81,0,8,0,1355,1657,20.0,0.1,7.8778
wide,0.02,- tai neo cam bien,soc_trang,mild,160.0,1,24,2024,13.1019,0.0,160.0,1,20.0,10,2,8,82,0,6,0,1625,1601,20.0,0.089,8.0593
wide,0.02,- tai neo cam bien,soc_trang,mild,160.0,2,24,2024,18.9815,0.0,160.0,5,100.0,8,3,5,85,0,5,0,1606,1445,20.0,0.056,0.0
wide,0.02,- tai neo cam bien,soc_trang,mild,160.0,3,24,2024,17.7315,0.0,160.0,4,80.0,8,2,6,84,0,6,0,1643,1498,20.0,0.067,0.0
wide,0.02,- tai neo cam bien,soc_trang,mild,160.0,4,24,2024,17.8241,0.0,160.0,2,40.0,8,2,6,84,0,6,0,1642,1509,20.0,0.067,0.0
wide,0.02,- tai neo cam bien,soc_trang,mild,160.0,5,24,2024,16.2963,0.0,140.0,2,40.0,12,4,8,82,0,5,0,1415,1622,20.0,0.089,12.6141
wide,0.02,- tai neo cam bien,soc_trang,mild,160.0,6,24,2024,18.9352,0.0,160.0,5,100.0,8,3,5,85,0,5,0,1590,1428,20.0,0.056,0.0
wide,0.02,- tai neo cam bien,soc_trang,mild,160.0,7,24,2024,12.5463,0.0,160.0,3,60.0,11,4,7,83,0,6,0,1728,1584,20.0,0.078,10.0524
wide,0.02,- tai neo cam bien,soc_trang,mild,160.0,8,24,2024,11.5278,0.0,160.0,1,20.0,10,2,8,82,0,7,0,1774,1640,20.0,0.089,8.371
wide,0.02,- tai neo cam bien,soc_trang,mild,160.0,9,24,2024,19.5833,0.0,140.0,1,20.0,12,4,8,82,0,5,0,1652,1615,20.0,0.089,12.843
wide,0.02,- tai neo cam bien,soc_trang,severe,160.0,0,24,2024,12.963,0.0,160.0,0,0.0,24,13,11,79,0,5,0,1514,1675,20.0,0.122,6.9562
wide,0.02,- tai neo cam bien,soc_trang,severe,160.0,1,24,2024,15.787,0.0,160.0,1,20.0,28,17,11,79,0,6,0,1412,1591,20.0,0.122,8.5298
wide,0.02,- tai neo cam bien,soc_trang,severe,160.0,2,24,2024,18.3796,0.0,160.0,1,20.0,29,21,8,82,0,4,3,616,1515,20.0,0.089,6.0452
wide,0.02,- tai neo cam bien,soc_trang,severe,160.0,3,24,2024,21.8981,0.0,160.0,4,80.0,24,17,7,83,0,1,3,1485,1443,20.0,0.078,9.0257
wide,0.02,- tai neo cam bien,soc_trang,severe,160.0,4,24,2024,18.9352,0.0,160.0,2,40.0,15,8,7,83,0,5,2,1599,1517,20.0,0.078,4.693
wide,0.02,- tai neo cam bien,soc_trang,severe,160.0,5,24,2024,15.0926,0.0,160.0,3,60.0,21,13,8,82,0,6,1,1691,1565,20.0,0.089,6.3618
wide,0.02,- tai neo cam bien,soc_trang,severe,160.0,6,24,2024,27.4074,0.0,160.0,4,80.0,19,13,6,84,0,2,1,1591,1401,20.0,0.067,11.1501
wide,0.02,- tai neo cam bien,soc_trang,severe,160.0,7,24,2024,16.8519,0.0,160.0,2,40.0,29,19,10,80,0,4,1,1395,1579,20.0,0.111,9.768
wide,0.02,- tai neo cam bien,soc_trang,severe,160.0,8,24,2024,14.213,0.0,160.0,1,20.0,27,16,11,79,0,6,0,1578,1615,20.0,0.122,7.9964
wide,0.02,- tai neo cam bien,soc_trang,severe,160.0,9,24,2024,18.4259,0.0,160.0,2,40.0,18,11,7,83,0,4,2,1629,1543,20.0,0.078,5.9232
wide,0.02,- tai neo cam bien,ca_mau,mild,160.0,0,24,2024,4.2593,0.0,160.0,0,0.0,10,2,8,82,0,8,0,1780,1649,20.0,0.089,6.4605
wide,0.02,- tai neo cam bien,ca_mau,mild,160.0,1,24,2024,9.2593,0.0,160.0,1,20.0,12,4,8,82,0,6,0,1637,1548,20.0,0.089,10.7071
wide,0.02,- tai neo cam bien,ca_mau,mild,160.0,2,24,2024,14.537,0.0,160.0,5,100.0,8,3,5,85,0,5,0,1587,1448,20.0,0.056,0.0
wide,0.02,- tai neo cam bien,ca_mau,mild,160.0,3,24,2024,8.4259,0.0,160.0,4,80.0,11,4,7,83,0,6,0,1709,1539,20.0,0.078,9.2262
wide,0.02,- tai neo cam bien,ca_mau,mild,160.0,4,24,2024,13.4722,0.0,160.0,2,40.0,8,2,6,84,0,6,0,1606,1501,20.0,0.067,0.0
wide,0.02,- tai neo cam bien,ca_mau,mild,160.0,5,24,2024,8.1019,0.0,160.0,3,60.0,11,4,7,83,0,5,0,1539,1508,20.0,0.078,9.3433
wide,0.02,- tai neo cam bien,ca_mau,mild,160.0,6,24,2024,16.3889,0.0,160.0,5,100.0,8,3,5,85,0,5,0,1547,1420,20.0,0.056,0.0
wide,0.02,- tai neo cam bien,ca_mau,mild,160.0,7,24,2024,12.7778,0.0,140.0,2,40.0,12,5,7,83,0,5,0,1689,1578,20.0,0.078,12.3028
wide,0.02,- tai neo cam bien,ca_mau,mild,160.0,8,24,2024,9.5833,0.0,160.0,1,20.0,9,2,7,83,0,7,0,1685,1556,20.0,0.078,4.1805
wide,0.02,- tai neo cam bien,ca_mau,mild,160.0,9,24,2024,21.9444,0.0,120.0,0,0.0,12,4,8,82,0,3,0,538,1493,20.0,0.089,14.5779
wide,0.02,- tai neo cam bien,ca_mau,severe,160.0,0,24,2024,20.787,0.0,120.0,0,0.0,27,17,10,80,0,4,0,1652,1650,20.0,0.111,8.3672
wide,0.02,- tai neo cam bien,ca_mau,severe,160.0,1,24,2024,13.75,0.0,160.0,1,20.0,22,14,8,82,0,4,2,1513,1546,20.0,0.089,5.1754
wide,0.02,- tai neo cam bien,ca_mau,severe,160.0,2,24,2024,14.9537,0.0,160.0,4,80.0,25,18,7,83,0,3,2,1471,1477,20.0,0.078,9.7153
wide,0.02,- tai neo cam bien,ca_mau,severe,160.0,3,24,2024,9.7222,0.0,160.0,4,80.0,25,16,9,81,0,3,2,1538,1511,20.0,0.1,8.2691
wide,0.02,- tai neo cam bien,ca_mau,severe,160.0,4,24,2024,7.963,0.0,160.0,1,20.0,29,19,10,80,0,6,0,1364,1571,20.0,0.111,7.0065
wide,0.02,- tai neo cam bien,ca_mau,severe,160.0,5,24,2024,15.0463,0.0,160.0,2,40.0,19,12,7,83,0,5,0,1615,1467,20.0,0.078,10.8211
wide,0.02,- tai neo cam bien,ca_mau,severe,160.0,6,24,2024,24.4907,0.0,160.0,5,100.0,14,9,5,85,0,2,1,1533,1339,20.0,0.056,11.1361
wide,0.02,- tai neo cam bien,ca_mau,severe,160.0,7,24,2024,17.963,0.0,160.0,3,60.0,12,6,6,84,0,4,2,1504,1418,20.0,0.067,8.9592
wide,0.02,- tai neo cam bien,ca_mau,severe,160.0,8,24,2024,11.4815,0.0,160.0,1,20.0,22,13,9,81,0,4,2,1521,1529,20.0,0.1,7.1073
wide,0.02,- tai neo cam bien,ca_mau,severe,160.0,9,24,2024,16.8519,0.0,160.0,2,40.0,10,4,6,84,0,4,2,1552,1451,20.0,0.067,6.2735
wide,0.02,- epoch cap (quyet dinh moi gio),can_tho,mild,160.0,0,1,2024,16.9444,0.0,160.0,0,0.0,8,0,8,2152,0,5,3,1734,1532,20.0,0.089,0.0
wide,0.02,- epoch cap (quyet dinh moi gio),can_tho,mild,160.0,1,1,2024,16.9444,0.0,160.0,1,20.0,11,3,8,2149,0,4,4,1738,1548,20.0,0.089,0.8566
wide,0.02,- epoch cap (quyet dinh moi gio),can_tho,mild,160.0,2,1,2024,22.3148,0.0,160.0,5,100.0,9,4,5,2151,0,3,2,1596,1342,20.0,0.056,0.4303
wide,0.02,- epoch cap (quyet dinh moi gio),can_tho,mild,160.0,3,1,2024,20.3704,0.0,160.0,4,80.0,9,3,6,2151,0,4,2,1636,1410,20.0,0.067,0.4303
wide,0.02,- epoch cap (quyet dinh moi gio),can_tho,mild,160.0,4,1,2024,20.2778,0.0,160.0,2,40.0,9,3,6,2151,0,4,2,1662,1415,20.0,0.067,0.4303
wide,0.02,- epoch cap (quyet dinh moi gio),can_tho,mild,160.0,5,1,2024,20.2778,0.0,160.0,3,60.0,9,3,6,2151,0,4,2,1659,1411,20.0,0.067,0.4303
wide,0.02,- epoch cap (quyet dinh moi gio),can_tho,mild,160.0,6,1,2024,22.3148,0.0,160.0,5,100.0,9,4,5,2151,0,4,1,1589,1351,20.0,0.056,0.4303
wide,0.02,- epoch cap (quyet dinh moi gio),can_tho,mild,160.0,7,1,2024,20.2778,0.0,160.0,3,60.0,11,4,7,2149,0,4,2,1655,1411,20.0,0.078,0.7454
wide,0.02,- epoch cap (quyet dinh moi gio),can_tho,mild,160.0,8,1,2024,18.8889,0.0,160.0,1,20.0,10,3,7,2150,0,4,3,1705,1482,20.0,0.078,0.6086
wide,0.02,- epoch cap (quyet dinh moi gio),can_tho,mild,160.0,9,1,2024,20.2778,0.0,160.0,2,40.0,8,2,6,2152,0,4,2,1662,1413,20.0,0.067,0.0
wide,0.02,- epoch cap (quyet dinh moi gio),can_tho,severe,160.0,0,1,2024,16.8056,0.0,160.0,0,0.0,26,15,11,2134,0,5,3,1739,1560,20.0,0.122,0.8607
wide,0.02,- epoch cap (quyet dinh moi gio),can_tho,severe,160.0,1,1,2024,16.8056,0.0,160.0,1,20.0,22,12,10,2138,0,5,3,1714,1554,20.0,0.111,0.8607
wide,0.02,- epoch cap (quyet dinh moi gio),can_tho,severe,160.0,2,1,2024,24.537,0.0,160.0,5,100.0,18,13,5,2142,0,3,1,1603,1306,20.0,0.056,1.2172
wide,0.02,- epoch cap (quyet dinh moi gio),can_tho,severe,160.0,3,1,2024,22.5463,0.0,160.0,4,80.0,13,8,5,2147,0,4,1,1618,1349,20.0,0.056,1.256
wide,0.02,- epoch cap (quyet dinh moi gio),can_tho,severe,160.0,4,1,2024,15.8333,0.0,160.0,1,20.0,49,35,14,2111,0,7,1,1752,1562,20.0,0.156,1.4853
wide,0.02,- epoch cap (quyet dinh moi gio),can_tho,severe,160.0,5,1,2024,18.5648,0.0,160.0,2,40.0,25,16,9,2135,0,4,3,1697,1489,20.0,0.1,1.3608
wide,0.02,- epoch cap (quyet dinh moi gio),can_tho,severe,160.0,6,1,2024,22.4074,0.0,160.0,4,80.0,15,10,5,2145,0,3,2,1621,1349,20.0,0.056,1.4268
wide,0.02,- epoch cap (quyet dinh moi gio),can_tho,severe,160.0,7,1,2024,21.3889,0.0,160.0,3,60.0,15,10,5,2145,0,4,1,1603,1337,20.0,0.056,0.8607
wide,0.02,- epoch cap (quyet dinh moi gio),can_tho,severe,160.0,8,1,2024,18.0093,0.0,160.0,1,20.0,21,13,8,2139,0,5,2,1713,1488,20.0,0.089,0.6086
wide,0.02,- epoch cap (quyet dinh moi gio),can_tho,severe,160.0,9,1,2024,17.6389,0.0,160.0,1,20.0,45,31,14,2115,0,7,0,1705,1487,20.0,0.156,1.608
wide,0.02,- epoch cap (quyet dinh moi gio),soc_trang,mild,160.0,0,1,2024,16.1574,0.0,160.0,0,0.0,12,3,9,2148,0,5,3,1744,1655,20.0,0.1,0.8607
wide,0.02,- epoch cap (quyet dinh moi gio),soc_trang,mild,160.0,1,1,2024,18.0093,0.0,160.0,1,20.0,8,1,7,2152,0,4,3,1690,1572,20.0,0.078,0.0
wide,0.02,- epoch cap (quyet dinh moi gio),soc_trang,mild,160.0,2,1,2024,19.1204,0.0,160.0,4,80.0,11,4,7,2149,0,4,2,1618,1503,20.0,0.078,0.9562
wide,0.02,- epoch cap (quyet dinh moi gio),soc_trang,mild,160.0,3,1,2024,19.7685,0.0,160.0,4,80.0,9,3,6,2151,0,3,3,1610,1496,20.0,0.067,0.4303
wide,0.02,- epoch cap (quyet dinh moi gio),soc_trang,mild,160.0,4,1,2024,19.7222,0.0,160.0,2,40.0,8,2,6,2152,0,4,2,1644,1516,20.0,0.067,0.0
wide,0.02,- epoch cap (quyet dinh moi gio),soc_trang,mild,160.0,5,1,2024,19.1204,0.0,160.0,3,60.0,8,2,6,2152,0,4,2,1640,1497,20.0,0.067,0.0
wide,0.02,- epoch cap (quyet dinh moi gio),soc_trang,mild,160.0,6,1,2024,21.2037,0.0,160.0,5,100.0,9,4,5,2151,0,3,2,1594,1446,20.0,0.056,0.4303
wide,0.02,- epoch cap (quyet dinh moi gio),soc_trang,mild,160.0,7,1,2024,19.8148,0.0,160.0,3,60.0,9,3,6,2151,0,3,3,1625,1499,20.0,0.067,0.4303
wide,0.02,- epoch cap (quyet dinh moi gio),soc_trang,mild,160.0,8,1,2024,17.037,0.0,160.0,1,20.0,14,5,9,2146,0,5,2,1686,1570,20.0,0.1,1.0541
wide,0.02,- epoch cap (quyet dinh moi gio),soc_trang,mild,160.0,9,1,2024,15.8333,0.0,160.0,1,20.0,18,6,12,2142,0,6,2,1754,1661,20.0,0.133,1.3608
wide,0.02,- epoch cap (quyet dinh moi gio),soc_trang,severe,160.0,0,1,2024,15.5556,0.0,160.0,0,0.0,27,16,11,2133,0,7,1,1731,1666,20.0,0.122,0.9615
wide,0.02,- epoch cap (quyet dinh moi gio),soc_trang,severe,160.0,1,1,2024,16.7593,0.0,160.0,1,20.0,41,27,14,2119,0,6,1,1689,1589,20.0,0.156,1.2172
wide,0.02,- epoch cap (quyet dinh moi gio),soc_trang,severe,160.0,2,1,2024,24.4444,0.0,160.0,4,80.0,12,8,4,2148,0,3,1,1581,1402,20.0,0.044,1.0148
wide,0.02,- epoch cap (quyet dinh moi gio),soc_trang,severe,160.0,3,1,2024,19.0278,0.0,160.0,3,60.0,29,20,9,2131,0,6,0,1646,1529,20.0,0.1,1.4252
wide,0.02,- epoch cap (quyet dinh moi gio),soc_trang,severe,160.0,4,1,2024,15.5556,0.0,160.0,1,20.0,30,19,11,2130,0,5,3,1696,1645,20.0,0.122,1.2861
wide,0.02,- epoch cap (quyet dinh moi gio),soc_trang,severe,160.0,5,1,2024,19.1204,0.0,160.0,3,60.0,19,11,8,2141,0,4,2,1646,1518,20.0,0.089,0.9623
wide,0.02,- epoch cap (quyet dinh moi gio),soc_trang,severe,160.0,6,1,2024,23.4722,0.0,160.0,4,80.0,19,14,5,2141,0,3,1,1568,1376,20.0,0.056,1.1009
wide,0.02,- epoch cap (quyet dinh moi gio),soc_trang,severe,160.0,7,1,2024,21.2037,0.0,160.0,3,60.0,12,7,5,2148,0,3,2,1568,1430,20.0,0.056,0.9582
wide,0.02,- epoch cap (quyet dinh moi gio),soc_trang,severe,160.0,8,1,2024,15.8333,0.0,160.0,1,20.0,22,12,10,2138,0,7,1,1742,1653,20.0,0.111,0.8607
wide,0.02,- epoch cap (quyet dinh moi gio),soc_trang,severe,160.0,9,1,2024,17.8704,0.0,160.0,2,40.0,46,32,14,2114,0,6,0,1663,1532,20.0,0.156,1.427
wide,0.02,- epoch cap (quyet dinh moi gio),ca_mau,mild,160.0,0,1,2024,12.0833,0.0,160.0,0,0.0,9,1,8,2151,0,8,0,1730,1645,20.0,0.089,0.4303
wide,0.02,- epoch cap (quyet dinh moi gio),ca_mau,mild,160.0,1,1,2024,14.5833,0.0,160.0,1,20.0,9,2,7,2151,0,6,1,1660,1576,20.0,0.078,0.4303
wide,0.02,- epoch cap (quyet dinh moi gio),ca_mau,mild,160.0,2,1,2024,15.6481,0.0,160.0,4,80.0,9,3,6,2151,0,6,0,1632,1487,20.0,0.067,0.4303
wide,0.02,- epoch cap (quyet dinh moi gio),ca_mau,mild,160.0,3,1,2024,14.7222,0.0,160.0,3,60.0,13,5,8,2147,0,6,0,1635,1491,20.0,0.089,1.7038
wide,0.02,- epoch cap (quyet dinh moi gio),ca_mau,mild,160.0,4,1,2024,15.7407,0.0,160.0,2,40.0,9,3,6,2151,0,4,2,1599,1489,20.0,0.067,0.4303
wide,0.02,- epoch cap (quyet dinh moi gio),ca_mau,mild,160.0,5,1,2024,14.213,0.0,160.0,3,60.0,9,2,7,2151,0,7,0,1674,1579,20.0,0.078,0.6054
wide,0.02,- epoch cap (quyet dinh moi gio),ca_mau,mild,160.0,6,1,2024,17.7315,0.0,160.0,5,100.0,13,6,7,2147,0,4,1,1541,1436,20.0,0.078,0.9623
wide,0.02,- epoch cap (quyet dinh moi gio),ca_mau,mild,160.0,7,1,2024,17.7778,0.0,160.0,3,60.0,8,3,5,2152,0,4,1,1553,1432,20.0,0.056,0.0
wide,0.02,- epoch cap (quyet dinh moi gio),ca_mau,mild,160.0,8,1,2024,12.0833,0.0,160.0,0,0.0,11,2,9,2149,0,8,0,1733,1647,20.0,0.1,0.7454
wide,0.02,- epoch cap (quyet dinh moi gio),ca_mau,mild,160.0,9,1,2024,15.6944,0.0,160.0,2,40.0,8,2,6,2152,0,6,0,1617,1493,20.0,0.067,0.0
wide,0.02,- epoch cap (quyet dinh moi gio),ca_mau,severe,160.0,0,1,2024,11.2037,0.0,160.0,0,0.0,32,19,13,2128,0,8,0,1725,1663,20.0,0.144,1.0541
wide,0.02,- epoch cap (quyet dinh moi gio),ca_mau,severe,160.0,1,1,2024,14.2593,0.0,160.0,1,20.0,21,13,8,2139,0,7,0,1645,1576,20.0,0.089,0.6086
wide,0.02,- epoch cap (quyet dinh moi gio),ca_mau,severe,160.0,2,1,2024,15.8333,0.0,160.0,4,80.0,24,17,7,2136,0,4,2,1601,1478,20.0,0.078,1.4245
wide,0.02,- epoch cap (quyet dinh moi gio),ca_mau,severe,160.0,3,1,2024,20.1389,0.0,160.0,4,80.0,20,14,6,2140,0,4,0,1541,1362,20.0,0.067,1.1818
wide,0.02,- epoch cap (quyet dinh moi gio),ca_mau,severe,160.0,4,1,2024,15.6019,0.0,160.0,2,40.0,17,11,6,2143,0,6,0,1608,1500,20.0,0.067,0.7449
wide,0.02,- epoch cap (quyet dinh moi gio),ca_mau,severe,160.0,5,1,2024,13.4722,0.0,160.0,3,60.0,28,18,10,2132,0,7,0,1678,1591,20.0,0.111,1.1386
wide,0.02,- epoch cap (quyet dinh moi gio),ca_mau,severe,160.0,6,1,2024,25.6944,0.0,160.0,5,100.0,9,6,3,2151,0,3,0,1575,1368,20.0,0.033,0.9702
wide,0.02,- epoch cap (quyet dinh moi gio),ca_mau,severe,160.0,7,1,2024,11.25,0.0,160.0,2,40.0,40,27,13,2120,0,8,0,1699,1648,20.0,0.144,1.4882
wide,0.02,- epoch cap (quyet dinh moi gio),ca_mau,severe,160.0,8,1,2024,12.037,0.0,160.0,0,0.0,22,12,10,2138,0,8,0,1716,1657,20.0,0.111,0.7437
wide,0.02,- epoch cap (quyet dinh moi gio),ca_mau,severe,160.0,9,1,2024,13.1019,0.0,160.0,1,20.0,36,25,11,2124,0,7,0,1658,1590,20.0,0.122,1.1386
wide,0.02,- cong chance-constrained,can_tho,mild,160.0,0,24,2024,35.6944,0.0,160.0,0,0.0,3,0,3,0,0,0,1,1535,1191,53.33,0.033,0.0
wide,0.02,- cong chance-constrained,can_tho,mild,160.0,1,24,2024,35.6944,0.0,160.0,0,0.0,3,0,3,0,0,0,1,1535,1191,53.33,0.033,0.0
wide,0.02,- cong chance-constrained,can_tho,mild,160.0,2,24,2024,35.6944,0.0,160.0,1,40.0,3,0,3,0,0,0,1,1535,1191,53.33,0.033,0.0
wide,0.02,- cong chance-constrained,can_tho,mild,160.0,3,24,2024,35.6944,0.0,160.0,1,40.0,3,0,3,0,0,0,1,1535,1191,53.33,0.033,0.0
wide,0.02,- cong chance-constrained,can_tho,mild,160.0,4,24,2024,43.4722,0.0,160.0,1,60.0,3,1,2,0,0,0,0,1690,1321,53.33,0.022,0.0
wide,0.02,- cong chance-constrained,can_tho,mild,160.0,5,24,2024,35.6944,0.0,160.0,1,40.0,3,0,3,0,0,0,1,1535,1191,53.33,0.033,0.0
wide,0.02,- cong chance-constrained,can_tho,mild,160.0,6,24,2024,35.6944,0.0,160.0,2,100.0,4,1,3,0,0,0,1,1535,1192,53.33,0.033,0.8302
wide,0.02,- cong chance-constrained,can_tho,mild,160.0,7,24,2024,35.6944,0.0,160.0,1,60.0,5,2,3,0,0,0,1,1536,1192,53.33,0.033,0.8607
wide,0.02,- cong chance-constrained,can_tho,mild,160.0,8,24,2024,35.6944,0.0,160.0,0,0.0,4,1,3,0,0,0,1,1535,1192,53.33,0.033,0.8532
wide,0.02,- cong chance-constrained,can_tho,mild,160.0,9,24,2024,35.6944,0.0,160.0,0,0.0,4,1,3,0,0,0,1,1536,1192,53.33,0.033,0.8607
wide,0.02,- cong chance-constrained,can_tho,severe,160.0,0,24,2024,34.6759,0.0,160.0,0,0.0,7,3,4,0,0,0,1,1516,1187,53.33,0.044,1.2074
wide,0.02,- cong chance-constrained,can_tho,severe,160.0,1,24,2024,34.5833,0.0,160.0,0,0.0,14,9,5,0,0,0,2,1524,1196,53.33,0.056,1.4679
wide,0.02,- cong chance-constrained,can_tho,severe,160.0,2,24,2024,35.6944,0.0,160.0,0,0.0,6,3,3,0,0,0,1,1537,1194,53.33,0.033,1.2117
wide,0.02,- cong chance-constrained,can_tho,severe,160.0,3,24,2024,28.287,0.0,160.0,1,40.0,27,18,9,0,0,1,1,1477,1179,53.33,0.1,3.1451
wide,0.02,- cong chance-constrained,can_tho,severe,160.0,4,24,2024,33.6111,0.0,160.0,0,0.0,17,12,5,0,0,0,1,1516,1192,53.33,0.056,1.527
wide,0.02,- cong chance-constrained,can_tho,severe,160.0,5,24,2024,35.6944,0.0,160.0,0,0.0,7,4,3,0,0,0,1,1536,1195,53.33,0.033,0.0
wide,0.02,- cong chance-constrained,can_tho,severe,160.0,6,24,2024,43.4722,0.0,160.0,1,60.0,7,5,2,0,0,0,0,1690,1325,53.33,0.022,1.1746
wide,0.02,- cong chance-constrained,can_tho,severe,160.0,7,24,2024,43.3796,0.0,160.0,1,60.0,11,8,3,0,0,0,1,1703,1346,53.33,0.033,1.1906
wide,0.02,- cong chance-constrained,can_tho,severe,160.0,8,24,2024,35.6944,0.0,160.0,0,0.0,4,1,3,0,0,0,1,1535,1192,53.33,0.033,0.0
wide,0.02,- cong chance-constrained,can_tho,severe,160.0,9,24,2024,35.6944,0.0,160.0,1,40.0,5,2,3,0,0,0,1,1535,1193,53.33,0.033,0.8528
wide,0.02,- cong chance-constrained,soc_trang,mild,160.0,0,24,2024,34.537,0.0,160.0,0,0.0,3,0,3,0,0,0,1,1485,1277,53.33,0.033,0.0
wide,0.02,- cong chance-constrained,soc_trang,mild,160.0,1,24,2024,33.3796,0.0,160.0,0,0.0,5,1,4,0,0,0,2,1478,1264,53.33,0.044,1.2646
wide,0.02,- cong chance-constrained,soc_trang,mild,160.0,2,24,2024,34.537,0.0,160.0,0,0.0,4,1,3,0,0,0,1,1486,1278,53.33,0.033,0.8607
wide,0.02,- cong chance-constrained,soc_trang,mild,160.0,3,24,2024,34.537,0.0,160.0,1,40.0,3,0,3,0,0,0,1,1485,1277,53.33,0.033,0.0
wide,0.02,- cong chance-constrained,soc_trang,mild,160.0,4,24,2024,42.2685,0.0,160.0,1,60.0,3,1,2,0,0,0,0,1666,1418,53.33,0.022,0.0
wide,0.02,- cong chance-constrained,soc_trang,mild,160.0,5,24,2024,34.537,0.0,160.0,1,40.0,3,0,3,0,0,0,1,1485,1277,53.33,0.033,0.0
wide,0.02,- cong chance-constrained,soc_trang,mild,160.0,6,24,2024,34.537,0.0,160.0,1,40.0,5,2,3,0,0,0,1,1485,1279,53.33,0.033,1.2388
wide,0.02,- cong chance-constrained,soc_trang,mild,160.0,7,24,2024,34.537,0.0,160.0,1,60.0,4,1,3,0,0,0,1,1485,1277,53.33,0.033,0.0002
wide,0.02,- cong chance-constrained,soc_trang,mild,160.0,8,24,2024,34.537,0.0,160.0,0,0.0,3,0,3,0,0,0,1,1485,1277,53.33,0.033,0.0
wide,0.02,- cong chance-constrained,soc_trang,mild,160.0,9,24,2024,34.537,0.0,160.0,1,40.0,3,0,3,0,0,0,1,1485,1277,53.33,0.033,0.0
wide,0.02,- cong chance-constrained,soc_trang,severe,160.0,0,24,2024,33.5648,0.0,160.0,0,0.0,11,6,5,0,0,0,1,1512,1306,53.33,0.056,1.4907
wide,0.02,- cong chance-constrained,soc_trang,severe,160.0,1,24,2024,33.3796,0.0,160.0,0,0.0,11,7,4,0,0,0,2,1478,1266,53.33,0.044,0.8583
wide,0.02,- cong chance-constrained,soc_trang,severe,160.0,2,24,2024,34.537,0.0,160.0,0,0.0,5,2,3,0,0,0,1,1486,1279,53.33,0.033,1.2409
wide,0.02,- cong chance-constrained,soc_trang,severe,160.0,3,24,2024,28.3333,0.0,160.0,1,40.0,27,18,9,0,0,1,0,1464,1237,53.33,0.1,3.132
wide,0.02,- cong chance-constrained,soc_trang,severe,160.0,4,24,2024,33.3796,0.0,160.0,0,0.0,12,8,4,0,0,0,2,1480,1268,53.33,0.044,1.2392
wide,0.02,- cong chance-constrained,soc_trang,severe,160.0,5,24,2024,34.537,0.0,160.0,0,0.0,8,5,3,0,0,0,1,1488,1281,53.33,0.033,0.8944
wide,0.02,- cong chance-constrained,soc_trang,severe,160.0,6,24,2024,42.2685,0.0,160.0,1,60.0,6,4,2,0,0,0,0,1666,1421,53.33,0.022,1.4876
wide,0.02,- cong chance-constrained,soc_trang,severe,160.0,7,24,2024,42.2685,0.0,160.0,1,60.0,7,5,2,0,0,0,0,1666,1421,53.33,0.022,0.8577
wide,0.02,- cong chance-constrained,soc_trang,severe,160.0,8,24,2024,33.5648,0.0,160.0,0,0.0,13,8,5,0,0,0,1,1513,1308,53.33,0.056,1.9243
wide,0.02,- cong chance-constrained,soc_trang,severe,160.0,9,24,2024,34.537,0.0,160.0,0,0.0,9,6,3,0,0,0,1,1486,1282,53.33,0.033,0.0
wide,0.02,- cong chance-constrained,ca_mau,mild,160.0,0,24,2024,32.3148,0.0,160.0,0,0.0,3,0,3,0,0,0,0,1474,1255,53.33,0.033,0.0
wide,0.02,- cong chance-constrained,ca_mau,mild,160.0,1,24,2024,32.037,0.0,160.0,0,0.0,5,1,4,0,0,0,1,1460,1253,53.33,0.044,1.2196
wide,0.02,- cong chance-constrained,ca_mau,mild,160.0,2,24,2024,32.3148,0.0,160.0,0,0.0,4,1,3,0,0,0,0,1474,1256,53.33,0.033,0.8607
wide,0.02,- cong chance-constrained,ca_mau,mild,160.0,3,24,2024,32.3148,0.0,160.0,1,40.0,3,0,3,0,0,0,0,1474,1255,53.33,0.033,0.0
wide,0.02,- cong chance-constrained,ca_mau,mild,160.0,4,24,2024,41.2037,0.0,160.0,1,60.0,3,1,2,0,0,0,0,1647,1409,53.33,0.022,0.0
wide,0.02,- cong chance-constrained,ca_mau,mild,160.0,5,24,2024,32.3148,0.0,160.0,1,40.0,3,0,3,0,0,0,0,1474,1255,53.33,0.033,0.0
wide,0.02,- cong chance-constrained,ca_mau,mild,160.0,6,24,2024,32.3148,0.0,160.0,1,40.0,5,2,3,0,0,0,0,1474,1257,53.33,0.033,1.1971
wide,0.02,- cong chance-constrained,ca_mau,mild,160.0,7,24,2024,32.3148,0.0,160.0,1,60.0,4,1,3,0,0,0,0,1474,1255,53.33,0.033,0.0002
wide,0.02,- cong chance-constrained,ca_mau,mild,160.0,8,24,2024,32.3148,0.0,160.0,0,0.0,3,0,3,0,0,0,0,1474,1255,53.33,0.033,0.0
wide,0.02,- cong chance-constrained,ca_mau,mild,160.0,9,24,2024,32.3148,0.0,160.0,1,40.0,3,0,3,0,0,0,0,1474,1255,53.33,0.033,0.0
wide,0.02,- cong chance-constrained,ca_mau,severe,160.0,0,24,2024,32.1759,0.0,160.0,0,0.0,11,6,5,0,0,0,1,1494,1297,53.33,0.056,1.4907
wide,0.02,- cong chance-constrained,ca_mau,severe,160.0,1,24,2024,32.037,0.0,160.0,0,0.0,11,7,4,0,0,0,1,1458,1240,53.33,0.044,0.8309
wide,0.02,- cong chance-constrained,ca_mau,severe,160.0,2,24,2024,32.3148,0.0,160.0,0,0.0,5,2,3,0,0,0,0,1474,1257,53.33,0.033,1.2182
wide,0.02,- cong chance-constrained,ca_mau,severe,160.0,3,24,2024,26.713,0.0,160.0,1,40.0,27,18,9,0,0,1,1,1444,1215,53.33,0.1,3.0849
wide,0.02,- cong chance-constrained,ca_mau,severe,160.0,4,24,2024,32.037,0.0,160.0,0,0.0,12,8,4,0,0,0,1,1462,1257,53.33,0.044,1.1975
wide,0.02,- cong chance-constrained,ca_mau,severe,160.0,5,24,2024,32.3148,0.0,160.0,0,0.0,8,5,3,0,0,0,0,1474,1260,53.33,0.033,0.8626
wide,0.02,- cong chance-constrained,ca_mau,severe,160.0,6,24,2024,41.2037,0.0,160.0,1,60.0,6,4,2,0,0,0,0,1647,1412,53.33,0.022,1.4564
wide,0.02,- cong chance-constrained,ca_mau,severe,160.0,7,24,2024,41.2037,0.0,160.0,1,60.0,7,5,2,0,0,0,0,1647,1412,53.33,0.022,0.8306
wide,0.02,- cong chance-constrained,ca_mau,severe,160.0,8,24,2024,32.1759,0.0,160.0,0,0.0,13,8,5,0,0,0,1,1495,1299,53.33,0.056,1.9244
wide,0.02,- cong chance-constrained,ca_mau,severe,160.0,9,24,2024,32.3148,0.0,160.0,0,0.0,9,6,3,0,0,0,0,1474,1261,53.33,0.033,0.0
wide,0.02,- luat thich ung (centre co dinh),can_tho,mild,160.0,0,24,2024,27.7778,0.0,160.0,0,0.0,8,0,8,82,0,0,4,1373,1170,20.0,0.089,0.0
wide,0.02,- luat thich ung (centre co dinh),can_tho,mild,160.0,1,24,2024,26.9444,0.0,160.0,1,20.0,13,4,9,81,0,0,5,1407,1193,20.0,0.1,0.9623
wide,0.02,- luat thich ung (centre co dinh),can_tho,mild,160.0,2,24,2024,27.9167,0.0,160.0,5,100.0,8,3,5,85,0,0,3,1378,1092,20.0,0.056,0.0
wide,0.02,- luat thich ung (centre co dinh),can_tho,mild,160.0,3,24,2024,27.8241,0.0,160.0,4,80.0,8,2,6,84,0,0,4,1375,1121,20.0,0.067,0.0
wide,0.02,- luat thich ung (centre co dinh),can_tho,mild,160.0,4,24,2024,26.9907,0.0,160.0,2,40.0,12,4,8,82,0,0,4,1399,1167,20.0,0.089,1.1385
wide,0.02,- luat thich ung (centre co dinh),can_tho,mild,160.0,5,24,2024,26.8056,0.0,160.0,2,40.0,12,4,8,82,0,0,6,1424,1195,20.0,0.089,0.9622
wide,0.02,- luat thich ung (centre co dinh),can_tho,mild,160.0,6,24,2024,27.7778,0.0,160.0,3,60.0,11,4,7,83,0,0,5,1388,1145,20.0,0.078,0.7454
wide,0.02,- luat thich ung (centre co dinh),can_tho,mild,160.0,7,24,2024,27.7315,0.0,160.0,3,60.0,11,5,6,84,0,0,4,1395,1133,20.0,0.067,0.7454
wide,0.02,- luat thich ung (centre co dinh),can_tho,mild,160.0,8,24,2024,27.5926,0.0,160.0,1,20.0,10,2,8,82,0,0,5,1386,1179,20.0,0.089,0.9622
wide,0.02,- luat thich ung (centre co dinh),can_tho,mild,160.0,9,24,2024,26.9907,0.0,160.0,2,40.0,10,3,7,83,0,0,5,1407,1165,20.0,0.078,1.2907
wide,0.02,- luat thich ung (centre co dinh),can_tho,severe,160.0,0,24,2024,26.8056,0.0,160.0,0,0.0,23,13,10,80,0,0,5,1419,1228,20.0,0.111,0.7454
wide,0.02,- luat thich ung (centre co dinh),can_tho,severe,160.0,1,24,2024,27.037,0.0,160.0,1,20.0,25,16,9,81,0,0,5,1391,1196,20.0,0.1,0.8607
wide,0.02,- luat thich ung (centre co dinh),can_tho,severe,160.0,2,24,2024,27.7315,0.0,160.0,1,20.0,29,21,8,82,0,0,5,1394,1168,20.0,0.089,1.2889
wide,0.02,- luat thich ung (centre co dinh),can_tho,severe,160.0,3,24,2024,27.2685,0.0,160.0,3,60.0,42,30,12,78,0,1,3,1522,1248,22.86,0.133,1.629
wide,0.02,- luat thich ung (centre co dinh),can_tho,severe,160.0,4,24,2024,26.6204,0.0,160.0,2,40.0,27,17,10,80,0,0,6,1430,1229,20.0,0.111,1.1385
wide,0.02,- luat thich ung (centre co dinh),can_tho,severe,160.0,5,24,2024,26.9907,0.0,160.0,2,40.0,21,13,8,82,0,0,4,1419,1158,20.0,0.089,0.9622
wide,0.02,- luat thich ung (centre co dinh),can_tho,severe,160.0,6,24,2024,30.0463,0.0,160.0,5,100.0,28,20,8,82,0,0,3,1489,1231,20.0,0.089,1.291
wide,0.02,- luat thich ung (centre co dinh),can_tho,severe,160.0,7,24,2024,25.6481,0.0,160.0,2,40.0,37,25,12,78,0,1,4,1442,1229,20.0,0.133,1.4272
wide,0.02,- luat thich ung (centre co dinh),can_tho,severe,160.0,8,24,2024,26.8519,0.0,160.0,1,20.0,24,14,10,80,0,0,5,1397,1214,20.0,0.111,0.8607
wide,0.02,- luat thich ung (centre co dinh),can_tho,severe,160.0,9,24,2024,27.8704,0.0,160.0,2,40.0,9,3,6,84,0,0,3,1367,1125,20.0,0.067,0.8604
wide,0.02,- luat thich ung (centre co dinh),soc_trang,mild,160.0,0,24,2024,26.6667,0.0,160.0,0,0.0,12,2,10,80,0,0,6,1380,1293,20.0,0.111,0.8607
wide,0.02,- luat thich ung (centre co dinh),soc_trang,mild,160.0,1,24,2024,26.7593,0.0,160.0,1,20.0,11,3,8,82,0,0,4,1352,1248,20.0,0.089,0.7454
wide,0.02,- luat thich ung (centre co dinh),soc_trang,mild,160.0,2,24,2024,26.9444,0.0,160.0,5,100.0,9,3,6,84,0,0,4,1344,1201,20.0,0.067,0.4303
wide,0.02,- luat thich ung (centre co dinh),soc_trang,mild,160.0,3,24,2024,26.9907,0.0,160.0,4,80.0,8,2,6,84,0,0,3,1336,1181,20.0,0.067,0.0
wide,0.02,- luat thich ung (centre co dinh),soc_trang,mild,160.0,4,24,2024,26.8981,0.0,160.0,2,40.0,8,2,6,84,0,0,4,1347,1205,20.0,0.067,0.0
wide,0.02,- luat thich ung (centre co dinh),soc_trang,mild,160.0,5,24,2024,26.8519,0.0,160.0,3,60.0,10,3,7,83,0,0,3,1350,1201,20.0,0.078,0.7453
wide,0.02,- luat thich ung (centre co dinh),soc_trang,mild,160.0,6,24,2024,26.9444,0.0,160.0,4,80.0,10,4,6,84,0,0,4,1343,1202,20.0,0.067,0.6086
wide,0.02,- luat thich ung (centre co dinh),soc_trang,mild,160.0,7,24,2024,26.9907,0.0,160.0,3,60.0,9,3,6,84,0,0,3,1335,1199,20.0,0.067,0.4276
wide,0.02,- luat thich ung (centre co dinh),soc_trang,mild,160.0,8,24,2024,26.8981,0.0,160.0,1,20.0,8,1,7,83,0,0,4,1346,1233,20.0,0.078,0.0
wide,0.02,- luat thich ung (centre co dinh),soc_trang,mild,160.0,9,24,2024,26.7593,0.0,160.0,2,40.0,11,3,8,82,0,0,4,1349,1255,20.0,0.089,1.3605
wide,0.02,- luat thich ung (centre co dinh),soc_trang,severe,160.0,0,24,2024,25.8796,0.0,160.0,0,0.0,26,15,11,79,0,0,5,1388,1318,20.0,0.122,1.0541
wide,0.02,- luat thich ung (centre co dinh),soc_trang,severe,160.0,1,24,2024,25.6944,0.0,160.0,1,20.0,27,16,11,79,0,0,6,1383,1306,20.0,0.122,0.9623
wide,0.02,- luat thich ung (centre co dinh),soc_trang,severe,160.0,2,24,2024,27.5926,0.0,160.0,3,60.0,18,13,5,85,0,0,3,1343,1156,20.0,0.056,0.7454
wide,0.02,- luat thich ung (centre co dinh),soc_trang,severe,160.0,3,24,2024,23.8889,0.0,160.0,4,80.0,46,32,14,76,0,1,3,1426,1304,20.0,0.156,1.7338
wide,0.02,- luat thich ung (centre co dinh),soc_trang,severe,160.0,4,24,2024,25.9259,0.0,160.0,2,40.0,27,17,10,80,0,0,6,1395,1284,20.0,0.111,1.0541
wide,0.02,- luat thich ung (centre co dinh),soc_trang,severe,160.0,5,24,2024,26.7593,0.0,160.0,1,20.0,20,12,8,82,0,0,6,1373,1265,20.0,0.089,0.8607
wide,0.02,- luat thich ung (centre co dinh),soc_trang,severe,160.0,6,24,2024,26.713,0.0,160.0,3,60.0,27,19,8,82,0,0,3,1369,1249,20.0,0.089,1.5502
wide,0.02,- luat thich ung (centre co dinh),soc_trang,severe,160.0,7,24,2024,26.5741,0.0,160.0,2,40.0,30,20,10,80,0,0,4,1383,1291,20.0,0.111,1.054
wide,0.02,- luat thich ung (centre co dinh),soc_trang,severe,160.0,8,24,2024,26.713,0.0,160.0,1,20.0,17,8,9,81,0,0,4,1372,1262,20.0,0.1,0.8607
wide,0.02,- luat thich ung (centre co dinh),soc_trang,severe,160.0,9,24,2024,26.8981,0.0,160.0,2,40.0,16,10,6,84,0,0,5,1357,1211,20.0,0.067,0.8604
wide,0.02,- luat thich ung (centre co dinh),ca_mau,mild,160.0,0,24,2024,24.4444,0.0,160.0,0,0.0,8,0,8,82,0,0,5,1308,1224,20.0,0.089,0.0
wide,0.02,- luat thich ung (centre co dinh),ca_mau,mild,160.0,1,24,2024,24.3981,0.0,160.0,1,20.0,11,3,8,82,0,0,5,1310,1210,20.0,0.089,0.9621
wide,0.02,- luat thich ung (centre co dinh),ca_mau,mild,160.0,2,24,2024,24.5833,0.0,160.0,5,100.0,8,3,5,85,0,0,2,1286,1135,20.0,0.056,0.0
wide,0.02,- luat thich ung (centre co dinh),ca_mau,mild,160.0,3,24,2024,24.3519,0.0,160.0,3,60.0,12,4,8,82,0,0,4,1325,1199,20.0,0.089,0.8607
wide,0.02,- luat thich ung (centre co dinh),ca_mau,mild,160.0,4,24,2024,24.4444,0.0,160.0,2,40.0,8,2,6,84,0,0,5,1315,1161,20.0,0.067,0.0
wide,0.02,- luat thich ung (centre co dinh),ca_mau,mild,160.0,5,24,2024,24.0741,0.0,160.0,2,40.0,14,5,9,81,0,0,5,1339,1218,20.0,0.1,1.1385
wide,0.02,- luat thich ung (centre co dinh),ca_mau,mild,160.0,6,24,2024,24.4907,0.0,160.0,5,100.0,9,4,5,85,0,0,5,1317,1149,20.0,0.056,0.4303
wide,0.02,- luat thich ung (centre co dinh),ca_mau,mild,160.0,7,24,2024,24.4444,0.0,160.0,3,60.0,10,4,6,84,0,0,4,1321,1165,20.0,0.067,0.9623
wide,0.02,- luat thich ung (centre co dinh),ca_mau,mild,160.0,8,24,2024,24.4907,0.0,160.0,1,20.0,8,1,7,83,0,0,4,1302,1185,20.0,0.078,0.0
wide,0.02,- luat thich ung (centre co dinh),ca_mau,mild,160.0,9,24,2024,24.3981,0.0,160.0,2,40.0,10,3,7,83,0,0,5,1311,1193,20.0,0.078,1.2908
wide,0.02,- luat thich ung (centre co dinh),ca_mau,severe,160.0,0,24,2024,23.2407,0.0,160.0,0,0.0,30,18,12,78,0,0,6,1352,1280,20.0,0.133,1.1385
wide,0.02,- luat thich ung (centre co dinh),ca_mau,severe,160.0,1,24,2024,23.287,0.0,160.0,1,20.0,24,15,9,81,0,0,6,1357,1264,20.0,0.1,0.7454
wide,0.02,- luat thich ung (centre co dinh),ca_mau,severe,160.0,2,24,2024,24.4907,0.0,160.0,3,60.0,19,13,6,84,0,0,4,1308,1166,20.0,0.067,1.1386
wide,0.02,- luat thich ung (centre co dinh),ca_mau,severe,160.0,3,24,2024,21.1111,0.0,160.0,3,60.0,44,31,13,77,0,1,5,1419,1287,20.0,0.144,1.6743
wide,0.02,- luat thich ung (centre co dinh),ca_mau,severe,160.0,4,24,2024,24.213,0.0,160.0,2,40.0,19,11,8,82,0,0,3,1321,1214,20.0,0.089,0.8607
wide,0.02,- luat thich ung (centre co dinh),ca_mau,severe,160.0,5,24,2024,24.4444,0.0,160.0,2,40.0,15,8,7,83,0,0,4,1310,1199,20.0,0.078,0.7454
wide,0.02,- luat thich ung (centre co dinh),ca_mau,severe,160.0,6,24,2024,28.1019,0.0,160.0,4,80.0,24,17,7,83,0,0,3,1395,1239,20.0,0.078,1.2172
wide,0.02,- luat thich ung (centre co dinh),ca_mau,severe,160.0,7,24,2024,23.1481,0.0,160.0,2,40.0,30,20,10,80,0,1,1,1349,1216,20.0,0.111,1.4907
wide,0.02,- luat thich ung (centre co dinh),ca_mau,severe,160.0,8,24,2024,24.213,0.0,160.0,1,20.0,21,12,9,81,0,0,4,1328,1215,20.0,0.1,0.7454
wide,0.02,- luat thich ung (centre co dinh),ca_mau,severe,160.0,9,24,2024,24.3981,0.0,160.0,2,40.0,13,6,7,83,0,0,3,1316,1178,20.0,0.078,0.9621
wide,0.02,Oracle (thong tin hoan hao),can_tho,mild,160.0,0,24,2024,10.3241,0.0,160.0,0,0.0,9,1,8,0,0,8,0,1842,1552,20.0,0.089,0.6086
wide,0.02,Oracle (thong tin hoan hao),can_tho,mild,160.0,1,24,2024,10.3241,0.0,160.0,1,20.0,8,0,8,0,0,8,0,1841,1552,20.0,0.089,0.0
wide,0.02,Oracle (thong tin hoan hao),can_tho,mild,160.0,2,24,2024,10.3241,0.0,160.0,4,80.0,10,2,8,0,0,8,0,1843,1552,20.0,0.089,0.6086
wide,0.02,Oracle (thong tin hoan hao),can_tho,mild,160.0,3,24,2024,10.3241,0.0,160.0,3,60.0,12,4,8,0,0,8,0,1845,1552,20.0,0.089,0.8607
wide,0.02,Oracle (thong tin hoan hao),can_tho,mild,160.0,4,24,2024,10.3241,0.0,160.0,2,40.0,12,4,8,0,0,8,0,1845,1552,20.0,0.089,0.8607
wide,0.02,Oracle (thong tin hoan hao),can_tho,mild,160.0,5,24,2024,10.3241,0.0,160.0,1,20.0,18,10,8,0,0,8,0,1851,1552,20.0,0.089,1.3608
wide,0.02,Oracle (thong tin hoan hao),can_tho,mild,160.0,6,24,2024,10.3241,0.0,160.0,4,80.0,10,2,8,0,0,8,0,1843,1552,20.0,0.089,0.6086
wide,0.02,Oracle (thong tin hoan hao),can_tho,mild,160.0,7,24,2024,10.3241,0.0,160.0,2,40.0,12,4,8,0,0,8,0,1845,1552,20.0,0.089,1.387
wide,0.02,Oracle (thong tin hoan hao),can_tho,mild,160.0,8,24,2024,10.3241,0.0,160.0,1,20.0,8,0,8,0,0,8,0,1841,1552,20.0,0.089,0.0
wide,0.02,Oracle (thong tin hoan hao),can_tho,mild,160.0,9,24,2024,10.3241,0.0,160.0,2,40.0,12,4,8,0,0,8,0,1845,1552,20.0,0.089,1.1385
wide,0.02,Oracle (thong tin hoan hao),can_tho,severe,160.0,0,24,2024,10.3241,0.0,160.0,0,0.0,23,15,8,0,0,8,0,1856,1552,20.0,0.089,1.1386
wide,0.02,Oracle (thong tin hoan hao),can_tho,severe,160.0,1,24,2024,10.3241,0.0,160.0,0,0.0,27,19,8,0,0,8,0,1842,1552,20.0,0.089,1.2172
wide,0.02,Oracle (thong tin hoan hao),can_tho,severe,160.0,2,24,2024,10.3241,0.0,160.0,1,20.0,18,10,8,0,0,8,0,1851,1552,20.0,0.089,1.3608
wide,0.02,Oracle (thong tin hoan hao),can_tho,severe,160.0,3,24,2024,10.3241,0.0,160.0,1,20.0,25,17,8,0,0,8,0,1858,1552,20.0,0.089,1.2172
wide,0.02,Oracle (thong tin hoan hao),can_tho,severe,160.0,4,24,2024,10.3241,0.0,160.0,1,20.0,18,10,8,0,0,8,0,1851,1552,20.0,0.089,0.8607
wide,0.02,Oracle (thong tin hoan hao),can_tho,severe,160.0,5,24,2024,10.3241,0.0,160.0,2,40.0,12,4,8,0,0,8,0,1845,1552,20.0,0.089,0.9622
wide,0.02,Oracle (thong tin hoan hao),can_tho,severe,160.0,6,24,2024,10.3241,0.0,160.0,3,60.0,37,29,8,0,0,8,0,1860,1552,20.0,0.089,1.9245
wide,0.02,Oracle (thong tin hoan hao),can_tho,severe,160.0,7,24,2024,10.2778,0.0,160.0,2,40.0,23,15,8,0,0,8,0,1852,1552,20.0,0.089,1.8232
wide,0.02,Oracle (thong tin hoan hao),can_tho,severe,160.0,8,24,2024,10.3241,0.0,160.0,0,0.0,34,26,8,0,0,8,0,1863,1552,20.0,0.089,2.1994
wide,0.02,Oracle (thong tin hoan hao),can_tho,severe,160.0,9,24,2024,10.3241,0.0,160.0,1,20.0,15,7,8,0,0,8,0,1848,1552,20.0,0.089,0.9623
wide,0.02,Oracle (thong tin hoan hao),soc_trang,mild,160.0,0,24,2024,10.0,0.0,160.0,0,0.0,11,3,8,0,0,8,0,1796,1683,20.0,0.089,0.7454
wide,0.02,Oracle (thong tin hoan hao),soc_trang,mild,160.0,1,24,2024,10.0,0.0,160.0,1,20.0,8,0,8,0,0,8,0,1793,1683,20.0,0.089,0.0
wide,0.02,Oracle (thong tin hoan hao),soc_trang,mild,160.0,2,24,2024,10.0,0.0,160.0,3,60.0,11,3,8,0,0,8,0,1796,1683,20.0,0.089,0.7454
wide,0.02,Oracle (thong tin hoan hao),soc_trang,mild,160.0,3,24,2024,10.0,0.0,160.0,3,60.0,11,3,8,0,0,8,0,1796,1683,20.0,0.089,0.8607
wide,0.02,Oracle (thong tin hoan hao),soc_trang,mild,160.0,4,24,2024,10.0,0.0,160.0,2,40.0,8,0,8,0,0,8,0,1793,1683,20.0,0.089,0.0
wide,0.02,Oracle (thong tin hoan hao),soc_trang,mild,160.0,5,24,2024,10.0,0.0,160.0,3,60.0,8,0,8,0,0,8,0,1793,1683,20.0,0.089,0.0
wide,0.02,Oracle (thong tin hoan hao),soc_trang,mild,160.0,6,24,2024,10.0,0.0,160.0,5,100.0,8,0,8,0,0,8,0,1793,1683,20.0,0.089,0.0
wide,0.02,Oracle (thong tin hoan hao),soc_trang,mild,160.0,7,24,2024,10.0,0.0,160.0,2,40.0,10,2,8,0,0,8,0,1795,1683,20.0,0.089,0.7453
wide,0.02,Oracle (thong tin hoan hao),soc_trang,mild,160.0,8,24,2024,10.0,0.0,160.0,1,20.0,12,4,8,0,0,8,0,1797,1683,20.0,0.089,0.8607
wide,0.02,Oracle (thong tin hoan hao),soc_trang,mild,160.0,9,24,2024,10.0,0.0,160.0,1,20.0,17,9,8,0,0,8,0,1802,1683,20.0,0.089,1.6666
wide,0.02,Oracle (thong tin hoan hao),soc_trang,severe,160.0,0,24,2024,8.3796,0.0,160.0,0,0.0,24,16,8,0,0,8,0,1811,1683,20.0,0.089,1.4249
wide,0.02,Oracle (thong tin hoan hao),soc_trang,severe,160.0,1,24,2024,10.0,0.0,160.0,0,0.0,21,13,8,0,0,8,0,1806,1683,20.0,0.089,0.8607
wide,0.02,Oracle (thong tin hoan hao),soc_trang,severe,160.0,2,24,2024,10.0,0.0,160.0,3,60.0,17,9,8,0,0,8,0,1802,1683,20.0,0.089,0.8607
wide,0.02,Oracle (thong tin hoan hao),soc_trang,severe,160.0,3,24,2024,8.1481,0.0,160.0,2,40.0,40,32,8,0,0,8,0,1822,1683,20.0,0.089,2.507
wide,0.02,Oracle (thong tin hoan hao),soc_trang,severe,160.0,4,24,2024,10.0,0.0,160.0,1,20.0,26,18,8,0,0,8,0,1809,1683,20.0,0.089,1.427
wide,0.02,Oracle (thong tin hoan hao),soc_trang,severe,160.0,5,24,2024,10.0,0.0,160.0,2,40.0,24,16,8,0,0,8,0,1809,1683,20.0,0.089,1.3608
wide,0.02,Oracle (thong tin hoan hao),soc_trang,severe,160.0,6,24,2024,10.0,0.0,160.0,4,80.0,12,4,8,0,0,8,0,1797,1683,20.0,0.089,1.1384
wide,0.02,Oracle (thong tin hoan hao),soc_trang,severe,160.0,7,24,2024,10.0,0.0,160.0,1,20.0,15,7,8,0,0,8,0,1800,1683,20.0,0.089,1.1385
wide,0.02,Oracle (thong tin hoan hao),soc_trang,severe,160.0,8,24,2024,8.1481,0.0,160.0,0,0.0,36,28,8,0,0,8,0,1818,1683,20.0,0.089,1.9232
wide,0.02,Oracle (thong tin hoan hao),soc_trang,severe,160.0,9,24,2024,10.0,0.0,160.0,0,0.0,19,11,8,0,0,8,0,1804,1683,20.0,0.089,1.2171
wide,0.02,Oracle (thong tin hoan hao),ca_mau,mild,160.0,0,24,2024,2.6389,0.0,160.0,0,0.0,8,0,8,0,0,8,0,1797,1661,20.0,0.089,0.0
wide,0.02,Oracle (thong tin hoan hao),ca_mau,mild,160.0,1,24,2024,2.6389,0.0,160.0,1,20.0,10,2,8,0,0,8,0,1799,1661,20.0,0.089,0.7453
wide,0.02,Oracle (thong tin hoan hao),ca_mau,mild,160.0,2,24,2024,2.6389,0.0,160.0,3,60.0,13,5,8,0,0,8,0,1802,1661,20.0,0.089,1.054
wide,0.02,Oracle (thong tin hoan hao),ca_mau,mild,160.0,3,24,2024,2.6389,0.0,160.0,3,60.0,9,1,8,0,0,8,0,1798,1661,20.0,0.089,0.4303
wide,0.02,Oracle (thong tin hoan hao),ca_mau,mild,160.0,4,24,2024,2.6389,0.0,160.0,2,40.0,8,0,8,0,0,8,0,1797,1661,20.0,0.089,0.0
wide,0.02,Oracle (thong tin hoan hao),ca_mau,mild,160.0,5,24,2024,2.6389,0.0,160.0,3,60.0,9,1,8,0,0,8,0,1798,1661,20.0,0.089,0.4303
wide,0.02,Oracle (thong tin hoan hao),ca_mau,mild,160.0,6,24,2024,2.6389,0.0,160.0,5,100.0,8,0,8,0,0,8,0,1797,1661,20.0,0.089,0.0
wide,0.02,Oracle (thong tin hoan hao),ca_mau,mild,160.0,7,24,2024,2.6389,0.0,160.0,3,60.0,13,5,8,0,0,8,0,1801,1661,20.0,0.089,0.9623
wide,0.02,Oracle (thong tin hoan hao),ca_mau,mild,160.0,8,24,2024,2.6389,0.0,160.0,0,0.0,13,5,8,0,0,8,0,1801,1661,20.0,0.089,0.9623
wide,0.02,Oracle (thong tin hoan hao),ca_mau,mild,160.0,9,24,2024,2.6389,0.0,160.0,2,40.0,8,0,8,0,0,8,0,1797,1661,20.0,0.089,0.0
wide,0.02,Oracle (thong tin hoan hao),ca_mau,severe,160.0,0,24,2024,2.6389,0.0,160.0,0,0.0,25,17,8,0,0,8,0,1812,1661,20.0,0.089,1.291
wide,0.02,Oracle (thong tin hoan hao),ca_mau,severe,160.0,1,24,2024,2.6389,0.0,160.0,0,0.0,17,9,8,0,0,8,0,1806,1661,20.0,0.089,0.0
wide,0.02,Oracle (thong tin hoan hao),ca_mau,severe,160.0,2,24,2024,2.8241,0.0,160.0,1,20.0,45,37,8,0,0,8,0,1803,1661,20.0,0.089,3.0263
wide,0.02,Oracle (thong tin hoan hao),ca_mau,severe,160.0,3,24,2024,2.6389,0.0,160.0,0,0.0,32,24,8,0,0,8,0,1820,1661,20.0,0.089,1.6102
wide,0.02,Oracle (thong tin hoan hao),ca_mau,severe,160.0,4,24,2024,2.6389,0.0,160.0,1,20.0,21,13,8,0,0,8,0,1808,1661,20.0,0.089,1.4272
wide,0.02,Oracle (thong tin hoan hao),ca_mau,severe,160.0,5,24,2024,2.6389,0.0,160.0,3,60.0,18,10,8,0,0,8,0,1807,1661,20.0,0.089,1.2909
wide,0.02,Oracle (thong tin hoan hao),ca_mau,severe,160.0,6,24,2024,2.6389,0.0,160.0,2,40.0,23,15,8,0,0,8,0,1811,1661,20.0,0.089,1.3608
wide,0.02,Oracle (thong tin hoan hao),ca_mau,severe,160.0,7,24,2024,2.6389,0.0,160.0,0,0.0,25,17,8,0,0,8,0,1813,1661,20.0,0.089,1.217
wide,0.02,Oracle (thong tin hoan hao),ca_mau,severe,160.0,8,24,2024,2.6389,0.0,160.0,0,0.0,33,25,8,0,0,8,0,1822,1661,20.0,0.089,1.2172
wide,0.02,Oracle (thong tin hoan hao),ca_mau,severe,160.0,9,24,2024,2.6389,0.0,160.0,1,20.0,13,5,8,0,0,8,0,1802,1661,20.0,0.089,0.7453
wide,0.02,FULL (de xuat),can_tho,mild,240.0,0,24,2024,0.0,0.0,240.0,1,20.0,22,7,15,75,0,11,0,1098,1350,20.0,0.167,1.3608
wide,0.02,FULL (de xuat),can_tho,mild,240.0,1,24,2024,0.0,0.0,220.0,1,20.0,13,2,11,79,0,10,0,1649,1389,20.0,0.122,0.6086
wide,0.02,FULL (de xuat),can_tho,mild,240.0,2,24,2024,0.0,0.0,240.0,6,120.0,13,4,9,81,0,9,0,1519,1259,20.0,0.1,0.4303
wide,0.02,FULL (de xuat),can_tho,mild,240.0,3,24,2024,0.463,0.0,240.0,5,100.0,20,7,13,77,0,9,0,1540,1193,20.0,0.144,1.2172
wide,0.02,FULL (de xuat),can_tho,mild,240.0,4,24,2024,0.0,0.0,240.0,3,60.0,13,4,9,81,0,9,0,1492,1245,20.0,0.1,0.4303
wide,0.02,FULL (de xuat),can_tho,mild,240.0,5,24,2024,0.0,0.0,240.0,4,80.0,19,8,11,79,0,7,1,1488,1190,20.0,0.122,1.3606
wide,0.02,FULL (de xuat),can_tho,mild,240.0,6,24,2024,0.0,0.0,240.0,6,120.0,14,5,9,81,0,8,0,1471,1198,20.0,0.1,0.9622
wide,0.02,FULL (de xuat),can_tho,mild,240.0,7,24,2024,0.0,0.0,240.0,4,80.0,14,5,9,81,0,9,0,1544,1230,20.0,0.1,0.6086
wide,0.02,FULL (de xuat),can_tho,mild,240.0,8,24,2024,0.0,0.0,240.0,2,40.0,13,3,10,80,0,10,0,1571,1275,20.0,0.111,0.4303
wide,0.02,FULL (de xuat),can_tho,mild,240.0,9,24,2024,0.0,0.0,220.0,2,40.0,16,4,12,78,0,10,0,1707,1365,20.0,0.133,1.666
wide,0.02,FULL (de xuat),can_tho,severe,240.0,0,24,2024,0.5556,0.0,240.0,2,40.0,33,19,14,76,0,10,0,998,1244,20.0,0.156,1.2172
wide,0.02,FULL (de xuat),can_tho,severe,240.0,1,24,2024,0.6944,0.0,220.0,1,20.0,29,17,12,78,0,10,0,1661,1390,20.0,0.133,0.8607
wide,0.02,FULL (de xuat),can_tho,severe,240.0,2,24,2024,4.6296,0.0,240.0,5,100.0,21,14,7,83,0,7,0,1516,1229,20.0,0.078,1.1173
wide,0.02,FULL (de xuat),can_tho,severe,240.0,3,24,2024,0.4167,0.0,240.0,4,80.0,31,21,10,80,0,8,0,1544,1190,20.0,0.111,1.0541
wide,0.02,FULL (de xuat),can_tho,severe,240.0,4,24,2024,0.0,0.0,240.0,2,40.0,26,15,11,79,0,10,0,1587,1265,20.0,0.122,1.2909
wide,0.02,FULL (de xuat),can_tho,severe,240.0,5,24,2024,0.0,0.0,240.0,4,80.0,22,12,10,80,0,10,0,1581,1277,20.0,0.111,1.2171
wide,0.02,FULL (de xuat),can_tho,severe,240.0,6,24,2024,1.6204,0.0,240.0,4,80.0,28,18,10,80,0,8,0,1601,1300,20.0,0.111,1.3345
wide,0.02,FULL (de xuat),can_tho,severe,240.0,7,24,2024,1.25,0.0,240.0,4,80.0,44,30,14,76,0,9,0,928,1198,20.0,0.156,1.61
wide,0.02,FULL (de xuat),can_tho,severe,240.0,8,24,2024,1.5741,0.0,200.0,0,0.0,43,28,15,75,0,9,0,1691,1470,20.0,0.167,1.2172
wide,0.02,FULL (de xuat),can_tho,severe,240.0,9,24,2024,0.0,0.0,240.0,2,40.0,37,23,14,76,0,10,0,992,1269,20.0,0.156,1.0541
wide,0.02,FULL (de xuat),soc_trang,mild,240.0,0,24,2024,0.0,0.0,240.0,2,40.0,13,3,10,80,0,10,0,1010,1280,20.0,0.111,0.6086
wide,0.02,FULL (de xuat),soc_trang,mild,240.0,1,24,2024,0.0,0.0,220.0,1,20.0,16,4,12,78,0,10,0,1625,1563,20.0,0.133,1.0541
wide,0.02,FULL (de xuat),soc_trang,mild,240.0,2,24,2024,0.0,0.0,240.0,6,120.0,13,4,9,81,0,9,0,870,1395,20.0,0.1,0.4303
wide,0.02,FULL (de xuat),soc_trang,mild,240.0,3,24,2024,0.0,0.0,220.0,5,100.0,14,5,9,81,0,9,0,1572,1542,20.0,0.1,0.7454
wide,0.02,FULL (de xuat),soc_trang,mild,240.0,4,24,2024,0.0,0.0,240.0,3,60.0,14,4,10,80,0,10,0,977,1252,20.0,0.111,0.6086
wide,0.02,FULL (de xuat),soc_trang,mild,240.0,5,24,2024,0.0,0.0,240.0,5,100.0,14,5,9,81,0,8,0,1441,1373,20.0,0.1,0.7451
wide,0.02,FULL (de xuat),soc_trang,mild,240.0,6,24,2024,0.0,0.0,240.0,6,120.0,12,4,8,82,0,8,0,1417,1371,20.0,0.089,0.0
wide,0.02,FULL (de xuat),soc_trang,mild,240.0,7,24,2024,0.0,0.0,220.0,3,60.0,17,6,11,79,0,9,0,1551,1517,20.0,0.122,1.0541
wide,0.02,FULL (de xuat),soc_trang,mild,240.0,8,24,2024,0.0,0.0,240.0,2,40.0,15,4,11,79,0,10,0,977,1252,20.0,0.122,0.7454
wide,0.02,FULL (de xuat),soc_trang,mild,240.0,9,24,2024,0.5556,0.0,220.0,2,40.0,20,7,13,77,0,10,0,1008,1533,20.0,0.144,1.7737
wide,0.02,FULL (de xuat),soc_trang,severe,240.0,0,24,2024,0.0,0.0,240.0,2,40.0,27,16,11,79,0,10,0,1043,1274,20.0,0.122,0.8606
wide,0.02,FULL (de xuat),soc_trang,severe,240.0,1,24,2024,0.0,0.0,200.0,0,0.0,34,21,13,77,0,10,0,1730,1683,20.0,0.144,0.8607
wide,0.02,FULL (de xuat),soc_trang,severe,240.0,2,24,2024,0.0,0.0,240.0,6,120.0,31,21,10,80,0,8,0,1579,1483,20.0,0.111,1.2704
wide,0.02,FULL (de xuat),soc_trang,severe,240.0,3,24,2024,0.787,0.0,240.0,5,100.0,36,24,12,78,0,7,0,1443,1336,20.0,0.133,1.4272
wide,0.02,FULL (de xuat),soc_trang,severe,240.0,4,24,2024,0.0,0.0,240.0,2,40.0,25,15,10,80,0,10,0,984,1254,20.0,0.111,0.8607
wide,0.02,FULL (de xuat),soc_trang,severe,240.0,5,24,2024,0.6019,0.0,240.0,4,80.0,36,25,11,79,0,8,0,879,1349,20.0,0.122,1.4272
wide,0.02,FULL (de xuat),soc_trang,severe,240.0,6,24,2024,9.9537,0.0,240.0,6,120.0,17,10,7,83,0,6,0,1531,1380,20.0,0.078,1.2394
wide,0.02,FULL (de xuat),soc_trang,severe,240.0,7,24,2024,0.0,0.0,220.0,3,60.0,31,20,11,79,0,9,0,1590,1520,20.0,0.122,1.291
wide,0.02,FULL (de xuat),soc_trang,severe,240.0,8,24,2024,0.6944,0.0,200.0,1,20.0,39,25,14,76,0,9,0,1707,1604,20.0,0.156,1.1386
wide,0.02,FULL (de xuat),soc_trang,severe,240.0,9,24,2024,0.463,0.0,220.0,2,40.0,29,17,12,78,0,9,0,1618,1559,20.0,0.133,1.0541
wide,0.02,FULL (de xuat),ca_mau,mild,240.0,0,24,2024,0.0,0.0,200.0,1,20.0,20,7,13,77,0,9,0,1635,1453,20.0,0.144,1.3608
wide,0.02,FULL (de xuat),ca_mau,mild,240.0,1,24,2024,0.0,0.0,200.0,1,20.0,11,1,10,80,0,10,0,1673,1608,20.0,0.111,0.4303
wide,0.02,FULL (de xuat),ca_mau,mild,240.0,2,24,2024,0.0,0.0,220.0,7,140.0,11,4,7,83,0,7,0,1450,1361,20.0,0.078,0.0
wide,0.02,FULL (de xuat),ca_mau,mild,240.0,3,24,2024,0.0,0.0,200.0,5,100.0,12,4,8,82,0,8,0,1615,1504,20.0,0.089,0.6086
wide,0.02,FULL (de xuat),ca_mau,mild,240.0,4,24,2024,0.0,0.0,200.0,2,40.0,14,4,10,80,0,8,0,1596,1492,20.0,0.111,1.1384
wide,0.02,FULL (de xuat),ca_mau,mild,240.0,5,24,2024,0.0,0.0,200.0,4,80.0,13,4,9,81,0,8,0,1564,1524,20.0,0.1,0.7454
wide,0.02,FULL (de xuat),ca_mau,mild,240.0,6,24,2024,0.0,0.0,220.0,6,120.0,11,4,7,83,0,7,0,1445,1347,20.0,0.078,0.0
wide,0.02,FULL (de xuat),ca_mau,mild,240.0,7,24,2024,0.0,0.0,220.0,4,80.0,14,5,9,81,0,8,0,1500,1360,20.0,0.1,0.7454
wide,0.02,FULL (de xuat),ca_mau,mild,240.0,8,24,2024,0.0,0.0,200.0,1,20.0,12,2,10,80,0,10,0,1674,1608,20.0,0.111,0.6086
wide,0.02,FULL (de xuat),ca_mau,mild,240.0,9,24,2024,0.0,0.0,200.0,2,40.0,15,4,11,79,0,10,0,1067,1497,20.0,0.122,1.217
wide,0.02,FULL (de xuat),ca_mau,severe,240.0,0,24,2024,0.0,0.0,200.0,0,0.0,26,14,12,78,0,10,0,1120,1435,20.0,0.133,0.8607
wide,0.02,FULL (de xuat),ca_mau,severe,240.0,1,24,2024,0.0,0.0,200.0,1,20.0,41,26,15,75,0,10,0,1355,1560,20.0,0.167,1.0541
wide,0.02,FULL (de xuat),ca_mau,severe,240.0,2,24,2024,0.0,0.0,240.0,6,120.0,28,19,9,81,0,7,0,1497,1351,20.0,0.1,1.1893
wide,0.02,FULL (de xuat),ca_mau,severe,240.0,3,24,2024,0.0,0.0,220.0,4,80.0,28,19,9,81,0,7,0,1483,1363,20.0,0.1,1.0541
wide,0.02,FULL (de xuat),ca_mau,severe,240.0,4,24,2024,0.7407,0.0,200.0,1,20.0,30,17,13,77,0,10,0,1254,1500,20.0,0.144,1.2171
wide,0.02,FULL (de xuat),ca_mau,severe,240.0,5,24,2024,0.0,0.0,200.0,4,80.0,28,18,10,80,0,7,0,1563,1464,20.0,0.111,1.291
wide,0.02,FULL (de xuat),ca_mau,severe,240.0,6,24,2024,0.0,0.0,200.0,4,80.0,28,20,8,82,0,8,0,1590,1517,20.0,0.089,1.1385
wide,0.02,FULL (de xuat),ca_mau,severe,240.0,7,24,2024,0.0,0.0,200.0,2,40.0,32,22,10,80,0,8,0,1610,1492,20.0,0.111,1.4271
wide,0.02,FULL (de xuat),ca_mau,severe,240.0,8,24,2024,0.0,0.0,200.0,1,20.0,19,9,10,80,0,9,0,1627,1552,20.0,0.111,0.6086
wide,0.02,FULL (de xuat),ca_mau,severe,240.0,9,24,2024,0.4167,0.0,200.0,1,20.0,27,15,12,78,0,9,0,1652,1543,20.0,0.133,1.1385
wide,0.02,- whatif (twin->predictor),can_tho,mild,240.0,0,24,2024,53.4259,0.0,240.0,0,0.0,4,0,4,86,0,0,0,1889,1507,60.0,0.044,0.0
wide,0.02,- whatif (twin->predictor),can_tho,mild,240.0,1,24,2024,54.537,0.0,240.0,1,60.0,4,1,3,87,0,0,0,1909,1514,60.0,0.033,0.0
wide,0.02,- whatif (twin->predictor),can_tho,mild,240.0,2,24,2024,54.537,0.0,240.0,2,120.0,5,2,3,87,0,0,0,1909,1514,60.0,0.033,0.132
wide,0.02,- whatif (twin->predictor),can_tho,mild,240.0,3,24,2024,54.537,0.0,240.0,2,120.0,5,2,3,87,0,0,0,1909,1514,60.0,0.033,0.0013
wide,0.02,- whatif (twin->predictor),can_tho,mild,240.0,4,24,2024,54.537,0.0,240.0,1,60.0,4,1,3,87,0,0,0,1909,1514,60.0,0.033,0.0
wide,0.02,- whatif (twin->predictor),can_tho,mild,240.0,5,24,2024,53.4259,0.0,240.0,1,60.0,6,2,4,86,0,0,0,1889,1507,60.0,0.044,0.1909
wide,0.02,- whatif (twin->predictor),can_tho,mild,240.0,6,24,2024,55.6019,0.0,240.0,3,180.0,4,2,2,88,0,0,0,1932,1537,60.0,0.022,0.0
wide,0.02,- whatif (twin->predictor),can_tho,mild,240.0,7,24,2024,55.6019,0.0,240.0,2,120.0,4,2,2,88,0,0,0,1932,1537,60.0,0.022,0.0
wide,0.02,- whatif (twin->predictor),can_tho,mild,240.0,8,24,2024,53.4259,0.0,240.0,0,0.0,4,0,4,86,0,0,0,1889,1507,60.0,0.044,0.0
wide,0.02,- whatif (twin->predictor),can_tho,mild,240.0,9,24,2024,54.537,0.0,240.0,1,60.0,5,2,3,87,0,0,0,1909,1514,60.0,0.033,0.132
wide,0.02,- whatif (twin->predictor),can_tho,severe,240.0,0,24,2024,51.1574,0.0,240.0,0,0.0,12,6,6,84,0,0,0,1835,1442,60.0,0.067,0.2942
wide,0.02,- whatif (twin->predictor),can_tho,severe,240.0,1,24,2024,51.7593,0.0,240.0,1,60.0,15,9,6,84,0,0,0,1859,1464,60.0,0.067,0.4454
wide,0.02,- whatif (twin->predictor),can_tho,severe,240.0,2,24,2024,55.5556,0.0,240.0,2,120.0,5,3,2,88,0,0,0,1931,1537,60.0,0.022,0.1357
wide,0.02,- whatif (twin->predictor),can_tho,severe,240.0,3,24,2024,43.4722,0.0,240.0,0,0.0,42,30,12,78,0,0,1,1702,1331,60.0,0.133,1.4919
wide,0.02,- whatif (twin->predictor),can_tho,severe,240.0,4,24,2024,51.7593,0.0,240.0,1,60.0,13,8,5,85,0,0,0,1859,1464,60.0,0.056,0.225
wide,0.02,- whatif (twin->predictor),can_tho,severe,240.0,5,24,2024,54.537,0.0,240.0,1,60.0,4,1,3,87,0,0,0,1909,1514,60.0,0.033,0.1344
wide,0.02,- whatif (twin->predictor),can_tho,severe,240.0,6,24,2024,54.4907,0.0,240.0,3,180.0,12,9,3,87,0,0,0,1909,1514,60.0,0.033,0.2271
wide,0.02,- whatif (twin->predictor),can_tho,severe,240.0,7,24,2024,53.4259,0.0,240.0,1,60.0,15,11,4,86,0,0,0,1889,1507,60.0,0.044,0.1807
wide,0.02,- whatif (twin->predictor),can_tho,severe,240.0,8,24,2024,51.1574,0.0,240.0,0,0.0,13,7,6,84,0,0,0,1835,1442,60.0,0.067,0.4149
wide,0.02,- whatif (twin->predictor),can_tho,severe,240.0,9,24,2024,51.1574,0.0,240.0,1,60.0,17,11,6,84,0,0,0,1835,1442,60.0,0.067,0.3613
wide,0.02,- whatif (twin->predictor),soc_trang,mild,240.0,0,24,2024,53.5185,0.0,240.0,0,0.0,4,0,4,86,0,0,0,1884,1586,60.0,0.044,0.0
wide,0.02,- whatif (twin->predictor),soc_trang,mild,240.0,1,24,2024,54.5833,0.0,240.0,1,60.0,4,1,3,87,0,0,0,1907,1610,60.0,0.033,0.0
wide,0.02,- whatif (twin->predictor),soc_trang,mild,240.0,2,24,2024,54.5833,0.0,240.0,2,120.0,5,2,3,87,0,0,0,1907,1610,60.0,0.033,0.1378
wide,0.02,- whatif (twin->predictor),soc_trang,mild,240.0,3,24,2024,54.5833,0.0,240.0,2,120.0,5,2,3,87,0,0,0,1907,1610,60.0,0.033,0.0016
wide,0.02,- whatif (twin->predictor),soc_trang,mild,240.0,4,24,2024,54.5833,0.0,240.0,1,60.0,4,1,3,87,0,0,0,1907,1610,60.0,0.033,0.0
wide,0.02,- whatif (twin->predictor),soc_trang,mild,240.0,5,24,2024,53.5185,0.0,240.0,1,60.0,6,2,4,86,0,0,0,1884,1586,60.0,0.044,0.2056
wide,0.02,- whatif (twin->predictor),soc_trang,mild,240.0,6,24,2024,55.6944,0.0,240.0,3,180.0,4,2,2,88,0,0,0,1931,1633,60.0,0.022,0.0
wide,0.02,- whatif (twin->predictor),soc_trang,mild,240.0,7,24,2024,55.6944,0.0,240.0,2,120.0,4,2,2,88,0,0,0,1931,1633,60.0,0.022,0.0
wide,0.02,- whatif (twin->predictor),soc_trang,mild,240.0,8,24,2024,53.5185,0.0,240.0,0,0.0,4,0,4,86,0,0,0,1884,1586,60.0,0.044,0.0
wide,0.02,- whatif (twin->predictor),soc_trang,mild,240.0,9,24,2024,54.5833,0.0,240.0,1,60.0,5,2,3,87,0,0,0,1907,1610,60.0,0.033,0.1378
wide,0.02,- whatif (twin->predictor),soc_trang,severe,240.0,0,24,2024,52.2222,0.0,240.0,0,0.0,12,6,6,84,0,0,0,1847,1558,60.0,0.067,0.3159
wide,0.02,- whatif (twin->predictor),soc_trang,severe,240.0,1,24,2024,52.2222,0.0,240.0,1,60.0,15,9,6,84,0,0,0,1847,1558,60.0,0.067,0.4762
wide,0.02,- whatif (twin->predictor),soc_trang,severe,240.0,2,24,2024,55.6944,0.0,240.0,2,120.0,5,3,2,88,0,0,0,1931,1633,60.0,0.022,0.1462
wide,0.02,- whatif (twin->predictor),soc_trang,severe,240.0,3,24,2024,52.5926,0.0,240.0,2,120.0,15,10,5,85,0,0,0,1863,1580,60.0,0.056,0.257
wide,0.02,- whatif (twin->predictor),soc_trang,severe,240.0,4,24,2024,52.5926,0.0,240.0,1,60.0,11,6,5,85,0,0,0,1863,1580,60.0,0.056,0.2366
wide,0.02,- whatif (twin->predictor),soc_trang,severe,240.0,5,24,2024,54.5833,0.0,240.0,1,60.0,4,1,3,87,0,0,0,1907,1610,60.0,0.033,0.1445
wide,0.02,- whatif (twin->predictor),soc_trang,severe,240.0,6,24,2024,54.5833,0.0,240.0,3,180.0,12,9,3,87,0,0,0,1907,1609,60.0,0.033,0.2372
wide,0.02,- whatif (twin->predictor),soc_trang,severe,240.0,7,24,2024,53.5185,0.0,240.0,1,60.0,15,11,4,86,0,0,0,1884,1586,60.0,0.044,0.1901
wide,0.02,- whatif (twin->predictor),soc_trang,severe,240.0,8,24,2024,52.5926,0.0,240.0,0,0.0,9,4,5,85,0,0,0,1863,1580,60.0,0.056,0.1793
wide,0.02,- whatif (twin->predictor),soc_trang,severe,240.0,9,24,2024,52.5926,0.0,240.0,1,60.0,11,6,5,85,0,0,0,1863,1580,60.0,0.056,0.315
wide,0.02,- whatif (twin->predictor),ca_mau,mild,240.0,0,24,2024,53.2407,0.0,240.0,0,0.0,4,0,4,86,0,0,0,1885,1588,60.0,0.044,0.0
wide,0.02,- whatif (twin->predictor),ca_mau,mild,240.0,1,24,2024,54.2593,0.0,240.0,1,60.0,4,1,3,87,0,0,0,1908,1611,60.0,0.033,0.0
wide,0.02,- whatif (twin->predictor),ca_mau,mild,240.0,2,24,2024,54.2593,0.0,240.0,2,120.0,5,2,3,87,0,0,0,1908,1611,60.0,0.033,0.1276
wide,0.02,- whatif (twin->predictor),ca_mau,mild,240.0,3,24,2024,54.2593,0.0,240.0,2,120.0,5,2,3,87,0,0,0,1908,1611,60.0,0.033,0.0011
wide,0.02,- whatif (twin->predictor),ca_mau,mild,240.0,4,24,2024,54.2593,0.0,240.0,1,60.0,4,1,3,87,0,0,0,1908,1611,60.0,0.033,0.0
wide,0.02,- whatif (twin->predictor),ca_mau,mild,240.0,5,24,2024,53.2407,0.0,240.0,1,60.0,6,2,4,86,0,0,0,1885,1588,60.0,0.044,0.1793
wide,0.02,- whatif (twin->predictor),ca_mau,mild,240.0,6,24,2024,54.6296,0.0,240.0,3,180.0,4,2,2,88,0,0,0,1931,1633,60.0,0.022,0.0
wide,0.02,- whatif (twin->predictor),ca_mau,mild,240.0,7,24,2024,54.6296,0.0,240.0,2,120.0,4,2,2,88,0,0,0,1931,1633,60.0,0.022,0.0
wide,0.02,- whatif (twin->predictor),ca_mau,mild,240.0,8,24,2024,53.2407,0.0,240.0,0,0.0,4,0,4,86,0,0,0,1885,1588,60.0,0.044,0.0
wide,0.02,- whatif (twin->predictor),ca_mau,mild,240.0,9,24,2024,54.2593,0.0,240.0,1,60.0,5,2,3,87,0,0,0,1908,1611,60.0,0.033,0.1276
wide,0.02,- whatif (twin->predictor),ca_mau,severe,240.0,0,24,2024,51.2037,0.0,240.0,0,0.0,12,6,6,84,0,0,0,1838,1558,60.0,0.067,0.2716
wide,0.02,- whatif (twin->predictor),ca_mau,severe,240.0,1,24,2024,51.2037,0.0,240.0,1,60.0,15,9,6,84,0,0,0,1838,1558,60.0,0.067,0.439
wide,0.02,- whatif (twin->predictor),ca_mau,severe,240.0,2,24,2024,54.6296,0.0,240.0,2,120.0,5,3,2,88,0,0,0,1931,1633,60.0,0.022,0.1273
wide,0.02,- whatif (twin->predictor),ca_mau,severe,240.0,3,24,2024,52.2222,0.0,240.0,2,120.0,15,10,5,85,0,0,0,1862,1581,60.0,0.056,0.23
wide,0.02,- whatif (twin->predictor),ca_mau,severe,240.0,4,24,2024,52.2222,0.0,240.0,1,60.0,11,6,5,85,0,0,0,1862,1581,60.0,0.056,0.2127
wide,0.02,- whatif (twin->predictor),ca_mau,severe,240.0,5,24,2024,54.2593,0.0,240.0,1,60.0,4,1,3,87,0,0,0,1908,1611,60.0,0.033,0.1263
wide,0.02,- whatif (twin->predictor),ca_mau,severe,240.0,6,24,2024,54.2593,0.0,240.0,3,180.0,12,9,3,87,0,0,0,1908,1611,60.0,0.033,0.2133
wide,0.02,- whatif (twin->predictor),ca_mau,severe,240.0,7,24,2024,53.2407,0.0,240.0,1,60.0,15,11,4,86,0,0,0,1885,1588,60.0,0.044,0.1689
wide,0.02,- whatif (twin->predictor),ca_mau,severe,240.0,8,24,2024,52.2222,0.0,240.0,0,0.0,9,4,5,85,0,0,0,1862,1581,60.0,0.056,0.1651
wide,0.02,- whatif (twin->predictor),ca_mau,severe,240.0,9,24,2024,52.2222,0.0,240.0,1,60.0,11,6,5,85,0,0,0,1862,1581,60.0,0.056,0.2711
wide,0.02,- T2 (gui lai mu),can_tho,mild,240.0,0,24,2024,0.0,0.0,240.0,2,40.0,15,5,10,80,0,10,0,1540,1284,20.0,0.111,0.7454
wide,0.02,- T2 (gui lai mu),can_tho,mild,240.0,1,24,2024,0.0,0.0,220.0,1,20.0,18,8,10,80,0,10,0,1649,1390,20.0,0.111,1.7613
wide,0.02,- T2 (gui lai mu),can_tho,mild,240.0,2,24,2024,16.8981,0.0,240.0,7,140.0,16,11,5,85,0,5,0,1566,1292,20.0,0.056,0.8607
wide,0.02,- T2 (gui lai mu),can_tho,mild,240.0,3,24,2024,1.6204,0.0,240.0,5,100.0,18,11,7,83,0,7,0,1474,1167,20.0,0.078,1.0541
wide,0.02,- T2 (gui lai mu),can_tho,mild,240.0,4,24,2024,0.0,0.0,240.0,3,60.0,13,4,9,81,0,9,0,1492,1245,20.0,0.1,0.4303
wide,0.02,- T2 (gui lai mu),can_tho,mild,240.0,5,24,2024,3.4259,0.0,240.0,5,100.0,20,13,7,83,0,7,0,1417,1180,20.0,0.078,1.2303
wide,0.02,- T2 (gui lai mu),can_tho,mild,240.0,6,24,2024,13.4259,0.0,240.0,6,120.0,16,10,6,84,0,6,0,1524,1267,20.0,0.067,0.4303
wide,0.02,- T2 (gui lai mu),can_tho,mild,240.0,7,24,2024,0.0,0.0,240.0,4,80.0,14,6,8,82,0,8,0,1487,1187,20.0,0.089,0.6086
wide,0.02,- T2 (gui lai mu),can_tho,mild,240.0,8,24,2024,0.0,0.0,240.0,2,40.0,13,3,10,80,0,10,0,1571,1275,20.0,0.111,0.4303
wide,0.02,- T2 (gui lai mu),can_tho,mild,240.0,9,24,2024,0.0,0.0,240.0,2,40.0,24,14,10,80,0,10,0,1560,1317,20.0,0.111,2.2666
wide,0.02,- T2 (gui lai mu),can_tho,severe,240.0,0,24,2024,0.0,0.0,240.0,2,40.0,47,37,10,80,0,10,0,1554,1273,20.0,0.111,2.6626
wide,0.02,- T2 (gui lai mu),can_tho,severe,240.0,1,24,2024,0.0,0.0,220.0,1,20.0,25,15,10,80,0,10,0,1656,1390,20.0,0.111,0.9623
wide,0.02,- T2 (gui lai mu),can_tho,severe,240.0,2,24,2024,15.8333,0.0,240.0,7,140.0,61,56,5,85,0,5,0,1543,1294,20.0,0.056,3.2627
wide,0.02,- T2 (gui lai mu),can_tho,severe,240.0,3,24,2024,1.6204,0.0,240.0,5,100.0,46,39,7,83,0,7,0,1424,1173,20.0,0.078,2.2442
wide,0.02,- T2 (gui lai mu),can_tho,severe,240.0,4,24,2024,0.0,0.0,240.0,3,60.0,27,18,9,81,0,9,0,1500,1251,20.0,0.1,1.2172
wide,0.02,- T2 (gui lai mu),can_tho,severe,240.0,5,24,2024,3.4259,0.0,240.0,5,100.0,15,8,7,83,0,7,0,1417,1179,20.0,0.078,1.1043
wide,0.02,- T2 (gui lai mu),can_tho,severe,240.0,6,24,2024,10.3241,0.0,240.0,6,120.0,54,48,6,84,0,6,0,1546,1254,20.0,0.067,2.6029
wide,0.02,- T2 (gui lai mu),can_tho,severe,240.0,7,24,2024,0.0,0.0,240.0,4,80.0,71,63,8,82,0,8,0,1483,1209,20.0,0.089,3.8509
wide,0.02,- T2 (gui lai mu),can_tho,severe,240.0,8,24,2024,0.0,0.0,240.0,2,40.0,43,33,10,80,0,10,0,1574,1257,20.0,0.111,2.4267
wide,0.02,- T2 (gui lai mu),can_tho,severe,240.0,9,24,2024,0.0,0.0,240.0,2,40.0,36,26,10,80,0,10,0,1587,1310,20.0,0.111,2.18
wide,0.02,- T2 (gui lai mu),soc_trang,mild,240.0,0,24,2024,0.0,0.0,240.0,2,40.0,13,3,10,80,0,10,0,1010,1280,20.0,0.111,0.6086
wide,0.02,- T2 (gui lai mu),soc_trang,mild,240.0,1,24,2024,0.0,0.0,220.0,1,20.0,19,9,10,80,0,10,0,1631,1580,20.0,0.111,1.8612
wide,0.02,- T2 (gui lai mu),soc_trang,mild,240.0,2,24,2024,15.5556,0.0,240.0,7,140.0,13,8,5,85,0,5,0,1543,1398,20.0,0.056,0.4303
wide,0.02,- T2 (gui lai mu),soc_trang,mild,240.0,3,24,2024,0.0,0.0,240.0,5,100.0,15,8,7,83,0,7,0,1412,1338,20.0,0.078,0.8607
wide,0.02,- T2 (gui lai mu),soc_trang,mild,240.0,4,24,2024,0.0,0.0,240.0,3,60.0,15,6,9,81,0,9,0,874,1363,20.0,0.1,0.7454
wide,0.02,- T2 (gui lai mu),soc_trang,mild,240.0,5,24,2024,0.0,0.0,240.0,5,100.0,17,10,7,83,0,7,0,1406,1343,20.0,0.078,1.5039
wide,0.02,- T2 (gui lai mu),soc_trang,mild,240.0,6,24,2024,11.1111,0.0,240.0,6,120.0,16,10,6,84,0,6,0,1507,1380,20.0,0.067,0.4303
wide,0.02,- T2 (gui lai mu),soc_trang,mild,240.0,7,24,2024,0.0,0.0,240.0,4,80.0,17,9,8,82,0,8,0,1439,1381,20.0,0.089,0.9623
wide,0.02,- T2 (gui lai mu),soc_trang,mild,240.0,8,24,2024,0.0,0.0,240.0,2,40.0,16,6,10,80,0,10,0,979,1252,20.0,0.111,0.8607
wide,0.02,- T2 (gui lai mu),soc_trang,mild,240.0,9,24,2024,0.0,0.0,220.0,2,40.0,26,17,9,81,0,9,0,1593,1556,20.0,0.1,2.505
wide,0.02,- T2 (gui lai mu),soc_trang,severe,240.0,0,24,2024,0.0,0.0,240.0,2,40.0,30,20,10,80,0,10,0,1026,1281,20.0,0.111,1.2171
wide,0.02,- T2 (gui lai mu),soc_trang,severe,240.0,1,24,2024,0.0,0.0,220.0,1,20.0,44,34,10,80,0,10,0,1625,1582,20.0,0.111,2.1996
wide,0.02,- T2 (gui lai mu),soc_trang,severe,240.0,2,24,2024,15.5556,0.0,240.0,7,140.0,24,19,5,85,0,5,0,1545,1388,20.0,0.056,1.527
wide,0.02,- T2 (gui lai mu),soc_trang,severe,240.0,3,24,2024,0.0,0.0,240.0,5,100.0,37,30,7,83,0,7,0,1418,1344,20.0,0.078,1.9345
wide,0.02,- T2 (gui lai mu),soc_trang,severe,240.0,4,24,2024,0.0,0.0,240.0,3,60.0,29,20,9,81,0,9,0,883,1369,20.0,0.1,1.9656
wide,0.02,- T2 (gui lai mu),soc_trang,severe,240.0,5,24,2024,0.0,0.0,240.0,5,100.0,24,17,7,83,0,7,0,1408,1352,20.0,0.078,1.0313
wide,0.02,- T2 (gui lai mu),soc_trang,severe,240.0,6,24,2024,11.1111,0.0,240.0,6,120.0,28,22,6,84,0,6,0,1520,1382,20.0,0.067,1.4659
wide,0.02,- T2 (gui lai mu),soc_trang,severe,240.0,7,24,2024,0.0,0.0,240.0,4,80.0,35,27,8,82,0,8,0,1436,1400,20.0,0.089,2.8031
wide,0.02,- T2 (gui lai mu),soc_trang,severe,240.0,8,24,2024,0.0,0.0,240.0,2,40.0,56,46,10,80,0,10,0,1028,1288,20.0,0.111,3.0303
wide,0.02,- T2 (gui lai mu),soc_trang,severe,240.0,9,24,2024,0.0,0.0,220.0,2,40.0,34,25,9,81,0,9,0,1580,1560,20.0,0.1,1.6666
wide,0.02,- T2 (gui lai mu),ca_mau,mild,240.0,0,24,2024,0.0,0.0,200.0,1,20.0,18,9,9,81,0,9,0,1643,1568,20.0,0.1,1.2172
wide,0.02,- T2 (gui lai mu),ca_mau,mild,240.0,1,24,2024,0.0,0.0,200.0,1,20.0,11,2,9,81,0,9,0,1655,1575,20.0,0.1,0.4303
wide,0.02,- T2 (gui lai mu),ca_mau,mild,240.0,2,24,2024,14.3056,0.0,240.0,7,140.0,12,7,5,85,0,5,0,1494,1371,20.0,0.056,0.0
wide,0.02,- T2 (gui lai mu),ca_mau,mild,240.0,3,24,2024,0.0,0.0,240.0,5,100.0,25,18,7,83,0,7,0,1395,1230,20.0,0.078,1.5516
wide,0.02,- T2 (gui lai mu),ca_mau,mild,240.0,4,24,2024,0.0,0.0,240.0,3,60.0,15,6,9,81,0,9,0,935,1191,20.0,0.1,1.0539
wide,0.02,- T2 (gui lai mu),ca_mau,mild,240.0,5,24,2024,0.0,0.0,240.0,5,100.0,18,11,7,83,0,7,0,1396,1253,20.0,0.078,0.9413
wide,0.02,- T2 (gui lai mu),ca_mau,mild,240.0,6,24,2024,6.713,0.0,240.0,6,120.0,12,6,6,84,0,6,0,1481,1354,20.0,0.067,0.0
wide,0.02,- T2 (gui lai mu),ca_mau,mild,240.0,7,24,2024,0.0,0.0,220.0,4,80.0,14,7,7,83,0,7,0,1448,1349,20.0,0.078,0.7454
wide,0.02,- T2 (gui lai mu),ca_mau,mild,240.0,8,24,2024,0.0,0.0,200.0,1,20.0,13,4,9,81,0,9,0,1600,1549,20.0,0.1,0.7454
wide,0.02,- T2 (gui lai mu),ca_mau,mild,240.0,9,24,2024,0.0,0.0,200.0,2,40.0,16,8,8,82,0,8,0,1587,1513,20.0,0.089,1.3608
wide,0.02,- T2 (gui lai mu),ca_mau,severe,240.0,0,24,2024,0.0,0.0,200.0,1,20.0,23,14,9,81,0,9,0,1648,1571,20.0,0.1,0.4303
wide,0.02,- T2 (gui lai mu),ca_mau,severe,240.0,1,24,2024,0.0,0.0,200.0,1,20.0,23,14,9,81,0,9,0,1668,1577,20.0,0.1,0.9623
wide,0.02,- T2 (gui lai mu),ca_mau,severe,240.0,2,24,2024,14.3056,0.0,240.0,7,140.0,28,23,5,85,0,5,0,1501,1367,20.0,0.056,1.5247
wide,0.02,- T2 (gui lai mu),ca_mau,severe,240.0,3,24,2024,0.0,0.0,240.0,5,100.0,33,26,7,83,0,7,0,1404,1238,20.0,0.078,1.6102
wide,0.02,- T2 (gui lai mu),ca_mau,severe,240.0,4,24,2024,0.0,0.0,200.0,2,40.0,66,58,8,82,0,8,0,1599,1525,20.0,0.089,3.4435
wide,0.02,- T2 (gui lai mu),ca_mau,severe,240.0,5,24,2024,0.0,0.0,240.0,5,100.0,39,32,7,83,0,7,0,1418,1196,20.0,0.078,2.7379
wide,0.02,- T2 (gui lai mu),ca_mau,severe,240.0,6,24,2024,2.1759,0.0,240.0,6,120.0,51,45,6,84,0,6,0,1480,1336,20.0,0.067,1.8821
wide,0.02,- T2 (gui lai mu),ca_mau,severe,240.0,7,24,2024,0.0,0.0,220.0,4,80.0,44,37,7,83,0,7,0,1464,1370,20.0,0.078,2.2112
wide,0.02,- T2 (gui lai mu),ca_mau,severe,240.0,8,24,2024,0.0,0.0,200.0,1,20.0,28,19,9,81,0,9,0,1617,1550,20.0,0.1,0.9623
wide,0.02,- T2 (gui lai mu),ca_mau,severe,240.0,9,24,2024,0.0,0.0,200.0,2,40.0,31,23,8,82,0,8,0,1597,1514,20.0,0.089,1.8221
wide,0.02,- tai neo cam bien,can_tho,mild,240.0,0,24,2024,12.8704,0.0,180.0,1,20.0,13,3,10,80,0,6,1,902,1395,20.0,0.111,10.7475
wide,0.02,- tai neo cam bien,can_tho,mild,240.0,1,24,2024,9.0278,0.0,180.0,1,20.0,12,3,9,81,0,7,0,1659,1389,20.0,0.1,8.8218
wide,0.02,- tai neo cam bien,can_tho,mild,240.0,2,24,2024,1.5278,0.0,240.0,6,120.0,13,4,9,81,0,9,0,1543,1209,20.0,0.1,4.2248
wide,0.02,- tai neo cam bien,can_tho,mild,240.0,3,24,2024,8.0093,0.0,220.0,5,100.0,13,4,9,81,0,8,0,1605,1237,20.0,0.1,8.2229
wide,0.02,- tai neo cam bien,can_tho,mild,240.0,4,24,2024,1.5741,0.0,240.0,3,60.0,13,4,9,81,0,9,0,1537,1209,20.0,0.1,4.4018
wide,0.02,- tai neo cam bien,can_tho,mild,240.0,5,24,2024,10.2778,0.0,200.0,4,80.0,13,4,9,81,0,6,0,1466,1271,20.0,0.1,9.2681
wide,0.02,- tai neo cam bien,can_tho,mild,240.0,6,24,2024,0.6944,0.0,240.0,6,120.0,13,4,9,81,0,9,0,1546,1232,20.0,0.1,4.6588
wide,0.02,- tai neo cam bien,can_tho,mild,240.0,7,24,2024,11.1574,0.0,200.0,4,80.0,13,5,8,82,0,6,0,1308,1288,20.0,0.089,9.512
wide,0.02,- tai neo cam bien,can_tho,mild,240.0,8,24,2024,3.287,0.0,200.0,1,20.0,12,2,10,80,0,8,1,1662,1437,20.0,0.111,6.3126
wide,0.02,- tai neo cam bien,can_tho,mild,240.0,9,24,2024,17.9167,0.0,160.0,2,40.0,13,5,8,82,0,5,0,1648,1374,20.0,0.089,12.5781
wide,0.02,- tai neo cam bien,can_tho,severe,240.0,0,24,2024,2.8241,0.0,240.0,2,40.0,26,14,12,78,0,6,4,860,1244,20.0,0.133,5.5416
wide,0.02,- tai neo cam bien,can_tho,severe,240.0,1,24,2024,11.2037,0.0,200.0,1,20.0,30,18,12,78,0,6,3,1041,1360,20.0,0.133,7.0617
wide,0.02,- tai neo cam bien,can_tho,severe,240.0,2,24,2024,10.0,0.0,240.0,5,100.0,25,16,9,81,0,4,3,1436,1208,20.0,0.1,9.8424
wide,0.02,- tai neo cam bien,can_tho,severe,240.0,3,24,2024,24.0741,0.0,200.0,3,60.0,41,29,12,78,0,3,0,857,1117,20.0,0.133,16.4494
wide,0.02,- tai neo cam bien,can_tho,severe,240.0,4,24,2024,0.0,0.0,240.0,3,60.0,24,13,11,79,0,8,3,1534,1297,20.0,0.122,5.8702
wide,0.02,- tai neo cam bien,can_tho,severe,240.0,5,24,2024,6.25,0.0,240.0,5,100.0,21,12,9,81,0,3,3,1288,1061,20.0,0.1,13.743
wide,0.02,- tai neo cam bien,can_tho,severe,240.0,6,24,2024,13.1481,0.0,240.0,4,80.0,34,22,12,78,0,3,3,494,1128,20.0,0.133,11.7484
wide,0.02,- tai neo cam bien,can_tho,severe,240.0,7,24,2024,12.963,0.0,200.0,2,40.0,37,25,12,78,0,5,3,980,1327,20.0,0.133,7.2748
wide,0.02,- tai neo cam bien,can_tho,severe,240.0,8,24,2024,6.5741,0.0,220.0,1,20.0,29,17,12,78,0,5,3,1415,1248,20.0,0.133,6.4894
wide,0.02,- tai neo cam bien,can_tho,severe,240.0,9,24,2024,2.6852,0.0,240.0,2,40.0,24,13,11,79,0,6,4,1480,1273,20.0,0.122,5.7712
wide,0.02,- tai neo cam bien,soc_trang,mild,240.0,0,24,2024,7.1296,0.0,200.0,1,20.0,12,2,10,80,0,9,0,1674,1599,20.0,0.111,8.077
wide,0.02,- tai neo cam bien,soc_trang,mild,240.0,1,24,2024,7.3148,0.0,200.0,1,20.0,12,2,10,80,0,8,0,948,1535,20.0,0.111,8.0593
wide,0.02,- tai neo cam bien,soc_trang,mild,240.0,2,24,2024,1.6204,0.0,240.0,7,140.0,13,5,8,82,0,8,0,1189,1354,20.0,0.089,4.4354
wide,0.02,- tai neo cam bien,soc_trang,mild,240.0,3,24,2024,6.2963,0.0,200.0,5,100.0,12,4,8,82,0,7,0,1247,1424,20.0,0.089,7.9693
wide,0.02,- tai neo cam bien,soc_trang,mild,240.0,4,24,2024,0.0,0.0,240.0,3,60.0,12,3,9,81,0,9,0,1471,1427,20.0,0.1,0.0
wide,0.02,- tai neo cam bien,soc_trang,mild,240.0,5,24,2024,15.1852,0.0,180.0,3,60.0,14,5,9,81,0,5,0,969,1275,20.0,0.1,12.9142
wide,0.02,- tai neo cam bien,soc_trang,mild,240.0,6,24,2024,1.5741,0.0,220.0,6,120.0,12,4,8,82,0,8,0,1537,1428,20.0,0.089,4.2358
wide,0.02,- tai neo cam bien,soc_trang,mild,240.0,7,24,2024,8.8889,0.0,200.0,4,80.0,13,5,8,82,0,7,0,1619,1493,20.0,0.089,10.0531
wide,0.02,- tai neo cam bien,soc_trang,mild,240.0,8,24,2024,7.7778,0.0,180.0,1,20.0,13,3,10,80,0,8,0,1742,1640,20.0,0.111,13.0884
wide,0.02,- tai neo cam bien,soc_trang,mild,240.0,9,24,2024,15.6019,0.0,160.0,1,20.0,13,4,9,81,0,6,0,1545,1615,20.0,0.1,12.8943
wide,0.02,- tai neo cam bien,soc_trang,severe,240.0,0,24,2024,12.963,0.0,180.0,1,20.0,27,15,12,78,0,6,0,963,1447,20.0,0.133,6.3262
wide,0.02,- tai neo cam bien,soc_trang,severe,240.0,1,24,2024,15.787,0.0,180.0,1,20.0,29,17,12,78,0,6,1,861,1363,20.0,0.133,8.6661
wide,0.02,- tai neo cam bien,soc_trang,severe,240.0,2,24,2024,3.7963,0.0,240.0,3,60.0,36,26,10,80,0,4,4,1357,1279,20.0,0.111,10.0625
wide,0.02,- tai neo cam bien,soc_trang,severe,240.0,3,24,2024,3.75,0.0,240.0,4,80.0,31,20,11,79,0,5,3,1355,1419,20.0,0.122,9.764
wide,0.02,- tai neo cam bien,soc_trang,severe,240.0,4,24,2024,0.0,0.0,240.0,2,40.0,24,13,11,79,0,9,2,1474,1494,20.0,0.122,5.9707
wide,0.02,- tai neo cam bien,soc_trang,severe,240.0,5,24,2024,1.713,0.0,240.0,5,100.0,32,21,11,79,0,9,1,961,1219,20.0,0.122,8.2727
wide,0.02,- tai neo cam bien,soc_trang,severe,240.0,6,24,2024,7.2222,0.0,240.0,5,100.0,31,20,11,79,0,4,2,1408,1391,20.0,0.122,11.3437
wide,0.02,- tai neo cam bien,soc_trang,severe,240.0,7,24,2024,16.8519,0.0,200.0,3,60.0,32,21,11,79,0,4,1,664,1154,20.0,0.122,11.6678
wide,0.02,- tai neo cam bien,soc_trang,severe,240.0,8,24,2024,14.213,0.0,160.0,1,20.0,31,19,12,78,0,6,0,1578,1615,20.0,0.133,10.6975
wide,0.02,- tai neo cam bien,soc_trang,severe,240.0,9,24,2024,3.3796,0.0,220.0,2,40.0,28,17,11,79,0,7,2,1575,1528,20.0,0.122,5.858
wide,0.02,- tai neo cam bien,ca_mau,mild,240.0,0,24,2024,4.2593,0.0,180.0,1,20.0,12,3,9,81,0,9,0,1157,1471,20.0,0.1,8.8214
wide,0.02,- tai neo cam bien,ca_mau,mild,240.0,1,24,2024,8.0093,0.0,160.0,1,20.0,14,5,9,81,0,6,0,1614,1599,20.0,0.1,17.222
wide,0.02,- tai neo cam bien,ca_mau,mild,240.0,2,24,2024,0.0,0.0,220.0,7,140.0,11,4,7,83,0,7,0,1445,1334,20.0,0.078,0.0
wide,0.02,- tai neo cam bien,ca_mau,mild,240.0,3,24,2024,8.4259,0.0,180.0,5,100.0,12,4,8,82,0,7,0,1086,1367,20.0,0.089,9.3501
wide,0.02,- tai neo cam bien,ca_mau,mild,240.0,4,24,2024,0.0,0.0,220.0,2,40.0,12,3,9,81,0,9,0,1502,1426,20.0,0.1,6.1471
wide,0.02,- tai neo cam bien,ca_mau,mild,240.0,5,24,2024,7.3148,0.0,180.0,4,80.0,12,4,8,82,0,6,0,1530,1453,20.0,0.089,9.3649
wide,0.02,- tai neo cam bien,ca_mau,mild,240.0,6,24,2024,0.0,0.0,240.0,6,120.0,12,4,8,82,0,8,0,757,1128,20.0,0.089,0.0
wide,0.02,- tai neo cam bien,ca_mau,mild,240.0,7,24,2024,9.8148,0.0,180.0,3,60.0,14,6,8,82,0,6,0,1018,1246,20.0,0.089,14.4636
wide,0.02,- tai neo cam bien,ca_mau,mild,240.0,8,24,2024,0.6481,0.0,200.0,1,20.0,11,2,9,81,0,9,0,1619,1503,20.0,0.1,4.1805
wide,0.02,- tai neo cam bien,ca_mau,mild,240.0,9,24,2024,18.1019,0.0,160.0,1,20.0,14,5,9,81,0,1,3,1046,1408,20.0,0.1,14.7663
wide,0.02,- tai neo cam bien,ca_mau,severe,240.0,0,24,2024,15.9259,0.0,160.0,0,0.0,37,25,12,78,0,4,2,952,1427,20.0,0.133,8.9269
wide,0.02,- tai neo cam bien,ca_mau,severe,240.0,1,24,2024,5.0463,0.0,200.0,1,20.0,28,17,11,79,0,6,2,1050,1442,20.0,0.122,6.3275
wide,0.02,- tai neo cam bien,ca_mau,severe,240.0,2,24,2024,3.75,0.0,240.0,6,120.0,34,25,9,81,0,3,2,1256,1276,20.0,0.1,10.7966
wide,0.02,- tai neo cam bien,ca_mau,severe,240.0,3,24,2024,8.9815,0.0,180.0,4,80.0,35,24,11,79,0,4,2,1504,1486,20.0,0.122,9.0751
wide,0.02,- tai neo cam bien,ca_mau,severe,240.0,4,24,2024,7.963,0.0,180.0,1,20.0,30,19,11,79,0,6,0,802,1315,20.0,0.122,7.2111
wide,0.02,- tai neo cam bien,ca_mau,severe,240.0,5,24,2024,3.7963,0.0,240.0,4,80.0,32,22,10,80,0,7,0,812,1046,20.0,0.111,11.772
wide,0.02,- tai neo cam bien,ca_mau,severe,240.0,6,24,2024,8.9352,0.0,240.0,6,120.0,19,11,8,82,0,2,3,1288,1147,20.0,0.089,12.6352
wide,0.02,- tai neo cam bien,ca_mau,severe,240.0,7,24,2024,1.9444,0.0,200.0,3,60.0,25,15,10,80,0,6,2,1482,1398,20.0,0.111,8.4361
wide,0.02,- tai neo cam bien,ca_mau,severe,240.0,8,24,2024,10.5093,0.0,200.0,1,20.0,25,14,11,79,0,6,2,1055,1422,20.0,0.122,7.1074
wide,0.02,- tai neo cam bien,ca_mau,severe,240.0,9,24,2024,7.1759,0.0,200.0,2,40.0,20,10,10,80,0,5,3,1315,1391,20.0,0.111,8.1106
wide,0.02,- epoch cap (quyet dinh moi gio),can_tho,mild,240.0,0,1,2024,0.0,0.0,240.0,2,40.0,12,2,10,2148,0,6,4,1531,1306,20.0,0.111,0.0
wide,0.02,- epoch cap (quyet dinh moi gio),can_tho,mild,240.0,1,1,2024,0.0,0.0,240.0,1,20.0,15,3,12,2145,0,6,6,1608,1429,20.0,0.133,0.8566
wide,0.02,- epoch cap (quyet dinh moi gio),can_tho,mild,240.0,2,1,2024,3.6574,0.0,240.0,7,140.0,13,5,8,2147,0,4,4,1441,1198,20.0,0.089,0.4303
wide,0.02,- epoch cap (quyet dinh moi gio),can_tho,mild,240.0,3,1,2024,1.713,0.0,240.0,5,100.0,13,4,9,2147,0,5,4,1493,1273,20.0,0.1,0.4303
wide,0.02,- epoch cap (quyet dinh moi gio),can_tho,mild,240.0,4,1,2024,1.4815,0.0,240.0,3,60.0,13,4,9,2147,0,5,4,1493,1266,20.0,0.1,0.4303
wide,0.02,- epoch cap (quyet dinh moi gio),can_tho,mild,240.0,5,1,2024,3.5185,0.0,240.0,5,100.0,14,6,8,2146,0,5,3,1462,1215,20.0,0.089,0.6086
wide,0.02,- epoch cap (quyet dinh moi gio),can_tho,mild,240.0,6,1,2024,2.5463,0.0,240.0,6,120.0,13,4,9,2147,0,5,4,1474,1271,20.0,0.1,0.4303
wide,0.02,- epoch cap (quyet dinh moi gio),can_tho,mild,240.0,7,1,2024,1.3426,0.0,240.0,4,80.0,19,8,11,2141,0,6,3,1489,1279,20.0,0.122,1.1386
wide,0.02,- epoch cap (quyet dinh moi gio),can_tho,mild,240.0,8,1,2024,0.0,0.0,240.0,2,40.0,16,5,11,2144,0,6,5,1594,1386,20.0,0.122,0.8607
wide,0.02,- epoch cap (quyet dinh moi gio),can_tho,mild,240.0,9,1,2024,0.0,0.0,240.0,2,40.0,16,5,11,2144,0,6,4,1546,1319,20.0,0.122,1.4259
wide,0.02,- epoch cap (quyet dinh moi gio),can_tho,severe,240.0,0,1,2024,0.0,0.0,240.0,2,40.0,33,20,13,2127,0,6,4,1539,1336,20.0,0.144,0.9623
wide,0.02,- epoch cap (quyet dinh moi gio),can_tho,severe,240.0,1,1,2024,0.0,0.0,240.0,1,20.0,30,15,15,2130,0,8,4,1591,1424,20.0,0.167,0.9623
wide,0.02,- epoch cap (quyet dinh moi gio),can_tho,severe,240.0,2,1,2024,6.5741,0.0,240.0,7,140.0,22,14,8,2138,0,4,3,1437,1170,20.0,0.089,1.291
wide,0.02,- epoch cap (quyet dinh moi gio),can_tho,severe,240.0,3,1,2024,3.6111,0.0,240.0,5,100.0,32,21,11,2128,0,7,1,1460,1227,20.0,0.122,1.5803
wide,0.02,- epoch cap (quyet dinh moi gio),can_tho,severe,240.0,4,1,2024,0.0,0.0,240.0,2,40.0,75,53,22,2085,0,11,1,1646,1377,20.0,0.244,1.8715
wide,0.02,- epoch cap (quyet dinh moi gio),can_tho,severe,240.0,5,1,2024,0.2778,0.0,240.0,4,80.0,42,29,13,2118,0,6,3,1476,1280,20.0,0.144,1.6077
wide,0.02,- epoch cap (quyet dinh moi gio),can_tho,severe,240.0,6,1,2024,1.713,0.0,240.0,4,80.0,31,20,11,2129,0,4,5,1500,1275,20.0,0.122,1.6408
wide,0.02,- epoch cap (quyet dinh moi gio),can_tho,severe,240.0,7,1,2024,3.4722,0.0,240.0,4,80.0,24,16,8,2136,0,5,3,1459,1213,20.0,0.089,0.9623
wide,0.02,- epoch cap (quyet dinh moi gio),can_tho,severe,240.0,8,1,2024,0.0,0.0,240.0,2,40.0,35,22,13,2125,0,8,3,1607,1372,20.0,0.144,0.7454
wide,0.02,- epoch cap (quyet dinh moi gio),can_tho,severe,240.0,9,1,2024,0.0,0.0,240.0,1,20.0,76,53,23,2084,0,11,0,1575,1355,20.0,0.256,1.9214
wide,0.02,- epoch cap (quyet dinh moi gio),soc_trang,mild,240.0,0,1,2024,0.0,0.0,240.0,2,40.0,16,5,11,2144,0,6,4,1521,1501,20.0,0.122,0.8607
wide,0.02,- epoch cap (quyet dinh moi gio),soc_trang,mild,240.0,1,1,2024,0.0,0.0,240.0,1,20.0,12,1,11,2148,0,6,5,1574,1559,20.0,0.122,0.0
wide,0.02,- epoch cap (quyet dinh moi gio),soc_trang,mild,240.0,2,1,2024,0.0,0.0,240.0,6,120.0,18,7,11,2142,0,7,2,1460,1421,20.0,0.122,1.2124
wide,0.02,- epoch cap (quyet dinh moi gio),soc_trang,mild,240.0,3,1,2024,0.0,0.0,240.0,5,100.0,13,4,9,2147,0,5,4,1440,1416,20.0,0.1,0.4303
wide,0.02,- epoch cap (quyet dinh moi gio),soc_trang,mild,240.0,4,1,2024,0.0,0.0,240.0,3,60.0,12,3,9,2148,0,5,4,1484,1432,20.0,0.1,0.0
wide,0.02,- epoch cap (quyet dinh moi gio),soc_trang,mild,240.0,5,1,2024,0.0,0.0,240.0,5,100.0,12,4,8,2148,0,5,3,1437,1346,20.0,0.089,0.0
wide,0.02,- epoch cap (quyet dinh moi gio),soc_trang,mild,240.0,6,1,2024,0.0,0.0,240.0,6,120.0,14,5,9,2146,0,5,4,1481,1432,20.0,0.1,0.7453
wide,0.02,- epoch cap (quyet dinh moi gio),soc_trang,mild,240.0,7,1,2024,0.0,0.0,240.0,4,80.0,14,5,9,2146,0,5,4,1463,1421,20.0,0.1,0.6086
wide,0.02,- epoch cap (quyet dinh moi gio),soc_trang,mild,240.0,8,1,2024,0.0,0.0,240.0,2,40.0,18,6,12,2142,0,7,3,1496,1488,20.0,0.133,1.0541
wide,0.02,- epoch cap (quyet dinh moi gio),soc_trang,mild,240.0,9,1,2024,0.0,0.0,240.0,1,20.0,22,6,16,2138,0,9,3,1018,1554,20.0,0.178,1.3608
wide,0.02,- epoch cap (quyet dinh moi gio),soc_trang,severe,240.0,0,1,2024,0.0,0.0,240.0,1,20.0,37,22,15,2123,0,9,2,1558,1567,20.0,0.167,1.1385
wide,0.02,- epoch cap (quyet dinh moi gio),soc_trang,severe,240.0,1,1,2024,0.0,0.0,240.0,1,20.0,51,33,18,2109,0,10,1,1566,1560,20.0,0.2,1.2172
wide,0.02,- epoch cap (quyet dinh moi gio),soc_trang,severe,240.0,2,1,2024,1.0648,0.0,240.0,4,80.0,45,31,14,2115,0,6,2,1447,1395,20.0,0.156,1.6974
wide,0.02,- epoch cap (quyet dinh moi gio),soc_trang,severe,240.0,3,1,2024,0.0,0.0,240.0,4,80.0,38,25,13,2122,0,9,1,1504,1508,20.0,0.144,1.5497
wide,0.02,- epoch cap (quyet dinh moi gio),soc_trang,severe,240.0,4,1,2024,0.0,0.0,240.0,2,40.0,54,36,18,2106,0,7,4,1516,1528,20.0,0.2,1.7166
wide,0.02,- epoch cap (quyet dinh moi gio),soc_trang,severe,240.0,5,1,2024,0.0,0.0,240.0,5,100.0,32,21,11,2128,0,6,2,1434,1359,20.0,0.122,1.2139
wide,0.02,- epoch cap (quyet dinh moi gio),soc_trang,severe,240.0,6,1,2024,7.1759,0.0,240.0,5,100.0,26,18,8,2134,0,3,4,1469,1368,20.0,0.089,1.182
wide,0.02,- epoch cap (quyet dinh moi gio),soc_trang,severe,240.0,7,1,2024,0.0,0.0,240.0,4,80.0,24,15,9,2136,0,5,3,1413,1352,20.0,0.1,1.2139
wide,0.02,- epoch cap (quyet dinh moi gio),soc_trang,severe,240.0,8,1,2024,0.0,0.0,240.0,2,40.0,30,16,14,2130,0,9,2,1578,1564,20.0,0.156,1.1385
wide,0.02,- epoch cap (quyet dinh moi gio),soc_trang,severe,240.0,9,1,2024,0.0,0.0,240.0,2,40.0,60,42,18,2100,0,9,1,1555,1525,20.0,0.2,1.427
wide,0.02,- epoch cap (quyet dinh moi gio),ca_mau,mild,240.0,0,1,2024,0.0,0.0,240.0,2,40.0,13,2,11,2147,0,10,1,1009,1298,20.0,0.122,0.4303
wide,0.02,- epoch cap (quyet dinh moi gio),ca_mau,mild,240.0,1,1,2024,0.0,0.0,220.0,1,20.0,12,2,10,2148,0,9,1,1559,1543,20.0,0.111,0.4303
wide,0.02,- epoch cap (quyet dinh moi gio),ca_mau,mild,240.0,2,1,2024,0.0,0.0,240.0,6,120.0,15,6,9,2145,0,9,0,1454,1314,20.0,0.1,0.7454
wide,0.02,- epoch cap (quyet dinh moi gio),ca_mau,mild,240.0,3,1,2024,0.0,0.0,240.0,4,80.0,18,7,11,2142,0,8,1,1418,1239,20.0,0.122,1.7573
wide,0.02,- epoch cap (quyet dinh moi gio),ca_mau,mild,240.0,4,1,2024,0.0,0.0,240.0,3,60.0,13,4,9,2147,0,6,3,1425,1323,20.0,0.1,0.4303
wide,0.02,- epoch cap (quyet dinh moi gio),ca_mau,mild,240.0,5,1,2024,0.0,0.0,220.0,4,80.0,13,4,9,2147,0,9,0,1544,1474,20.0,0.1,0.7427
wide,0.02,- epoch cap (quyet dinh moi gio),ca_mau,mild,240.0,6,1,2024,0.0,0.0,240.0,6,120.0,22,10,12,2138,0,7,1,1363,1322,20.0,0.133,1.5469
wide,0.02,- epoch cap (quyet dinh moi gio),ca_mau,mild,240.0,7,1,2024,0.0,0.0,240.0,4,80.0,12,4,8,2148,0,6,2,1350,1316,20.0,0.089,0.0
wide,0.02,- epoch cap (quyet dinh moi gio),ca_mau,mild,240.0,8,1,2024,0.0,0.0,240.0,1,20.0,15,3,12,2145,0,10,1,1014,1300,20.0,0.133,0.7454
wide,0.02,- epoch cap (quyet dinh moi gio),ca_mau,mild,240.0,9,1,2024,0.0,0.0,240.0,2,40.0,14,3,11,2146,0,9,1,893,1227,20.0,0.122,0.6086
wide,0.02,- epoch cap (quyet dinh moi gio),ca_mau,severe,240.0,0,1,2024,0.0,0.0,240.0,1,20.0,43,26,17,2117,0,11,0,1031,1344,20.0,0.189,1.4256
wide,0.02,- epoch cap (quyet dinh moi gio),ca_mau,severe,240.0,1,1,2024,0.0,0.0,220.0,1,20.0,30,18,12,2130,0,9,1,1561,1529,20.0,0.133,0.7454
wide,0.02,- epoch cap (quyet dinh moi gio),ca_mau,severe,240.0,2,1,2024,0.0,0.0,240.0,5,100.0,41,29,12,2119,0,7,2,1439,1356,20.0,0.133,1.5491
wide,0.02,- epoch cap (quyet dinh moi gio),ca_mau,severe,240.0,3,1,2024,0.0,0.0,240.0,5,100.0,25,16,9,2135,0,6,1,1364,1241,20.0,0.1,1.2577
wide,0.02,- epoch cap (quyet dinh moi gio),ca_mau,severe,240.0,4,1,2024,0.0,0.0,220.0,2,40.0,32,21,11,2128,0,9,0,1500,1467,20.0,0.122,1.0538
wide,0.02,- epoch cap (quyet dinh moi gio),ca_mau,severe,240.0,5,1,2024,0.0,0.0,240.0,5,100.0,32,20,12,2128,0,9,0,1455,1309,20.0,0.133,1.291
wide,0.02,- epoch cap (quyet dinh moi gio),ca_mau,severe,240.0,6,1,2024,10.9259,0.0,240.0,6,120.0,18,11,7,2142,0,5,1,1497,1361,20.0,0.078,1.1453
wide,0.02,- epoch cap (quyet dinh moi gio),ca_mau,severe,240.0,7,1,2024,0.0,0.0,220.0,3,60.0,44,29,15,2116,0,10,0,1566,1502,20.0,0.167,1.4882
wide,0.02,- epoch cap (quyet dinh moi gio),ca_mau,severe,240.0,8,1,2024,0.0,0.0,220.0,0,0.0,48,31,17,2112,0,11,0,1005,1426,20.0,0.189,1.2893
wide,0.02,- epoch cap (quyet dinh moi gio),ca_mau,severe,240.0,9,1,2024,0.0,0.0,220.0,1,20.0,54,38,16,2106,0,10,0,1566,1516,20.0,0.178,1.291
wide,0.02,- cong chance-constrained,can_tho,mild,240.0,0,24,2024,27.7778,0.0,240.0,0,0.0,4,0,4,0,0,0,1,1343,1031,60.0,0.044,0.0
wide,0.02,- cong chance-constrained,can_tho,mild,240.0,1,24,2024,27.7778,0.0,240.0,1,60.0,5,1,4,0,0,0,1,1343,1031,60.0,0.044,0.0015
wide,0.02,- cong chance-constrained,can_tho,mild,240.0,2,24,2024,34.6759,0.0,240.0,2,120.0,4,1,3,0,0,0,1,1515,1186,60.0,0.033,0.0
wide,0.02,- cong chance-constrained,can_tho,mild,240.0,3,24,2024,34.6759,0.0,240.0,2,120.0,4,1,3,0,0,0,1,1515,1186,60.0,0.033,0.0
wide,0.02,- cong chance-constrained,can_tho,mild,240.0,4,24,2024,34.6759,0.0,240.0,1,60.0,4,1,3,0,0,0,1,1515,1186,60.0,0.033,0.0
wide,0.02,- cong chance-constrained,can_tho,mild,240.0,5,24,2024,34.6759,0.0,240.0,1,60.0,4,1,3,0,0,0,1,1515,1186,60.0,0.033,0.0
wide,0.02,- cong chance-constrained,can_tho,mild,240.0,6,24,2024,34.6759,0.0,240.0,3,180.0,5,2,3,0,0,0,1,1515,1187,60.0,0.033,0.8302
wide,0.02,- cong chance-constrained,can_tho,mild,240.0,7,24,2024,27.7778,0.0,240.0,2,120.0,6,2,4,0,0,0,1,1344,1032,60.0,0.044,0.9512
wide,0.02,- cong chance-constrained,can_tho,mild,240.0,8,24,2024,26.7593,0.0,240.0,0,0.0,7,2,5,0,0,0,2,1335,1034,60.0,0.056,1.5308
wide,0.02,- cong chance-constrained,can_tho,mild,240.0,9,24,2024,27.7778,0.0,240.0,0,0.0,6,2,4,0,0,0,1,1344,1032,60.0,0.044,0.9512
wide,0.02,- cong chance-constrained,can_tho,severe,240.0,0,24,2024,27.7778,0.0,240.0,0,0.0,8,3,5,0,0,0,1,1344,1032,60.0,0.056,1.2074
wide,0.02,- cong chance-constrained,can_tho,severe,240.0,1,24,2024,33.6111,0.0,240.0,1,60.0,15,10,5,0,0,0,2,1502,1188,60.0,0.056,1.5274
wide,0.02,- cong chance-constrained,can_tho,severe,240.0,2,24,2024,27.7778,0.0,240.0,0,0.0,12,8,4,0,0,0,1,1345,1034,60.0,0.044,1.2792
wide,0.02,- cong chance-constrained,can_tho,severe,240.0,3,24,2024,28.1944,0.0,240.0,2,120.0,33,24,9,0,0,1,1,1474,1161,60.0,0.1,3.1557
wide,0.02,- cong chance-constrained,can_tho,severe,240.0,4,24,2024,26.7593,0.0,240.0,0,0.0,19,13,6,0,0,0,1,1345,1040,60.0,0.067,1.527
wide,0.02,- cong chance-constrained,can_tho,severe,240.0,5,24,2024,26.7593,0.0,240.0,0,0.0,12,7,5,0,0,0,2,1335,1037,60.0,0.056,1.2698
wide,0.02,- cong chance-constrained,can_tho,severe,240.0,6,24,2024,34.6759,0.0,240.0,1,60.0,10,7,3,0,0,0,1,1515,1191,60.0,0.033,1.1746
wide,0.02,- cong chance-constrained,can_tho,severe,240.0,7,24,2024,34.6759,0.0,240.0,1,60.0,13,9,4,0,0,0,1,1518,1191,60.0,0.044,1.1906
wide,0.02,- cong chance-constrained,can_tho,severe,240.0,8,24,2024,27.7778,0.0,240.0,0,0.0,5,1,4,0,0,0,1,1343,1032,60.0,0.044,1.2709
wide,0.02,- cong chance-constrained,can_tho,severe,240.0,9,24,2024,34.6759,0.0,240.0,1,60.0,6,3,3,0,0,0,1,1515,1188,60.0,0.033,0.8528
wide,0.02,- cong chance-constrained,soc_trang,mild,240.0,0,24,2024,25.6019,0.0,240.0,0,0.0,6,1,5,0,0,0,2,1302,1105,60.0,0.056,1.2907
wide,0.02,- cong chance-constrained,soc_trang,mild,240.0,1,24,2024,32.4537,0.0,240.0,1,60.0,6,2,4,0,0,0,2,1473,1260,60.0,0.044,1.2646
wide,0.02,- cong chance-constrained,soc_trang,mild,240.0,2,24,2024,33.6111,0.0,240.0,1,60.0,5,2,3,0,0,0,1,1482,1260,60.0,0.033,0.9214
wide,0.02,- cong chance-constrained,soc_trang,mild,240.0,3,24,2024,33.6111,0.0,240.0,2,120.0,4,1,3,0,0,0,1,1481,1259,60.0,0.033,0.0
wide,0.02,- cong chance-constrained,soc_trang,mild,240.0,4,24,2024,33.6111,0.0,240.0,1,60.0,4,1,3,0,0,0,1,1481,1259,60.0,0.033,0.0
wide,0.02,- cong chance-constrained,soc_trang,mild,240.0,5,24,2024,33.6111,0.0,240.0,1,60.0,4,1,3,0,0,0,1,1481,1259,60.0,0.033,0.0
wide,0.02,- cong chance-constrained,soc_trang,mild,240.0,6,24,2024,33.6111,0.0,240.0,2,120.0,6,3,3,0,0,0,1,1481,1261,60.0,0.033,1.2388
wide,0.02,- cong chance-constrained,soc_trang,mild,240.0,7,24,2024,33.6111,0.0,240.0,2,120.0,5,2,3,0,0,0,1,1481,1259,60.0,0.033,0.0002
wide,0.02,- cong chance-constrained,soc_trang,mild,240.0,8,24,2024,26.6667,0.0,240.0,0,0.0,4,0,4,0,0,0,2,1302,1106,60.0,0.044,0.0
wide,0.02,- cong chance-constrained,soc_trang,mild,240.0,9,24,2024,33.6111,0.0,240.0,1,60.0,4,1,3,0,0,0,1,1481,1259,60.0,0.033,0.0
wide,0.02,- cong chance-constrained,soc_trang,severe,240.0,0,24,2024,23.5185,0.0,240.0,0,0.0,16,9,7,0,0,0,2,1303,1121,60.0,0.078,1.9389
wide,0.02,- cong chance-constrained,soc_trang,severe,240.0,1,24,2024,25.6019,0.0,240.0,1,60.0,12,7,5,0,0,0,3,1294,1108,60.0,0.056,0.8583
wide,0.02,- cong chance-constrained,soc_trang,severe,240.0,2,24,2024,33.6111,0.0,240.0,1,60.0,8,5,3,0,0,0,1,1482,1261,60.0,0.033,0.8939
wide,0.02,- cong chance-constrained,soc_trang,severe,240.0,3,24,2024,28.3333,0.0,240.0,2,120.0,33,24,9,0,0,1,0,1464,1237,60.0,0.1,3.132
wide,0.02,- cong chance-constrained,soc_trang,severe,240.0,4,24,2024,25.6019,0.0,240.0,0,0.0,13,8,5,0,0,0,3,1296,1110,60.0,0.056,1.2392
wide,0.02,- cong chance-constrained,soc_trang,severe,240.0,5,24,2024,26.6667,0.0,240.0,0,0.0,11,7,4,0,0,0,2,1306,1112,60.0,0.044,0.8944
wide,0.02,- cong chance-constrained,soc_trang,severe,240.0,6,24,2024,32.1759,0.0,240.0,1,60.0,17,12,5,0,0,0,1,1481,1262,60.0,0.056,2.0388
wide,0.02,- cong chance-constrained,soc_trang,severe,240.0,7,24,2024,32.4537,0.0,240.0,1,60.0,13,9,4,0,0,0,1,1481,1263,60.0,0.044,1.5616
wide,0.02,- cong chance-constrained,soc_trang,severe,240.0,8,24,2024,23.5185,0.0,240.0,0,0.0,19,12,7,0,0,0,2,1305,1124,60.0,0.078,2.577
wide,0.02,- cong chance-constrained,soc_trang,severe,240.0,9,24,2024,26.6667,0.0,240.0,0,0.0,11,7,4,0,0,0,2,1304,1113,60.0,0.044,0.0
wide,0.02,- cong chance-constrained,ca_mau,mild,240.0,0,24,2024,24.1204,0.0,240.0,0,0.0,6,1,5,0,0,0,1,1289,1095,60.0,0.056,1.296
wide,0.02,- cong chance-constrained,ca_mau,mild,240.0,1,24,2024,31.3889,0.0,240.0,1,60.0,6,2,4,0,0,0,1,1445,1252,60.0,0.044,1.2196
wide,0.02,- cong chance-constrained,ca_mau,mild,240.0,2,24,2024,32.2685,0.0,240.0,1,60.0,5,2,3,0,0,0,0,1472,1254,60.0,0.033,0.891
wide,0.02,- cong chance-constrained,ca_mau,mild,240.0,3,24,2024,32.2685,0.0,240.0,2,120.0,4,1,3,0,0,0,0,1472,1253,60.0,0.033,0.0
wide,0.02,- cong chance-constrained,ca_mau,mild,240.0,4,24,2024,32.2685,0.0,240.0,1,60.0,4,1,3,0,0,0,0,1472,1253,60.0,0.033,0.0
wide,0.02,- cong chance-constrained,ca_mau,mild,240.0,5,24,2024,32.2685,0.0,240.0,1,60.0,4,1,3,0,0,0,0,1472,1253,60.0,0.033,0.0
wide,0.02,- cong chance-constrained,ca_mau,mild,240.0,6,24,2024,32.2685,0.0,240.0,2,120.0,6,3,3,0,0,0,0,1472,1255,60.0,0.033,1.1971
wide,0.02,- cong chance-constrained,ca_mau,mild,240.0,7,24,2024,32.2685,0.0,240.0,2,120.0,5,2,3,0,0,0,0,1472,1253,60.0,0.033,0.0002
wide,0.02,- cong chance-constrained,ca_mau,mild,240.0,8,24,2024,24.537,0.0,240.0,0,0.0,4,0,4,0,0,0,1,1271,1092,60.0,0.044,0.0
wide,0.02,- cong chance-constrained,ca_mau,mild,240.0,9,24,2024,32.2685,0.0,240.0,1,60.0,4,1,3,0,0,0,0,1472,1253,60.0,0.033,0.0
wide,0.02,- cong chance-constrained,ca_mau,severe,240.0,0,24,2024,22.2222,0.0,240.0,0,0.0,16,9,7,0,0,0,2,1267,1101,60.0,0.078,1.8732
wide,0.02,- cong chance-constrained,ca_mau,severe,240.0,1,24,2024,24.1204,0.0,240.0,1,60.0,12,7,5,0,0,0,1,1267,1081,60.0,0.056,0.8309
wide,0.02,- cong chance-constrained,ca_mau,severe,240.0,2,24,2024,32.2685,0.0,240.0,1,60.0,8,5,3,0,0,0,0,1472,1255,60.0,0.033,0.8622
wide,0.02,- cong chance-constrained,ca_mau,severe,240.0,3,24,2024,25.6944,0.0,240.0,2,120.0,31,22,9,0,0,1,1,1425,1211,60.0,0.1,3.1003
wide,0.02,- cong chance-constrained,ca_mau,severe,240.0,4,24,2024,24.1204,0.0,240.0,0,0.0,13,8,5,0,0,0,1,1271,1098,60.0,0.056,1.1975
wide,0.02,- cong chance-constrained,ca_mau,severe,240.0,5,24,2024,24.537,0.0,240.0,0,0.0,11,7,4,0,0,0,1,1272,1098,60.0,0.044,0.8626
wide,0.02,- cong chance-constrained,ca_mau,severe,240.0,6,24,2024,31.0648,0.0,240.0,1,60.0,17,12,5,0,0,0,1,1446,1257,60.0,0.056,1.9701
wide,0.02,- cong chance-constrained,ca_mau,severe,240.0,7,24,2024,31.3889,0.0,240.0,1,60.0,13,9,4,0,0,0,1,1449,1257,60.0,0.044,1.5106
wide,0.02,- cong chance-constrained,ca_mau,severe,240.0,8,24,2024,22.2222,0.0,240.0,0,0.0,19,12,7,0,0,0,2,1269,1104,60.0,0.078,2.4851
wide,0.02,- cong chance-constrained,ca_mau,severe,240.0,9,24,2024,24.537,0.0,240.0,0,0.0,11,7,4,0,0,0,1,1272,1099,60.0,0.044,0.0
wide,0.02,- luat thich ung (centre co dinh),can_tho,mild,240.0,0,24,2024,13.4722,0.0,240.0,2,40.0,14,3,11,79,0,0,6,1107,955,20.0,0.122,0.6086
wide,0.02,- luat thich ung (centre co dinh),can_tho,mild,240.0,1,24,2024,13.4259,0.0,240.0,1,20.0,18,5,13,77,0,0,6,1108,966,20.0,0.144,1.0541
wide,0.02,- luat thich ung (centre co dinh),can_tho,mild,240.0,2,24,2024,13.6111,0.0,240.0,7,140.0,12,4,8,82,0,0,6,1102,876,20.0,0.089,0.0
wide,0.02,- luat thich ung (centre co dinh),can_tho,mild,240.0,3,24,2024,13.5648,0.0,240.0,5,100.0,13,4,9,81,0,0,7,1115,912,20.0,0.1,0.4303
wide,0.02,- luat thich ung (centre co dinh),can_tho,mild,240.0,4,24,2024,13.3796,0.0,240.0,3,60.0,19,6,13,77,0,0,6,1116,964,20.0,0.144,1.3608
wide,0.02,- luat thich ung (centre co dinh),can_tho,mild,240.0,5,24,2024,12.5926,0.0,240.0,4,80.0,17,7,10,80,0,0,8,1156,949,20.0,0.111,1.054
wide,0.02,- luat thich ung (centre co dinh),can_tho,mild,240.0,6,24,2024,13.5185,0.0,240.0,4,80.0,16,6,10,80,0,0,8,1124,944,20.0,0.111,0.8607
wide,0.02,- luat thich ung (centre co dinh),can_tho,mild,240.0,7,24,2024,13.5185,0.0,240.0,4,80.0,15,6,9,81,0,0,7,1131,929,20.0,0.1,0.7454
wide,0.02,- luat thich ung (centre co dinh),can_tho,mild,240.0,8,24,2024,13.4722,0.0,240.0,2,40.0,16,4,12,78,0,0,8,1094,1004,20.0,0.133,1.1385
wide,0.02,- luat thich ung (centre co dinh),can_tho,mild,240.0,9,24,2024,13.4259,0.0,240.0,2,40.0,16,5,11,79,0,0,6,1110,957,20.0,0.122,1.427
wide,0.02,- luat thich ung (centre co dinh),can_tho,severe,240.0,0,24,2024,11.5278,0.0,240.0,0,0.0,42,26,16,74,0,0,8,1185,1063,20.0,0.178,1.291
wide,0.02,- luat thich ung (centre co dinh),can_tho,severe,240.0,1,24,2024,12.4074,0.0,240.0,1,20.0,47,31,16,74,0,0,9,1137,1053,20.0,0.178,1.1385
wide,0.02,- luat thich ung (centre co dinh),can_tho,severe,240.0,2,24,2024,13.5648,0.0,240.0,3,60.0,35,24,11,79,0,0,7,1126,948,20.0,0.122,1.3588
wide,0.02,- luat thich ung (centre co dinh),can_tho,severe,240.0,3,24,2024,12.8704,0.0,240.0,3,60.0,59,42,17,73,0,1,7,1263,1086,21.82,0.189,1.8424
wide,0.02,- luat thich ung (centre co dinh),can_tho,severe,240.0,4,24,2024,12.1759,0.0,240.0,2,40.0,44,28,16,74,0,0,8,1170,1027,20.0,0.178,1.5516
wide,0.02,- luat thich ung (centre co dinh),can_tho,severe,240.0,5,24,2024,12.5,0.0,240.0,3,60.0,32,19,13,77,0,0,8,1168,998,20.0,0.144,1.3608
wide,0.02,- luat thich ung (centre co dinh),can_tho,severe,240.0,6,24,2024,15.7407,0.0,240.0,6,120.0,39,27,12,78,0,0,5,1223,1016,20.0,0.133,1.4272
wide,0.02,- luat thich ung (centre co dinh),can_tho,severe,240.0,7,24,2024,11.3426,0.0,240.0,3,60.0,41,26,15,75,0,1,7,1167,1016,20.0,0.167,1.4907
wide,0.02,- luat thich ung (centre co dinh),can_tho,severe,240.0,8,24,2024,12.2222,0.0,240.0,2,40.0,41,26,15,75,0,0,7,1155,1020,20.0,0.167,1.1386
wide,0.02,- luat thich ung (centre co dinh),can_tho,severe,240.0,9,24,2024,13.3333,0.0,240.0,2,40.0,21,9,12,78,0,0,4,1109,926,20.0,0.133,1.1384
wide,0.02,- luat thich ung (centre co dinh),soc_trang,mild,240.0,0,24,2024,12.1759,0.0,240.0,2,40.0,16,4,12,78,0,0,8,1089,1051,20.0,0.133,0.8607
wide,0.02,- luat thich ung (centre co dinh),soc_trang,mild,240.0,1,24,2024,12.1296,0.0,240.0,1,20.0,15,3,12,78,0,0,7,1070,1055,20.0,0.133,0.7454
wide,0.02,- luat thich ung (centre co dinh),soc_trang,mild,240.0,2,24,2024,12.5,0.0,240.0,7,140.0,13,4,9,81,0,0,4,1034,984,20.0,0.1,0.4303
wide,0.02,- luat thich ung (centre co dinh),soc_trang,mild,240.0,3,24,2024,12.4537,0.0,240.0,5,100.0,13,3,10,80,0,0,4,1035,981,20.0,0.111,0.4303
wide,0.02,- luat thich ung (centre co dinh),soc_trang,mild,240.0,4,24,2024,12.4074,0.0,240.0,3,60.0,13,3,10,80,0,0,5,1046,987,20.0,0.111,0.4303
wide,0.02,- luat thich ung (centre co dinh),soc_trang,mild,240.0,5,24,2024,12.4537,0.0,240.0,5,100.0,15,6,9,81,0,0,3,1047,938,20.0,0.1,0.8606
wide,0.02,- luat thich ung (centre co dinh),soc_trang,mild,240.0,6,24,2024,12.4074,0.0,240.0,5,100.0,14,4,10,80,0,0,5,1042,991,20.0,0.111,0.6086
wide,0.02,- luat thich ung (centre co dinh),soc_trang,mild,240.0,7,24,2024,12.5,0.0,240.0,4,80.0,13,4,9,81,0,0,4,1029,984,20.0,0.1,0.4276
wide,0.02,- luat thich ung (centre co dinh),soc_trang,mild,240.0,8,24,2024,12.4074,0.0,240.0,2,40.0,12,2,10,80,0,0,5,1045,988,20.0,0.111,0.0
wide,0.02,- luat thich ung (centre co dinh),soc_trang,mild,240.0,9,24,2024,11.3426,0.0,240.0,2,40.0,18,5,13,77,0,0,5,1071,1075,20.0,0.144,1.5513
wide,0.02,- luat thich ung (centre co dinh),soc_trang,severe,240.0,0,24,2024,11.4352,0.0,240.0,2,40.0,30,17,13,77,0,0,5,1079,1071,20.0,0.144,1.2171
wide,0.02,- luat thich ung (centre co dinh),soc_trang,severe,240.0,1,24,2024,9.537,0.0,240.0,1,20.0,46,28,18,72,0,0,9,1137,1166,20.0,0.2,1.2172
wide,0.02,- luat thich ung (centre co dinh),soc_trang,severe,240.0,2,24,2024,12.1759,0.0,240.0,3,60.0,39,28,11,79,0,0,6,1080,1013,20.0,0.122,1.1386
wide,0.02,- luat thich ung (centre co dinh),soc_trang,severe,240.0,3,24,2024,8.4722,0.0,240.0,4,80.0,60,42,18,72,0,1,4,1127,1112,20.0,0.2,1.8375
wide,0.02,- luat thich ung (centre co dinh),soc_trang,severe,240.0,4,24,2024,11.3426,0.0,240.0,3,60.0,32,19,13,77,0,0,7,1095,1053,20.0,0.144,1.2171
wide,0.02,- luat thich ung (centre co dinh),soc_trang,severe,240.0,5,24,2024,12.1759,0.0,240.0,3,60.0,26,15,11,79,0,0,8,1083,1040,20.0,0.122,1.1386
wide,0.02,- luat thich ung (centre co dinh),soc_trang,severe,240.0,6,24,2024,15.463,0.0,240.0,4,80.0,33,22,11,79,0,0,6,1162,1132,20.0,0.122,1.6088
wide,0.02,- luat thich ung (centre co dinh),soc_trang,severe,240.0,7,24,2024,11.6667,0.0,240.0,3,60.0,34,21,13,77,0,0,6,1088,1077,20.0,0.144,1.1385
wide,0.02,- luat thich ung (centre co dinh),soc_trang,severe,240.0,8,24,2024,11.2963,0.0,240.0,2,40.0,27,14,13,77,0,0,7,1112,1077,20.0,0.144,1.0541
wide,0.02,- luat thich ung (centre co dinh),soc_trang,severe,240.0,9,24,2024,12.2222,0.0,240.0,2,40.0,25,14,11,79,0,0,9,1073,1028,20.0,0.122,0.962
wide,0.02,- luat thich ung (centre co dinh),ca_mau,mild,240.0,0,24,2024,9.8611,0.0,240.0,2,40.0,14,3,11,79,0,0,7,1020,984,20.0,0.122,0.6086
wide,0.02,- luat thich ung (centre co dinh),ca_mau,mild,240.0,1,24,2024,9.9537,0.0,240.0,1,20.0,16,4,12,78,0,0,8,1008,1011,20.0,0.133,1.0539
wide,0.02,- luat thich ung (centre co dinh),ca_mau,mild,240.0,2,24,2024,10.8796,0.0,240.0,7,140.0,12,4,8,82,0,0,3,982,906,20.0,0.089,0.0
wide,0.02,- luat thich ung (centre co dinh),ca_mau,mild,240.0,3,24,2024,9.9537,0.0,240.0,4,80.0,17,6,11,79,0,0,6,1016,969,20.0,0.122,0.9623
wide,0.02,- luat thich ung (centre co dinh),ca_mau,mild,240.0,4,24,2024,10.0,0.0,240.0,3,60.0,14,4,10,80,0,0,6,1029,930,20.0,0.111,0.6086
wide,0.02,- luat thich ung (centre co dinh),ca_mau,mild,240.0,5,24,2024,9.8611,0.0,240.0,4,80.0,18,7,11,79,0,0,7,1027,954,20.0,0.122,1.1385
wide,0.02,- luat thich ung (centre co dinh),ca_mau,mild,240.0,6,24,2024,10.0,0.0,240.0,6,120.0,13,4,9,81,0,0,7,1019,949,20.0,0.1,0.4303
wide,0.02,- luat thich ung (centre co dinh),ca_mau,mild,240.0,7,24,2024,9.9537,0.0,240.0,3,60.0,17,6,11,79,0,0,7,1021,968,20.0,0.122,1.2172
wide,0.02,- luat thich ung (centre co dinh),ca_mau,mild,240.0,8,24,2024,10.0463,0.0,240.0,2,40.0,16,5,11,79,0,0,6,1012,971,20.0,0.122,0.8607
wide,0.02,- luat thich ung (centre co dinh),ca_mau,mild,240.0,9,24,2024,9.9537,0.0,240.0,2,40.0,16,5,11,79,0,0,8,1010,996,20.0,0.122,1.4271
wide,0.02,- luat thich ung (centre co dinh),ca_mau,severe,240.0,0,24,2024,8.0093,0.0,240.0,1,20.0,47,30,17,73,0,0,7,1059,1046,20.0,0.189,1.4907
wide,0.02,- luat thich ung (centre co dinh),ca_mau,severe,240.0,1,24,2024,7.9167,0.0,240.0,1,20.0,41,26,15,75,0,0,9,1085,1087,20.0,0.167,0.9623
wide,0.02,- luat thich ung (centre co dinh),ca_mau,severe,240.0,2,24,2024,16.7593,0.0,240.0,5,100.0,24,16,8,82,0,0,5,1147,1053,20.0,0.089,1.1406
wide,0.02,- luat thich ung (centre co dinh),ca_mau,severe,240.0,3,24,2024,4.5833,0.0,240.0,4,80.0,58,41,17,73,0,1,7,1132,1070,20.0,0.189,1.7814
wide,0.02,- luat thich ung (centre co dinh),ca_mau,severe,240.0,4,24,2024,9.0278,0.0,240.0,2,40.0,30,17,13,77,0,0,6,1037,1015,20.0,0.144,1.2906
wide,0.02,- luat thich ung (centre co dinh),ca_mau,severe,240.0,5,24,2024,10.0463,0.0,240.0,4,80.0,19,10,9,81,0,0,5,1008,951,20.0,0.1,0.9623
wide,0.02,- luat thich ung (centre co dinh),ca_mau,severe,240.0,6,24,2024,13.287,0.0,240.0,4,80.0,34,22,12,78,0,0,6,1093,1050,20.0,0.133,1.4907
wide,0.02,- luat thich ung (centre co dinh),ca_mau,severe,240.0,7,24,2024,8.1019,0.0,240.0,3,60.0,42,28,14,76,0,1,4,1053,1012,20.0,0.156,1.6667
wide,0.02,- luat thich ung (centre co dinh),ca_mau,severe,240.0,8,24,2024,9.0278,0.0,240.0,2,40.0,34,21,13,77,0,0,6,1043,991,20.0,0.144,0.9623
wide,0.02,- luat thich ung (centre co dinh),ca_mau,severe,240.0,9,24,2024,8.8426,0.0,240.0,2,40.0,27,14,13,77,0,0,6,1043,1015,20.0,0.144,1.2171
wide,0.02,Oracle (thong tin hoan hao),can_tho,mild,240.0,0,24,2024,0.0,0.0,200.0,1,20.0,12,2,10,0,0,10,0,1811,1470,20.0,0.111,0.7453
wide,0.02,Oracle (thong tin hoan hao),can_tho,mild,240.0,1,24,2024,0.0,0.0,200.0,1,20.0,11,1,10,0,0,10,0,1810,1470,20.0,0.111,0.4303
wide,0.02,Oracle (thong tin hoan hao),can_tho,mild,240.0,2,24,2024,0.0,0.0,200.0,5,100.0,13,3,10,0,0,10,0,1812,1470,20.0,0.111,0.8606
wide,0.02,Oracle (thong tin hoan hao),can_tho,mild,240.0,3,24,2024,0.0,0.0,200.0,4,80.0,14,4,10,0,0,10,0,1813,1470,20.0,0.111,0.8607
wide,0.02,Oracle (thong tin hoan hao),can_tho,mild,240.0,4,24,2024,0.0,0.0,200.0,2,40.0,14,4,10,0,0,10,0,1813,1470,20.0,0.111,0.8607
wide,0.02,Oracle (thong tin hoan hao),can_tho,mild,240.0,5,24,2024,0.0,0.0,200.0,1,20.0,21,11,10,0,0,10,0,1820,1470,20.0,0.111,1.4272
wide,0.02,Oracle (thong tin hoan hao),can_tho,mild,240.0,6,24,2024,0.0,0.0,200.0,5,100.0,12,2,10,0,0,10,0,1811,1470,20.0,0.111,0.6086
wide,0.02,Oracle (thong tin hoan hao),can_tho,mild,240.0,7,24,2024,0.0,0.0,200.0,3,60.0,14,4,10,0,0,10,0,1813,1470,20.0,0.111,1.387
wide,0.02,Oracle (thong tin hoan hao),can_tho,mild,240.0,8,24,2024,0.0,0.0,200.0,1,20.0,10,0,10,0,0,10,0,1809,1470,20.0,0.111,0.0
wide,0.02,Oracle (thong tin hoan hao),can_tho,mild,240.0,9,24,2024,0.0,0.0,200.0,2,40.0,14,4,10,0,0,10,0,1813,1470,20.0,0.111,1.1385
wide,0.02,Oracle (thong tin hoan hao),can_tho,severe,240.0,0,24,2024,0.0,0.0,200.0,1,20.0,28,18,10,0,0,10,0,1827,1470,20.0,0.111,1.1386
wide,0.02,Oracle (thong tin hoan hao),can_tho,severe,240.0,1,24,2024,0.0,0.0,200.0,0,0.0,37,27,10,0,0,10,0,1817,1470,20.0,0.111,1.4907
wide,0.02,Oracle (thong tin hoan hao),can_tho,severe,240.0,2,24,2024,0.0,0.0,200.0,2,40.0,22,12,10,0,0,10,0,1821,1470,20.0,0.111,1.4907
wide,0.02,Oracle (thong tin hoan hao),can_tho,severe,240.0,3,24,2024,0.0,0.0,200.0,2,40.0,30,20,10,0,0,10,0,1829,1470,20.0,0.111,1.2172
wide,0.02,Oracle (thong tin hoan hao),can_tho,severe,240.0,4,24,2024,0.0,0.0,200.0,1,20.0,20,10,10,0,0,10,0,1819,1470,20.0,0.111,0.8607
wide,0.02,Oracle (thong tin hoan hao),can_tho,severe,240.0,5,24,2024,0.0,0.0,200.0,2,40.0,24,14,10,0,0,10,0,1823,1470,20.0,0.111,1.3608
wide,0.02,Oracle (thong tin hoan hao),can_tho,severe,240.0,6,24,2024,0.0,0.0,200.0,3,60.0,47,37,10,0,0,10,0,1835,1470,20.0,0.111,2.0638
wide,0.02,Oracle (thong tin hoan hao),can_tho,severe,240.0,7,24,2024,0.0,0.0,200.0,2,40.0,31,21,10,0,0,10,0,1824,1470,20.0,0.111,1.8232
wide,0.02,Oracle (thong tin hoan hao),can_tho,severe,240.0,8,24,2024,0.0,0.0,200.0,0,0.0,41,31,10,0,0,10,0,1836,1470,20.0,0.111,2.2821
wide,0.02,Oracle (thong tin hoan hao),can_tho,severe,240.0,9,24,2024,0.0,0.0,200.0,1,20.0,19,9,10,0,0,10,0,1818,1470,20.0,0.111,0.9623
wide,0.02,Oracle (thong tin hoan hao),soc_trang,mild,240.0,0,24,2024,0.0,0.0,200.0,1,20.0,14,4,10,0,0,10,0,1736,1683,20.0,0.111,0.8607
wide,0.02,Oracle (thong tin hoan hao),soc_trang,mild,240.0,1,24,2024,0.0,0.0,200.0,1,20.0,10,0,10,0,0,10,0,1732,1683,20.0,0.111,0.0
wide,0.02,Oracle (thong tin hoan hao),soc_trang,mild,240.0,2,24,2024,0.0,0.0,200.0,5,100.0,13,3,10,0,0,10,0,1732,1683,20.0,0.111,0.7454
wide,0.02,Oracle (thong tin hoan hao),soc_trang,mild,240.0,3,24,2024,0.0,0.0,200.0,3,60.0,14,4,10,0,0,10,0,1733,1683,20.0,0.111,0.9623
wide,0.02,Oracle (thong tin hoan hao),soc_trang,mild,240.0,4,24,2024,0.0,0.0,200.0,2,40.0,10,0,10,0,0,10,0,1732,1683,20.0,0.111,0.0
wide,0.02,Oracle (thong tin hoan hao),soc_trang,mild,240.0,5,24,2024,0.0,0.0,200.0,4,80.0,10,0,10,0,0,10,0,1732,1683,20.0,0.111,0.0
wide,0.02,Oracle (thong tin hoan hao),soc_trang,mild,240.0,6,24,2024,0.0,0.0,200.0,6,120.0,10,0,10,0,0,10,0,1732,1683,20.0,0.111,0.0
wide,0.02,Oracle (thong tin hoan hao),soc_trang,mild,240.0,7,24,2024,0.0,0.0,200.0,3,60.0,12,2,10,0,0,10,0,1731,1683,20.0,0.111,0.7453
wide,0.02,Oracle (thong tin hoan hao),soc_trang,mild,240.0,8,24,2024,0.0,0.0,200.0,1,20.0,14,4,10,0,0,10,0,1733,1683,20.0,0.111,0.8607
wide,0.02,Oracle (thong tin hoan hao),soc_trang,mild,240.0,9,24,2024,0.0,0.0,200.0,1,20.0,19,9,10,0,0,10,0,1738,1683,20.0,0.111,1.6666
wide,0.02,Oracle (thong tin hoan hao),soc_trang,severe,240.0,0,24,2024,0.0,0.0,200.0,1,20.0,27,17,10,0,0,10,0,1783,1683,20.0,0.111,1.4249
wide,0.02,Oracle (thong tin hoan hao),soc_trang,severe,240.0,1,24,2024,0.0,0.0,200.0,0,0.0,28,18,10,0,0,10,0,1747,1683,20.0,0.111,1.291
wide,0.02,Oracle (thong tin hoan hao),soc_trang,severe,240.0,2,24,2024,0.0,0.0,200.0,3,60.0,24,14,10,0,0,10,0,1743,1683,20.0,0.111,0.8607
wide,0.02,Oracle (thong tin hoan hao),soc_trang,severe,240.0,3,24,2024,0.0,0.0,200.0,3,60.0,42,32,10,0,0,10,0,1777,1683,20.0,0.111,2.507
wide,0.02,Oracle (thong tin hoan hao),soc_trang,severe,240.0,4,24,2024,0.0,0.0,200.0,1,20.0,35,25,10,0,0,10,0,1752,1683,20.0,0.111,2.104
wide,0.02,Oracle (thong tin hoan hao),soc_trang,severe,240.0,5,24,2024,0.0,0.0,200.0,2,40.0,30,20,10,0,0,10,0,1749,1683,20.0,0.111,1.3608
wide,0.02,Oracle (thong tin hoan hao),soc_trang,severe,240.0,6,24,2024,0.0,0.0,200.0,4,80.0,16,6,10,0,0,10,0,1735,1683,20.0,0.111,1.1384
wide,0.02,Oracle (thong tin hoan hao),soc_trang,severe,240.0,7,24,2024,0.0,0.0,200.0,2,40.0,21,11,10,0,0,10,0,1740,1683,20.0,0.111,1.2171
wide,0.02,Oracle (thong tin hoan hao),soc_trang,severe,240.0,8,24,2024,0.0,0.0,200.0,0,0.0,39,29,10,0,0,10,0,1784,1683,20.0,0.111,1.9232
wide,0.02,Oracle (thong tin hoan hao),soc_trang,severe,240.0,9,24,2024,0.0,0.0,200.0,0,0.0,26,16,10,0,0,10,0,1745,1683,20.0,0.111,1.3608
wide,0.02,Oracle (thong tin hoan hao),ca_mau,mild,240.0,0,24,2024,0.0,0.0,200.0,0,0.0,11,1,10,0,0,10,0,1263,1500,20.0,0.111,0.4303
wide,0.02,Oracle (thong tin hoan hao),ca_mau,mild,240.0,1,24,2024,0.0,0.0,200.0,1,20.0,12,2,10,0,0,10,0,1264,1500,20.0,0.111,0.7453
wide,0.02,Oracle (thong tin hoan hao),ca_mau,mild,240.0,2,24,2024,0.0,0.0,200.0,5,100.0,15,5,10,0,0,10,0,1267,1500,20.0,0.111,1.054
wide,0.02,Oracle (thong tin hoan hao),ca_mau,mild,240.0,3,24,2024,0.0,0.0,200.0,4,80.0,11,1,10,0,0,10,0,1263,1500,20.0,0.111,0.4303
wide,0.02,Oracle (thong tin hoan hao),ca_mau,mild,240.0,4,24,2024,0.0,0.0,200.0,2,40.0,11,1,10,0,0,10,0,1263,1501,20.0,0.111,0.4303
wide,0.02,Oracle (thong tin hoan hao),ca_mau,mild,240.0,5,24,2024,0.0,0.0,200.0,4,80.0,12,2,10,0,0,10,0,1264,1501,20.0,0.111,0.6086
wide,0.02,Oracle (thong tin hoan hao),ca_mau,mild,240.0,6,24,2024,0.0,0.0,200.0,6,120.0,10,0,10,0,0,10,0,1262,1500,20.0,0.111,0.0
wide,0.02,Oracle (thong tin hoan hao),ca_mau,mild,240.0,7,24,2024,0.0,0.0,200.0,4,80.0,15,5,10,0,0,10,0,1266,1500,20.0,0.111,0.9623
wide,0.02,Oracle (thong tin hoan hao),ca_mau,mild,240.0,8,24,2024,0.0,0.0,200.0,0,0.0,15,5,10,0,0,10,0,1266,1500,20.0,0.111,0.9623
wide,0.02,Oracle (thong tin hoan hao),ca_mau,mild,240.0,9,24,2024,0.0,0.0,200.0,2,40.0,10,0,10,0,0,10,0,1262,1500,20.0,0.111,0.0
wide,0.02,Oracle (thong tin hoan hao),ca_mau,severe,240.0,0,24,2024,0.0,0.0,200.0,0,0.0,31,21,10,0,0,10,0,1281,1501,20.0,0.111,1.291
wide,0.02,Oracle (thong tin hoan hao),ca_mau,severe,240.0,1,24,2024,0.0,0.0,200.0,0,0.0,29,19,10,0,0,10,0,1280,1503,20.0,0.111,0.8607
wide,0.02,Oracle (thong tin hoan hao),ca_mau,severe,240.0,2,24,2024,0.3241,0.0,200.0,1,20.0,50,40,10,0,0,10,0,1273,1501,20.0,0.111,3.0567
wide,0.02,Oracle (thong tin hoan hao),ca_mau,severe,240.0,3,24,2024,0.0,0.0,200.0,0,0.0,37,27,10,0,0,10,0,1288,1500,20.0,0.111,1.6102
wide,0.02,Oracle (thong tin hoan hao),ca_mau,severe,240.0,4,24,2024,0.0,0.0,200.0,1,20.0,23,13,10,0,0,10,0,1273,1500,20.0,0.111,1.4272
wide,0.02,Oracle (thong tin hoan hao),ca_mau,severe,240.0,5,24,2024,0.0,0.0,200.0,3,60.0,27,17,10,0,0,10,0,1278,1503,20.0,0.111,1.3608
wide,0.02,Oracle (thong tin hoan hao),ca_mau,severe,240.0,6,24,2024,0.0,0.0,200.0,2,40.0,29,19,10,0,0,10,0,1280,1500,20.0,0.111,1.4272
wide,0.02,Oracle (thong tin hoan hao),ca_mau,severe,240.0,7,24,2024,0.0,0.0,200.0,0,0.0,30,20,10,0,0,10,0,1281,1500,20.0,0.111,1.217
wide,0.02,Oracle (thong tin hoan hao),ca_mau,severe,240.0,8,24,2024,0.0,0.0,200.0,0,0.0,35,25,10,0,0,10,0,1287,1500,20.0,0.111,1.2172
wide,0.02,Oracle (thong tin hoan hao),ca_mau,severe,240.0,9,24,2024,0.0,0.0,200.0,1,20.0,16,6,10,0,0,10,0,1268,1500,20.0,0.111,0.7453
wide,0.02,FULL (de xuat),can_tho,mild,320.0,0,24,2024,0.0,0.0,240.0,0,0.0,25,8,17,73,0,9,3,1018,1307,20.0,0.189,1.5516
wide,0.02,FULL (de xuat),can_tho,mild,320.0,1,24,2024,0.0,0.0,240.0,1,20.0,14,2,12,78,0,10,1,1584,1289,20.0,0.133,0.6086
wide,0.02,FULL (de xuat),can_tho,mild,320.0,2,24,2024,0.0,0.0,280.0,7,140.0,15,5,10,80,0,10,0,968,1241,20.0,0.111,0.4303
wide,0.02,FULL (de xuat),can_tho,mild,320.0,3,24,2024,0.463,0.0,300.0,6,140.0,21,8,13,77,0,9,0,904,1151,23.08,0.144,1.2172
wide,0.02,FULL (de xuat),can_tho,mild,320.0,4,24,2024,0.0,0.0,260.0,4,80.0,14,4,10,80,0,10,0,893,1179,20.0,0.111,0.4303
wide,0.02,FULL (de xuat),can_tho,mild,320.0,5,24,2024,0.0,0.0,280.0,6,120.0,21,9,12,78,0,8,1,889,1124,20.0,0.133,1.3606
wide,0.02,FULL (de xuat),can_tho,mild,320.0,6,24,2024,0.0,0.0,260.0,7,140.0,15,6,9,81,0,8,0,1397,1085,20.0,0.1,0.9622
wide,0.02,FULL (de xuat),can_tho,mild,320.0,7,24,2024,0.0,0.0,260.0,5,100.0,15,6,9,81,0,9,0,867,1091,20.0,0.1,0.6086
wide,0.02,FULL (de xuat),can_tho,mild,320.0,8,24,2024,0.0,0.0,240.0,2,40.0,13,3,10,80,0,10,0,1571,1275,20.0,0.111,0.4303
wide,0.02,FULL (de xuat),can_tho,mild,320.0,9,24,2024,0.0,0.0,240.0,2,40.0,17,4,13,77,0,9,2,992,1267,20.0,0.144,1.666
wide,0.02,FULL (de xuat),can_tho,severe,320.0,0,24,2024,0.5556,0.0,240.0,1,20.0,37,22,15,75,0,9,2,969,1280,20.0,0.167,1.1386
wide,0.02,FULL (de xuat),can_tho,severe,320.0,1,24,2024,0.6944,0.0,240.0,1,20.0,29,17,12,78,0,10,0,976,1261,21.82,0.133,0.8607
wide,0.02,FULL (de xuat),can_tho,severe,320.0,2,24,2024,0.0,0.0,280.0,6,120.0,25,17,8,82,0,8,0,1427,1070,20.0,0.089,1.1973
wide,0.02,FULL (de xuat),can_tho,severe,320.0,3,24,2024,0.4167,0.0,260.0,5,100.0,32,21,11,79,0,9,0,945,1124,20.0,0.122,1.0541
wide,0.02,FULL (de xuat),can_tho,severe,320.0,4,24,2024,0.0,0.0,260.0,3,60.0,27,16,11,79,0,10,0,936,1169,20.0,0.122,1.2909
wide,0.02,FULL (de xuat),can_tho,severe,320.0,5,24,2024,0.0,0.0,260.0,5,100.0,23,13,10,80,0,10,0,926,1188,20.0,0.111,1.2171
wide,0.02,FULL (de xuat),can_tho,severe,320.0,6,24,2024,0.0,0.0,260.0,5,100.0,29,19,10,80,0,8,0,1514,1191,20.0,0.111,1.3345
wide,0.02,FULL (de xuat),can_tho,severe,320.0,7,24,2024,1.25,0.0,260.0,5,100.0,44,30,14,76,0,8,1,903,1134,20.0,0.156,1.721
wide,0.02,FULL (de xuat),can_tho,severe,320.0,8,24,2024,1.5741,0.0,240.0,1,20.0,42,27,15,75,0,8,2,884,1256,20.0,0.167,1.2172
wide,0.02,FULL (de xuat),can_tho,severe,320.0,9,24,2024,0.0,0.0,240.0,2,40.0,35,21,14,76,0,9,1,1600,1256,20.0,0.156,1.0541
wide,0.02,FULL (de xuat),soc_trang,mild,320.0,0,24,2024,0.0,0.0,280.0,3,60.0,15,4,11,79,0,9,2,1070,1359,20.0,0.122,0.6086
wide,0.02,FULL (de xuat),soc_trang,mild,320.0,1,24,2024,0.0,0.0,240.0,1,20.0,17,4,13,77,0,8,3,885,1367,20.0,0.144,1.0541
wide,0.02,FULL (de xuat),soc_trang,mild,320.0,2,24,2024,0.0,0.0,280.0,7,140.0,15,5,10,80,0,9,1,1070,1342,20.0,0.111,0.4303
wide,0.02,FULL (de xuat),soc_trang,mild,320.0,3,24,2024,0.0,0.0,260.0,6,120.0,18,7,11,79,0,8,2,905,1203,20.0,0.122,0.9623
wide,0.02,FULL (de xuat),soc_trang,mild,320.0,4,24,2024,0.0,0.0,260.0,4,80.0,15,4,11,79,0,9,2,1076,1364,20.0,0.122,0.6086
wide,0.02,FULL (de xuat),soc_trang,mild,320.0,5,24,2024,0.0,0.0,280.0,7,140.0,16,6,10,80,0,9,0,890,1145,20.0,0.111,0.7451
wide,0.02,FULL (de xuat),soc_trang,mild,320.0,6,24,2024,0.0,0.0,260.0,7,140.0,13,5,8,82,0,8,0,756,1032,20.0,0.089,0.0
wide,0.02,FULL (de xuat),soc_trang,mild,320.0,7,24,2024,0.0,0.0,260.0,4,80.0,19,7,12,78,0,8,2,858,1154,20.0,0.133,1.0541
wide,0.02,FULL (de xuat),soc_trang,mild,320.0,8,24,2024,0.0,0.0,240.0,2,40.0,17,5,12,78,0,8,2,1483,1445,20.0,0.133,0.9623
wide,0.02,FULL (de xuat),soc_trang,mild,320.0,9,24,2024,0.5556,0.0,240.0,2,40.0,20,6,14,76,0,7,4,872,1362,20.0,0.156,1.6661
wide,0.02,FULL (de xuat),soc_trang,severe,320.0,0,24,2024,0.0,0.0,240.0,1,20.0,32,20,12,78,0,8,3,934,1408,20.0,0.133,0.9622
wide,0.02,FULL (de xuat),soc_trang,severe,320.0,1,24,2024,0.0,0.0,240.0,0,0.0,41,25,16,74,0,9,3,985,1303,20.0,0.178,1.0541
wide,0.02,FULL (de xuat),soc_trang,severe,320.0,2,24,2024,0.0,0.0,280.0,7,140.0,37,25,12,78,0,9,0,1028,1255,20.0,0.133,1.4086
wide,0.02,FULL (de xuat),soc_trang,severe,320.0,3,24,2024,0.787,0.0,260.0,6,120.0,37,25,12,78,0,7,0,805,1006,20.0,0.133,1.4272
wide,0.02,FULL (de xuat),soc_trang,severe,320.0,4,24,2024,0.0,0.0,260.0,3,60.0,29,17,12,78,0,8,2,903,1171,20.0,0.133,1.4906
wide,0.02,FULL (de xuat),soc_trang,severe,320.0,5,24,2024,0.6019,0.0,260.0,4,80.0,32,22,10,80,0,8,0,853,1081,21.67,0.111,1.3608
wide,0.02,FULL (de xuat),soc_trang,severe,320.0,6,24,2024,0.0,0.0,320.0,9,180.0,24,16,8,82,0,7,0,689,949,20.0,0.089,1.4846
wide,0.02,FULL (de xuat),soc_trang,severe,320.0,7,24,2024,0.0,0.0,260.0,4,80.0,34,22,12,78,0,8,2,901,1164,20.0,0.133,1.4906
wide,0.02,FULL (de xuat),soc_trang,severe,320.0,8,24,2024,0.6944,0.0,240.0,2,40.0,39,24,15,75,0,7,4,899,1340,20.0,0.167,1.0541
wide,0.02,FULL (de xuat),soc_trang,severe,320.0,9,24,2024,0.463,0.0,240.0,2,40.0,33,20,13,77,0,8,1,887,1384,21.82,0.144,1.1385
wide,0.02,FULL (de xuat),ca_mau,mild,320.0,0,24,2024,0.0,0.0,240.0,2,40.0,20,6,14,76,0,6,4,765,1179,20.0,0.156,1.2172
wide,0.02,FULL (de xuat),ca_mau,mild,320.0,1,24,2024,0.0,0.0,280.0,2,40.0,16,3,13,77,0,6,5,759,1142,20.0,0.144,0.6086
wide,0.02,FULL (de xuat),ca_mau,mild,320.0,2,24,2024,0.0,0.0,280.0,8,160.0,14,5,9,81,0,6,3,735,1029,20.0,0.1,0.0
wide,0.02,FULL (de xuat),ca_mau,mild,320.0,3,24,2024,0.0,0.0,260.0,6,120.0,16,6,10,80,0,5,3,757,1016,20.0,0.111,0.7454
wide,0.02,FULL (de xuat),ca_mau,mild,320.0,4,24,2024,0.0,0.0,260.0,4,80.0,17,5,12,78,0,6,3,763,1052,20.0,0.133,1.1384
wide,0.02,FULL (de xuat),ca_mau,mild,320.0,5,24,2024,0.0,0.0,280.0,7,140.0,17,7,10,80,0,5,4,736,1027,20.0,0.111,0.7454
wide,0.02,FULL (de xuat),ca_mau,mild,320.0,6,24,2024,0.0,0.0,260.0,7,140.0,14,5,9,81,0,6,3,730,1015,20.0,0.1,0.6086
wide,0.02,FULL (de xuat),ca_mau,mild,320.0,7,24,2024,0.0,0.0,260.0,5,100.0,18,7,11,79,0,5,3,754,1003,20.0,0.122,0.9623
wide,0.02,FULL (de xuat),ca_mau,mild,320.0,8,24,2024,0.0,0.0,260.0,2,40.0,15,3,12,78,0,6,5,759,1127,20.0,0.133,0.6086
wide,0.02,FULL (de xuat),ca_mau,mild,320.0,9,24,2024,0.0,0.0,260.0,2,40.0,15,3,12,78,0,6,4,752,1109,20.0,0.133,0.6086
wide,0.02,FULL (de xuat),ca_mau,severe,320.0,0,24,2024,0.0,0.0,240.0,2,40.0,22,11,11,79,0,6,4,1357,1225,20.0,0.122,0.7454
wide,0.02,FULL (de xuat),ca_mau,severe,320.0,1,24,2024,0.0,0.0,240.0,1,20.0,58,38,20,70,0,6,6,864,1221,20.0,0.222,1.4907
wide,0.02,FULL (de xuat),ca_mau,severe,320.0,2,24,2024,0.0,0.0,260.0,6,120.0,32,22,10,80,0,8,0,875,1077,20.0,0.111,1.4035
wide,0.02,FULL (de xuat),ca_mau,severe,320.0,3,24,2024,0.0,0.0,260.0,5,100.0,29,19,10,80,0,6,2,740,977,20.0,0.111,1.1386
wide,0.02,FULL (de xuat),ca_mau,severe,320.0,4,24,2024,0.7407,0.0,260.0,2,40.0,35,21,14,76,0,5,6,748,1088,20.0,0.156,1.1385
wide,0.02,FULL (de xuat),ca_mau,severe,320.0,5,24,2024,0.0,0.0,260.0,4,80.0,38,26,12,78,0,5,3,768,1029,20.0,0.133,1.4907
wide,0.02,FULL (de xuat),ca_mau,severe,320.0,6,24,2024,0.0,0.0,240.0,3,60.0,41,29,12,78,0,6,3,791,1190,20.0,0.133,1.4272
wide,0.02,FULL (de xuat),ca_mau,severe,320.0,7,24,2024,0.0,0.0,260.0,2,40.0,59,41,18,72,0,6,4,832,1133,20.0,0.2,1.8757
wide,0.02,FULL (de xuat),ca_mau,severe,320.0,8,24,2024,0.0,0.0,240.0,2,40.0,31,17,14,76,0,6,4,784,1158,20.0,0.156,0.8607
wide,0.02,FULL (de xuat),ca_mau,severe,320.0,9,24,2024,0.0,0.0,260.0,2,40.0,29,16,13,77,0,7,2,762,1096,20.0,0.144,0.8607
wide,0.02,- whatif (twin->predictor),can_tho,mild,320.0,0,24,2024,51.1574,0.0,320.0,0,0.0,6,0,6,84,0,0,0,1835,1442,53.33,0.067,0.0
wide,0.02,- whatif (twin->predictor),can_tho,mild,320.0,1,24,2024,51.7593,0.0,320.0,1,60.0,6,1,5,85,0,0,0,1859,1464,53.33,0.056,0.0
wide,0.02,- whatif (twin->predictor),can_tho,mild,320.0,2,24,2024,51.7593,0.0,320.0,3,140.0,9,3,6,84,0,0,0,1859,1464,53.33,0.067,0.2084
wide,0.02,- whatif (twin->predictor),can_tho,mild,320.0,3,24,2024,51.7593,0.0,320.0,3,140.0,7,2,5,85,0,0,0,1859,1464,53.33,0.056,0.0013
wide,0.02,- whatif (twin->predictor),can_tho,mild,320.0,4,24,2024,51.7593,0.0,320.0,1,60.0,6,1,5,85,0,0,0,1859,1464,53.33,0.056,0.0
wide,0.02,- whatif (twin->predictor),can_tho,mild,320.0,5,24,2024,51.1574,0.0,320.0,2,80.0,9,3,6,84,0,0,0,1835,1442,53.33,0.067,0.284
wide,0.02,- whatif (twin->predictor),can_tho,mild,320.0,6,24,2024,53.4259,0.0,320.0,3,180.0,6,2,4,86,0,0,0,1889,1507,53.33,0.044,0.0
wide,0.02,- whatif (twin->predictor),can_tho,mild,320.0,7,24,2024,53.4259,0.0,320.0,2,120.0,7,3,4,86,0,0,0,1889,1507,53.33,0.044,0.114
wide,0.02,- whatif (twin->predictor),can_tho,mild,320.0,8,24,2024,51.7593,0.0,320.0,1,60.0,6,1,5,85,0,0,0,1859,1464,53.33,0.056,0.0
wide,0.02,- whatif (twin->predictor),can_tho,mild,320.0,9,24,2024,51.7593,0.0,320.0,1,60.0,7,2,5,85,0,0,0,1859,1464,53.33,0.056,0.132
wide,0.02,- whatif (twin->predictor),can_tho,severe,320.0,0,24,2024,48.8426,0.0,320.0,0,0.0,16,8,8,82,0,0,0,1786,1392,53.33,0.089,0.2942
wide,0.02,- whatif (twin->predictor),can_tho,severe,320.0,1,24,2024,48.8426,0.0,320.0,1,60.0,24,15,9,81,0,0,0,1786,1392,53.33,0.1,0.4613
wide,0.02,- whatif (twin->predictor),can_tho,severe,320.0,2,24,2024,53.4259,0.0,320.0,3,140.0,9,5,4,86,0,0,0,1889,1507,53.33,0.044,0.2141
wide,0.02,- whatif (twin->predictor),can_tho,severe,320.0,3,24,2024,41.25,0.0,320.0,1,20.0,44,30,14,76,0,0,1,1656,1285,53.33,0.156,1.5101
wide,0.02,- whatif (twin->predictor),can_tho,severe,320.0,4,24,2024,50.0463,0.0,320.0,1,60.0,19,12,7,83,0,0,0,1810,1417,53.33,0.078,0.225
wide,0.02,- whatif (twin->predictor),can_tho,severe,320.0,5,24,2024,51.7593,0.0,320.0,1,60.0,8,3,5,85,0,0,0,1859,1464,53.33,0.056,0.2745
wide,0.02,- whatif (twin->predictor),can_tho,severe,320.0,6,24,2024,51.1574,0.0,320.0,3,180.0,20,14,6,84,0,0,0,1835,1442,53.33,0.067,0.5601
wide,0.02,- whatif (twin->predictor),can_tho,severe,320.0,7,24,2024,51.1574,0.0,320.0,1,60.0,17,11,6,84,0,0,0,1835,1442,53.33,0.067,0.2167
wide,0.02,- whatif (twin->predictor),can_tho,severe,320.0,8,24,2024,50.0463,0.0,320.0,1,60.0,15,8,7,83,0,0,0,1811,1417,53.33,0.078,0.4149
wide,0.02,- whatif (twin->predictor),can_tho,severe,320.0,9,24,2024,48.8426,0.0,320.0,1,60.0,21,13,8,82,0,0,0,1786,1392,53.33,0.089,0.3613
wide,0.02,- whatif (twin->predictor),soc_trang,mild,320.0,0,24,2024,52.2222,0.0,320.0,0,0.0,6,0,6,84,0,0,0,1847,1558,53.33,0.067,0.0
wide,0.02,- whatif (twin->predictor),soc_trang,mild,320.0,1,24,2024,52.5926,0.0,320.0,1,60.0,6,1,5,85,0,0,0,1863,1580,53.33,0.056,0.0
wide,0.02,- whatif (twin->predictor),soc_trang,mild,320.0,2,24,2024,52.2222,0.0,320.0,3,140.0,9,3,6,84,0,0,0,1847,1558,53.33,0.067,0.2232
wide,0.02,- whatif (twin->predictor),soc_trang,mild,320.0,3,24,2024,52.5926,0.0,320.0,3,140.0,7,2,5,85,0,0,0,1863,1580,53.33,0.056,0.0016
wide,0.02,- whatif (twin->predictor),soc_trang,mild,320.0,4,24,2024,52.2222,0.0,320.0,1,60.0,8,2,6,84,0,0,0,1847,1558,53.33,0.067,0.1414
wide,0.02,- whatif (twin->predictor),soc_trang,mild,320.0,5,24,2024,52.2222,0.0,320.0,1,60.0,9,3,6,84,0,0,0,1847,1558,53.33,0.067,0.2332
wide,0.02,- whatif (twin->predictor),soc_trang,mild,320.0,6,24,2024,53.5185,0.0,320.0,3,180.0,6,2,4,86,0,0,0,1884,1586,53.33,0.044,0.0
wide,0.02,- whatif (twin->predictor),soc_trang,mild,320.0,7,24,2024,53.5185,0.0,320.0,2,120.0,7,3,4,86,0,0,0,1884,1586,53.33,0.044,0.124
wide,0.02,- whatif (twin->predictor),soc_trang,mild,320.0,8,24,2024,52.5926,0.0,320.0,1,60.0,6,1,5,85,0,0,0,1863,1580,53.33,0.056,0.0
wide,0.02,- whatif (twin->predictor),soc_trang,mild,320.0,9,24,2024,52.5926,0.0,320.0,1,60.0,7,2,5,85,0,0,0,1863,1580,53.33,0.056,0.1378
wide,0.02,- whatif (twin->predictor),soc_trang,severe,320.0,0,24,2024,50.0926,0.0,320.0,0,0.0,16,8,8,82,0,0,0,1790,1509,53.33,0.089,0.3159
wide,0.02,- whatif (twin->predictor),soc_trang,severe,320.0,1,24,2024,48.9815,0.0,320.0,1,60.0,24,15,9,81,0,0,0,1766,1484,53.33,0.1,0.4906
wide,0.02,- whatif (twin->predictor),soc_trang,severe,320.0,2,24,2024,53.5185,0.0,320.0,3,140.0,9,5,4,86,0,0,0,1884,1586,53.33,0.044,0.2297
wide,0.02,- whatif (twin->predictor),soc_trang,severe,320.0,3,24,2024,48.2407,0.0,320.0,2,120.0,42,29,13,77,0,0,0,1762,1498,53.33,0.144,1.1168
wide,0.02,- whatif (twin->predictor),soc_trang,severe,320.0,4,24,2024,51.2037,0.0,320.0,1,60.0,17,10,7,83,0,0,0,1815,1535,53.33,0.078,0.2366
wide,0.02,- whatif (twin->predictor),soc_trang,severe,320.0,5,24,2024,52.5926,0.0,320.0,2,80.0,6,1,5,85,0,0,0,1863,1580,53.33,0.056,0.2372
wide,0.02,- whatif (twin->predictor),soc_trang,severe,320.0,6,24,2024,52.5926,0.0,320.0,3,180.0,18,13,5,85,0,0,0,1863,1580,53.33,0.056,0.2372
wide,0.02,- whatif (twin->predictor),soc_trang,severe,320.0,7,24,2024,52.2222,0.0,320.0,1,60.0,19,13,6,84,0,0,0,1847,1558,53.33,0.067,0.2197
wide,0.02,- whatif (twin->predictor),soc_trang,severe,320.0,8,24,2024,51.2037,0.0,320.0,1,60.0,15,8,7,83,0,0,0,1815,1535,53.33,0.078,0.2104
wide,0.02,- whatif (twin->predictor),soc_trang,severe,320.0,9,24,2024,50.0926,0.0,320.0,1,60.0,19,11,8,82,0,0,0,1790,1509,53.33,0.089,0.3338
wide,0.02,- whatif (twin->predictor),ca_mau,mild,320.0,0,24,2024,51.2037,0.0,320.0,0,0.0,6,0,6,84,0,0,0,1838,1558,53.33,0.067,0.0
wide,0.02,- whatif (twin->predictor),ca_mau,mild,320.0,1,24,2024,52.2222,0.0,320.0,1,60.0,6,1,5,85,0,0,0,1862,1581,53.33,0.056,0.0
wide,0.02,- whatif (twin->predictor),ca_mau,mild,320.0,2,24,2024,51.2037,0.0,320.0,3,140.0,9,3,6,84,0,0,0,1838,1558,53.33,0.067,0.2159
wide,0.02,- whatif (twin->predictor),ca_mau,mild,320.0,3,24,2024,52.2222,0.0,320.0,3,140.0,7,2,5,85,0,0,0,1862,1581,53.33,0.056,0.0011
wide,0.02,- whatif (twin->predictor),ca_mau,mild,320.0,4,24,2024,51.2037,0.0,320.0,1,60.0,8,2,6,84,0,0,0,1838,1558,53.33,0.067,0.1452
wide,0.02,- whatif (twin->predictor),ca_mau,mild,320.0,5,24,2024,51.2037,0.0,320.0,1,60.0,9,3,6,84,0,0,0,1838,1558,53.33,0.067,0.2143
wide,0.02,- whatif (twin->predictor),ca_mau,mild,320.0,6,24,2024,53.2407,0.0,320.0,3,180.0,6,2,4,86,0,0,0,1885,1588,53.33,0.044,0.0
wide,0.02,- whatif (twin->predictor),ca_mau,mild,320.0,7,24,2024,53.2407,0.0,320.0,2,120.0,7,3,4,86,0,0,0,1885,1588,53.33,0.044,0.1232
wide,0.02,- whatif (twin->predictor),ca_mau,mild,320.0,8,24,2024,52.2222,0.0,320.0,1,60.0,6,1,5,85,0,0,0,1862,1581,53.33,0.056,0.0
wide,0.02,- whatif (twin->predictor),ca_mau,mild,320.0,9,24,2024,52.2222,0.0,320.0,1,60.0,7,2,5,85,0,0,0,1862,1581,53.33,0.056,0.1276
wide,0.02,- whatif (twin->predictor),ca_mau,severe,320.0,0,24,2024,48.9815,0.0,320.0,0,0.0,16,8,8,82,0,0,0,1787,1490,53.33,0.089,0.2716
wide,0.02,- whatif (twin->predictor),ca_mau,severe,320.0,1,24,2024,46.8519,0.0,320.0,1,60.0,24,15,9,81,0,0,0,1763,1465,53.33,0.1,0.4571
wide,0.02,- whatif (twin->predictor),ca_mau,severe,320.0,2,24,2024,53.2407,0.0,320.0,3,140.0,9,5,4,86,0,0,0,1885,1588,53.33,0.044,0.2069
wide,0.02,- whatif (twin->predictor),ca_mau,severe,320.0,3,24,2024,46.713,0.0,320.0,2,120.0,42,29,13,77,0,0,0,1759,1497,53.33,0.144,1.1192
wide,0.02,- whatif (twin->predictor),ca_mau,severe,320.0,4,24,2024,50.2315,0.0,320.0,1,60.0,17,10,7,83,0,0,0,1812,1532,53.33,0.078,0.2127
wide,0.02,- whatif (twin->predictor),ca_mau,severe,320.0,5,24,2024,52.2222,0.0,320.0,2,80.0,6,1,5,85,0,0,0,1862,1581,53.33,0.056,0.2285
wide,0.02,- whatif (twin->predictor),ca_mau,severe,320.0,6,24,2024,52.2222,0.0,320.0,3,180.0,18,13,5,85,0,0,0,1862,1581,53.33,0.056,0.2133
wide,0.02,- whatif (twin->predictor),ca_mau,severe,320.0,7,24,2024,51.2037,0.0,320.0,1,60.0,19,13,6,84,0,0,0,1838,1558,53.33,0.067,0.2057
wide,0.02,- whatif (twin->predictor),ca_mau,severe,320.0,8,24,2024,50.2315,0.0,320.0,1,60.0,15,8,7,83,0,0,0,1812,1532,53.33,0.078,0.2026
wide,0.02,- whatif (twin->predictor),ca_mau,severe,320.0,9,24,2024,48.9815,0.0,320.0,1,60.0,19,11,8,82,0,0,0,1787,1491,53.33,0.089,0.2954
wide,0.02,- T2 (gui lai mu),can_tho,mild,320.0,0,24,2024,0.0,0.0,240.0,2,40.0,15,5,10,80,0,10,0,1540,1284,20.0,0.111,0.7454
wide,0.02,- T2 (gui lai mu),can_tho,mild,320.0,1,24,2024,0.0,0.0,240.0,1,20.0,19,8,11,79,0,10,1,1610,1302,20.0,0.122,1.7613
wide,0.02,- T2 (gui lai mu),can_tho,mild,320.0,2,24,2024,0.0,0.0,320.0,8,160.0,20,12,8,82,0,8,0,1393,1103,20.0,0.089,0.8607
wide,0.02,- T2 (gui lai mu),can_tho,mild,320.0,3,24,2024,0.0,0.0,260.0,6,120.0,19,12,7,83,0,7,0,1387,1059,20.0,0.078,1.0541
wide,0.02,- T2 (gui lai mu),can_tho,mild,320.0,4,24,2024,0.0,0.0,260.0,4,80.0,14,5,9,81,0,9,0,1439,1136,20.0,0.1,0.4303
wide,0.02,- T2 (gui lai mu),can_tho,mild,320.0,5,24,2024,0.0,0.0,300.0,7,140.0,29,21,8,82,0,8,0,1327,992,20.0,0.089,1.3637
wide,0.02,- T2 (gui lai mu),can_tho,mild,320.0,6,24,2024,0.0,0.0,320.0,9,180.0,20,13,7,83,0,7,0,1293,960,20.0,0.078,0.4303
wide,0.02,- T2 (gui lai mu),can_tho,mild,320.0,7,24,2024,0.0,0.0,260.0,5,100.0,15,7,8,82,0,8,0,1414,1076,20.0,0.089,0.6086
wide,0.02,- T2 (gui lai mu),can_tho,mild,320.0,8,24,2024,0.0,0.0,240.0,2,40.0,13,3,10,80,0,10,0,1571,1275,20.0,0.111,0.4303
wide,0.02,- T2 (gui lai mu),can_tho,mild,320.0,9,24,2024,0.0,0.0,240.0,2,40.0,24,14,10,80,0,10,0,1560,1317,20.0,0.111,2.2666
wide,0.02,- T2 (gui lai mu),can_tho,severe,320.0,0,24,2024,0.0,0.0,240.0,2,40.0,47,37,10,80,0,10,0,1554,1273,20.0,0.111,2.6626
wide,0.02,- T2 (gui lai mu),can_tho,severe,320.0,1,24,2024,0.0,0.0,240.0,1,20.0,26,15,11,79,0,10,1,1617,1302,20.0,0.122,0.9623
wide,0.02,- T2 (gui lai mu),can_tho,severe,320.0,2,24,2024,0.0,0.0,320.0,8,160.0,75,67,8,82,0,8,0,1420,1085,20.0,0.089,3.4016
wide,0.02,- T2 (gui lai mu),can_tho,severe,320.0,3,24,2024,0.0,0.0,260.0,6,120.0,48,41,7,83,0,7,0,1349,1061,20.0,0.078,2.2442
wide,0.02,- T2 (gui lai mu),can_tho,severe,320.0,4,24,2024,0.0,0.0,260.0,4,80.0,28,19,9,81,0,9,0,1447,1143,20.0,0.1,1.2172
wide,0.02,- T2 (gui lai mu),can_tho,severe,320.0,5,24,2024,0.0,0.0,300.0,7,140.0,23,15,8,82,0,8,0,1355,992,20.0,0.089,1.3059
wide,0.02,- T2 (gui lai mu),can_tho,severe,320.0,6,24,2024,0.0,0.0,320.0,9,180.0,59,52,7,83,0,7,0,1312,905,20.0,0.078,2.7202
wide,0.02,- T2 (gui lai mu),can_tho,severe,320.0,7,24,2024,0.0,0.0,260.0,5,100.0,74,66,8,82,0,8,0,1409,1101,20.0,0.089,3.8987
wide,0.02,- T2 (gui lai mu),can_tho,severe,320.0,8,24,2024,0.0,0.0,240.0,2,40.0,39,29,10,80,0,10,0,1575,1233,20.0,0.111,2.3094
wide,0.02,- T2 (gui lai mu),can_tho,severe,320.0,9,24,2024,0.0,0.0,240.0,2,40.0,36,26,10,80,0,10,0,1587,1310,20.0,0.111,2.18
wide,0.02,- T2 (gui lai mu),soc_trang,mild,320.0,0,24,2024,0.0,0.0,280.0,3,60.0,15,4,11,79,0,9,2,1070,1359,20.0,0.122,0.6086
wide,0.02,- T2 (gui lai mu),soc_trang,mild,320.0,1,24,2024,0.0,0.0,240.0,1,20.0,20,9,11,79,0,8,3,924,1422,20.0,0.122,1.8612
wide,0.02,- T2 (gui lai mu),soc_trang,mild,320.0,2,24,2024,0.0,0.0,320.0,8,160.0,17,9,8,82,0,8,0,758,1249,20.0,0.089,0.4303
wide,0.02,- T2 (gui lai mu),soc_trang,mild,320.0,3,24,2024,0.0,0.0,320.0,8,160.0,20,12,8,82,0,8,0,872,1125,20.0,0.089,0.9623
wide,0.02,- T2 (gui lai mu),soc_trang,mild,320.0,4,24,2024,0.0,0.0,260.0,4,80.0,16,7,9,81,0,8,1,826,1186,20.0,0.1,0.7454
wide,0.02,- T2 (gui lai mu),soc_trang,mild,320.0,5,24,2024,0.0,0.0,280.0,7,140.0,19,12,7,83,0,7,0,1337,1270,20.0,0.078,1.5039
wide,0.02,- T2 (gui lai mu),soc_trang,mild,320.0,6,24,2024,0.0,0.0,320.0,9,180.0,20,13,7,83,0,7,0,1252,1107,20.0,0.078,0.4303
wide,0.02,- T2 (gui lai mu),soc_trang,mild,320.0,7,24,2024,0.0,0.0,260.0,5,100.0,18,10,8,82,0,8,0,783,1034,20.0,0.089,0.9623
wide,0.02,- T2 (gui lai mu),soc_trang,mild,320.0,8,24,2024,0.0,0.0,260.0,2,40.0,21,10,11,79,0,9,2,1082,1368,20.0,0.122,1.2172
wide,0.02,- T2 (gui lai mu),soc_trang,mild,320.0,9,24,2024,0.0,0.0,260.0,2,40.0,28,17,11,79,0,9,2,1105,1399,20.0,0.122,2.505
wide,0.02,- T2 (gui lai mu),soc_trang,severe,320.0,0,24,2024,0.0,0.0,280.0,3,60.0,40,29,11,79,0,9,2,1090,1364,20.0,0.122,1.4883
wide,0.02,- T2 (gui lai mu),soc_trang,severe,320.0,1,24,2024,0.0,0.0,240.0,1,20.0,46,35,11,79,0,8,3,919,1429,20.0,0.122,2.362
wide,0.02,- T2 (gui lai mu),soc_trang,severe,320.0,2,24,2024,0.0,0.0,320.0,8,160.0,34,26,8,82,0,8,0,766,1241,20.0,0.089,1.5865
wide,0.02,- T2 (gui lai mu),soc_trang,severe,320.0,3,24,2024,0.0,0.0,320.0,8,160.0,43,35,8,82,0,8,0,880,1133,20.0,0.089,2.0282
wide,0.02,- T2 (gui lai mu),soc_trang,severe,320.0,4,24,2024,0.0,0.0,260.0,4,80.0,46,37,9,81,0,8,1,850,1117,20.0,0.1,2.5762
wide,0.02,- T2 (gui lai mu),soc_trang,severe,320.0,5,24,2024,0.0,0.0,280.0,7,140.0,28,21,7,83,0,7,0,1339,1277,20.0,0.078,1.0883
wide,0.02,- T2 (gui lai mu),soc_trang,severe,320.0,6,24,2024,0.0,0.0,320.0,9,180.0,33,26,7,83,0,7,0,1265,1110,20.0,0.078,1.6558
wide,0.02,- T2 (gui lai mu),soc_trang,severe,320.0,7,24,2024,0.0,0.0,260.0,5,100.0,36,28,8,82,0,8,0,780,1053,20.0,0.089,2.8031
wide,0.02,- T2 (gui lai mu),soc_trang,severe,320.0,8,24,2024,0.0,0.0,260.0,2,40.0,40,29,11,79,0,9,2,1096,1370,20.0,0.122,2.3043
wide,0.02,- T2 (gui lai mu),soc_trang,severe,320.0,9,24,2024,0.0,0.0,240.0,2,40.0,48,38,10,80,0,8,2,898,1432,20.0,0.111,2.2748
wide,0.02,- T2 (gui lai mu),ca_mau,mild,320.0,0,24,2024,0.0,0.0,280.0,3,60.0,23,12,11,79,0,6,4,770,1101,20.0,0.122,1.291
wide,0.02,- T2 (gui lai mu),ca_mau,mild,320.0,1,24,2024,0.0,0.0,320.0,4,80.0,19,7,12,78,0,6,4,782,1103,20.0,0.133,0.6087
wide,0.02,- T2 (gui lai mu),ca_mau,mild,320.0,2,24,2024,0.0,0.0,300.0,8,160.0,15,8,7,83,0,7,0,1354,1260,20.0,0.078,0.0
wide,0.02,- T2 (gui lai mu),ca_mau,mild,320.0,3,24,2024,0.0,0.0,260.0,6,120.0,20,13,7,83,0,6,1,696,908,20.0,0.078,1.1386
wide,0.02,- T2 (gui lai mu),ca_mau,mild,320.0,4,24,2024,0.0,0.0,260.0,4,80.0,16,7,9,81,0,6,3,742,1095,20.0,0.1,1.0539
wide,0.02,- T2 (gui lai mu),ca_mau,mild,320.0,5,24,2024,0.0,0.0,280.0,7,140.0,20,13,7,83,0,6,1,715,1030,20.0,0.078,0.9413
wide,0.02,- T2 (gui lai mu),ca_mau,mild,320.0,6,24,2024,0.0,0.0,320.0,9,180.0,16,9,7,83,0,7,0,712,919,20.0,0.078,0.0
wide,0.02,- T2 (gui lai mu),ca_mau,mild,320.0,7,24,2024,0.0,0.0,260.0,5,100.0,18,10,8,82,0,6,2,708,962,20.0,0.089,0.9623
wide,0.02,- T2 (gui lai mu),ca_mau,mild,320.0,8,24,2024,0.0,0.0,260.0,2,40.0,16,5,11,79,0,6,4,733,1078,20.0,0.122,0.7454
wide,0.02,- T2 (gui lai mu),ca_mau,mild,320.0,9,24,2024,0.0,0.0,260.0,2,40.0,18,7,11,79,0,6,3,746,1113,20.0,0.122,1.2172
wide,0.02,- T2 (gui lai mu),ca_mau,severe,320.0,0,24,2024,0.0,0.0,280.0,3,60.0,24,13,11,79,0,6,4,767,1104,20.0,0.122,0.7454
wide,0.02,- T2 (gui lai mu),ca_mau,severe,320.0,1,24,2024,0.0,0.0,320.0,4,80.0,44,32,12,78,0,6,4,804,1125,20.0,0.133,1.9087
wide,0.02,- T2 (gui lai mu),ca_mau,severe,320.0,2,24,2024,0.0,0.0,300.0,8,160.0,37,30,7,83,0,7,0,1365,1262,20.0,0.078,1.6972
wide,0.02,- T2 (gui lai mu),ca_mau,severe,320.0,3,24,2024,0.0,0.0,260.0,6,120.0,36,29,7,83,0,6,1,710,918,20.0,0.078,1.6102
wide,0.02,- T2 (gui lai mu),ca_mau,severe,320.0,4,24,2024,0.0,0.0,260.0,4,80.0,72,63,9,81,0,6,3,749,1039,20.0,0.1,3.4496
wide,0.02,- T2 (gui lai mu),ca_mau,severe,320.0,5,24,2024,0.0,0.0,280.0,7,140.0,61,54,7,83,0,6,1,734,937,20.0,0.078,3.0807
wide,0.02,- T2 (gui lai mu),ca_mau,severe,320.0,6,24,2024,0.0,0.0,320.0,9,180.0,59,52,7,83,0,7,0,757,960,20.0,0.078,2.1138
wide,0.02,- T2 (gui lai mu),ca_mau,severe,320.0,7,24,2024,0.0,0.0,260.0,5,100.0,47,39,8,82,0,6,2,723,985,20.0,0.089,2.2527
wide,0.02,- T2 (gui lai mu),ca_mau,severe,320.0,8,24,2024,0.0,0.0,260.0,2,40.0,48,37,11,79,0,6,4,760,1096,20.0,0.122,2.0331
wide,0.02,- T2 (gui lai mu),ca_mau,severe,320.0,9,24,2024,0.0,0.0,260.0,2,40.0,31,20,11,79,0,6,3,756,1124,20.0,0.122,1.1386
wide,0.02,- tai neo cam bien,can_tho,mild,320.0,0,24,2024,9.3056,0.0,200.0,1,20.0,14,3,11,79,0,5,2,1518,1325,20.0,0.122,12.2021
wide,0.02,- tai neo cam bien,can_tho,mild,320.0,1,24,2024,7.4537,0.0,240.0,1,20.0,15,3,12,78,0,4,6,775,1121,20.0,0.133,8.8937
wide,0.02,- tai neo cam bien,can_tho,mild,320.0,2,24,2024,1.5278,0.0,240.0,6,120.0,13,4,9,81,0,9,0,1546,1204,20.0,0.1,4.2248
wide,0.02,- tai neo cam bien,can_tho,mild,320.0,3,24,2024,10.7407,0.0,200.0,5,100.0,15,5,10,80,0,8,0,1053,1322,20.0,0.111,15.6658
wide,0.02,- tai neo cam bien,can_tho,mild,320.0,4,24,2024,1.5741,0.0,240.0,3,60.0,13,4,9,81,0,9,0,1537,1209,20.0,0.1,4.4018
wide,0.02,- tai neo cam bien,can_tho,mild,320.0,5,24,2024,10.2778,0.0,240.0,5,100.0,16,5,11,79,0,3,5,736,1165,20.0,0.122,10.9196
wide,0.02,- tai neo cam bien,can_tho,mild,320.0,6,24,2024,0.6944,0.0,260.0,7,140.0,14,5,9,81,0,9,0,891,1141,20.0,0.1,4.6591
wide,0.02,- tai neo cam bien,can_tho,mild,320.0,7,24,2024,11.1574,0.0,260.0,5,100.0,16,6,10,80,0,3,5,487,1034,20.0,0.111,9.5274
wide,0.02,- tai neo cam bien,can_tho,mild,320.0,8,24,2024,1.6667,0.0,240.0,2,40.0,14,3,11,79,0,8,3,964,1255,20.0,0.122,6.384
wide,0.02,- tai neo cam bien,can_tho,mild,320.0,9,24,2024,8.2407,0.0,200.0,1,20.0,15,5,10,80,0,6,2,1613,1312,20.0,0.111,14.456
wide,0.02,- tai neo cam bien,can_tho,severe,320.0,0,24,2024,2.8241,0.0,240.0,1,20.0,27,15,12,78,0,6,4,837,1252,20.0,0.133,5.5544
wide,0.02,- tai neo cam bien,can_tho,severe,320.0,1,24,2024,8.3333,0.0,220.0,1,20.0,29,16,13,77,0,5,5,1593,1331,20.0,0.144,7.5276
wide,0.02,- tai neo cam bien,can_tho,severe,320.0,2,24,2024,0.0,0.0,320.0,6,120.0,34,22,12,78,0,5,5,625,902,20.0,0.133,11.0987
wide,0.02,- tai neo cam bien,can_tho,severe,320.0,3,24,2024,17.037,0.0,260.0,4,80.0,47,33,14,76,0,2,2,547,1037,20.0,0.156,15.0161
wide,0.02,- tai neo cam bien,can_tho,severe,320.0,4,24,2024,0.0,0.0,300.0,5,100.0,27,15,12,78,0,8,4,814,1119,20.0,0.133,10.2446
wide,0.02,- tai neo cam bien,can_tho,severe,320.0,5,24,2024,4.213,0.0,260.0,6,120.0,35,23,12,78,0,3,3,1260,1014,20.0,0.133,15.0232
wide,0.02,- tai neo cam bien,can_tho,severe,320.0,6,24,2024,12.0833,0.0,260.0,5,100.0,36,24,12,78,0,3,3,494,1038,20.0,0.133,11.5902
wide,0.02,- tai neo cam bien,can_tho,severe,320.0,7,24,2024,8.8889,0.0,260.0,4,80.0,36,23,13,77,0,3,6,738,1105,20.0,0.144,10.831
wide,0.02,- tai neo cam bien,can_tho,severe,320.0,8,24,2024,3.287,0.0,240.0,2,40.0,29,17,12,78,0,5,4,1408,1164,20.0,0.133,7.1876
wide,0.02,- tai neo cam bien,can_tho,severe,320.0,9,24,2024,2.6852,0.0,260.0,2,40.0,27,15,12,78,0,6,5,835,1190,20.0,0.133,5.772
wide,0.02,- tai neo cam bien,soc_trang,mild,320.0,0,24,2024,2.6852,0.0,200.0,1,20.0,14,3,11,79,0,9,0,1639,1609,20.0,0.122,16.3979
wide,0.02,- tai neo cam bien,soc_trang,mild,320.0,1,24,2024,8.8889,0.0,200.0,1,20.0,14,3,11,79,0,5,3,1529,1516,20.0,0.122,12.1424
wide,0.02,- tai neo cam bien,soc_trang,mild,320.0,2,24,2024,0.5093,0.0,280.0,8,160.0,15,6,9,81,0,9,0,999,1222,20.0,0.1,4.4186
wide,0.02,- tai neo cam bien,soc_trang,mild,320.0,3,24,2024,2.963,0.0,260.0,6,120.0,15,5,10,80,0,7,1,814,1092,20.0,0.111,8.5606
wide,0.02,- tai neo cam bien,soc_trang,mild,320.0,4,24,2024,0.0,0.0,260.0,4,80.0,13,3,10,80,0,10,0,920,1199,20.0,0.111,0.0
wide,0.02,- tai neo cam bien,soc_trang,mild,320.0,5,24,2024,9.1204,0.0,240.0,5,100.0,16,5,11,79,0,3,6,791,1143,20.0,0.122,11.5702
wide,0.02,- tai neo cam bien,soc_trang,mild,320.0,6,24,2024,1.5741,0.0,260.0,7,140.0,14,5,9,81,0,7,2,861,1067,20.0,0.1,4.2506
wide,0.02,- tai neo cam bien,soc_trang,mild,320.0,7,24,2024,8.8889,0.0,260.0,5,100.0,16,6,10,80,0,4,5,777,991,20.0,0.111,10.1109
wide,0.02,- tai neo cam bien,soc_trang,mild,320.0,8,24,2024,10.0,0.0,200.0,1,20.0,14,3,11,79,0,6,2,1563,1562,20.0,0.122,12.715
wide,0.02,- tai neo cam bien,soc_trang,mild,320.0,9,24,2024,7.3148,0.0,220.0,2,40.0,15,5,10,80,0,5,3,823,1299,20.0,0.111,12.6114
wide,0.02,- tai neo cam bien,soc_trang,severe,320.0,0,24,2024,6.25,0.0,200.0,0,0.0,36,22,14,76,0,7,2,1008,1558,20.0,0.156,9.3658
wide,0.02,- tai neo cam bien,soc_trang,severe,320.0,1,24,2024,1.7593,0.0,220.0,1,20.0,27,14,13,77,0,7,2,1505,1541,20.0,0.144,7.3611
wide,0.02,- tai neo cam bien,soc_trang,severe,320.0,2,24,2024,3.7963,0.0,280.0,4,80.0,39,28,11,79,0,4,5,687,932,20.0,0.122,13.3749
wide,0.02,- tai neo cam bien,soc_trang,severe,320.0,3,24,2024,3.75,0.0,300.0,6,120.0,36,24,12,78,0,5,3,718,1095,20.0,0.133,11.162
wide,0.02,- tai neo cam bien,soc_trang,severe,320.0,4,24,2024,0.0,0.0,300.0,4,80.0,28,16,12,78,0,9,2,837,1170,20.0,0.133,8.0215
wide,0.02,- tai neo cam bien,soc_trang,severe,320.0,5,24,2024,1.713,0.0,260.0,5,100.0,37,25,12,78,0,7,4,895,1176,20.0,0.133,9.8673
wide,0.02,- tai neo cam bien,soc_trang,severe,320.0,6,24,2024,7.2222,0.0,300.0,7,140.0,36,24,12,78,0,4,2,756,1045,20.0,0.133,12.4596
wide,0.02,- tai neo cam bien,soc_trang,severe,320.0,7,24,2024,12.1759,0.0,200.0,2,40.0,42,28,14,76,0,5,2,1475,1508,20.0,0.156,9.8713
wide,0.02,- tai neo cam bien,soc_trang,severe,320.0,8,24,2024,15.0926,0.0,160.0,1,20.0,37,23,14,76,0,4,2,1589,1645,20.0,0.156,12.4093
wide,0.02,- tai neo cam bien,soc_trang,severe,320.0,9,24,2024,3.3796,0.0,240.0,2,40.0,33,20,13,77,0,6,4,928,1228,20.0,0.144,7.8701
wide,0.02,- tai neo cam bien,ca_mau,mild,320.0,0,24,2024,11.3889,0.0,160.0,0,0.0,14,4,10,80,0,6,1,1676,1618,20.0,0.111,18.8893
wide,0.02,- tai neo cam bien,ca_mau,mild,320.0,1,24,2024,8.1944,0.0,200.0,1,20.0,15,4,11,79,0,3,4,711,1216,20.0,0.122,14.5982
wide,0.02,- tai neo cam bien,ca_mau,mild,320.0,2,24,2024,0.0,0.0,280.0,8,160.0,14,5,9,81,0,6,3,755,1016,20.0,0.1,0.0
wide,0.02,- tai neo cam bien,ca_mau,mild,320.0,3,24,2024,2.7778,0.0,200.0,5,100.0,15,6,9,81,0,5,2,1516,1407,20.0,0.1,19.2483
wide,0.02,- tai neo cam bien,ca_mau,mild,320.0,4,24,2024,0.0,0.0,260.0,4,80.0,13,3,10,80,0,7,3,739,1047,20.0,0.111,0.0
wide,0.02,- tai neo cam bien,ca_mau,mild,320.0,5,24,2024,8.8426,0.0,200.0,4,80.0,15,6,9,81,0,4,2,820,1119,20.0,0.1,15.516
wide,0.02,- tai neo cam bien,ca_mau,mild,320.0,6,24,2024,0.0,0.0,240.0,6,120.0,13,5,8,82,0,7,1,1344,1238,20.0,0.089,6.5161
wide,0.02,- tai neo cam bien,ca_mau,mild,320.0,7,24,2024,3.4259,0.0,260.0,4,80.0,16,6,10,80,0,4,6,750,1015,20.0,0.111,9.6716
wide,0.02,- tai neo cam bien,ca_mau,mild,320.0,8,24,2024,0.0,0.0,260.0,2,40.0,14,3,11,79,0,6,4,746,1093,20.0,0.122,4.3149
wide,0.02,- tai neo cam bien,ca_mau,mild,320.0,9,24,2024,6.4352,0.0,220.0,2,40.0,15,5,10,80,0,3,5,1299,1250,20.0,0.111,12.6313
wide,0.02,- tai neo cam bien,ca_mau,severe,320.0,0,24,2024,11.3426,0.0,180.0,1,20.0,43,29,14,76,0,4,3,1443,1428,20.0,0.156,12.2184
wide,0.02,- tai neo cam bien,ca_mau,severe,320.0,1,24,2024,3.8889,0.0,220.0,1,20.0,38,25,13,77,0,4,5,764,1284,20.0,0.144,9.5365
wide,0.02,- tai neo cam bien,ca_mau,severe,320.0,2,24,2024,3.75,0.0,260.0,4,80.0,42,31,11,79,0,2,6,529,947,20.0,0.122,10.5928
wide,0.02,- tai neo cam bien,ca_mau,severe,320.0,3,24,2024,2.8704,0.0,320.0,7,140.0,34,22,12,78,0,3,4,581,920,20.0,0.133,12.5306
wide,0.02,- tai neo cam bien,ca_mau,severe,320.0,4,24,2024,0.0,0.0,260.0,2,40.0,32,20,12,78,0,6,4,762,1045,20.0,0.133,9.6458
wide,0.02,- tai neo cam bien,ca_mau,severe,320.0,5,24,2024,1.5741,0.0,280.0,5,100.0,38,25,13,77,0,5,5,853,1110,20.0,0.144,7.943
wide,0.02,- tai neo cam bien,ca_mau,severe,320.0,6,24,2024,0.0,0.0,320.0,9,180.0,28,18,10,80,0,2,5,414,633,20.0,0.111,17.3282
wide,0.02,- tai neo cam bien,ca_mau,severe,320.0,7,24,2024,0.6944,0.0,240.0,3,60.0,33,21,12,78,0,7,3,763,1160,20.0,0.133,9.7989
wide,0.02,- tai neo cam bien,ca_mau,severe,320.0,8,24,2024,11.2963,0.0,200.0,1,20.0,39,24,15,75,0,4,4,917,1225,20.0,0.167,11.9619
wide,0.02,- tai neo cam bien,ca_mau,severe,320.0,9,24,2024,0.5556,0.0,260.0,2,40.0,22,10,12,78,0,5,6,742,1067,20.0,0.133,6.8737
wide,0.02,- epoch cap (quyet dinh moi gio),can_tho,mild,320.0,0,1,2024,0.0,0.0,280.0,3,60.0,16,4,12,2144,0,7,4,863,1138,20.0,0.133,0.6086
wide,0.02,- epoch cap (quyet dinh moi gio),can_tho,mild,320.0,1,1,2024,0.0,0.0,260.0,1,20.0,17,4,13,2143,0,7,6,1016,1370,20.0,0.144,0.9586
wide,0.02,- epoch cap (quyet dinh moi gio),can_tho,mild,320.0,2,1,2024,0.0,0.0,280.0,8,160.0,15,6,9,2145,0,5,4,1328,1005,20.0,0.1,0.4303
wide,0.02,- epoch cap (quyet dinh moi gio),can_tho,mild,320.0,3,1,2024,0.0,0.0,280.0,6,120.0,18,7,11,2142,0,6,4,768,1080,20.0,0.122,1.4202
wide,0.02,- epoch cap (quyet dinh moi gio),can_tho,mild,320.0,4,1,2024,0.0,0.0,260.0,4,80.0,14,4,10,2146,0,5,5,1464,1220,20.0,0.111,0.4303
wide,0.02,- epoch cap (quyet dinh moi gio),can_tho,mild,320.0,5,1,2024,0.0,0.0,280.0,7,140.0,16,7,9,2144,0,6,3,1361,1018,20.0,0.1,0.6086
wide,0.02,- epoch cap (quyet dinh moi gio),can_tho,mild,320.0,6,1,2024,0.0,0.0,280.0,7,140.0,16,6,10,2144,0,5,5,1353,1075,20.0,0.111,0.6086
wide,0.02,- epoch cap (quyet dinh moi gio),can_tho,mild,320.0,7,1,2024,0.0,0.0,300.0,6,120.0,22,10,12,2138,0,6,4,780,1059,20.0,0.133,1.1386
wide,0.02,- epoch cap (quyet dinh moi gio),can_tho,mild,320.0,8,1,2024,0.0,0.0,260.0,2,40.0,17,5,12,2143,0,6,6,1546,1286,20.0,0.133,0.8607
wide,0.02,- epoch cap (quyet dinh moi gio),can_tho,mild,320.0,9,1,2024,0.0,0.0,260.0,2,40.0,17,5,12,2143,0,7,4,1508,1233,20.0,0.133,1.4259
wide,0.02,- epoch cap (quyet dinh moi gio),can_tho,severe,320.0,0,1,2024,0.0,0.0,260.0,2,40.0,37,23,14,2123,0,7,4,1511,1230,20.0,0.156,1.2172
wide,0.02,- epoch cap (quyet dinh moi gio),can_tho,severe,320.0,1,1,2024,0.0,0.0,260.0,1,20.0,34,18,16,2126,0,9,4,1046,1412,20.0,0.178,0.9623
wide,0.02,- epoch cap (quyet dinh moi gio),can_tho,severe,320.0,2,1,2024,0.0,0.0,280.0,7,140.0,35,23,12,2125,0,6,3,1379,1071,20.0,0.133,1.5516
wide,0.02,- epoch cap (quyet dinh moi gio),can_tho,severe,320.0,3,1,2024,0.0,0.0,320.0,8,160.0,37,25,12,2123,0,8,1,719,972,20.0,0.133,1.6935
wide,0.02,- epoch cap (quyet dinh moi gio),can_tho,severe,320.0,4,1,2024,0.0,0.0,240.0,2,40.0,78,56,22,2082,0,10,2,1633,1397,20.0,0.244,1.9203
wide,0.02,- epoch cap (quyet dinh moi gio),can_tho,severe,320.0,5,1,2024,0.0,0.0,280.0,5,100.0,49,34,15,2111,0,7,3,793,1090,20.0,0.167,1.719
wide,0.02,- epoch cap (quyet dinh moi gio),can_tho,severe,320.0,6,1,2024,0.0,0.0,320.0,7,140.0,35,23,12,2125,0,5,5,782,1051,20.0,0.133,1.8048
wide,0.02,- epoch cap (quyet dinh moi gio),can_tho,severe,320.0,7,1,2024,0.0,0.0,300.0,6,120.0,33,23,10,2127,0,6,3,712,968,20.0,0.111,1.1386
wide,0.02,- epoch cap (quyet dinh moi gio),can_tho,severe,320.0,8,1,2024,0.0,0.0,260.0,2,40.0,36,22,14,2124,0,8,4,970,1281,20.0,0.156,0.7454
wide,0.02,- epoch cap (quyet dinh moi gio),can_tho,severe,320.0,9,1,2024,0.0,0.0,260.0,1,20.0,80,56,24,2080,0,12,0,1034,1347,20.0,0.267,1.9214
wide,0.02,- epoch cap (quyet dinh moi gio),soc_trang,mild,320.0,0,1,2024,0.0,0.0,280.0,3,60.0,20,7,13,2140,0,7,4,932,1235,20.0,0.144,1.0541
wide,0.02,- epoch cap (quyet dinh moi gio),soc_trang,mild,320.0,1,1,2024,0.0,0.0,260.0,1,20.0,14,2,12,2146,0,7,5,983,1291,20.0,0.133,0.4303
wide,0.02,- epoch cap (quyet dinh moi gio),soc_trang,mild,320.0,2,1,2024,0.0,0.0,280.0,7,140.0,20,8,12,2140,0,8,2,819,1103,20.0,0.133,1.2124
wide,0.02,- epoch cap (quyet dinh moi gio),soc_trang,mild,320.0,3,1,2024,0.0,0.0,300.0,7,140.0,16,6,10,2144,0,6,4,888,1187,20.0,0.111,0.4303
wide,0.02,- epoch cap (quyet dinh moi gio),soc_trang,mild,320.0,4,1,2024,0.0,0.0,300.0,4,80.0,16,5,11,2144,0,7,4,1016,1308,20.0,0.122,0.4303
wide,0.02,- epoch cap (quyet dinh moi gio),soc_trang,mild,320.0,5,1,2024,0.0,0.0,280.0,7,140.0,14,5,9,2146,0,6,3,753,985,20.0,0.1,0.0
wide,0.02,- epoch cap (quyet dinh moi gio),soc_trang,mild,320.0,6,1,2024,0.0,0.0,300.0,8,160.0,17,6,11,2143,0,6,4,827,1285,20.0,0.122,0.7453
wide,0.02,- epoch cap (quyet dinh moi gio),soc_trang,mild,320.0,7,1,2024,0.0,0.0,300.0,6,120.0,17,7,10,2143,0,6,4,911,1191,20.0,0.111,0.6086
wide,0.02,- epoch cap (quyet dinh moi gio),soc_trang,mild,320.0,8,1,2024,0.0,0.0,260.0,2,40.0,19,6,13,2141,0,8,3,905,1220,20.0,0.144,1.0541
wide,0.02,- epoch cap (quyet dinh moi gio),soc_trang,mild,320.0,9,1,2024,0.0,0.0,260.0,1,20.0,24,7,17,2136,0,8,5,1010,1341,20.0,0.189,1.4272
wide,0.02,- epoch cap (quyet dinh moi gio),soc_trang,severe,320.0,0,1,2024,0.0,0.0,280.0,2,40.0,42,25,17,2118,0,9,4,992,1353,20.0,0.189,1.1385
wide,0.02,- epoch cap (quyet dinh moi gio),soc_trang,severe,320.0,1,1,2024,0.0,0.0,260.0,1,20.0,54,35,19,2106,0,9,3,960,1310,20.0,0.211,1.2172
wide,0.02,- epoch cap (quyet dinh moi gio),soc_trang,severe,320.0,2,1,2024,0.0,0.0,280.0,5,100.0,48,33,15,2112,0,7,2,738,1103,20.0,0.167,1.7511
wide,0.02,- epoch cap (quyet dinh moi gio),soc_trang,severe,320.0,3,1,2024,0.0,0.0,260.0,5,100.0,41,27,14,2119,0,10,1,913,1240,20.0,0.156,1.6084
wide,0.02,- epoch cap (quyet dinh moi gio),soc_trang,severe,320.0,4,1,2024,0.0,0.0,260.0,2,40.0,56,37,19,2104,0,6,7,933,1333,20.0,0.211,1.6062
wide,0.02,- epoch cap (quyet dinh moi gio),soc_trang,severe,320.0,5,1,2024,0.0,0.0,280.0,7,140.0,34,22,12,2126,0,7,2,768,1016,20.0,0.133,1.2879
wide,0.02,- epoch cap (quyet dinh moi gio),soc_trang,severe,320.0,6,1,2024,0.0,0.0,280.0,6,120.0,31,22,9,2129,0,4,4,1366,1289,20.0,0.1,1.3295
wide,0.02,- epoch cap (quyet dinh moi gio),soc_trang,severe,320.0,7,1,2024,0.0,0.0,300.0,6,120.0,29,19,10,2131,0,6,3,877,1140,20.0,0.111,1.488
wide,0.02,- epoch cap (quyet dinh moi gio),soc_trang,severe,320.0,8,1,2024,0.0,0.0,260.0,2,40.0,42,24,18,2118,0,10,3,1055,1371,20.0,0.2,1.4269
wide,0.02,- epoch cap (quyet dinh moi gio),soc_trang,severe,320.0,9,1,2024,0.0,0.0,260.0,2,40.0,67,47,20,2093,0,10,1,991,1284,20.0,0.222,1.5506
wide,0.02,- epoch cap (quyet dinh moi gio),ca_mau,mild,320.0,0,1,2024,0.0,0.0,280.0,3,60.0,17,5,12,2143,0,7,4,811,1101,20.0,0.133,0.7454
wide,0.02,- epoch cap (quyet dinh moi gio),ca_mau,mild,320.0,1,1,2024,0.0,0.0,280.0,2,40.0,15,3,12,2145,0,7,5,798,1170,20.0,0.133,0.4303
wide,0.02,- epoch cap (quyet dinh moi gio),ca_mau,mild,320.0,2,1,2024,0.0,0.0,280.0,7,140.0,16,6,10,2144,0,8,2,779,1069,20.0,0.111,0.6086
wide,0.02,- epoch cap (quyet dinh moi gio),ca_mau,mild,320.0,3,1,2024,0.0,0.0,260.0,5,100.0,18,7,11,2142,0,7,2,744,988,20.0,0.122,1.7038
wide,0.02,- epoch cap (quyet dinh moi gio),ca_mau,mild,320.0,4,1,2024,0.0,0.0,260.0,4,80.0,14,4,10,2146,0,5,5,754,1060,20.0,0.111,0.4303
wide,0.02,- epoch cap (quyet dinh moi gio),ca_mau,mild,320.0,5,1,2024,0.0,0.0,280.0,7,140.0,15,5,10,2145,0,7,3,793,1072,20.0,0.111,0.6054
wide,0.02,- epoch cap (quyet dinh moi gio),ca_mau,mild,320.0,6,1,2024,0.0,0.0,260.0,7,140.0,22,10,12,2138,0,7,1,666,997,20.0,0.133,1.4858
wide,0.02,- epoch cap (quyet dinh moi gio),ca_mau,mild,320.0,7,1,2024,0.0,0.0,260.0,5,100.0,13,5,8,2147,0,6,2,663,1012,20.0,0.089,0.0
wide,0.02,- epoch cap (quyet dinh moi gio),ca_mau,mild,320.0,8,1,2024,0.0,0.0,260.0,1,20.0,18,4,14,2142,0,7,5,816,1140,20.0,0.156,1.0541
wide,0.02,- epoch cap (quyet dinh moi gio),ca_mau,mild,320.0,9,1,2024,0.0,0.0,260.0,2,40.0,20,6,14,2140,0,7,4,811,1112,20.0,0.156,1.3587
wide,0.02,- epoch cap (quyet dinh moi gio),ca_mau,severe,320.0,0,1,2024,0.0,0.0,260.0,1,20.0,51,32,19,2109,0,7,5,790,1167,20.0,0.211,1.1386
wide,0.02,- epoch cap (quyet dinh moi gio),ca_mau,severe,320.0,1,1,2024,0.0,0.0,300.0,3,60.0,34,21,13,2126,0,7,5,771,1131,20.0,0.144,1.0073
wide,0.02,- epoch cap (quyet dinh moi gio),ca_mau,severe,320.0,2,1,2024,0.0,0.0,280.0,6,120.0,38,26,12,2122,0,6,4,766,1090,20.0,0.133,1.5491
wide,0.02,- epoch cap (quyet dinh moi gio),ca_mau,severe,320.0,3,1,2024,0.0,0.0,280.0,6,120.0,34,23,11,2126,0,7,1,849,1073,20.0,0.122,1.3293
wide,0.02,- epoch cap (quyet dinh moi gio),ca_mau,severe,320.0,4,1,2024,0.0,0.0,260.0,4,80.0,26,16,10,2134,0,8,2,773,1068,20.0,0.111,0.8603
wide,0.02,- epoch cap (quyet dinh moi gio),ca_mau,severe,320.0,5,1,2024,0.0,0.0,280.0,6,120.0,49,33,16,2111,0,8,3,791,1119,20.0,0.178,1.6652
wide,0.02,- epoch cap (quyet dinh moi gio),ca_mau,severe,320.0,6,1,2024,0.0,0.0,320.0,9,180.0,24,16,8,2136,0,6,1,638,910,20.0,0.089,1.4953
wide,0.02,- epoch cap (quyet dinh moi gio),ca_mau,severe,320.0,7,1,2024,0.0,0.0,260.0,4,80.0,45,29,16,2115,0,7,4,739,1072,20.0,0.178,1.4907
wide,0.02,- epoch cap (quyet dinh moi gio),ca_mau,severe,320.0,8,1,2024,0.0,0.0,260.0,1,20.0,36,20,16,2124,0,7,5,794,1162,20.0,0.178,1.1368
wide,0.02,- epoch cap (quyet dinh moi gio),ca_mau,severe,320.0,9,1,2024,0.0,0.0,260.0,1,20.0,62,42,20,2098,0,7,5,771,1143,20.0,0.222,1.4272
wide,0.02,- cong chance-constrained,can_tho,mild,320.0,0,24,2024,16.8056,0.0,320.0,0,0.0,8,1,7,0,0,0,2,1141,874,53.33,0.078,0.6086
wide,0.02,- cong chance-constrained,can_tho,mild,320.0,1,24,2024,16.9444,0.0,320.0,1,60.0,7,1,6,0,0,0,2,1135,853,53.33,0.067,0.0015
wide,0.02,- cong chance-constrained,can_tho,mild,320.0,2,24,2024,24.4907,0.0,320.0,3,140.0,6,1,5,0,0,0,1,1268,970,53.33,0.056,0.0
wide,0.02,- cong chance-constrained,can_tho,mild,320.0,3,24,2024,24.3981,0.0,320.0,2,120.0,8,2,6,0,0,0,2,1277,991,53.33,0.067,0.6086
wide,0.02,- cong chance-constrained,can_tho,mild,320.0,4,24,2024,22.4074,0.0,320.0,1,60.0,10,3,7,0,0,0,2,1263,971,53.33,0.078,1.8937
wide,0.02,- cong chance-constrained,can_tho,mild,320.0,5,24,2024,24.3981,0.0,320.0,1,60.0,8,2,6,0,0,0,2,1277,991,53.33,0.067,0.6086
wide,0.02,- cong chance-constrained,can_tho,mild,320.0,6,24,2024,24.4907,0.0,320.0,3,180.0,7,2,5,0,0,0,1,1268,971,53.33,0.056,0.8302
wide,0.02,- cong chance-constrained,can_tho,mild,320.0,7,24,2024,16.9444,0.0,320.0,2,120.0,8,2,6,0,0,0,2,1136,854,53.33,0.067,0.9512
wide,0.02,- cong chance-constrained,can_tho,mild,320.0,8,24,2024,23.4722,0.0,320.0,1,60.0,9,3,6,0,0,0,2,1261,971,53.33,0.067,1.5308
wide,0.02,- cong chance-constrained,can_tho,mild,320.0,9,24,2024,16.9444,0.0,320.0,0,0.0,9,3,6,0,0,0,2,1137,855,53.33,0.067,1.0441
wide,0.02,- cong chance-constrained,can_tho,severe,320.0,0,24,2024,16.9444,0.0,320.0,0,0.0,12,5,7,0,0,0,2,1136,856,53.33,0.078,1.2074
wide,0.02,- cong chance-constrained,can_tho,severe,320.0,1,24,2024,23.4722,0.0,320.0,1,60.0,19,12,7,0,0,0,2,1257,974,53.33,0.078,1.5274
wide,0.02,- cong chance-constrained,can_tho,severe,320.0,2,24,2024,16.9444,0.0,320.0,0,0.0,15,9,6,0,0,0,2,1138,857,53.33,0.067,1.6028
wide,0.02,- cong chance-constrained,can_tho,severe,320.0,3,24,2024,17.3611,0.0,320.0,2,120.0,38,27,11,0,0,1,2,1267,986,53.33,0.122,3.3001
wide,0.02,- cong chance-constrained,can_tho,severe,320.0,4,24,2024,16.6204,0.0,320.0,0,0.0,24,16,8,0,0,0,1,1130,846,53.33,0.089,1.527
wide,0.02,- cong chance-constrained,can_tho,severe,320.0,5,24,2024,15.6019,0.0,320.0,1,20.0,18,10,8,0,0,0,3,1109,842,53.33,0.089,1.8596
wide,0.02,- cong chance-constrained,can_tho,severe,320.0,6,24,2024,23.4722,0.0,320.0,1,60.0,16,10,6,0,0,0,2,1261,975,53.33,0.067,1.5398
wide,0.02,- cong chance-constrained,can_tho,severe,320.0,7,24,2024,23.4722,0.0,320.0,1,60.0,19,12,7,0,0,0,2,1264,975,53.33,0.078,1.5521
wide,0.02,- cong chance-constrained,can_tho,severe,320.0,8,24,2024,24.4907,0.0,320.0,1,60.0,9,4,5,0,0,0,1,1268,972,53.33,0.056,0.8987
wide,0.02,- cong chance-constrained,can_tho,severe,320.0,9,24,2024,24.4907,0.0,320.0,1,60.0,8,3,5,0,0,0,1,1268,972,53.33,0.056,0.8528
wide,0.02,- cong chance-constrained,soc_trang,mild,320.0,0,24,2024,14.537,0.0,320.0,0,0.0,8,1,7,0,0,0,2,1084,914,53.33,0.078,1.2907
wide,0.02,- cong chance-constrained,soc_trang,mild,320.0,1,24,2024,22.2222,0.0,320.0,1,60.0,9,3,6,0,0,0,3,1221,1046,53.33,0.067,1.4031
wide,0.02,- cong chance-constrained,soc_trang,mild,320.0,2,24,2024,23.3333,0.0,320.0,1,60.0,8,3,5,0,0,0,2,1228,1047,53.33,0.056,1.0169
wide,0.02,- cong chance-constrained,soc_trang,mild,320.0,3,24,2024,22.2222,0.0,320.0,3,140.0,8,2,6,0,0,0,2,1229,1044,53.33,0.067,1.2907
wide,0.02,- cong chance-constrained,soc_trang,mild,320.0,4,24,2024,23.3333,0.0,320.0,1,60.0,6,1,5,0,0,0,2,1227,1045,53.33,0.056,0.0
wide,0.02,- cong chance-constrained,soc_trang,mild,320.0,5,24,2024,23.3333,0.0,320.0,2,80.0,6,1,5,0,0,0,2,1227,1045,53.33,0.056,0.0
wide,0.02,- cong chance-constrained,soc_trang,mild,320.0,6,24,2024,23.3333,0.0,320.0,2,120.0,8,3,5,0,0,0,2,1227,1047,53.33,0.056,1.2388
wide,0.02,- cong chance-constrained,soc_trang,mild,320.0,7,24,2024,23.3333,0.0,320.0,2,120.0,8,3,5,0,0,0,2,1228,1046,53.33,0.056,0.912
wide,0.02,- cong chance-constrained,soc_trang,mild,320.0,8,24,2024,23.3333,0.0,320.0,1,60.0,6,1,5,0,0,0,2,1227,1045,53.33,0.056,0.0
wide,0.02,- cong chance-constrained,soc_trang,mild,320.0,9,24,2024,23.3333,0.0,320.0,1,60.0,6,1,5,0,0,0,2,1227,1045,53.33,0.056,0.0
wide,0.02,- cong chance-constrained,soc_trang,severe,320.0,0,24,2024,12.2222,0.0,320.0,0,0.0,26,15,11,0,0,0,3,1101,961,53.33,0.122,2.0772
wide,0.02,- cong chance-constrained,soc_trang,severe,320.0,1,24,2024,14.537,0.0,320.0,1,60.0,17,10,7,0,0,0,3,1076,920,53.33,0.078,0.8583
wide,0.02,- cong chance-constrained,soc_trang,severe,320.0,2,24,2024,23.3333,0.0,320.0,1,60.0,12,7,5,0,0,0,2,1228,1049,53.33,0.056,1.3476
wide,0.02,- cong chance-constrained,soc_trang,severe,320.0,3,24,2024,18.1481,0.0,320.0,2,120.0,38,27,11,0,0,1,1,1248,1064,53.33,0.122,3.274
wide,0.02,- cong chance-constrained,soc_trang,severe,320.0,4,24,2024,14.537,0.0,320.0,0,0.0,16,9,7,0,0,0,3,1078,920,53.33,0.078,1.2392
wide,0.02,- cong chance-constrained,soc_trang,severe,320.0,5,24,2024,15.6944,0.0,320.0,1,20.0,13,7,6,0,0,0,2,1088,920,53.33,0.067,1.3069
wide,0.02,- cong chance-constrained,soc_trang,severe,320.0,6,24,2024,19.1667,0.0,320.0,1,60.0,28,19,9,0,0,0,3,1245,1090,53.33,0.1,2.3166
wide,0.02,- cong chance-constrained,soc_trang,severe,320.0,7,24,2024,21.2037,0.0,320.0,1,60.0,21,14,7,0,0,0,2,1232,1055,53.33,0.078,1.8582
wide,0.02,- cong chance-constrained,soc_trang,severe,320.0,8,24,2024,19.9537,0.0,320.0,1,60.0,24,16,8,0,0,0,2,1235,1072,53.33,0.089,2.577
wide,0.02,- cong chance-constrained,soc_trang,severe,320.0,9,24,2024,15.6944,0.0,320.0,0,0.0,15,9,6,0,0,0,2,1086,923,53.33,0.067,0.0
wide,0.02,- cong chance-constrained,ca_mau,mild,320.0,0,24,2024,12.4074,0.0,320.0,0,0.0,8,1,7,0,0,0,3,1044,904,53.33,0.078,1.296
wide,0.02,- cong chance-constrained,ca_mau,mild,320.0,1,24,2024,20.0463,0.0,320.0,1,60.0,9,3,6,0,0,0,2,1195,1044,53.33,0.067,1.2933
wide,0.02,- cong chance-constrained,ca_mau,mild,320.0,2,24,2024,21.1574,0.0,320.0,2,80.0,7,2,5,0,0,0,1,1197,1034,53.33,0.056,0.891
wide,0.02,- cong chance-constrained,ca_mau,mild,320.0,3,24,2024,20.0463,0.0,320.0,3,140.0,8,2,6,0,0,0,2,1214,1044,53.33,0.067,1.296
wide,0.02,- cong chance-constrained,ca_mau,mild,320.0,4,24,2024,21.1574,0.0,320.0,1,60.0,6,1,5,0,0,0,1,1197,1033,53.33,0.056,0.0
wide,0.02,- cong chance-constrained,ca_mau,mild,320.0,5,24,2024,21.1574,0.0,320.0,2,80.0,6,1,5,0,0,0,1,1197,1033,53.33,0.056,0.0
wide,0.02,- cong chance-constrained,ca_mau,mild,320.0,6,24,2024,21.1574,0.0,320.0,2,120.0,8,3,5,0,0,0,1,1197,1035,53.33,0.056,1.1971
wide,0.02,- cong chance-constrained,ca_mau,mild,320.0,7,24,2024,20.9722,0.0,320.0,2,120.0,10,4,6,0,0,0,2,1212,1056,53.33,0.067,1.0997
wide,0.02,- cong chance-constrained,ca_mau,mild,320.0,8,24,2024,20.9722,0.0,320.0,1,60.0,9,3,6,0,0,0,2,1212,1056,53.33,0.067,0.7454
wide,0.02,- cong chance-constrained,ca_mau,mild,320.0,9,24,2024,21.1574,0.0,320.0,1,60.0,6,1,5,0,0,0,1,1197,1033,53.33,0.056,0.0
wide,0.02,- cong chance-constrained,ca_mau,severe,320.0,0,24,2024,11.25,0.0,320.0,0,0.0,22,12,10,0,0,0,3,1059,931,53.33,0.111,1.922
wide,0.02,- cong chance-constrained,ca_mau,severe,320.0,1,24,2024,12.037,0.0,320.0,1,60.0,20,12,8,0,0,0,3,1028,892,53.33,0.089,1.2366
wide,0.02,- cong chance-constrained,ca_mau,severe,320.0,2,24,2024,21.1574,0.0,320.0,1,60.0,13,8,5,0,0,0,1,1197,1038,53.33,0.056,1.2578
wide,0.02,- cong chance-constrained,ca_mau,severe,320.0,3,24,2024,14.6759,0.0,320.0,2,120.0,34,23,11,0,0,1,2,1194,1023,53.33,0.122,3.2504
wide,0.02,- cong chance-constrained,ca_mau,severe,320.0,4,24,2024,12.3148,0.0,320.0,0,0.0,20,12,8,0,0,0,3,1049,929,53.33,0.089,1.2724
wide,0.02,- cong chance-constrained,ca_mau,severe,320.0,5,24,2024,14.2593,0.0,320.0,1,20.0,13,7,6,0,0,0,2,1039,908,53.33,0.067,1.5822
wide,0.02,- cong chance-constrained,ca_mau,severe,320.0,6,24,2024,18.7963,0.0,320.0,1,60.0,28,19,9,0,0,0,3,1205,1070,53.33,0.1,2.246
wide,0.02,- cong chance-constrained,ca_mau,severe,320.0,7,24,2024,19.7222,0.0,320.0,1,60.0,21,14,7,0,0,0,2,1195,1042,53.33,0.078,1.8104
wide,0.02,- cong chance-constrained,ca_mau,severe,320.0,8,24,2024,18.8889,0.0,320.0,1,60.0,24,16,8,0,0,0,2,1196,1050,53.33,0.089,2.4851
wide,0.02,- cong chance-constrained,ca_mau,severe,320.0,9,24,2024,14.2593,0.0,320.0,0,0.0,15,9,6,0,0,0,2,1039,911,53.33,0.067,0.0
wide,0.02,- luat thich ung (centre co dinh),can_tho,mild,320.0,0,24,2024,0.0,0.0,320.0,3,60.0,21,5,16,74,0,0,9,828,680,20.0,0.178,0.9623
wide,0.02,- luat thich ung (centre co dinh),can_tho,mild,320.0,1,24,2024,0.0,0.0,320.0,3,60.0,23,7,16,74,0,0,8,820,641,20.0,0.178,1.1386
wide,0.02,- luat thich ung (centre co dinh),can_tho,mild,320.0,2,24,2024,0.0,0.0,320.0,8,160.0,17,6,11,79,0,0,7,802,568,20.0,0.122,0.4303
wide,0.02,- luat thich ung (centre co dinh),can_tho,mild,320.0,3,24,2024,0.0,0.0,320.0,8,160.0,17,5,12,78,0,0,8,814,588,20.0,0.133,0.4303
wide,0.02,- luat thich ung (centre co dinh),can_tho,mild,320.0,4,24,2024,0.0,0.0,320.0,5,100.0,23,8,15,75,0,0,8,824,622,20.0,0.167,1.3608
wide,0.02,- luat thich ung (centre co dinh),can_tho,mild,320.0,5,24,2024,0.0,0.0,320.0,5,100.0,24,9,15,75,0,0,12,884,695,20.0,0.167,1.4272
wide,0.02,- luat thich ung (centre co dinh),can_tho,mild,320.0,6,24,2024,0.0,0.0,320.0,7,140.0,20,8,12,78,0,0,8,815,604,20.0,0.133,0.8607
wide,0.02,- luat thich ung (centre co dinh),can_tho,mild,320.0,7,24,2024,0.0,0.0,320.0,6,120.0,20,8,12,78,0,0,7,822,600,20.0,0.133,0.9622
wide,0.02,- luat thich ung (centre co dinh),can_tho,mild,320.0,8,24,2024,0.0,0.0,320.0,2,40.0,20,4,16,74,0,0,10,803,701,20.0,0.178,1.1385
wide,0.02,- luat thich ung (centre co dinh),can_tho,mild,320.0,9,24,2024,0.0,0.0,320.0,3,60.0,20,6,14,76,0,0,8,821,635,20.0,0.156,1.427
wide,0.02,- luat thich ung (centre co dinh),can_tho,severe,320.0,0,24,2024,0.0,0.0,320.0,1,20.0,50,31,19,71,0,0,9,884,745,20.0,0.211,1.3608
wide,0.02,- luat thich ung (centre co dinh),can_tho,severe,320.0,1,24,2024,0.0,0.0,320.0,3,60.0,57,38,19,71,0,0,11,913,820,20.0,0.211,1.557
wide,0.02,- luat thich ung (centre co dinh),can_tho,severe,320.0,2,24,2024,0.0,0.0,320.0,4,80.0,47,32,15,75,0,0,10,836,645,20.0,0.167,1.5498
wide,0.02,- luat thich ung (centre co dinh),can_tho,severe,320.0,3,24,2024,0.4167,0.0,320.0,4,80.0,73,52,21,69,0,1,10,988,802,21.33,0.233,2.0785
wide,0.02,- luat thich ung (centre co dinh),can_tho,severe,320.0,4,24,2024,0.0,0.0,320.0,4,80.0,52,33,19,71,0,0,10,883,703,20.0,0.211,1.6666
wide,0.02,- luat thich ung (centre co dinh),can_tho,severe,320.0,5,24,2024,0.1852,0.0,320.0,5,100.0,39,24,15,75,0,0,10,938,767,20.0,0.167,1.5515
wide,0.02,- luat thich ung (centre co dinh),can_tho,severe,320.0,6,24,2024,0.3241,0.0,320.0,8,160.0,50,35,15,75,0,0,7,935,744,20.0,0.167,1.6667
wide,0.02,- luat thich ung (centre co dinh),can_tho,severe,320.0,7,24,2024,0.0,0.0,320.0,5,100.0,49,32,17,73,0,1,8,887,674,20.0,0.189,1.5516
wide,0.02,- luat thich ung (centre co dinh),can_tho,severe,320.0,8,24,2024,0.0,0.0,320.0,2,40.0,51,32,19,71,0,0,9,865,739,20.0,0.211,1.1386
wide,0.02,- luat thich ung (centre co dinh),can_tho,severe,320.0,9,24,2024,0.0,0.0,320.0,2,40.0,51,30,21,69,0,0,8,876,690,20.0,0.233,1.61
wide,0.02,- luat thich ung (centre co dinh),soc_trang,mild,320.0,0,24,2024,0.0,0.0,320.0,3,60.0,21,6,15,75,0,0,9,785,817,20.0,0.167,0.9623
wide,0.02,- luat thich ung (centre co dinh),soc_trang,mild,320.0,1,24,2024,0.0,0.0,320.0,4,80.0,19,5,14,76,0,0,8,766,789,20.0,0.156,0.7454
wide,0.02,- luat thich ung (centre co dinh),soc_trang,mild,320.0,2,24,2024,0.0,0.0,320.0,8,160.0,17,5,12,78,0,0,6,726,767,20.0,0.133,0.4303
wide,0.02,- luat thich ung (centre co dinh),soc_trang,mild,320.0,3,24,2024,0.0,0.0,320.0,7,140.0,19,6,13,77,0,0,6,726,767,20.0,0.144,0.7454
wide,0.02,- luat thich ung (centre co dinh),soc_trang,mild,320.0,4,24,2024,0.0,0.0,320.0,5,100.0,17,5,12,78,0,0,6,735,722,20.0,0.133,0.4303
wide,0.02,- luat thich ung (centre co dinh),soc_trang,mild,320.0,5,24,2024,0.0,0.0,320.0,7,140.0,20,7,13,77,0,0,5,737,726,20.0,0.144,0.9622
wide,0.02,- luat thich ung (centre co dinh),soc_trang,mild,320.0,6,24,2024,0.0,0.0,320.0,8,160.0,18,6,12,78,0,0,6,733,726,20.0,0.133,0.6086
wide,0.02,- luat thich ung (centre co dinh),soc_trang,mild,320.0,7,24,2024,0.0,0.0,320.0,6,120.0,18,6,12,78,0,0,5,721,750,20.0,0.133,0.6066
wide,0.02,- luat thich ung (centre co dinh),soc_trang,mild,320.0,8,24,2024,0.0,0.0,320.0,2,40.0,16,2,14,76,0,0,7,734,775,20.0,0.156,0.0
wide,0.02,- luat thich ung (centre co dinh),soc_trang,mild,320.0,9,24,2024,0.0,0.0,320.0,3,60.0,25,7,18,72,0,0,7,782,861,20.0,0.2,1.9234
wide,0.02,- luat thich ung (centre co dinh),soc_trang,severe,320.0,0,24,2024,0.0,0.0,320.0,3,60.0,41,23,18,72,0,0,8,797,862,20.0,0.2,1.2909
wide,0.02,- luat thich ung (centre co dinh),soc_trang,severe,320.0,1,24,2024,0.0,0.0,320.0,3,60.0,62,40,22,68,0,0,11,927,1020,20.0,0.244,1.5535
wide,0.02,- luat thich ung (centre co dinh),soc_trang,severe,320.0,2,24,2024,0.0,0.0,320.0,3,60.0,59,42,17,73,0,0,9,807,811,20.0,0.189,1.4907
wide,0.02,- luat thich ung (centre co dinh),soc_trang,severe,320.0,3,24,2024,0.3241,0.0,320.0,6,120.0,70,49,21,69,0,1,5,239,601,20.0,0.233,1.9357
wide,0.02,- luat thich ung (centre co dinh),soc_trang,severe,320.0,4,24,2024,0.0,0.0,320.0,4,80.0,49,31,18,72,0,0,10,801,858,20.0,0.2,1.4275
wide,0.02,- luat thich ung (centre co dinh),soc_trang,severe,320.0,5,24,2024,0.0,0.0,320.0,5,100.0,38,23,15,75,0,0,10,793,830,20.0,0.167,1.4295
wide,0.02,- luat thich ung (centre co dinh),soc_trang,severe,320.0,6,24,2024,0.0,0.0,320.0,7,140.0,39,26,13,77,0,0,7,860,872,20.0,0.144,1.7731
wide,0.02,- luat thich ung (centre co dinh),soc_trang,severe,320.0,7,24,2024,0.0,0.0,320.0,5,100.0,42,27,15,75,0,0,7,784,816,20.0,0.167,1.2171
wide,0.02,- luat thich ung (centre co dinh),soc_trang,severe,320.0,8,24,2024,0.0,0.0,320.0,2,40.0,33,16,17,73,0,0,9,801,842,20.0,0.189,1.1386
wide,0.02,- luat thich ung (centre co dinh),soc_trang,severe,320.0,9,24,2024,0.0,0.0,320.0,3,60.0,31,17,14,76,0,0,10,769,798,20.0,0.156,1.1383
wide,0.02,- luat thich ung (centre co dinh),ca_mau,mild,320.0,0,24,2024,0.0,0.0,320.0,3,60.0,20,5,15,75,0,0,9,142,475,20.0,0.167,0.8607
wide,0.02,- luat thich ung (centre co dinh),ca_mau,mild,320.0,1,24,2024,0.0,0.0,320.0,4,80.0,20,6,14,76,0,0,9,93,486,20.0,0.156,1.0539
wide,0.02,- luat thich ung (centre co dinh),ca_mau,mild,320.0,2,24,2024,0.0,0.0,320.0,8,160.0,16,5,11,79,0,0,4,43,461,20.0,0.122,0.0
wide,0.02,- luat thich ung (centre co dinh),ca_mau,mild,320.0,3,24,2024,0.0,0.0,320.0,7,140.0,22,9,13,77,0,0,7,101,436,20.0,0.144,1.0541
wide,0.02,- luat thich ung (centre co dinh),ca_mau,mild,320.0,4,24,2024,0.0,0.0,320.0,5,100.0,18,5,13,77,0,0,7,94,425,20.0,0.144,0.6086
wide,0.02,- luat thich ung (centre co dinh),ca_mau,mild,320.0,5,24,2024,0.0,0.0,320.0,5,100.0,24,9,15,75,0,0,9,127,444,20.0,0.167,1.4272
wide,0.02,- luat thich ung (centre co dinh),ca_mau,mild,320.0,6,24,2024,0.0,0.0,320.0,9,180.0,17,6,11,79,0,0,7,81,448,20.0,0.122,0.4303
wide,0.02,- luat thich ung (centre co dinh),ca_mau,mild,320.0,7,24,2024,0.0,0.0,320.0,5,100.0,21,8,13,77,0,0,7,94,435,20.0,0.144,1.2172
wide,0.02,- luat thich ung (centre co dinh),ca_mau,mild,320.0,8,24,2024,0.0,0.0,320.0,2,40.0,20,5,15,75,0,0,8,89,509,20.0,0.167,0.8607
wide,0.02,- luat thich ung (centre co dinh),ca_mau,mild,320.0,9,24,2024,0.0,0.0,320.0,3,60.0,20,6,14,76,0,0,10,109,469,20.0,0.156,1.4271
wide,0.02,- luat thich ung (centre co dinh),ca_mau,severe,320.0,0,24,2024,0.0,0.0,320.0,2,40.0,61,39,22,68,0,0,10,192,584,20.0,0.244,1.6667
wide,0.02,- luat thich ung (centre co dinh),ca_mau,severe,320.0,1,24,2024,0.0,0.0,320.0,3,60.0,57,38,19,71,0,0,10,883,862,20.0,0.211,1.359
wide,0.02,- luat thich ung (centre co dinh),ca_mau,severe,320.0,2,24,2024,0.0,0.0,320.0,6,120.0,33,22,11,79,0,0,7,840,809,20.0,0.122,1.2191
wide,0.02,- luat thich ung (centre co dinh),ca_mau,severe,320.0,3,24,2024,0.0,0.0,300.0,6,120.0,65,47,18,72,0,1,8,294,626,20.0,0.2,1.8327
wide,0.02,- luat thich ung (centre co dinh),ca_mau,severe,320.0,4,24,2024,0.0,0.0,320.0,4,80.0,42,25,17,73,0,0,8,158,526,20.0,0.189,1.6098
wide,0.02,- luat thich ung (centre co dinh),ca_mau,severe,320.0,5,24,2024,0.0,0.0,320.0,6,120.0,31,19,12,78,0,0,7,859,838,20.0,0.133,1.0546
wide,0.02,- luat thich ung (centre co dinh),ca_mau,severe,320.0,6,24,2024,0.0,0.0,320.0,7,140.0,41,27,14,76,0,0,6,868,838,20.0,0.156,1.8247
wide,0.02,- luat thich ung (centre co dinh),ca_mau,severe,320.0,7,24,2024,0.0,0.0,320.0,5,100.0,46,30,16,74,0,1,4,152,450,20.0,0.178,1.8757
wide,0.02,- luat thich ung (centre co dinh),ca_mau,severe,320.0,8,24,2024,0.0,0.0,320.0,2,40.0,41,24,17,73,0,0,8,138,495,20.0,0.189,1.0541
wide,0.02,- luat thich ung (centre co dinh),ca_mau,severe,320.0,9,24,2024,0.0,0.0,320.0,3,60.0,39,22,17,73,0,0,8,169,520,20.0,0.189,1.3608
wide,0.02,Oracle (thong tin hoan hao),can_tho,mild,320.0,0,24,2024,0.0,0.0,260.0,1,40.0,14,4,10,0,0,9,1,991,1188,26.0,0.111,1.6101
wide,0.02,Oracle (thong tin hoan hao),can_tho,mild,320.0,1,24,2024,0.0,0.0,260.0,1,20.0,10,0,10,0,0,9,1,987,1185,26.0,0.111,0.0
wide,0.02,Oracle (thong tin hoan hao),can_tho,mild,320.0,2,24,2024,0.0,0.0,260.0,5,140.0,13,3,10,0,0,9,1,990,1186,26.0,0.111,1.0541
wide,0.02,Oracle (thong tin hoan hao),can_tho,mild,320.0,3,24,2024,0.0,0.0,260.0,4,100.0,20,10,10,0,0,9,1,997,1192,26.0,0.111,2.396
wide,0.02,Oracle (thong tin hoan hao),can_tho,mild,320.0,4,24,2024,0.0,0.0,260.0,2,60.0,14,4,10,0,0,9,1,991,1185,26.0,0.111,0.8607
wide,0.02,Oracle (thong tin hoan hao),can_tho,mild,320.0,5,24,2024,0.0,0.0,260.0,2,60.0,20,10,10,0,0,9,1,997,1185,26.0,0.111,1.3608
wide,0.02,Oracle (thong tin hoan hao),can_tho,mild,320.0,6,24,2024,0.0,0.0,260.0,5,140.0,12,2,10,0,0,9,1,989,1185,26.0,0.111,0.6086
wide,0.02,Oracle (thong tin hoan hao),can_tho,mild,320.0,7,24,2024,0.0,0.0,260.0,3,80.0,14,4,10,0,0,9,1,991,1185,26.0,0.111,1.387
wide,0.02,Oracle (thong tin hoan hao),can_tho,mild,320.0,8,24,2024,0.0,0.0,260.0,1,20.0,10,0,10,0,0,9,1,987,1185,26.0,0.111,0.0
wide,0.02,Oracle (thong tin hoan hao),can_tho,mild,320.0,9,24,2024,0.0,0.0,260.0,2,60.0,18,8,10,0,0,9,1,995,1189,26.0,0.111,2.2106
wide,0.02,Oracle (thong tin hoan hao),can_tho,severe,320.0,0,24,2024,0.0,0.0,260.0,1,40.0,26,16,10,0,0,9,1,1003,1186,26.0,0.111,1.3608
wide,0.02,Oracle (thong tin hoan hao),can_tho,severe,320.0,1,24,2024,0.0,0.0,260.0,0,0.0,30,20,10,0,0,9,1,989,1186,26.0,0.111,1.2172
wide,0.02,Oracle (thong tin hoan hao),can_tho,severe,320.0,2,24,2024,0.0,0.0,260.0,1,20.0,35,25,10,0,0,9,1,993,1198,26.0,0.111,3.5314
wide,0.02,Oracle (thong tin hoan hao),can_tho,severe,320.0,3,24,2024,0.0,0.0,260.0,2,60.0,27,17,10,0,0,9,1,1004,1186,26.0,0.111,1.4272
wide,0.02,Oracle (thong tin hoan hao),can_tho,severe,320.0,4,24,2024,0.0,0.0,260.0,1,40.0,21,11,10,0,0,9,1,998,1186,26.0,0.111,0.8607
wide,0.02,Oracle (thong tin hoan hao),can_tho,severe,320.0,5,24,2024,0.0,0.0,260.0,2,40.0,17,7,10,0,0,9,1,994,1188,26.0,0.111,1.4272
wide,0.02,Oracle (thong tin hoan hao),can_tho,severe,320.0,6,24,2024,0.0,0.0,260.0,4,120.0,40,30,10,0,0,9,1,1007,1186,26.0,0.111,2.0638
wide,0.02,Oracle (thong tin hoan hao),can_tho,severe,320.0,7,24,2024,0.0,0.0,260.0,3,80.0,25,15,10,0,0,8,2,988,1186,26.0,0.111,1.9696
wide,0.02,Oracle (thong tin hoan hao),can_tho,severe,320.0,8,24,2024,0.0,0.0,260.0,0,0.0,37,27,10,0,0,9,1,1010,1189,26.0,0.111,2.1994
wide,0.02,Oracle (thong tin hoan hao),can_tho,severe,320.0,9,24,2024,0.0,0.0,260.0,1,20.0,18,8,10,0,0,9,1,995,1187,26.0,0.111,0.9623
wide,0.02,Oracle (thong tin hoan hao),soc_trang,mild,320.0,0,24,2024,0.0,0.0,260.0,1,40.0,15,5,10,0,0,7,3,900,1165,26.0,0.111,1.4272
wide,0.02,Oracle (thong tin hoan hao),soc_trang,mild,320.0,1,24,2024,0.0,0.0,260.0,1,20.0,13,3,10,0,0,7,3,898,1165,26.0,0.111,1.291
wide,0.02,Oracle (thong tin hoan hao),soc_trang,mild,320.0,2,24,2024,0.0,0.0,260.0,5,160.0,13,3,10,0,0,7,3,898,1163,26.0,0.111,0.7454
wide,0.02,Oracle (thong tin hoan hao),soc_trang,mild,320.0,3,24,2024,0.0,0.0,260.0,4,120.0,16,6,10,0,0,7,3,901,1163,26.0,0.111,1.1386
wide,0.02,Oracle (thong tin hoan hao),soc_trang,mild,320.0,4,24,2024,0.0,0.0,260.0,2,60.0,10,0,10,0,0,7,3,895,1163,26.0,0.111,0.0
wide,0.02,Oracle (thong tin hoan hao),soc_trang,mild,320.0,5,24,2024,0.0,0.0,260.0,4,120.0,10,0,10,0,0,7,3,895,1163,26.0,0.111,0.0
wide,0.02,Oracle (thong tin hoan hao),soc_trang,mild,320.0,6,24,2024,0.0,0.0,260.0,6,180.0,10,0,10,0,0,7,3,895,1163,26.0,0.111,0.0
wide,0.02,Oracle (thong tin hoan hao),soc_trang,mild,320.0,7,24,2024,0.0,0.0,260.0,3,100.0,11,1,10,0,0,7,3,896,1163,26.0,0.111,0.4303
wide,0.02,Oracle (thong tin hoan hao),soc_trang,mild,320.0,8,24,2024,0.0,0.0,260.0,1,20.0,14,4,10,0,0,7,3,899,1166,26.0,0.111,1.5516
wide,0.02,Oracle (thong tin hoan hao),soc_trang,mild,320.0,9,24,2024,0.0,0.0,260.0,2,60.0,15,5,10,0,0,7,3,900,1163,26.0,0.111,0.9623
wide,0.02,Oracle (thong tin hoan hao),soc_trang,severe,320.0,0,24,2024,0.0,0.0,260.0,0,0.0,31,21,10,0,0,7,3,913,1163,26.0,0.111,2.7673
wide,0.02,Oracle (thong tin hoan hao),soc_trang,severe,320.0,1,24,2024,0.0,0.0,260.0,0,0.0,29,19,10,0,0,7,3,914,1167,26.0,0.111,1.5934
wide,0.02,Oracle (thong tin hoan hao),soc_trang,severe,320.0,2,24,2024,0.0,0.0,260.0,4,120.0,23,13,10,0,0,7,3,908,1164,26.0,0.111,1.7213
wide,0.02,Oracle (thong tin hoan hao),soc_trang,severe,320.0,3,24,2024,0.0,0.0,260.0,3,80.0,37,27,10,0,0,7,3,913,1145,26.0,0.111,2.5437
wide,0.02,Oracle (thong tin hoan hao),soc_trang,severe,320.0,4,24,2024,0.0,0.0,260.0,1,40.0,62,52,10,0,0,7,2,890,1181,26.0,0.111,3.9598
wide,0.02,Oracle (thong tin hoan hao),soc_trang,severe,320.0,5,24,2024,0.0,0.0,260.0,2,60.0,26,16,10,0,0,7,3,911,1166,26.0,0.111,1.4272
wide,0.02,Oracle (thong tin hoan hao),soc_trang,severe,320.0,6,24,2024,0.0,0.0,260.0,4,120.0,24,14,10,0,0,7,3,909,1164,26.0,0.111,2.0466
wide,0.02,Oracle (thong tin hoan hao),soc_trang,severe,320.0,7,24,2024,0.0,0.0,260.0,1,20.0,28,18,10,0,0,7,3,913,1175,26.0,0.111,2.4244
wide,0.02,Oracle (thong tin hoan hao),soc_trang,severe,320.0,8,24,2024,0.0,0.0,260.0,0,0.0,39,29,10,0,0,7,3,917,1148,26.0,0.111,1.8744
wide,0.02,Oracle (thong tin hoan hao),soc_trang,severe,320.0,9,24,2024,0.0,0.0,260.0,0,0.0,31,21,10,0,0,7,3,915,1174,26.0,0.111,2.9482
wide,0.02,Oracle (thong tin hoan hao),ca_mau,mild,320.0,0,24,2024,0.0,0.0,260.0,0,0.0,17,7,10,0,0,6,4,762,1024,26.0,0.111,2.1517
wide,0.02,Oracle (thong tin hoan hao),ca_mau,mild,320.0,1,24,2024,0.0,0.0,260.0,1,20.0,14,4,10,0,0,6,4,759,1020,26.0,0.111,1.2171
wide,0.02,Oracle (thong tin hoan hao),ca_mau,mild,320.0,2,24,2024,0.0,0.0,260.0,6,160.0,12,2,10,0,0,6,4,757,1018,26.0,0.111,0.9745
wide,0.02,Oracle (thong tin hoan hao),ca_mau,mild,320.0,3,24,2024,0.0,0.0,260.0,5,140.0,10,0,10,0,0,6,4,755,1017,26.0,0.111,0.0
wide,0.02,Oracle (thong tin hoan hao),ca_mau,mild,320.0,4,24,2024,0.0,0.0,260.0,2,60.0,12,2,10,0,0,6,4,757,1019,26.0,0.111,1.2172
wide,0.02,Oracle (thong tin hoan hao),ca_mau,mild,320.0,5,24,2024,0.0,0.0,260.0,4,120.0,11,1,10,0,0,6,4,756,1018,26.0,0.111,0.8607
wide,0.02,Oracle (thong tin hoan hao),ca_mau,mild,320.0,6,24,2024,0.0,0.0,260.0,6,160.0,10,0,10,0,0,6,4,755,1017,26.0,0.111,0.0
wide,0.02,Oracle (thong tin hoan hao),ca_mau,mild,320.0,7,24,2024,0.0,0.0,260.0,4,100.0,15,5,10,0,0,6,4,759,1017,26.0,0.111,0.9623
wide,0.02,Oracle (thong tin hoan hao),ca_mau,mild,320.0,8,24,2024,0.0,0.0,260.0,0,0.0,15,5,10,0,0,6,4,759,1018,26.0,0.111,1.2172
wide,0.02,Oracle (thong tin hoan hao),ca_mau,mild,320.0,9,24,2024,0.0,0.0,260.0,2,60.0,11,1,10,0,0,6,4,756,1018,26.0,0.111,0.8607
wide,0.02,Oracle (thong tin hoan hao),ca_mau,severe,320.0,0,24,2024,0.0,0.0,260.0,1,20.0,28,18,10,0,0,5,5,771,1018,26.0,0.111,1.4907
wide,0.02,Oracle (thong tin hoan hao),ca_mau,severe,320.0,1,24,2024,0.0,0.0,260.0,0,0.0,33,23,10,0,0,6,4,777,1035,26.0,0.111,2.1047
wide,0.02,Oracle (thong tin hoan hao),ca_mau,severe,320.0,2,24,2024,0.0,0.0,260.0,1,40.0,26,16,10,0,0,6,4,770,1022,26.0,0.111,2.0184
wide,0.02,Oracle (thong tin hoan hao),ca_mau,severe,320.0,3,24,2024,0.0,0.0,260.0,0,0.0,42,32,10,0,0,6,4,786,1027,26.0,0.111,2.0184
wide,0.02,Oracle (thong tin hoan hao),ca_mau,severe,320.0,4,24,2024,0.0,0.0,260.0,1,40.0,25,15,10,0,0,6,4,768,1019,26.0,0.111,1.6101
wide,0.02,Oracle (thong tin hoan hao),ca_mau,severe,320.0,5,24,2024,0.0,0.0,260.0,3,100.0,21,11,10,0,0,6,4,766,1024,26.0,0.111,2.1136
wide,0.02,Oracle (thong tin hoan hao),ca_mau,severe,320.0,6,24,2024,0.0,0.0,260.0,2,40.0,33,23,10,0,0,6,4,777,1029,26.0,0.111,2.1997
wide,0.02,Oracle (thong tin hoan hao),ca_mau,severe,320.0,7,24,2024,0.0,0.0,260.0,1,40.0,43,33,10,0,0,6,3,734,1016,26.0,0.111,3.4265
wide,0.02,Oracle (thong tin hoan hao),ca_mau,severe,320.0,8,24,2024,0.0,0.0,260.0,0,0.0,29,19,10,0,0,6,4,774,1025,26.0,0.111,1.4272
wide,0.02,Oracle (thong tin hoan hao),ca_mau,severe,320.0,9,24,2024,0.0,0.0,260.0,1,20.0,23,13,10,0,0,6,4,765,1027,26.0,0.111,2.2775
wide,0.02,FULL (de xuat),can_tho,mild,inf,0,24,2024,0.0,0.0,380.0,4,80.0,25,7,18,72,0,0,10,132,532,20.0,0.2,1.0541
wide,0.02,FULL (de xuat),can_tho,mild,inf,1,24,2024,0.0,0.0,360.0,3,60.0,25,7,18,72,0,0,8,110,469,20.0,0.2,1.1386
wide,0.02,FULL (de xuat),can_tho,mild,inf,2,24,2024,0.0,0.0,360.0,8,160.0,19,6,13,77,0,0,9,92,387,20.0,0.144,0.4303
wide,0.02,FULL (de xuat),can_tho,mild,inf,3,24,2024,0.0,0.0,360.0,9,180.0,19,6,13,77,0,0,9,95,377,20.0,0.144,0.4303
wide,0.02,FULL (de xuat),can_tho,mild,inf,4,24,2024,0.0,0.0,360.0,6,120.0,25,9,16,74,0,0,8,115,436,20.0,0.178,1.3608
wide,0.02,FULL (de xuat),can_tho,mild,inf,5,24,2024,0.0,0.0,340.0,6,120.0,25,10,15,75,0,0,12,198,549,20.0,0.167,1.4272
wide,0.02,FULL (de xuat),can_tho,mild,inf,6,24,2024,0.0,0.0,360.0,9,180.0,23,10,13,77,0,0,9,96,390,20.0,0.144,1.0541
wide,0.02,FULL (de xuat),can_tho,mild,inf,7,24,2024,0.0,0.0,360.0,8,160.0,22,9,13,77,0,0,8,102,388,20.0,0.144,0.9622
wide,0.02,FULL (de xuat),can_tho,mild,inf,8,24,2024,0.0,0.0,360.0,3,60.0,22,5,17,73,0,0,10,93,504,20.0,0.189,1.1385
wide,0.02,FULL (de xuat),can_tho,mild,inf,9,24,2024,0.0,0.0,360.0,3,60.0,22,6,16,74,0,0,8,111,463,20.0,0.178,1.427
wide,0.02,FULL (de xuat),can_tho,severe,inf,0,24,2024,0.0,0.0,340.0,1,20.0,52,32,20,70,0,0,10,214,618,20.0,0.222,1.3608
wide,0.02,FULL (de xuat),can_tho,severe,inf,1,24,2024,0.0,0.0,360.0,3,60.0,72,49,23,67,0,0,13,233,666,20.0,0.256,1.7263
wide,0.02,FULL (de xuat),can_tho,severe,inf,2,24,2024,0.0,0.0,360.0,4,80.0,54,37,17,73,0,0,10,124,480,20.0,0.189,1.5498
wide,0.02,FULL (de xuat),can_tho,severe,inf,3,24,2024,0.4167,0.0,340.0,5,100.0,74,53,21,69,0,1,10,303,654,21.25,0.233,2.0785
wide,0.02,FULL (de xuat),can_tho,severe,inf,4,24,2024,0.0,0.0,360.0,5,100.0,56,36,20,70,0,0,11,213,578,20.0,0.222,1.7213
wide,0.02,FULL (de xuat),can_tho,severe,inf,5,24,2024,0.0,0.0,380.0,6,120.0,47,30,17,73,0,0,11,195,537,20.0,0.189,1.6101
wide,0.02,FULL (de xuat),can_tho,severe,inf,6,24,2024,0.0,0.0,380.0,11,220.0,55,39,16,74,0,0,8,168,488,20.0,0.178,1.9254
wide,0.02,FULL (de xuat),can_tho,severe,inf,7,24,2024,0.0,0.0,360.0,7,140.0,51,33,18,72,0,1,9,216,551,20.0,0.2,1.7212
wide,0.02,FULL (de xuat),can_tho,severe,inf,8,24,2024,0.0,0.0,340.0,3,60.0,52,32,20,70,0,0,10,194,611,20.0,0.222,1.1386
wide,0.02,FULL (de xuat),can_tho,severe,inf,9,24,2024,0.0,0.0,340.0,2,40.0,52,30,22,68,0,0,9,205,574,20.0,0.244,1.61
wide,0.02,FULL (de xuat),soc_trang,mild,inf,0,24,2024,0.0,0.0,340.0,3,60.0,22,6,16,74,0,0,10,138,493,20.0,0.178,0.9623
wide,0.02,FULL (de xuat),soc_trang,mild,inf,1,24,2024,0.0,0.0,340.0,4,80.0,20,5,15,75,0,0,9,119,465,20.0,0.167,0.7454
wide,0.02,FULL (de xuat),soc_trang,mild,inf,2,24,2024,0.0,0.0,340.0,8,160.0,18,5,13,77,0,0,6,64,449,20.0,0.144,0.4303
wide,0.02,FULL (de xuat),soc_trang,mild,inf,3,24,2024,0.0,0.0,360.0,8,160.0,23,8,15,75,0,0,7,79,443,20.0,0.167,0.9623
wide,0.02,FULL (de xuat),soc_trang,mild,inf,4,24,2024,0.0,0.0,360.0,6,120.0,19,6,13,77,0,0,7,64,374,20.0,0.144,0.4303
wide,0.02,FULL (de xuat),soc_trang,mild,inf,5,24,2024,0.0,0.0,340.0,8,160.0,21,8,13,77,0,0,5,76,394,20.0,0.144,0.9622
wide,0.02,FULL (de xuat),soc_trang,mild,inf,6,24,2024,0.0,0.0,360.0,10,200.0,21,8,13,77,0,0,7,62,378,20.0,0.144,0.7439
wide,0.02,FULL (de xuat),soc_trang,mild,inf,7,24,2024,0.0,0.0,360.0,8,160.0,21,8,13,77,0,0,6,50,402,20.0,0.144,0.7423
wide,0.02,FULL (de xuat),soc_trang,mild,inf,8,24,2024,0.0,0.0,340.0,3,60.0,17,3,14,76,0,0,7,73,436,20.0,0.156,0.0
wide,0.02,FULL (de xuat),soc_trang,mild,inf,9,24,2024,0.0,0.0,340.0,3,60.0,26,7,19,71,0,0,8,159,584,20.0,0.211,1.9234
wide,0.02,FULL (de xuat),soc_trang,severe,inf,0,24,2024,0.0,0.0,340.0,3,60.0,43,24,19,71,0,0,9,175,584,20.0,0.211,1.2909
wide,0.02,FULL (de xuat),soc_trang,severe,inf,1,24,2024,0.0,0.0,340.0,3,60.0,65,42,23,67,0,0,11,287,698,20.0,0.256,1.5535
wide,0.02,FULL (de xuat),soc_trang,severe,inf,2,24,2024,0.0,0.0,340.0,3,60.0,63,45,18,72,0,0,9,172,510,20.0,0.2,1.4907
wide,0.02,FULL (de xuat),soc_trang,severe,inf,3,24,2024,0.3241,0.0,320.0,6,120.0,70,49,21,69,0,1,5,239,601,20.0,0.233,1.9357
wide,0.02,FULL (de xuat),soc_trang,severe,inf,4,24,2024,0.0,0.0,360.0,5,100.0,52,33,19,71,0,0,11,178,581,20.0,0.211,1.491
wide,0.02,FULL (de xuat),soc_trang,severe,inf,5,24,2024,0.0,0.0,340.0,6,120.0,40,25,15,75,0,0,10,138,473,20.0,0.167,1.4295
wide,0.02,FULL (de xuat),soc_trang,severe,inf,6,24,2024,0.0,0.0,420.0,11,220.0,45,31,14,76,0,0,7,128,469,20.0,0.156,1.8749
wide,0.02,FULL (de xuat),soc_trang,severe,inf,7,24,2024,0.0,0.0,340.0,5,100.0,46,30,16,74,0,0,8,138,493,20.0,0.178,1.3608
wide,0.02,FULL (de xuat),soc_trang,severe,inf,8,24,2024,0.0,0.0,340.0,2,40.0,37,19,18,72,0,0,9,165,537,20.0,0.2,1.2172
wide,0.02,FULL (de xuat),soc_trang,severe,inf,9,24,2024,0.0,0.0,340.0,3,60.0,34,19,15,75,0,0,11,124,476,20.0,0.167,1.1383
wide,0.02,FULL (de xuat),ca_mau,mild,inf,0,24,2024,0.0,0.0,320.0,3,60.0,20,5,15,75,0,0,9,142,475,20.0,0.167,0.8607
wide,0.02,FULL (de xuat),ca_mau,mild,inf,1,24,2024,0.0,0.0,320.0,4,80.0,20,6,14,76,0,0,9,93,486,20.0,0.156,1.0539
wide,0.02,FULL (de xuat),ca_mau,mild,inf,2,24,2024,0.0,0.0,340.0,8,160.0,17,5,12,78,0,0,4,43,378,20.0,0.133,0.0
wide,0.02,FULL (de xuat),ca_mau,mild,inf,3,24,2024,0.0,0.0,320.0,7,140.0,22,9,13,77,0,0,7,101,436,20.0,0.144,1.0541
wide,0.02,FULL (de xuat),ca_mau,mild,inf,4,24,2024,0.0,0.0,320.0,5,100.0,18,5,13,77,0,0,7,94,425,20.0,0.144,0.6086
wide,0.02,FULL (de xuat),ca_mau,mild,inf,5,24,2024,0.0,0.0,340.0,6,120.0,25,10,15,75,0,0,9,127,442,20.0,0.167,1.4272
wide,0.02,FULL (de xuat),ca_mau,mild,inf,6,24,2024,0.0,0.0,340.0,10,200.0,18,7,11,79,0,0,7,81,371,20.0,0.122,0.4303
wide,0.02,FULL (de xuat),ca_mau,mild,inf,7,24,2024,0.0,0.0,340.0,6,120.0,22,9,13,77,0,0,7,94,377,20.0,0.144,1.2172
wide,0.02,FULL (de xuat),ca_mau,mild,inf,8,24,2024,0.0,0.0,340.0,3,60.0,21,6,15,75,0,0,8,89,459,20.0,0.167,0.8607
wide,0.02,FULL (de xuat),ca_mau,mild,inf,9,24,2024,0.0,0.0,320.0,3,60.0,20,6,14,76,0,0,10,109,469,20.0,0.156,1.4271
wide,0.02,FULL (de xuat),ca_mau,severe,inf,0,24,2024,0.0,0.0,320.0,2,40.0,61,39,22,68,0,0,10,192,584,20.0,0.244,1.6667
wide,0.02,FULL (de xuat),ca_mau,severe,inf,1,24,2024,0.0,0.0,340.0,3,60.0,60,40,20,70,0,0,10,245,616,20.0,0.222,1.359
wide,0.02,FULL (de xuat),ca_mau,severe,inf,2,24,2024,0.0,0.0,360.0,6,120.0,37,24,13,77,0,0,8,94,428,20.0,0.144,1.2191
wide,0.02,FULL (de xuat),ca_mau,severe,inf,3,24,2024,0.0,0.0,300.0,6,120.0,65,47,18,72,0,1,8,294,626,20.0,0.2,1.8327
wide,0.02,FULL (de xuat),ca_mau,severe,inf,4,24,2024,0.0,0.0,320.0,4,80.0,42,25,17,73,0,0,8,158,526,20.0,0.189,1.6098
wide,0.02,FULL (de xuat),ca_mau,severe,inf,5,24,2024,0.0,0.0,380.0,7,140.0,39,25,14,76,0,0,9,109,459,20.0,0.156,1.1391
wide,0.02,FULL (de xuat),ca_mau,severe,inf,6,24,2024,0.0,0.0,380.0,10,200.0,45,30,15,75,0,0,7,101,445,20.0,0.167,1.9235
wide,0.02,FULL (de xuat),ca_mau,severe,inf,7,24,2024,0.0,0.0,360.0,7,140.0,48,32,16,74,0,1,4,152,450,20.0,0.178,2.0164
wide,0.02,FULL (de xuat),ca_mau,severe,inf,8,24,2024,0.0,0.0,340.0,3,60.0,42,25,17,73,0,0,8,138,494,20.0,0.189,1.0541
wide,0.02,FULL (de xuat),ca_mau,severe,inf,9,24,2024,0.0,0.0,320.0,3,60.0,39,22,17,73,0,0,8,169,520,20.0,0.189,1.3608
wide,0.02,- whatif (twin->predictor),can_tho,mild,inf,0,24,2024,0.0,0.0,4380.0,27,1620.0,100,36,64,26,0,0,0,0,0,60.0,0.711,0.8443
wide,0.02,- whatif (twin->predictor),can_tho,mild,inf,1,24,2024,0.0,0.0,4200.0,17,1020.0,85,21,64,26,0,0,0,0,0,60.0,0.711,0.5087
wide,0.02,- whatif (twin->predictor),can_tho,mild,inf,2,24,2024,0.0,0.0,4440.0,23,1380.0,93,28,65,25,0,0,0,0,0,60.0,0.722,0.6061
wide,0.02,- whatif (twin->predictor),can_tho,mild,inf,3,24,2024,0.0,0.0,4560.0,31,1860.0,97,33,64,26,0,0,0,0,0,60.0,0.711,0.6516
wide,0.02,- whatif (twin->predictor),can_tho,mild,inf,4,24,2024,0.0,0.0,4800.0,26,1560.0,88,24,64,26,0,0,0,0,0,60.0,0.711,0.4968
wide,0.02,- whatif (twin->predictor),can_tho,mild,inf,5,24,2024,0.0,0.0,4500.0,28,1680.0,93,29,64,26,0,0,0,0,0,60.0,0.711,0.6455
wide,0.02,- whatif (twin->predictor),can_tho,mild,inf,6,24,2024,0.0,0.0,5040.0,34,2040.0,98,34,64,26,0,0,0,0,0,60.0,0.711,0.4005
wide,0.02,- whatif (twin->predictor),can_tho,mild,inf,7,24,2024,0.0,0.0,4560.0,24,1440.0,94,30,64,26,0,0,0,0,0,60.0,0.711,0.5157
wide,0.02,- whatif (twin->predictor),can_tho,mild,inf,8,24,2024,0.0,0.0,4380.0,21,1260.0,88,24,64,26,0,0,0,0,0,60.0,0.711,0.5263
wide,0.02,- whatif (twin->predictor),can_tho,mild,inf,9,24,2024,0.0,0.0,4560.0,22,1320.0,95,31,64,26,0,0,0,0,0,60.0,0.711,0.8178
wide,0.02,- whatif (twin->predictor),can_tho,severe,inf,0,24,2024,0.0,0.0,3720.0,20,1200.0,177,113,64,26,0,0,0,0,0,60.0,0.711,1.076
wide,0.02,- whatif (twin->predictor),can_tho,severe,inf,1,24,2024,0.0,0.0,3180.0,10,600.0,189,124,65,25,0,0,0,0,0,60.0,0.722,1.53
wide,0.02,- whatif (twin->predictor),can_tho,severe,inf,2,24,2024,0.0,0.0,4320.0,20,1200.0,168,104,64,26,0,0,0,0,0,60.0,0.711,0.879
wide,0.02,- whatif (twin->predictor),can_tho,severe,inf,3,24,2024,0.0,0.0,3660.0,21,1260.0,194,130,64,26,0,0,1,12,36,60.0,0.711,1.7907
wide,0.02,- whatif (twin->predictor),can_tho,severe,inf,4,24,2024,0.0,0.0,3660.0,14,840.0,168,104,64,26,0,0,0,0,0,60.0,0.711,1.0942
wide,0.02,- whatif (twin->predictor),can_tho,severe,inf,5,24,2024,0.0,0.0,4380.0,21,1260.0,166,101,65,25,0,0,0,0,0,60.0,0.722,0.7983
wide,0.02,- whatif (twin->predictor),can_tho,severe,inf,6,24,2024,0.0,0.0,3600.0,17,1020.0,181,117,64,26,0,0,0,0,0,60.0,0.711,1.1462
wide,0.02,- whatif (twin->predictor),can_tho,severe,inf,7,24,2024,0.0,0.0,3720.0,17,1020.0,186,122,64,26,0,0,0,0,0,60.0,0.711,1.3382
wide,0.02,- whatif (twin->predictor),can_tho,severe,inf,8,24,2024,0.0,0.0,3480.0,16,960.0,178,114,64,26,0,0,0,0,0,60.0,0.711,1.1998
wide,0.02,- whatif (twin->predictor),can_tho,severe,inf,9,24,2024,0.0,0.0,3540.0,13,780.0,161,97,64,26,0,0,0,0,0,60.0,0.711,1.0691
wide,0.02,- whatif (twin->predictor),soc_trang,mild,inf,0,24,2024,0.0,0.0,4500.0,24,1440.0,100,35,65,25,0,0,0,0,0,60.0,0.722,0.8364
wide,0.02,- whatif (twin->predictor),soc_trang,mild,inf,1,24,2024,0.0,0.0,4440.0,16,960.0,87,22,65,25,0,0,0,0,0,60.0,0.722,0.4646
wide,0.02,- whatif (twin->predictor),soc_trang,mild,inf,2,24,2024,0.0,0.0,4440.0,23,1380.0,93,29,64,26,0,0,0,0,0,60.0,0.711,0.5811
wide,0.02,- whatif (twin->predictor),soc_trang,mild,inf,3,24,2024,0.0,0.0,4680.0,30,1800.0,99,34,65,25,0,0,0,0,0,60.0,0.722,0.5831
wide,0.02,- whatif (twin->predictor),soc_trang,mild,inf,4,24,2024,0.0,0.0,4740.0,25,1500.0,92,26,66,24,0,0,0,0,0,60.0,0.733,0.5024
wide,0.02,- whatif (twin->predictor),soc_trang,mild,inf,5,24,2024,0.0,0.0,4500.0,27,1620.0,95,30,65,25,0,0,0,0,0,60.0,0.722,0.605
wide,0.02,- whatif (twin->predictor),soc_trang,mild,inf,6,24,2024,0.0,0.0,4980.0,33,1980.0,99,34,65,25,0,0,0,0,0,60.0,0.722,0.4127
wide,0.02,- whatif (twin->predictor),soc_trang,mild,inf,7,24,2024,0.0,0.0,4500.0,23,1380.0,96,31,65,25,0,0,0,0,0,60.0,0.722,0.5388
wide,0.02,- whatif (twin->predictor),soc_trang,mild,inf,8,24,2024,0.0,0.0,4620.0,21,1260.0,94,28,66,24,0,0,0,0,0,60.0,0.733,0.5518
wide,0.02,- whatif (twin->predictor),soc_trang,mild,inf,9,24,2024,0.0,0.0,4560.0,22,1320.0,96,31,65,25,0,0,0,0,0,60.0,0.722,0.7825
wide,0.02,- whatif (twin->predictor),soc_trang,severe,inf,0,24,2024,0.0,0.0,3720.0,17,1020.0,183,117,66,24,0,0,0,0,0,60.0,0.733,1.1016
wide,0.02,- whatif (twin->predictor),soc_trang,severe,inf,1,24,2024,0.0,0.0,3240.0,10,600.0,197,130,67,23,0,0,0,0,0,60.0,0.744,1.4989
wide,0.02,- whatif (twin->predictor),soc_trang,severe,inf,2,24,2024,0.0,0.0,4320.0,20,1200.0,174,110,64,26,0,0,0,0,0,60.0,0.711,0.8792
wide,0.02,- whatif (twin->predictor),soc_trang,severe,inf,3,24,2024,0.0,0.0,4020.0,25,1500.0,191,126,65,25,0,0,0,0,34,60.0,0.722,1.9363
wide,0.02,- whatif (twin->predictor),soc_trang,severe,inf,4,24,2024,0.0,0.0,3720.0,15,900.0,177,110,67,23,0,0,0,0,0,60.0,0.744,1.0735
wide,0.02,- whatif (twin->predictor),soc_trang,severe,inf,5,24,2024,0.0,0.0,4380.0,24,1440.0,181,114,67,23,0,0,0,0,0,60.0,0.744,0.8278
wide,0.02,- whatif (twin->predictor),soc_trang,severe,inf,6,24,2024,0.0,0.0,3840.0,19,1140.0,178,113,65,25,0,0,0,0,0,60.0,0.722,0.9849
wide,0.02,- whatif (twin->predictor),soc_trang,severe,inf,7,24,2024,0.0,0.0,3840.0,17,1020.0,192,125,67,23,0,0,0,0,0,60.0,0.744,1.2716
wide,0.02,- whatif (twin->predictor),soc_trang,severe,inf,8,24,2024,0.0,0.0,3600.0,17,1020.0,181,115,66,24,0,0,0,0,0,60.0,0.733,1.1157
wide,0.02,- whatif (twin->predictor),soc_trang,severe,inf,9,24,2024,0.0,0.0,3540.0,13,780.0,172,105,67,23,0,0,0,0,0,60.0,0.744,1.0356
wide,0.02,- whatif (twin->predictor),ca_mau,mild,inf,0,24,2024,0.0,0.0,4320.0,24,1440.0,99,36,63,27,0,0,0,0,0,60.0,0.7,0.7949
wide,0.02,- whatif (twin->predictor),ca_mau,mild,inf,1,24,2024,0.0,0.0,4320.0,17,1020.0,84,21,63,27,0,0,0,0,0,60.0,0.7,0.4443
wide,0.02,- whatif (twin->predictor),ca_mau,mild,inf,2,24,2024,0.0,0.0,4560.0,24,1440.0,95,32,63,27,0,0,0,0,0,60.0,0.7,0.6184
wide,0.02,- whatif (twin->predictor),ca_mau,mild,inf,3,24,2024,0.0,0.0,4620.0,32,1920.0,98,35,63,27,0,0,0,0,0,60.0,0.7,0.6854
wide,0.02,- whatif (twin->predictor),ca_mau,mild,inf,4,24,2024,0.0,0.0,4620.0,25,1500.0,90,26,64,26,0,0,0,0,0,60.0,0.711,0.5331
wide,0.02,- whatif (twin->predictor),ca_mau,mild,inf,5,24,2024,0.0,0.0,4620.0,29,1740.0,93,30,63,27,0,0,0,0,0,60.0,0.7,0.5525
wide,0.02,- whatif (twin->predictor),ca_mau,mild,inf,6,24,2024,0.0,0.0,5100.0,35,2100.0,97,34,63,27,0,0,0,0,0,60.0,0.7,0.412
wide,0.02,- whatif (twin->predictor),ca_mau,mild,inf,7,24,2024,0.0,0.0,4560.0,23,1380.0,95,32,63,27,0,0,0,0,0,60.0,0.7,0.5921
wide,0.02,- whatif (twin->predictor),ca_mau,mild,inf,8,24,2024,0.0,0.0,4260.0,20,1200.0,88,25,63,27,0,0,0,0,0,60.0,0.7,0.5515
wide,0.02,- whatif (twin->predictor),ca_mau,mild,inf,9,24,2024,0.0,0.0,4080.0,17,1020.0,89,26,63,27,0,0,0,0,0,60.0,0.7,0.7729
wide,0.02,- whatif (twin->predictor),ca_mau,severe,inf,0,24,2024,0.0,0.0,3840.0,19,1140.0,177,112,65,25,0,0,0,0,0,60.0,0.722,1.0087
wide,0.02,- whatif (twin->predictor),ca_mau,severe,inf,1,24,2024,0.0,0.0,3000.0,9,540.0,185,122,63,27,0,0,0,0,0,60.0,0.7,1.3977
wide,0.02,- whatif (twin->predictor),ca_mau,severe,inf,2,24,2024,0.0,0.0,4080.0,16,960.0,174,111,63,27,0,0,0,0,0,60.0,0.7,0.7907
wide,0.02,- whatif (twin->predictor),ca_mau,severe,inf,3,24,2024,0.0,0.0,3840.0,23,1380.0,189,126,63,27,0,0,0,0,34,60.0,0.7,1.9014
wide,0.02,- whatif (twin->predictor),ca_mau,severe,inf,4,24,2024,0.0,0.0,3480.0,12,720.0,170,106,64,26,0,0,0,0,0,60.0,0.711,1.0456
wide,0.02,- whatif (twin->predictor),ca_mau,severe,inf,5,24,2024,0.0,0.0,4380.0,22,1320.0,175,111,64,26,0,0,0,0,0,60.0,0.711,0.8518
wide,0.02,- whatif (twin->predictor),ca_mau,severe,inf,6,24,2024,0.0,0.0,3720.0,18,1080.0,170,107,63,27,0,0,0,0,0,60.0,0.7,0.9582
wide,0.02,- whatif (twin->predictor),ca_mau,severe,inf,7,24,2024,0.0,0.0,3600.0,17,1020.0,188,123,65,25,0,0,0,0,0,60.0,0.722,1.2386
wide,0.02,- whatif (twin->predictor),ca_mau,severe,inf,8,24,2024,0.0,0.0,3480.0,15,900.0,175,110,65,25,0,0,0,0,0,60.0,0.722,1.0873
wide,0.02,- whatif (twin->predictor),ca_mau,severe,inf,9,24,2024,0.0,0.0,3360.0,12,720.0,160,97,63,27,0,0,0,0,0,60.0,0.7,0.9705
wide,0.02,- T2 (gui lai mu),can_tho,mild,inf,0,24,2024,0.0,0.0,380.0,4,80.0,26,11,15,75,0,0,9,98,442,20.0,0.167,1.1386
wide,0.02,- T2 (gui lai mu),can_tho,mild,inf,1,24,2024,0.0,0.0,400.0,4,80.0,29,13,16,74,0,0,9,96,475,20.0,0.178,1.7072
wide,0.02,- T2 (gui lai mu),can_tho,mild,inf,2,24,2024,0.0,0.0,440.0,9,180.0,28,15,13,77,0,0,9,690,443,20.0,0.144,0.7454
wide,0.02,- T2 (gui lai mu),can_tho,mild,inf,3,24,2024,0.0,0.0,400.0,10,200.0,23,13,10,80,0,0,8,83,369,20.0,0.111,0.6163
wide,0.02,- T2 (gui lai mu),can_tho,mild,inf,4,24,2024,0.0,0.0,380.0,6,120.0,30,17,13,77,0,0,7,72,389,20.0,0.144,1.6197
wide,0.02,- T2 (gui lai mu),can_tho,mild,inf,5,24,2024,0.0,0.0,420.0,9,180.0,32,20,12,78,0,0,4,48,337,20.0,0.133,1.43
wide,0.02,- T2 (gui lai mu),can_tho,mild,inf,6,24,2024,0.0,0.0,520.0,15,300.0,27,16,11,79,0,0,8,81,368,20.0,0.122,0.4303
wide,0.02,- T2 (gui lai mu),can_tho,mild,inf,7,24,2024,0.0,0.0,380.0,8,160.0,23,12,11,79,0,0,8,87,363,20.0,0.122,0.9622
wide,0.02,- T2 (gui lai mu),can_tho,mild,inf,8,24,2024,0.0,0.0,360.0,3,60.0,22,7,15,75,0,0,8,84,430,20.0,0.167,1.1385
wide,0.02,- T2 (gui lai mu),can_tho,mild,inf,9,24,2024,0.0,0.0,360.0,3,60.0,39,24,15,75,0,0,9,97,451,20.0,0.167,2.6373
wide,0.02,- T2 (gui lai mu),can_tho,severe,inf,0,24,2024,0.0,0.0,380.0,4,80.0,38,23,15,75,0,0,9,109,454,20.0,0.167,1.2172
wide,0.02,- T2 (gui lai mu),can_tho,severe,inf,1,24,2024,0.0,0.0,400.0,4,80.0,66,50,16,74,0,0,10,124,531,20.0,0.178,2.0875
wide,0.02,- T2 (gui lai mu),can_tho,severe,inf,2,24,2024,0.0,0.0,440.0,9,180.0,68,55,13,77,0,0,10,113,504,20.0,0.144,2.2816
wide,0.02,- T2 (gui lai mu),can_tho,severe,inf,3,24,2024,0.0,0.0,400.0,10,200.0,103,93,10,80,0,0,7,104,357,20.0,0.111,3.3591
wide,0.02,- T2 (gui lai mu),can_tho,severe,inf,4,24,2024,0.0,0.0,380.0,6,120.0,57,44,13,77,0,0,7,79,401,20.0,0.144,2.3106
wide,0.02,- T2 (gui lai mu),can_tho,severe,inf,5,24,2024,0.0,0.0,420.0,9,180.0,55,43,12,78,0,0,4,49,334,20.0,0.133,2.0705
wide,0.02,- T2 (gui lai mu),can_tho,severe,inf,6,24,2024,0.0,0.0,520.0,15,300.0,77,66,11,79,0,0,8,105,349,20.0,0.122,2.291
wide,0.02,- T2 (gui lai mu),can_tho,severe,inf,7,24,2024,0.0,0.0,380.0,8,160.0,71,60,11,79,0,0,9,132,402,20.0,0.122,3.4299
wide,0.02,- T2 (gui lai mu),can_tho,severe,inf,8,24,2024,0.0,0.0,360.0,3,60.0,58,43,15,75,0,0,8,96,448,20.0,0.167,2.3106
wide,0.02,- T2 (gui lai mu),can_tho,severe,inf,9,24,2024,0.0,0.0,360.0,3,60.0,45,30,15,75,0,0,9,109,460,20.0,0.167,2.3807
wide,0.02,- T2 (gui lai mu),soc_trang,mild,inf,0,24,2024,0.0,0.0,340.0,3,60.0,26,12,14,76,0,0,7,76,444,20.0,0.156,1.291
wide,0.02,- T2 (gui lai mu),soc_trang,mild,inf,1,24,2024,0.0,0.0,380.0,4,80.0,29,14,15,75,0,0,8,86,447,20.0,0.167,1.6578
wide,0.02,- T2 (gui lai mu),soc_trang,mild,inf,2,24,2024,0.0,0.0,440.0,9,180.0,31,18,13,77,0,0,6,65,400,20.0,0.144,0.9623
wide,0.02,- T2 (gui lai mu),soc_trang,mild,inf,3,24,2024,0.0,0.0,400.0,10,200.0,22,12,10,80,0,0,4,44,288,20.0,0.111,0.6086
wide,0.02,- T2 (gui lai mu),soc_trang,mild,inf,4,24,2024,0.0,0.0,360.0,6,120.0,24,12,12,78,0,0,7,72,383,20.0,0.133,0.9626
wide,0.02,- T2 (gui lai mu),soc_trang,mild,inf,5,24,2024,0.0,0.0,400.0,9,180.0,26,15,11,79,0,0,7,79,352,20.0,0.122,1.1385
wide,0.02,- T2 (gui lai mu),soc_trang,mild,inf,6,24,2024,0.0,0.0,520.0,15,300.0,36,25,11,79,0,0,5,65,355,20.0,0.122,1.4893
wide,0.02,- T2 (gui lai mu),soc_trang,mild,inf,7,24,2024,0.0,0.0,360.0,8,160.0,24,14,10,80,0,0,5,52,414,20.0,0.111,1.053
wide,0.02,- T2 (gui lai mu),soc_trang,mild,inf,8,24,2024,0.0,0.0,340.0,3,60.0,17,3,14,76,0,0,7,73,436,20.0,0.156,0.0
wide,0.02,- T2 (gui lai mu),soc_trang,mild,inf,9,24,2024,0.0,0.0,340.0,3,60.0,36,22,14,76,0,0,8,83,424,20.0,0.156,2.3496
wide,0.02,- T2 (gui lai mu),soc_trang,severe,inf,0,24,2024,0.0,0.0,340.0,3,60.0,48,34,14,76,0,0,9,119,495,20.0,0.156,2.5687
wide,0.02,- T2 (gui lai mu),soc_trang,severe,inf,1,24,2024,0.0,0.0,380.0,4,80.0,61,46,15,75,0,0,8,90,479,20.0,0.167,2.0197
wide,0.02,- T2 (gui lai mu),soc_trang,severe,inf,2,24,2024,0.0,0.0,440.0,9,180.0,99,86,13,77,0,0,6,88,415,20.0,0.144,3.8578
wide,0.02,- T2 (gui lai mu),soc_trang,severe,inf,3,24,2024,0.0,0.0,400.0,10,200.0,103,93,10,80,0,0,7,102,368,20.0,0.111,3.597
wide,0.02,- T2 (gui lai mu),soc_trang,severe,inf,4,24,2024,0.0,0.0,360.0,6,120.0,54,42,12,78,0,0,8,102,397,20.0,0.133,2.6409
wide,0.02,- T2 (gui lai mu),soc_trang,severe,inf,5,24,2024,0.0,0.0,400.0,9,180.0,48,37,11,79,0,0,8,84,366,20.0,0.122,1.9245
wide,0.02,- T2 (gui lai mu),soc_trang,severe,inf,6,24,2024,0.0,0.0,520.0,15,300.0,53,42,11,79,0,0,5,67,359,20.0,0.122,1.7226
wide,0.02,- T2 (gui lai mu),soc_trang,severe,inf,7,24,2024,0.0,0.0,360.0,8,160.0,60,50,10,80,0,0,5,62,357,20.0,0.111,2.3309
wide,0.02,- T2 (gui lai mu),soc_trang,severe,inf,8,24,2024,0.0,0.0,340.0,3,60.0,57,43,14,76,0,0,9,123,475,20.0,0.156,2.2766
wide,0.02,- T2 (gui lai mu),soc_trang,severe,inf,9,24,2024,0.0,0.0,340.0,3,60.0,40,26,14,76,0,0,8,87,433,20.0,0.156,1.4271
wide,0.02,- T2 (gui lai mu),ca_mau,mild,inf,0,24,2024,0.0,0.0,320.0,3,60.0,18,5,13,77,0,0,7,72,495,20.0,0.144,0.6086
wide,0.02,- T2 (gui lai mu),ca_mau,mild,inf,1,24,2024,0.0,0.0,360.0,4,80.0,25,11,14,76,0,0,10,103,486,20.0,0.156,1.687
wide,0.02,- T2 (gui lai mu),ca_mau,mild,inf,2,24,2024,0.0,0.0,420.0,9,180.0,26,14,12,78,0,0,6,73,403,20.0,0.133,1.2171
wide,0.02,- T2 (gui lai mu),ca_mau,mild,inf,3,24,2024,0.0,0.0,400.0,10,200.0,27,17,10,80,0,0,6,70,331,20.0,0.111,1.1386
wide,0.02,- T2 (gui lai mu),ca_mau,mild,inf,4,24,2024,0.0,0.0,360.0,6,120.0,22,10,12,78,0,0,8,84,386,20.0,0.133,0.8651
wide,0.02,- T2 (gui lai mu),ca_mau,mild,inf,5,24,2024,0.0,0.0,380.0,9,180.0,25,15,10,80,0,0,5,55,333,20.0,0.111,1.1385
wide,0.02,- T2 (gui lai mu),ca_mau,mild,inf,6,24,2024,0.0,0.0,500.0,15,300.0,29,19,10,80,0,0,6,60,302,20.0,0.111,0.8692
wide,0.02,- T2 (gui lai mu),ca_mau,mild,inf,7,24,2024,0.0,0.0,360.0,8,160.0,23,13,10,80,0,0,8,87,361,20.0,0.111,1.2172
wide,0.02,- T2 (gui lai mu),ca_mau,mild,inf,8,24,2024,0.0,0.0,340.0,3,60.0,22,8,14,76,0,0,8,80,450,20.0,0.156,0.9623
wide,0.02,- T2 (gui lai mu),ca_mau,mild,inf,9,24,2024,0.0,0.0,320.0,3,60.0,27,14,13,77,0,0,7,75,460,20.0,0.144,1.8165
wide,0.02,- T2 (gui lai mu),ca_mau,severe,inf,0,24,2024,0.0,0.0,320.0,3,60.0,54,41,13,77,0,0,8,104,503,20.0,0.144,2.2334
wide,0.02,- T2 (gui lai mu),ca_mau,severe,inf,1,24,2024,0.0,0.0,360.0,4,80.0,58,44,14,76,0,0,8,108,506,20.0,0.156,1.7229
wide,0.02,- T2 (gui lai mu),ca_mau,severe,inf,2,24,2024,0.0,0.0,420.0,9,180.0,56,44,12,78,0,0,5,69,381,20.0,0.133,1.6685
wide,0.02,- T2 (gui lai mu),ca_mau,severe,inf,3,24,2024,0.0,0.0,400.0,10,200.0,71,61,10,80,0,0,8,84,387,20.0,0.111,2.5346
wide,0.02,- T2 (gui lai mu),ca_mau,severe,inf,4,24,2024,0.0,0.0,360.0,6,120.0,66,54,12,78,0,0,8,100,400,20.0,0.133,2.5834
wide,0.02,- T2 (gui lai mu),ca_mau,severe,inf,5,24,2024,0.0,0.0,380.0,9,180.0,29,19,10,80,0,0,5,58,334,20.0,0.111,1.2963
wide,0.02,- T2 (gui lai mu),ca_mau,severe,inf,6,24,2024,0.0,0.0,500.0,15,300.0,101,91,10,80,0,0,8,113,403,20.0,0.111,2.527
wide,0.02,- T2 (gui lai mu),ca_mau,severe,inf,7,24,2024,0.0,0.0,360.0,8,160.0,80,70,10,80,0,0,7,105,376,20.0,0.111,3.6431
wide,0.02,- T2 (gui lai mu),ca_mau,severe,inf,8,24,2024,0.0,0.0,340.0,3,60.0,61,47,14,76,0,0,7,84,472,20.0,0.156,2.4332
wide,0.02,- T2 (gui lai mu),ca_mau,severe,inf,9,24,2024,0.0,0.0,320.0,3,60.0,46,33,13,77,0,0,6,87,481,20.0,0.144,2.1287
wide,0.02,- tai neo cam bien,can_tho,mild,inf,0,24,2024,8.1944,0.0,260.0,2,40.0,18,5,13,77,0,2,5,1163,910,20.0,0.144,18.5958
wide,0.02,- tai neo cam bien,can_tho,mild,inf,1,24,2024,0.6019,0.0,260.0,1,20.0,18,4,14,76,0,4,9,1392,1145,20.0,0.156,16.1441
wide,0.02,- tai neo cam bien,can_tho,mild,inf,2,24,2024,0.0,0.0,340.0,8,160.0,18,6,12,78,0,1,7,155,466,20.0,0.133,6.6588
wide,0.02,- tai neo cam bien,can_tho,mild,inf,3,24,2024,0.0,0.0,360.0,9,180.0,19,6,13,77,0,1,10,253,580,20.0,0.144,5.6934
wide,0.02,- tai neo cam bien,can_tho,mild,inf,4,24,2024,5.5093,0.0,300.0,5,100.0,19,6,13,77,0,2,6,527,886,20.0,0.144,14.7618
wide,0.02,- tai neo cam bien,can_tho,mild,inf,5,24,2024,8.1944,0.0,240.0,4,80.0,18,7,11,79,0,4,3,635,1066,20.0,0.122,18.62
wide,0.02,- tai neo cam bien,can_tho,mild,inf,6,24,2024,0.0,0.0,320.0,8,160.0,18,7,11,79,0,0,11,926,682,20.0,0.122,9.7989
wide,0.02,- tai neo cam bien,can_tho,mild,inf,7,24,2024,0.0,0.0,300.0,6,120.0,18,7,11,79,0,3,7,1121,880,20.0,0.122,11.9063
wide,0.02,- tai neo cam bien,can_tho,mild,inf,8,24,2024,0.787,0.0,280.0,2,40.0,18,4,14,76,0,4,7,670,996,20.0,0.156,14.0712
wide,0.02,- tai neo cam bien,can_tho,mild,inf,9,24,2024,11.7593,0.0,200.0,2,40.0,18,5,13,77,0,4,6,978,1302,20.0,0.144,22.4271
wide,0.02,- tai neo cam bien,can_tho,severe,inf,0,24,2024,0.0,0.0,320.0,3,60.0,44,26,18,72,0,3,9,479,825,20.0,0.2,7.7296
wide,0.02,- tai neo cam bien,can_tho,severe,inf,1,24,2024,6.713,0.0,220.0,1,20.0,57,39,18,72,0,5,3,782,1203,20.0,0.2,16.3193
wide,0.02,- tai neo cam bien,can_tho,severe,inf,2,24,2024,0.0,0.0,400.0,5,100.0,51,33,18,72,0,0,4,50,219,20.0,0.2,12.7252
wide,0.02,- tai neo cam bien,can_tho,severe,inf,3,24,2024,1.5278,0.0,400.0,9,180.0,57,39,18,72,0,1,9,305,558,20.0,0.2,11.637
wide,0.02,- tai neo cam bien,can_tho,severe,inf,4,24,2024,0.6481,0.0,380.0,5,100.0,47,29,18,72,0,2,5,337,529,20.0,0.2,13.1494
wide,0.02,- tai neo cam bien,can_tho,severe,inf,5,24,2024,0.0,0.0,380.0,7,140.0,57,39,18,72,0,1,6,301,501,20.0,0.2,13.1483
wide,0.02,- tai neo cam bien,can_tho,severe,inf,6,24,2024,4.3519,0.0,420.0,11,220.0,60,42,18,72,0,4,0,537,731,20.0,0.2,15.7677
wide,0.02,- tai neo cam bien,can_tho,severe,inf,7,24,2024,0.0,0.0,320.0,4,80.0,54,36,18,72,0,2,6,382,664,20.0,0.2,10.0649
wide,0.02,- tai neo cam bien,can_tho,severe,inf,8,24,2024,0.6019,0.0,280.0,2,40.0,44,26,18,72,0,3,9,700,1030,20.0,0.2,10.9154
wide,0.02,- tai neo cam bien,can_tho,severe,inf,9,24,2024,1.7593,0.0,360.0,3,60.0,41,23,18,72,0,1,4,222,403,20.0,0.2,12.7156
wide,0.02,- tai neo cam bien,soc_trang,mild,inf,0,24,2024,4.3981,0.0,220.0,1,20.0,17,5,12,78,0,5,3,1110,1347,20.0,0.133,18.6194
wide,0.02,- tai neo cam bien,soc_trang,mild,inf,1,24,2024,3.3796,0.0,240.0,1,20.0,17,3,14,76,0,3,7,1381,1409,20.0,0.156,15.9389
wide,0.02,- tai neo cam bien,soc_trang,mild,inf,2,24,2024,0.5093,0.0,280.0,6,120.0,17,6,11,79,0,3,7,564,1052,20.0,0.122,13.2308
wide,0.02,- tai neo cam bien,soc_trang,mild,inf,3,24,2024,2.5,0.0,260.0,5,100.0,18,6,12,78,0,2,6,1117,1092,20.0,0.133,19.2562
wide,0.02,- tai neo cam bien,soc_trang,mild,inf,4,24,2024,0.0,0.0,300.0,5,100.0,17,5,12,78,0,3,5,945,936,20.0,0.133,9.5932
wide,0.02,- tai neo cam bien,soc_trang,mild,inf,5,24,2024,4.3056,0.0,280.0,7,140.0,18,7,11,79,0,3,5,658,942,20.0,0.122,15.9686
wide,0.02,- tai neo cam bien,soc_trang,mild,inf,6,24,2024,0.3241,0.0,300.0,7,140.0,18,7,11,79,0,3,7,601,909,20.0,0.122,12.7213
wide,0.02,- tai neo cam bien,soc_trang,mild,inf,7,24,2024,2.6852,0.0,300.0,6,120.0,18,7,11,79,0,2,6,518,831,20.0,0.122,13.033
wide,0.02,- tai neo cam bien,soc_trang,mild,inf,8,24,2024,0.0,0.0,340.0,3,60.0,17,3,14,76,0,0,7,73,436,20.0,0.156,0.0
wide,0.02,- tai neo cam bien,soc_trang,mild,inf,9,24,2024,3.75,0.0,240.0,2,40.0,17,4,13,77,0,5,5,844,1358,20.0,0.144,16.567
wide,0.02,- tai neo cam bien,soc_trang,severe,inf,0,24,2024,0.0,0.0,300.0,1,20.0,42,25,17,73,0,2,8,457,1004,20.0,0.189,8.5218
wide,0.02,- tai neo cam bien,soc_trang,severe,inf,1,24,2024,0.0,0.0,320.0,3,60.0,45,28,17,73,0,2,9,432,833,20.0,0.189,8.7621
wide,0.02,- tai neo cam bien,soc_trang,severe,inf,2,24,2024,0.0,0.0,420.0,7,140.0,46,29,17,73,0,0,3,40,237,20.0,0.189,14.6085
wide,0.02,- tai neo cam bien,soc_trang,severe,inf,3,24,2024,1.4352,0.0,400.0,8,160.0,50,33,17,73,0,2,1,252,330,20.0,0.189,17.1189
wide,0.02,- tai neo cam bien,soc_trang,severe,inf,4,24,2024,1.5741,0.0,300.0,5,100.0,44,27,17,73,0,5,5,807,1077,20.0,0.189,14.8665
wide,0.02,- tai neo cam bien,soc_trang,severe,inf,5,24,2024,0.0,0.0,440.0,8,160.0,48,31,17,73,0,0,2,21,167,20.0,0.189,14.6971
wide,0.02,- tai neo cam bien,soc_trang,severe,inf,6,24,2024,0.0,0.0,380.0,8,160.0,56,39,17,73,0,0,5,54,247,20.0,0.189,14.2934
wide,0.02,- tai neo cam bien,soc_trang,severe,inf,7,24,2024,0.0,0.0,400.0,6,120.0,54,37,17,73,0,1,1,192,295,20.0,0.189,13.902
wide,0.02,- tai neo cam bien,soc_trang,severe,inf,8,24,2024,1.9444,0.0,280.0,2,40.0,45,28,17,73,0,4,4,663,917,20.0,0.189,12.6655
wide,0.02,- tai neo cam bien,soc_trang,severe,inf,9,24,2024,0.0,0.0,320.0,1,20.0,43,26,17,73,0,1,6,802,689,20.0,0.189,10.9546
wide,0.02,- tai neo cam bien,ca_mau,mild,inf,0,24,2024,1.9444,0.0,280.0,3,60.0,17,5,12,78,0,3,5,447,720,20.0,0.133,13.431
wide,0.02,- tai neo cam bien,ca_mau,mild,inf,1,24,2024,0.463,0.0,240.0,1,20.0,16,4,12,78,0,4,7,1317,1328,20.0,0.133,13.7834
wide,0.02,- tai neo cam bien,ca_mau,mild,inf,2,24,2024,0.0,0.0,340.0,8,160.0,17,5,12,78,0,0,4,43,378,20.0,0.133,0.0
wide,0.02,- tai neo cam bien,ca_mau,mild,inf,3,24,2024,0.463,0.0,300.0,6,120.0,18,6,12,78,0,3,6,543,841,20.0,0.133,12.3227
wide,0.02,- tai neo cam bien,ca_mau,mild,inf,4,24,2024,1.4815,0.0,280.0,4,80.0,17,5,12,78,0,1,8,976,792,20.0,0.133,13.9535
wide,0.02,- tai neo cam bien,ca_mau,mild,inf,5,24,2024,3.3333,0.0,240.0,5,100.0,17,7,10,80,0,5,3,790,1037,20.0,0.111,17.9877
wide,0.02,- tai neo cam bien,ca_mau,mild,inf,6,24,2024,0.0,0.0,280.0,7,140.0,16,6,10,80,0,1,9,985,965,20.0,0.111,8.6686
wide,0.02,- tai neo cam bien,ca_mau,mild,inf,7,24,2024,17.0833,0.0,180.0,3,60.0,17,8,9,81,0,4,2,960,1245,20.0,0.1,23.7238
wide,0.02,- tai neo cam bien,ca_mau,mild,inf,8,24,2024,0.5556,0.0,280.0,2,40.0,16,3,13,77,0,1,8,973,857,20.0,0.144,9.6788
wide,0.02,- tai neo cam bien,ca_mau,mild,inf,9,24,2024,2.037,0.0,220.0,2,40.0,16,4,12,78,0,5,5,1469,1368,20.0,0.133,17.1269
wide,0.02,- tai neo cam bien,ca_mau,severe,inf,0,24,2024,0.5556,0.0,240.0,0,0.0,49,33,16,74,0,4,7,776,1155,20.0,0.178,10.659
wide,0.02,- tai neo cam bien,ca_mau,severe,inf,1,24,2024,7.5463,0.0,220.0,1,20.0,41,25,16,74,0,2,4,1120,1116,20.0,0.178,14.5526
wide,0.02,- tai neo cam bien,ca_mau,severe,inf,2,24,2024,0.0,0.0,380.0,7,140.0,44,28,16,74,0,0,8,93,344,20.0,0.178,11.1644
wide,0.02,- tai neo cam bien,ca_mau,severe,inf,3,24,2024,1.4352,0.0,260.0,5,100.0,51,35,16,74,0,4,4,767,932,20.0,0.178,13.2804
wide,0.02,- tai neo cam bien,ca_mau,severe,inf,4,24,2024,0.0,0.0,300.0,4,80.0,45,29,16,74,0,2,6,388,666,20.0,0.178,9.3515
wide,0.02,- tai neo cam bien,ca_mau,severe,inf,5,24,2024,0.0,0.0,440.0,8,160.0,44,28,16,74,0,0,1,11,69,20.0,0.178,16.3878
wide,0.02,- tai neo cam bien,ca_mau,severe,inf,6,24,2024,0.0,0.0,300.0,5,100.0,51,35,16,74,0,4,7,725,1025,20.0,0.178,12.5738
wide,0.02,- tai neo cam bien,ca_mau,severe,inf,7,24,2024,5.0,0.0,220.0,1,20.0,47,31,16,74,0,3,4,1301,1225,20.0,0.178,13.383
wide,0.02,- tai neo cam bien,ca_mau,severe,inf,8,24,2024,5.0,0.0,280.0,2,40.0,42,26,16,74,0,2,6,511,804,20.0,0.178,12.4268
wide,0.02,- tai neo cam bien,ca_mau,severe,inf,9,24,2024,10.3241,0.0,240.0,2,40.0,38,22,16,74,0,1,4,959,904,20.0,0.178,15.3165
wide,0.02,- epoch cap (quyet dinh moi gio),can_tho,mild,inf,0,1,2024,0.0,0.0,380.0,4,80.0,25,7,18,2135,0,0,0,0,269,20.0,0.2,1.5134
wide,0.02,- epoch cap (quyet dinh moi gio),can_tho,mild,inf,1,1,2024,0.0,0.0,380.0,4,80.0,23,5,18,2137,0,0,0,0,264,20.0,0.2,0.8607
wide,0.02,- epoch cap (quyet dinh moi gio),can_tho,mild,inf,2,1,2024,0.0,0.0,380.0,8,160.0,30,11,19,2130,0,0,0,0,239,20.0,0.211,1.5879
wide,0.02,- epoch cap (quyet dinh moi gio),can_tho,mild,inf,3,1,2024,0.0,0.0,400.0,10,200.0,21,8,13,2139,0,0,0,0,165,20.0,0.144,0.3929
wide,0.02,- epoch cap (quyet dinh moi gio),can_tho,mild,inf,4,1,2024,0.0,0.0,380.0,6,120.0,23,7,16,2137,0,0,0,0,243,20.0,0.178,0.901
wide,0.02,- epoch cap (quyet dinh moi gio),can_tho,mild,inf,5,1,2024,0.0,0.0,380.0,9,180.0,28,11,17,2132,0,0,0,0,248,20.0,0.189,1.2682
wide,0.02,- epoch cap (quyet dinh moi gio),can_tho,mild,inf,6,1,2024,0.0,0.0,380.0,12,240.0,21,8,13,2139,0,0,0,0,207,20.0,0.144,0.5754
wide,0.02,- epoch cap (quyet dinh moi gio),can_tho,mild,inf,7,1,2024,0.0,0.0,380.0,7,140.0,29,12,17,2131,0,0,0,0,201,20.0,0.189,1.3908
wide,0.02,- epoch cap (quyet dinh moi gio),can_tho,mild,inf,8,1,2024,0.0,0.0,380.0,3,60.0,20,4,16,2140,0,0,0,0,212,20.0,0.178,0.5643
wide,0.02,- epoch cap (quyet dinh moi gio),can_tho,mild,inf,9,1,2024,0.0,0.0,380.0,3,60.0,21,5,16,2139,0,0,0,0,232,20.0,0.178,0.6086
wide,0.02,- epoch cap (quyet dinh moi gio),can_tho,severe,inf,0,1,2024,0.0,0.0,380.0,3,60.0,60,37,23,2100,0,0,0,0,311,20.0,0.256,1.6096
wide,0.02,- epoch cap (quyet dinh moi gio),can_tho,severe,inf,1,1,2024,0.0,0.0,400.0,4,80.0,55,33,22,2105,0,0,0,0,318,20.0,0.244,1.2759
wide,0.02,- epoch cap (quyet dinh moi gio),can_tho,severe,inf,2,1,2024,0.0,0.0,420.0,6,120.0,61,40,21,2099,0,0,0,0,262,20.0,0.233,1.7511
wide,0.02,- epoch cap (quyet dinh moi gio),can_tho,severe,inf,3,1,2024,0.0,0.0,400.0,7,140.0,68,47,21,2092,0,0,0,0,299,20.0,0.233,1.9516
wide,0.02,- epoch cap (quyet dinh moi gio),can_tho,severe,inf,4,1,2024,0.0,0.0,400.0,5,100.0,39,22,17,2121,0,0,0,0,217,20.0,0.189,1.1156
wide,0.02,- epoch cap (quyet dinh moi gio),can_tho,severe,inf,5,1,2024,0.0,0.0,400.0,6,120.0,49,31,18,2111,0,0,0,0,239,20.0,0.2,1.5904
wide,0.02,- epoch cap (quyet dinh moi gio),can_tho,severe,inf,6,1,2024,0.0,0.0,440.0,11,220.0,46,30,16,2114,0,0,0,0,253,20.0,0.178,1.8294
wide,0.02,- epoch cap (quyet dinh moi gio),can_tho,severe,inf,7,1,2024,0.0,0.0,400.0,8,160.0,41,24,17,2119,0,0,0,0,206,20.0,0.189,1.6467
wide,0.02,- epoch cap (quyet dinh moi gio),can_tho,severe,inf,8,1,2024,0.0,0.0,380.0,3,60.0,63,38,25,2097,0,0,0,0,307,20.0,0.278,1.6009
wide,0.02,- epoch cap (quyet dinh moi gio),can_tho,severe,inf,9,1,2024,0.0,0.0,380.0,3,60.0,67,43,24,2093,0,0,0,0,284,20.0,0.267,1.6088
wide,0.02,- epoch cap (quyet dinh moi gio),soc_trang,mild,inf,0,1,2024,0.0,0.0,380.0,4,80.0,21,5,16,2139,0,0,0,0,178,20.0,0.178,0.5825
wide,0.02,- epoch cap (quyet dinh moi gio),soc_trang,mild,inf,1,1,2024,0.0,0.0,360.0,4,80.0,18,3,15,2142,0,0,0,0,218,20.0,0.167,0.0
wide,0.02,- epoch cap (quyet dinh moi gio),soc_trang,mild,inf,2,1,2024,0.0,0.0,360.0,7,140.0,36,14,22,2124,0,0,0,0,213,20.0,0.244,2.0669
wide,0.02,- epoch cap (quyet dinh moi gio),soc_trang,mild,inf,3,1,2024,0.0,0.0,360.0,8,160.0,20,7,13,2140,0,0,0,0,178,20.0,0.144,0.5692
wide,0.02,- epoch cap (quyet dinh moi gio),soc_trang,mild,inf,4,1,2024,0.0,0.0,360.0,6,120.0,20,6,14,2140,0,0,0,0,243,20.0,0.156,0.6086
wide,0.02,- epoch cap (quyet dinh moi gio),soc_trang,mild,inf,5,1,2024,0.0,0.0,380.0,8,160.0,22,10,12,2138,0,0,0,0,147,20.0,0.133,0.7454
wide,0.02,- epoch cap (quyet dinh moi gio),soc_trang,mild,inf,6,1,2024,0.0,0.0,380.0,12,240.0,19,8,11,2141,0,0,0,0,158,20.0,0.122,0.0
wide,0.02,- epoch cap (quyet dinh moi gio),soc_trang,mild,inf,7,1,2024,0.0,0.0,360.0,7,140.0,24,9,15,2136,0,0,0,0,244,20.0,0.167,1.0293
wide,0.02,- epoch cap (quyet dinh moi gio),soc_trang,mild,inf,8,1,2024,0.0,0.0,360.0,3,60.0,21,5,16,2139,0,0,0,0,214,20.0,0.178,0.7454
wide,0.02,- epoch cap (quyet dinh moi gio),soc_trang,mild,inf,9,1,2024,0.0,0.0,360.0,3,60.0,23,6,17,2137,0,0,0,0,249,20.0,0.189,1.0541
wide,0.02,- epoch cap (quyet dinh moi gio),soc_trang,severe,inf,0,1,2024,0.0,0.0,380.0,4,80.0,38,19,19,2122,0,0,0,0,225,20.0,0.211,1.3455
wide,0.02,- epoch cap (quyet dinh moi gio),soc_trang,severe,inf,1,1,2024,0.0,0.0,360.0,4,80.0,64,41,23,2096,0,0,0,0,244,20.0,0.256,1.4907
wide,0.02,- epoch cap (quyet dinh moi gio),soc_trang,severe,inf,2,1,2024,0.0,0.0,400.0,7,140.0,48,30,18,2112,0,0,0,0,208,20.0,0.2,1.4532
wide,0.02,- epoch cap (quyet dinh moi gio),soc_trang,severe,inf,3,1,2024,0.0,0.0,380.0,7,140.0,65,45,20,2095,0,0,0,0,223,20.0,0.222,1.8178
wide,0.02,- epoch cap (quyet dinh moi gio),soc_trang,severe,inf,4,1,2024,0.0,0.0,380.0,4,80.0,50,30,20,2110,0,0,0,0,267,20.0,0.222,1.5903
wide,0.02,- epoch cap (quyet dinh moi gio),soc_trang,severe,inf,5,1,2024,0.0,0.0,380.0,6,120.0,84,58,26,2076,0,0,1,4,256,20.0,0.289,2.2181
wide,0.02,- epoch cap (quyet dinh moi gio),soc_trang,severe,inf,6,1,2024,0.0,0.0,420.0,9,180.0,45,30,15,2115,0,0,0,0,202,20.0,0.167,1.2702
wide,0.02,- epoch cap (quyet dinh moi gio),soc_trang,severe,inf,7,1,2024,0.0,0.0,380.0,8,160.0,49,32,17,2111,0,0,0,0,189,20.0,0.189,1.5324
wide,0.02,- epoch cap (quyet dinh moi gio),soc_trang,severe,inf,8,1,2024,0.0,0.0,360.0,0,0.0,70,45,25,2090,0,0,1,3,353,20.0,0.278,1.6611
wide,0.02,- epoch cap (quyet dinh moi gio),soc_trang,severe,inf,9,1,2024,0.0,0.0,360.0,3,60.0,79,51,28,2081,0,0,2,10,248,20.0,0.311,2.0091
wide,0.02,- epoch cap (quyet dinh moi gio),ca_mau,mild,inf,0,1,2024,0.0,0.0,340.0,3,60.0,23,7,16,2137,0,0,0,0,246,20.0,0.178,1.0541
wide,0.02,- epoch cap (quyet dinh moi gio),ca_mau,mild,inf,1,1,2024,0.0,0.0,340.0,4,80.0,19,4,15,2141,0,0,0,0,256,20.0,0.167,0.7343
wide,0.02,- epoch cap (quyet dinh moi gio),ca_mau,mild,inf,2,1,2024,0.0,0.0,340.0,7,140.0,22,8,14,2138,0,0,0,0,255,20.0,0.156,1.1787
wide,0.02,- epoch cap (quyet dinh moi gio),ca_mau,mild,inf,3,1,2024,0.0,0.0,360.0,9,180.0,21,8,13,2139,0,0,0,0,220,20.0,0.144,1.0518
wide,0.02,- epoch cap (quyet dinh moi gio),ca_mau,mild,inf,4,1,2024,0.0,0.0,340.0,3,60.0,31,11,20,2129,0,0,0,0,269,20.0,0.222,1.6346
wide,0.02,- epoch cap (quyet dinh moi gio),ca_mau,mild,inf,5,1,2024,0.0,0.0,340.0,7,140.0,20,8,12,2140,0,0,0,0,297,20.0,0.133,0.7454
wide,0.02,- epoch cap (quyet dinh moi gio),ca_mau,mild,inf,6,1,2024,0.0,0.0,380.0,12,240.0,20,8,12,2140,0,0,0,0,224,20.0,0.133,0.3948
wide,0.02,- epoch cap (quyet dinh moi gio),ca_mau,mild,inf,7,1,2024,0.0,0.0,360.0,8,160.0,18,7,11,2142,0,0,0,0,177,20.0,0.122,0.0
wide,0.02,- epoch cap (quyet dinh moi gio),ca_mau,mild,inf,8,1,2024,0.0,0.0,340.0,3,60.0,18,4,14,2142,0,0,0,0,211,20.0,0.156,0.4303
wide,0.02,- epoch cap (quyet dinh moi gio),ca_mau,mild,inf,9,1,2024,0.0,0.0,340.0,2,40.0,20,5,15,2140,0,0,0,0,254,20.0,0.167,0.7454
wide,0.02,- epoch cap (quyet dinh moi gio),ca_mau,severe,inf,0,1,2024,0.0,0.0,340.0,3,60.0,45,26,19,2115,0,0,0,0,278,20.0,0.211,1.2868
wide,0.02,- epoch cap (quyet dinh moi gio),ca_mau,severe,inf,1,1,2024,0.0,0.0,360.0,2,40.0,48,29,19,2112,0,0,0,0,286,20.0,0.211,1.1858
wide,0.02,- epoch cap (quyet dinh moi gio),ca_mau,severe,inf,2,1,2024,0.0,0.0,380.0,4,80.0,62,42,20,2098,0,0,1,3,269,20.0,0.222,1.9958
wide,0.02,- epoch cap (quyet dinh moi gio),ca_mau,severe,inf,3,1,2024,0.0,0.0,360.0,6,120.0,47,32,15,2113,0,0,0,0,211,20.0,0.167,1.3458
wide,0.02,- epoch cap (quyet dinh moi gio),ca_mau,severe,inf,4,1,2024,0.0,0.0,360.0,5,100.0,37,21,16,2123,0,0,1,3,255,20.0,0.178,1.1291
wide,0.02,- epoch cap (quyet dinh moi gio),ca_mau,severe,inf,5,1,2024,0.0,0.0,380.0,6,120.0,58,40,18,2102,0,0,0,0,283,20.0,0.2,1.8531
wide,0.02,- epoch cap (quyet dinh moi gio),ca_mau,severe,inf,6,1,2024,0.0,0.0,420.0,11,220.0,56,39,17,2104,0,0,0,0,223,20.0,0.189,1.8029
wide,0.02,- epoch cap (quyet dinh moi gio),ca_mau,severe,inf,7,1,2024,0.0,0.0,360.0,8,160.0,32,20,12,2128,0,0,0,0,297,20.0,0.133,1.3319
wide,0.02,- epoch cap (quyet dinh moi gio),ca_mau,severe,inf,8,1,2024,0.0,0.0,340.0,2,40.0,36,19,17,2124,0,0,0,0,245,20.0,0.189,0.8607
wide,0.02,- epoch cap (quyet dinh moi gio),ca_mau,severe,inf,9,1,2024,0.0,0.0,340.0,1,20.0,71,47,24,2089,0,0,0,0,311,20.0,0.267,1.5969
wide,0.02,- cong chance-constrained,can_tho,mild,inf,0,24,2024,0.0,0.0,600.0,1,60.0,13,3,10,0,0,0,3,56,228,60.0,0.111,1.5797
wide,0.02,- cong chance-constrained,can_tho,mild,inf,1,24,2024,0.0,0.0,540.0,1,60.0,11,2,9,0,0,0,4,43,228,60.0,0.1,0.9333
wide,0.02,- cong chance-constrained,can_tho,mild,inf,2,24,2024,0.0,0.0,840.0,8,480.0,15,6,9,0,0,0,4,43,227,60.0,0.1,0.9333
wide,0.02,- cong chance-constrained,can_tho,mild,inf,3,24,2024,0.0,0.0,780.0,5,300.0,19,7,12,0,0,0,4,92,276,60.0,0.133,2.3089
wide,0.02,- cong chance-constrained,can_tho,mild,inf,4,24,2024,0.0,0.0,600.0,2,120.0,15,4,11,0,0,0,3,62,233,60.0,0.122,1.8937
wide,0.02,- cong chance-constrained,can_tho,mild,inf,5,24,2024,0.0,0.0,780.0,5,300.0,16,6,10,0,0,0,4,45,229,60.0,0.111,1.5382
wide,0.02,- cong chance-constrained,can_tho,mild,inf,6,24,2024,0.0,0.0,780.0,7,420.0,14,5,9,0,0,0,4,42,227,60.0,0.1,0.8302
wide,0.02,- cong chance-constrained,can_tho,mild,inf,7,24,2024,0.0,0.0,660.0,4,240.0,13,4,9,0,0,0,4,43,227,60.0,0.1,0.9512
wide,0.02,- cong chance-constrained,can_tho,mild,inf,8,24,2024,0.0,0.0,600.0,1,60.0,14,4,10,0,0,0,4,48,232,60.0,0.111,1.7485
wide,0.02,- cong chance-constrained,can_tho,mild,inf,9,24,2024,0.0,0.0,600.0,1,60.0,13,4,9,0,0,0,4,44,228,60.0,0.1,1.3394
wide,0.02,- cong chance-constrained,can_tho,severe,inf,0,24,2024,0.0,0.0,540.0,1,60.0,18,8,10,0,0,0,4,43,230,60.0,0.111,1.5261
wide,0.02,- cong chance-constrained,can_tho,severe,inf,1,24,2024,0.0,0.0,600.0,1,60.0,34,21,13,0,0,0,4,73,260,60.0,0.144,1.9937
wide,0.02,- cong chance-constrained,can_tho,severe,inf,2,24,2024,0.0,0.0,840.0,5,300.0,25,16,9,0,0,0,4,46,232,60.0,0.1,2.0322
wide,0.02,- cong chance-constrained,can_tho,severe,inf,3,24,2024,0.4167,0.0,540.0,2,120.0,54,39,15,0,0,1,4,198,386,60.0,0.167,3.6502
wide,0.02,- cong chance-constrained,can_tho,severe,inf,4,24,2024,0.0,0.0,600.0,1,60.0,29,18,11,0,0,0,3,58,242,60.0,0.122,1.7611
wide,0.02,- cong chance-constrained,can_tho,severe,inf,5,24,2024,0.0,0.0,720.0,3,180.0,38,26,12,0,0,0,5,67,267,60.0,0.133,2.3654
wide,0.02,- cong chance-constrained,can_tho,severe,inf,6,24,2024,0.0,0.0,780.0,4,240.0,38,26,12,0,0,0,5,65,264,60.0,0.133,2.5881
wide,0.02,- cong chance-constrained,can_tho,severe,inf,7,24,2024,0.0,0.0,660.0,2,120.0,37,24,13,0,0,0,5,69,264,60.0,0.144,2.3062
wide,0.02,- cong chance-constrained,can_tho,severe,inf,8,24,2024,0.0,0.0,600.0,1,60.0,19,9,10,0,0,0,4,67,255,60.0,0.111,1.2959
wide,0.02,- cong chance-constrained,can_tho,severe,inf,9,24,2024,0.0,0.0,660.0,2,120.0,29,17,12,0,0,0,5,84,280,60.0,0.133,2.0036
wide,0.02,- cong chance-constrained,soc_trang,mild,inf,0,24,2024,0.0,0.0,600.0,1,60.0,12,2,10,0,0,0,4,61,271,60.0,0.111,1.2907
wide,0.02,- cong chance-constrained,soc_trang,mild,inf,1,24,2024,0.0,0.0,600.0,1,60.0,15,4,11,0,0,1,5,160,356,60.0,0.122,1.9543
wide,0.02,- cong chance-constrained,soc_trang,mild,inf,2,24,2024,0.0,0.0,720.0,5,300.0,15,6,9,0,0,0,4,40,249,60.0,0.1,1.5576
wide,0.02,- cong chance-constrained,soc_trang,mild,inf,3,24,2024,0.0,0.0,660.0,5,300.0,15,5,10,0,0,0,4,85,353,60.0,0.111,1.8358
wide,0.02,- cong chance-constrained,soc_trang,mild,inf,4,24,2024,0.0,0.0,600.0,2,120.0,11,2,9,0,0,0,4,38,246,60.0,0.1,0.0007
wide,0.02,- cong chance-constrained,soc_trang,mild,inf,5,24,2024,0.0,0.0,840.0,7,420.0,15,6,9,0,0,0,4,38,246,60.0,0.1,0.0
wide,0.02,- cong chance-constrained,soc_trang,mild,inf,6,24,2024,0.0,0.0,660.0,5,300.0,14,5,9,0,0,0,4,38,248,60.0,0.1,1.2388
wide,0.02,- cong chance-constrained,soc_trang,mild,inf,7,24,2024,0.0,0.0,780.0,5,300.0,15,6,9,0,0,0,4,39,247,60.0,0.1,0.912
wide,0.02,- cong chance-constrained,soc_trang,mild,inf,8,24,2024,0.0,0.0,600.0,1,60.0,10,1,9,0,0,0,4,38,246,60.0,0.1,0.0
wide,0.02,- cong chance-constrained,soc_trang,mild,inf,9,24,2024,0.0,0.0,600.0,2,120.0,13,3,10,0,0,0,4,62,272,60.0,0.111,1.5547
wide,0.02,- cong chance-constrained,soc_trang,severe,inf,0,24,2024,0.0,0.0,540.0,1,60.0,29,16,13,0,0,0,3,128,352,60.0,0.144,2.65
wide,0.02,- cong chance-constrained,soc_trang,severe,inf,1,24,2024,0.0,0.0,480.0,1,60.0,40,27,13,0,0,1,4,154,346,60.0,0.144,2.7478
wide,0.02,- cong chance-constrained,soc_trang,severe,inf,2,24,2024,0.0,0.0,720.0,4,240.0,31,21,10,0,0,0,5,76,361,60.0,0.111,1.995
wide,0.02,- cong chance-constrained,soc_trang,severe,inf,3,24,2024,0.3241,0.0,540.0,2,120.0,54,39,15,0,0,1,2,157,359,60.0,0.167,3.6023
wide,0.02,- cong chance-constrained,soc_trang,severe,inf,4,24,2024,0.0,0.0,540.0,0,0.0,25,15,10,0,0,0,5,58,280,60.0,0.111,1.5443
wide,0.02,- cong chance-constrained,soc_trang,severe,inf,5,24,2024,0.0,0.0,720.0,4,240.0,30,20,10,0,0,0,5,59,277,60.0,0.111,2.2116
wide,0.02,- cong chance-constrained,soc_trang,severe,inf,6,24,2024,0.0,0.0,660.0,3,180.0,36,24,12,0,0,0,4,116,333,60.0,0.133,2.7323
wide,0.02,- cong chance-constrained,soc_trang,severe,inf,7,24,2024,0.0,0.0,600.0,2,120.0,42,29,13,0,0,0,4,141,346,60.0,0.144,2.8815
wide,0.02,- cong chance-constrained,soc_trang,severe,inf,8,24,2024,0.0,0.0,540.0,1,60.0,28,17,11,0,0,0,3,102,313,60.0,0.122,2.577
wide,0.02,- cong chance-constrained,soc_trang,severe,inf,9,24,2024,0.0,0.0,600.0,1,60.0,23,14,9,0,0,0,4,42,259,60.0,0.1,0.9244
wide,0.02,- cong chance-constrained,ca_mau,mild,inf,0,24,2024,0.0,0.0,480.0,0,0.0,13,3,10,0,0,0,4,79,298,60.0,0.111,2.0341
wide,0.02,- cong chance-constrained,ca_mau,mild,inf,1,24,2024,0.0,0.0,540.0,1,60.0,14,4,10,0,0,0,4,60,297,60.0,0.111,1.9935
wide,0.02,- cong chance-constrained,ca_mau,mild,inf,2,24,2024,0.0,0.0,720.0,6,360.0,13,5,8,0,0,0,4,28,250,60.0,0.089,0.891
wide,0.02,- cong chance-constrained,ca_mau,mild,inf,3,24,2024,0.0,0.0,600.0,5,300.0,13,4,9,0,0,0,5,64,274,60.0,0.1,1.296
wide,0.02,- cong chance-constrained,ca_mau,mild,inf,4,24,2024,0.0,0.0,600.0,2,120.0,10,2,8,0,0,0,4,28,249,60.0,0.089,0.0
wide,0.02,- cong chance-constrained,ca_mau,mild,inf,5,24,2024,0.0,0.0,720.0,5,300.0,15,6,9,0,0,0,4,58,272,60.0,0.1,1.3061
wide,0.02,- cong chance-constrained,ca_mau,mild,inf,6,24,2024,0.0,0.0,660.0,5,300.0,13,5,8,0,0,0,4,28,251,60.0,0.089,1.1971
wide,0.02,- cong chance-constrained,ca_mau,mild,inf,7,24,2024,0.0,0.0,540.0,4,240.0,15,6,9,0,0,0,5,47,272,60.0,0.1,1.5535
wide,0.02,- cong chance-constrained,ca_mau,mild,inf,8,24,2024,0.0,0.0,540.0,1,60.0,14,4,10,0,0,0,4,63,295,60.0,0.111,2.0487
wide,0.02,- cong chance-constrained,ca_mau,mild,inf,9,24,2024,0.0,0.0,600.0,2,120.0,10,2,8,0,0,0,4,28,249,60.0,0.089,0.0
wide,0.02,- cong chance-constrained,ca_mau,severe,inf,0,24,2024,0.0,0.0,540.0,1,60.0,25,13,12,0,0,0,4,96,327,60.0,0.133,2.2665
wide,0.02,- cong chance-constrained,ca_mau,severe,inf,1,24,2024,0.0,0.0,480.0,1,60.0,29,18,11,0,0,0,5,83,312,60.0,0.122,1.7747
wide,0.02,- cong chance-constrained,ca_mau,severe,inf,2,24,2024,0.0,0.0,720.0,4,240.0,23,15,8,0,0,0,4,31,258,60.0,0.089,1.2578
wide,0.02,- cong chance-constrained,ca_mau,severe,inf,3,24,2024,0.0,0.0,660.0,4,240.0,43,29,14,0,0,1,4,164,393,60.0,0.156,3.4698
wide,0.02,- cong chance-constrained,ca_mau,severe,inf,4,24,2024,0.0,0.0,480.0,1,60.0,29,18,11,0,0,0,4,87,325,60.0,0.122,2.0232
wide,0.02,- cong chance-constrained,ca_mau,severe,inf,5,24,2024,0.0,0.0,600.0,3,180.0,24,16,8,0,0,0,4,32,259,60.0,0.089,1.9976
wide,0.02,- cong chance-constrained,ca_mau,severe,inf,6,24,2024,0.0,0.0,660.0,3,180.0,41,28,13,0,0,0,5,107,353,60.0,0.144,2.8574
wide,0.02,- cong chance-constrained,ca_mau,severe,inf,7,24,2024,0.0,0.0,600.0,2,120.0,38,26,12,0,0,0,5,93,331,60.0,0.133,2.6602
wide,0.02,- cong chance-constrained,ca_mau,severe,inf,8,24,2024,0.0,0.0,540.0,1,60.0,36,23,13,0,0,0,4,123,352,60.0,0.144,2.8021
wide,0.02,- cong chance-constrained,ca_mau,severe,inf,9,24,2024,0.0,0.0,480.0,0,0.0,25,16,9,0,0,0,4,57,282,60.0,0.1,1.3469
wide,0.02,- luat thich ung (centre co dinh),can_tho,mild,inf,0,24,2024,0.0,0.0,380.0,4,80.0,25,7,18,72,0,0,10,132,532,20.0,0.2,1.0541
wide,0.02,- luat thich ung (centre co dinh),can_tho,mild,inf,1,24,2024,0.0,0.0,360.0,3,60.0,25,7,18,72,0,0,8,110,469,20.0,0.2,1.1386
wide,0.02,- luat thich ung (centre co dinh),can_tho,mild,inf,2,24,2024,0.0,0.0,360.0,8,160.0,19,6,13,77,0,0,9,92,387,20.0,0.144,0.4303
wide,0.02,- luat thich ung (centre co dinh),can_tho,mild,inf,3,24,2024,0.0,0.0,360.0,9,180.0,19,6,13,77,0,0,9,95,377,20.0,0.144,0.4303
wide,0.02,- luat thich ung (centre co dinh),can_tho,mild,inf,4,24,2024,0.0,0.0,360.0,6,120.0,25,9,16,74,0,0,8,115,436,20.0,0.178,1.3608
wide,0.02,- luat thich ung (centre co dinh),can_tho,mild,inf,5,24,2024,0.0,0.0,340.0,6,120.0,25,10,15,75,0,0,12,198,549,20.0,0.167,1.4272
wide,0.02,- luat thich ung (centre co dinh),can_tho,mild,inf,6,24,2024,0.0,0.0,360.0,9,180.0,23,10,13,77,0,0,9,96,390,20.0,0.144,1.0541
wide,0.02,- luat thich ung (centre co dinh),can_tho,mild,inf,7,24,2024,0.0,0.0,360.0,8,160.0,22,9,13,77,0,0,8,102,388,20.0,0.144,0.9622
wide,0.02,- luat thich ung (centre co dinh),can_tho,mild,inf,8,24,2024,0.0,0.0,360.0,3,60.0,22,5,17,73,0,0,10,93,504,20.0,0.189,1.1385
wide,0.02,- luat thich ung (centre co dinh),can_tho,mild,inf,9,24,2024,0.0,0.0,360.0,3,60.0,22,6,16,74,0,0,8,111,463,20.0,0.178,1.427
wide,0.02,- luat thich ung (centre co dinh),can_tho,severe,inf,0,24,2024,0.0,0.0,340.0,1,20.0,52,32,20,70,0,0,10,214,618,20.0,0.222,1.3608
wide,0.02,- luat thich ung (centre co dinh),can_tho,severe,inf,1,24,2024,0.0,0.0,360.0,3,60.0,72,49,23,67,0,0,13,233,666,20.0,0.256,1.7263
wide,0.02,- luat thich ung (centre co dinh),can_tho,severe,inf,2,24,2024,0.0,0.0,360.0,4,80.0,54,37,17,73,0,0,10,124,480,20.0,0.189,1.5498
wide,0.02,- luat thich ung (centre co dinh),can_tho,severe,inf,3,24,2024,0.4167,0.0,340.0,5,100.0,74,53,21,69,0,1,10,303,654,21.25,0.233,2.0785
wide,0.02,- luat thich ung (centre co dinh),can_tho,severe,inf,4,24,2024,0.0,0.0,360.0,5,100.0,56,36,20,70,0,0,11,213,578,20.0,0.222,1.7213
wide,0.02,- luat thich ung (centre co dinh),can_tho,severe,inf,5,24,2024,0.0,0.0,380.0,6,120.0,47,30,17,73,0,0,11,195,537,20.0,0.189,1.6101
wide,0.02,- luat thich ung (centre co dinh),can_tho,severe,inf,6,24,2024,0.0,0.0,380.0,11,220.0,55,39,16,74,0,0,8,168,488,20.0,0.178,1.9254
wide,0.02,- luat thich ung (centre co dinh),can_tho,severe,inf,7,24,2024,0.0,0.0,360.0,7,140.0,51,33,18,72,0,1,9,216,551,20.0,0.2,1.7212
wide,0.02,- luat thich ung (centre co dinh),can_tho,severe,inf,8,24,2024,0.0,0.0,340.0,3,60.0,52,32,20,70,0,0,10,194,611,20.0,0.222,1.1386
wide,0.02,- luat thich ung (centre co dinh),can_tho,severe,inf,9,24,2024,0.0,0.0,340.0,2,40.0,52,30,22,68,0,0,9,205,574,20.0,0.244,1.61
wide,0.02,- luat thich ung (centre co dinh),soc_trang,mild,inf,0,24,2024,0.0,0.0,340.0,3,60.0,22,6,16,74,0,0,10,138,493,20.0,0.178,0.9623
wide,0.02,- luat thich ung (centre co dinh),soc_trang,mild,inf,1,24,2024,0.0,0.0,340.0,4,80.0,20,5,15,75,0,0,9,119,465,20.0,0.167,0.7454
wide,0.02,- luat thich ung (centre co dinh),soc_trang,mild,inf,2,24,2024,0.0,0.0,340.0,8,160.0,18,5,13,77,0,0,6,64,449,20.0,0.144,0.4303
wide,0.02,- luat thich ung (centre co dinh),soc_trang,mild,inf,3,24,2024,0.0,0.0,360.0,8,160.0,23,8,15,75,0,0,7,79,443,20.0,0.167,0.9623
wide,0.02,- luat thich ung (centre co dinh),soc_trang,mild,inf,4,24,2024,0.0,0.0,360.0,6,120.0,19,6,13,77,0,0,7,64,374,20.0,0.144,0.4303
wide,0.02,- luat thich ung (centre co dinh),soc_trang,mild,inf,5,24,2024,0.0,0.0,340.0,8,160.0,21,8,13,77,0,0,5,76,394,20.0,0.144,0.9622
wide,0.02,- luat thich ung (centre co dinh),soc_trang,mild,inf,6,24,2024,0.0,0.0,360.0,10,200.0,21,8,13,77,0,0,7,62,378,20.0,0.144,0.7439
wide,0.02,- luat thich ung (centre co dinh),soc_trang,mild,inf,7,24,2024,0.0,0.0,360.0,8,160.0,21,8,13,77,0,0,6,50,402,20.0,0.144,0.7423
wide,0.02,- luat thich ung (centre co dinh),soc_trang,mild,inf,8,24,2024,0.0,0.0,340.0,3,60.0,17,3,14,76,0,0,7,73,436,20.0,0.156,0.0
wide,0.02,- luat thich ung (centre co dinh),soc_trang,mild,inf,9,24,2024,0.0,0.0,340.0,3,60.0,26,7,19,71,0,0,8,159,584,20.0,0.211,1.9234
wide,0.02,- luat thich ung (centre co dinh),soc_trang,severe,inf,0,24,2024,0.0,0.0,340.0,3,60.0,43,24,19,71,0,0,9,175,584,20.0,0.211,1.2909
wide,0.02,- luat thich ung (centre co dinh),soc_trang,severe,inf,1,24,2024,0.0,0.0,340.0,3,60.0,65,42,23,67,0,0,11,287,698,20.0,0.256,1.5535
wide,0.02,- luat thich ung (centre co dinh),soc_trang,severe,inf,2,24,2024,0.0,0.0,340.0,3,60.0,63,45,18,72,0,0,9,172,510,20.0,0.2,1.4907
wide,0.02,- luat thich ung (centre co dinh),soc_trang,severe,inf,3,24,2024,0.3241,0.0,320.0,6,120.0,70,49,21,69,0,1,5,239,601,20.0,0.233,1.9357
wide,0.02,- luat thich ung (centre co dinh),soc_trang,severe,inf,4,24,2024,0.0,0.0,360.0,5,100.0,52,33,19,71,0,0,11,178,581,20.0,0.211,1.491
wide,0.02,- luat thich ung (centre co dinh),soc_trang,severe,inf,5,24,2024,0.0,0.0,340.0,6,120.0,40,25,15,75,0,0,10,138,473,20.0,0.167,1.4295
wide,0.02,- luat thich ung (centre co dinh),soc_trang,severe,inf,6,24,2024,0.0,0.0,420.0,11,220.0,45,31,14,76,0,0,7,128,469,20.0,0.156,1.8749
wide,0.02,- luat thich ung (centre co dinh),soc_trang,severe,inf,7,24,2024,0.0,0.0,340.0,5,100.0,46,30,16,74,0,0,8,138,493,20.0,0.178,1.3608
wide,0.02,- luat thich ung (centre co dinh),soc_trang,severe,inf,8,24,2024,0.0,0.0,340.0,2,40.0,37,19,18,72,0,0,9,165,537,20.0,0.2,1.2172
wide,0.02,- luat thich ung (centre co dinh),soc_trang,severe,inf,9,24,2024,0.0,0.0,340.0,3,60.0,34,19,15,75,0,0,11,124,476,20.0,0.167,1.1383
wide,0.02,- luat thich ung (centre co dinh),ca_mau,mild,inf,0,24,2024,0.0,0.0,320.0,3,60.0,20,5,15,75,0,0,9,142,475,20.0,0.167,0.8607
wide,0.02,- luat thich ung (centre co dinh),ca_mau,mild,inf,1,24,2024,0.0,0.0,320.0,4,80.0,20,6,14,76,0,0,9,93,486,20.0,0.156,1.0539
wide,0.02,- luat thich ung (centre co dinh),ca_mau,mild,inf,2,24,2024,0.0,0.0,340.0,8,160.0,17,5,12,78,0,0,4,43,378,20.0,0.133,0.0
wide,0.02,- luat thich ung (centre co dinh),ca_mau,mild,inf,3,24,2024,0.0,0.0,320.0,7,140.0,22,9,13,77,0,0,7,101,436,20.0,0.144,1.0541
wide,0.02,- luat thich ung (centre co dinh),ca_mau,mild,inf,4,24,2024,0.0,0.0,320.0,5,100.0,18,5,13,77,0,0,7,94,425,20.0,0.144,0.6086
wide,0.02,- luat thich ung (centre co dinh),ca_mau,mild,inf,5,24,2024,0.0,0.0,340.0,6,120.0,25,10,15,75,0,0,9,127,442,20.0,0.167,1.4272
wide,0.02,- luat thich ung (centre co dinh),ca_mau,mild,inf,6,24,2024,0.0,0.0,340.0,10,200.0,18,7,11,79,0,0,7,81,371,20.0,0.122,0.4303
wide,0.02,- luat thich ung (centre co dinh),ca_mau,mild,inf,7,24,2024,0.0,0.0,340.0,6,120.0,22,9,13,77,0,0,7,94,377,20.0,0.144,1.2172
wide,0.02,- luat thich ung (centre co dinh),ca_mau,mild,inf,8,24,2024,0.0,0.0,340.0,3,60.0,21,6,15,75,0,0,8,89,459,20.0,0.167,0.8607
wide,0.02,- luat thich ung (centre co dinh),ca_mau,mild,inf,9,24,2024,0.0,0.0,320.0,3,60.0,20,6,14,76,0,0,10,109,469,20.0,0.156,1.4271
wide,0.02,- luat thich ung (centre co dinh),ca_mau,severe,inf,0,24,2024,0.0,0.0,320.0,2,40.0,61,39,22,68,0,0,10,192,584,20.0,0.244,1.6667
wide,0.02,- luat thich ung (centre co dinh),ca_mau,severe,inf,1,24,2024,0.0,0.0,340.0,3,60.0,60,40,20,70,0,0,10,245,616,20.0,0.222,1.359
wide,0.02,- luat thich ung (centre co dinh),ca_mau,severe,inf,2,24,2024,0.0,0.0,360.0,6,120.0,37,24,13,77,0,0,8,94,428,20.0,0.144,1.2191
wide,0.02,- luat thich ung (centre co dinh),ca_mau,severe,inf,3,24,2024,0.0,0.0,300.0,6,120.0,65,47,18,72,0,1,8,294,626,20.0,0.2,1.8327
wide,0.02,- luat thich ung (centre co dinh),ca_mau,severe,inf,4,24,2024,0.0,0.0,320.0,4,80.0,42,25,17,73,0,0,8,158,526,20.0,0.189,1.6098
wide,0.02,- luat thich ung (centre co dinh),ca_mau,severe,inf,5,24,2024,0.0,0.0,380.0,7,140.0,39,25,14,76,0,0,9,109,459,20.0,0.156,1.1391
wide,0.02,- luat thich ung (centre co dinh),ca_mau,severe,inf,6,24,2024,0.0,0.0,380.0,10,200.0,45,30,15,75,0,0,7,101,445,20.0,0.167,1.9235
wide,0.02,- luat thich ung (centre co dinh),ca_mau,severe,inf,7,24,2024,0.0,0.0,360.0,7,140.0,48,32,16,74,0,1,4,152,450,20.0,0.178,2.0164
wide,0.02,- luat thich ung (centre co dinh),ca_mau,severe,inf,8,24,2024,0.0,0.0,340.0,3,60.0,42,25,17,73,0,0,8,138,494,20.0,0.189,1.0541
wide,0.02,- luat thich ung (centre co dinh),ca_mau,severe,inf,9,24,2024,0.0,0.0,320.0,3,60.0,39,22,17,73,0,0,8,169,520,20.0,0.189,1.3608
wide,0.02,Oracle (thong tin hoan hao),can_tho,mild,inf,0,24,2024,0.0,0.0,380.0,2,40.0,27,8,19,0,0,0,0,0,0,20.0,0.211,1.2172
wide,0.02,Oracle (thong tin hoan hao),can_tho,mild,inf,1,24,2024,0.0,0.0,380.0,2,40.0,30,11,19,0,0,0,0,0,0,20.0,0.211,1.5187
wide,0.02,Oracle (thong tin hoan hao),can_tho,mild,inf,2,24,2024,0.0,0.0,380.0,7,140.0,24,5,19,0,0,0,0,0,0,20.0,0.211,0.9623
wide,0.02,Oracle (thong tin hoan hao),can_tho,mild,inf,3,24,2024,0.0,0.0,380.0,8,160.0,29,10,19,0,0,0,0,0,0,20.0,0.211,1.3608
wide,0.02,Oracle (thong tin hoan hao),can_tho,mild,inf,4,24,2024,0.0,0.0,380.0,5,100.0,25,6,19,0,0,0,0,0,0,20.0,0.211,1.1224
wide,0.02,Oracle (thong tin hoan hao),can_tho,mild,inf,5,24,2024,0.0,0.0,380.0,8,160.0,24,5,19,0,0,0,0,0,0,20.0,0.211,0.9708
wide,0.02,Oracle (thong tin hoan hao),can_tho,mild,inf,6,24,2024,0.0,0.0,380.0,11,220.0,20,1,19,0,0,0,0,0,0,20.0,0.211,0.4303
wide,0.02,Oracle (thong tin hoan hao),can_tho,mild,inf,7,24,2024,0.0,0.0,380.0,7,140.0,25,6,19,0,0,0,0,0,0,20.0,0.211,1.0541
wide,0.02,Oracle (thong tin hoan hao),can_tho,mild,inf,8,24,2024,0.0,0.0,380.0,2,40.0,27,8,19,0,0,0,0,0,0,20.0,0.211,1.2768
wide,0.02,Oracle (thong tin hoan hao),can_tho,mild,inf,9,24,2024,0.0,0.0,380.0,2,40.0,25,6,19,0,0,0,0,0,0,20.0,0.211,1.1685
wide,0.02,Oracle (thong tin hoan hao),can_tho,severe,inf,0,24,2024,0.0,0.0,380.0,1,20.0,73,54,19,0,0,0,0,0,3,20.0,0.211,2.5589
wide,0.02,Oracle (thong tin hoan hao),can_tho,severe,inf,1,24,2024,0.0,0.0,380.0,3,60.0,44,25,19,0,0,0,0,0,0,20.0,0.211,1.291
wide,0.02,Oracle (thong tin hoan hao),can_tho,severe,inf,2,24,2024,0.0,0.0,380.0,2,40.0,78,59,19,0,0,0,0,0,0,20.0,0.211,2.6745
wide,0.02,Oracle (thong tin hoan hao),can_tho,severe,inf,3,24,2024,0.0,0.0,380.0,2,40.0,64,45,19,0,0,0,0,0,0,20.0,0.211,2.1943
wide,0.02,Oracle (thong tin hoan hao),can_tho,severe,inf,4,24,2024,0.0,0.0,380.0,5,100.0,47,28,19,0,0,0,0,0,0,20.0,0.211,1.743
wide,0.02,Oracle (thong tin hoan hao),can_tho,severe,inf,5,24,2024,0.0,0.0,380.0,4,80.0,45,26,19,0,0,0,0,0,0,20.0,0.211,1.4786
wide,0.02,Oracle (thong tin hoan hao),can_tho,severe,inf,6,24,2024,0.0,0.0,380.0,4,80.0,77,58,19,0,0,0,0,0,0,20.0,0.211,2.4499
wide,0.02,Oracle (thong tin hoan hao),can_tho,severe,inf,7,24,2024,0.0,0.0,380.0,2,40.0,57,38,19,0,0,0,0,0,0,20.0,0.211,1.8025
wide,0.02,Oracle (thong tin hoan hao),can_tho,severe,inf,8,24,2024,0.0,0.0,380.0,1,20.0,61,42,19,0,0,0,0,0,1,20.0,0.211,2.3173
wide,0.02,Oracle (thong tin hoan hao),can_tho,severe,inf,9,24,2024,0.0,0.0,380.0,2,40.0,34,15,19,0,0,0,0,0,0,20.0,0.211,1.0541
wide,0.02,Oracle (thong tin hoan hao),soc_trang,mild,inf,0,24,2024,0.0,0.0,380.0,3,60.0,26,7,19,0,0,0,0,0,0,20.0,0.211,1.1386
wide,0.02,Oracle (thong tin hoan hao),soc_trang,mild,inf,1,24,2024,0.0,0.0,380.0,4,80.0,25,6,19,0,0,0,0,0,0,20.0,0.211,1.1618
wide,0.02,Oracle (thong tin hoan hao),soc_trang,mild,inf,2,24,2024,0.0,0.0,380.0,5,100.0,25,6,19,0,0,0,0,0,0,20.0,0.211,1.0541
wide,0.02,Oracle (thong tin hoan hao),soc_trang,mild,inf,3,24,2024,0.0,0.0,380.0,5,100.0,37,18,19,0,0,0,0,0,0,20.0,0.211,1.893
wide,0.02,Oracle (thong tin hoan hao),soc_trang,mild,inf,4,24,2024,0.0,0.0,380.0,6,120.0,20,1,19,0,0,0,0,0,0,20.0,0.211,0.4303
wide,0.02,Oracle (thong tin hoan hao),soc_trang,mild,inf,5,24,2024,0.0,0.0,380.0,8,160.0,25,6,19,0,0,0,0,0,0,20.0,0.211,1.1184
wide,0.02,Oracle (thong tin hoan hao),soc_trang,mild,inf,6,24,2024,0.0,0.0,380.0,10,200.0,21,2,19,0,0,0,0,0,0,20.0,0.211,0.6086
wide,0.02,Oracle (thong tin hoan hao),soc_trang,mild,inf,7,24,2024,0.0,0.0,380.0,6,120.0,26,7,19,0,0,0,0,0,0,20.0,0.211,1.2197
wide,0.02,Oracle (thong tin hoan hao),soc_trang,mild,inf,8,24,2024,0.0,0.0,380.0,3,60.0,26,7,19,0,0,0,0,0,0,20.0,0.211,1.1386
wide,0.02,Oracle (thong tin hoan hao),soc_trang,mild,inf,9,24,2024,0.0,0.0,380.0,2,40.0,29,10,19,0,0,0,0,0,0,20.0,0.211,1.5007
wide,0.02,Oracle (thong tin hoan hao),soc_trang,severe,inf,0,24,2024,0.0,0.0,380.0,1,20.0,74,55,19,0,0,0,0,0,0,20.0,0.211,2.6768
wide,0.02,Oracle (thong tin hoan hao),soc_trang,severe,inf,1,24,2024,0.0,0.0,380.0,1,20.0,69,50,19,0,0,0,0,0,0,20.0,0.211,1.9288
wide,0.02,Oracle (thong tin hoan hao),soc_trang,severe,inf,2,24,2024,0.0,0.0,380.0,3,60.0,58,39,19,0,0,0,0,0,0,20.0,0.211,2.1045
wide,0.02,Oracle (thong tin hoan hao),soc_trang,severe,inf,3,24,2024,0.0,0.0,380.0,4,80.0,74,55,19,0,0,0,0,0,0,20.0,0.211,2.4649
wide,0.02,Oracle (thong tin hoan hao),soc_trang,severe,inf,4,24,2024,0.0,0.0,380.0,3,60.0,81,62,19,0,0,0,0,0,0,20.0,0.211,2.9675
wide,0.02,Oracle (thong tin hoan hao),soc_trang,severe,inf,5,24,2024,0.0,0.0,380.0,3,60.0,49,30,19,0,0,0,0,0,0,20.0,0.211,1.8257
wide,0.02,Oracle (thong tin hoan hao),soc_trang,severe,inf,6,24,2024,0.0,0.0,380.0,7,140.0,57,38,19,0,0,0,0,0,0,20.0,0.211,2.226
wide,0.02,Oracle (thong tin hoan hao),soc_trang,severe,inf,7,24,2024,0.0,0.0,380.0,1,20.0,72,53,19,0,0,0,0,0,0,20.0,0.211,2.146
wide,0.02,Oracle (thong tin hoan hao),soc_trang,severe,inf,8,24,2024,0.0,0.0,380.0,0,0.0,75,56,19,0,0,0,0,0,0,20.0,0.211,2.5357
wide,0.02,Oracle (thong tin hoan hao),soc_trang,severe,inf,9,24,2024,0.0,0.0,380.0,1,20.0,88,69,19,0,0,0,0,0,0,20.0,0.211,2.85
wide,0.02,Oracle (thong tin hoan hao),ca_mau,mild,inf,0,24,2024,0.0,0.0,360.0,3,60.0,25,7,18,0,0,0,0,0,0,20.0,0.2,1.1386
wide,0.02,Oracle (thong tin hoan hao),ca_mau,mild,inf,1,24,2024,0.0,0.0,360.0,4,80.0,20,2,18,0,0,0,0,0,0,20.0,0.2,0.6814
wide,0.02,Oracle (thong tin hoan hao),ca_mau,mild,inf,2,24,2024,0.0,0.0,360.0,6,120.0,28,10,18,0,0,0,0,0,0,20.0,0.2,1.435
wide,0.02,Oracle (thong tin hoan hao),ca_mau,mild,inf,3,24,2024,0.0,0.0,360.0,7,140.0,29,11,18,0,0,0,0,0,0,20.0,0.2,1.4709
wide,0.02,Oracle (thong tin hoan hao),ca_mau,mild,inf,4,24,2024,0.0,0.0,360.0,6,120.0,20,2,18,0,0,0,0,0,0,20.0,0.2,0.6086
wide,0.02,Oracle (thong tin hoan hao),ca_mau,mild,inf,5,24,2024,0.0,0.0,360.0,6,120.0,25,7,18,0,0,0,0,0,0,20.0,0.2,1.1386
wide,0.02,Oracle (thong tin hoan hao),ca_mau,mild,inf,6,24,2024,0.0,0.0,360.0,10,200.0,19,1,18,0,0,0,0,0,0,20.0,0.2,0.4303
wide,0.02,Oracle (thong tin hoan hao),ca_mau,mild,inf,7,24,2024,0.0,0.0,360.0,7,140.0,27,9,18,0,0,0,0,0,0,20.0,0.2,1.3435
wide,0.02,Oracle (thong tin hoan hao),ca_mau,mild,inf,8,24,2024,0.0,0.0,360.0,3,60.0,23,5,18,0,0,0,0,0,0,20.0,0.2,0.9623
wide,0.02,Oracle (thong tin hoan hao),ca_mau,mild,inf,9,24,2024,0.0,0.0,360.0,2,40.0,31,13,18,0,0,0,0,0,0,20.0,0.2,1.6833
wide,0.02,Oracle (thong tin hoan hao),ca_mau,severe,inf,0,24,2024,0.0,0.0,360.0,0,0.0,54,36,18,0,0,0,0,0,0,20.0,0.2,1.8668
wide,0.02,Oracle (thong tin hoan hao),ca_mau,severe,inf,1,24,2024,0.0,0.0,360.0,1,20.0,50,32,18,0,0,0,0,0,0,20.0,0.2,1.6674
wide,0.02,Oracle (thong tin hoan hao),ca_mau,severe,inf,2,24,2024,0.0,0.0,360.0,5,100.0,70,52,18,0,0,0,0,0,0,20.0,0.2,2.6051
wide,0.02,Oracle (thong tin hoan hao),ca_mau,severe,inf,3,24,2024,0.0,0.0,360.0,5,100.0,60,42,18,0,0,0,0,0,0,20.0,0.2,1.9354
wide,0.02,Oracle (thong tin hoan hao),ca_mau,severe,inf,4,24,2024,0.0,0.0,360.0,2,40.0,39,21,18,0,0,0,0,0,0,20.0,0.2,1.291
wide,0.02,Oracle (thong tin hoan hao),ca_mau,severe,inf,5,24,2024,0.0,0.0,360.0,3,60.0,54,36,18,0,0,0,0,0,0,20.0,0.2,2.3232
wide,0.02,Oracle (thong tin hoan hao),ca_mau,severe,inf,6,24,2024,0.0,0.0,360.0,7,140.0,64,46,18,0,0,0,0,0,0,20.0,0.2,2.396
wide,0.02,Oracle (thong tin hoan hao),ca_mau,severe,inf,7,24,2024,0.0,0.0,360.0,2,40.0,55,37,18,0,0,0,0,0,0,20.0,0.2,2.1
wide,0.02,Oracle (thong tin hoan hao),ca_mau,severe,inf,8,24,2024,0.0,0.0,360.0,2,40.0,63,45,18,0,0,0,0,0,0,20.0,0.2,2.4157
wide,0.02,Oracle (thong tin hoan hao),ca_mau,severe,inf,9,24,2024,0.0,0.0,360.0,2,40.0,48,30,18,0,0,0,0,0,0,20.0,0.2,1.8203
narrow,0.1,FULL (de xuat),can_tho,mild,80.0,0,24,2024,41.3426,0.0,80.0,0,0.0,4,0,4,86,0,0,4,1736,1449,20.0,0.044,0.0
narrow,0.1,FULL (de xuat),can_tho,mild,80.0,1,24,2024,42.2685,0.0,80.0,1,20.0,4,1,3,87,0,0,3,1722,1402,20.0,0.033,0.0
narrow,0.1,FULL (de xuat),can_tho,mild,80.0,2,24,2024,41.4352,0.0,80.0,1,20.0,7,3,4,86,0,0,3,1730,1424,20.0,0.044,0.7454
narrow,0.1,FULL (de xuat),can_tho,mild,80.0,3,24,2024,42.3148,0.0,80.0,2,40.0,4,1,3,87,0,0,3,1722,1401,20.0,0.033,0.0
narrow,0.1,FULL (de xuat),can_tho,mild,80.0,4,24,2024,41.5278,0.0,80.0,1,20.0,4,1,3,87,0,0,3,1736,1423,20.0,0.033,0.0
narrow,0.1,FULL (de xuat),can_tho,mild,80.0,5,24,2024,42.3148,0.0,80.0,1,20.0,4,1,3,87,0,0,3,1722,1401,20.0,0.033,0.0
narrow,0.1,FULL (de xuat),can_tho,mild,80.0,6,24,2024,42.4074,0.0,80.0,3,60.0,4,2,2,88,0,0,2,1711,1367,20.0,0.022,0.0
narrow,0.1,FULL (de xuat),can_tho,mild,80.0,7,24,2024,41.9907,0.0,80.0,2,40.0,6,3,3,87,0,0,2,1733,1404,20.0,0.033,0.9622
narrow,0.1,FULL (de xuat),can_tho,mild,80.0,8,24,2024,41.3426,0.0,80.0,0,0.0,4,0,4,86,0,0,4,1736,1449,20.0,0.044,0.0
narrow,0.1,FULL (de xuat),can_tho,mild,80.0,9,24,2024,42.3148,0.0,80.0,1,20.0,4,1,3,87,0,0,3,1722,1401,20.0,0.033,0.0
narrow,0.1,FULL (de xuat),can_tho,severe,80.0,0,24,2024,41.2037,0.0,80.0,0,0.0,11,6,5,85,0,0,4,1759,1464,20.0,0.056,0.4303
narrow,0.1,FULL (de xuat),can_tho,severe,80.0,1,24,2024,42.2685,0.0,80.0,1,20.0,5,2,3,87,0,0,3,1723,1403,20.0,0.033,0.4303
narrow,0.1,FULL (de xuat),can_tho,severe,80.0,2,24,2024,44.4907,0.0,80.0,2,40.0,4,2,2,88,0,0,2,1758,1412,20.0,0.022,0.6086
narrow,0.1,FULL (de xuat),can_tho,severe,80.0,3,24,2024,39.6759,0.0,80.0,1,20.0,20,14,6,84,0,1,2,1788,1474,26.67,0.067,1.1385
narrow,0.1,FULL (de xuat),can_tho,severe,80.0,4,24,2024,41.2037,0.0,80.0,0,0.0,17,12,5,85,0,0,4,1764,1469,20.0,0.056,0.7454
narrow,0.1,FULL (de xuat),can_tho,severe,80.0,5,24,2024,42.3148,0.0,80.0,1,20.0,4,1,3,87,0,0,3,1722,1401,20.0,0.033,0.4303
narrow,0.1,FULL (de xuat),can_tho,severe,80.0,6,24,2024,41.3889,0.0,80.0,3,60.0,16,12,4,86,0,0,3,1733,1435,20.0,0.044,1.0541
narrow,0.1,FULL (de xuat),can_tho,severe,80.0,7,24,2024,43.8889,0.0,80.0,1,40.0,11,8,3,87,0,1,0,1821,1453,40.0,0.033,1.1385
narrow,0.1,FULL (de xuat),can_tho,severe,80.0,8,24,2024,41.3426,0.0,80.0,0,0.0,8,4,4,86,0,0,4,1740,1453,20.0,0.044,0.4303
narrow,0.1,FULL (de xuat),can_tho,severe,80.0,9,24,2024,41.3426,0.0,80.0,0,0.0,8,4,4,86,0,0,4,1737,1450,20.0,0.044,0.8607
narrow,0.1,FULL (de xuat),soc_trang,mild,80.0,0,24,2024,40.2315,0.0,80.0,0,0.0,4,0,4,86,0,0,4,1737,1558,20.0,0.044,0.0
narrow,0.1,FULL (de xuat),soc_trang,mild,80.0,1,24,2024,41.2037,0.0,80.0,1,20.0,4,1,3,87,0,0,3,1723,1502,20.0,0.033,0.0
narrow,0.1,FULL (de xuat),soc_trang,mild,80.0,2,24,2024,41.2037,0.0,80.0,2,40.0,5,2,3,87,0,0,3,1724,1503,20.0,0.033,0.4303
narrow,0.1,FULL (de xuat),soc_trang,mild,80.0,3,24,2024,41.2037,0.0,80.0,2,40.0,4,1,3,87,0,0,3,1705,1499,20.0,0.033,0.0
narrow,0.1,FULL (de xuat),soc_trang,mild,80.0,4,24,2024,41.25,0.0,80.0,1,20.0,4,1,3,87,0,0,3,1703,1499,20.0,0.033,0.0
narrow,0.1,FULL (de xuat),soc_trang,mild,80.0,5,24,2024,41.2037,0.0,80.0,1,20.0,4,1,3,87,0,0,3,1705,1499,20.0,0.033,0.0
narrow,0.1,FULL (de xuat),soc_trang,mild,80.0,6,24,2024,41.4352,0.0,80.0,3,60.0,4,2,2,88,0,0,2,1685,1460,20.0,0.022,0.0
narrow,0.1,FULL (de xuat),soc_trang,mild,80.0,7,24,2024,41.2037,0.0,80.0,2,40.0,4,2,2,88,0,0,2,1715,1469,20.0,0.022,0.0
narrow,0.1,FULL (de xuat),soc_trang,mild,80.0,8,24,2024,41.1111,0.0,80.0,0,0.0,4,0,4,86,0,0,4,1733,1538,20.0,0.044,0.0
narrow,0.1,FULL (de xuat),soc_trang,mild,80.0,9,24,2024,41.2037,0.0,80.0,1,20.0,4,1,3,87,0,0,3,1705,1499,20.0,0.033,0.0
narrow,0.1,FULL (de xuat),soc_trang,severe,80.0,0,24,2024,40.2315,0.0,80.0,0,0.0,6,2,4,86,0,0,4,1739,1560,20.0,0.044,0.0
narrow,0.1,FULL (de xuat),soc_trang,severe,80.0,1,24,2024,41.1111,0.0,80.0,1,20.0,7,3,4,86,0,0,4,1733,1538,20.0,0.044,0.6086
narrow,0.1,FULL (de xuat),soc_trang,severe,80.0,2,24,2024,44.3981,0.0,80.0,2,40.0,4,2,2,88,0,0,2,1739,1494,20.0,0.022,0.6086
narrow,0.1,FULL (de xuat),soc_trang,severe,80.0,3,24,2024,40.3241,0.0,80.0,1,20.0,17,12,5,85,0,1,1,1762,1519,26.67,0.056,1.0539
narrow,0.1,FULL (de xuat),soc_trang,severe,80.0,4,24,2024,40.2315,0.0,80.0,0,0.0,17,12,5,85,0,0,4,1745,1565,20.0,0.056,0.7454
narrow,0.1,FULL (de xuat),soc_trang,severe,80.0,5,24,2024,41.2037,0.0,80.0,1,20.0,4,1,3,87,0,0,3,1705,1499,20.0,0.033,0.4303
narrow,0.1,FULL (de xuat),soc_trang,severe,80.0,6,24,2024,41.1574,0.0,80.0,3,60.0,16,12,4,86,0,0,3,1710,1517,20.0,0.044,1.0541
narrow,0.1,FULL (de xuat),soc_trang,severe,80.0,7,24,2024,43.75,0.0,80.0,1,40.0,10,7,3,87,0,1,0,1801,1549,40.0,0.033,1.1385
narrow,0.1,FULL (de xuat),soc_trang,severe,80.0,8,24,2024,39.6296,0.0,80.0,0,0.0,16,10,6,84,0,1,2,1774,1570,26.67,0.067,0.7454
narrow,0.1,FULL (de xuat),soc_trang,severe,80.0,9,24,2024,40.1852,0.0,80.0,0,0.0,11,6,5,85,0,0,4,1756,1562,20.0,0.056,0.9623
narrow,0.1,FULL (de xuat),ca_mau,mild,80.0,0,24,2024,36.9907,0.0,80.0,0,0.0,6,1,5,85,0,0,4,1728,1548,20.0,0.056,0.6086
narrow,0.1,FULL (de xuat),ca_mau,mild,80.0,1,24,2024,39.1667,0.0,80.0,1,20.0,4,1,3,87,0,0,3,1680,1467,20.0,0.033,0.0
narrow,0.1,FULL (de xuat),ca_mau,mild,80.0,2,24,2024,39.1667,0.0,80.0,2,40.0,5,2,3,87,0,0,3,1681,1468,20.0,0.033,0.4303
narrow,0.1,FULL (de xuat),ca_mau,mild,80.0,3,24,2024,38.9815,0.0,80.0,2,40.0,4,1,3,87,0,0,3,1698,1478,20.0,0.033,0.0
narrow,0.1,FULL (de xuat),ca_mau,mild,80.0,4,24,2024,37.5,0.0,80.0,1,20.0,5,1,4,86,0,0,4,1682,1514,20.0,0.044,0.4303
narrow,0.1,FULL (de xuat),ca_mau,mild,80.0,5,24,2024,38.9815,0.0,80.0,1,20.0,4,1,3,87,0,0,3,1698,1478,20.0,0.033,0.0
narrow,0.1,FULL (de xuat),ca_mau,mild,80.0,6,24,2024,39.9537,0.0,80.0,3,60.0,4,2,2,88,0,0,2,1671,1457,20.0,0.022,0.0
narrow,0.1,FULL (de xuat),ca_mau,mild,80.0,7,24,2024,39.9537,0.0,80.0,2,40.0,4,2,2,88,0,0,2,1671,1457,20.0,0.022,0.0
narrow,0.1,FULL (de xuat),ca_mau,mild,80.0,8,24,2024,37.5,0.0,80.0,0,0.0,4,0,4,86,0,0,4,1682,1514,20.0,0.044,0.0
narrow,0.1,FULL (de xuat),ca_mau,mild,80.0,9,24,2024,38.9815,0.0,80.0,1,20.0,5,2,3,87,0,0,3,1699,1479,20.0,0.033,0.4303
narrow,0.1,FULL (de xuat),ca_mau,severe,80.0,0,24,2024,37.5,0.0,80.0,0,0.0,4,0,4,86,0,0,4,1682,1514,20.0,0.044,0.0
narrow,0.1,FULL (de xuat),ca_mau,severe,80.0,1,24,2024,37.0833,0.0,80.0,0,0.0,15,10,5,85,0,0,4,1702,1538,20.0,0.056,0.7454
narrow,0.1,FULL (de xuat),ca_mau,severe,80.0,2,24,2024,35.5556,0.0,80.0,0,0.0,19,13,6,84,0,0,4,1759,1580,20.0,0.067,1.054
narrow,0.1,FULL (de xuat),ca_mau,severe,80.0,3,24,2024,36.1574,0.0,80.0,1,20.0,18,12,6,84,0,1,2,1740,1568,26.67,0.067,1.1385
narrow,0.1,FULL (de xuat),ca_mau,severe,80.0,4,24,2024,38.3333,0.0,80.0,1,20.0,9,6,3,87,0,0,3,1703,1500,20.0,0.033,0.4303
narrow,0.1,FULL (de xuat),ca_mau,severe,80.0,5,24,2024,38.9815,0.0,80.0,1,20.0,6,3,3,87,0,0,3,1700,1480,20.0,0.033,0.4303
narrow,0.1,FULL (de xuat),ca_mau,severe,80.0,6,24,2024,39.1667,0.0,80.0,3,60.0,12,9,3,87,0,0,3,1680,1467,20.0,0.033,0.9623
narrow,0.1,FULL (de xuat),ca_mau,severe,80.0,7,24,2024,35.5556,0.0,80.0,1,20.0,24,18,6,84,0,1,2,1732,1530,20.0,0.067,1.2171
narrow,0.1,FULL (de xuat),ca_mau,severe,80.0,8,24,2024,35.2778,0.0,80.0,0,0.0,26,17,9,81,0,1,3,1748,1569,20.0,0.1,1.2909
narrow,0.1,FULL (de xuat),ca_mau,severe,80.0,9,24,2024,37.2222,0.0,80.0,0,0.0,13,8,5,85,0,0,4,1699,1520,20.0,0.056,0.9623
narrow,0.1,- whatif (twin->predictor),can_tho,mild,80.0,0,24,2024,49.1667,0.0,80.0,0,0.0,2,0,2,88,0,0,0,1807,1413,40.0,0.022,0.0
narrow,0.1,- whatif (twin->predictor),can_tho,mild,80.0,1,24,2024,49.1667,0.0,80.0,0,0.0,2,0,2,88,0,0,0,1807,1413,40.0,0.022,0.0
narrow,0.1,- whatif (twin->predictor),can_tho,mild,80.0,2,24,2024,49.1667,0.0,80.0,0,0.0,2,0,2,88,0,0,0,1807,1413,40.0,0.022,0.0
narrow,0.1,- whatif (twin->predictor),can_tho,mild,80.0,3,24,2024,49.1667,0.0,80.0,0,0.0,2,0,2,88,0,0,0,1807,1413,40.0,0.022,0.0
narrow,0.1,- whatif (twin->predictor),can_tho,mild,80.0,4,24,2024,48.3333,0.0,80.0,1,20.0,4,1,3,87,0,0,0,1785,1391,40.0,0.033,0.8466
narrow,0.1,- whatif (twin->predictor),can_tho,mild,80.0,5,24,2024,49.1667,0.0,80.0,0,0.0,2,0,2,88,0,0,0,1807,1413,40.0,0.022,0.0
narrow,0.1,- whatif (twin->predictor),can_tho,mild,80.0,6,24,2024,49.1667,0.0,80.0,1,20.0,2,0,2,88,0,0,0,1807,1413,40.0,0.022,0.0
narrow,0.1,- whatif (twin->predictor),can_tho,mild,80.0,7,24,2024,49.1667,0.0,80.0,1,20.0,3,1,2,88,0,0,0,1807,1413,40.0,0.022,0.5986
narrow,0.1,- whatif (twin->predictor),can_tho,mild,80.0,8,24,2024,49.1667,0.0,80.0,0,0.0,2,0,2,88,0,0,0,1807,1413,40.0,0.022,0.0
narrow,0.1,- whatif (twin->predictor),can_tho,mild,80.0,9,24,2024,49.1667,0.0,80.0,0,0.0,2,0,2,88,0,0,0,1807,1413,40.0,0.022,0.0
narrow,0.1,- whatif (twin->predictor),can_tho,severe,80.0,0,24,2024,49.1667,0.0,80.0,0,0.0,2,0,2,88,0,0,0,1807,1413,40.0,0.022,0.0
narrow,0.1,- whatif (twin->predictor),can_tho,severe,80.0,1,24,2024,52.4537,0.0,80.0,0,0.0,7,4,3,87,0,1,0,1402,1418,40.0,0.033,0.4303
narrow,0.1,- whatif (twin->predictor),can_tho,severe,80.0,2,24,2024,48.3333,0.0,80.0,0,0.0,8,5,3,87,0,0,0,1785,1391,40.0,0.033,0.7373
narrow,0.1,- whatif (twin->predictor),can_tho,severe,80.0,3,24,2024,52.4537,0.0,80.0,0,0.0,10,6,4,86,0,1,0,1402,1418,40.0,0.044,0.8607
narrow,0.1,- whatif (twin->predictor),can_tho,severe,80.0,4,24,2024,49.1667,0.0,80.0,1,20.0,2,0,2,88,0,0,0,1807,1413,40.0,0.022,0.5986
narrow,0.1,- whatif (twin->predictor),can_tho,severe,80.0,5,24,2024,49.1667,0.0,80.0,0,0.0,3,1,2,88,0,0,0,1807,1413,40.0,0.022,0.4303
narrow,0.1,- whatif (twin->predictor),can_tho,severe,80.0,6,24,2024,49.1667,0.0,80.0,1,20.0,5,3,2,88,0,0,0,1807,1413,40.0,0.022,0.4303
narrow,0.1,- whatif (twin->predictor),can_tho,severe,80.0,7,24,2024,52.4537,0.0,80.0,0,0.0,8,5,3,87,0,1,0,1402,1418,40.0,0.033,0.8537
narrow,0.1,- whatif (twin->predictor),can_tho,severe,80.0,8,24,2024,49.1667,0.0,80.0,0,0.0,2,0,2,88,0,0,0,1807,1413,40.0,0.022,0.0
narrow,0.1,- whatif (twin->predictor),can_tho,severe,80.0,9,24,2024,49.1667,0.0,80.0,0,0.0,4,2,2,88,0,0,0,1807,1413,40.0,0.022,0.4303
narrow,0.1,- whatif (twin->predictor),soc_trang,mild,80.0,0,24,2024,50.1852,0.0,80.0,0,0.0,4,1,3,87,0,0,0,1808,1511,40.0,0.033,0.6086
narrow,0.1,- whatif (twin->predictor),soc_trang,mild,80.0,1,24,2024,50.1852,0.0,80.0,0,0.0,2,0,2,88,0,0,0,1808,1511,40.0,0.022,0.0
narrow,0.1,- whatif (twin->predictor),soc_trang,mild,80.0,2,24,2024,49.213,0.0,80.0,0,0.0,4,1,3,87,0,0,0,1786,1488,40.0,0.033,0.7598
narrow,0.1,- whatif (twin->predictor),soc_trang,mild,80.0,3,24,2024,50.1852,0.0,80.0,0,0.0,2,0,2,88,0,0,0,1808,1511,40.0,0.022,0.0
narrow,0.1,- whatif (twin->predictor),soc_trang,mild,80.0,4,24,2024,50.1852,0.0,80.0,1,20.0,2,0,2,88,0,0,0,1808,1511,40.0,0.022,0.0
narrow,0.1,- whatif (twin->predictor),soc_trang,mild,80.0,5,24,2024,49.213,0.0,80.0,0,0.0,2,0,2,88,0,0,0,1786,1488,40.0,0.022,0.0
narrow,0.1,- whatif (twin->predictor),soc_trang,mild,80.0,6,24,2024,50.1852,0.0,80.0,1,20.0,2,0,2,88,0,0,0,1808,1511,40.0,0.022,0.0
narrow,0.1,- whatif (twin->predictor),soc_trang,mild,80.0,7,24,2024,49.213,0.0,80.0,1,20.0,3,1,2,88,0,0,0,1786,1488,40.0,0.022,0.6372
narrow,0.1,- whatif (twin->predictor),soc_trang,mild,80.0,8,24,2024,50.1852,0.0,80.0,0,0.0,2,0,2,88,0,0,0,1808,1511,40.0,0.022,0.0
narrow,0.1,- whatif (twin->predictor),soc_trang,mild,80.0,9,24,2024,50.1852,0.0,80.0,0,0.0,2,0,2,88,0,0,0,1808,1511,40.0,0.022,0.0
narrow,0.1,- whatif (twin->predictor),soc_trang,severe,80.0,0,24,2024,50.1852,0.0,80.0,0,0.0,2,0,2,88,0,0,0,1808,1511,40.0,0.022,0.0
narrow,0.1,- whatif (twin->predictor),soc_trang,severe,80.0,1,24,2024,52.5926,0.0,80.0,0,0.0,12,8,4,86,0,1,0,1577,1580,40.0,0.044,0.6884
narrow,0.1,- whatif (twin->predictor),soc_trang,severe,80.0,2,24,2024,53.5185,0.0,80.0,0,0.0,6,3,3,87,0,1,0,1597,1586,40.0,0.033,0.7454
narrow,0.1,- whatif (twin->predictor),soc_trang,severe,80.0,3,24,2024,53.5185,0.0,80.0,0,0.0,13,9,4,86,0,1,0,1621,1586,40.0,0.044,0.8607
narrow,0.1,- whatif (twin->predictor),soc_trang,severe,80.0,4,24,2024,50.1852,0.0,80.0,1,20.0,2,0,2,88,0,0,0,1808,1511,40.0,0.022,0.5372
narrow,0.1,- whatif (twin->predictor),soc_trang,severe,80.0,5,24,2024,49.213,0.0,80.0,0,0.0,3,1,2,88,0,0,0,1786,1488,40.0,0.022,0.4303
narrow,0.1,- whatif (twin->predictor),soc_trang,severe,80.0,6,24,2024,50.1852,0.0,80.0,1,20.0,3,1,2,88,0,0,0,1808,1511,40.0,0.022,0.8733
narrow,0.1,- whatif (twin->predictor),soc_trang,severe,80.0,7,24,2024,52.5926,0.0,60.0,0,0.0,15,11,4,86,0,0,0,1863,1580,60.0,0.044,1.0708
narrow,0.1,- whatif (twin->predictor),soc_trang,severe,80.0,8,24,2024,50.1852,0.0,80.0,0,0.0,3,1,2,88,0,0,0,1808,1511,40.0,0.022,0.0
narrow,0.1,- whatif (twin->predictor),soc_trang,severe,80.0,9,24,2024,50.1852,0.0,80.0,0,0.0,4,2,2,88,0,0,0,1808,1511,40.0,0.022,0.4303
narrow,0.1,- whatif (twin->predictor),ca_mau,mild,80.0,0,24,2024,48.5185,0.0,80.0,0,0.0,2,0,2,88,0,0,0,1784,1487,40.0,0.022,0.0
narrow,0.1,- whatif (twin->predictor),ca_mau,mild,80.0,1,24,2024,48.5185,0.0,80.0,0,0.0,2,0,2,88,0,0,0,1784,1487,40.0,0.022,0.0
narrow,0.1,- whatif (twin->predictor),ca_mau,mild,80.0,2,24,2024,48.5185,0.0,80.0,0,0.0,2,0,2,88,0,0,0,1784,1487,40.0,0.022,0.0
narrow,0.1,- whatif (twin->predictor),ca_mau,mild,80.0,3,24,2024,48.5185,0.0,80.0,0,0.0,2,0,2,88,0,0,0,1784,1487,40.0,0.022,0.0
narrow,0.1,- whatif (twin->predictor),ca_mau,mild,80.0,4,24,2024,46.7593,0.0,80.0,1,20.0,4,1,3,87,0,0,0,1761,1463,40.0,0.033,0.8342
narrow,0.1,- whatif (twin->predictor),ca_mau,mild,80.0,5,24,2024,48.5185,0.0,80.0,0,0.0,2,0,2,88,0,0,0,1784,1487,40.0,0.022,0.0
narrow,0.1,- whatif (twin->predictor),ca_mau,mild,80.0,6,24,2024,48.5185,0.0,80.0,1,20.0,2,0,2,88,0,0,0,1784,1487,40.0,0.022,0.0
narrow,0.1,- whatif (twin->predictor),ca_mau,mild,80.0,7,24,2024,48.5185,0.0,80.0,1,20.0,3,1,2,88,0,0,0,1784,1487,40.0,0.022,0.5899
narrow,0.1,- whatif (twin->predictor),ca_mau,mild,80.0,8,24,2024,48.5185,0.0,80.0,0,0.0,2,0,2,88,0,0,0,1784,1487,40.0,0.022,0.0
narrow,0.1,- whatif (twin->predictor),ca_mau,mild,80.0,9,24,2024,48.5185,0.0,80.0,0,0.0,2,0,2,88,0,0,0,1784,1487,40.0,0.022,0.0
narrow,0.1,- whatif (twin->predictor),ca_mau,severe,80.0,0,24,2024,48.5185,0.0,80.0,0,0.0,2,0,2,88,0,0,0,1784,1487,40.0,0.022,0.0
narrow,0.1,- whatif (twin->predictor),ca_mau,severe,80.0,1,24,2024,52.2222,0.0,80.0,0,0.0,7,4,3,87,0,1,0,1551,1581,40.0,0.033,0.4303
narrow,0.1,- whatif (twin->predictor),ca_mau,severe,80.0,2,24,2024,46.7593,0.0,80.0,0,0.0,8,5,3,87,0,0,0,1761,1463,40.0,0.033,0.7302
narrow,0.1,- whatif (twin->predictor),ca_mau,severe,80.0,3,24,2024,52.2222,0.0,80.0,0,0.0,14,9,5,85,0,1,0,1575,1581,40.0,0.056,0.9623
narrow,0.1,- whatif (twin->predictor),ca_mau,severe,80.0,4,24,2024,48.5185,0.0,80.0,1,20.0,2,0,2,88,0,0,0,1784,1487,40.0,0.022,0.5899
narrow,0.1,- whatif (twin->predictor),ca_mau,severe,80.0,5,24,2024,48.5185,0.0,80.0,0,0.0,3,1,2,88,0,0,0,1784,1487,40.0,0.022,0.4303
narrow,0.1,- whatif (twin->predictor),ca_mau,severe,80.0,6,24,2024,48.5185,0.0,80.0,1,20.0,5,3,2,88,0,0,0,1784,1487,40.0,0.022,0.4303
narrow,0.1,- whatif (twin->predictor),ca_mau,severe,80.0,7,24,2024,52.2222,0.0,80.0,0,0.0,8,5,3,87,0,1,0,1551,1581,40.0,0.033,0.8475
narrow,0.1,- whatif (twin->predictor),ca_mau,severe,80.0,8,24,2024,48.5185,0.0,80.0,0,0.0,2,0,2,88,0,0,0,1784,1487,40.0,0.022,0.0
narrow,0.1,- whatif (twin->predictor),ca_mau,severe,80.0,9,24,2024,48.5185,0.0,80.0,0,0.0,4,2,2,88,0,0,0,1784,1487,40.0,0.022,0.4303
narrow,0.1,- T2 (gui lai mu),can_tho,mild,80.0,0,24,2024,41.3426,0.0,80.0,0,0.0,4,0,4,86,0,0,4,1736,1449,20.0,0.044,0.0
narrow,0.1,- T2 (gui lai mu),can_tho,mild,80.0,1,24,2024,42.2685,0.0,80.0,1,20.0,4,1,3,87,0,0,3,1722,1402,20.0,0.033,0.0
narrow,0.1,- T2 (gui lai mu),can_tho,mild,80.0,2,24,2024,44.4907,0.0,80.0,2,40.0,7,5,2,88,0,0,2,1759,1413,20.0,0.022,0.6338
narrow,0.1,- T2 (gui lai mu),can_tho,mild,80.0,3,24,2024,44.4907,0.0,80.0,2,40.0,4,2,2,88,0,0,2,1758,1412,20.0,0.022,0.0
narrow,0.1,- T2 (gui lai mu),can_tho,mild,80.0,4,24,2024,41.5278,0.0,80.0,1,20.0,4,1,3,87,0,0,3,1736,1423,20.0,0.033,0.0
narrow,0.1,- T2 (gui lai mu),can_tho,mild,80.0,5,24,2024,42.3148,0.0,80.0,1,20.0,4,1,3,87,0,0,3,1722,1401,20.0,0.033,0.0
narrow,0.1,- T2 (gui lai mu),can_tho,mild,80.0,6,24,2024,50.0463,0.0,80.0,3,60.0,4,3,1,89,0,0,1,1821,1453,20.0,0.011,0.0
narrow,0.1,- T2 (gui lai mu),can_tho,mild,80.0,7,24,2024,42.3611,0.0,80.0,2,40.0,7,5,2,88,0,0,2,1718,1386,20.0,0.022,1.0541
narrow,0.1,- T2 (gui lai mu),can_tho,mild,80.0,8,24,2024,41.3426,0.0,80.0,0,0.0,4,0,4,86,0,0,4,1736,1449,20.0,0.044,0.0
narrow,0.1,- T2 (gui lai mu),can_tho,mild,80.0,9,24,2024,42.3148,0.0,80.0,1,20.0,4,1,3,87,0,0,3,1722,1401,20.0,0.033,0.0
narrow,0.1,- T2 (gui lai mu),can_tho,severe,80.0,0,24,2024,41.3426,0.0,80.0,0,0.0,11,7,4,86,0,0,4,1743,1456,20.0,0.044,0.4303
narrow,0.1,- T2 (gui lai mu),can_tho,severe,80.0,1,24,2024,42.2685,0.0,80.0,1,20.0,5,2,3,87,0,0,3,1723,1403,20.0,0.033,0.4303
narrow,0.1,- T2 (gui lai mu),can_tho,severe,80.0,2,24,2024,44.4907,0.0,80.0,2,40.0,4,2,2,88,0,0,2,1758,1412,20.0,0.022,0.6086
narrow,0.1,- T2 (gui lai mu),can_tho,severe,80.0,3,24,2024,44.4907,0.0,80.0,2,40.0,17,15,2,88,0,0,2,1769,1423,20.0,0.022,1.2172
narrow,0.1,- T2 (gui lai mu),can_tho,severe,80.0,4,24,2024,41.4815,0.0,80.0,1,20.0,18,15,3,87,0,0,3,1743,1432,20.0,0.033,1.2172
narrow,0.1,- T2 (gui lai mu),can_tho,severe,80.0,5,24,2024,42.3148,0.0,80.0,1,20.0,4,1,3,87,0,0,3,1722,1401,20.0,0.033,0.4303
narrow,0.1,- T2 (gui lai mu),can_tho,severe,80.0,6,24,2024,48.8889,0.0,80.0,3,60.0,20,19,1,89,0,0,1,1804,1435,20.0,0.011,1.1463
narrow,0.1,- T2 (gui lai mu),can_tho,severe,80.0,7,24,2024,42.3611,0.0,80.0,2,40.0,13,11,2,88,0,0,2,1720,1387,20.0,0.022,1.1446
narrow,0.1,- T2 (gui lai mu),can_tho,severe,80.0,8,24,2024,41.3426,0.0,80.0,0,0.0,8,4,4,86,0,0,4,1740,1453,20.0,0.044,0.4303
narrow,0.1,- T2 (gui lai mu),can_tho,severe,80.0,9,24,2024,42.3148,0.0,80.0,1,20.0,13,10,3,87,0,0,3,1722,1401,20.0,0.033,1.3599
narrow,0.1,- T2 (gui lai mu),soc_trang,mild,80.0,0,24,2024,40.2315,0.0,80.0,0,0.0,4,0,4,86,0,0,4,1737,1558,20.0,0.044,0.0
narrow,0.1,- T2 (gui lai mu),soc_trang,mild,80.0,1,24,2024,41.2037,0.0,80.0,1,20.0,4,1,3,87,0,0,3,1723,1502,20.0,0.033,0.0
narrow,0.1,- T2 (gui lai mu),soc_trang,mild,80.0,2,24,2024,44.3981,0.0,80.0,2,40.0,7,5,2,88,0,0,2,1740,1495,20.0,0.022,0.63
narrow,0.1,- T2 (gui lai mu),soc_trang,mild,80.0,3,24,2024,44.3981,0.0,80.0,2,40.0,4,2,2,88,0,0,2,1739,1494,20.0,0.022,0.0
narrow,0.1,- T2 (gui lai mu),soc_trang,mild,80.0,4,24,2024,41.25,0.0,80.0,1,20.0,4,1,3,87,0,0,3,1703,1499,20.0,0.033,0.0
narrow,0.1,- T2 (gui lai mu),soc_trang,mild,80.0,5,24,2024,41.2037,0.0,80.0,1,20.0,4,1,3,87,0,0,3,1705,1499,20.0,0.033,0.0
narrow,0.1,- T2 (gui lai mu),soc_trang,mild,80.0,6,24,2024,50.0926,0.0,80.0,3,60.0,4,3,1,89,0,0,1,1803,1548,20.0,0.011,0.0
narrow,0.1,- T2 (gui lai mu),soc_trang,mild,80.0,7,24,2024,41.2037,0.0,80.0,2,40.0,4,2,2,88,0,0,2,1715,1469,20.0,0.022,0.0
narrow,0.1,- T2 (gui lai mu),soc_trang,mild,80.0,8,24,2024,41.1111,0.0,80.0,0,0.0,4,0,4,86,0,0,4,1733,1538,20.0,0.044,0.0
narrow,0.1,- T2 (gui lai mu),soc_trang,mild,80.0,9,24,2024,41.2037,0.0,80.0,1,20.0,4,1,3,87,0,0,3,1705,1499,20.0,0.033,0.0
narrow,0.1,- T2 (gui lai mu),soc_trang,severe,80.0,0,24,2024,40.2315,0.0,80.0,0,0.0,6,2,4,86,0,0,4,1739,1560,20.0,0.044,0.0
narrow,0.1,- T2 (gui lai mu),soc_trang,severe,80.0,1,24,2024,41.2037,0.0,80.0,1,20.0,7,4,3,87,0,0,3,1723,1502,20.0,0.033,0.6086
narrow,0.1,- T2 (gui lai mu),soc_trang,severe,80.0,2,24,2024,44.3981,0.0,80.0,2,40.0,4,2,2,88,0,0,2,1739,1494,20.0,0.022,0.6086
narrow,0.1,- T2 (gui lai mu),soc_trang,severe,80.0,3,24,2024,44.3519,0.0,80.0,2,40.0,17,15,2,88,0,0,2,1751,1503,20.0,0.022,1.2172
narrow,0.1,- T2 (gui lai mu),soc_trang,severe,80.0,4,24,2024,41.25,0.0,80.0,1,20.0,18,15,3,87,0,0,3,1712,1508,20.0,0.033,1.2172
narrow,0.1,- T2 (gui lai mu),soc_trang,severe,80.0,5,24,2024,41.2037,0.0,80.0,1,20.0,4,1,3,87,0,0,3,1705,1499,20.0,0.033,0.4303
narrow,0.1,- T2 (gui lai mu),soc_trang,severe,80.0,6,24,2024,48.9815,0.0,80.0,3,60.0,20,19,1,89,0,0,1,1786,1530,20.0,0.011,1.1453
narrow,0.1,- T2 (gui lai mu),soc_trang,severe,80.0,7,24,2024,41.2037,0.0,80.0,2,40.0,13,11,2,88,0,0,2,1719,1473,20.0,0.022,1.1487
narrow,0.1,- T2 (gui lai mu),soc_trang,severe,80.0,8,24,2024,41.1111,0.0,80.0,0,0.0,9,5,4,86,0,0,4,1738,1543,20.0,0.044,0.6086
narrow,0.1,- T2 (gui lai mu),soc_trang,severe,80.0,9,24,2024,41.2037,0.0,80.0,1,20.0,13,10,3,87,0,0,3,1705,1499,20.0,0.033,1.3476
narrow,0.1,- T2 (gui lai mu),ca_mau,mild,80.0,0,24,2024,37.4537,0.0,80.0,0,0.0,6,2,4,86,0,0,4,1682,1516,20.0,0.044,0.6086
narrow,0.1,- T2 (gui lai mu),ca_mau,mild,80.0,1,24,2024,39.1667,0.0,80.0,1,20.0,4,1,3,87,0,0,3,1680,1467,20.0,0.033,0.0
narrow,0.1,- T2 (gui lai mu),ca_mau,mild,80.0,2,24,2024,43.4722,0.0,80.0,2,40.0,7,5,2,88,0,0,2,1740,1492,20.0,0.022,0.6172
narrow,0.1,- T2 (gui lai mu),ca_mau,mild,80.0,3,24,2024,43.4722,0.0,80.0,2,40.0,4,2,2,88,0,0,2,1739,1491,20.0,0.022,0.0
narrow,0.1,- T2 (gui lai mu),ca_mau,mild,80.0,4,24,2024,38.6111,0.0,80.0,1,20.0,5,2,3,87,0,0,3,1699,1496,20.0,0.033,0.4303
narrow,0.1,- T2 (gui lai mu),ca_mau,mild,80.0,5,24,2024,38.9815,0.0,80.0,1,20.0,4,1,3,87,0,0,3,1698,1478,20.0,0.033,0.0
narrow,0.1,- T2 (gui lai mu),ca_mau,mild,80.0,6,24,2024,46.8519,0.0,80.0,3,60.0,4,3,1,89,0,0,1,1798,1525,20.0,0.011,0.0
narrow,0.1,- T2 (gui lai mu),ca_mau,mild,80.0,7,24,2024,39.9537,0.0,80.0,2,40.0,4,2,2,88,0,0,2,1671,1457,20.0,0.022,0.0
narrow,0.1,- T2 (gui lai mu),ca_mau,mild,80.0,8,24,2024,37.5,0.0,80.0,0,0.0,4,0,4,86,0,0,4,1682,1514,20.0,0.044,0.0
narrow,0.1,- T2 (gui lai mu),ca_mau,mild,80.0,9,24,2024,38.9815,0.0,80.0,1,20.0,5,2,3,87,0,0,3,1699,1479,20.0,0.033,0.4303
narrow,0.1,- T2 (gui lai mu),ca_mau,severe,80.0,0,24,2024,37.5,0.0,80.0,0,0.0,4,0,4,86,0,0,4,1682,1514,20.0,0.044,0.0
narrow,0.1,- T2 (gui lai mu),ca_mau,severe,80.0,1,24,2024,39.1667,0.0,80.0,1,20.0,10,7,3,87,0,0,3,1682,1469,20.0,0.033,0.6086
narrow,0.1,- T2 (gui lai mu),ca_mau,severe,80.0,2,24,2024,43.4722,0.0,80.0,2,40.0,8,6,2,88,0,0,2,1743,1495,20.0,0.022,0.8606
narrow,0.1,- T2 (gui lai mu),ca_mau,severe,80.0,3,24,2024,43.3796,0.0,80.0,2,40.0,15,13,2,88,0,0,2,1749,1500,20.0,0.022,1.0541
narrow,0.1,- T2 (gui lai mu),ca_mau,severe,80.0,4,24,2024,38.3333,0.0,80.0,1,20.0,9,6,3,87,0,0,3,1703,1500,20.0,0.033,0.4303
narrow,0.1,- T2 (gui lai mu),ca_mau,severe,80.0,5,24,2024,38.9815,0.0,80.0,1,20.0,6,3,3,87,0,0,3,1700,1480,20.0,0.033,0.4303
narrow,0.1,- T2 (gui lai mu),ca_mau,severe,80.0,6,24,2024,46.2037,0.0,80.0,3,60.0,22,21,1,89,0,0,1,1774,1501,20.0,0.011,1.7492
narrow,0.1,- T2 (gui lai mu),ca_mau,severe,80.0,7,24,2024,39.9537,0.0,80.0,2,40.0,13,11,2,88,0,0,2,1675,1461,20.0,0.022,1.1391
narrow,0.1,- T2 (gui lai mu),ca_mau,severe,80.0,8,24,2024,37.5,0.0,80.0,0,0.0,9,5,4,86,0,0,4,1687,1519,20.0,0.044,0.6086
narrow,0.1,- T2 (gui lai mu),ca_mau,severe,80.0,9,24,2024,38.9815,0.0,80.0,1,20.0,15,12,3,87,0,0,3,1700,1480,20.0,0.033,1.2956
narrow,0.1,- tai neo cam bien,can_tho,mild,80.0,0,24,2024,57.8241,0.0,0.0,0,0.0,0,0,0,90,0,0,0,1978,1584,0.0,0.0,0.0
narrow,0.1,- tai neo cam bien,can_tho,mild,80.0,1,24,2024,57.8241,0.0,0.0,0,0.0,0,0,0,90,0,0,0,1978,1584,0.0,0.0,0.0
narrow,0.1,- tai neo cam bien,can_tho,mild,80.0,2,24,2024,57.8241,0.0,0.0,0,0.0,0,0,0,90,0,0,0,1978,1584,0.0,0.0,0.0
narrow,0.1,- tai neo cam bien,can_tho,mild,80.0,3,24,2024,57.8241,0.0,0.0,0,0.0,0,0,0,90,0,0,0,1978,1584,0.0,0.0,0.0
narrow,0.1,- tai neo cam bien,can_tho,mild,80.0,4,24,2024,57.8241,0.0,0.0,0,0.0,0,0,0,90,0,0,0,1978,1584,0.0,0.0,0.0
narrow,0.1,- tai neo cam bien,can_tho,mild,80.0,5,24,2024,57.8241,0.0,0.0,0,0.0,0,0,0,90,0,0,0,1978,1584,0.0,0.0,0.0
narrow,0.1,- tai neo cam bien,can_tho,mild,80.0,6,24,2024,57.8241,0.0,0.0,0,0.0,0,0,0,90,0,0,0,1978,1584,0.0,0.0,0.0
narrow,0.1,- tai neo cam bien,can_tho,mild,80.0,7,24,2024,57.8241,0.0,0.0,0,0.0,0,0,0,90,0,0,0,1978,1584,0.0,0.0,0.0
narrow,0.1,- tai neo cam bien,can_tho,mild,80.0,8,24,2024,57.8241,0.0,0.0,0,0.0,0,0,0,90,0,0,0,1978,1584,0.0,0.0,0.0
narrow,0.1,- tai neo cam bien,can_tho,mild,80.0,9,24,2024,57.8241,0.0,0.0,0,0.0,0,0,0,90,0,0,0,1978,1584,0.0,0.0,0.0
narrow,0.1,- tai neo cam bien,can_tho,severe,80.0,0,24,2024,57.8241,0.0,0.0,0,0.0,0,0,0,90,0,0,0,1978,1584,0.0,0.0,0.0
narrow,0.1,- tai neo cam bien,can_tho,severe,80.0,1,24,2024,57.8241,0.0,0.0,0,0.0,0,0,0,90,0,0,0,1978,1584,0.0,0.0,0.0
narrow,0.1,- tai neo cam bien,can_tho,severe,80.0,2,24,2024,57.8241,0.0,0.0,0,0.0,0,0,0,90,0,0,0,1978,1584,0.0,0.0,0.0
narrow,0.1,- tai neo cam bien,can_tho,severe,80.0,3,24,2024,57.8241,0.0,0.0,0,0.0,0,0,0,90,0,0,0,1978,1584,0.0,0.0,0.0
narrow,0.1,- tai neo cam bien,can_tho,severe,80.0,4,24,2024,57.8241,0.0,0.0,0,0.0,0,0,0,90,0,0,0,1978,1584,0.0,0.0,0.0
narrow,0.1,- tai neo cam bien,can_tho,severe,80.0,5,24,2024,57.8241,0.0,0.0,0,0.0,0,0,0,90,0,0,0,1978,1584,0.0,0.0,0.0
narrow,0.1,- tai neo cam bien,can_tho,severe,80.0,6,24,2024,57.8241,0.0,0.0,0,0.0,0,0,0,90,0,0,0,1978,1584,0.0,0.0,0.0
narrow,0.1,- tai neo cam bien,can_tho,severe,80.0,7,24,2024,57.8241,0.0,0.0,0,0.0,0,0,0,90,0,0,0,1978,1584,0.0,0.0,0.0
narrow,0.1,- tai neo cam bien,can_tho,severe,80.0,8,24,2024,57.8241,0.0,0.0,0,0.0,0,0,0,90,0,0,0,1978,1584,0.0,0.0,0.0
narrow,0.1,- tai neo cam bien,can_tho,severe,80.0,9,24,2024,57.8241,0.0,0.0,0,0.0,0,0,0,90,0,0,0,1978,1584,0.0,0.0,0.0
narrow,0.1,- tai neo cam bien,soc_trang,mild,80.0,0,24,2024,58.7963,0.0,0.0,0,0.0,0,0,0,90,0,0,0,1980,1683,0.0,0.0,0.0
narrow,0.1,- tai neo cam bien,soc_trang,mild,80.0,1,24,2024,58.7963,0.0,0.0,0,0.0,0,0,0,90,0,0,0,1980,1683,0.0,0.0,0.0
narrow,0.1,- tai neo cam bien,soc_trang,mild,80.0,2,24,2024,58.7963,0.0,0.0,0,0.0,0,0,0,90,0,0,0,1980,1683,0.0,0.0,0.0
narrow,0.1,- tai neo cam bien,soc_trang,mild,80.0,3,24,2024,58.7963,0.0,0.0,0,0.0,0,0,0,90,0,0,0,1980,1683,0.0,0.0,0.0
narrow,0.1,- tai neo cam bien,soc_trang,mild,80.0,4,24,2024,58.7963,0.0,0.0,0,0.0,0,0,0,90,0,0,0,1980,1683,0.0,0.0,0.0
narrow,0.1,- tai neo cam bien,soc_trang,mild,80.0,5,24,2024,58.7963,0.0,0.0,0,0.0,0,0,0,90,0,0,0,1980,1683,0.0,0.0,0.0
narrow,0.1,- tai neo cam bien,soc_trang,mild,80.0,6,24,2024,58.7963,0.0,0.0,0,0.0,0,0,0,90,0,0,0,1980,1683,0.0,0.0,0.0
narrow,0.1,- tai neo cam bien,soc_trang,mild,80.0,7,24,2024,58.7963,0.0,0.0,0,0.0,0,0,0,90,0,0,0,1980,1683,0.0,0.0,0.0
narrow,0.1,- tai neo cam bien,soc_trang,mild,80.0,8,24,2024,58.7963,0.0,0.0,0,0.0,0,0,0,90,0,0,0,1980,1683,0.0,0.0,0.0
narrow,0.1,- tai neo cam bien,soc_trang,mild,80.0,9,24,2024,58.7963,0.0,0.0,0,0.0,0,0,0,90,0,0,0,1980,1683,0.0,0.0,0.0
narrow,0.1,- tai neo cam bien,soc_trang,severe,80.0,0,24,2024,58.7963,0.0,0.0,0,0.0,0,0,0,90,0,0,0,1980,1683,0.0,0.0,0.0
narrow,0.1,- tai neo cam bien,soc_trang,severe,80.0,1,24,2024,58.7963,0.0,0.0,0,0.0,0,0,0,90,0,0,0,1980,1683,0.0,0.0,0.0
narrow,0.1,- tai neo cam bien,soc_trang,severe,80.0,2,24,2024,58.7963,0.0,0.0,0,0.0,0,0,0,90,0,0,0,1980,1683,0.0,0.0,0.0
narrow,0.1,- tai neo cam bien,soc_trang,severe,80.0,3,24,2024,58.7963,0.0,0.0,0,0.0,0,0,0,90,0,0,0,1980,1683,0.0,0.0,0.0
narrow,0.1,- tai neo cam bien,soc_trang,severe,80.0,4,24,2024,58.7963,0.0,0.0,0,0.0,0,0,0,90,0,0,0,1980,1683,0.0,0.0,0.0
narrow,0.1,- tai neo cam bien,soc_trang,severe,80.0,5,24,2024,58.7963,0.0,0.0,0,0.0,0,0,0,90,0,0,0,1980,1683,0.0,0.0,0.0
narrow,0.1,- tai neo cam bien,soc_trang,severe,80.0,6,24,2024,58.7963,0.0,0.0,0,0.0,0,0,0,90,0,0,0,1980,1683,0.0,0.0,0.0
narrow,0.1,- tai neo cam bien,soc_trang,severe,80.0,7,24,2024,58.7963,0.0,0.0,0,0.0,0,0,0,90,0,0,0,1980,1683,0.0,0.0,0.0
narrow,0.1,- tai neo cam bien,soc_trang,severe,80.0,8,24,2024,58.7963,0.0,0.0,0,0.0,0,0,0,90,0,0,0,1980,1683,0.0,0.0,0.0
narrow,0.1,- tai neo cam bien,soc_trang,severe,80.0,9,24,2024,58.7963,0.0,0.0,0,0.0,0,0,0,90,0,0,0,1980,1683,0.0,0.0,0.0
narrow,0.1,- tai neo cam bien,ca_mau,mild,80.0,0,24,2024,56.8056,0.0,0.0,0,0.0,0,0,0,90,0,0,0,1978,1680,0.0,0.0,0.0
narrow,0.1,- tai neo cam bien,ca_mau,mild,80.0,1,24,2024,56.8056,0.0,0.0,0,0.0,0,0,0,90,0,0,0,1978,1680,0.0,0.0,0.0
narrow,0.1,- tai neo cam bien,ca_mau,mild,80.0,2,24,2024,56.8056,0.0,0.0,0,0.0,0,0,0,90,0,0,0,1978,1680,0.0,0.0,0.0
narrow,0.1,- tai neo cam bien,ca_mau,mild,80.0,3,24,2024,56.8056,0.0,0.0,0,0.0,0,0,0,90,0,0,0,1978,1680,0.0,0.0,0.0
narrow,0.1,- tai neo cam bien,ca_mau,mild,80.0,4,24,2024,56.8056,0.0,0.0,0,0.0,0,0,0,90,0,0,0,1978,1680,0.0,0.0,0.0
narrow,0.1,- tai neo cam bien,ca_mau,mild,80.0,5,24,2024,56.8056,0.0,0.0,0,0.0,0,0,0,90,0,0,0,1978,1680,0.0,0.0,0.0
narrow,0.1,- tai neo cam bien,ca_mau,mild,80.0,6,24,2024,56.8056,0.0,0.0,0,0.0,0,0,0,90,0,0,0,1978,1680,0.0,0.0,0.0
narrow,0.1,- tai neo cam bien,ca_mau,mild,80.0,7,24,2024,56.8056,0.0,0.0,0,0.0,0,0,0,90,0,0,0,1978,1680,0.0,0.0,0.0
narrow,0.1,- tai neo cam bien,ca_mau,mild,80.0,8,24,2024,56.8056,0.0,0.0,0,0.0,0,0,0,90,0,0,0,1978,1680,0.0,0.0,0.0
narrow,0.1,- tai neo cam bien,ca_mau,mild,80.0,9,24,2024,56.8056,0.0,0.0,0,0.0,0,0,0,90,0,0,0,1978,1680,0.0,0.0,0.0
narrow,0.1,- tai neo cam bien,ca_mau,severe,80.0,0,24,2024,56.8056,0.0,0.0,0,0.0,0,0,0,90,0,0,0,1978,1680,0.0,0.0,0.0
narrow,0.1,- tai neo cam bien,ca_mau,severe,80.0,1,24,2024,56.8056,0.0,0.0,0,0.0,0,0,0,90,0,0,0,1978,1680,0.0,0.0,0.0
narrow,0.1,- tai neo cam bien,ca_mau,severe,80.0,2,24,2024,56.8056,0.0,0.0,0,0.0,0,0,0,90,0,0,0,1978,1680,0.0,0.0,0.0
narrow,0.1,- tai neo cam bien,ca_mau,severe,80.0,3,24,2024,56.8056,0.0,0.0,0,0.0,0,0,0,90,0,0,0,1978,1680,0.0,0.0,0.0
narrow,0.1,- tai neo cam bien,ca_mau,severe,80.0,4,24,2024,56.8056,0.0,0.0,0,0.0,0,0,0,90,0,0,0,1978,1680,0.0,0.0,0.0
narrow,0.1,- tai neo cam bien,ca_mau,severe,80.0,5,24,2024,56.8056,0.0,0.0,0,0.0,0,0,0,90,0,0,0,1978,1680,0.0,0.0,0.0
narrow,0.1,- tai neo cam bien,ca_mau,severe,80.0,6,24,2024,56.8056,0.0,0.0,0,0.0,0,0,0,90,0,0,0,1978,1680,0.0,0.0,0.0
narrow,0.1,- tai neo cam bien,ca_mau,severe,80.0,7,24,2024,56.8056,0.0,0.0,0,0.0,0,0,0,90,0,0,0,1978,1680,0.0,0.0,0.0
narrow,0.1,- tai neo cam bien,ca_mau,severe,80.0,8,24,2024,56.8056,0.0,0.0,0,0.0,0,0,0,90,0,0,0,1978,1680,0.0,0.0,0.0
narrow,0.1,- tai neo cam bien,ca_mau,severe,80.0,9,24,2024,56.8056,0.0,0.0,0,0.0,0,0,0,90,0,0,0,1978,1680,0.0,0.0,0.0
narrow,0.1,- epoch cap (quyet dinh moi gio),can_tho,mild,80.0,0,1,2024,42.963,0.0,80.0,0,0.0,4,0,4,2156,0,0,1,1685,1404,20.0,0.044,0.0
narrow,0.1,- epoch cap (quyet dinh moi gio),can_tho,mild,80.0,1,1,2024,43.2407,0.0,80.0,1,20.0,4,1,3,2156,0,0,1,1690,1377,20.0,0.033,0.0
narrow,0.1,- epoch cap (quyet dinh moi gio),can_tho,mild,80.0,2,1,2024,43.1944,0.0,80.0,2,40.0,4,1,3,2156,0,0,0,1672,1378,20.0,0.033,0.0
narrow,0.1,- epoch cap (quyet dinh moi gio),can_tho,mild,80.0,3,1,2024,43.287,0.0,80.0,2,40.0,4,1,3,2156,0,0,1,1689,1375,20.0,0.033,0.0
narrow,0.1,- epoch cap (quyet dinh moi gio),can_tho,mild,80.0,4,1,2024,42.8241,0.0,80.0,1,20.0,6,2,4,2154,0,0,1,1686,1404,20.0,0.044,0.7452
narrow,0.1,- epoch cap (quyet dinh moi gio),can_tho,mild,80.0,5,1,2024,43.2407,0.0,80.0,1,20.0,4,1,3,2156,0,0,0,1673,1378,20.0,0.033,0.0
narrow,0.1,- epoch cap (quyet dinh moi gio),can_tho,mild,80.0,6,1,2024,43.287,0.0,80.0,3,60.0,4,2,2,2156,0,0,1,1695,1355,20.0,0.022,0.0
narrow,0.1,- epoch cap (quyet dinh moi gio),can_tho,mild,80.0,7,1,2024,43.287,0.0,80.0,2,40.0,4,2,2,2156,0,0,1,1695,1355,20.0,0.022,0.0
narrow,0.1,- epoch cap (quyet dinh moi gio),can_tho,mild,80.0,8,1,2024,42.8241,0.0,80.0,0,0.0,5,1,4,2155,0,0,1,1686,1404,20.0,0.044,0.4303
narrow,0.1,- epoch cap (quyet dinh moi gio),can_tho,mild,80.0,9,1,2024,43.287,0.0,80.0,1,20.0,4,1,3,2156,0,0,1,1689,1375,20.0,0.033,0.0
narrow,0.1,- epoch cap (quyet dinh moi gio),can_tho,severe,80.0,0,1,2024,42.9167,0.0,80.0,0,0.0,5,1,4,2155,0,0,1,1685,1404,20.0,0.044,0.0
narrow,0.1,- epoch cap (quyet dinh moi gio),can_tho,severe,80.0,1,1,2024,42.4074,0.0,80.0,0,0.0,18,12,6,2142,0,0,3,1692,1411,20.0,0.067,0.8607
narrow,0.1,- epoch cap (quyet dinh moi gio),can_tho,severe,80.0,2,1,2024,43.1019,0.0,80.0,2,40.0,7,4,3,2153,0,0,1,1685,1377,20.0,0.033,0.859
narrow,0.1,- epoch cap (quyet dinh moi gio),can_tho,severe,80.0,3,1,2024,46.5278,0.0,80.0,2,40.0,6,4,2,2154,0,0,0,1740,1392,20.0,0.022,0.6086
narrow,0.1,- epoch cap (quyet dinh moi gio),can_tho,severe,80.0,4,1,2024,42.9167,0.0,80.0,1,20.0,8,5,3,2152,0,0,2,1687,1383,20.0,0.033,0.4303
narrow,0.1,- epoch cap (quyet dinh moi gio),can_tho,severe,80.0,5,1,2024,43.2407,0.0,80.0,1,20.0,4,1,3,2156,0,0,0,1673,1378,20.0,0.033,0.4303
narrow,0.1,- epoch cap (quyet dinh moi gio),can_tho,severe,80.0,6,1,2024,43.287,0.0,80.0,2,40.0,11,8,3,2149,0,0,1,1696,1359,20.0,0.033,0.9615
narrow,0.1,- epoch cap (quyet dinh moi gio),can_tho,severe,80.0,7,1,2024,43.287,0.0,80.0,2,40.0,9,6,3,2151,0,0,1,1698,1358,20.0,0.033,0.7454
narrow,0.1,- epoch cap (quyet dinh moi gio),can_tho,severe,80.0,8,1,2024,42.5926,0.0,80.0,0,0.0,8,4,4,2152,0,0,1,1688,1405,20.0,0.044,0.4303
narrow,0.1,- epoch cap (quyet dinh moi gio),can_tho,severe,80.0,9,1,2024,42.5463,0.0,80.0,1,20.0,22,15,7,2138,0,0,2,1683,1376,20.0,0.078,1.1384
narrow,0.1,- epoch cap (quyet dinh moi gio),soc_trang,mild,80.0,0,1,2024,41.4815,0.0,80.0,0,0.0,6,1,5,2154,0,0,1,1677,1498,20.0,0.056,0.6086
narrow,0.1,- epoch cap (quyet dinh moi gio),soc_trang,mild,80.0,1,1,2024,42.2222,0.0,80.0,1,20.0,5,2,3,2155,0,0,0,1665,1457,20.0,0.033,0.4303
narrow,0.1,- epoch cap (quyet dinh moi gio),soc_trang,mild,80.0,2,1,2024,42.1759,0.0,80.0,1,20.0,6,2,4,2154,0,0,1,1667,1443,20.0,0.044,1.285
narrow,0.1,- epoch cap (quyet dinh moi gio),soc_trang,mild,80.0,3,1,2024,42.2222,0.0,80.0,2,40.0,4,1,3,2156,0,0,0,1666,1439,20.0,0.033,0.0
narrow,0.1,- epoch cap (quyet dinh moi gio),soc_trang,mild,80.0,4,1,2024,42.1759,0.0,80.0,1,20.0,5,1,4,2155,0,0,0,1665,1480,20.0,0.044,0.4303
narrow,0.1,- epoch cap (quyet dinh moi gio),soc_trang,mild,80.0,5,1,2024,42.2222,0.0,80.0,1,20.0,6,2,4,2154,0,0,0,1665,1441,20.0,0.044,0.7437
narrow,0.1,- epoch cap (quyet dinh moi gio),soc_trang,mild,80.0,6,1,2024,42.2685,0.0,80.0,3,60.0,4,2,2,2156,0,0,0,1666,1433,20.0,0.022,0.0
narrow,0.1,- epoch cap (quyet dinh moi gio),soc_trang,mild,80.0,7,1,2024,42.2222,0.0,80.0,2,40.0,5,2,3,2155,0,0,0,1666,1457,20.0,0.033,0.4303
narrow,0.1,- epoch cap (quyet dinh moi gio),soc_trang,mild,80.0,8,1,2024,42.1759,0.0,80.0,0,0.0,4,0,4,2156,0,0,0,1665,1480,20.0,0.044,0.0
narrow,0.1,- epoch cap (quyet dinh moi gio),soc_trang,mild,80.0,9,1,2024,42.2222,0.0,80.0,1,20.0,4,1,3,2156,0,0,0,1666,1438,20.0,0.033,0.0
narrow,0.1,- epoch cap (quyet dinh moi gio),soc_trang,severe,80.0,0,1,2024,41.4352,0.0,80.0,0,0.0,8,3,5,2152,0,0,2,1685,1509,20.0,0.056,0.4303
narrow,0.1,- epoch cap (quyet dinh moi gio),soc_trang,severe,80.0,1,1,2024,41.4352,0.0,80.0,0,0.0,12,7,5,2148,0,0,2,1685,1510,20.0,0.056,0.8594
narrow,0.1,- epoch cap (quyet dinh moi gio),soc_trang,severe,80.0,2,1,2024,42.2222,0.0,80.0,2,40.0,7,4,3,2153,0,0,0,1665,1457,20.0,0.033,0.859
narrow,0.1,- epoch cap (quyet dinh moi gio),soc_trang,severe,80.0,3,1,2024,42.1296,0.0,80.0,2,40.0,15,11,4,2145,0,0,1,1685,1478,20.0,0.044,0.9623
narrow,0.1,- epoch cap (quyet dinh moi gio),soc_trang,severe,80.0,4,1,2024,41.4352,0.0,80.0,1,20.0,14,10,4,2146,0,0,2,1685,1481,20.0,0.044,0.6086
narrow,0.1,- epoch cap (quyet dinh moi gio),soc_trang,severe,80.0,5,1,2024,42.2222,0.0,80.0,1,20.0,5,2,3,2155,0,0,0,1666,1440,20.0,0.033,0.4303
narrow,0.1,- epoch cap (quyet dinh moi gio),soc_trang,severe,80.0,6,1,2024,42.1296,0.0,80.0,1,20.0,13,9,4,2147,0,0,1,1678,1474,20.0,0.044,0.7473
narrow,0.1,- epoch cap (quyet dinh moi gio),soc_trang,severe,80.0,7,1,2024,42.2222,0.0,80.0,2,40.0,8,5,3,2152,0,0,0,1665,1459,20.0,0.033,0.7454
narrow,0.1,- epoch cap (quyet dinh moi gio),soc_trang,severe,80.0,8,1,2024,42.0833,0.0,80.0,0,0.0,7,3,4,2153,0,0,1,1679,1497,20.0,0.044,0.6085
narrow,0.1,- epoch cap (quyet dinh moi gio),soc_trang,severe,80.0,9,1,2024,42.0833,0.0,80.0,1,20.0,9,5,4,2151,0,0,2,1692,1468,20.0,0.044,0.6086
narrow,0.1,- epoch cap (quyet dinh moi gio),ca_mau,mild,80.0,0,1,2024,40.8796,0.0,80.0,0,0.0,7,2,5,2153,0,0,3,1672,1490,20.0,0.056,0.7454
narrow,0.1,- epoch cap (quyet dinh moi gio),ca_mau,mild,80.0,1,1,2024,41.0185,0.0,80.0,1,20.0,4,1,3,2156,0,0,2,1673,1467,20.0,0.033,0.0
narrow,0.1,- epoch cap (quyet dinh moi gio),ca_mau,mild,80.0,2,1,2024,41.0185,0.0,80.0,2,40.0,5,2,3,2155,0,0,2,1671,1465,20.0,0.033,0.4303
narrow,0.1,- epoch cap (quyet dinh moi gio),ca_mau,mild,80.0,3,1,2024,41.0185,0.0,80.0,2,40.0,4,1,3,2156,0,0,1,1656,1447,20.0,0.033,0.0
narrow,0.1,- epoch cap (quyet dinh moi gio),ca_mau,mild,80.0,4,1,2024,41.0185,0.0,80.0,1,20.0,5,2,3,2155,0,0,2,1672,1452,20.0,0.033,0.4303
narrow,0.1,- epoch cap (quyet dinh moi gio),ca_mau,mild,80.0,5,1,2024,41.0185,0.0,80.0,1,20.0,4,1,3,2156,0,0,1,1656,1447,20.0,0.033,0.0
narrow,0.1,- epoch cap (quyet dinh moi gio),ca_mau,mild,80.0,6,1,2024,41.0185,0.0,80.0,2,40.0,5,2,3,2155,0,0,2,1672,1451,20.0,0.033,0.6084
narrow,0.1,- epoch cap (quyet dinh moi gio),ca_mau,mild,80.0,7,1,2024,41.0185,0.0,80.0,2,40.0,4,2,2,2156,0,0,2,1672,1427,20.0,0.022,0.0
narrow,0.1,- epoch cap (quyet dinh moi gio),ca_mau,mild,80.0,8,1,2024,40.9259,0.0,80.0,0,0.0,4,0,4,2156,0,0,2,1670,1489,20.0,0.044,0.0
narrow,0.1,- epoch cap (quyet dinh moi gio),ca_mau,mild,80.0,9,1,2024,40.8796,0.0,80.0,1,20.0,7,2,5,2153,0,0,3,1672,1490,20.0,0.056,0.8598
narrow,0.1,- epoch cap (quyet dinh moi gio),ca_mau,severe,80.0,0,1,2024,40.9259,0.0,80.0,0,0.0,5,1,4,2155,0,0,2,1672,1489,20.0,0.044,0.0
narrow,0.1,- epoch cap (quyet dinh moi gio),ca_mau,severe,80.0,1,1,2024,41.0185,0.0,80.0,1,20.0,6,3,3,2154,0,0,2,1674,1469,20.0,0.033,0.4303
narrow,0.1,- epoch cap (quyet dinh moi gio),ca_mau,severe,80.0,2,1,2024,41.0185,0.0,80.0,2,40.0,6,3,3,2154,0,0,1,1655,1448,20.0,0.033,0.4303
narrow,0.1,- epoch cap (quyet dinh moi gio),ca_mau,severe,80.0,3,1,2024,40.8333,0.0,80.0,0,0.0,14,10,4,2146,0,0,3,1674,1494,20.0,0.044,0.6086
narrow,0.1,- epoch cap (quyet dinh moi gio),ca_mau,severe,80.0,4,1,2024,40.9722,0.0,80.0,1,20.0,9,5,4,2151,0,0,2,1676,1456,20.0,0.044,0.7439
narrow,0.1,- epoch cap (quyet dinh moi gio),ca_mau,severe,80.0,5,1,2024,40.9259,0.0,80.0,1,20.0,9,5,4,2151,0,0,2,1658,1451,20.0,0.044,0.6086
narrow,0.1,- epoch cap (quyet dinh moi gio),ca_mau,severe,80.0,6,1,2024,41.0185,0.0,80.0,3,60.0,13,9,4,2147,0,0,1,1660,1451,20.0,0.044,0.9644
narrow,0.1,- epoch cap (quyet dinh moi gio),ca_mau,severe,80.0,7,1,2024,40.0463,0.0,80.0,1,20.0,18,12,6,2142,0,0,2,1646,1496,20.0,0.067,0.9623
narrow,0.1,- epoch cap (quyet dinh moi gio),ca_mau,severe,80.0,8,1,2024,40.787,0.0,80.0,0,0.0,14,9,5,2146,0,0,2,1674,1496,20.0,0.056,0.4303
narrow,0.1,- epoch cap (quyet dinh moi gio),ca_mau,severe,80.0,9,1,2024,41.0185,0.0,80.0,1,20.0,7,4,3,2153,0,0,2,1658,1451,20.0,0.033,0.4303
narrow,0.1,- cong chance-constrained,can_tho,mild,80.0,0,24,2024,47.5926,0.0,80.0,0,0.0,2,0,2,0,0,0,0,1761,1393,40.0,0.022,0.0
narrow,0.1,- cong chance-constrained,can_tho,mild,80.0,1,24,2024,47.5926,0.0,80.0,0,0.0,2,0,2,0,0,0,0,1761,1393,40.0,0.022,0.0
narrow,0.1,- cong chance-constrained,can_tho,mild,80.0,2,24,2024,47.5926,0.0,80.0,0,0.0,2,0,2,0,0,0,0,1761,1393,40.0,0.022,0.0
narrow,0.1,- cong chance-constrained,can_tho,mild,80.0,3,24,2024,47.5926,0.0,80.0,0,0.0,2,0,2,0,0,0,0,1761,1393,40.0,0.022,0.0
narrow,0.1,- cong chance-constrained,can_tho,mild,80.0,4,24,2024,47.5926,0.0,80.0,1,20.0,2,0,2,0,0,0,0,1761,1393,40.0,0.022,0.0
narrow,0.1,- cong chance-constrained,can_tho,mild,80.0,5,24,2024,47.5926,0.0,80.0,0,0.0,2,0,2,0,0,0,0,1761,1393,40.0,0.022,0.0
narrow,0.1,- cong chance-constrained,can_tho,mild,80.0,6,24,2024,47.5926,0.0,80.0,1,20.0,3,1,2,0,0,0,0,1761,1394,40.0,0.022,0.8302
narrow,0.1,- cong chance-constrained,can_tho,mild,80.0,7,24,2024,47.5926,0.0,80.0,1,20.0,2,0,2,0,0,0,0,1761,1393,40.0,0.022,0.0
narrow,0.1,- cong chance-constrained,can_tho,mild,80.0,8,24,2024,47.5926,0.0,80.0,0,0.0,3,1,2,0,0,0,0,1761,1394,40.0,0.022,0.4303
narrow,0.1,- cong chance-constrained,can_tho,mild,80.0,9,24,2024,47.5926,0.0,80.0,0,0.0,2,0,2,0,0,0,0,1761,1393,40.0,0.022,0.0
narrow,0.1,- cong chance-constrained,can_tho,severe,80.0,0,24,2024,46.8981,0.0,80.0,0,0.0,6,3,3,0,0,0,1,1771,1416,40.0,0.033,0.6086
narrow,0.1,- cong chance-constrained,can_tho,severe,80.0,1,24,2024,45.787,0.0,80.0,0,0.0,8,5,3,0,0,0,1,1748,1394,40.0,0.033,0.8309
narrow,0.1,- cong chance-constrained,can_tho,severe,80.0,2,24,2024,47.5926,0.0,80.0,0,0.0,3,1,2,0,0,0,0,1761,1394,40.0,0.022,0.4303
narrow,0.1,- cong chance-constrained,can_tho,severe,80.0,3,24,2024,40.2315,0.0,80.0,0,0.0,26,18,8,0,0,1,1,1741,1413,40.0,0.089,2.9036
narrow,0.1,- cong chance-constrained,can_tho,severe,80.0,4,24,2024,46.7593,0.0,80.0,0,0.0,14,10,4,0,0,0,1,1779,1436,40.0,0.044,1.5621
narrow,0.1,- cong chance-constrained,can_tho,severe,80.0,5,24,2024,47.5926,0.0,80.0,0,0.0,5,3,2,0,0,0,0,1761,1396,40.0,0.022,0.0
narrow,0.1,- cong chance-constrained,can_tho,severe,80.0,6,24,2024,47.5926,0.0,80.0,0,0.0,6,4,2,0,0,0,0,1761,1397,40.0,0.022,1.1744
narrow,0.1,- cong chance-constrained,can_tho,severe,80.0,7,24,2024,46.8981,0.0,80.0,0,0.0,9,6,3,0,0,0,1,1774,1419,40.0,0.033,0.9351
narrow,0.1,- cong chance-constrained,can_tho,severe,80.0,8,24,2024,47.5926,0.0,80.0,0,0.0,3,1,2,0,0,0,0,1761,1394,40.0,0.022,0.0
narrow,0.1,- cong chance-constrained,can_tho,severe,80.0,9,24,2024,47.5926,0.0,80.0,0,0.0,4,2,2,0,0,0,0,1761,1395,40.0,0.022,0.4303
narrow,0.1,- cong chance-constrained,soc_trang,mild,80.0,0,24,2024,46.8056,0.0,80.0,0,0.0,2,0,2,0,0,0,0,1739,1491,40.0,0.022,0.0
narrow,0.1,- cong chance-constrained,soc_trang,mild,80.0,1,24,2024,46.5741,0.0,80.0,0,0.0,4,1,3,0,0,0,1,1753,1513,40.0,0.033,0.6086
narrow,0.1,- cong chance-constrained,soc_trang,mild,80.0,2,24,2024,46.8056,0.0,80.0,0,0.0,2,0,2,0,0,0,0,1739,1491,40.0,0.022,0.0
narrow,0.1,- cong chance-constrained,soc_trang,mild,80.0,3,24,2024,46.8056,0.0,80.0,0,0.0,2,0,2,0,0,0,0,1739,1491,40.0,0.022,0.0
narrow,0.1,- cong chance-constrained,soc_trang,mild,80.0,4,24,2024,46.8056,0.0,80.0,1,20.0,2,0,2,0,0,0,0,1739,1491,40.0,0.022,0.0
narrow,0.1,- cong chance-constrained,soc_trang,mild,80.0,5,24,2024,46.8056,0.0,80.0,0,0.0,2,0,2,0,0,0,0,1739,1491,40.0,0.022,0.0
narrow,0.1,- cong chance-constrained,soc_trang,mild,80.0,6,24,2024,46.8056,0.0,80.0,0,0.0,4,2,2,0,0,0,0,1739,1493,40.0,0.022,0.9596
narrow,0.1,- cong chance-constrained,soc_trang,mild,80.0,7,24,2024,46.8056,0.0,80.0,1,20.0,2,0,2,0,0,0,0,1739,1491,40.0,0.022,0.0
narrow,0.1,- cong chance-constrained,soc_trang,mild,80.0,8,24,2024,46.8056,0.0,80.0,0,0.0,2,0,2,0,0,0,0,1739,1491,40.0,0.022,0.0
narrow,0.1,- cong chance-constrained,soc_trang,mild,80.0,9,24,2024,46.8056,0.0,80.0,0,0.0,2,0,2,0,0,0,0,1739,1491,40.0,0.022,0.0
narrow,0.1,- cong chance-constrained,soc_trang,severe,80.0,0,24,2024,46.8056,0.0,80.0,0,0.0,2,0,2,0,0,0,0,1739,1491,40.0,0.022,0.0
narrow,0.1,- cong chance-constrained,soc_trang,severe,80.0,1,24,2024,44.6759,0.0,80.0,0,0.0,7,4,3,0,0,0,1,1728,1490,40.0,0.033,0.8583
narrow,0.1,- cong chance-constrained,soc_trang,severe,80.0,2,24,2024,46.8056,0.0,80.0,0,0.0,3,1,2,0,0,0,0,1739,1492,40.0,0.022,0.4303
narrow,0.1,- cong chance-constrained,soc_trang,severe,80.0,3,24,2024,39.4444,0.0,80.0,0,0.0,26,18,8,0,0,1,0,1727,1487,40.0,0.089,2.9162
narrow,0.1,- cong chance-constrained,soc_trang,severe,80.0,4,24,2024,46.5741,0.0,80.0,0,0.0,10,7,3,0,0,0,1,1755,1517,40.0,0.033,1.5473
narrow,0.1,- cong chance-constrained,soc_trang,severe,80.0,5,24,2024,46.8056,0.0,80.0,0,0.0,4,2,2,0,0,0,0,1739,1493,40.0,0.022,0.4303
narrow,0.1,- cong chance-constrained,soc_trang,severe,80.0,6,24,2024,46.8056,0.0,80.0,0,0.0,5,3,2,0,0,0,0,1739,1494,40.0,0.022,1.2873
narrow,0.1,- cong chance-constrained,soc_trang,severe,80.0,7,24,2024,46.8056,0.0,80.0,0,0.0,5,3,2,0,0,0,0,1739,1494,40.0,0.022,0.8577
narrow,0.1,- cong chance-constrained,soc_trang,severe,80.0,8,24,2024,46.8056,0.0,80.0,0,0.0,3,1,2,0,0,0,0,1739,1492,40.0,0.022,0.0
narrow,0.1,- cong chance-constrained,soc_trang,severe,80.0,9,24,2024,46.8056,0.0,80.0,0,0.0,7,5,2,0,0,0,0,1739,1496,40.0,0.022,0.0
narrow,0.1,- cong chance-constrained,ca_mau,mild,80.0,0,24,2024,45.4167,0.0,80.0,0,0.0,2,0,2,0,0,0,0,1736,1483,40.0,0.022,0.0
narrow,0.1,- cong chance-constrained,ca_mau,mild,80.0,1,24,2024,44.8611,0.0,80.0,0,0.0,4,1,3,0,0,0,1,1732,1505,40.0,0.033,0.6086
narrow,0.1,- cong chance-constrained,ca_mau,mild,80.0,2,24,2024,45.4167,0.0,80.0,0,0.0,2,0,2,0,0,0,0,1736,1483,40.0,0.022,0.0
narrow,0.1,- cong chance-constrained,ca_mau,mild,80.0,3,24,2024,45.4167,0.0,80.0,0,0.0,2,0,2,0,0,0,0,1736,1483,40.0,0.022,0.0
narrow,0.1,- cong chance-constrained,ca_mau,mild,80.0,4,24,2024,45.4167,0.0,80.0,1,20.0,2,0,2,0,0,0,0,1736,1483,40.0,0.022,0.0
narrow,0.1,- cong chance-constrained,ca_mau,mild,80.0,5,24,2024,45.4167,0.0,80.0,0,0.0,2,0,2,0,0,0,0,1736,1483,40.0,0.022,0.0
narrow,0.1,- cong chance-constrained,ca_mau,mild,80.0,6,24,2024,45.4167,0.0,80.0,0,0.0,4,2,2,0,0,0,0,1736,1485,40.0,0.022,0.9354
narrow,0.1,- cong chance-constrained,ca_mau,mild,80.0,7,24,2024,45.4167,0.0,80.0,1,20.0,2,0,2,0,0,0,0,1736,1483,40.0,0.022,0.0
narrow,0.1,- cong chance-constrained,ca_mau,mild,80.0,8,24,2024,45.4167,0.0,80.0,0,0.0,2,0,2,0,0,0,0,1736,1483,40.0,0.022,0.0
narrow,0.1,- cong chance-constrained,ca_mau,mild,80.0,9,24,2024,45.4167,0.0,80.0,0,0.0,2,0,2,0,0,0,0,1736,1483,40.0,0.022,0.0
narrow,0.1,- cong chance-constrained,ca_mau,severe,80.0,0,24,2024,45.4167,0.0,80.0,0,0.0,2,0,2,0,0,0,0,1736,1483,40.0,0.022,0.0
narrow,0.1,- cong chance-constrained,ca_mau,severe,80.0,1,24,2024,44.3981,0.0,80.0,0,0.0,7,4,3,0,0,0,1,1723,1466,40.0,0.033,0.8309
narrow,0.1,- cong chance-constrained,ca_mau,severe,80.0,2,24,2024,45.4167,0.0,80.0,0,0.0,3,1,2,0,0,0,0,1736,1484,40.0,0.022,0.4303
narrow,0.1,- cong chance-constrained,ca_mau,severe,80.0,3,24,2024,35.5556,0.0,80.0,0,0.0,26,18,8,0,0,1,0,1715,1465,40.0,0.089,2.8637
narrow,0.1,- cong chance-constrained,ca_mau,severe,80.0,4,24,2024,44.8148,0.0,80.0,0,0.0,10,7,3,0,0,0,1,1734,1509,40.0,0.033,1.502
narrow,0.1,- cong chance-constrained,ca_mau,severe,80.0,5,24,2024,45.4167,0.0,80.0,0,0.0,4,2,2,0,0,0,0,1736,1485,40.0,0.022,0.4303
narrow,0.1,- cong chance-constrained,ca_mau,severe,80.0,6,24,2024,45.4167,0.0,80.0,0,0.0,5,3,2,0,0,0,0,1736,1486,40.0,0.022,1.2512
narrow,0.1,- cong chance-constrained,ca_mau,severe,80.0,7,24,2024,45.4167,0.0,80.0,0,0.0,5,3,2,0,0,0,0,1736,1486,40.0,0.022,0.8306
narrow,0.1,- cong chance-constrained,ca_mau,severe,80.0,8,24,2024,45.4167,0.0,80.0,0,0.0,3,1,2,0,0,0,0,1736,1484,40.0,0.022,0.0
narrow,0.1,- cong chance-constrained,ca_mau,severe,80.0,9,24,2024,45.4167,0.0,80.0,0,0.0,7,5,2,0,0,0,0,1736,1488,40.0,0.022,0.0
narrow,0.1,- luat thich ung (centre co dinh),can_tho,mild,80.0,0,24,2024,41.3426,0.0,80.0,0,0.0,4,0,4,86,0,0,4,1736,1449,20.0,0.044,0.0
narrow,0.1,- luat thich ung (centre co dinh),can_tho,mild,80.0,1,24,2024,42.2685,0.0,80.0,1,20.0,4,1,3,87,0,0,3,1722,1402,20.0,0.033,0.0
narrow,0.1,- luat thich ung (centre co dinh),can_tho,mild,80.0,2,24,2024,41.4352,0.0,80.0,1,20.0,7,3,4,86,0,0,3,1730,1424,20.0,0.044,0.7454
narrow,0.1,- luat thich ung (centre co dinh),can_tho,mild,80.0,3,24,2024,42.3148,0.0,80.0,2,40.0,4,1,3,87,0,0,3,1722,1401,20.0,0.033,0.0
narrow,0.1,- luat thich ung (centre co dinh),can_tho,mild,80.0,4,24,2024,41.5278,0.0,80.0,1,20.0,4,1,3,87,0,0,3,1736,1423,20.0,0.033,0.0
narrow,0.1,- luat thich ung (centre co dinh),can_tho,mild,80.0,5,24,2024,42.3148,0.0,80.0,1,20.0,4,1,3,87,0,0,3,1722,1401,20.0,0.033,0.0
narrow,0.1,- luat thich ung (centre co dinh),can_tho,mild,80.0,6,24,2024,42.4074,0.0,80.0,3,60.0,4,2,2,88,0,0,2,1711,1367,20.0,0.022,0.0
narrow,0.1,- luat thich ung (centre co dinh),can_tho,mild,80.0,7,24,2024,41.9907,0.0,80.0,2,40.0,6,3,3,87,0,0,2,1733,1404,20.0,0.033,0.9622
narrow,0.1,- luat thich ung (centre co dinh),can_tho,mild,80.0,8,24,2024,41.3426,0.0,80.0,0,0.0,4,0,4,86,0,0,4,1736,1449,20.0,0.044,0.0
narrow,0.1,- luat thich ung (centre co dinh),can_tho,mild,80.0,9,24,2024,42.3148,0.0,80.0,1,20.0,4,1,3,87,0,0,3,1722,1401,20.0,0.033,0.0
narrow,0.1,- luat thich ung (centre co dinh),can_tho,severe,80.0,0,24,2024,41.2037,0.0,80.0,0,0.0,11,6,5,85,0,0,4,1759,1464,20.0,0.056,0.4303
narrow,0.1,- luat thich ung (centre co dinh),can_tho,severe,80.0,1,24,2024,42.2685,0.0,80.0,1,20.0,5,2,3,87,0,0,3,1723,1403,20.0,0.033,0.4303
narrow,0.1,- luat thich ung (centre co dinh),can_tho,severe,80.0,2,24,2024,44.4907,0.0,80.0,2,40.0,4,2,2,88,0,0,2,1758,1412,20.0,0.022,0.6086
narrow,0.1,- luat thich ung (centre co dinh),can_tho,severe,80.0,3,24,2024,39.6759,0.0,80.0,1,20.0,20,14,6,84,0,1,2,1788,1474,26.67,0.067,1.1385
narrow,0.1,- luat thich ung (centre co dinh),can_tho,severe,80.0,4,24,2024,41.2037,0.0,80.0,0,0.0,17,12,5,85,0,0,4,1764,1469,20.0,0.056,0.7454
narrow,0.1,- luat thich ung (centre co dinh),can_tho,severe,80.0,5,24,2024,42.3148,0.0,80.0,1,20.0,4,1,3,87,0,0,3,1722,1401,20.0,0.033,0.4303
narrow,0.1,- luat thich ung (centre co dinh),can_tho,severe,80.0,6,24,2024,41.3889,0.0,80.0,3,60.0,16,12,4,86,0,0,3,1733,1435,20.0,0.044,1.0541
narrow,0.1,- luat thich ung (centre co dinh),can_tho,severe,80.0,7,24,2024,43.8889,0.0,80.0,1,40.0,11,8,3,87,0,1,0,1821,1453,40.0,0.033,1.1385
narrow,0.1,- luat thich ung (centre co dinh),can_tho,severe,80.0,8,24,2024,41.3426,0.0,80.0,0,0.0,8,4,4,86,0,0,4,1740,1453,20.0,0.044,0.4303
narrow,0.1,- luat thich ung (centre co dinh),can_tho,severe,80.0,9,24,2024,41.3426,0.0,80.0,0,0.0,8,4,4,86,0,0,4,1737,1450,20.0,0.044,0.8607
narrow,0.1,- luat thich ung (centre co dinh),soc_trang,mild,80.0,0,24,2024,40.2315,0.0,80.0,0,0.0,4,0,4,86,0,0,4,1737,1558,20.0,0.044,0.0
narrow,0.1,- luat thich ung (centre co dinh),soc_trang,mild,80.0,1,24,2024,41.2037,0.0,80.0,1,20.0,4,1,3,87,0,0,3,1723,1502,20.0,0.033,0.0
narrow,0.1,- luat thich ung (centre co dinh),soc_trang,mild,80.0,2,24,2024,41.2037,0.0,80.0,2,40.0,5,2,3,87,0,0,3,1724,1503,20.0,0.033,0.4303
narrow,0.1,- luat thich ung (centre co dinh),soc_trang,mild,80.0,3,24,2024,41.2037,0.0,80.0,2,40.0,4,1,3,87,0,0,3,1705,1499,20.0,0.033,0.0
narrow,0.1,- luat thich ung (centre co dinh),soc_trang,mild,80.0,4,24,2024,41.25,0.0,80.0,1,20.0,4,1,3,87,0,0,3,1703,1499,20.0,0.033,0.0
narrow,0.1,- luat thich ung (centre co dinh),soc_trang,mild,80.0,5,24,2024,41.2037,0.0,80.0,1,20.0,4,1,3,87,0,0,3,1705,1499,20.0,0.033,0.0
narrow,0.1,- luat thich ung (centre co dinh),soc_trang,mild,80.0,6,24,2024,41.4352,0.0,80.0,3,60.0,4,2,2,88,0,0,2,1685,1460,20.0,0.022,0.0
narrow,0.1,- luat thich ung (centre co dinh),soc_trang,mild,80.0,7,24,2024,41.2037,0.0,80.0,2,40.0,4,2,2,88,0,0,2,1715,1469,20.0,0.022,0.0
narrow,0.1,- luat thich ung (centre co dinh),soc_trang,mild,80.0,8,24,2024,41.1111,0.0,80.0,0,0.0,4,0,4,86,0,0,4,1733,1538,20.0,0.044,0.0
narrow,0.1,- luat thich ung (centre co dinh),soc_trang,mild,80.0,9,24,2024,41.2037,0.0,80.0,1,20.0,4,1,3,87,0,0,3,1705,1499,20.0,0.033,0.0
narrow,0.1,- luat thich ung (centre co dinh),soc_trang,severe,80.0,0,24,2024,40.2315,0.0,80.0,0,0.0,6,2,4,86,0,0,4,1739,1560,20.0,0.044,0.0
narrow,0.1,- luat thich ung (centre co dinh),soc_trang,severe,80.0,1,24,2024,41.1111,0.0,80.0,1,20.0,7,3,4,86,0,0,4,1733,1538,20.0,0.044,0.6086
narrow,0.1,- luat thich ung (centre co dinh),soc_trang,severe,80.0,2,24,2024,44.3981,0.0,80.0,2,40.0,4,2,2,88,0,0,2,1739,1494,20.0,0.022,0.6086
narrow,0.1,- luat thich ung (centre co dinh),soc_trang,severe,80.0,3,24,2024,40.3241,0.0,80.0,1,20.0,17,12,5,85,0,1,1,1762,1519,26.67,0.056,1.0539
narrow,0.1,- luat thich ung (centre co dinh),soc_trang,severe,80.0,4,24,2024,40.2315,0.0,80.0,0,0.0,17,12,5,85,0,0,4,1745,1565,20.0,0.056,0.7454
narrow,0.1,- luat thich ung (centre co dinh),soc_trang,severe,80.0,5,24,2024,41.2037,0.0,80.0,1,20.0,4,1,3,87,0,0,3,1705,1499,20.0,0.033,0.4303
narrow,0.1,- luat thich ung (centre co dinh),soc_trang,severe,80.0,6,24,2024,41.1574,0.0,80.0,3,60.0,16,12,4,86,0,0,3,1710,1517,20.0,0.044,1.0541
narrow,0.1,- luat thich ung (centre co dinh),soc_trang,severe,80.0,7,24,2024,43.75,0.0,80.0,1,40.0,10,7,3,87,0,1,0,1801,1549,40.0,0.033,1.1385
narrow,0.1,- luat thich ung (centre co dinh),soc_trang,severe,80.0,8,24,2024,39.6296,0.0,80.0,0,0.0,16,10,6,84,0,1,2,1774,1570,26.67,0.067,0.7454
narrow,0.1,- luat thich ung (centre co dinh),soc_trang,severe,80.0,9,24,2024,40.1852,0.0,80.0,0,0.0,11,6,5,85,0,0,4,1756,1562,20.0,0.056,0.9623
narrow,0.1,- luat thich ung (centre co dinh),ca_mau,mild,80.0,0,24,2024,36.9907,0.0,80.0,0,0.0,6,1,5,85,0,0,4,1728,1548,20.0,0.056,0.6086
narrow,0.1,- luat thich ung (centre co dinh),ca_mau,mild,80.0,1,24,2024,39.1667,0.0,80.0,1,20.0,4,1,3,87,0,0,3,1680,1467,20.0,0.033,0.0
narrow,0.1,- luat thich ung (centre co dinh),ca_mau,mild,80.0,2,24,2024,39.1667,0.0,80.0,2,40.0,5,2,3,87,0,0,3,1681,1468,20.0,0.033,0.4303
narrow,0.1,- luat thich ung (centre co dinh),ca_mau,mild,80.0,3,24,2024,38.9815,0.0,80.0,2,40.0,4,1,3,87,0,0,3,1698,1478,20.0,0.033,0.0
narrow,0.1,- luat thich ung (centre co dinh),ca_mau,mild,80.0,4,24,2024,37.5,0.0,80.0,1,20.0,5,1,4,86,0,0,4,1682,1514,20.0,0.044,0.4303
narrow,0.1,- luat thich ung (centre co dinh),ca_mau,mild,80.0,5,24,2024,38.9815,0.0,80.0,1,20.0,4,1,3,87,0,0,3,1698,1478,20.0,0.033,0.0
narrow,0.1,- luat thich ung (centre co dinh),ca_mau,mild,80.0,6,24,2024,39.9537,0.0,80.0,3,60.0,4,2,2,88,0,0,2,1671,1457,20.0,0.022,0.0
narrow,0.1,- luat thich ung (centre co dinh),ca_mau,mild,80.0,7,24,2024,39.9537,0.0,80.0,2,40.0,4,2,2,88,0,0,2,1671,1457,20.0,0.022,0.0
narrow,0.1,- luat thich ung (centre co dinh),ca_mau,mild,80.0,8,24,2024,37.5,0.0,80.0,0,0.0,4,0,4,86,0,0,4,1682,1514,20.0,0.044,0.0
narrow,0.1,- luat thich ung (centre co dinh),ca_mau,mild,80.0,9,24,2024,38.9815,0.0,80.0,1,20.0,5,2,3,87,0,0,3,1699,1479,20.0,0.033,0.4303
narrow,0.1,- luat thich ung (centre co dinh),ca_mau,severe,80.0,0,24,2024,37.5,0.0,80.0,0,0.0,4,0,4,86,0,0,4,1682,1514,20.0,0.044,0.0
narrow,0.1,- luat thich ung (centre co dinh),ca_mau,severe,80.0,1,24,2024,37.0833,0.0,80.0,0,0.0,15,10,5,85,0,0,4,1702,1538,20.0,0.056,0.7454
narrow,0.1,- luat thich ung (centre co dinh),ca_mau,severe,80.0,2,24,2024,35.5556,0.0,80.0,0,0.0,19,13,6,84,0,0,4,1759,1580,20.0,0.067,1.054
narrow,0.1,- luat thich ung (centre co dinh),ca_mau,severe,80.0,3,24,2024,36.1574,0.0,80.0,1,20.0,18,12,6,84,0,1,2,1740,1568,26.67,0.067,1.1385
narrow,0.1,- luat thich ung (centre co dinh),ca_mau,severe,80.0,4,24,2024,38.3333,0.0,80.0,1,20.0,9,6,3,87,0,0,3,1703,1500,20.0,0.033,0.4303
narrow,0.1,- luat thich ung (centre co dinh),ca_mau,severe,80.0,5,24,2024,38.9815,0.0,80.0,1,20.0,6,3,3,87,0,0,3,1700,1480,20.0,0.033,0.4303
narrow,0.1,- luat thich ung (centre co dinh),ca_mau,severe,80.0,6,24,2024,39.1667,0.0,80.0,3,60.0,12,9,3,87,0,0,3,1680,1467,20.0,0.033,0.9623
narrow,0.1,- luat thich ung (centre co dinh),ca_mau,severe,80.0,7,24,2024,35.5556,0.0,80.0,1,20.0,24,18,6,84,0,1,2,1732,1530,20.0,0.067,1.2171
narrow,0.1,- luat thich ung (centre co dinh),ca_mau,severe,80.0,8,24,2024,35.2778,0.0,80.0,0,0.0,26,17,9,81,0,1,3,1748,1569,20.0,0.1,1.2909
narrow,0.1,- luat thich ung (centre co dinh),ca_mau,severe,80.0,9,24,2024,37.2222,0.0,80.0,0,0.0,13,8,5,85,0,0,4,1699,1520,20.0,0.056,0.9623
narrow,0.1,Oracle (thong tin hoan hao),can_tho,mild,80.0,0,24,2024,33.3333,0.0,80.0,0,0.0,5,1,4,0,0,4,0,1902,1584,20.0,0.044,0.6086
narrow,0.1,Oracle (thong tin hoan hao),can_tho,mild,80.0,1,24,2024,33.3333,0.0,80.0,1,20.0,4,0,4,0,0,4,0,1901,1584,20.0,0.044,0.0
narrow,0.1,Oracle (thong tin hoan hao),can_tho,mild,80.0,2,24,2024,33.3333,0.0,80.0,1,20.0,6,2,4,0,0,4,0,1903,1584,20.0,0.044,0.6086
narrow,0.1,Oracle (thong tin hoan hao),can_tho,mild,80.0,3,24,2024,33.3333,0.0,80.0,2,40.0,4,0,4,0,0,4,0,1901,1584,20.0,0.044,0.0
narrow,0.1,Oracle (thong tin hoan hao),can_tho,mild,80.0,4,24,2024,33.3333,0.0,80.0,1,20.0,8,4,4,0,0,4,0,1905,1584,20.0,0.044,0.8607
narrow,0.1,Oracle (thong tin hoan hao),can_tho,mild,80.0,5,24,2024,33.3333,0.0,80.0,1,20.0,6,2,4,0,0,4,0,1903,1584,20.0,0.044,0.6086
narrow,0.1,Oracle (thong tin hoan hao),can_tho,mild,80.0,6,24,2024,33.3333,0.0,80.0,2,40.0,6,2,4,0,0,4,0,1903,1584,20.0,0.044,0.6086
narrow,0.1,Oracle (thong tin hoan hao),can_tho,mild,80.0,7,24,2024,33.3333,0.0,80.0,1,20.0,8,4,4,0,0,4,0,1905,1584,20.0,0.044,1.387
narrow,0.1,Oracle (thong tin hoan hao),can_tho,mild,80.0,8,24,2024,33.3333,0.0,80.0,0,0.0,4,0,4,0,0,4,0,1901,1584,20.0,0.044,0.0
narrow,0.1,Oracle (thong tin hoan hao),can_tho,mild,80.0,9,24,2024,33.3333,0.0,80.0,1,20.0,4,0,4,0,0,4,0,1901,1584,20.0,0.044,0.0
narrow,0.1,Oracle (thong tin hoan hao),can_tho,severe,80.0,0,24,2024,33.3333,0.0,80.0,0,0.0,14,10,4,0,0,4,0,1911,1584,20.0,0.044,1.0541
narrow,0.1,Oracle (thong tin hoan hao),can_tho,severe,80.0,1,24,2024,33.287,0.0,80.0,0,0.0,19,15,4,0,0,4,0,1898,1584,20.0,0.044,1.2172
narrow,0.1,Oracle (thong tin hoan hao),can_tho,severe,80.0,2,24,2024,33.3333,0.0,80.0,1,20.0,10,6,4,0,0,4,0,1907,1584,20.0,0.044,1.0541
narrow,0.1,Oracle (thong tin hoan hao),can_tho,severe,80.0,3,24,2024,33.3333,0.0,80.0,1,20.0,12,8,4,0,0,4,0,1909,1584,20.0,0.044,1.0541
narrow,0.1,Oracle (thong tin hoan hao),can_tho,severe,80.0,4,24,2024,33.3333,0.0,80.0,0,0.0,11,7,4,0,0,4,0,1908,1584,20.0,0.044,0.7454
narrow,0.1,Oracle (thong tin hoan hao),can_tho,severe,80.0,5,24,2024,33.3333,0.0,80.0,0,0.0,7,3,4,0,0,4,0,1904,1584,20.0,0.044,0.4303
narrow,0.1,Oracle (thong tin hoan hao),can_tho,severe,80.0,6,24,2024,33.3333,0.0,80.0,2,40.0,11,7,4,0,0,4,0,1908,1584,20.0,0.044,1.0541
narrow,0.1,Oracle (thong tin hoan hao),can_tho,severe,80.0,7,24,2024,33.3333,0.0,80.0,2,40.0,6,2,4,0,0,4,0,1903,1584,20.0,0.044,0.6086
narrow,0.1,Oracle (thong tin hoan hao),can_tho,severe,80.0,8,24,2024,33.2407,0.0,80.0,0,0.0,22,18,4,0,0,4,0,1915,1584,20.0,0.044,2.1994
narrow,0.1,Oracle (thong tin hoan hao),can_tho,severe,80.0,9,24,2024,33.3333,0.0,80.0,1,20.0,4,0,4,0,0,4,0,1901,1584,20.0,0.044,0.4303
narrow,0.1,Oracle (thong tin hoan hao),soc_trang,mild,80.0,0,24,2024,32.4074,0.0,80.0,0,0.0,6,2,4,0,0,4,0,1887,1683,20.0,0.044,0.6086
narrow,0.1,Oracle (thong tin hoan hao),soc_trang,mild,80.0,1,24,2024,32.4074,0.0,80.0,1,20.0,4,0,4,0,0,4,0,1885,1683,20.0,0.044,0.0
narrow,0.1,Oracle (thong tin hoan hao),soc_trang,mild,80.0,2,24,2024,32.4074,0.0,80.0,1,20.0,6,2,4,0,0,4,0,1887,1683,20.0,0.044,0.6086
narrow,0.1,Oracle (thong tin hoan hao),soc_trang,mild,80.0,3,24,2024,32.4074,0.0,80.0,1,20.0,7,3,4,0,0,4,0,1888,1683,20.0,0.044,0.8607
narrow,0.1,Oracle (thong tin hoan hao),soc_trang,mild,80.0,4,24,2024,32.4074,0.0,80.0,1,20.0,4,0,4,0,0,4,0,1885,1683,20.0,0.044,0.0
narrow,0.1,Oracle (thong tin hoan hao),soc_trang,mild,80.0,5,24,2024,32.4074,0.0,80.0,1,20.0,4,0,4,0,0,4,0,1885,1683,20.0,0.044,0.0
narrow,0.1,Oracle (thong tin hoan hao),soc_trang,mild,80.0,6,24,2024,32.4074,0.0,80.0,3,60.0,4,0,4,0,0,4,0,1885,1683,20.0,0.044,0.0
narrow,0.1,Oracle (thong tin hoan hao),soc_trang,mild,80.0,7,24,2024,32.4074,0.0,80.0,1,20.0,5,1,4,0,0,4,0,1886,1683,20.0,0.044,0.4303
narrow,0.1,Oracle (thong tin hoan hao),soc_trang,mild,80.0,8,24,2024,32.4074,0.0,80.0,0,0.0,4,0,4,0,0,4,0,1885,1683,20.0,0.044,0.0
narrow,0.1,Oracle (thong tin hoan hao),soc_trang,mild,80.0,9,24,2024,32.4074,0.0,80.0,1,20.0,4,0,4,0,0,4,0,1885,1683,20.0,0.044,0.0
narrow,0.1,Oracle (thong tin hoan hao),soc_trang,severe,80.0,0,24,2024,32.4074,0.0,80.0,0,0.0,6,2,4,0,0,4,0,1887,1683,20.0,0.044,0.0
narrow,0.1,Oracle (thong tin hoan hao),soc_trang,severe,80.0,1,24,2024,32.4074,0.0,80.0,0,0.0,12,8,4,0,0,4,0,1893,1683,20.0,0.044,0.8607
narrow,0.1,Oracle (thong tin hoan hao),soc_trang,severe,80.0,2,24,2024,32.4074,0.0,80.0,1,20.0,8,4,4,0,0,4,0,1889,1683,20.0,0.044,0.4303
narrow,0.1,Oracle (thong tin hoan hao),soc_trang,severe,80.0,3,24,2024,32.4074,0.0,80.0,2,40.0,10,6,4,0,0,4,0,1891,1683,20.0,0.044,1.0541
narrow,0.1,Oracle (thong tin hoan hao),soc_trang,severe,80.0,4,24,2024,32.4074,0.0,80.0,0,0.0,15,11,4,0,0,4,0,1894,1683,20.0,0.044,1.3606
narrow,0.1,Oracle (thong tin hoan hao),soc_trang,severe,80.0,5,24,2024,32.4074,0.0,80.0,0,0.0,10,6,4,0,0,4,0,1891,1683,20.0,0.044,0.8606
narrow,0.1,Oracle (thong tin hoan hao),soc_trang,severe,80.0,6,24,2024,32.4074,0.0,80.0,2,40.0,7,3,4,0,0,4,0,1888,1683,20.0,0.044,0.6086
narrow,0.1,Oracle (thong tin hoan hao),soc_trang,severe,80.0,7,24,2024,32.4074,0.0,80.0,1,20.0,7,3,4,0,0,4,0,1888,1683,20.0,0.044,0.6086
narrow,0.1,Oracle (thong tin hoan hao),soc_trang,severe,80.0,8,24,2024,32.2685,0.0,80.0,0,0.0,25,21,4,0,0,4,0,1902,1683,20.0,0.044,1.8744
narrow,0.1,Oracle (thong tin hoan hao),soc_trang,severe,80.0,9,24,2024,32.4074,0.0,80.0,0,0.0,8,4,4,0,0,4,0,1889,1683,20.0,0.044,0.4303
narrow,0.1,Oracle (thong tin hoan hao),ca_mau,mild,80.0,0,24,2024,30.0463,0.0,80.0,0,0.0,4,0,4,0,0,4,0,1862,1680,20.0,0.044,0.0
narrow,0.1,Oracle (thong tin hoan hao),ca_mau,mild,80.0,1,24,2024,30.0463,0.0,80.0,1,20.0,4,0,4,0,0,4,0,1862,1680,20.0,0.044,0.0
narrow,0.1,Oracle (thong tin hoan hao),ca_mau,mild,80.0,2,24,2024,30.0463,0.0,80.0,2,40.0,5,1,4,0,0,4,0,1863,1680,20.0,0.044,0.4303
narrow,0.1,Oracle (thong tin hoan hao),ca_mau,mild,80.0,3,24,2024,30.0463,0.0,80.0,2,40.0,4,0,4,0,0,4,0,1862,1680,20.0,0.044,0.0
narrow,0.1,Oracle (thong tin hoan hao),ca_mau,mild,80.0,4,24,2024,30.0463,0.0,80.0,1,20.0,4,0,4,0,0,4,0,1862,1680,20.0,0.044,0.0
narrow,0.1,Oracle (thong tin hoan hao),ca_mau,mild,80.0,5,24,2024,30.0463,0.0,80.0,1,20.0,4,0,4,0,0,4,0,1862,1680,20.0,0.044,0.0
narrow,0.1,Oracle (thong tin hoan hao),ca_mau,mild,80.0,6,24,2024,30.0463,0.0,80.0,3,60.0,4,0,4,0,0,4,0,1862,1680,20.0,0.044,0.0
narrow,0.1,Oracle (thong tin hoan hao),ca_mau,mild,80.0,7,24,2024,30.0463,0.0,80.0,2,40.0,6,2,4,0,0,4,0,1864,1680,20.0,0.044,0.6086
narrow,0.1,Oracle (thong tin hoan hao),ca_mau,mild,80.0,8,24,2024,30.0463,0.0,80.0,0,0.0,4,0,4,0,0,4,0,1862,1680,20.0,0.044,0.0
narrow,0.1,Oracle (thong tin hoan hao),ca_mau,mild,80.0,9,24,2024,30.0463,0.0,80.0,1,20.0,4,0,4,0,0,4,0,1862,1680,20.0,0.044,0.0
narrow,0.1,Oracle (thong tin hoan hao),ca_mau,severe,80.0,0,24,2024,30.0463,0.0,80.0,0,0.0,15,11,4,0,0,4,0,1873,1680,20.0,0.044,0.9623
narrow,0.1,Oracle (thong tin hoan hao),ca_mau,severe,80.0,1,24,2024,30.0463,0.0,80.0,0,0.0,9,5,4,0,0,4,0,1867,1680,20.0,0.044,0.0
narrow,0.1,Oracle (thong tin hoan hao),ca_mau,severe,80.0,2,24,2024,30.0463,0.0,80.0,0,0.0,12,8,4,0,0,4,0,1870,1680,20.0,0.044,0.4303
narrow,0.1,Oracle (thong tin hoan hao),ca_mau,severe,80.0,3,24,2024,30.0463,0.0,80.0,0,0.0,21,17,4,0,0,4,0,1879,1680,20.0,0.044,1.3608
narrow,0.1,Oracle (thong tin hoan hao),ca_mau,severe,80.0,4,24,2024,30.0463,0.0,80.0,0,0.0,16,12,4,0,0,4,0,1873,1680,20.0,0.044,1.3608
narrow,0.1,Oracle (thong tin hoan hao),ca_mau,severe,80.0,5,24,2024,30.0463,0.0,80.0,1,20.0,8,4,4,0,0,4,0,1866,1680,20.0,0.044,0.6086
narrow,0.1,Oracle (thong tin hoan hao),ca_mau,severe,80.0,6,24,2024,30.0463,0.0,80.0,1,20.0,14,10,4,0,0,4,0,1872,1680,20.0,0.044,1.0541
narrow,0.1,Oracle (thong tin hoan hao),ca_mau,severe,80.0,7,24,2024,30.0463,0.0,80.0,0,0.0,10,6,4,0,0,4,0,1868,1680,20.0,0.044,0.6086
narrow,0.1,Oracle (thong tin hoan hao),ca_mau,severe,80.0,8,24,2024,30.0463,0.0,80.0,0,0.0,14,10,4,0,0,4,0,1872,1680,20.0,0.044,0.7454
narrow,0.1,Oracle (thong tin hoan hao),ca_mau,severe,80.0,9,24,2024,30.0463,0.0,80.0,1,20.0,5,1,4,0,0,4,0,1863,1680,20.0,0.044,0.4303
narrow,0.1,FULL (de xuat),can_tho,mild,160.0,0,24,2024,25.6019,0.0,160.0,0,0.0,8,0,8,82,0,0,8,1474,1303,20.0,0.089,0.0
narrow,0.1,FULL (de xuat),can_tho,mild,160.0,1,24,2024,25.9722,0.0,160.0,1,20.0,9,2,7,83,0,0,7,1453,1254,20.0,0.078,0.7449
narrow,0.1,FULL (de xuat),can_tho,mild,160.0,2,24,2024,26.7593,0.0,160.0,4,80.0,11,5,6,84,0,0,5,1421,1183,20.0,0.067,0.7454
narrow,0.1,FULL (de xuat),can_tho,mild,160.0,3,24,2024,25.9722,0.0,160.0,3,60.0,10,3,7,83,0,0,6,1463,1238,20.0,0.078,0.6086
narrow,0.1,FULL (de xuat),can_tho,mild,160.0,4,24,2024,25.8796,0.0,160.0,2,40.0,8,2,6,84,0,0,6,1459,1239,20.0,0.067,0.0
narrow,0.1,FULL (de xuat),can_tho,mild,160.0,5,24,2024,26.6667,0.0,160.0,3,60.0,8,2,6,84,0,0,6,1462,1220,20.0,0.067,0.0
narrow,0.1,FULL (de xuat),can_tho,mild,160.0,6,24,2024,26.8981,0.0,160.0,4,80.0,9,4,5,85,0,0,5,1412,1180,20.0,0.056,0.4303
narrow,0.1,FULL (de xuat),can_tho,mild,160.0,7,24,2024,26.4352,0.0,160.0,3,60.0,10,4,6,84,0,0,5,1453,1219,20.0,0.067,0.9622
narrow,0.1,FULL (de xuat),can_tho,mild,160.0,8,24,2024,25.6019,0.0,160.0,1,20.0,9,1,8,82,0,0,8,1474,1303,20.0,0.089,0.6086
narrow,0.1,FULL (de xuat),can_tho,mild,160.0,9,24,2024,25.7407,0.0,160.0,2,40.0,9,2,7,83,0,0,7,1459,1259,20.0,0.078,0.4303
narrow,0.1,FULL (de xuat),can_tho,severe,160.0,0,24,2024,24.5833,0.0,160.0,0,0.0,24,13,11,79,0,0,8,1520,1340,20.0,0.122,0.9623
narrow,0.1,FULL (de xuat),can_tho,severe,160.0,1,24,2024,25.3241,0.0,160.0,1,20.0,21,12,9,81,0,1,6,1483,1281,20.0,0.1,0.7454
narrow,0.1,FULL (de xuat),can_tho,severe,160.0,2,24,2024,27.9167,0.0,160.0,2,40.0,20,14,6,84,0,0,6,1506,1276,20.0,0.067,1.2172
narrow,0.1,FULL (de xuat),can_tho,severe,160.0,3,24,2024,27.1296,0.0,160.0,4,80.0,33,24,9,81,0,1,3,1527,1246,22.86,0.1,1.4272
narrow,0.1,FULL (de xuat),can_tho,severe,160.0,4,24,2024,25.6944,0.0,160.0,1,20.0,22,14,8,82,0,0,7,1468,1264,20.0,0.089,0.8607
narrow,0.1,FULL (de xuat),can_tho,severe,160.0,5,24,2024,25.9722,0.0,160.0,1,20.0,16,9,7,83,0,0,7,1459,1260,20.0,0.078,0.7454
narrow,0.1,FULL (de xuat),can_tho,severe,160.0,6,24,2024,24.7685,0.0,160.0,3,60.0,34,24,10,80,0,0,7,1491,1315,20.0,0.111,1.5516
narrow,0.1,FULL (de xuat),can_tho,severe,160.0,7,24,2024,28.2407,0.0,160.0,1,40.0,23,15,8,82,0,1,4,1562,1306,26.67,0.089,1.4272
narrow,0.1,FULL (de xuat),can_tho,severe,160.0,8,24,2024,25.6019,0.0,160.0,1,20.0,18,10,8,82,0,0,7,1496,1286,20.0,0.089,0.6086
narrow,0.1,FULL (de xuat),can_tho,severe,160.0,9,24,2024,25.7407,0.0,160.0,1,20.0,16,8,8,82,0,0,7,1448,1266,20.0,0.089,1.0541
narrow,0.1,FULL (de xuat),soc_trang,mild,160.0,0,24,2024,24.4907,0.0,160.0,0,0.0,10,2,8,82,0,0,8,1492,1417,20.0,0.089,0.7454
narrow,0.1,FULL (de xuat),soc_trang,mild,160.0,1,24,2024,25.4167,0.0,160.0,1,20.0,8,1,7,83,0,0,7,1470,1352,20.0,0.078,0.0
narrow,0.1,FULL (de xuat),soc_trang,mild,160.0,2,24,2024,25.7407,0.0,160.0,5,100.0,10,4,6,84,0,0,6,1424,1294,20.0,0.067,0.6086
narrow,0.1,FULL (de xuat),soc_trang,mild,160.0,3,24,2024,25.6019,0.0,160.0,4,80.0,10,3,7,83,0,0,6,1409,1294,20.0,0.078,0.6086
narrow,0.1,FULL (de xuat),soc_trang,mild,160.0,4,24,2024,24.4907,0.0,160.0,2,40.0,13,4,9,81,0,1,6,1484,1380,20.0,0.1,1.2171
narrow,0.1,FULL (de xuat),soc_trang,mild,160.0,5,24,2024,25.6019,0.0,160.0,2,40.0,12,4,8,82,0,0,6,1410,1297,20.0,0.089,0.8607
narrow,0.1,FULL (de xuat),soc_trang,mild,160.0,6,24,2024,26.6667,0.0,160.0,5,100.0,9,4,5,85,0,0,5,1367,1255,20.0,0.056,0.4303
narrow,0.1,FULL (de xuat),soc_trang,mild,160.0,7,24,2024,25.787,0.0,160.0,3,60.0,8,3,5,85,0,0,5,1399,1259,20.0,0.056,0.0
narrow,0.1,FULL (de xuat),soc_trang,mild,160.0,8,24,2024,24.7222,0.0,160.0,1,20.0,11,2,9,81,0,0,8,1452,1387,20.0,0.1,1.1385
narrow,0.1,FULL (de xuat),soc_trang,mild,160.0,9,24,2024,26.5741,0.0,160.0,2,40.0,8,2,6,84,0,0,6,1381,1253,20.0,0.067,0.0
narrow,0.1,FULL (de xuat),soc_trang,severe,160.0,0,24,2024,22.5463,0.0,160.0,0,0.0,33,21,12,78,0,0,8,1534,1491,20.0,0.133,0.9623
narrow,0.1,FULL (de xuat),soc_trang,severe,160.0,1,24,2024,24.4907,0.0,160.0,1,20.0,23,14,9,81,0,0,8,1500,1407,20.0,0.1,0.7454
narrow,0.1,FULL (de xuat),soc_trang,severe,160.0,2,24,2024,28.0093,0.0,160.0,3,60.0,16,11,5,85,0,0,5,1444,1294,20.0,0.056,1.1386
narrow,0.1,FULL (de xuat),soc_trang,severe,160.0,3,24,2024,27.2685,0.0,160.0,4,80.0,21,14,7,83,0,1,3,1530,1347,22.86,0.078,1.217
narrow,0.1,FULL (de xuat),soc_trang,severe,160.0,4,24,2024,25.5556,0.0,160.0,1,20.0,24,16,8,82,0,0,7,1428,1339,20.0,0.089,0.8607
narrow,0.1,FULL (de xuat),soc_trang,severe,160.0,5,24,2024,25.787,0.0,160.0,2,40.0,15,8,7,83,0,0,7,1396,1311,20.0,0.078,0.7454
narrow,0.1,FULL (de xuat),soc_trang,severe,160.0,6,24,2024,25.4167,0.0,160.0,5,100.0,26,18,8,82,0,0,6,1444,1331,20.0,0.089,1.291
narrow,0.1,FULL (de xuat),soc_trang,severe,160.0,7,24,2024,27.0833,0.0,160.0,1,40.0,23,15,8,82,0,1,4,1567,1433,26.67,0.089,1.291
narrow,0.1,FULL (de xuat),soc_trang,severe,160.0,8,24,2024,23.0556,0.0,160.0,1,20.0,36,24,12,78,0,1,5,1552,1422,22.86,0.133,1.1386
narrow,0.1,FULL (de xuat),soc_trang,severe,160.0,9,24,2024,24.6296,0.0,160.0,1,20.0,16,8,8,82,0,0,7,1475,1376,20.0,0.089,1.0541
narrow,0.1,FULL (de xuat),ca_mau,mild,160.0,0,24,2024,22.1759,0.0,160.0,0,0.0,11,2,9,81,0,0,8,1431,1376,20.0,0.1,0.8607
narrow,0.1,FULL (de xuat),ca_mau,mild,160.0,1,24,2024,22.2222,0.0,160.0,1,20.0,9,2,7,83,0,0,7,1416,1325,20.0,0.078,0.6085
narrow,0.1,FULL (de xuat),ca_mau,mild,160.0,2,24,2024,23.2407,0.0,160.0,5,100.0,9,4,5,85,0,0,5,1370,1220,20.0,0.056,0.4303
narrow,0.1,FULL (de xuat),ca_mau,mild,160.0,3,24,2024,22.4074,0.0,160.0,4,80.0,8,2,6,84,0,0,6,1396,1269,20.0,0.067,0.0
narrow,0.1,FULL (de xuat),ca_mau,mild,160.0,4,24,2024,22.1759,0.0,160.0,2,40.0,11,3,8,82,0,0,7,1391,1334,20.0,0.089,0.7454
narrow,0.1,FULL (de xuat),ca_mau,mild,160.0,5,24,2024,21.1574,0.0,160.0,1,20.0,14,5,9,81,0,1,6,1472,1359,20.0,0.1,1.0541
narrow,0.1,FULL (de xuat),ca_mau,mild,160.0,6,24,2024,23.7963,0.0,160.0,5,100.0,8,3,5,85,0,0,5,1330,1220,20.0,0.056,0.0
narrow,0.1,FULL (de xuat),ca_mau,mild,160.0,7,24,2024,23.7963,0.0,160.0,3,60.0,8,3,5,85,0,0,5,1330,1220,20.0,0.056,0.0
narrow,0.1,FULL (de xuat),ca_mau,mild,160.0,8,24,2024,22.3611,0.0,160.0,1,20.0,8,1,7,83,0,0,7,1373,1288,20.0,0.078,0.0
narrow,0.1,FULL (de xuat),ca_mau,mild,160.0,9,24,2024,22.3148,0.0,160.0,2,40.0,9,3,6,84,0,0,6,1400,1292,20.0,0.067,0.4303
narrow,0.1,FULL (de xuat),ca_mau,severe,160.0,0,24,2024,21.2037,0.0,160.0,0,0.0,27,16,11,79,0,0,8,1431,1400,20.0,0.122,0.7454
narrow,0.1,FULL (de xuat),ca_mau,severe,160.0,1,24,2024,17.7315,0.0,160.0,0,0.0,41,28,13,77,0,2,5,1541,1457,22.86,0.144,1.2172
narrow,0.1,FULL (de xuat),ca_mau,severe,160.0,2,24,2024,24.5833,0.0,160.0,3,60.0,24,16,8,82,0,0,6,1476,1382,20.0,0.089,1.2959
narrow,0.1,FULL (de xuat),ca_mau,severe,160.0,3,24,2024,20.6019,0.0,160.0,2,40.0,35,25,10,80,0,1,5,1471,1390,22.86,0.111,1.4272
narrow,0.1,FULL (de xuat),ca_mau,severe,160.0,4,24,2024,22.3148,0.0,160.0,2,40.0,14,8,6,84,0,0,6,1404,1314,20.0,0.067,0.6086
narrow,0.1,FULL (de xuat),ca_mau,severe,160.0,5,24,2024,22.4074,0.0,160.0,2,40.0,15,9,6,84,0,0,6,1401,1274,20.0,0.067,0.8745
narrow,0.1,FULL (de xuat),ca_mau,severe,160.0,6,24,2024,22.4537,0.0,160.0,4,80.0,21,15,6,84,0,0,6,1382,1261,20.0,0.067,1.0541
narrow,0.1,FULL (de xuat),ca_mau,severe,160.0,7,24,2024,20.9722,0.0,160.0,2,40.0,41,30,11,79,0,1,5,1464,1353,20.0,0.122,1.4907
narrow,0.1,FULL (de xuat),ca_mau,severe,160.0,8,24,2024,18.8889,0.0,160.0,0,0.0,47,31,16,74,0,1,7,1529,1456,20.0,0.178,1.5515
narrow,0.1,FULL (de xuat),ca_mau,severe,160.0,9,24,2024,22.2222,0.0,160.0,1,20.0,18,10,8,82,0,0,7,1402,1332,20.0,0.089,1.0541
narrow,0.1,- whatif (twin->predictor),can_tho,mild,160.0,0,24,2024,42.3611,0.0,160.0,0,0.0,3,0,3,87,0,0,0,1667,1272,53.33,0.033,0.0
narrow,0.1,- whatif (twin->predictor),can_tho,mild,160.0,1,24,2024,41.25,0.0,160.0,0,0.0,5,1,4,86,0,0,0,1644,1249,53.33,0.044,0.7819
narrow,0.1,- whatif (twin->predictor),can_tho,mild,160.0,2,24,2024,43.4722,0.0,160.0,1,40.0,3,0,3,87,0,0,0,1690,1295,53.33,0.033,0.0
narrow,0.1,- whatif (twin->predictor),can_tho,mild,160.0,3,24,2024,43.4722,0.0,160.0,1,40.0,3,0,3,87,0,0,0,1690,1295,53.33,0.033,0.0
narrow,0.1,- whatif (twin->predictor),can_tho,mild,160.0,4,24,2024,47.6389,0.0,160.0,1,60.0,5,2,3,87,0,0,0,1761,1367,53.33,0.033,0.8466
narrow,0.1,- whatif (twin->predictor),can_tho,mild,160.0,5,24,2024,43.4722,0.0,160.0,1,40.0,3,0,3,87,0,0,0,1690,1295,53.33,0.033,0.0
narrow,0.1,- whatif (twin->predictor),can_tho,mild,160.0,6,24,2024,48.8426,0.0,160.0,2,100.0,3,1,2,88,0,0,0,1786,1392,53.33,0.022,0.0
narrow,0.1,- whatif (twin->predictor),can_tho,mild,160.0,7,24,2024,42.3611,0.0,160.0,1,60.0,4,1,3,87,0,0,0,1667,1272,53.33,0.033,0.5986
narrow,0.1,- whatif (twin->predictor),can_tho,mild,160.0,8,24,2024,43.4722,0.0,160.0,0,0.0,4,1,3,87,0,0,0,1690,1295,53.33,0.033,0.5701
narrow,0.1,- whatif (twin->predictor),can_tho,mild,160.0,9,24,2024,43.4722,0.0,160.0,1,40.0,3,0,3,87,0,0,0,1690,1295,53.33,0.033,0.0
narrow,0.1,- whatif (twin->predictor),can_tho,severe,160.0,0,24,2024,42.3611,0.0,160.0,0,0.0,3,0,3,87,0,0,0,1667,1272,53.33,0.033,0.0
narrow,0.1,- whatif (twin->predictor),can_tho,severe,160.0,1,24,2024,52.4537,0.0,120.0,0,0.0,7,4,3,87,0,1,0,1402,1418,60.0,0.033,0.6714
narrow,0.1,- whatif (twin->predictor),can_tho,severe,160.0,2,24,2024,41.25,0.0,160.0,1,40.0,9,5,4,86,0,0,0,1644,1249,53.33,0.044,1.0715
narrow,0.1,- whatif (twin->predictor),can_tho,severe,160.0,3,24,2024,52.4537,0.0,120.0,0,0.0,10,6,4,86,0,1,0,1402,1418,60.0,0.044,1.3158
narrow,0.1,- whatif (twin->predictor),can_tho,severe,160.0,4,24,2024,48.8426,0.0,160.0,1,60.0,4,2,2,88,0,0,0,1786,1392,53.33,0.022,0.5986
narrow,0.1,- whatif (twin->predictor),can_tho,severe,160.0,5,24,2024,43.4722,0.0,160.0,0,0.0,7,4,3,87,0,0,0,1690,1295,53.33,0.033,0.5255
narrow,0.1,- whatif (twin->predictor),can_tho,severe,160.0,6,24,2024,43.4722,0.0,160.0,1,60.0,9,6,3,87,0,0,0,1690,1295,53.33,0.033,0.5249
narrow,0.1,- whatif (twin->predictor),can_tho,severe,160.0,7,24,2024,52.4537,0.0,120.0,0,0.0,9,6,3,87,0,1,0,1402,1418,60.0,0.033,1.1224
narrow,0.1,- whatif (twin->predictor),can_tho,severe,160.0,8,24,2024,43.4722,0.0,160.0,0,0.0,4,1,3,87,0,0,0,1690,1295,53.33,0.033,0.0
narrow,0.1,- whatif (twin->predictor),can_tho,severe,160.0,9,24,2024,43.4722,0.0,160.0,1,40.0,5,2,3,87,0,0,0,1690,1295,53.33,0.033,0.5261
narrow,0.1,- whatif (twin->predictor),soc_trang,mild,160.0,0,24,2024,41.1111,0.0,160.0,0,0.0,5,1,4,86,0,0,0,1641,1343,53.33,0.044,0.8472
narrow,0.1,- whatif (twin->predictor),soc_trang,mild,160.0,1,24,2024,42.4537,0.0,160.0,0,0.0,3,0,3,87,0,0,0,1672,1387,53.33,0.033,0.0
narrow,0.1,- whatif (twin->predictor),soc_trang,mild,160.0,2,24,2024,40.0463,0.0,160.0,0,0.0,7,2,5,85,0,0,0,1615,1326,53.33,0.056,1.1773
narrow,0.1,- whatif (twin->predictor),soc_trang,mild,160.0,3,24,2024,42.4537,0.0,160.0,1,40.0,3,0,3,87,0,0,0,1672,1387,53.33,0.033,0.0
narrow,0.1,- whatif (twin->predictor),soc_trang,mild,160.0,4,24,2024,42.4537,0.0,160.0,1,60.0,4,1,3,87,0,0,0,1672,1387,53.33,0.033,0.0001
narrow,0.1,- whatif (twin->predictor),soc_trang,mild,160.0,5,24,2024,41.1111,0.0,160.0,1,40.0,3,0,3,87,0,0,0,1641,1343,53.33,0.033,0.0
narrow,0.1,- whatif (twin->predictor),soc_trang,mild,160.0,6,24,2024,48.9815,0.0,160.0,2,100.0,3,1,2,88,0,0,0,1766,1484,53.33,0.022,0.0
narrow,0.1,- whatif (twin->predictor),soc_trang,mild,160.0,7,24,2024,40.0463,0.0,160.0,1,60.0,6,2,4,86,0,0,0,1615,1326,53.33,0.044,1.1021
narrow,0.1,- whatif (twin->predictor),soc_trang,mild,160.0,8,24,2024,42.4537,0.0,160.0,0,0.0,4,1,3,87,0,0,0,1672,1387,53.33,0.033,0.5318
narrow,0.1,- whatif (twin->predictor),soc_trang,mild,160.0,9,24,2024,42.4537,0.0,160.0,1,40.0,3,0,3,87,0,0,0,1672,1387,53.33,0.033,0.0
narrow,0.1,- whatif (twin->predictor),soc_trang,severe,160.0,0,24,2024,42.1759,0.0,160.0,0,0.0,7,3,4,86,0,0,0,1664,1366,53.33,0.044,0.7524
narrow,0.1,- whatif (twin->predictor),soc_trang,severe,160.0,1,24,2024,52.5926,0.0,120.0,0,0.0,12,8,4,86,0,1,0,1577,1580,60.0,0.044,0.8303
narrow,0.1,- whatif (twin->predictor),soc_trang,severe,160.0,2,24,2024,53.5185,0.0,120.0,0,0.0,6,3,3,87,0,1,0,1597,1586,60.0,0.033,0.9954
narrow,0.1,- whatif (twin->predictor),soc_trang,severe,160.0,3,24,2024,53.5185,0.0,120.0,0,0.0,13,9,4,86,0,1,0,1621,1586,60.0,0.044,1.3251
narrow,0.1,- whatif (twin->predictor),soc_trang,severe,160.0,4,24,2024,48.9815,0.0,160.0,1,60.0,15,10,5,85,0,1,0,1480,1484,53.33,0.056,0.9898
narrow,0.1,- whatif (twin->predictor),soc_trang,severe,160.0,5,24,2024,41.1111,0.0,160.0,1,40.0,4,1,3,87,0,0,0,1641,1343,53.33,0.033,0.6321
narrow,0.1,- whatif (twin->predictor),soc_trang,severe,160.0,6,24,2024,48.9815,0.0,160.0,2,100.0,5,3,2,88,0,0,0,1766,1484,53.33,0.022,0.9673
narrow,0.1,- whatif (twin->predictor),soc_trang,severe,160.0,7,24,2024,52.5926,0.0,60.0,0,0.0,16,12,4,86,0,0,0,1863,1580,60.0,0.044,1.3409
narrow,0.1,- whatif (twin->predictor),soc_trang,severe,160.0,8,24,2024,42.4537,0.0,160.0,0,0.0,5,2,3,87,0,0,0,1672,1387,53.33,0.033,0.0
narrow,0.1,- whatif (twin->predictor),soc_trang,severe,160.0,9,24,2024,42.4537,0.0,160.0,1,40.0,5,2,3,87,0,0,0,1672,1387,53.33,0.033,0.6
narrow,0.1,- whatif (twin->predictor),ca_mau,mild,160.0,0,24,2024,39.9537,0.0,160.0,0,0.0,3,0,3,87,0,0,0,1621,1340,53.33,0.033,0.0
narrow,0.1,- whatif (twin->predictor),ca_mau,mild,160.0,1,24,2024,39.9537,0.0,160.0,0,0.0,3,0,3,87,0,0,0,1621,1340,53.33,0.033,0.0
narrow,0.1,- whatif (twin->predictor),ca_mau,mild,160.0,2,24,2024,41.1574,0.0,160.0,1,40.0,3,0,3,87,0,0,0,1647,1365,53.33,0.033,0.0
narrow,0.1,- whatif (twin->predictor),ca_mau,mild,160.0,3,24,2024,41.1574,0.0,160.0,1,40.0,3,0,3,87,0,0,0,1647,1365,53.33,0.033,0.0
narrow,0.1,- whatif (twin->predictor),ca_mau,mild,160.0,4,24,2024,46.1574,0.0,160.0,1,60.0,5,2,3,87,0,0,0,1739,1441,53.33,0.033,0.8342
narrow,0.1,- whatif (twin->predictor),ca_mau,mild,160.0,5,24,2024,41.1574,0.0,160.0,1,40.0,3,0,3,87,0,0,0,1647,1365,53.33,0.033,0.0
narrow,0.1,- whatif (twin->predictor),ca_mau,mild,160.0,6,24,2024,46.8519,0.0,160.0,2,100.0,3,1,2,88,0,0,0,1763,1465,53.33,0.022,0.0
narrow,0.1,- whatif (twin->predictor),ca_mau,mild,160.0,7,24,2024,37.1296,0.0,160.0,1,60.0,6,2,4,86,0,0,0,1596,1316,53.33,0.044,1.0369
narrow,0.1,- whatif (twin->predictor),ca_mau,mild,160.0,8,24,2024,41.1574,0.0,160.0,0,0.0,3,0,3,87,0,0,0,1647,1365,53.33,0.033,0.0
narrow,0.1,- whatif (twin->predictor),ca_mau,mild,160.0,9,24,2024,41.1574,0.0,160.0,1,40.0,3,0,3,87,0,0,0,1647,1365,53.33,0.033,0.0
narrow,0.1,- whatif (twin->predictor),ca_mau,severe,160.0,0,24,2024,39.9537,0.0,160.0,0,0.0,4,1,3,87,0,0,0,1621,1340,53.33,0.033,0.0
narrow,0.1,- whatif (twin->predictor),ca_mau,severe,160.0,1,24,2024,52.2222,0.0,120.0,0,0.0,7,4,3,87,0,1,0,1551,1581,60.0,0.033,0.6467
narrow,0.1,- whatif (twin->predictor),ca_mau,severe,160.0,2,24,2024,37.1296,0.0,160.0,1,40.0,9,5,4,86,0,0,0,1596,1316,53.33,0.044,1.0656
narrow,0.1,- whatif (twin->predictor),ca_mau,severe,160.0,3,24,2024,52.2222,0.0,120.0,0,0.0,14,9,5,85,0,1,0,1575,1581,60.0,0.056,1.4045
narrow,0.1,- whatif (twin->predictor),ca_mau,severe,160.0,4,24,2024,46.8519,0.0,160.0,1,60.0,4,2,2,88,0,0,0,1763,1465,53.33,0.022,0.5899
narrow,0.1,- whatif (twin->predictor),ca_mau,severe,160.0,5,24,2024,41.1574,0.0,160.0,0,0.0,6,3,3,87,0,0,0,1647,1365,53.33,0.033,0.5176
narrow,0.1,- whatif (twin->predictor),ca_mau,severe,160.0,6,24,2024,41.1574,0.0,160.0,1,60.0,8,5,3,87,0,0,0,1647,1365,53.33,0.033,0.7924
narrow,0.1,- whatif (twin->predictor),ca_mau,severe,160.0,7,24,2024,52.2222,0.0,120.0,0,0.0,9,6,3,87,0,1,0,1551,1581,60.0,0.033,1.0883
narrow,0.1,- whatif (twin->predictor),ca_mau,severe,160.0,8,24,2024,41.1574,0.0,160.0,0,0.0,4,1,3,87,0,0,0,1647,1365,53.33,0.033,0.0
narrow,0.1,- whatif (twin->predictor),ca_mau,severe,160.0,9,24,2024,41.1574,0.0,160.0,0,0.0,8,5,3,87,0,0,0,1647,1365,53.33,0.033,0.5184
narrow,0.1,- T2 (gui lai mu),can_tho,mild,160.0,0,24,2024,25.6019,0.0,160.0,0,0.0,8,0,8,82,0,0,8,1474,1303,20.0,0.089,0.0
narrow,0.1,- T2 (gui lai mu),can_tho,mild,160.0,1,24,2024,25.9722,0.0,160.0,1,20.0,9,2,7,83,0,0,7,1453,1254,20.0,0.078,0.7449
narrow,0.1,- T2 (gui lai mu),can_tho,mild,160.0,2,24,2024,34.6759,0.0,160.0,5,100.0,11,8,3,87,0,0,3,1583,1277,20.0,0.033,0.6338
narrow,0.1,- T2 (gui lai mu),can_tho,mild,160.0,3,24,2024,31.1111,0.0,160.0,4,80.0,8,4,4,86,0,0,4,1519,1239,20.0,0.044,0.0
narrow,0.1,- T2 (gui lai mu),can_tho,mild,160.0,4,24,2024,25.8796,0.0,160.0,2,40.0,8,2,6,84,0,0,6,1459,1239,20.0,0.067,0.0
narrow,0.1,- T2 (gui lai mu),can_tho,mild,160.0,5,24,2024,28.8889,0.0,160.0,3,60.0,12,7,5,85,0,0,5,1467,1229,20.0,0.056,0.8607
narrow,0.1,- T2 (gui lai mu),can_tho,mild,160.0,6,24,2024,35.9259,0.0,160.0,5,100.0,8,5,3,87,0,0,3,1597,1279,20.0,0.033,0.0
narrow,0.1,- T2 (gui lai mu),can_tho,mild,160.0,7,24,2024,26.8981,0.0,160.0,3,60.0,11,6,5,85,0,0,5,1403,1192,20.0,0.056,1.0541
narrow,0.1,- T2 (gui lai mu),can_tho,mild,160.0,8,24,2024,25.9722,0.0,160.0,1,20.0,11,4,7,83,0,0,7,1451,1254,20.0,0.078,0.8746
narrow,0.1,- T2 (gui lai mu),can_tho,mild,160.0,9,24,2024,26.6667,0.0,160.0,2,40.0,13,7,6,84,0,0,6,1443,1200,20.0,0.067,0.9623
narrow,0.1,- T2 (gui lai mu),can_tho,severe,160.0,0,24,2024,25.5556,0.0,160.0,0,0.0,35,27,8,82,0,0,8,1482,1326,20.0,0.089,2.1901
narrow,0.1,- T2 (gui lai mu),can_tho,severe,160.0,1,24,2024,25.9259,0.0,160.0,1,20.0,22,15,7,83,0,0,7,1465,1267,20.0,0.078,0.8607
narrow,0.1,- T2 (gui lai mu),can_tho,severe,160.0,2,24,2024,34.537,0.0,160.0,5,100.0,17,14,3,87,0,0,3,1580,1260,20.0,0.033,0.9362
narrow,0.1,- T2 (gui lai mu),can_tho,severe,160.0,3,24,2024,30.1389,0.0,160.0,4,80.0,33,29,4,86,0,0,4,1526,1230,20.0,0.044,1.9587
narrow,0.1,- T2 (gui lai mu),can_tho,severe,160.0,4,24,2024,25.8796,0.0,160.0,2,40.0,22,16,6,84,0,0,6,1466,1248,20.0,0.067,1.291
narrow,0.1,- T2 (gui lai mu),can_tho,severe,160.0,5,24,2024,28.8889,0.0,160.0,3,60.0,13,8,5,85,0,0,5,1466,1227,20.0,0.056,0.6552
narrow,0.1,- T2 (gui lai mu),can_tho,severe,160.0,6,24,2024,34.4907,0.0,160.0,5,100.0,35,32,3,87,0,0,3,1561,1241,20.0,0.033,1.6111
narrow,0.1,- T2 (gui lai mu),can_tho,severe,160.0,7,24,2024,26.8981,0.0,160.0,3,60.0,32,27,5,85,0,0,5,1414,1204,20.0,0.056,1.8793
narrow,0.1,- T2 (gui lai mu),can_tho,severe,160.0,8,24,2024,25.6481,0.0,160.0,1,20.0,22,15,7,83,0,0,7,1492,1277,20.0,0.078,1.2909
narrow,0.1,- T2 (gui lai mu),can_tho,severe,160.0,9,24,2024,25.9259,0.0,160.0,2,40.0,25,19,6,84,0,0,6,1460,1229,20.0,0.067,1.7206
narrow,0.1,- T2 (gui lai mu),soc_trang,mild,160.0,0,24,2024,24.4907,0.0,160.0,0,0.0,10,2,8,82,0,0,8,1492,1417,20.0,0.089,0.7454
narrow,0.1,- T2 (gui lai mu),soc_trang,mild,160.0,1,24,2024,25.4167,0.0,160.0,1,20.0,8,1,7,83,0,0,7,1470,1352,20.0,0.078,0.0
narrow,0.1,- T2 (gui lai mu),soc_trang,mild,160.0,2,24,2024,35.463,0.0,160.0,5,100.0,11,8,3,87,0,0,3,1558,1341,20.0,0.033,0.63
narrow,0.1,- T2 (gui lai mu),soc_trang,mild,160.0,3,24,2024,31.1111,0.0,160.0,4,80.0,11,7,4,86,0,0,4,1498,1308,20.0,0.044,0.8607
narrow,0.1,- T2 (gui lai mu),soc_trang,mild,160.0,4,24,2024,25.6481,0.0,160.0,2,40.0,11,5,6,84,0,0,6,1427,1300,20.0,0.067,1.054
narrow,0.1,- T2 (gui lai mu),soc_trang,mild,160.0,5,24,2024,28.9352,0.0,160.0,3,60.0,8,3,5,85,0,0,5,1458,1305,20.0,0.056,0.0
narrow,0.1,- T2 (gui lai mu),soc_trang,mild,160.0,6,24,2024,35.463,0.0,160.0,5,100.0,8,5,3,87,0,0,3,1559,1357,20.0,0.033,0.0
narrow,0.1,- T2 (gui lai mu),soc_trang,mild,160.0,7,24,2024,25.787,0.0,160.0,3,60.0,8,3,5,85,0,0,5,1399,1259,20.0,0.056,0.0
narrow,0.1,- T2 (gui lai mu),soc_trang,mild,160.0,8,24,2024,25.5093,0.0,160.0,1,20.0,13,6,7,83,0,0,7,1455,1336,20.0,0.078,1.2581
narrow,0.1,- T2 (gui lai mu),soc_trang,mild,160.0,9,24,2024,26.5741,0.0,160.0,2,40.0,8,2,6,84,0,0,6,1381,1253,20.0,0.067,0.0
narrow,0.1,- T2 (gui lai mu),soc_trang,severe,160.0,0,24,2024,24.4907,0.0,160.0,0,0.0,20,12,8,82,0,0,8,1502,1427,20.0,0.089,0.8607
narrow,0.1,- T2 (gui lai mu),soc_trang,severe,160.0,1,24,2024,25.4167,0.0,160.0,1,20.0,25,18,7,83,0,0,7,1483,1365,20.0,0.078,1.1386
narrow,0.1,- T2 (gui lai mu),soc_trang,severe,160.0,2,24,2024,34.5833,0.0,160.0,5,100.0,17,14,3,87,0,0,3,1539,1336,20.0,0.033,0.9008
narrow,0.1,- T2 (gui lai mu),soc_trang,severe,160.0,3,24,2024,30.0926,0.0,160.0,4,80.0,37,33,4,86,0,0,4,1490,1294,20.0,0.044,1.9175
narrow,0.1,- T2 (gui lai mu),soc_trang,severe,160.0,4,24,2024,25.6481,0.0,160.0,2,40.0,25,19,6,84,0,0,6,1436,1309,20.0,0.067,1.291
narrow,0.1,- T2 (gui lai mu),soc_trang,severe,160.0,5,24,2024,28.9352,0.0,160.0,3,60.0,17,12,5,85,0,0,5,1465,1312,20.0,0.056,0.6227
narrow,0.1,- T2 (gui lai mu),soc_trang,severe,160.0,6,24,2024,34.537,0.0,160.0,5,100.0,35,32,3,87,0,0,3,1523,1319,20.0,0.033,1.5773
narrow,0.1,- T2 (gui lai mu),soc_trang,severe,160.0,7,24,2024,25.787,0.0,160.0,3,60.0,25,20,5,85,0,0,5,1409,1266,20.0,0.056,1.4985
narrow,0.1,- T2 (gui lai mu),soc_trang,severe,160.0,8,24,2024,25.5093,0.0,160.0,1,20.0,19,12,7,83,0,0,7,1464,1345,20.0,0.078,0.7454
narrow,0.1,- T2 (gui lai mu),soc_trang,severe,160.0,9,24,2024,26.5278,0.0,160.0,2,40.0,25,19,6,84,0,0,6,1389,1261,20.0,0.067,1.7109
narrow,0.1,- T2 (gui lai mu),ca_mau,mild,160.0,0,24,2024,22.1759,0.0,160.0,0,0.0,11,3,8,82,0,0,8,1397,1367,20.0,0.089,0.8607
narrow,0.1,- T2 (gui lai mu),ca_mau,mild,160.0,1,24,2024,22.2222,0.0,160.0,1,20.0,9,2,7,83,0,0,7,1416,1325,20.0,0.078,0.6085
narrow,0.1,- T2 (gui lai mu),ca_mau,mild,160.0,2,24,2024,33.287,0.0,160.0,5,100.0,11,8,3,87,0,0,3,1557,1336,20.0,0.033,0.6172
narrow,0.1,- T2 (gui lai mu),ca_mau,mild,160.0,3,24,2024,29.9537,0.0,160.0,4,80.0,11,7,4,86,0,0,4,1475,1301,20.0,0.044,0.8607
narrow,0.1,- T2 (gui lai mu),ca_mau,mild,160.0,4,24,2024,22.3148,0.0,160.0,2,40.0,13,7,6,84,0,0,6,1404,1313,20.0,0.067,0.9623
narrow,0.1,- T2 (gui lai mu),ca_mau,mild,160.0,5,24,2024,25.5093,0.0,160.0,3,60.0,12,7,5,85,0,0,5,1439,1290,20.0,0.056,0.8607
narrow,0.1,- T2 (gui lai mu),ca_mau,mild,160.0,6,24,2024,32.2685,0.0,160.0,5,100.0,8,5,3,87,0,0,3,1557,1336,20.0,0.033,0.0
narrow,0.1,- T2 (gui lai mu),ca_mau,mild,160.0,7,24,2024,23.7963,0.0,160.0,3,60.0,8,3,5,85,0,0,5,1330,1220,20.0,0.056,0.0
narrow,0.1,- T2 (gui lai mu),ca_mau,mild,160.0,8,24,2024,22.3611,0.0,160.0,1,20.0,8,1,7,83,0,0,7,1373,1288,20.0,0.078,0.0
narrow,0.1,- T2 (gui lai mu),ca_mau,mild,160.0,9,24,2024,22.3148,0.0,160.0,2,40.0,9,3,6,84,0,0,6,1400,1292,20.0,0.067,0.4303
narrow,0.1,- T2 (gui lai mu),ca_mau,severe,160.0,0,24,2024,22.1759,0.0,160.0,0,0.0,28,20,8,82,0,0,8,1416,1384,20.0,0.089,1.4272
narrow,0.1,- T2 (gui lai mu),ca_mau,severe,160.0,1,24,2024,22.2222,0.0,160.0,1,20.0,21,14,7,83,0,0,7,1423,1333,20.0,0.078,0.6086
narrow,0.1,- T2 (gui lai mu),ca_mau,severe,160.0,2,24,2024,33.1019,0.0,160.0,5,100.0,21,18,3,87,0,0,3,1542,1337,20.0,0.033,1.0755
narrow,0.1,- T2 (gui lai mu),ca_mau,severe,160.0,3,24,2024,28.9352,0.0,160.0,4,80.0,35,31,4,86,0,0,4,1465,1288,20.0,0.044,1.7954
narrow,0.1,- T2 (gui lai mu),ca_mau,severe,160.0,4,24,2024,22.3148,0.0,160.0,2,40.0,14,8,6,84,0,0,6,1404,1314,20.0,0.067,0.6086
narrow,0.1,- T2 (gui lai mu),ca_mau,severe,160.0,5,24,2024,25.5093,0.0,160.0,3,60.0,14,9,5,85,0,0,5,1439,1290,20.0,0.056,0.8881
narrow,0.1,- T2 (gui lai mu),ca_mau,severe,160.0,6,24,2024,31.2037,0.0,160.0,5,100.0,36,33,3,87,0,0,3,1522,1326,20.0,0.033,1.9997
narrow,0.1,- T2 (gui lai mu),ca_mau,severe,160.0,7,24,2024,23.75,0.0,160.0,3,60.0,24,19,5,85,0,0,5,1339,1229,20.0,0.056,1.4911
narrow,0.1,- T2 (gui lai mu),ca_mau,severe,160.0,8,24,2024,22.3611,0.0,160.0,1,20.0,28,21,7,83,0,0,7,1386,1301,20.0,0.078,1.291
narrow,0.1,- T2 (gui lai mu),ca_mau,severe,160.0,9,24,2024,22.3148,0.0,160.0,2,40.0,29,23,6,84,0,0,6,1408,1300,20.0,0.067,1.7248
narrow,0.1,- tai neo cam bien,can_tho,mild,160.0,0,24,2024,57.8241,0.0,0.0,0,0.0,0,0,0,90,0,0,0,1978,1584,0.0,0.0,0.0
narrow,0.1,- tai neo cam bien,can_tho,mild,160.0,1,24,2024,57.8241,0.0,0.0,0,0.0,0,0,0,90,0,0,0,1978,1584,0.0,0.0,0.0
narrow,0.1,- tai neo cam bien,can_tho,mild,160.0,2,24,2024,57.8241,0.0,0.0,0,0.0,0,0,0,90,0,0,0,1978,1584,0.0,0.0,0.0
narrow,0.1,- tai neo cam bien,can_tho,mild,160.0,3,24,2024,57.8241,0.0,0.0,0,0.0,0,0,0,90,0,0,0,1978,1584,0.0,0.0,0.0
narrow,0.1,- tai neo cam bien,can_tho,mild,160.0,4,24,2024,57.8241,0.0,0.0,0,0.0,0,0,0,90,0,0,0,1978,1584,0.0,0.0,0.0
narrow,0.1,- tai neo cam bien,can_tho,mild,160.0,5,24,2024,57.8241,0.0,0.0,0,0.0,0,0,0,90,0,0,0,1978,1584,0.0,0.0,0.0
narrow,0.1,- tai neo cam bien,can_tho,mild,160.0,6,24,2024,57.8241,0.0,0.0,0,0.0,0,0,0,90,0,0,0,1978,1584,0.0,0.0,0.0
narrow,0.1,- tai neo cam bien,can_tho,mild,160.0,7,24,2024,57.8241,0.0,0.0,0,0.0,0,0,0,90,0,0,0,1978,1584,0.0,0.0,0.0
narrow,0.1,- tai neo cam bien,can_tho,mild,160.0,8,24,2024,57.8241,0.0,0.0,0,0.0,0,0,0,90,0,0,0,1978,1584,0.0,0.0,0.0
narrow,0.1,- tai neo cam bien,can_tho,mild,160.0,9,24,2024,57.8241,0.0,0.0,0,0.0,0,0,0,90,0,0,0,1978,1584,0.0,0.0,0.0
narrow,0.1,- tai neo cam bien,can_tho,severe,160.0,0,24,2024,57.8241,0.0,0.0,0,0.0,0,0,0,90,0,0,0,1978,1584,0.0,0.0,0.0
narrow,0.1,- tai neo cam bien,can_tho,severe,160.0,1,24,2024,57.8241,0.0,0.0,0,0.0,0,0,0,90,0,0,0,1978,1584,0.0,0.0,0.0
narrow,0.1,- tai neo cam bien,can_tho,severe,160.0,2,24,2024,57.8241,0.0,0.0,0,0.0,0,0,0,90,0,0,0,1978,1584,0.0,0.0,0.0
narrow,0.1,- tai neo cam bien,can_tho,severe,160.0,3,24,2024,57.8241,0.0,0.0,0,0.0,0,0,0,90,0,0,0,1978,1584,0.0,0.0,0.0
narrow,0.1,- tai neo cam bien,can_tho,severe,160.0,4,24,2024,57.8241,0.0,0.0,0,0.0,0,0,0,90,0,0,0,1978,1584,0.0,0.0,0.0
narrow,0.1,- tai neo cam bien,can_tho,severe,160.0,5,24,2024,57.8241,0.0,0.0,0,0.0,0,0,0,90,0,0,0,1978,1584,0.0,0.0,0.0
narrow,0.1,- tai neo cam bien,can_tho,severe,160.0,6,24,2024,57.8241,0.0,0.0,0,0.0,0,0,0,90,0,0,0,1978,1584,0.0,0.0,0.0
narrow,0.1,- tai neo cam bien,can_tho,severe,160.0,7,24,2024,57.8241,0.0,0.0,0,0.0,0,0,0,90,0,0,0,1978,1584,0.0,0.0,0.0
narrow,0.1,- tai neo cam bien,can_tho,severe,160.0,8,24,2024,57.8241,0.0,0.0,0,0.0,0,0,0,90,0,0,0,1978,1584,0.0,0.0,0.0
narrow,0.1,- tai neo cam bien,can_tho,severe,160.0,9,24,2024,57.8241,0.0,0.0,0,0.0,0,0,0,90,0,0,0,1978,1584,0.0,0.0,0.0
narrow,0.1,- tai neo cam bien,soc_trang,mild,160.0,0,24,2024,58.7963,0.0,0.0,0,0.0,0,0,0,90,0,0,0,1980,1683,0.0,0.0,0.0
narrow,0.1,- tai neo cam bien,soc_trang,mild,160.0,1,24,2024,58.7963,0.0,0.0,0,0.0,0,0,0,90,0,0,0,1980,1683,0.0,0.0,0.0
narrow,0.1,- tai neo cam bien,soc_trang,mild,160.0,2,24,2024,58.7963,0.0,0.0,0,0.0,0,0,0,90,0,0,0,1980,1683,0.0,0.0,0.0
narrow,0.1,- tai neo cam bien,soc_trang,mild,160.0,3,24,2024,58.7963,0.0,0.0,0,0.0,0,0,0,90,0,0,0,1980,1683,0.0,0.0,0.0
narrow,0.1,- tai neo cam bien,soc_trang,mild,160.0,4,24,2024,58.7963,0.0,0.0,0,0.0,0,0,0,90,0,0,0,1980,1683,0.0,0.0,0.0
narrow,0.1,- tai neo cam bien,soc_trang,mild,160.0,5,24,2024,58.7963,0.0,0.0,0,0.0,0,0,0,90,0,0,0,1980,1683,0.0,0.0,0.0
narrow,0.1,- tai neo cam bien,soc_trang,mild,160.0,6,24,2024,58.7963,0.0,0.0,0,0.0,0,0,0,90,0,0,0,1980,1683,0.0,0.0,0.0
narrow,0.1,- tai neo cam bien,soc_trang,mild,160.0,7,24,2024,58.7963,0.0,0.0,0,0.0,0,0,0,90,0,0,0,1980,1683,0.0,0.0,0.0
narrow,0.1,- tai neo cam bien,soc_trang,mild,160.0,8,24,2024,58.7963,0.0,0.0,0,0.0,0,0,0,90,0,0,0,1980,1683,0.0,0.0,0.0
narrow,0.1,- tai neo cam bien,soc_trang,mild,160.0,9,24,2024,58.7963,0.0,0.0,0,0.0,0,0,0,90,0,0,0,1980,1683,0.0,0.0,0.0
narrow,0.1,- tai neo cam bien,soc_trang,severe,160.0,0,24,2024,58.7963,0.0,0.0,0,0.0,0,0,0,90,0,0,0,1980,1683,0.0,0.0,0.0
narrow,0.1,- tai neo cam bien,soc_trang,severe,160.0,1,24,2024,58.7963,0.0,0.0,0,0.0,0,0,0,90,0,0,0,1980,1683,0.0,0.0,0.0
narrow,0.1,- tai neo cam bien,soc_trang,severe,160.0,2,24,2024,58.7963,0.0,0.0,0,0.0,0,0,0,90,0,0,0,1980,1683,0.0,0.0,0.0
narrow,0.1,- tai neo cam bien,soc_trang,severe,160.0,3,24,2024,58.7963,0.0,0.0,0,0.0,0,0,0,90,0,0,0,1980,1683,0.0,0.0,0.0
narrow,0.1,- tai neo cam bien,soc_trang,severe,160.0,4,24,2024,58.7963,0.0,0.0,0,0.0,0,0,0,90,0,0,0,1980,1683,0.0,0.0,0.0
narrow,0.1,- tai neo cam bien,soc_trang,severe,160.0,5,24,2024,58.7963,0.0,0.0,0,0.0,0,0,0,90,0,0,0,1980,1683,0.0,0.0,0.0
narrow,0.1,- tai neo cam bien,soc_trang,severe,160.0,6,24,2024,58.7963,0.0,0.0,0,0.0,0,0,0,90,0,0,0,1980,1683,0.0,0.0,0.0
narrow,0.1,- tai neo cam bien,soc_trang,severe,160.0,7,24,2024,58.7963,0.0,0.0,0,0.0,0,0,0,90,0,0,0,1980,1683,0.0,0.0,0.0
narrow,0.1,- tai neo cam bien,soc_trang,severe,160.0,8,24,2024,58.7963,0.0,0.0,0,0.0,0,0,0,90,0,0,0,1980,1683,0.0,0.0,0.0
narrow,0.1,- tai neo cam bien,soc_trang,severe,160.0,9,24,2024,58.7963,0.0,0.0,0,0.0,0,0,0,90,0,0,0,1980,1683,0.0,0.0,0.0
narrow,0.1,- tai neo cam bien,ca_mau,mild,160.0,0,24,2024,56.8056,0.0,0.0,0,0.0,0,0,0,90,0,0,0,1978,1680,0.0,0.0,0.0
narrow,0.1,- tai neo cam bien,ca_mau,mild,160.0,1,24,2024,56.8056,0.0,0.0,0,0.0,0,0,0,90,0,0,0,1978,1680,0.0,0.0,0.0
narrow,0.1,- tai neo cam bien,ca_mau,mild,160.0,2,24,2024,56.8056,0.0,0.0,0,0.0,0,0,0,90,0,0,0,1978,1680,0.0,0.0,0.0
narrow,0.1,- tai neo cam bien,ca_mau,mild,160.0,3,24,2024,56.8056,0.0,0.0,0,0.0,0,0,0,90,0,0,0,1978,1680,0.0,0.0,0.0
narrow,0.1,- tai neo cam bien,ca_mau,mild,160.0,4,24,2024,56.8056,0.0,0.0,0,0.0,0,0,0,90,0,0,0,1978,1680,0.0,0.0,0.0
narrow,0.1,- tai neo cam bien,ca_mau,mild,160.0,5,24,2024,56.8056,0.0,0.0,0,0.0,0,0,0,90,0,0,0,1978,1680,0.0,0.0,0.0
narrow,0.1,- tai neo cam bien,ca_mau,mild,160.0,6,24,2024,56.8056,0.0,0.0,0,0.0,0,0,0,90,0,0,0,1978,1680,0.0,0.0,0.0
narrow,0.1,- tai neo cam bien,ca_mau,mild,160.0,7,24,2024,56.8056,0.0,0.0,0,0.0,0,0,0,90,0,0,0,1978,1680,0.0,0.0,0.0
narrow,0.1,- tai neo cam bien,ca_mau,mild,160.0,8,24,2024,56.8056,0.0,0.0,0,0.0,0,0,0,90,0,0,0,1978,1680,0.0,0.0,0.0
narrow,0.1,- tai neo cam bien,ca_mau,mild,160.0,9,24,2024,56.8056,0.0,0.0,0,0.0,0,0,0,90,0,0,0,1978,1680,0.0,0.0,0.0
narrow,0.1,- tai neo cam bien,ca_mau,severe,160.0,0,24,2024,56.8056,0.0,0.0,0,0.0,0,0,0,90,0,0,0,1978,1680,0.0,0.0,0.0
narrow,0.1,- tai neo cam bien,ca_mau,severe,160.0,1,24,2024,56.8056,0.0,0.0,0,0.0,0,0,0,90,0,0,0,1978,1680,0.0,0.0,0.0
narrow,0.1,- tai neo cam bien,ca_mau,severe,160.0,2,24,2024,56.8056,0.0,0.0,0,0.0,0,0,0,90,0,0,0,1978,1680,0.0,0.0,0.0
narrow,0.1,- tai neo cam bien,ca_mau,severe,160.0,3,24,2024,56.8056,0.0,0.0,0,0.0,0,0,0,90,0,0,0,1978,1680,0.0,0.0,0.0
narrow,0.1,- tai neo cam bien,ca_mau,severe,160.0,4,24,2024,56.8056,0.0,0.0,0,0.0,0,0,0,90,0,0,0,1978,1680,0.0,0.0,0.0
narrow,0.1,- tai neo cam bien,ca_mau,severe,160.0,5,24,2024,56.8056,0.0,0.0,0,0.0,0,0,0,90,0,0,0,1978,1680,0.0,0.0,0.0
narrow,0.1,- tai neo cam bien,ca_mau,severe,160.0,6,24,2024,56.8056,0.0,0.0,0,0.0,0,0,0,90,0,0,0,1978,1680,0.0,0.0,0.0
narrow,0.1,- tai neo cam bien,ca_mau,severe,160.0,7,24,2024,56.8056,0.0,0.0,0,0.0,0,0,0,90,0,0,0,1978,1680,0.0,0.0,0.0
narrow,0.1,- tai neo cam bien,ca_mau,severe,160.0,8,24,2024,56.8056,0.0,0.0,0,0.0,0,0,0,90,0,0,0,1978,1680,0.0,0.0,0.0
narrow,0.1,- tai neo cam bien,ca_mau,severe,160.0,9,24,2024,56.8056,0.0,0.0,0,0.0,0,0,0,90,0,0,0,1978,1680,0.0,0.0,0.0
narrow,0.1,- epoch cap (quyet dinh moi gio),can_tho,mild,160.0,0,1,2024,27.8704,0.0,160.0,0,0.0,8,0,8,2152,0,0,2,1362,1195,20.0,0.089,0.0
narrow,0.1,- epoch cap (quyet dinh moi gio),can_tho,mild,160.0,1,1,2024,27.8704,0.0,160.0,1,20.0,12,3,9,2148,0,0,3,1371,1174,20.0,0.1,0.8607
narrow,0.1,- epoch cap (quyet dinh moi gio),can_tho,mild,160.0,2,1,2024,27.9167,0.0,160.0,5,100.0,8,3,5,2152,0,0,1,1365,1122,20.0,0.056,0.0
narrow,0.1,- epoch cap (quyet dinh moi gio),can_tho,mild,160.0,3,1,2024,27.9167,0.0,160.0,4,80.0,8,2,6,2152,0,0,3,1384,1145,20.0,0.067,0.0
narrow,0.1,- epoch cap (quyet dinh moi gio),can_tho,mild,160.0,4,1,2024,27.7778,0.0,160.0,1,20.0,14,5,9,2146,0,0,3,1383,1216,20.0,0.1,1.1385
narrow,0.1,- epoch cap (quyet dinh moi gio),can_tho,mild,160.0,5,1,2024,27.9167,0.0,160.0,3,60.0,8,2,6,2152,0,0,1,1364,1146,20.0,0.067,0.0
narrow,0.1,- epoch cap (quyet dinh moi gio),can_tho,mild,160.0,6,1,2024,27.963,0.0,160.0,5,100.0,8,3,5,2152,0,0,2,1375,1125,20.0,0.056,0.0
narrow,0.1,- epoch cap (quyet dinh moi gio),can_tho,mild,160.0,7,1,2024,27.9167,0.0,160.0,3,60.0,9,3,6,2151,0,0,3,1384,1148,20.0,0.067,0.4303
narrow,0.1,- epoch cap (quyet dinh moi gio),can_tho,mild,160.0,8,1,2024,27.8704,0.0,160.0,1,20.0,9,2,7,2151,0,0,2,1373,1172,20.0,0.078,0.4303
narrow,0.1,- epoch cap (quyet dinh moi gio),can_tho,mild,160.0,9,1,2024,27.9167,0.0,160.0,2,40.0,10,4,6,2150,0,0,3,1381,1147,20.0,0.067,0.6086
narrow,0.1,- epoch cap (quyet dinh moi gio),can_tho,severe,160.0,0,1,2024,27.7778,0.0,160.0,0,0.0,19,9,10,2141,0,0,4,1382,1217,20.0,0.111,0.7454
narrow,0.1,- epoch cap (quyet dinh moi gio),can_tho,severe,160.0,1,1,2024,27.7315,0.0,160.0,0,0.0,24,14,10,2136,0,0,5,1386,1216,20.0,0.111,0.8607
narrow,0.1,- epoch cap (quyet dinh moi gio),can_tho,severe,160.0,2,1,2024,27.9167,0.0,160.0,4,80.0,17,11,6,2143,0,0,1,1364,1134,20.0,0.067,1.2918
narrow,0.1,- epoch cap (quyet dinh moi gio),can_tho,severe,160.0,3,1,2024,34.537,0.0,160.0,4,80.0,14,10,4,2146,0,0,0,1499,1217,20.0,0.044,1.1371
narrow,0.1,- epoch cap (quyet dinh moi gio),can_tho,severe,160.0,4,1,2024,27.8704,0.0,160.0,2,40.0,22,14,8,2138,0,0,3,1371,1170,20.0,0.089,0.8607
narrow,0.1,- epoch cap (quyet dinh moi gio),can_tho,severe,160.0,5,1,2024,27.7315,0.0,160.0,2,40.0,23,14,9,2137,0,0,3,1374,1194,20.0,0.1,1.2892
narrow,0.1,- epoch cap (quyet dinh moi gio),can_tho,severe,160.0,6,1,2024,27.7778,0.0,160.0,2,40.0,37,27,10,2123,0,0,5,1391,1167,20.0,0.111,1.5511
narrow,0.1,- epoch cap (quyet dinh moi gio),can_tho,severe,160.0,7,1,2024,27.9167,0.0,160.0,3,60.0,17,11,6,2143,0,0,2,1379,1125,20.0,0.067,0.9623
narrow,0.1,- epoch cap (quyet dinh moi gio),can_tho,severe,160.0,8,1,2024,27.8704,0.0,160.0,1,20.0,17,10,7,2143,0,0,2,1368,1178,20.0,0.078,0.4303
narrow,0.1,- epoch cap (quyet dinh moi gio),can_tho,severe,160.0,9,1,2024,27.8704,0.0,160.0,2,40.0,29,19,10,2131,0,0,3,1366,1162,20.0,0.111,1.2905
narrow,0.1,- epoch cap (quyet dinh moi gio),soc_trang,mild,160.0,0,1,2024,26.8519,0.0,160.0,0,0.0,11,2,9,2149,0,0,4,1344,1290,20.0,0.1,0.7454
narrow,0.1,- epoch cap (quyet dinh moi gio),soc_trang,mild,160.0,1,1,2024,26.9444,0.0,160.0,1,20.0,9,2,7,2151,0,0,2,1334,1250,20.0,0.078,0.4303
narrow,0.1,- epoch cap (quyet dinh moi gio),soc_trang,mild,160.0,2,1,2024,26.9444,0.0,160.0,4,80.0,11,4,7,2149,0,0,3,1335,1209,20.0,0.078,1.3551
narrow,0.1,- epoch cap (quyet dinh moi gio),soc_trang,mild,160.0,3,1,2024,27.5,0.0,160.0,4,80.0,8,2,6,2152,0,0,2,1335,1203,20.0,0.067,0.0
narrow,0.1,- epoch cap (quyet dinh moi gio),soc_trang,mild,160.0,4,1,2024,26.8981,0.0,160.0,1,20.0,12,3,9,2148,0,0,2,1334,1274,20.0,0.1,1.1373
narrow,0.1,- epoch cap (quyet dinh moi gio),soc_trang,mild,160.0,5,1,2024,27.3148,0.0,160.0,3,60.0,10,3,7,2150,0,0,2,1333,1206,20.0,0.078,0.7437
narrow,0.1,- epoch cap (quyet dinh moi gio),soc_trang,mild,160.0,6,1,2024,27.6852,0.0,160.0,5,100.0,8,3,5,2152,0,0,1,1322,1186,20.0,0.056,0.0
narrow,0.1,- epoch cap (quyet dinh moi gio),soc_trang,mild,160.0,7,1,2024,26.9907,0.0,160.0,3,60.0,9,3,6,2151,0,0,2,1336,1224,20.0,0.067,0.4303
narrow,0.1,- epoch cap (quyet dinh moi gio),soc_trang,mild,160.0,8,1,2024,26.9444,0.0,160.0,1,20.0,12,3,9,2148,0,0,2,1323,1252,20.0,0.1,0.8607
narrow,0.1,- epoch cap (quyet dinh moi gio),soc_trang,mild,160.0,9,1,2024,26.9907,0.0,160.0,2,40.0,15,6,9,2145,0,0,2,1341,1195,20.0,0.1,1.2163
narrow,0.1,- epoch cap (quyet dinh moi gio),soc_trang,severe,160.0,0,1,2024,26.7593,0.0,160.0,0,0.0,22,11,11,2138,0,0,5,1362,1324,20.0,0.122,0.961
narrow,0.1,- epoch cap (quyet dinh moi gio),soc_trang,severe,160.0,1,1,2024,26.8056,0.0,160.0,0,0.0,22,12,10,2138,0,0,6,1346,1305,20.0,0.111,0.9611
narrow,0.1,- epoch cap (quyet dinh moi gio),soc_trang,severe,160.0,2,1,2024,27.3611,0.0,160.0,5,100.0,16,10,6,2144,0,0,2,1333,1221,20.0,0.067,1.3597
narrow,0.1,- epoch cap (quyet dinh moi gio),soc_trang,severe,160.0,3,1,2024,26.8981,0.0,160.0,3,60.0,26,18,8,2134,0,0,3,1358,1249,20.0,0.089,1.3608
narrow,0.1,- epoch cap (quyet dinh moi gio),soc_trang,severe,160.0,4,1,2024,26.8056,0.0,160.0,1,20.0,29,20,9,2131,0,0,4,1347,1281,20.0,0.1,0.7454
narrow,0.1,- epoch cap (quyet dinh moi gio),soc_trang,severe,160.0,5,1,2024,27.4537,0.0,160.0,3,60.0,11,5,6,2149,0,0,2,1337,1205,20.0,0.067,0.865
narrow,0.1,- epoch cap (quyet dinh moi gio),soc_trang,severe,160.0,6,1,2024,26.8981,0.0,160.0,3,60.0,24,16,8,2136,0,0,4,1366,1244,20.0,0.089,1.2184
narrow,0.1,- epoch cap (quyet dinh moi gio),soc_trang,severe,160.0,7,1,2024,26.9444,0.0,160.0,3,60.0,21,14,7,2139,0,0,3,1342,1234,20.0,0.078,0.9623
narrow,0.1,- epoch cap (quyet dinh moi gio),soc_trang,severe,160.0,8,1,2024,26.713,0.0,160.0,0,0.0,30,18,12,2130,0,0,4,1362,1304,20.0,0.133,0.9623
narrow,0.1,- epoch cap (quyet dinh moi gio),soc_trang,severe,160.0,9,1,2024,26.8981,0.0,160.0,2,40.0,14,7,7,2146,0,0,5,1378,1236,20.0,0.078,0.7454
narrow,0.1,- epoch cap (quyet dinh moi gio),ca_mau,mild,160.0,0,1,2024,24.3981,0.0,160.0,0,0.0,12,3,9,2148,0,0,6,1337,1259,20.0,0.1,0.8607
narrow,0.1,- epoch cap (quyet dinh moi gio),ca_mau,mild,160.0,1,1,2024,24.3981,0.0,160.0,1,20.0,15,6,9,2145,0,0,5,1342,1241,20.0,0.1,1.1386
narrow,0.1,- epoch cap (quyet dinh moi gio),ca_mau,mild,160.0,2,1,2024,24.537,0.0,160.0,5,100.0,9,4,5,2151,0,0,3,1308,1185,20.0,0.056,0.4303
narrow,0.1,- epoch cap (quyet dinh moi gio),ca_mau,mild,160.0,3,1,2024,24.4907,0.0,160.0,4,80.0,8,2,6,2152,0,0,3,1305,1200,20.0,0.067,0.0
narrow,0.1,- epoch cap (quyet dinh moi gio),ca_mau,mild,160.0,4,1,2024,24.4444,0.0,160.0,2,40.0,9,3,6,2151,0,0,5,1337,1195,20.0,0.067,0.4303
narrow,0.1,- epoch cap (quyet dinh moi gio),ca_mau,mild,160.0,5,1,2024,24.4907,0.0,160.0,3,60.0,11,4,7,2149,0,0,3,1308,1197,20.0,0.078,0.7454
narrow,0.1,- epoch cap (quyet dinh moi gio),ca_mau,mild,160.0,6,1,2024,24.4907,0.0,160.0,4,80.0,9,3,6,2151,0,0,5,1336,1195,20.0,0.067,0.6084
narrow,0.1,- epoch cap (quyet dinh moi gio),ca_mau,mild,160.0,7,1,2024,24.4907,0.0,160.0,3,60.0,9,4,5,2151,0,0,4,1324,1169,20.0,0.056,0.4303
narrow,0.1,- epoch cap (quyet dinh moi gio),ca_mau,mild,160.0,8,1,2024,24.4907,0.0,160.0,1,20.0,8,1,7,2152,0,0,3,1305,1218,20.0,0.078,0.0
narrow,0.1,- epoch cap (quyet dinh moi gio),ca_mau,mild,160.0,9,1,2024,24.4444,0.0,160.0,2,40.0,11,3,8,2149,0,0,6,1339,1234,20.0,0.089,0.8598
narrow,0.1,- epoch cap (quyet dinh moi gio),ca_mau,severe,160.0,0,1,2024,24.213,0.0,160.0,0,0.0,21,11,10,2139,0,0,5,1345,1265,20.0,0.111,0.9596
narrow,0.1,- epoch cap (quyet dinh moi gio),ca_mau,severe,160.0,1,1,2024,24.4444,0.0,160.0,1,20.0,14,7,7,2146,0,0,5,1342,1256,20.0,0.078,0.4303
narrow,0.1,- epoch cap (quyet dinh moi gio),ca_mau,severe,160.0,2,1,2024,28.0093,0.0,160.0,5,100.0,11,6,5,2149,0,0,2,1362,1222,20.0,0.056,0.8607
narrow,0.1,- epoch cap (quyet dinh moi gio),ca_mau,severe,160.0,3,1,2024,28.0093,0.0,160.0,2,40.0,18,12,6,2142,0,0,4,1382,1269,20.0,0.067,0.9623
narrow,0.1,- epoch cap (quyet dinh moi gio),ca_mau,severe,160.0,4,1,2024,24.3981,0.0,160.0,1,20.0,25,16,9,2135,0,0,5,1349,1233,20.0,0.1,1.0531
narrow,0.1,- epoch cap (quyet dinh moi gio),ca_mau,severe,160.0,5,1,2024,24.4444,0.0,160.0,2,40.0,22,14,8,2138,0,0,4,1316,1202,20.0,0.089,1.2897
narrow,0.1,- epoch cap (quyet dinh moi gio),ca_mau,severe,160.0,6,1,2024,24.4444,0.0,160.0,4,80.0,36,26,10,2124,0,0,4,1336,1206,20.0,0.111,1.4907
narrow,0.1,- epoch cap (quyet dinh moi gio),ca_mau,severe,160.0,7,1,2024,24.213,0.0,160.0,1,20.0,34,23,11,2126,0,0,5,1305,1272,20.0,0.122,1.291
narrow,0.1,- epoch cap (quyet dinh moi gio),ca_mau,severe,160.0,8,1,2024,24.3519,0.0,160.0,0,0.0,22,13,9,2138,0,0,5,1341,1266,20.0,0.1,0.4303
narrow,0.1,- epoch cap (quyet dinh moi gio),ca_mau,severe,160.0,9,1,2024,24.1204,0.0,160.0,1,20.0,33,23,10,2127,0,0,6,1334,1234,20.0,0.111,1.0541
narrow,0.1,- cong chance-constrained,can_tho,mild,160.0,0,24,2024,35.6944,0.0,160.0,0,0.0,3,0,3,0,0,0,1,1535,1191,53.33,0.033,0.0
narrow,0.1,- cong chance-constrained,can_tho,mild,160.0,1,24,2024,35.6944,0.0,160.0,0,0.0,3,0,3,0,0,0,1,1535,1191,53.33,0.033,0.0
narrow,0.1,- cong chance-constrained,can_tho,mild,160.0,2,24,2024,35.6944,0.0,160.0,1,40.0,3,0,3,0,0,0,1,1535,1191,53.33,0.033,0.0
narrow,0.1,- cong chance-constrained,can_tho,mild,160.0,3,24,2024,35.6944,0.0,160.0,1,40.0,3,0,3,0,0,0,1,1535,1191,53.33,0.033,0.0
narrow,0.1,- cong chance-constrained,can_tho,mild,160.0,4,24,2024,43.4722,0.0,160.0,1,60.0,3,1,2,0,0,0,0,1690,1321,53.33,0.022,0.0
narrow,0.1,- cong chance-constrained,can_tho,mild,160.0,5,24,2024,35.6944,0.0,160.0,1,40.0,3,0,3,0,0,0,1,1535,1191,53.33,0.033,0.0
narrow,0.1,- cong chance-constrained,can_tho,mild,160.0,6,24,2024,35.6944,0.0,160.0,2,100.0,4,1,3,0,0,0,1,1535,1192,53.33,0.033,0.8302
narrow,0.1,- cong chance-constrained,can_tho,mild,160.0,7,24,2024,35.6944,0.0,160.0,1,60.0,5,2,3,0,0,0,1,1536,1192,53.33,0.033,0.8607
narrow,0.1,- cong chance-constrained,can_tho,mild,160.0,8,24,2024,35.6944,0.0,160.0,0,0.0,4,1,3,0,0,0,1,1535,1192,53.33,0.033,0.8532
narrow,0.1,- cong chance-constrained,can_tho,mild,160.0,9,24,2024,35.6944,0.0,160.0,0,0.0,4,1,3,0,0,0,1,1536,1192,53.33,0.033,0.8607
narrow,0.1,- cong chance-constrained,can_tho,severe,160.0,0,24,2024,34.6759,0.0,160.0,0,0.0,7,3,4,0,0,0,1,1516,1187,53.33,0.044,1.2074
narrow,0.1,- cong chance-constrained,can_tho,severe,160.0,1,24,2024,34.5833,0.0,160.0,0,0.0,14,9,5,0,0,0,2,1524,1196,53.33,0.056,1.4679
narrow,0.1,- cong chance-constrained,can_tho,severe,160.0,2,24,2024,35.6944,0.0,160.0,0,0.0,6,3,3,0,0,0,1,1537,1194,53.33,0.033,1.2117
narrow,0.1,- cong chance-constrained,can_tho,severe,160.0,3,24,2024,28.287,0.0,160.0,1,40.0,27,18,9,0,0,1,1,1477,1179,53.33,0.1,3.1451
narrow,0.1,- cong chance-constrained,can_tho,severe,160.0,4,24,2024,33.6111,0.0,160.0,0,0.0,17,12,5,0,0,0,1,1516,1192,53.33,0.056,1.527
narrow,0.1,- cong chance-constrained,can_tho,severe,160.0,5,24,2024,35.6944,0.0,160.0,0,0.0,7,4,3,0,0,0,1,1536,1195,53.33,0.033,0.0
narrow,0.1,- cong chance-constrained,can_tho,severe,160.0,6,24,2024,43.4722,0.0,160.0,1,60.0,7,5,2,0,0,0,0,1690,1325,53.33,0.022,1.1746
narrow,0.1,- cong chance-constrained,can_tho,severe,160.0,7,24,2024,43.3796,0.0,160.0,1,60.0,11,8,3,0,0,0,1,1703,1346,53.33,0.033,1.1906
narrow,0.1,- cong chance-constrained,can_tho,severe,160.0,8,24,2024,35.6944,0.0,160.0,0,0.0,4,1,3,0,0,0,1,1535,1192,53.33,0.033,0.0
narrow,0.1,- cong chance-constrained,can_tho,severe,160.0,9,24,2024,35.6944,0.0,160.0,1,40.0,5,2,3,0,0,0,1,1535,1193,53.33,0.033,0.8528
narrow,0.1,- cong chance-constrained,soc_trang,mild,160.0,0,24,2024,34.537,0.0,160.0,0,0.0,3,0,3,0,0,0,1,1485,1277,53.33,0.033,0.0
narrow,0.1,- cong chance-constrained,soc_trang,mild,160.0,1,24,2024,33.3796,0.0,160.0,0,0.0,5,1,4,0,0,0,2,1478,1264,53.33,0.044,1.2646
narrow,0.1,- cong chance-constrained,soc_trang,mild,160.0,2,24,2024,34.537,0.0,160.0,0,0.0,4,1,3,0,0,0,1,1486,1278,53.33,0.033,0.8607
narrow,0.1,- cong chance-constrained,soc_trang,mild,160.0,3,24,2024,34.537,0.0,160.0,1,40.0,3,0,3,0,0,0,1,1485,1277,53.33,0.033,0.0
narrow,0.1,- cong chance-constrained,soc_trang,mild,160.0,4,24,2024,42.2685,0.0,160.0,1,60.0,3,1,2,0,0,0,0,1666,1418,53.33,0.022,0.0
narrow,0.1,- cong chance-constrained,soc_trang,mild,160.0,5,24,2024,34.537,0.0,160.0,1,40.0,3,0,3,0,0,0,1,1485,1277,53.33,0.033,0.0
narrow,0.1,- cong chance-constrained,soc_trang,mild,160.0,6,24,2024,34.537,0.0,160.0,1,40.0,5,2,3,0,0,0,1,1485,1279,53.33,0.033,1.2388
narrow,0.1,- cong chance-constrained,soc_trang,mild,160.0,7,24,2024,34.537,0.0,160.0,1,60.0,4,1,3,0,0,0,1,1485,1277,53.33,0.033,0.0002
narrow,0.1,- cong chance-constrained,soc_trang,mild,160.0,8,24,2024,34.537,0.0,160.0,0,0.0,3,0,3,0,0,0,1,1485,1277,53.33,0.033,0.0
narrow,0.1,- cong chance-constrained,soc_trang,mild,160.0,9,24,2024,34.537,0.0,160.0,1,40.0,3,0,3,0,0,0,1,1485,1277,53.33,0.033,0.0
narrow,0.1,- cong chance-constrained,soc_trang,severe,160.0,0,24,2024,33.5648,0.0,160.0,0,0.0,11,6,5,0,0,0,1,1512,1306,53.33,0.056,1.4907
narrow,0.1,- cong chance-constrained,soc_trang,severe,160.0,1,24,2024,33.3796,0.0,160.0,0,0.0,11,7,4,0,0,0,2,1478,1266,53.33,0.044,0.8583
narrow,0.1,- cong chance-constrained,soc_trang,severe,160.0,2,24,2024,34.537,0.0,160.0,0,0.0,5,2,3,0,0,0,1,1486,1279,53.33,0.033,1.2409
narrow,0.1,- cong chance-constrained,soc_trang,severe,160.0,3,24,2024,28.3333,0.0,160.0,1,40.0,27,18,9,0,0,1,0,1464,1237,53.33,0.1,3.132
narrow,0.1,- cong chance-constrained,soc_trang,severe,160.0,4,24,2024,33.3796,0.0,160.0,0,0.0,12,8,4,0,0,0,2,1480,1268,53.33,0.044,1.2392
narrow,0.1,- cong chance-constrained,soc_trang,severe,160.0,5,24,2024,34.537,0.0,160.0,0,0.0,8,5,3,0,0,0,1,1488,1281,53.33,0.033,0.8944
narrow,0.1,- cong chance-constrained,soc_trang,severe,160.0,6,24,2024,42.2685,0.0,160.0,1,60.0,6,4,2,0,0,0,0,1666,1421,53.33,0.022,1.4876
narrow,0.1,- cong chance-constrained,soc_trang,severe,160.0,7,24,2024,42.2685,0.0,160.0,1,60.0,7,5,2,0,0,0,0,1666,1421,53.33,0.022,0.8577
narrow,0.1,- cong chance-constrained,soc_trang,severe,160.0,8,24,2024,33.5648,0.0,160.0,0,0.0,13,8,5,0,0,0,1,1513,1308,53.33,0.056,1.9243
narrow,0.1,- cong chance-constrained,soc_trang,severe,160.0,9,24,2024,34.537,0.0,160.0,0,0.0,9,6,3,0,0,0,1,1486,1282,53.33,0.033,0.0
narrow,0.1,- cong chance-constrained,ca_mau,mild,160.0,0,24,2024,32.3148,0.0,160.0,0,0.0,3,0,3,0,0,0,0,1474,1255,53.33,0.033,0.0
narrow,0.1,- cong chance-constrained,ca_mau,mild,160.0,1,24,2024,32.037,0.0,160.0,0,0.0,5,1,4,0,0,0,1,1460,1253,53.33,0.044,1.2196
narrow,0.1,- cong chance-constrained,ca_mau,mild,160.0,2,24,2024,32.3148,0.0,160.0,0,0.0,4,1,3,0,0,0,0,1474,1256,53.33,0.033,0.8607
narrow,0.1,- cong chance-constrained,ca_mau,mild,160.0,3,24,2024,32.3148,0.0,160.0,1,40.0,3,0,3,0,0,0,0,1474,1255,53.33,0.033,0.0
narrow,0.1,- cong chance-constrained,ca_mau,mild,160.0,4,24,2024,41.2037,0.0,160.0,1,60.0,3,1,2,0,0,0,0,1647,1409,53.33,0.022,0.0
narrow,0.1,- cong chance-constrained,ca_mau,mild,160.0,5,24,2024,32.3148,0.0,160.0,1,40.0,3,0,3,0,0,0,0,1474,1255,53.33,0.033,0.0
narrow,0.1,- cong chance-constrained,ca_mau,mild,160.0,6,24,2024,32.3148,0.0,160.0,1,40.0,5,2,3,0,0,0,0,1474,1257,53.33,0.033,1.1971
narrow,0.1,- cong chance-constrained,ca_mau,mild,160.0,7,24,2024,32.3148,0.0,160.0,1,60.0,4,1,3,0,0,0,0,1474,1255,53.33,0.033,0.0002
narrow,0.1,- cong chance-constrained,ca_mau,mild,160.0,8,24,2024,32.3148,0.0,160.0,0,0.0,3,0,3,0,0,0,0,1474,1255,53.33,0.033,0.0
narrow,0.1,- cong chance-constrained,ca_mau,mild,160.0,9,24,2024,32.3148,0.0,160.0,1,40.0,3,0,3,0,0,0,0,1474,1255,53.33,0.033,0.0
narrow,0.1,- cong chance-constrained,ca_mau,severe,160.0,0,24,2024,32.1759,0.0,160.0,0,0.0,11,6,5,0,0,0,1,1494,1297,53.33,0.056,1.4907
narrow,0.1,- cong chance-constrained,ca_mau,severe,160.0,1,24,2024,32.037,0.0,160.0,0,0.0,11,7,4,0,0,0,1,1458,1240,53.33,0.044,0.8309
narrow,0.1,- cong chance-constrained,ca_mau,severe,160.0,2,24,2024,32.3148,0.0,160.0,0,0.0,5,2,3,0,0,0,0,1474,1257,53.33,0.033,1.2182
narrow,0.1,- cong chance-constrained,ca_mau,severe,160.0,3,24,2024,26.713,0.0,160.0,1,40.0,27,18,9,0,0,1,1,1444,1215,53.33,0.1,3.0849
narrow,0.1,- cong chance-constrained,ca_mau,severe,160.0,4,24,2024,32.037,0.0,160.0,0,0.0,12,8,4,0,0,0,1,1462,1257,53.33,0.044,1.1975
narrow,0.1,- cong chance-constrained,ca_mau,severe,160.0,5,24,2024,32.3148,0.0,160.0,0,0.0,8,5,3,0,0,0,0,1474,1260,53.33,0.033,0.8626
narrow,0.1,- cong chance-constrained,ca_mau,severe,160.0,6,24,2024,41.2037,0.0,160.0,1,60.0,6,4,2,0,0,0,0,1647,1412,53.33,0.022,1.4564
narrow,0.1,- cong chance-constrained,ca_mau,severe,160.0,7,24,2024,41.2037,0.0,160.0,1,60.0,7,5,2,0,0,0,0,1647,1412,53.33,0.022,0.8306
narrow,0.1,- cong chance-constrained,ca_mau,severe,160.0,8,24,2024,32.1759,0.0,160.0,0,0.0,13,8,5,0,0,0,1,1495,1299,53.33,0.056,1.9244
narrow,0.1,- cong chance-constrained,ca_mau,severe,160.0,9,24,2024,32.3148,0.0,160.0,0,0.0,9,6,3,0,0,0,0,1474,1261,53.33,0.033,0.0
narrow,0.1,- luat thich ung (centre co dinh),can_tho,mild,160.0,0,24,2024,25.6019,0.0,160.0,0,0.0,8,0,8,82,0,0,8,1474,1303,20.0,0.089,0.0
narrow,0.1,- luat thich ung (centre co dinh),can_tho,mild,160.0,1,24,2024,25.9722,0.0,160.0,1,20.0,9,2,7,83,0,0,7,1453,1254,20.0,0.078,0.7449
narrow,0.1,- luat thich ung (centre co dinh),can_tho,mild,160.0,2,24,2024,26.7593,0.0,160.0,4,80.0,11,5,6,84,0,0,5,1421,1183,20.0,0.067,0.7454
narrow,0.1,- luat thich ung (centre co dinh),can_tho,mild,160.0,3,24,2024,25.9722,0.0,160.0,3,60.0,10,3,7,83,0,0,6,1463,1238,20.0,0.078,0.6086
narrow,0.1,- luat thich ung (centre co dinh),can_tho,mild,160.0,4,24,2024,25.8796,0.0,160.0,2,40.0,8,2,6,84,0,0,6,1459,1239,20.0,0.067,0.0
narrow,0.1,- luat thich ung (centre co dinh),can_tho,mild,160.0,5,24,2024,26.6667,0.0,160.0,3,60.0,8,2,6,84,0,0,6,1462,1220,20.0,0.067,0.0
narrow,0.1,- luat thich ung (centre co dinh),can_tho,mild,160.0,6,24,2024,26.8981,0.0,160.0,4,80.0,9,4,5,85,0,0,5,1412,1180,20.0,0.056,0.4303
narrow,0.1,- luat thich ung (centre co dinh),can_tho,mild,160.0,7,24,2024,26.4352,0.0,160.0,3,60.0,10,4,6,84,0,0,5,1453,1219,20.0,0.067,0.9622
narrow,0.1,- luat thich ung (centre co dinh),can_tho,mild,160.0,8,24,2024,25.6019,0.0,160.0,1,20.0,9,1,8,82,0,0,8,1474,1303,20.0,0.089,0.6086
narrow,0.1,- luat thich ung (centre co dinh),can_tho,mild,160.0,9,24,2024,25.7407,0.0,160.0,2,40.0,9,2,7,83,0,0,7,1459,1259,20.0,0.078,0.4303
narrow,0.1,- luat thich ung (centre co dinh),can_tho,severe,160.0,0,24,2024,24.5833,0.0,160.0,0,0.0,24,13,11,79,0,0,8,1520,1340,20.0,0.122,0.9623
narrow,0.1,- luat thich ung (centre co dinh),can_tho,severe,160.0,1,24,2024,25.3241,0.0,160.0,1,20.0,21,12,9,81,0,1,6,1483,1281,20.0,0.1,0.7454
narrow,0.1,- luat thich ung (centre co dinh),can_tho,severe,160.0,2,24,2024,27.9167,0.0,160.0,2,40.0,20,14,6,84,0,0,6,1506,1276,20.0,0.067,1.2172
narrow,0.1,- luat thich ung (centre co dinh),can_tho,severe,160.0,3,24,2024,27.1296,0.0,160.0,4,80.0,33,24,9,81,0,1,3,1527,1246,22.86,0.1,1.4272
narrow,0.1,- luat thich ung (centre co dinh),can_tho,severe,160.0,4,24,2024,25.6944,0.0,160.0,1,20.0,22,14,8,82,0,0,7,1468,1264,20.0,0.089,0.8607
narrow,0.1,- luat thich ung (centre co dinh),can_tho,severe,160.0,5,24,2024,25.9722,0.0,160.0,1,20.0,16,9,7,83,0,0,7,1459,1260,20.0,0.078,0.7454
narrow,0.1,- luat thich ung (centre co dinh),can_tho,severe,160.0,6,24,2024,24.7685,0.0,160.0,3,60.0,34,24,10,80,0,0,7,1491,1315,20.0,0.111,1.5516
narrow,0.1,- luat thich ung (centre co dinh),can_tho,severe,160.0,7,24,2024,28.2407,0.0,160.0,1,40.0,23,15,8,82,0,1,4,1562,1306,26.67,0.089,1.4272
narrow,0.1,- luat thich ung (centre co dinh),can_tho,severe,160.0,8,24,2024,25.6019,0.0,160.0,1,20.0,18,10,8,82,0,0,7,1496,1286,20.0,0.089,0.6086
narrow,0.1,- luat thich ung (centre co dinh),can_tho,severe,160.0,9,24,2024,25.7407,0.0,160.0,1,20.0,16,8,8,82,0,0,7,1448,1266,20.0,0.089,1.0541
narrow,0.1,- luat thich ung (centre co dinh),soc_trang,mild,160.0,0,24,2024,24.4907,0.0,160.0,0,0.0,10,2,8,82,0,0,8,1492,1417,20.0,0.089,0.7454
narrow,0.1,- luat thich ung (centre co dinh),soc_trang,mild,160.0,1,24,2024,25.4167,0.0,160.0,1,20.0,8,1,7,83,0,0,7,1470,1352,20.0,0.078,0.0
narrow,0.1,- luat thich ung (centre co dinh),soc_trang,mild,160.0,2,24,2024,25.7407,0.0,160.0,5,100.0,10,4,6,84,0,0,6,1424,1294,20.0,0.067,0.6086
narrow,0.1,- luat thich ung (centre co dinh),soc_trang,mild,160.0,3,24,2024,25.6019,0.0,160.0,4,80.0,10,3,7,83,0,0,6,1409,1294,20.0,0.078,0.6086
narrow,0.1,- luat thich ung (centre co dinh),soc_trang,mild,160.0,4,24,2024,24.4907,0.0,160.0,2,40.0,13,4,9,81,0,1,6,1484,1380,20.0,0.1,1.2171
narrow,0.1,- luat thich ung (centre co dinh),soc_trang,mild,160.0,5,24,2024,25.6019,0.0,160.0,2,40.0,12,4,8,82,0,0,6,1410,1297,20.0,0.089,0.8607
narrow,0.1,- luat thich ung (centre co dinh),soc_trang,mild,160.0,6,24,2024,26.6667,0.0,160.0,5,100.0,9,4,5,85,0,0,5,1367,1255,20.0,0.056,0.4303
narrow,0.1,- luat thich ung (centre co dinh),soc_trang,mild,160.0,7,24,2024,25.787,0.0,160.0,3,60.0,8,3,5,85,0,0,5,1399,1259,20.0,0.056,0.0
narrow,0.1,- luat thich ung (centre co dinh),soc_trang,mild,160.0,8,24,2024,24.7222,0.0,160.0,1,20.0,11,2,9,81,0,0,8,1452,1387,20.0,0.1,1.1385
narrow,0.1,- luat thich ung (centre co dinh),soc_trang,mild,160.0,9,24,2024,26.5741,0.0,160.0,2,40.0,8,2,6,84,0,0,6,1381,1253,20.0,0.067,0.0
narrow,0.1,- luat thich ung (centre co dinh),soc_trang,severe,160.0,0,24,2024,22.5463,0.0,160.0,0,0.0,33,21,12,78,0,0,8,1534,1491,20.0,0.133,0.9623
narrow,0.1,- luat thich ung (centre co dinh),soc_trang,severe,160.0,1,24,2024,24.4907,0.0,160.0,1,20.0,23,14,9,81,0,0,8,1500,1407,20.0,0.1,0.7454
narrow,0.1,- luat thich ung (centre co dinh),soc_trang,severe,160.0,2,24,2024,28.0093,0.0,160.0,3,60.0,16,11,5,85,0,0,5,1444,1294,20.0,0.056,1.1386
narrow,0.1,- luat thich ung (centre co dinh),soc_trang,severe,160.0,3,24,2024,27.2685,0.0,160.0,4,80.0,21,14,7,83,0,1,3,1530,1347,22.86,0.078,1.217
narrow,0.1,- luat thich ung (centre co dinh),soc_trang,severe,160.0,4,24,2024,25.5556,0.0,160.0,1,20.0,24,16,8,82,0,0,7,1428,1339,20.0,0.089,0.8607
narrow,0.1,- luat thich ung (centre co dinh),soc_trang,severe,160.0,5,24,2024,25.787,0.0,160.0,2,40.0,15,8,7,83,0,0,7,1396,1311,20.0,0.078,0.7454
narrow,0.1,- luat thich ung (centre co dinh),soc_trang,severe,160.0,6,24,2024,25.4167,0.0,160.0,5,100.0,26,18,8,82,0,0,6,1444,1331,20.0,0.089,1.291
narrow,0.1,- luat thich ung (centre co dinh),soc_trang,severe,160.0,7,24,2024,27.0833,0.0,160.0,1,40.0,23,15,8,82,0,1,4,1567,1433,26.67,0.089,1.291
narrow,0.1,- luat thich ung (centre co dinh),soc_trang,severe,160.0,8,24,2024,23.0556,0.0,160.0,1,20.0,36,24,12,78,0,1,5,1552,1422,22.86,0.133,1.1386
narrow,0.1,- luat thich ung (centre co dinh),soc_trang,severe,160.0,9,24,2024,24.6296,0.0,160.0,1,20.0,16,8,8,82,0,0,7,1475,1376,20.0,0.089,1.0541
narrow,0.1,- luat thich ung (centre co dinh),ca_mau,mild,160.0,0,24,2024,22.1759,0.0,160.0,0,0.0,11,2,9,81,0,0,8,1431,1376,20.0,0.1,0.8607
narrow,0.1,- luat thich ung (centre co dinh),ca_mau,mild,160.0,1,24,2024,22.2222,0.0,160.0,1,20.0,9,2,7,83,0,0,7,1416,1325,20.0,0.078,0.6085
narrow,0.1,- luat thich ung (centre co dinh),ca_mau,mild,160.0,2,24,2024,23.2407,0.0,160.0,5,100.0,9,4,5,85,0,0,5,1370,1220,20.0,0.056,0.4303
narrow,0.1,- luat thich ung (centre co dinh),ca_mau,mild,160.0,3,24,2024,22.4074,0.0,160.0,4,80.0,8,2,6,84,0,0,6,1396,1269,20.0,0.067,0.0
narrow,0.1,- luat thich ung (centre co dinh),ca_mau,mild,160.0,4,24,2024,22.1759,0.0,160.0,2,40.0,11,3,8,82,0,0,7,1391,1334,20.0,0.089,0.7454
narrow,0.1,- luat thich ung (centre co dinh),ca_mau,mild,160.0,5,24,2024,21.1574,0.0,160.0,1,20.0,14,5,9,81,0,1,6,1472,1359,20.0,0.1,1.0541
narrow,0.1,- luat thich ung (centre co dinh),ca_mau,mild,160.0,6,24,2024,23.7963,0.0,160.0,5,100.0,8,3,5,85,0,0,5,1330,1220,20.0,0.056,0.0
narrow,0.1,- luat thich ung (centre co dinh),ca_mau,mild,160.0,7,24,2024,23.7963,0.0,160.0,3,60.0,8,3,5,85,0,0,5,1330,1220,20.0,0.056,0.0
narrow,0.1,- luat thich ung (centre co dinh),ca_mau,mild,160.0,8,24,2024,22.3611,0.0,160.0,1,20.0,8,1,7,83,0,0,7,1373,1288,20.0,0.078,0.0
narrow,0.1,- luat thich ung (centre co dinh),ca_mau,mild,160.0,9,24,2024,22.3148,0.0,160.0,2,40.0,9,3,6,84,0,0,6,1400,1292,20.0,0.067,0.4303
narrow,0.1,- luat thich ung (centre co dinh),ca_mau,severe,160.0,0,24,2024,21.2037,0.0,160.0,0,0.0,27,16,11,79,0,0,8,1431,1400,20.0,0.122,0.7454
narrow,0.1,- luat thich ung (centre co dinh),ca_mau,severe,160.0,1,24,2024,17.7315,0.0,160.0,0,0.0,41,28,13,77,0,2,5,1541,1457,22.86,0.144,1.2172
narrow,0.1,- luat thich ung (centre co dinh),ca_mau,severe,160.0,2,24,2024,24.5833,0.0,160.0,3,60.0,24,16,8,82,0,0,6,1476,1382,20.0,0.089,1.2959
narrow,0.1,- luat thich ung (centre co dinh),ca_mau,severe,160.0,3,24,2024,20.6019,0.0,160.0,2,40.0,35,25,10,80,0,1,5,1471,1390,22.86,0.111,1.4272
narrow,0.1,- luat thich ung (centre co dinh),ca_mau,severe,160.0,4,24,2024,22.3148,0.0,160.0,2,40.0,14,8,6,84,0,0,6,1404,1314,20.0,0.067,0.6086
narrow,0.1,- luat thich ung (centre co dinh),ca_mau,severe,160.0,5,24,2024,22.4074,0.0,160.0,2,40.0,15,9,6,84,0,0,6,1401,1274,20.0,0.067,0.8745
narrow,0.1,- luat thich ung (centre co dinh),ca_mau,severe,160.0,6,24,2024,22.4537,0.0,160.0,4,80.0,21,15,6,84,0,0,6,1382,1261,20.0,0.067,1.0541
narrow,0.1,- luat thich ung (centre co dinh),ca_mau,severe,160.0,7,24,2024,20.9722,0.0,160.0,2,40.0,41,30,11,79,0,1,5,1464,1353,20.0,0.122,1.4907
narrow,0.1,- luat thich ung (centre co dinh),ca_mau,severe,160.0,8,24,2024,18.8889,0.0,160.0,0,0.0,47,31,16,74,0,1,7,1529,1456,20.0,0.178,1.5515
narrow,0.1,- luat thich ung (centre co dinh),ca_mau,severe,160.0,9,24,2024,22.2222,0.0,160.0,1,20.0,18,10,8,82,0,0,7,1402,1332,20.0,0.089,1.0541
narrow,0.1,Oracle (thong tin hoan hao),can_tho,mild,160.0,0,24,2024,10.3241,0.0,160.0,0,0.0,9,1,8,0,0,8,0,1842,1552,20.0,0.089,0.6086
narrow,0.1,Oracle (thong tin hoan hao),can_tho,mild,160.0,1,24,2024,10.3241,0.0,160.0,1,20.0,8,0,8,0,0,8,0,1841,1552,20.0,0.089,0.0
narrow,0.1,Oracle (thong tin hoan hao),can_tho,mild,160.0,2,24,2024,10.3241,0.0,160.0,4,80.0,10,2,8,0,0,8,0,1843,1552,20.0,0.089,0.6086
narrow,0.1,Oracle (thong tin hoan hao),can_tho,mild,160.0,3,24,2024,10.3241,0.0,160.0,3,60.0,12,4,8,0,0,8,0,1845,1552,20.0,0.089,0.8607
narrow,0.1,Oracle (thong tin hoan hao),can_tho,mild,160.0,4,24,2024,10.3241,0.0,160.0,2,40.0,12,4,8,0,0,8,0,1845,1552,20.0,0.089,0.8607
narrow,0.1,Oracle (thong tin hoan hao),can_tho,mild,160.0,5,24,2024,10.3241,0.0,160.0,1,20.0,18,10,8,0,0,8,0,1851,1552,20.0,0.089,1.3608
narrow,0.1,Oracle (thong tin hoan hao),can_tho,mild,160.0,6,24,2024,10.3241,0.0,160.0,4,80.0,10,2,8,0,0,8,0,1843,1552,20.0,0.089,0.6086
narrow,0.1,Oracle (thong tin hoan hao),can_tho,mild,160.0,7,24,2024,10.3241,0.0,160.0,2,40.0,12,4,8,0,0,8,0,1845,1552,20.0,0.089,1.387
narrow,0.1,Oracle (thong tin hoan hao),can_tho,mild,160.0,8,24,2024,10.3241,0.0,160.0,1,20.0,8,0,8,0,0,8,0,1841,1552,20.0,0.089,0.0
narrow,0.1,Oracle (thong tin hoan hao),can_tho,mild,160.0,9,24,2024,10.3241,0.0,160.0,2,40.0,12,4,8,0,0,8,0,1845,1552,20.0,0.089,1.1385
narrow,0.1,Oracle (thong tin hoan hao),can_tho,severe,160.0,0,24,2024,10.3241,0.0,160.0,0,0.0,23,15,8,0,0,8,0,1856,1552,20.0,0.089,1.1386
narrow,0.1,Oracle (thong tin hoan hao),can_tho,severe,160.0,1,24,2024,10.3241,0.0,160.0,0,0.0,27,19,8,0,0,8,0,1842,1552,20.0,0.089,1.2172
narrow,0.1,Oracle (thong tin hoan hao),can_tho,severe,160.0,2,24,2024,10.3241,0.0,160.0,1,20.0,18,10,8,0,0,8,0,1851,1552,20.0,0.089,1.3608
narrow,0.1,Oracle (thong tin hoan hao),can_tho,severe,160.0,3,24,2024,10.3241,0.0,160.0,1,20.0,25,17,8,0,0,8,0,1858,1552,20.0,0.089,1.2172
narrow,0.1,Oracle (thong tin hoan hao),can_tho,severe,160.0,4,24,2024,10.3241,0.0,160.0,1,20.0,18,10,8,0,0,8,0,1851,1552,20.0,0.089,0.8607
narrow,0.1,Oracle (thong tin hoan hao),can_tho,severe,160.0,5,24,2024,10.3241,0.0,160.0,2,40.0,12,4,8,0,0,8,0,1845,1552,20.0,0.089,0.9622
narrow,0.1,Oracle (thong tin hoan hao),can_tho,severe,160.0,6,24,2024,10.3241,0.0,160.0,3,60.0,37,29,8,0,0,8,0,1860,1552,20.0,0.089,1.9245
narrow,0.1,Oracle (thong tin hoan hao),can_tho,severe,160.0,7,24,2024,10.2778,0.0,160.0,2,40.0,23,15,8,0,0,8,0,1852,1552,20.0,0.089,1.8232
narrow,0.1,Oracle (thong tin hoan hao),can_tho,severe,160.0,8,24,2024,10.3241,0.0,160.0,0,0.0,34,26,8,0,0,8,0,1863,1552,20.0,0.089,2.1994
narrow,0.1,Oracle (thong tin hoan hao),can_tho,severe,160.0,9,24,2024,10.3241,0.0,160.0,1,20.0,15,7,8,0,0,8,0,1848,1552,20.0,0.089,0.9623
narrow,0.1,Oracle (thong tin hoan hao),soc_trang,mild,160.0,0,24,2024,10.0,0.0,160.0,0,0.0,11,3,8,0,0,8,0,1796,1683,20.0,0.089,0.7454
narrow,0.1,Oracle (thong tin hoan hao),soc_trang,mild,160.0,1,24,2024,10.0,0.0,160.0,1,20.0,8,0,8,0,0,8,0,1793,1683,20.0,0.089,0.0
narrow,0.1,Oracle (thong tin hoan hao),soc_trang,mild,160.0,2,24,2024,10.0,0.0,160.0,3,60.0,11,3,8,0,0,8,0,1796,1683,20.0,0.089,0.7454
narrow,0.1,Oracle (thong tin hoan hao),soc_trang,mild,160.0,3,24,2024,10.0,0.0,160.0,3,60.0,11,3,8,0,0,8,0,1796,1683,20.0,0.089,0.8607
narrow,0.1,Oracle (thong tin hoan hao),soc_trang,mild,160.0,4,24,2024,10.0,0.0,160.0,2,40.0,8,0,8,0,0,8,0,1793,1683,20.0,0.089,0.0
narrow,0.1,Oracle (thong tin hoan hao),soc_trang,mild,160.0,5,24,2024,10.0,0.0,160.0,3,60.0,8,0,8,0,0,8,0,1793,1683,20.0,0.089,0.0
narrow,0.1,Oracle (thong tin hoan hao),soc_trang,mild,160.0,6,24,2024,10.0,0.0,160.0,5,100.0,8,0,8,0,0,8,0,1793,1683,20.0,0.089,0.0
narrow,0.1,Oracle (thong tin hoan hao),soc_trang,mild,160.0,7,24,2024,10.0,0.0,160.0,2,40.0,10,2,8,0,0,8,0,1795,1683,20.0,0.089,0.7453
narrow,0.1,Oracle (thong tin hoan hao),soc_trang,mild,160.0,8,24,2024,10.0,0.0,160.0,1,20.0,12,4,8,0,0,8,0,1797,1683,20.0,0.089,0.8607
narrow,0.1,Oracle (thong tin hoan hao),soc_trang,mild,160.0,9,24,2024,10.0,0.0,160.0,1,20.0,17,9,8,0,0,8,0,1802,1683,20.0,0.089,1.6666
narrow,0.1,Oracle (thong tin hoan hao),soc_trang,severe,160.0,0,24,2024,8.3796,0.0,160.0,0,0.0,24,16,8,0,0,8,0,1811,1683,20.0,0.089,1.4249
narrow,0.1,Oracle (thong tin hoan hao),soc_trang,severe,160.0,1,24,2024,10.0,0.0,160.0,0,0.0,21,13,8,0,0,8,0,1806,1683,20.0,0.089,0.8607
narrow,0.1,Oracle (thong tin hoan hao),soc_trang,severe,160.0,2,24,2024,10.0,0.0,160.0,3,60.0,17,9,8,0,0,8,0,1802,1683,20.0,0.089,0.8607
narrow,0.1,Oracle (thong tin hoan hao),soc_trang,severe,160.0,3,24,2024,8.1481,0.0,160.0,2,40.0,40,32,8,0,0,8,0,1822,1683,20.0,0.089,2.507
narrow,0.1,Oracle (thong tin hoan hao),soc_trang,severe,160.0,4,24,2024,10.0,0.0,160.0,1,20.0,26,18,8,0,0,8,0,1809,1683,20.0,0.089,1.427
narrow,0.1,Oracle (thong tin hoan hao),soc_trang,severe,160.0,5,24,2024,10.0,0.0,160.0,2,40.0,24,16,8,0,0,8,0,1809,1683,20.0,0.089,1.3608
narrow,0.1,Oracle (thong tin hoan hao),soc_trang,severe,160.0,6,24,2024,10.0,0.0,160.0,4,80.0,12,4,8,0,0,8,0,1797,1683,20.0,0.089,1.1384
narrow,0.1,Oracle (thong tin hoan hao),soc_trang,severe,160.0,7,24,2024,10.0,0.0,160.0,1,20.0,15,7,8,0,0,8,0,1800,1683,20.0,0.089,1.1385
narrow,0.1,Oracle (thong tin hoan hao),soc_trang,severe,160.0,8,24,2024,8.1481,0.0,160.0,0,0.0,36,28,8,0,0,8,0,1818,1683,20.0,0.089,1.9232
narrow,0.1,Oracle (thong tin hoan hao),soc_trang,severe,160.0,9,24,2024,10.0,0.0,160.0,0,0.0,19,11,8,0,0,8,0,1804,1683,20.0,0.089,1.2171
narrow,0.1,Oracle (thong tin hoan hao),ca_mau,mild,160.0,0,24,2024,2.6389,0.0,160.0,0,0.0,8,0,8,0,0,8,0,1797,1661,20.0,0.089,0.0
narrow,0.1,Oracle (thong tin hoan hao),ca_mau,mild,160.0,1,24,2024,2.6389,0.0,160.0,1,20.0,10,2,8,0,0,8,0,1799,1661,20.0,0.089,0.7453
narrow,0.1,Oracle (thong tin hoan hao),ca_mau,mild,160.0,2,24,2024,2.6389,0.0,160.0,3,60.0,13,5,8,0,0,8,0,1802,1661,20.0,0.089,1.054
narrow,0.1,Oracle (thong tin hoan hao),ca_mau,mild,160.0,3,24,2024,2.6389,0.0,160.0,3,60.0,9,1,8,0,0,8,0,1798,1661,20.0,0.089,0.4303
narrow,0.1,Oracle (thong tin hoan hao),ca_mau,mild,160.0,4,24,2024,2.6389,0.0,160.0,2,40.0,8,0,8,0,0,8,0,1797,1661,20.0,0.089,0.0
narrow,0.1,Oracle (thong tin hoan hao),ca_mau,mild,160.0,5,24,2024,2.6389,0.0,160.0,3,60.0,9,1,8,0,0,8,0,1798,1661,20.0,0.089,0.4303
narrow,0.1,Oracle (thong tin hoan hao),ca_mau,mild,160.0,6,24,2024,2.6389,0.0,160.0,5,100.0,8,0,8,0,0,8,0,1797,1661,20.0,0.089,0.0
narrow,0.1,Oracle (thong tin hoan hao),ca_mau,mild,160.0,7,24,2024,2.6389,0.0,160.0,3,60.0,13,5,8,0,0,8,0,1801,1661,20.0,0.089,0.9623
narrow,0.1,Oracle (thong tin hoan hao),ca_mau,mild,160.0,8,24,2024,2.6389,0.0,160.0,0,0.0,13,5,8,0,0,8,0,1801,1661,20.0,0.089,0.9623
narrow,0.1,Oracle (thong tin hoan hao),ca_mau,mild,160.0,9,24,2024,2.6389,0.0,160.0,2,40.0,8,0,8,0,0,8,0,1797,1661,20.0,0.089,0.0
narrow,0.1,Oracle (thong tin hoan hao),ca_mau,severe,160.0,0,24,2024,2.6389,0.0,160.0,0,0.0,25,17,8,0,0,8,0,1812,1661,20.0,0.089,1.291
narrow,0.1,Oracle (thong tin hoan hao),ca_mau,severe,160.0,1,24,2024,2.6389,0.0,160.0,0,0.0,17,9,8,0,0,8,0,1806,1661,20.0,0.089,0.0
narrow,0.1,Oracle (thong tin hoan hao),ca_mau,severe,160.0,2,24,2024,2.8241,0.0,160.0,1,20.0,45,37,8,0,0,8,0,1803,1661,20.0,0.089,3.0263
narrow,0.1,Oracle (thong tin hoan hao),ca_mau,severe,160.0,3,24,2024,2.6389,0.0,160.0,0,0.0,32,24,8,0,0,8,0,1820,1661,20.0,0.089,1.6102
narrow,0.1,Oracle (thong tin hoan hao),ca_mau,severe,160.0,4,24,2024,2.6389,0.0,160.0,1,20.0,21,13,8,0,0,8,0,1808,1661,20.0,0.089,1.4272
narrow,0.1,Oracle (thong tin hoan hao),ca_mau,severe,160.0,5,24,2024,2.6389,0.0,160.0,3,60.0,18,10,8,0,0,8,0,1807,1661,20.0,0.089,1.2909
narrow,0.1,Oracle (thong tin hoan hao),ca_mau,severe,160.0,6,24,2024,2.6389,0.0,160.0,2,40.0,23,15,8,0,0,8,0,1811,1661,20.0,0.089,1.3608
narrow,0.1,Oracle (thong tin hoan hao),ca_mau,severe,160.0,7,24,2024,2.6389,0.0,160.0,0,0.0,25,17,8,0,0,8,0,1813,1661,20.0,0.089,1.217
narrow,0.1,Oracle (thong tin hoan hao),ca_mau,severe,160.0,8,24,2024,2.6389,0.0,160.0,0,0.0,33,25,8,0,0,8,0,1822,1661,20.0,0.089,1.2172
narrow,0.1,Oracle (thong tin hoan hao),ca_mau,severe,160.0,9,24,2024,2.6389,0.0,160.0,1,20.0,13,5,8,0,0,8,0,1802,1661,20.0,0.089,0.7453
narrow,0.1,FULL (de xuat),can_tho,mild,240.0,0,24,2024,10.3704,0.0,240.0,2,40.0,14,3,11,79,0,0,10,1232,1076,20.0,0.122,0.6086
narrow,0.1,FULL (de xuat),can_tho,mild,240.0,1,24,2024,11.25,0.0,240.0,1,20.0,14,3,11,79,0,0,11,1214,1086,20.0,0.122,0.9619
narrow,0.1,FULL (de xuat),can_tho,mild,240.0,2,24,2024,11.2037,0.0,240.0,4,80.0,19,8,11,79,0,0,9,1206,1050,20.0,0.122,1.1386
narrow,0.1,FULL (de xuat),can_tho,mild,240.0,3,24,2024,11.4352,0.0,240.0,4,80.0,14,4,10,80,0,0,9,1194,1034,20.0,0.111,0.6086
narrow,0.1,FULL (de xuat),can_tho,mild,240.0,4,24,2024,11.4352,0.0,240.0,3,60.0,12,3,9,81,0,0,9,1203,1035,20.0,0.1,0.0
narrow,0.1,FULL (de xuat),can_tho,mild,240.0,5,24,2024,12.2685,0.0,240.0,5,100.0,12,4,8,82,0,0,8,1200,998,20.0,0.089,0.0
narrow,0.1,FULL (de xuat),can_tho,mild,240.0,6,24,2024,12.1296,0.0,240.0,5,100.0,13,4,9,81,0,0,9,1190,1037,20.0,0.1,0.4303
narrow,0.1,FULL (de xuat),can_tho,mild,240.0,7,24,2024,11.4352,0.0,240.0,4,80.0,14,5,9,81,0,0,8,1184,1017,20.0,0.1,0.9622
narrow,0.1,FULL (de xuat),can_tho,mild,240.0,8,24,2024,11.0185,0.0,240.0,2,40.0,17,5,12,78,0,0,11,1228,1098,20.0,0.133,1.0541
narrow,0.1,FULL (de xuat),can_tho,mild,240.0,9,24,2024,10.4167,0.0,240.0,2,40.0,14,3,11,79,0,0,11,1233,1102,20.0,0.122,0.6086
narrow,0.1,FULL (de xuat),can_tho,severe,240.0,0,24,2024,8.9352,0.0,240.0,1,20.0,41,25,16,74,0,1,10,1293,1154,20.0,0.178,1.3608
narrow,0.1,FULL (de xuat),can_tho,severe,240.0,1,24,2024,8.9815,0.0,240.0,1,20.0,42,26,16,74,0,1,10,1292,1157,20.0,0.178,1.0541
narrow,0.1,FULL (de xuat),can_tho,severe,240.0,2,24,2024,12.1759,0.0,240.0,2,40.0,41,29,12,78,0,1,9,1314,1164,20.0,0.133,1.3608
narrow,0.1,FULL (de xuat),can_tho,severe,240.0,3,24,2024,10.7407,0.0,240.0,4,80.0,48,34,14,76,0,1,7,1312,1078,21.82,0.156,1.6101
narrow,0.1,FULL (de xuat),can_tho,severe,240.0,4,24,2024,10.3241,0.0,240.0,1,20.0,30,18,12,78,0,0,11,1234,1107,20.0,0.133,1.1386
narrow,0.1,FULL (de xuat),can_tho,severe,240.0,5,24,2024,11.4815,0.0,240.0,3,60.0,22,12,10,80,0,0,10,1204,1058,20.0,0.111,1.0541
narrow,0.1,FULL (de xuat),can_tho,severe,240.0,6,24,2024,10.0926,0.0,240.0,4,80.0,43,29,14,76,0,0,10,1265,1124,20.0,0.156,1.6667
narrow,0.1,FULL (de xuat),can_tho,severe,240.0,7,24,2024,12.6852,0.0,240.0,2,60.0,36,24,12,78,0,1,7,1333,1139,24.0,0.133,1.6666
narrow,0.1,FULL (de xuat),can_tho,severe,240.0,8,24,2024,10.2778,0.0,240.0,2,40.0,30,18,12,78,0,0,10,1264,1097,20.0,0.133,0.8607
narrow,0.1,FULL (de xuat),can_tho,severe,240.0,9,24,2024,10.0463,0.0,240.0,1,20.0,31,17,14,76,0,0,11,1245,1136,20.0,0.156,1.2172
narrow,0.1,FULL (de xuat),soc_trang,mild,240.0,0,24,2024,6.713,0.0,240.0,2,40.0,19,5,14,76,0,0,12,1287,1319,20.0,0.156,1.2172
narrow,0.1,FULL (de xuat),soc_trang,mild,240.0,1,24,2024,9.0741,0.0,240.0,1,20.0,12,1,11,79,0,0,11,1214,1211,20.0,0.122,0.0
narrow,0.1,FULL (de xuat),soc_trang,mild,240.0,2,24,2024,10.1852,0.0,240.0,7,140.0,14,5,9,81,0,0,9,1167,1097,20.0,0.1,0.6086
narrow,0.1,FULL (de xuat),soc_trang,mild,240.0,3,24,2024,10.1389,0.0,240.0,5,100.0,15,5,10,80,0,0,9,1152,1109,20.0,0.111,0.7454
narrow,0.1,FULL (de xuat),soc_trang,mild,240.0,4,24,2024,7.1296,0.0,240.0,3,60.0,18,5,13,77,0,1,10,1242,1256,20.0,0.144,1.2909
narrow,0.1,FULL (de xuat),soc_trang,mild,240.0,5,24,2024,10.1389,0.0,240.0,4,80.0,16,6,10,80,0,0,8,1143,1078,20.0,0.111,0.8607
narrow,0.1,FULL (de xuat),soc_trang,mild,240.0,6,24,2024,10.9259,0.0,240.0,6,120.0,13,4,9,81,0,0,9,1124,1113,20.0,0.1,0.4303
narrow,0.1,FULL (de xuat),soc_trang,mild,240.0,7,24,2024,9.9074,0.0,240.0,4,80.0,13,4,9,81,0,0,9,1162,1133,20.0,0.1,0.4303
narrow,0.1,FULL (de xuat),soc_trang,mild,240.0,8,24,2024,8.287,0.0,240.0,2,40.0,18,4,14,76,0,0,12,1210,1246,20.0,0.156,1.3608
narrow,0.1,FULL (de xuat),soc_trang,mild,240.0,9,24,2024,9.8611,0.0,240.0,2,40.0,13,3,10,80,0,0,10,1166,1138,20.0,0.111,0.4303
narrow,0.1,FULL (de xuat),soc_trang,severe,240.0,0,24,2024,5.787,0.0,240.0,2,40.0,45,29,16,74,0,0,11,1291,1337,20.0,0.178,1.1386
narrow,0.1,FULL (de xuat),soc_trang,severe,240.0,1,24,2024,7.1296,0.0,240.0,1,20.0,34,21,13,77,0,0,12,1264,1289,20.0,0.144,0.7454
narrow,0.1,FULL (de xuat),soc_trang,severe,240.0,2,24,2024,11.3889,0.0,240.0,4,80.0,29,19,10,80,0,0,9,1247,1198,20.0,0.111,1.3608
narrow,0.1,FULL (de xuat),soc_trang,severe,240.0,3,24,2024,9.537,0.0,240.0,4,80.0,36,24,12,78,0,1,7,1317,1233,21.82,0.133,1.4271
narrow,0.1,FULL (de xuat),soc_trang,severe,240.0,4,24,2024,9.8611,0.0,240.0,2,40.0,33,21,12,78,0,0,10,1179,1163,20.0,0.133,1.1386
narrow,0.1,FULL (de xuat),soc_trang,severe,240.0,5,24,2024,11.1574,0.0,240.0,4,80.0,19,10,9,81,0,0,9,1099,1075,20.0,0.1,0.9623
narrow,0.1,FULL (de xuat),soc_trang,severe,240.0,6,24,2024,8.3796,0.0,240.0,6,120.0,32,21,11,79,0,0,9,1198,1178,20.0,0.122,1.3608
narrow,0.1,FULL (de xuat),soc_trang,severe,240.0,7,24,2024,8.7037,0.0,240.0,2,60.0,40,27,13,77,0,1,7,1338,1290,24.0,0.144,1.6101
narrow,0.1,FULL (de xuat),soc_trang,severe,240.0,8,24,2024,7.2685,0.0,240.0,1,20.0,52,34,18,72,0,1,9,1323,1310,21.82,0.2,1.291
narrow,0.1,FULL (de xuat),soc_trang,severe,240.0,9,24,2024,5.8796,0.0,240.0,1,20.0,32,18,14,76,0,1,9,1317,1292,21.82,0.156,1.291
narrow,0.1,FULL (de xuat),ca_mau,mild,240.0,0,24,2024,5.6019,0.0,240.0,2,40.0,16,4,12,78,0,0,11,1177,1184,20.0,0.133,0.9623
narrow,0.1,FULL (de xuat),ca_mau,mild,240.0,1,24,2024,5.6019,0.0,240.0,1,20.0,13,2,11,79,0,0,11,1168,1166,20.0,0.122,0.6085
narrow,0.1,FULL (de xuat),ca_mau,mild,240.0,2,24,2024,5.787,0.0,240.0,5,100.0,16,6,10,80,0,0,9,1135,1086,20.0,0.111,0.8607
narrow,0.1,FULL (de xuat),ca_mau,mild,240.0,3,24,2024,5.6481,0.0,240.0,5,100.0,15,4,11,79,0,0,10,1160,1141,20.0,0.122,0.7454
narrow,0.1,FULL (de xuat),ca_mau,mild,240.0,4,24,2024,5.7407,0.0,240.0,3,60.0,15,4,11,79,0,0,10,1117,1136,20.0,0.122,0.7454
narrow,0.1,FULL (de xuat),ca_mau,mild,240.0,5,24,2024,3.75,0.0,240.0,3,60.0,19,7,12,78,0,1,9,1213,1162,20.0,0.133,1.1386
narrow,0.1,FULL (de xuat),ca_mau,mild,240.0,6,24,2024,7.963,0.0,240.0,6,120.0,12,4,8,82,0,0,8,1075,1015,20.0,0.089,0.0
narrow,0.1,FULL (de xuat),ca_mau,mild,240.0,7,24,2024,7.963,0.0,240.0,4,80.0,13,5,8,82,0,0,8,1076,1016,20.0,0.089,0.6085
narrow,0.1,FULL (de xuat),ca_mau,mild,240.0,8,24,2024,6.9907,0.0,240.0,2,40.0,14,4,10,80,0,0,10,1099,1094,20.0,0.111,0.6086
narrow,0.1,FULL (de xuat),ca_mau,mild,240.0,9,24,2024,5.6019,0.0,240.0,2,40.0,17,6,11,79,0,0,10,1155,1154,20.0,0.122,0.9623
narrow,0.1,FULL (de xuat),ca_mau,severe,240.0,0,24,2024,1.6667,0.0,240.0,2,40.0,40,24,16,74,0,1,10,1181,1219,20.0,0.178,1.1385
narrow,0.1,FULL (de xuat),ca_mau,severe,240.0,1,24,2024,5.3704,0.0,240.0,0,0.0,53,35,18,72,0,2,9,1281,1226,21.82,0.2,1.3608
narrow,0.1,FULL (de xuat),ca_mau,severe,240.0,2,24,2024,11.3889,0.0,240.0,5,100.0,38,26,12,78,0,1,7,1303,1242,20.0,0.133,1.495
narrow,0.1,FULL (de xuat),ca_mau,severe,240.0,3,24,2024,3.9815,0.0,240.0,3,60.0,40,27,13,77,0,1,8,1194,1185,21.82,0.144,1.4907
narrow,0.1,FULL (de xuat),ca_mau,severe,240.0,4,24,2024,6.6204,0.0,240.0,3,60.0,20,11,9,81,0,0,9,1133,1111,20.0,0.1,0.9623
narrow,0.1,FULL (de xuat),ca_mau,severe,240.0,5,24,2024,6.5278,0.0,240.0,3,60.0,28,18,10,80,0,0,9,1144,1082,20.0,0.111,1.3695
narrow,0.1,FULL (de xuat),ca_mau,severe,240.0,6,24,2024,5.7407,0.0,240.0,4,80.0,30,19,11,79,0,0,10,1151,1136,20.0,0.122,1.2172
narrow,0.1,FULL (de xuat),ca_mau,severe,240.0,7,24,2024,1.3426,0.0,240.0,2,40.0,56,40,16,74,0,1,9,1226,1197,20.0,0.178,1.6667
narrow,0.1,FULL (de xuat),ca_mau,severe,240.0,8,24,2024,0.0,0.0,240.0,1,20.0,59,38,21,69,0,1,11,1288,1307,20.0,0.233,1.8257
narrow,0.1,FULL (de xuat),ca_mau,severe,240.0,9,24,2024,3.7037,0.0,240.0,1,20.0,28,15,13,77,0,0,11,1174,1196,20.0,0.144,1.1386
narrow,0.1,- whatif (twin->predictor),can_tho,mild,240.0,0,24,2024,37.9167,0.0,240.0,0,0.0,4,0,4,86,0,0,0,1568,1175,60.0,0.044,0.0
narrow,0.1,- whatif (twin->predictor),can_tho,mild,240.0,1,24,2024,41.25,0.0,240.0,1,60.0,6,2,4,86,0,0,0,1644,1249,60.0,0.044,0.7819
narrow,0.1,- whatif (twin->predictor),can_tho,mild,240.0,2,24,2024,43.4722,0.0,240.0,2,120.0,4,1,3,87,0,0,0,1690,1295,60.0,0.033,0.0
narrow,0.1,- whatif (twin->predictor),can_tho,mild,240.0,3,24,2024,43.4722,0.0,240.0,2,120.0,4,1,3,87,0,0,0,1690,1295,60.0,0.033,0.0
narrow,0.1,- whatif (twin->predictor),can_tho,mild,240.0,4,24,2024,42.3611,0.0,240.0,1,60.0,6,2,4,86,0,0,0,1667,1272,60.0,0.044,0.8466
narrow,0.1,- whatif (twin->predictor),can_tho,mild,240.0,5,24,2024,43.4722,0.0,240.0,1,60.0,4,1,3,87,0,0,0,1690,1295,60.0,0.033,0.0
narrow,0.1,- whatif (twin->predictor),can_tho,mild,240.0,6,24,2024,48.8426,0.0,240.0,3,180.0,4,2,2,88,0,0,0,1786,1392,60.0,0.022,0.0
narrow,0.1,- whatif (twin->predictor),can_tho,mild,240.0,7,24,2024,42.3611,0.0,240.0,2,120.0,5,2,3,87,0,0,0,1667,1272,60.0,0.033,0.5986
narrow,0.1,- whatif (twin->predictor),can_tho,mild,240.0,8,24,2024,39.0278,0.0,240.0,0,0.0,5,1,4,86,0,0,0,1593,1201,60.0,0.044,0.5701
narrow,0.1,- whatif (twin->predictor),can_tho,mild,240.0,9,24,2024,43.4722,0.0,240.0,1,60.0,4,1,3,87,0,0,0,1690,1295,60.0,0.033,0.0
narrow,0.1,- whatif (twin->predictor),can_tho,severe,240.0,0,24,2024,37.9167,0.0,240.0,0,0.0,4,0,4,86,0,0,0,1568,1175,60.0,0.044,0.0
narrow,0.1,- whatif (twin->predictor),can_tho,severe,240.0,1,24,2024,52.4537,0.0,120.0,0,0.0,7,4,3,87,0,1,0,1402,1418,60.0,0.033,0.6714
narrow,0.1,- whatif (twin->predictor),can_tho,severe,240.0,2,24,2024,41.25,0.0,240.0,2,120.0,10,6,4,86,0,0,0,1644,1249,60.0,0.044,0.9254
narrow,0.1,- whatif (twin->predictor),can_tho,severe,240.0,3,24,2024,52.4537,0.0,240.0,2,120.0,12,8,4,86,0,1,0,1402,1418,60.0,0.044,1.3158
narrow,0.1,- whatif (twin->predictor),can_tho,severe,240.0,4,24,2024,48.8426,0.0,240.0,1,60.0,22,15,7,83,0,1,0,1428,1382,60.0,0.078,1.4766
narrow,0.1,- whatif (twin->predictor),can_tho,severe,240.0,5,24,2024,43.4722,0.0,240.0,1,60.0,8,5,3,87,0,0,0,1690,1295,60.0,0.033,0.5255
narrow,0.1,- whatif (twin->predictor),can_tho,severe,240.0,6,24,2024,39.0278,0.0,240.0,2,120.0,13,9,4,86,0,0,0,1593,1201,60.0,0.044,0.5249
narrow,0.1,- whatif (twin->predictor),can_tho,severe,240.0,7,24,2024,52.4537,0.0,120.0,0,0.0,9,6,3,87,0,1,0,1402,1418,60.0,0.033,1.1224
narrow,0.1,- whatif (twin->predictor),can_tho,severe,240.0,8,24,2024,43.4722,0.0,240.0,0,0.0,13,7,6,84,0,1,0,1211,1226,60.0,0.067,1.142
narrow,0.1,- whatif (twin->predictor),can_tho,severe,240.0,9,24,2024,39.0278,0.0,240.0,1,60.0,7,3,4,86,0,0,0,1593,1201,60.0,0.044,0.5261
narrow,0.1,- whatif (twin->predictor),soc_trang,mild,240.0,0,24,2024,35.5093,0.0,240.0,0,0.0,6,1,5,85,0,0,0,1497,1202,60.0,0.056,0.8472
narrow,0.1,- whatif (twin->predictor),soc_trang,mild,240.0,1,24,2024,42.4537,0.0,240.0,1,60.0,4,1,3,87,0,0,0,1672,1387,60.0,0.033,0.0
narrow,0.1,- whatif (twin->predictor),soc_trang,mild,240.0,2,24,2024,40.0463,0.0,240.0,1,60.0,9,4,5,85,0,0,0,1615,1326,60.0,0.056,1.1773
narrow,0.1,- whatif (twin->predictor),soc_trang,mild,240.0,3,24,2024,42.4537,0.0,240.0,2,120.0,4,1,3,87,0,0,0,1672,1387,60.0,0.033,0.0
narrow,0.1,- whatif (twin->predictor),soc_trang,mild,240.0,4,24,2024,37.8241,0.0,240.0,1,60.0,5,1,4,86,0,0,0,1548,1269,60.0,0.044,0.0001
narrow,0.1,- whatif (twin->predictor),soc_trang,mild,240.0,5,24,2024,41.1111,0.0,240.0,1,60.0,4,1,3,87,0,0,0,1641,1343,60.0,0.033,0.0
narrow,0.1,- whatif (twin->predictor),soc_trang,mild,240.0,6,24,2024,48.9815,0.0,240.0,3,180.0,4,2,2,88,0,0,0,1766,1484,60.0,0.022,0.0
narrow,0.1,- whatif (twin->predictor),soc_trang,mild,240.0,7,24,2024,40.0463,0.0,240.0,2,120.0,7,3,4,86,0,0,0,1615,1326,60.0,0.044,1.1021
narrow,0.1,- whatif (twin->predictor),soc_trang,mild,240.0,8,24,2024,37.8241,0.0,240.0,0,0.0,5,1,4,86,0,0,0,1548,1269,60.0,0.044,0.5318
narrow,0.1,- whatif (twin->predictor),soc_trang,mild,240.0,9,24,2024,42.4537,0.0,240.0,1,60.0,4,1,3,87,0,0,0,1672,1387,60.0,0.033,0.0
narrow,0.1,- whatif (twin->predictor),soc_trang,severe,240.0,0,24,2024,37.8241,0.0,240.0,0,0.0,8,3,5,85,0,0,0,1548,1269,60.0,0.056,0.7524
narrow,0.1,- whatif (twin->predictor),soc_trang,severe,240.0,1,24,2024,52.5926,0.0,120.0,0,0.0,12,8,4,86,0,1,0,1577,1580,60.0,0.044,0.8303
narrow,0.1,- whatif (twin->predictor),soc_trang,severe,240.0,2,24,2024,53.5185,0.0,240.0,2,120.0,9,6,3,87,0,1,0,1597,1586,60.0,0.033,0.9954
narrow,0.1,- whatif (twin->predictor),soc_trang,severe,240.0,3,24,2024,53.5185,0.0,240.0,2,120.0,15,11,4,86,0,1,0,1621,1586,60.0,0.044,1.3251
narrow,0.1,- whatif (twin->predictor),soc_trang,severe,240.0,4,24,2024,48.9815,0.0,180.0,1,60.0,15,10,5,85,0,1,0,1480,1484,60.0,0.056,0.9898
narrow,0.1,- whatif (twin->predictor),soc_trang,severe,240.0,5,24,2024,41.1111,0.0,240.0,1,60.0,5,2,3,87,0,0,0,1641,1343,60.0,0.033,0.6321
narrow,0.1,- whatif (twin->predictor),soc_trang,severe,240.0,6,24,2024,42.4537,0.0,240.0,2,120.0,12,9,3,87,0,0,0,1672,1387,60.0,0.033,0.9673
narrow,0.1,- whatif (twin->predictor),soc_trang,severe,240.0,7,24,2024,52.5926,0.0,60.0,0,0.0,16,12,4,86,0,0,0,1863,1580,60.0,0.044,1.3409
narrow,0.1,- whatif (twin->predictor),soc_trang,severe,240.0,8,24,2024,42.4537,0.0,240.0,0,0.0,10,5,5,85,0,1,0,1385,1387,60.0,0.056,0.8142
narrow,0.1,- whatif (twin->predictor),soc_trang,severe,240.0,9,24,2024,37.8241,0.0,240.0,1,60.0,7,3,4,86,0,0,0,1548,1269,60.0,0.044,0.6
narrow,0.1,- whatif (twin->predictor),ca_mau,mild,240.0,0,24,2024,33.287,0.0,240.0,0,0.0,4,0,4,86,0,0,0,1496,1201,60.0,0.044,0.0
narrow,0.1,- whatif (twin->predictor),ca_mau,mild,240.0,1,24,2024,39.9537,0.0,240.0,1,60.0,4,1,3,87,0,0,0,1621,1340,60.0,0.033,0.0
narrow,0.1,- whatif (twin->predictor),ca_mau,mild,240.0,2,24,2024,41.1574,0.0,240.0,2,120.0,4,1,3,87,0,0,0,1647,1365,60.0,0.033,0.0
narrow,0.1,- whatif (twin->predictor),ca_mau,mild,240.0,3,24,2024,41.1574,0.0,240.0,2,120.0,4,1,3,87,0,0,0,1647,1365,60.0,0.033,0.0
narrow,0.1,- whatif (twin->predictor),ca_mau,mild,240.0,4,24,2024,39.9537,0.0,240.0,1,60.0,6,2,4,86,0,0,0,1621,1340,60.0,0.044,0.8342
narrow,0.1,- whatif (twin->predictor),ca_mau,mild,240.0,5,24,2024,41.1574,0.0,240.0,1,60.0,4,1,3,87,0,0,0,1647,1365,60.0,0.033,0.0
narrow,0.1,- whatif (twin->predictor),ca_mau,mild,240.0,6,24,2024,46.8519,0.0,240.0,3,180.0,4,2,2,88,0,0,0,1763,1465,60.0,0.022,0.0
narrow,0.1,- whatif (twin->predictor),ca_mau,mild,240.0,7,24,2024,37.1296,0.0,240.0,2,120.0,7,3,4,86,0,0,0,1596,1316,60.0,0.044,1.0369
narrow,0.1,- whatif (twin->predictor),ca_mau,mild,240.0,8,24,2024,34.3519,0.0,240.0,0,0.0,4,0,4,86,0,0,0,1523,1225,60.0,0.044,0.0
narrow,0.1,- whatif (twin->predictor),ca_mau,mild,240.0,9,24,2024,41.1574,0.0,240.0,1,60.0,4,1,3,87,0,0,0,1647,1365,60.0,0.033,0.0
narrow,0.1,- whatif (twin->predictor),ca_mau,severe,240.0,0,24,2024,33.287,0.0,240.0,0,0.0,5,1,4,86,0,0,0,1496,1201,60.0,0.044,0.0
narrow,0.1,- whatif (twin->predictor),ca_mau,severe,240.0,1,24,2024,52.2222,0.0,120.0,0,0.0,7,4,3,87,0,1,0,1551,1581,60.0,0.033,0.6467
narrow,0.1,- whatif (twin->predictor),ca_mau,severe,240.0,2,24,2024,37.1296,0.0,240.0,2,120.0,10,6,4,86,0,0,0,1596,1316,60.0,0.044,0.8882
narrow,0.1,- whatif (twin->predictor),ca_mau,severe,240.0,3,24,2024,52.2222,0.0,120.0,0,0.0,17,12,5,85,0,1,0,1575,1581,60.0,0.056,1.4045
narrow,0.1,- whatif (twin->predictor),ca_mau,severe,240.0,4,24,2024,39.9537,0.0,240.0,1,60.0,11,7,4,86,0,0,0,1621,1340,60.0,0.044,0.842
narrow,0.1,- whatif (twin->predictor),ca_mau,severe,240.0,5,24,2024,41.1574,0.0,240.0,1,60.0,7,4,3,87,0,0,0,1647,1365,60.0,0.033,0.5176
narrow,0.1,- whatif (twin->predictor),ca_mau,severe,240.0,6,24,2024,34.3519,0.0,240.0,1,60.0,14,10,4,86,0,0,0,1523,1225,60.0,0.044,0.7924
narrow,0.1,- whatif (twin->predictor),ca_mau,severe,240.0,7,24,2024,52.2222,0.0,120.0,0,0.0,9,6,3,87,0,1,0,1551,1581,60.0,0.033,1.0883
narrow,0.1,- whatif (twin->predictor),ca_mau,severe,240.0,8,24,2024,34.3519,0.0,240.0,0,0.0,5,1,4,86,0,0,0,1523,1225,60.0,0.044,0.6402
narrow,0.1,- whatif (twin->predictor),ca_mau,severe,240.0,9,24,2024,34.3519,0.0,240.0,0,0.0,10,6,4,86,0,0,0,1523,1225,60.0,0.044,0.5184
narrow,0.1,- T2 (gui lai mu),can_tho,mild,240.0,0,24,2024,11.1574,0.0,240.0,2,40.0,14,4,10,80,0,0,10,1228,1078,20.0,0.111,0.6086
narrow,0.1,- T2 (gui lai mu),can_tho,mild,240.0,1,24,2024,11.25,0.0,240.0,1,20.0,14,3,11,79,0,0,11,1214,1086,20.0,0.122,0.9619
narrow,0.1,- T2 (gui lai mu),can_tho,mild,240.0,2,24,2024,26.9907,0.0,240.0,7,140.0,16,11,5,85,0,0,5,1458,1202,20.0,0.056,0.7661
narrow,0.1,- T2 (gui lai mu),can_tho,mild,240.0,3,24,2024,16.6667,0.0,240.0,5,100.0,15,8,7,83,0,0,7,1248,1032,20.0,0.078,0.7454
narrow,0.1,- T2 (gui lai mu),can_tho,mild,240.0,4,24,2024,11.4352,0.0,240.0,3,60.0,12,3,9,81,0,0,9,1203,1035,20.0,0.1,0.0
narrow,0.1,- T2 (gui lai mu),can_tho,mild,240.0,5,24,2024,14.6296,0.0,240.0,5,100.0,16,9,7,83,0,0,7,1204,1001,20.0,0.078,0.8607
narrow,0.1,- T2 (gui lai mu),can_tho,mild,240.0,6,24,2024,24.5833,0.0,240.0,6,120.0,12,6,6,84,0,0,6,1413,1171,20.0,0.067,0.0
narrow,0.1,- T2 (gui lai mu),can_tho,mild,240.0,7,24,2024,12.5,0.0,240.0,4,80.0,15,7,8,82,0,0,8,1143,981,20.0,0.089,1.0541
narrow,0.1,- T2 (gui lai mu),can_tho,mild,240.0,8,24,2024,11.4815,0.0,240.0,2,40.0,21,11,10,80,0,0,10,1202,1057,20.0,0.111,1.3697
narrow,0.1,- T2 (gui lai mu),can_tho,mild,240.0,9,24,2024,11.25,0.0,240.0,2,40.0,19,9,10,80,0,0,10,1208,1037,20.0,0.111,1.1386
narrow,0.1,- T2 (gui lai mu),can_tho,severe,240.0,0,24,2024,11.1574,0.0,240.0,2,40.0,43,33,10,80,0,0,10,1224,1098,20.0,0.111,2.2367
narrow,0.1,- T2 (gui lai mu),can_tho,severe,240.0,1,24,2024,11.25,0.0,240.0,1,20.0,37,26,11,79,0,0,11,1236,1109,20.0,0.122,1.6615
narrow,0.1,- T2 (gui lai mu),can_tho,severe,240.0,2,24,2024,26.5741,0.0,240.0,7,140.0,33,28,5,85,0,0,5,1418,1179,20.0,0.056,0.9455
narrow,0.1,- T2 (gui lai mu),can_tho,severe,240.0,3,24,2024,15.6019,0.0,240.0,5,100.0,42,35,7,83,0,0,7,1265,1063,20.0,0.078,2.0511
narrow,0.1,- T2 (gui lai mu),can_tho,severe,240.0,4,24,2024,11.4352,0.0,240.0,3,60.0,27,18,9,81,0,0,9,1211,1045,20.0,0.1,1.4272
narrow,0.1,- T2 (gui lai mu),can_tho,severe,240.0,5,24,2024,14.6296,0.0,240.0,5,100.0,17,10,7,83,0,0,7,1202,1000,20.0,0.078,1.1638
narrow,0.1,- T2 (gui lai mu),can_tho,severe,240.0,6,24,2024,22.5,0.0,240.0,6,120.0,45,39,6,84,0,0,6,1351,1130,20.0,0.067,1.6693
narrow,0.1,- T2 (gui lai mu),can_tho,severe,240.0,7,24,2024,12.5,0.0,240.0,4,80.0,46,38,8,82,0,0,8,1161,998,20.0,0.089,2.1345
narrow,0.1,- T2 (gui lai mu),can_tho,severe,240.0,8,24,2024,11.1574,0.0,240.0,2,40.0,28,18,10,80,0,0,10,1243,1081,20.0,0.111,1.3607
narrow,0.1,- T2 (gui lai mu),can_tho,severe,240.0,9,24,2024,10.8333,0.0,240.0,2,40.0,40,30,10,80,0,0,10,1250,1087,20.0,0.111,2.3283
narrow,0.1,- T2 (gui lai mu),soc_trang,mild,240.0,0,24,2024,8.1944,0.0,240.0,2,40.0,17,7,10,80,0,0,10,1216,1220,20.0,0.111,1.0541
narrow,0.1,- T2 (gui lai mu),soc_trang,mild,240.0,1,24,2024,9.0741,0.0,240.0,1,20.0,12,1,11,79,0,0,11,1214,1211,20.0,0.122,0.0
narrow,0.1,- T2 (gui lai mu),soc_trang,mild,240.0,2,24,2024,26.9444,0.0,240.0,7,140.0,15,10,5,85,0,0,5,1434,1270,20.0,0.056,0.63
narrow,0.1,- T2 (gui lai mu),soc_trang,mild,240.0,3,24,2024,15.7407,0.0,240.0,5,100.0,15,8,7,83,0,0,7,1225,1127,20.0,0.078,0.8607
narrow,0.1,- T2 (gui lai mu),soc_trang,mild,240.0,4,24,2024,10.0926,0.0,240.0,3,60.0,17,8,9,81,0,0,9,1173,1118,20.0,0.1,1.2171
narrow,0.1,- T2 (gui lai mu),soc_trang,mild,240.0,5,24,2024,14.1667,0.0,240.0,5,100.0,12,5,7,83,0,0,7,1175,1071,20.0,0.078,0.0
narrow,0.1,- T2 (gui lai mu),soc_trang,mild,240.0,6,24,2024,23.4259,0.0,240.0,6,120.0,18,12,6,84,0,0,6,1380,1256,20.0,0.067,1.2172
narrow,0.1,- T2 (gui lai mu),soc_trang,mild,240.0,7,24,2024,10.7407,0.0,240.0,4,80.0,14,6,8,82,0,0,8,1143,1063,20.0,0.089,0.6086
narrow,0.1,- T2 (gui lai mu),soc_trang,mild,240.0,8,24,2024,9.9537,0.0,240.0,2,40.0,24,14,10,80,0,0,10,1190,1159,20.0,0.111,1.6968
narrow,0.1,- T2 (gui lai mu),soc_trang,mild,240.0,9,24,2024,9.8611,0.0,240.0,2,40.0,13,3,10,80,0,0,10,1166,1138,20.0,0.111,0.4303
narrow,0.1,- T2 (gui lai mu),soc_trang,severe,240.0,0,24,2024,8.1944,0.0,240.0,2,40.0,28,18,10,80,0,0,10,1228,1232,20.0,0.111,0.9623
narrow,0.1,- T2 (gui lai mu),soc_trang,severe,240.0,1,24,2024,9.0278,0.0,240.0,1,20.0,38,27,11,79,0,0,11,1234,1233,20.0,0.122,1.4272
narrow,0.1,- T2 (gui lai mu),soc_trang,severe,240.0,2,24,2024,26.3889,0.0,240.0,7,140.0,32,27,5,85,0,0,5,1408,1243,20.0,0.056,0.9097
narrow,0.1,- T2 (gui lai mu),soc_trang,severe,240.0,3,24,2024,14.5833,0.0,240.0,5,100.0,51,44,7,83,0,0,7,1229,1136,20.0,0.078,2.0573
narrow,0.1,- T2 (gui lai mu),soc_trang,severe,240.0,4,24,2024,10.0926,0.0,240.0,3,60.0,33,24,9,81,0,0,9,1184,1129,20.0,0.1,1.3608
narrow,0.1,- T2 (gui lai mu),soc_trang,severe,240.0,5,24,2024,14.1667,0.0,240.0,5,100.0,28,21,7,83,0,0,7,1182,1078,20.0,0.078,1.3041
narrow,0.1,- T2 (gui lai mu),soc_trang,severe,240.0,6,24,2024,22.3148,0.0,240.0,6,120.0,55,49,6,84,0,0,6,1347,1219,20.0,0.067,1.9936
narrow,0.1,- T2 (gui lai mu),soc_trang,severe,240.0,7,24,2024,9.9074,0.0,240.0,4,80.0,48,40,8,82,0,0,8,1176,1106,20.0,0.089,2.8291
narrow,0.1,- T2 (gui lai mu),soc_trang,severe,240.0,8,24,2024,9.9074,0.0,240.0,2,40.0,31,21,10,80,0,0,10,1204,1173,20.0,0.111,0.9623
narrow,0.1,- T2 (gui lai mu),soc_trang,severe,240.0,9,24,2024,9.8611,0.0,240.0,2,40.0,39,29,10,80,0,0,10,1183,1153,20.0,0.111,2.0997
narrow,0.1,- T2 (gui lai mu),ca_mau,mild,240.0,0,24,2024,5.787,0.0,240.0,2,40.0,18,8,10,80,0,0,10,1132,1140,20.0,0.111,1.1386
narrow,0.1,- T2 (gui lai mu),ca_mau,mild,240.0,1,24,2024,5.6019,0.0,240.0,1,20.0,13,2,11,79,0,0,11,1168,1166,20.0,0.122,0.6085
narrow,0.1,- T2 (gui lai mu),ca_mau,mild,240.0,2,24,2024,25.4167,0.0,240.0,7,140.0,15,10,5,85,0,0,5,1410,1262,20.0,0.056,0.6172
narrow,0.1,- T2 (gui lai mu),ca_mau,mild,240.0,3,24,2024,14.3981,0.0,240.0,5,100.0,16,9,7,83,0,0,7,1182,1096,20.0,0.078,0.9622
narrow,0.1,- T2 (gui lai mu),ca_mau,mild,240.0,4,24,2024,6.6667,0.0,240.0,3,60.0,19,10,9,81,0,0,9,1131,1108,20.0,0.1,1.1422
narrow,0.1,- T2 (gui lai mu),ca_mau,mild,240.0,5,24,2024,11.0185,0.0,240.0,5,100.0,20,13,7,83,0,0,7,1155,1057,20.0,0.078,1.2172
narrow,0.1,- T2 (gui lai mu),ca_mau,mild,240.0,6,24,2024,20.1852,0.0,240.0,6,120.0,13,7,6,84,0,0,6,1350,1206,20.0,0.067,0.4303
narrow,0.1,- T2 (gui lai mu),ca_mau,mild,240.0,7,24,2024,7.963,0.0,240.0,4,80.0,13,5,8,82,0,0,8,1076,1016,20.0,0.089,0.6085
narrow,0.1,- T2 (gui lai mu),ca_mau,mild,240.0,8,24,2024,6.9907,0.0,240.0,2,40.0,14,4,10,80,0,0,10,1099,1094,20.0,0.111,0.6086
narrow,0.1,- T2 (gui lai mu),ca_mau,mild,240.0,9,24,2024,5.7407,0.0,240.0,2,40.0,15,5,10,80,0,0,10,1157,1136,20.0,0.111,0.7454
narrow,0.1,- T2 (gui lai mu),ca_mau,severe,240.0,0,24,2024,5.6944,0.0,240.0,2,40.0,58,48,10,80,0,0,10,1163,1168,20.0,0.111,2.5357
narrow,0.1,- T2 (gui lai mu),ca_mau,severe,240.0,1,24,2024,5.6019,0.0,240.0,1,20.0,40,29,11,79,0,0,11,1190,1189,20.0,0.122,1.1386
narrow,0.1,- T2 (gui lai mu),ca_mau,severe,240.0,2,24,2024,24.4444,0.0,240.0,7,140.0,39,34,5,85,0,0,5,1395,1228,20.0,0.056,1.081
narrow,0.1,- T2 (gui lai mu),ca_mau,severe,240.0,3,24,2024,13.4259,0.0,240.0,5,100.0,41,34,7,83,0,0,7,1206,1085,20.0,0.078,1.8957
narrow,0.1,- T2 (gui lai mu),ca_mau,severe,240.0,4,24,2024,6.6204,0.0,240.0,3,60.0,20,11,9,81,0,0,9,1133,1111,20.0,0.1,0.9623
narrow,0.1,- T2 (gui lai mu),ca_mau,severe,240.0,5,24,2024,11.0185,0.0,240.0,5,100.0,18,11,7,83,0,0,7,1151,1053,20.0,0.078,1.0766
narrow,0.1,- T2 (gui lai mu),ca_mau,severe,240.0,6,24,2024,18.9352,0.0,240.0,6,120.0,44,38,6,84,0,0,6,1326,1236,20.0,0.067,2.0455
narrow,0.1,- T2 (gui lai mu),ca_mau,severe,240.0,7,24,2024,7.9167,0.0,240.0,4,80.0,30,22,8,82,0,0,8,1086,1026,20.0,0.089,1.6105
narrow,0.1,- T2 (gui lai mu),ca_mau,severe,240.0,8,24,2024,6.9907,0.0,240.0,2,40.0,40,30,10,80,0,0,10,1118,1113,20.0,0.111,1.5516
narrow,0.1,- T2 (gui lai mu),ca_mau,severe,240.0,9,24,2024,5.7407,0.0,240.0,2,40.0,47,37,10,80,0,0,10,1173,1156,20.0,0.111,2.3965
narrow,0.1,- tai neo cam bien,can_tho,mild,240.0,0,24,2024,57.8241,0.0,0.0,0,0.0,0,0,0,90,0,0,0,1978,1584,0.0,0.0,0.0
narrow,0.1,- tai neo cam bien,can_tho,mild,240.0,1,24,2024,57.8241,0.0,0.0,0,0.0,0,0,0,90,0,0,0,1978,1584,0.0,0.0,0.0
narrow,0.1,- tai neo cam bien,can_tho,mild,240.0,2,24,2024,57.8241,0.0,0.0,0,0.0,0,0,0,90,0,0,0,1978,1584,0.0,0.0,0.0
narrow,0.1,- tai neo cam bien,can_tho,mild,240.0,3,24,2024,57.8241,0.0,0.0,0,0.0,0,0,0,90,0,0,0,1978,1584,0.0,0.0,0.0
narrow,0.1,- tai neo cam bien,can_tho,mild,240.0,4,24,2024,57.8241,0.0,0.0,0,0.0,0,0,0,90,0,0,0,1978,1584,0.0,0.0,0.0
narrow,0.1,- tai neo cam bien,can_tho,mild,240.0,5,24,2024,57.8241,0.0,0.0,0,0.0,0,0,0,90,0,0,0,1978,1584,0.0,0.0,0.0
narrow,0.1,- tai neo cam bien,can_tho,mild,240.0,6,24,2024,57.8241,0.0,0.0,0,0.0,0,0,0,90,0,0,0,1978,1584,0.0,0.0,0.0
narrow,0.1,- tai neo cam bien,can_tho,mild,240.0,7,24,2024,57.8241,0.0,0.0,0,0.0,0,0,0,90,0,0,0,1978,1584,0.0,0.0,0.0
narrow,0.1,- tai neo cam bien,can_tho,mild,240.0,8,24,2024,57.8241,0.0,0.0,0,0.0,0,0,0,90,0,0,0,1978,1584,0.0,0.0,0.0
narrow,0.1,- tai neo cam bien,can_tho,mild,240.0,9,24,2024,57.8241,0.0,0.0,0,0.0,0,0,0,90,0,0,0,1978,1584,0.0,0.0,0.0
narrow,0.1,- tai neo cam bien,can_tho,severe,240.0,0,24,2024,57.8241,0.0,0.0,0,0.0,0,0,0,90,0,0,0,1978,1584,0.0,0.0,0.0
narrow,0.1,- tai neo cam bien,can_tho,severe,240.0,1,24,2024,57.8241,0.0,0.0,0,0.0,0,0,0,90,0,0,0,1978,1584,0.0,0.0,0.0
narrow,0.1,- tai neo cam bien,can_tho,severe,240.0,2,24,2024,57.8241,0.0,0.0,0,0.0,0,0,0,90,0,0,0,1978,1584,0.0,0.0,0.0
narrow,0.1,- tai neo cam bien,can_tho,severe,240.0,3,24,2024,57.8241,0.0,0.0,0,0.0,0,0,0,90,0,0,0,1978,1584,0.0,0.0,0.0
narrow,0.1,- tai neo cam bien,can_tho,severe,240.0,4,24,2024,57.8241,0.0,0.0,0,0.0,0,0,0,90,0,0,0,1978,1584,0.0,0.0,0.0
narrow,0.1,- tai neo cam bien,can_tho,severe,240.0,5,24,2024,57.8241,0.0,0.0,0,0.0,0,0,0,90,0,0,0,1978,1584,0.0,0.0,0.0
narrow,0.1,- tai neo cam bien,can_tho,severe,240.0,6,24,2024,57.8241,0.0,0.0,0,0.0,0,0,0,90,0,0,0,1978,1584,0.0,0.0,0.0
narrow,0.1,- tai neo cam bien,can_tho,severe,240.0,7,24,2024,57.8241,0.0,0.0,0,0.0,0,0,0,90,0,0,0,1978,1584,0.0,0.0,0.0
narrow,0.1,- tai neo cam bien,can_tho,severe,240.0,8,24,2024,57.8241,0.0,0.0,0,0.0,0,0,0,90,0,0,0,1978,1584,0.0,0.0,0.0
narrow,0.1,- tai neo cam bien,can_tho,severe,240.0,9,24,2024,57.8241,0.0,0.0,0,0.0,0,0,0,90,0,0,0,1978,1584,0.0,0.0,0.0
narrow,0.1,- tai neo cam bien,soc_trang,mild,240.0,0,24,2024,58.7963,0.0,0.0,0,0.0,0,0,0,90,0,0,0,1980,1683,0.0,0.0,0.0
narrow,0.1,- tai neo cam bien,soc_trang,mild,240.0,1,24,2024,58.7963,0.0,0.0,0,0.0,0,0,0,90,0,0,0,1980,1683,0.0,0.0,0.0
narrow,0.1,- tai neo cam bien,soc_trang,mild,240.0,2,24,2024,58.7963,0.0,0.0,0,0.0,0,0,0,90,0,0,0,1980,1683,0.0,0.0,0.0
narrow,0.1,- tai neo cam bien,soc_trang,mild,240.0,3,24,2024,58.7963,0.0,0.0,0,0.0,0,0,0,90,0,0,0,1980,1683,0.0,0.0,0.0
narrow,0.1,- tai neo cam bien,soc_trang,mild,240.0,4,24,2024,58.7963,0.0,0.0,0,0.0,0,0,0,90,0,0,0,1980,1683,0.0,0.0,0.0
narrow,0.1,- tai neo cam bien,soc_trang,mild,240.0,5,24,2024,58.7963,0.0,0.0,0,0.0,0,0,0,90,0,0,0,1980,1683,0.0,0.0,0.0
narrow,0.1,- tai neo cam bien,soc_trang,mild,240.0,6,24,2024,58.7963,0.0,0.0,0,0.0,0,0,0,90,0,0,0,1980,1683,0.0,0.0,0.0
narrow,0.1,- tai neo cam bien,soc_trang,mild,240.0,7,24,2024,58.7963,0.0,0.0,0,0.0,0,0,0,90,0,0,0,1980,1683,0.0,0.0,0.0
narrow,0.1,- tai neo cam bien,soc_trang,mild,240.0,8,24,2024,58.7963,0.0,0.0,0,0.0,0,0,0,90,0,0,0,1980,1683,0.0,0.0,0.0
narrow,0.1,- tai neo cam bien,soc_trang,mild,240.0,9,24,2024,58.7963,0.0,0.0,0,0.0,0,0,0,90,0,0,0,1980,1683,0.0,0.0,0.0
narrow,0.1,- tai neo cam bien,soc_trang,severe,240.0,0,24,2024,58.7963,0.0,0.0,0,0.0,0,0,0,90,0,0,0,1980,1683,0.0,0.0,0.0
narrow,0.1,- tai neo cam bien,soc_trang,severe,240.0,1,24,2024,58.7963,0.0,0.0,0,0.0,0,0,0,90,0,0,0,1980,1683,0.0,0.0,0.0
narrow,0.1,- tai neo cam bien,soc_trang,severe,240.0,2,24,2024,58.7963,0.0,0.0,0,0.0,0,0,0,90,0,0,0,1980,1683,0.0,0.0,0.0
narrow,0.1,- tai neo cam bien,soc_trang,severe,240.0,3,24,2024,58.7963,0.0,0.0,0,0.0,0,0,0,90,0,0,0,1980,1683,0.0,0.0,0.0
narrow,0.1,- tai neo cam bien,soc_trang,severe,240.0,4,24,2024,58.7963,0.0,0.0,0,0.0,0,0,0,90,0,0,0,1980,1683,0.0,0.0,0.0
narrow,0.1,- tai neo cam bien,soc_trang,severe,240.0,5,24,2024,58.7963,0.0,0.0,0,0.0,0,0,0,90,0,0,0,1980,1683,0.0,0.0,0.0
narrow,0.1,- tai neo cam bien,soc_trang,severe,240.0,6,24,2024,58.7963,0.0,0.0,0,0.0,0,0,0,90,0,0,0,1980,1683,0.0,0.0,0.0
narrow,0.1,- tai neo cam bien,soc_trang,severe,240.0,7,24,2024,58.7963,0.0,0.0,0,0.0,0,0,0,90,0,0,0,1980,1683,0.0,0.0,0.0
narrow,0.1,- tai neo cam bien,soc_trang,severe,240.0,8,24,2024,58.7963,0.0,0.0,0,0.0,0,0,0,90,0,0,0,1980,1683,0.0,0.0,0.0
narrow,0.1,- tai neo cam bien,soc_trang,severe,240.0,9,24,2024,58.7963,0.0,0.0,0,0.0,0,0,0,90,0,0,0,1980,1683,0.0,0.0,0.0
narrow,0.1,- tai neo cam bien,ca_mau,mild,240.0,0,24,2024,56.8056,0.0,0.0,0,0.0,0,0,0,90,0,0,0,1978,1680,0.0,0.0,0.0
narrow,0.1,- tai neo cam bien,ca_mau,mild,240.0,1,24,2024,56.8056,0.0,0.0,0,0.0,0,0,0,90,0,0,0,1978,1680,0.0,0.0,0.0
narrow,0.1,- tai neo cam bien,ca_mau,mild,240.0,2,24,2024,56.8056,0.0,0.0,0,0.0,0,0,0,90,0,0,0,1978,1680,0.0,0.0,0.0
narrow,0.1,- tai neo cam bien,ca_mau,mild,240.0,3,24,2024,56.8056,0.0,0.0,0,0.0,0,0,0,90,0,0,0,1978,1680,0.0,0.0,0.0
narrow,0.1,- tai neo cam bien,ca_mau,mild,240.0,4,24,2024,56.8056,0.0,0.0,0,0.0,0,0,0,90,0,0,0,1978,1680,0.0,0.0,0.0
narrow,0.1,- tai neo cam bien,ca_mau,mild,240.0,5,24,2024,56.8056,0.0,0.0,0,0.0,0,0,0,90,0,0,0,1978,1680,0.0,0.0,0.0
narrow,0.1,- tai neo cam bien,ca_mau,mild,240.0,6,24,2024,56.8056,0.0,0.0,0,0.0,0,0,0,90,0,0,0,1978,1680,0.0,0.0,0.0
narrow,0.1,- tai neo cam bien,ca_mau,mild,240.0,7,24,2024,56.8056,0.0,0.0,0,0.0,0,0,0,90,0,0,0,1978,1680,0.0,0.0,0.0
narrow,0.1,- tai neo cam bien,ca_mau,mild,240.0,8,24,2024,56.8056,0.0,0.0,0,0.0,0,0,0,90,0,0,0,1978,1680,0.0,0.0,0.0
narrow,0.1,- tai neo cam bien,ca_mau,mild,240.0,9,24,2024,56.8056,0.0,0.0,0,0.0,0,0,0,90,0,0,0,1978,1680,0.0,0.0,0.0
narrow,0.1,- tai neo cam bien,ca_mau,severe,240.0,0,24,2024,56.8056,0.0,0.0,0,0.0,0,0,0,90,0,0,0,1978,1680,0.0,0.0,0.0
narrow,0.1,- tai neo cam bien,ca_mau,severe,240.0,1,24,2024,56.8056,0.0,0.0,0,0.0,0,0,0,90,0,0,0,1978,1680,0.0,0.0,0.0
narrow,0.1,- tai neo cam bien,ca_mau,severe,240.0,2,24,2024,56.8056,0.0,0.0,0,0.0,0,0,0,90,0,0,0,1978,1680,0.0,0.0,0.0
narrow,0.1,- tai neo cam bien,ca_mau,severe,240.0,3,24,2024,56.8056,0.0,0.0,0,0.0,0,0,0,90,0,0,0,1978,1680,0.0,0.0,0.0
narrow,0.1,- tai neo cam bien,ca_mau,severe,240.0,4,24,2024,56.8056,0.0,0.0,0,0.0,0,0,0,90,0,0,0,1978,1680,0.0,0.0,0.0
narrow,0.1,- tai neo cam bien,ca_mau,severe,240.0,5,24,2024,56.8056,0.0,0.0,0,0.0,0,0,0,90,0,0,0,1978,1680,0.0,0.0,0.0
narrow,0.1,- tai neo cam bien,ca_mau,severe,240.0,6,24,2024,56.8056,0.0,0.0,0,0.0,0,0,0,90,0,0,0,1978,1680,0.0,0.0,0.0
narrow,0.1,- tai neo cam bien,ca_mau,severe,240.0,7,24,2024,56.8056,0.0,0.0,0,0.0,0,0,0,90,0,0,0,1978,1680,0.0,0.0,0.0
narrow,0.1,- tai neo cam bien,ca_mau,severe,240.0,8,24,2024,56.8056,0.0,0.0,0,0.0,0,0,0,90,0,0,0,1978,1680,0.0,0.0,0.0
narrow,0.1,- tai neo cam bien,ca_mau,severe,240.0,9,24,2024,56.8056,0.0,0.0,0,0.0,0,0,0,90,0,0,0,1978,1680,0.0,0.0,0.0
narrow,0.1,- epoch cap (quyet dinh moi gio),can_tho,mild,240.0,0,1,2024,14.4444,0.0,240.0,2,40.0,12,2,10,2148,0,0,2,1072,924,20.0,0.111,0.0
narrow,0.1,- epoch cap (quyet dinh moi gio),can_tho,mild,240.0,1,1,2024,14.213,0.0,240.0,1,20.0,17,4,13,2143,0,0,3,1079,963,20.0,0.144,0.9623
narrow,0.1,- epoch cap (quyet dinh moi gio),can_tho,mild,240.0,2,1,2024,14.4907,0.0,240.0,7,140.0,13,5,8,2147,0,0,2,1073,890,20.0,0.089,0.4303
narrow,0.1,- epoch cap (quyet dinh moi gio),can_tho,mild,240.0,3,1,2024,14.4907,0.0,240.0,5,100.0,13,4,9,2147,0,0,3,1079,897,20.0,0.1,0.4303
narrow,0.1,- epoch cap (quyet dinh moi gio),can_tho,mild,240.0,4,1,2024,13.5648,0.0,240.0,2,40.0,19,7,12,2141,0,0,5,1122,1016,20.0,0.133,1.2171
narrow,0.1,- epoch cap (quyet dinh moi gio),can_tho,mild,240.0,5,1,2024,14.537,0.0,240.0,5,100.0,12,4,8,2148,0,0,1,1061,875,20.0,0.089,0.0
narrow,0.1,- epoch cap (quyet dinh moi gio),can_tho,mild,240.0,6,1,2024,14.537,0.0,240.0,6,120.0,12,4,8,2148,0,0,2,1069,888,20.0,0.089,0.0
narrow,0.1,- epoch cap (quyet dinh moi gio),can_tho,mild,240.0,7,1,2024,14.4444,0.0,240.0,4,80.0,16,6,10,2144,0,0,3,1081,901,20.0,0.111,0.9612
narrow,0.1,- epoch cap (quyet dinh moi gio),can_tho,mild,240.0,8,1,2024,14.4444,0.0,240.0,2,40.0,14,4,10,2146,0,0,3,1082,940,20.0,0.111,0.6086
narrow,0.1,- epoch cap (quyet dinh moi gio),can_tho,mild,240.0,9,1,2024,14.4444,0.0,240.0,2,40.0,15,5,10,2145,0,0,4,1089,935,20.0,0.111,0.7454
narrow,0.1,- epoch cap (quyet dinh moi gio),can_tho,severe,240.0,0,1,2024,13.6111,0.0,240.0,2,40.0,23,11,12,2137,0,0,6,1119,990,20.0,0.133,0.8607
narrow,0.1,- epoch cap (quyet dinh moi gio),can_tho,severe,240.0,1,1,2024,13.5185,0.0,240.0,0,0.0,28,14,14,2132,0,0,8,1135,1050,20.0,0.156,0.8607
narrow,0.1,- epoch cap (quyet dinh moi gio),can_tho,severe,240.0,2,1,2024,14.213,0.0,240.0,5,100.0,39,26,13,2121,0,0,2,1072,899,20.0,0.144,1.6128
narrow,0.1,- epoch cap (quyet dinh moi gio),can_tho,severe,240.0,3,1,2024,20.1852,0.0,240.0,5,100.0,37,25,12,2123,0,0,2,1197,1026,20.0,0.133,1.5496
narrow,0.1,- epoch cap (quyet dinh moi gio),can_tho,severe,240.0,4,1,2024,13.6111,0.0,240.0,2,40.0,40,26,14,2120,0,0,4,1085,968,20.0,0.156,1.3606
narrow,0.1,- epoch cap (quyet dinh moi gio),can_tho,severe,240.0,5,1,2024,13.5648,0.0,240.0,4,80.0,28,17,11,2132,0,0,5,1113,969,20.0,0.122,1.4257
narrow,0.1,- epoch cap (quyet dinh moi gio),can_tho,severe,240.0,6,1,2024,13.5185,0.0,240.0,2,40.0,48,34,14,2112,0,0,8,1146,1008,20.0,0.156,1.6097
narrow,0.1,- epoch cap (quyet dinh moi gio),can_tho,severe,240.0,7,1,2024,14.2593,0.0,240.0,4,80.0,31,20,11,2129,0,0,4,1088,920,20.0,0.122,1.1386
narrow,0.1,- epoch cap (quyet dinh moi gio),can_tho,severe,240.0,8,1,2024,13.7037,0.0,240.0,2,40.0,25,14,11,2135,0,0,2,1075,969,20.0,0.122,0.7454
narrow,0.1,- epoch cap (quyet dinh moi gio),can_tho,severe,240.0,9,1,2024,13.5185,0.0,240.0,2,40.0,47,32,15,2113,0,0,7,1128,1009,20.0,0.167,1.3604
narrow,0.1,- epoch cap (quyet dinh moi gio),soc_trang,mild,240.0,0,1,2024,12.3611,0.0,240.0,2,40.0,17,5,12,2143,0,0,5,1052,1031,20.0,0.133,1.1345
narrow,0.1,- epoch cap (quyet dinh moi gio),soc_trang,mild,240.0,1,1,2024,12.4074,0.0,240.0,1,20.0,13,2,11,2147,0,0,3,1039,1065,20.0,0.122,0.4303
narrow,0.1,- epoch cap (quyet dinh moi gio),soc_trang,mild,240.0,2,1,2024,12.4537,0.0,240.0,5,100.0,19,7,12,2141,0,0,4,1028,1000,20.0,0.133,1.6053
narrow,0.1,- epoch cap (quyet dinh moi gio),soc_trang,mild,240.0,3,1,2024,12.4537,0.0,240.0,5,100.0,19,7,12,2141,0,0,3,1046,996,20.0,0.133,1.2156
narrow,0.1,- epoch cap (quyet dinh moi gio),soc_trang,mild,240.0,4,1,2024,12.4074,0.0,240.0,2,40.0,16,4,12,2144,0,0,3,1039,1052,20.0,0.133,1.1373
narrow,0.1,- epoch cap (quyet dinh moi gio),soc_trang,mild,240.0,5,1,2024,13.2407,0.0,240.0,5,100.0,14,5,9,2146,0,0,4,1051,976,20.0,0.1,0.7437
narrow,0.1,- epoch cap (quyet dinh moi gio),soc_trang,mild,240.0,6,1,2024,13.1944,0.0,240.0,6,120.0,14,5,9,2146,0,0,3,1041,992,20.0,0.1,0.9621
narrow,0.1,- epoch cap (quyet dinh moi gio),soc_trang,mild,240.0,7,1,2024,12.5,0.0,240.0,4,80.0,14,5,9,2146,0,0,3,1038,1031,20.0,0.1,0.6086
narrow,0.1,- epoch cap (quyet dinh moi gio),soc_trang,mild,240.0,8,1,2024,12.3611,0.0,240.0,2,40.0,20,6,14,2140,0,0,4,1031,1048,20.0,0.156,1.4196
narrow,0.1,- epoch cap (quyet dinh moi gio),soc_trang,mild,240.0,9,1,2024,12.4074,0.0,240.0,2,40.0,19,6,13,2141,0,0,3,1045,1016,20.0,0.144,1.2163
narrow,0.1,- epoch cap (quyet dinh moi gio),soc_trang,severe,240.0,0,1,2024,12.2685,0.0,240.0,2,40.0,32,18,14,2128,0,0,6,1056,1064,20.0,0.156,1.2149
narrow,0.1,- epoch cap (quyet dinh moi gio),soc_trang,severe,240.0,1,1,2024,12.1759,0.0,240.0,0,0.0,38,22,16,2122,0,0,9,1057,1114,20.0,0.178,1.1376
narrow,0.1,- epoch cap (quyet dinh moi gio),soc_trang,severe,240.0,2,1,2024,12.4074,0.0,240.0,6,120.0,32,22,10,2128,0,0,5,1054,1033,20.0,0.111,1.6092
narrow,0.1,- epoch cap (quyet dinh moi gio),soc_trang,severe,240.0,3,1,2024,12.4074,0.0,240.0,4,80.0,35,24,11,2125,0,0,4,1050,1040,20.0,0.122,1.4272
narrow,0.1,- epoch cap (quyet dinh moi gio),soc_trang,severe,240.0,4,1,2024,12.3148,0.0,240.0,2,40.0,38,25,13,2122,0,0,5,1054,1061,20.0,0.144,1.0541
narrow,0.1,- epoch cap (quyet dinh moi gio),soc_trang,severe,240.0,5,1,2024,12.5,0.0,240.0,5,100.0,24,14,10,2136,0,0,4,1059,1016,20.0,0.111,1.2202
narrow,0.1,- epoch cap (quyet dinh moi gio),soc_trang,severe,240.0,6,1,2024,15.5093,0.0,240.0,4,80.0,29,18,11,2131,0,0,6,1139,1106,20.0,0.122,1.2921
narrow,0.1,- epoch cap (quyet dinh moi gio),soc_trang,severe,240.0,7,1,2024,12.4074,0.0,240.0,4,80.0,26,15,11,2134,0,0,4,1046,1050,20.0,0.122,1.0541
narrow,0.1,- epoch cap (quyet dinh moi gio),soc_trang,severe,240.0,8,1,2024,12.0833,0.0,240.0,1,20.0,38,22,16,2122,0,0,6,1080,1133,20.0,0.178,1.1386
narrow,0.1,- epoch cap (quyet dinh moi gio),soc_trang,severe,240.0,9,1,2024,12.2685,0.0,240.0,2,40.0,32,19,13,2128,0,0,8,1075,1047,20.0,0.144,0.9623
narrow,0.1,- epoch cap (quyet dinh moi gio),ca_mau,mild,240.0,0,1,2024,10.0926,0.0,240.0,2,40.0,16,5,11,2144,0,0,7,1037,1009,20.0,0.122,0.8607
narrow,0.1,- epoch cap (quyet dinh moi gio),ca_mau,mild,240.0,1,1,2024,9.9537,0.0,240.0,1,20.0,19,6,13,2141,0,0,7,1038,1047,20.0,0.144,1.1386
narrow,0.1,- epoch cap (quyet dinh moi gio),ca_mau,mild,240.0,2,1,2024,10.9259,0.0,240.0,7,140.0,13,5,8,2147,0,0,3,994,958,20.0,0.089,0.4303
narrow,0.1,- epoch cap (quyet dinh moi gio),ca_mau,mild,240.0,3,1,2024,10.1389,0.0,240.0,5,100.0,13,4,9,2147,0,0,4,1006,983,20.0,0.1,0.4303
narrow,0.1,- epoch cap (quyet dinh moi gio),ca_mau,mild,240.0,4,1,2024,10.0926,0.0,240.0,3,60.0,14,4,10,2146,0,0,6,1037,988,20.0,0.111,0.6086
narrow,0.1,- epoch cap (quyet dinh moi gio),ca_mau,mild,240.0,5,1,2024,10.2315,0.0,240.0,5,100.0,15,5,10,2145,0,0,4,1010,968,20.0,0.111,0.7454
narrow,0.1,- epoch cap (quyet dinh moi gio),ca_mau,mild,240.0,6,1,2024,10.0926,0.0,240.0,5,100.0,13,4,9,2147,0,0,6,1038,969,20.0,0.1,0.6084
narrow,0.1,- epoch cap (quyet dinh moi gio),ca_mau,mild,240.0,7,1,2024,10.1389,0.0,240.0,4,80.0,16,7,9,2144,0,0,5,1026,946,20.0,0.1,0.8607
narrow,0.1,- epoch cap (quyet dinh moi gio),ca_mau,mild,240.0,8,1,2024,10.1852,0.0,240.0,2,40.0,13,3,10,2147,0,0,4,1007,991,20.0,0.111,0.4303
narrow,0.1,- epoch cap (quyet dinh moi gio),ca_mau,mild,240.0,9,1,2024,10.0463,0.0,240.0,2,40.0,15,3,12,2145,0,0,7,1038,1031,20.0,0.133,0.8598
narrow,0.1,- epoch cap (quyet dinh moi gio),ca_mau,severe,240.0,0,1,2024,9.7222,0.0,240.0,1,20.0,38,23,15,2122,0,0,8,1047,1043,20.0,0.167,1.1363
narrow,0.1,- epoch cap (quyet dinh moi gio),ca_mau,severe,240.0,1,1,2024,10.0,0.0,240.0,1,20.0,22,11,11,2138,0,0,6,1035,1070,20.0,0.122,0.4303
narrow,0.1,- epoch cap (quyet dinh moi gio),ca_mau,severe,240.0,2,1,2024,16.713,0.0,240.0,7,140.0,17,10,7,2143,0,0,2,1118,1042,20.0,0.078,0.9623
narrow,0.1,- epoch cap (quyet dinh moi gio),ca_mau,severe,240.0,3,1,2024,12.963,0.0,240.0,3,60.0,39,27,12,2121,0,0,7,1107,1082,20.0,0.133,1.36
narrow,0.1,- epoch cap (quyet dinh moi gio),ca_mau,severe,240.0,4,1,2024,10.0,0.0,240.0,2,40.0,34,22,12,2126,0,0,6,1034,1008,20.0,0.133,1.1376
narrow,0.1,- epoch cap (quyet dinh moi gio),ca_mau,severe,240.0,5,1,2024,10.1389,0.0,240.0,4,80.0,30,20,10,2130,0,0,5,1019,951,20.0,0.111,1.4257
narrow,0.1,- epoch cap (quyet dinh moi gio),ca_mau,severe,240.0,6,1,2024,9.9074,0.0,240.0,4,80.0,51,36,15,2109,0,0,8,1040,1023,20.0,0.167,1.7201
narrow,0.1,- epoch cap (quyet dinh moi gio),ca_mau,severe,240.0,7,1,2024,8.9815,0.0,240.0,1,20.0,49,33,16,2111,0,0,8,1021,1097,20.0,0.178,1.6084
narrow,0.1,- epoch cap (quyet dinh moi gio),ca_mau,severe,240.0,8,1,2024,9.8611,0.0,240.0,1,20.0,35,21,14,2125,0,0,7,1047,1043,20.0,0.156,0.9602
narrow,0.1,- epoch cap (quyet dinh moi gio),ca_mau,severe,240.0,9,1,2024,9.0278,0.0,240.0,1,20.0,42,28,14,2118,0,0,9,1043,1054,20.0,0.156,1.0541
narrow,0.1,- cong chance-constrained,can_tho,mild,240.0,0,24,2024,27.7778,0.0,240.0,0,0.0,4,0,4,0,0,0,1,1343,1031,60.0,0.044,0.0
narrow,0.1,- cong chance-constrained,can_tho,mild,240.0,1,24,2024,27.7778,0.0,240.0,1,60.0,5,1,4,0,0,0,1,1343,1031,60.0,0.044,0.0015
narrow,0.1,- cong chance-constrained,can_tho,mild,240.0,2,24,2024,34.6759,0.0,240.0,2,120.0,4,1,3,0,0,0,1,1515,1186,60.0,0.033,0.0
narrow,0.1,- cong chance-constrained,can_tho,mild,240.0,3,24,2024,34.6759,0.0,240.0,2,120.0,4,1,3,0,0,0,1,1515,1186,60.0,0.033,0.0
narrow,0.1,- cong chance-constrained,can_tho,mild,240.0,4,24,2024,34.6759,0.0,240.0,1,60.0,4,1,3,0,0,0,1,1515,1186,60.0,0.033,0.0
narrow,0.1,- cong chance-constrained,can_tho,mild,240.0,5,24,2024,34.6759,0.0,240.0,1,60.0,4,1,3,0,0,0,1,1515,1186,60.0,0.033,0.0
narrow,0.1,- cong chance-constrained,can_tho,mild,240.0,6,24,2024,34.6759,0.0,240.0,3,180.0,5,2,3,0,0,0,1,1515,1187,60.0,0.033,0.8302
narrow,0.1,- cong chance-constrained,can_tho,mild,240.0,7,24,2024,27.7778,0.0,240.0,2,120.0,6,2,4,0,0,0,1,1344,1032,60.0,0.044,0.9512
narrow,0.1,- cong chance-constrained,can_tho,mild,240.0,8,24,2024,26.7593,0.0,240.0,0,0.0,7,2,5,0,0,0,2,1335,1034,60.0,0.056,1.5308
narrow,0.1,- cong chance-constrained,can_tho,mild,240.0,9,24,2024,27.7778,0.0,240.0,0,0.0,6,2,4,0,0,0,1,1344,1032,60.0,0.044,0.9512
narrow,0.1,- cong chance-constrained,can_tho,severe,240.0,0,24,2024,27.7778,0.0,240.0,0,0.0,8,3,5,0,0,0,1,1344,1032,60.0,0.056,1.2074
narrow,0.1,- cong chance-constrained,can_tho,severe,240.0,1,24,2024,33.6111,0.0,240.0,1,60.0,15,10,5,0,0,0,2,1502,1188,60.0,0.056,1.5274
narrow,0.1,- cong chance-constrained,can_tho,severe,240.0,2,24,2024,27.7778,0.0,240.0,0,0.0,12,8,4,0,0,0,1,1345,1034,60.0,0.044,1.2792
narrow,0.1,- cong chance-constrained,can_tho,severe,240.0,3,24,2024,28.1944,0.0,240.0,2,120.0,33,24,9,0,0,1,1,1474,1161,60.0,0.1,3.1557
narrow,0.1,- cong chance-constrained,can_tho,severe,240.0,4,24,2024,26.7593,0.0,240.0,0,0.0,19,13,6,0,0,0,1,1345,1040,60.0,0.067,1.527
narrow,0.1,- cong chance-constrained,can_tho,severe,240.0,5,24,2024,26.7593,0.0,240.0,0,0.0,12,7,5,0,0,0,2,1335,1037,60.0,0.056,1.2698
narrow,0.1,- cong chance-constrained,can_tho,severe,240.0,6,24,2024,34.6759,0.0,240.0,1,60.0,10,7,3,0,0,0,1,1515,1191,60.0,0.033,1.1746
narrow,0.1,- cong chance-constrained,can_tho,severe,240.0,7,24,2024,34.6759,0.0,240.0,1,60.0,13,9,4,0,0,0,1,1518,1191,60.0,0.044,1.1906
narrow,0.1,- cong chance-constrained,can_tho,severe,240.0,8,24,2024,27.7778,0.0,240.0,0,0.0,5,1,4,0,0,0,1,1343,1032,60.0,0.044,1.2709
narrow,0.1,- cong chance-constrained,can_tho,severe,240.0,9,24,2024,34.6759,0.0,240.0,1,60.0,6,3,3,0,0,0,1,1515,1188,60.0,0.033,0.8528
narrow,0.1,- cong chance-constrained,soc_trang,mild,240.0,0,24,2024,25.6019,0.0,240.0,0,0.0,6,1,5,0,0,0,2,1302,1105,60.0,0.056,1.2907
narrow,0.1,- cong chance-constrained,soc_trang,mild,240.0,1,24,2024,32.4537,0.0,240.0,1,60.0,6,2,4,0,0,0,2,1473,1260,60.0,0.044,1.2646
narrow,0.1,- cong chance-constrained,soc_trang,mild,240.0,2,24,2024,33.6111,0.0,240.0,1,60.0,5,2,3,0,0,0,1,1482,1260,60.0,0.033,0.9214
narrow,0.1,- cong chance-constrained,soc_trang,mild,240.0,3,24,2024,33.6111,0.0,240.0,2,120.0,4,1,3,0,0,0,1,1481,1259,60.0,0.033,0.0
narrow,0.1,- cong chance-constrained,soc_trang,mild,240.0,4,24,2024,33.6111,0.0,240.0,1,60.0,4,1,3,0,0,0,1,1481,1259,60.0,0.033,0.0
narrow,0.1,- cong chance-constrained,soc_trang,mild,240.0,5,24,2024,33.6111,0.0,240.0,1,60.0,4,1,3,0,0,0,1,1481,1259,60.0,0.033,0.0
narrow,0.1,- cong chance-constrained,soc_trang,mild,240.0,6,24,2024,33.6111,0.0,240.0,2,120.0,6,3,3,0,0,0,1,1481,1261,60.0,0.033,1.2388
narrow,0.1,- cong chance-constrained,soc_trang,mild,240.0,7,24,2024,33.6111,0.0,240.0,2,120.0,5,2,3,0,0,0,1,1481,1259,60.0,0.033,0.0002
narrow,0.1,- cong chance-constrained,soc_trang,mild,240.0,8,24,2024,26.6667,0.0,240.0,0,0.0,4,0,4,0,0,0,2,1302,1106,60.0,0.044,0.0
narrow,0.1,- cong chance-constrained,soc_trang,mild,240.0,9,24,2024,33.6111,0.0,240.0,1,60.0,4,1,3,0,0,0,1,1481,1259,60.0,0.033,0.0
narrow,0.1,- cong chance-constrained,soc_trang,severe,240.0,0,24,2024,23.5185,0.0,240.0,0,0.0,16,9,7,0,0,0,2,1303,1121,60.0,0.078,1.9389
narrow,0.1,- cong chance-constrained,soc_trang,severe,240.0,1,24,2024,25.6019,0.0,240.0,1,60.0,12,7,5,0,0,0,3,1294,1108,60.0,0.056,0.8583
narrow,0.1,- cong chance-constrained,soc_trang,severe,240.0,2,24,2024,33.6111,0.0,240.0,1,60.0,8,5,3,0,0,0,1,1482,1261,60.0,0.033,0.8939
narrow,0.1,- cong chance-constrained,soc_trang,severe,240.0,3,24,2024,28.3333,0.0,240.0,2,120.0,33,24,9,0,0,1,0,1464,1237,60.0,0.1,3.132
narrow,0.1,- cong chance-constrained,soc_trang,severe,240.0,4,24,2024,25.6019,0.0,240.0,0,0.0,13,8,5,0,0,0,3,1296,1110,60.0,0.056,1.2392
narrow,0.1,- cong chance-constrained,soc_trang,severe,240.0,5,24,2024,26.6667,0.0,240.0,0,0.0,11,7,4,0,0,0,2,1306,1112,60.0,0.044,0.8944
narrow,0.1,- cong chance-constrained,soc_trang,severe,240.0,6,24,2024,32.1759,0.0,240.0,1,60.0,17,12,5,0,0,0,1,1481,1262,60.0,0.056,2.0388
narrow,0.1,- cong chance-constrained,soc_trang,severe,240.0,7,24,2024,32.4537,0.0,240.0,1,60.0,13,9,4,0,0,0,1,1481,1263,60.0,0.044,1.5616
narrow,0.1,- cong chance-constrained,soc_trang,severe,240.0,8,24,2024,23.5185,0.0,240.0,0,0.0,19,12,7,0,0,0,2,1305,1124,60.0,0.078,2.577
narrow,0.1,- cong chance-constrained,soc_trang,severe,240.0,9,24,2024,26.6667,0.0,240.0,0,0.0,11,7,4,0,0,0,2,1304,1113,60.0,0.044,0.0
narrow,0.1,- cong chance-constrained,ca_mau,mild,240.0,0,24,2024,24.1204,0.0,240.0,0,0.0,6,1,5,0,0,0,1,1289,1095,60.0,0.056,1.296
narrow,0.1,- cong chance-constrained,ca_mau,mild,240.0,1,24,2024,31.3889,0.0,240.0,1,60.0,6,2,4,0,0,0,1,1445,1252,60.0,0.044,1.2196
narrow,0.1,- cong chance-constrained,ca_mau,mild,240.0,2,24,2024,32.2685,0.0,240.0,1,60.0,5,2,3,0,0,0,0,1472,1254,60.0,0.033,0.891
narrow,0.1,- cong chance-constrained,ca_mau,mild,240.0,3,24,2024,32.2685,0.0,240.0,2,120.0,4,1,3,0,0,0,0,1472,1253,60.0,0.033,0.0
narrow,0.1,- cong chance-constrained,ca_mau,mild,240.0,4,24,2024,32.2685,0.0,240.0,1,60.0,4,1,3,0,0,0,0,1472,1253,60.0,0.033,0.0
narrow,0.1,- cong chance-constrained,ca_mau,mild,240.0,5,24,2024,32.2685,0.0,240.0,1,60.0,4,1,3,0,0,0,0,1472,1253,60.0,0.033,0.0
narrow,0.1,- cong chance-constrained,ca_mau,mild,240.0,6,24,2024,32.2685,0.0,240.0,2,120.0,6,3,3,0,0,0,0,1472,1255,60.0,0.033,1.1971
narrow,0.1,- cong chance-constrained,ca_mau,mild,240.0,7,24,2024,32.2685,0.0,240.0,2,120.0,5,2,3,0,0,0,0,1472,1253,60.0,0.033,0.0002
narrow,0.1,- cong chance-constrained,ca_mau,mild,240.0,8,24,2024,24.537,0.0,240.0,0,0.0,4,0,4,0,0,0,1,1271,1092,60.0,0.044,0.0
narrow,0.1,- cong chance-constrained,ca_mau,mild,240.0,9,24,2024,32.2685,0.0,240.0,1,60.0,4,1,3,0,0,0,0,1472,1253,60.0,0.033,0.0
narrow,0.1,- cong chance-constrained,ca_mau,severe,240.0,0,24,2024,22.2222,0.0,240.0,0,0.0,16,9,7,0,0,0,2,1267,1101,60.0,0.078,1.8732
narrow,0.1,- cong chance-constrained,ca_mau,severe,240.0,1,24,2024,24.1204,0.0,240.0,1,60.0,12,7,5,0,0,0,1,1267,1081,60.0,0.056,0.8309
narrow,0.1,- cong chance-constrained,ca_mau,severe,240.0,2,24,2024,32.2685,0.0,240.0,1,60.0,8,5,3,0,0,0,0,1472,1255,60.0,0.033,0.8622
narrow,0.1,- cong chance-constrained,ca_mau,severe,240.0,3,24,2024,25.6944,0.0,240.0,2,120.0,31,22,9,0,0,1,1,1425,1211,60.0,0.1,3.1003
narrow,0.1,- cong chance-constrained,ca_mau,severe,240.0,4,24,2024,24.1204,0.0,240.0,0,0.0,13,8,5,0,0,0,1,1271,1098,60.0,0.056,1.1975
narrow,0.1,- cong chance-constrained,ca_mau,severe,240.0,5,24,2024,24.537,0.0,240.0,0,0.0,11,7,4,0,0,0,1,1272,1098,60.0,0.044,0.8626
narrow,0.1,- cong chance-constrained,ca_mau,severe,240.0,6,24,2024,31.0648,0.0,240.0,1,60.0,17,12,5,0,0,0,1,1446,1257,60.0,0.056,1.9701
narrow,0.1,- cong chance-constrained,ca_mau,severe,240.0,7,24,2024,31.3889,0.0,240.0,1,60.0,13,9,4,0,0,0,1,1449,1257,60.0,0.044,1.5106
narrow,0.1,- cong chance-constrained,ca_mau,severe,240.0,8,24,2024,22.2222,0.0,240.0,0,0.0,19,12,7,0,0,0,2,1269,1104,60.0,0.078,2.4851
narrow,0.1,- cong chance-constrained,ca_mau,severe,240.0,9,24,2024,24.537,0.0,240.0,0,0.0,11,7,4,0,0,0,1,1272,1099,60.0,0.044,0.0
narrow,0.1,- luat thich ung (centre co dinh),can_tho,mild,240.0,0,24,2024,10.3704,0.0,240.0,2,40.0,14,3,11,79,0,0,10,1232,1076,20.0,0.122,0.6086
narrow,0.1,- luat thich ung (centre co dinh),can_tho,mild,240.0,1,24,2024,11.25,0.0,240.0,1,20.0,14,3,11,79,0,0,11,1214,1086,20.0,0.122,0.9619
narrow,0.1,- luat thich ung (centre co dinh),can_tho,mild,240.0,2,24,2024,11.2037,0.0,240.0,4,80.0,19,8,11,79,0,0,9,1206,1050,20.0,0.122,1.1386
narrow,0.1,- luat thich ung (centre co dinh),can_tho,mild,240.0,3,24,2024,11.4352,0.0,240.0,4,80.0,14,4,10,80,0,0,9,1194,1034,20.0,0.111,0.6086
narrow,0.1,- luat thich ung (centre co dinh),can_tho,mild,240.0,4,24,2024,11.4352,0.0,240.0,3,60.0,12,3,9,81,0,0,9,1203,1035,20.0,0.1,0.0
narrow,0.1,- luat thich ung (centre co dinh),can_tho,mild,240.0,5,24,2024,12.2685,0.0,240.0,5,100.0,12,4,8,82,0,0,8,1200,998,20.0,0.089,0.0
narrow,0.1,- luat thich ung (centre co dinh),can_tho,mild,240.0,6,24,2024,12.1296,0.0,240.0,5,100.0,13,4,9,81,0,0,9,1190,1037,20.0,0.1,0.4303
narrow,0.1,- luat thich ung (centre co dinh),can_tho,mild,240.0,7,24,2024,11.4352,0.0,240.0,4,80.0,14,5,9,81,0,0,8,1184,1017,20.0,0.1,0.9622
narrow,0.1,- luat thich ung (centre co dinh),can_tho,mild,240.0,8,24,2024,11.0185,0.0,240.0,2,40.0,17,5,12,78,0,0,11,1228,1098,20.0,0.133,1.0541
narrow,0.1,- luat thich ung (centre co dinh),can_tho,mild,240.0,9,24,2024,10.4167,0.0,240.0,2,40.0,14,3,11,79,0,0,11,1233,1102,20.0,0.122,0.6086
narrow,0.1,- luat thich ung (centre co dinh),can_tho,severe,240.0,0,24,2024,8.9352,0.0,240.0,1,20.0,41,25,16,74,0,1,10,1293,1154,20.0,0.178,1.3608
narrow,0.1,- luat thich ung (centre co dinh),can_tho,severe,240.0,1,24,2024,8.9815,0.0,240.0,1,20.0,42,26,16,74,0,1,10,1292,1157,20.0,0.178,1.0541
narrow,0.1,- luat thich ung (centre co dinh),can_tho,severe,240.0,2,24,2024,12.1759,0.0,240.0,2,40.0,41,29,12,78,0,1,9,1314,1164,20.0,0.133,1.3608
narrow,0.1,- luat thich ung (centre co dinh),can_tho,severe,240.0,3,24,2024,10.7407,0.0,240.0,4,80.0,48,34,14,76,0,1,7,1312,1078,21.82,0.156,1.6101
narrow,0.1,- luat thich ung (centre co dinh),can_tho,severe,240.0,4,24,2024,10.3241,0.0,240.0,1,20.0,30,18,12,78,0,0,11,1234,1107,20.0,0.133,1.1386
narrow,0.1,- luat thich ung (centre co dinh),can_tho,severe,240.0,5,24,2024,11.4815,0.0,240.0,3,60.0,22,12,10,80,0,0,10,1204,1058,20.0,0.111,1.0541
narrow,0.1,- luat thich ung (centre co dinh),can_tho,severe,240.0,6,24,2024,10.0926,0.0,240.0,4,80.0,43,29,14,76,0,0,10,1265,1124,20.0,0.156,1.6667
narrow,0.1,- luat thich ung (centre co dinh),can_tho,severe,240.0,7,24,2024,12.6852,0.0,240.0,2,60.0,36,24,12,78,0,1,7,1333,1139,24.0,0.133,1.6666
narrow,0.1,- luat thich ung (centre co dinh),can_tho,severe,240.0,8,24,2024,10.2778,0.0,240.0,2,40.0,30,18,12,78,0,0,10,1264,1097,20.0,0.133,0.8607
narrow,0.1,- luat thich ung (centre co dinh),can_tho,severe,240.0,9,24,2024,10.0463,0.0,240.0,1,20.0,31,17,14,76,0,0,11,1245,1136,20.0,0.156,1.2172
narrow,0.1,- luat thich ung (centre co dinh),soc_trang,mild,240.0,0,24,2024,6.713,0.0,240.0,2,40.0,19,5,14,76,0,0,12,1287,1319,20.0,0.156,1.2172
narrow,0.1,- luat thich ung (centre co dinh),soc_trang,mild,240.0,1,24,2024,9.0741,0.0,240.0,1,20.0,12,1,11,79,0,0,11,1214,1211,20.0,0.122,0.0
narrow,0.1,- luat thich ung (centre co dinh),soc_trang,mild,240.0,2,24,2024,10.1852,0.0,240.0,7,140.0,14,5,9,81,0,0,9,1167,1097,20.0,0.1,0.6086
narrow,0.1,- luat thich ung (centre co dinh),soc_trang,mild,240.0,3,24,2024,10.1389,0.0,240.0,5,100.0,15,5,10,80,0,0,9,1152,1109,20.0,0.111,0.7454
narrow,0.1,- luat thich ung (centre co dinh),soc_trang,mild,240.0,4,24,2024,7.1296,0.0,240.0,3,60.0,18,5,13,77,0,1,10,1242,1256,20.0,0.144,1.2909
narrow,0.1,- luat thich ung (centre co dinh),soc_trang,mild,240.0,5,24,2024,10.1389,0.0,240.0,4,80.0,16,6,10,80,0,0,8,1143,1078,20.0,0.111,0.8607
narrow,0.1,- luat thich ung (centre co dinh),soc_trang,mild,240.0,6,24,2024,10.9259,0.0,240.0,6,120.0,13,4,9,81,0,0,9,1124,1113,20.0,0.1,0.4303
narrow,0.1,- luat thich ung (centre co dinh),soc_trang,mild,240.0,7,24,2024,9.9074,0.0,240.0,4,80.0,13,4,9,81,0,0,9,1162,1133,20.0,0.1,0.4303
narrow,0.1,- luat thich ung (centre co dinh),soc_trang,mild,240.0,8,24,2024,8.287,0.0,240.0,2,40.0,18,4,14,76,0,0,12,1210,1246,20.0,0.156,1.3608
narrow,0.1,- luat thich ung (centre co dinh),soc_trang,mild,240.0,9,24,2024,9.8611,0.0,240.0,2,40.0,13,3,10,80,0,0,10,1166,1138,20.0,0.111,0.4303
narrow,0.1,- luat thich ung (centre co dinh),soc_trang,severe,240.0,0,24,2024,5.787,0.0,240.0,2,40.0,45,29,16,74,0,0,11,1291,1337,20.0,0.178,1.1386
narrow,0.1,- luat thich ung (centre co dinh),soc_trang,severe,240.0,1,24,2024,7.1296,0.0,240.0,1,20.0,34,21,13,77,0,0,12,1264,1289,20.0,0.144,0.7454
narrow,0.1,- luat thich ung (centre co dinh),soc_trang,severe,240.0,2,24,2024,11.3889,0.0,240.0,4,80.0,29,19,10,80,0,0,9,1247,1198,20.0,0.111,1.3608
narrow,0.1,- luat thich ung (centre co dinh),soc_trang,severe,240.0,3,24,2024,9.537,0.0,240.0,4,80.0,36,24,12,78,0,1,7,1317,1233,21.82,0.133,1.4271
narrow,0.1,- luat thich ung (centre co dinh),soc_trang,severe,240.0,4,24,2024,9.8611,0.0,240.0,2,40.0,33,21,12,78,0,0,10,1179,1163,20.0,0.133,1.1386
narrow,0.1,- luat thich ung (centre co dinh),soc_trang,severe,240.0,5,24,2024,11.1574,0.0,240.0,4,80.0,19,10,9,81,0,0,9,1099,1075,20.0,0.1,0.9623
narrow,0.1,- luat thich ung (centre co dinh),soc_trang,severe,240.0,6,24,2024,8.3796,0.0,240.0,6,120.0,32,21,11,79,0,0,9,1198,1178,20.0,0.122,1.3608
narrow,0.1,- luat thich ung (centre co dinh),soc_trang,severe,240.0,7,24,2024,8.7037,0.0,240.0,2,60.0,40,27,13,77,0,1,7,1338,1290,24.0,0.144,1.6101
narrow,0.1,- luat thich ung (centre co dinh),soc_trang,severe,240.0,8,24,2024,7.2685,0.0,240.0,1,20.0,52,34,18,72,0,1,9,1323,1310,21.82,0.2,1.291
narrow,0.1,- luat thich ung (centre co dinh),soc_trang,severe,240.0,9,24,2024,5.8796,0.0,240.0,1,20.0,32,18,14,76,0,1,9,1317,1292,21.82,0.156,1.291
narrow,0.1,- luat thich ung (centre co dinh),ca_mau,mild,240.0,0,24,2024,5.6019,0.0,240.0,2,40.0,16,4,12,78,0,0,11,1177,1184,20.0,0.133,0.9623
narrow,0.1,- luat thich ung (centre co dinh),ca_mau,mild,240.0,1,24,2024,5.6019,0.0,240.0,1,20.0,13,2,11,79,0,0,11,1168,1166,20.0,0.122,0.6085
narrow,0.1,- luat thich ung (centre co dinh),ca_mau,mild,240.0,2,24,2024,5.787,0.0,240.0,5,100.0,16,6,10,80,0,0,9,1135,1086,20.0,0.111,0.8607
narrow,0.1,- luat thich ung (centre co dinh),ca_mau,mild,240.0,3,24,2024,5.6481,0.0,240.0,5,100.0,15,4,11,79,0,0,10,1160,1141,20.0,0.122,0.7454
narrow,0.1,- luat thich ung (centre co dinh),ca_mau,mild,240.0,4,24,2024,5.7407,0.0,240.0,3,60.0,15,4,11,79,0,0,10,1117,1136,20.0,0.122,0.7454
narrow,0.1,- luat thich ung (centre co dinh),ca_mau,mild,240.0,5,24,2024,3.75,0.0,240.0,3,60.0,19,7,12,78,0,1,9,1213,1162,20.0,0.133,1.1386
narrow,0.1,- luat thich ung (centre co dinh),ca_mau,mild,240.0,6,24,2024,7.963,0.0,240.0,6,120.0,12,4,8,82,0,0,8,1075,1015,20.0,0.089,0.0
narrow,0.1,- luat thich ung (centre co dinh),ca_mau,mild,240.0,7,24,2024,7.963,0.0,240.0,4,80.0,13,5,8,82,0,0,8,1076,1016,20.0,0.089,0.6085
narrow,0.1,- luat thich ung (centre co dinh),ca_mau,mild,240.0,8,24,2024,6.9907,0.0,240.0,2,40.0,14,4,10,80,0,0,10,1099,1094,20.0,0.111,0.6086
narrow,0.1,- luat thich ung (centre co dinh),ca_mau,mild,240.0,9,24,2024,5.6019,0.0,240.0,2,40.0,17,6,11,79,0,0,10,1155,1154,20.0,0.122,0.9623
narrow,0.1,- luat thich ung (centre co dinh),ca_mau,severe,240.0,0,24,2024,1.6667,0.0,240.0,2,40.0,40,24,16,74,0,1,10,1181,1219,20.0,0.178,1.1385
narrow,0.1,- luat thich ung (centre co dinh),ca_mau,severe,240.0,1,24,2024,5.3704,0.0,240.0,0,0.0,53,35,18,72,0,2,9,1281,1226,21.82,0.2,1.3608
narrow,0.1,- luat thich ung (centre co dinh),ca_mau,severe,240.0,2,24,2024,11.3889,0.0,240.0,5,100.0,38,26,12,78,0,1,7,1303,1242,20.0,0.133,1.495
narrow,0.1,- luat thich ung (centre co dinh),ca_mau,severe,240.0,3,24,2024,3.9815,0.0,240.0,3,60.0,40,27,13,77,0,1,8,1194,1185,21.82,0.144,1.4907
narrow,0.1,- luat thich ung (centre co dinh),ca_mau,severe,240.0,4,24,2024,6.6204,0.0,240.0,3,60.0,20,11,9,81,0,0,9,1133,1111,20.0,0.1,0.9623
narrow,0.1,- luat thich ung (centre co dinh),ca_mau,severe,240.0,5,24,2024,6.5278,0.0,240.0,3,60.0,28,18,10,80,0,0,9,1144,1082,20.0,0.111,1.3695
narrow,0.1,- luat thich ung (centre co dinh),ca_mau,severe,240.0,6,24,2024,5.7407,0.0,240.0,4,80.0,30,19,11,79,0,0,10,1151,1136,20.0,0.122,1.2172
narrow,0.1,- luat thich ung (centre co dinh),ca_mau,severe,240.0,7,24,2024,1.3426,0.0,240.0,2,40.0,56,40,16,74,0,1,9,1226,1197,20.0,0.178,1.6667
narrow,0.1,- luat thich ung (centre co dinh),ca_mau,severe,240.0,8,24,2024,0.0,0.0,240.0,1,20.0,59,38,21,69,0,1,11,1288,1307,20.0,0.233,1.8257
narrow,0.1,- luat thich ung (centre co dinh),ca_mau,severe,240.0,9,24,2024,3.7037,0.0,240.0,1,20.0,28,15,13,77,0,0,11,1174,1196,20.0,0.144,1.1386
narrow,0.1,Oracle (thong tin hoan hao),can_tho,mild,240.0,0,24,2024,0.0,0.0,200.0,1,20.0,12,2,10,0,0,10,0,1811,1470,20.0,0.111,0.7453
narrow,0.1,Oracle (thong tin hoan hao),can_tho,mild,240.0,1,24,2024,0.0,0.0,200.0,1,20.0,11,1,10,0,0,10,0,1810,1470,20.0,0.111,0.4303
narrow,0.1,Oracle (thong tin hoan hao),can_tho,mild,240.0,2,24,2024,0.0,0.0,200.0,5,100.0,13,3,10,0,0,10,0,1812,1470,20.0,0.111,0.8606
narrow,0.1,Oracle (thong tin hoan hao),can_tho,mild,240.0,3,24,2024,0.0,0.0,200.0,4,80.0,14,4,10,0,0,10,0,1813,1470,20.0,0.111,0.8607
narrow,0.1,Oracle (thong tin hoan hao),can_tho,mild,240.0,4,24,2024,0.0,0.0,200.0,2,40.0,14,4,10,0,0,10,0,1813,1470,20.0,0.111,0.8607
narrow,0.1,Oracle (thong tin hoan hao),can_tho,mild,240.0,5,24,2024,0.0,0.0,200.0,1,20.0,21,11,10,0,0,10,0,1820,1470,20.0,0.111,1.4272
narrow,0.1,Oracle (thong tin hoan hao),can_tho,mild,240.0,6,24,2024,0.0,0.0,200.0,5,100.0,12,2,10,0,0,10,0,1811,1470,20.0,0.111,0.6086
narrow,0.1,Oracle (thong tin hoan hao),can_tho,mild,240.0,7,24,2024,0.0,0.0,200.0,3,60.0,14,4,10,0,0,10,0,1813,1470,20.0,0.111,1.387
narrow,0.1,Oracle (thong tin hoan hao),can_tho,mild,240.0,8,24,2024,0.0,0.0,200.0,1,20.0,10,0,10,0,0,10,0,1809,1470,20.0,0.111,0.0
narrow,0.1,Oracle (thong tin hoan hao),can_tho,mild,240.0,9,24,2024,0.0,0.0,200.0,2,40.0,14,4,10,0,0,10,0,1813,1470,20.0,0.111,1.1385
narrow,0.1,Oracle (thong tin hoan hao),can_tho,severe,240.0,0,24,2024,0.0,0.0,200.0,1,20.0,28,18,10,0,0,10,0,1827,1470,20.0,0.111,1.1386
narrow,0.1,Oracle (thong tin hoan hao),can_tho,severe,240.0,1,24,2024,0.0,0.0,200.0,0,0.0,37,27,10,0,0,10,0,1817,1470,20.0,0.111,1.4907
narrow,0.1,Oracle (thong tin hoan hao),can_tho,severe,240.0,2,24,2024,0.0,0.0,200.0,2,40.0,22,12,10,0,0,10,0,1821,1470,20.0,0.111,1.4907
narrow,0.1,Oracle (thong tin hoan hao),can_tho,severe,240.0,3,24,2024,0.0,0.0,200.0,2,40.0,30,20,10,0,0,10,0,1829,1470,20.0,0.111,1.2172
narrow,0.1,Oracle (thong tin hoan hao),can_tho,severe,240.0,4,24,2024,0.0,0.0,200.0,1,20.0,20,10,10,0,0,10,0,1819,1470,20.0,0.111,0.8607
narrow,0.1,Oracle (thong tin hoan hao),can_tho,severe,240.0,5,24,2024,0.0,0.0,200.0,2,40.0,24,14,10,0,0,10,0,1823,1470,20.0,0.111,1.3608
narrow,0.1,Oracle (thong tin hoan hao),can_tho,severe,240.0,6,24,2024,0.0,0.0,200.0,3,60.0,47,37,10,0,0,10,0,1835,1470,20.0,0.111,2.0638
narrow,0.1,Oracle (thong tin hoan hao),can_tho,severe,240.0,7,24,2024,0.0,0.0,200.0,2,40.0,31,21,10,0,0,10,0,1824,1470,20.0,0.111,1.8232
narrow,0.1,Oracle (thong tin hoan hao),can_tho,severe,240.0,8,24,2024,0.0,0.0,200.0,0,0.0,41,31,10,0,0,10,0,1836,1470,20.0,0.111,2.2821
narrow,0.1,Oracle (thong tin hoan hao),can_tho,severe,240.0,9,24,2024,0.0,0.0,200.0,1,20.0,19,9,10,0,0,10,0,1818,1470,20.0,0.111,0.9623
narrow,0.1,Oracle (thong tin hoan hao),soc_trang,mild,240.0,0,24,2024,0.0,0.0,200.0,1,20.0,14,4,10,0,0,10,0,1736,1683,20.0,0.111,0.8607
narrow,0.1,Oracle (thong tin hoan hao),soc_trang,mild,240.0,1,24,2024,0.0,0.0,200.0,1,20.0,10,0,10,0,0,10,0,1732,1683,20.0,0.111,0.0
narrow,0.1,Oracle (thong tin hoan hao),soc_trang,mild,240.0,2,24,2024,0.0,0.0,200.0,5,100.0,13,3,10,0,0,10,0,1732,1683,20.0,0.111,0.7454
narrow,0.1,Oracle (thong tin hoan hao),soc_trang,mild,240.0,3,24,2024,0.0,0.0,200.0,3,60.0,14,4,10,0,0,10,0,1733,1683,20.0,0.111,0.9623
narrow,0.1,Oracle (thong tin hoan hao),soc_trang,mild,240.0,4,24,2024,0.0,0.0,200.0,2,40.0,10,0,10,0,0,10,0,1732,1683,20.0,0.111,0.0
narrow,0.1,Oracle (thong tin hoan hao),soc_trang,mild,240.0,5,24,2024,0.0,0.0,200.0,4,80.0,10,0,10,0,0,10,0,1732,1683,20.0,0.111,0.0
narrow,0.1,Oracle (thong tin hoan hao),soc_trang,mild,240.0,6,24,2024,0.0,0.0,200.0,6,120.0,10,0,10,0,0,10,0,1732,1683,20.0,0.111,0.0
narrow,0.1,Oracle (thong tin hoan hao),soc_trang,mild,240.0,7,24,2024,0.0,0.0,200.0,3,60.0,12,2,10,0,0,10,0,1731,1683,20.0,0.111,0.7453
narrow,0.1,Oracle (thong tin hoan hao),soc_trang,mild,240.0,8,24,2024,0.0,0.0,200.0,1,20.0,14,4,10,0,0,10,0,1733,1683,20.0,0.111,0.8607
narrow,0.1,Oracle (thong tin hoan hao),soc_trang,mild,240.0,9,24,2024,0.0,0.0,200.0,1,20.0,19,9,10,0,0,10,0,1738,1683,20.0,0.111,1.6666
narrow,0.1,Oracle (thong tin hoan hao),soc_trang,severe,240.0,0,24,2024,0.0,0.0,200.0,1,20.0,27,17,10,0,0,10,0,1783,1683,20.0,0.111,1.4249
narrow,0.1,Oracle (thong tin hoan hao),soc_trang,severe,240.0,1,24,2024,0.0,0.0,200.0,0,0.0,28,18,10,0,0,10,0,1747,1683,20.0,0.111,1.291
narrow,0.1,Oracle (thong tin hoan hao),soc_trang,severe,240.0,2,24,2024,0.0,0.0,200.0,3,60.0,24,14,10,0,0,10,0,1743,1683,20.0,0.111,0.8607
narrow,0.1,Oracle (thong tin hoan hao),soc_trang,severe,240.0,3,24,2024,0.0,0.0,200.0,3,60.0,42,32,10,0,0,10,0,1777,1683,20.0,0.111,2.507
narrow,0.1,Oracle (thong tin hoan hao),soc_trang,severe,240.0,4,24,2024,0.0,0.0,200.0,1,20.0,35,25,10,0,0,10,0,1752,1683,20.0,0.111,2.104
narrow,0.1,Oracle (thong tin hoan hao),soc_trang,severe,240.0,5,24,2024,0.0,0.0,200.0,2,40.0,30,20,10,0,0,10,0,1749,1683,20.0,0.111,1.3608
narrow,0.1,Oracle (thong tin hoan hao),soc_trang,severe,240.0,6,24,2024,0.0,0.0,200.0,4,80.0,16,6,10,0,0,10,0,1735,1683,20.0,0.111,1.1384
narrow,0.1,Oracle (thong tin hoan hao),soc_trang,severe,240.0,7,24,2024,0.0,0.0,200.0,2,40.0,21,11,10,0,0,10,0,1740,1683,20.0,0.111,1.2171
narrow,0.1,Oracle (thong tin hoan hao),soc_trang,severe,240.0,8,24,2024,0.0,0.0,200.0,0,0.0,39,29,10,0,0,10,0,1784,1683,20.0,0.111,1.9232
narrow,0.1,Oracle (thong tin hoan hao),soc_trang,severe,240.0,9,24,2024,0.0,0.0,200.0,0,0.0,26,16,10,0,0,10,0,1745,1683,20.0,0.111,1.3608
narrow,0.1,Oracle (thong tin hoan hao),ca_mau,mild,240.0,0,24,2024,0.0,0.0,200.0,0,0.0,11,1,10,0,0,10,0,1263,1500,20.0,0.111,0.4303
narrow,0.1,Oracle (thong tin hoan hao),ca_mau,mild,240.0,1,24,2024,0.0,0.0,200.0,1,20.0,12,2,10,0,0,10,0,1264,1500,20.0,0.111,0.7453
narrow,0.1,Oracle (thong tin hoan hao),ca_mau,mild,240.0,2,24,2024,0.0,0.0,200.0,5,100.0,15,5,10,0,0,10,0,1267,1500,20.0,0.111,1.054
narrow,0.1,Oracle (thong tin hoan hao),ca_mau,mild,240.0,3,24,2024,0.0,0.0,200.0,4,80.0,11,1,10,0,0,10,0,1263,1500,20.0,0.111,0.4303
narrow,0.1,Oracle (thong tin hoan hao),ca_mau,mild,240.0,4,24,2024,0.0,0.0,200.0,2,40.0,11,1,10,0,0,10,0,1263,1501,20.0,0.111,0.4303
narrow,0.1,Oracle (thong tin hoan hao),ca_mau,mild,240.0,5,24,2024,0.0,0.0,200.0,4,80.0,12,2,10,0,0,10,0,1264,1501,20.0,0.111,0.6086
narrow,0.1,Oracle (thong tin hoan hao),ca_mau,mild,240.0,6,24,2024,0.0,0.0,200.0,6,120.0,10,0,10,0,0,10,0,1262,1500,20.0,0.111,0.0
narrow,0.1,Oracle (thong tin hoan hao),ca_mau,mild,240.0,7,24,2024,0.0,0.0,200.0,4,80.0,15,5,10,0,0,10,0,1266,1500,20.0,0.111,0.9623
narrow,0.1,Oracle (thong tin hoan hao),ca_mau,mild,240.0,8,24,2024,0.0,0.0,200.0,0,0.0,15,5,10,0,0,10,0,1266,1500,20.0,0.111,0.9623
narrow,0.1,Oracle (thong tin hoan hao),ca_mau,mild,240.0,9,24,2024,0.0,0.0,200.0,2,40.0,10,0,10,0,0,10,0,1262,1500,20.0,0.111,0.0
narrow,0.1,Oracle (thong tin hoan hao),ca_mau,severe,240.0,0,24,2024,0.0,0.0,200.0,0,0.0,31,21,10,0,0,10,0,1281,1501,20.0,0.111,1.291
narrow,0.1,Oracle (thong tin hoan hao),ca_mau,severe,240.0,1,24,2024,0.0,0.0,200.0,0,0.0,29,19,10,0,0,10,0,1280,1503,20.0,0.111,0.8607
narrow,0.1,Oracle (thong tin hoan hao),ca_mau,severe,240.0,2,24,2024,0.3241,0.0,200.0,1,20.0,50,40,10,0,0,10,0,1273,1501,20.0,0.111,3.0567
narrow,0.1,Oracle (thong tin hoan hao),ca_mau,severe,240.0,3,24,2024,0.0,0.0,200.0,0,0.0,37,27,10,0,0,10,0,1288,1500,20.0,0.111,1.6102
narrow,0.1,Oracle (thong tin hoan hao),ca_mau,severe,240.0,4,24,2024,0.0,0.0,200.0,1,20.0,23,13,10,0,0,10,0,1273,1500,20.0,0.111,1.4272
narrow,0.1,Oracle (thong tin hoan hao),ca_mau,severe,240.0,5,24,2024,0.0,0.0,200.0,3,60.0,27,17,10,0,0,10,0,1278,1503,20.0,0.111,1.3608
narrow,0.1,Oracle (thong tin hoan hao),ca_mau,severe,240.0,6,24,2024,0.0,0.0,200.0,2,40.0,29,19,10,0,0,10,0,1280,1500,20.0,0.111,1.4272
narrow,0.1,Oracle (thong tin hoan hao),ca_mau,severe,240.0,7,24,2024,0.0,0.0,200.0,0,0.0,30,20,10,0,0,10,0,1281,1500,20.0,0.111,1.217
narrow,0.1,Oracle (thong tin hoan hao),ca_mau,severe,240.0,8,24,2024,0.0,0.0,200.0,0,0.0,35,25,10,0,0,10,0,1287,1500,20.0,0.111,1.2172
narrow,0.1,Oracle (thong tin hoan hao),ca_mau,severe,240.0,9,24,2024,0.0,0.0,200.0,1,20.0,16,6,10,0,0,10,0,1268,1500,20.0,0.111,0.7453
narrow,0.1,FULL (de xuat),can_tho,mild,320.0,0,24,2024,0.0,0.0,320.0,3,60.0,18,4,14,76,0,0,13,979,745,20.0,0.156,0.6086
narrow,0.1,FULL (de xuat),can_tho,mild,320.0,1,24,2024,0.0,0.0,320.0,4,80.0,18,5,13,77,0,0,13,948,743,20.0,0.144,0.9619
narrow,0.1,FULL (de xuat),can_tho,mild,320.0,2,24,2024,0.0,0.0,320.0,5,100.0,23,9,14,76,0,0,12,951,738,20.0,0.156,1.1386
narrow,0.1,FULL (de xuat),can_tho,mild,320.0,3,24,2024,0.0,0.0,320.0,7,140.0,19,6,13,77,0,0,12,940,727,20.0,0.144,0.7454
narrow,0.1,FULL (de xuat),can_tho,mild,320.0,4,24,2024,0.0,0.0,320.0,5,100.0,16,4,12,78,0,0,12,949,728,20.0,0.133,0.0
narrow,0.1,FULL (de xuat),can_tho,mild,320.0,5,24,2024,0.0,0.0,320.0,7,140.0,17,5,12,78,0,0,12,958,728,20.0,0.133,0.4303
narrow,0.1,FULL (de xuat),can_tho,mild,320.0,6,24,2024,0.0,0.0,320.0,8,160.0,17,6,11,79,0,0,11,922,714,20.0,0.122,0.4303
narrow,0.1,FULL (de xuat),can_tho,mild,320.0,7,24,2024,0.0,0.0,320.0,6,120.0,18,7,11,79,0,0,10,914,692,20.0,0.122,0.9622
narrow,0.1,FULL (de xuat),can_tho,mild,320.0,8,24,2024,0.0,0.0,320.0,2,40.0,21,5,16,74,0,0,15,990,802,20.0,0.178,1.0541
narrow,0.1,FULL (de xuat),can_tho,mild,320.0,9,24,2024,0.0,0.0,320.0,3,60.0,18,4,14,76,0,0,14,979,770,20.0,0.156,0.6086
narrow,0.1,FULL (de xuat),can_tho,severe,320.0,0,24,2024,0.0,0.0,320.0,2,40.0,52,31,21,69,0,1,14,472,873,20.0,0.233,1.5516
narrow,0.1,FULL (de xuat),can_tho,severe,320.0,1,24,2024,0.0,0.0,320.0,3,60.0,54,35,19,71,0,1,12,1101,892,20.0,0.211,1.3652
narrow,0.1,FULL (de xuat),can_tho,severe,320.0,2,24,2024,0.0,0.0,320.0,3,60.0,56,40,16,74,0,1,12,1074,880,20.0,0.178,1.5516
narrow,0.1,FULL (de xuat),can_tho,severe,320.0,3,24,2024,3.8426,0.0,320.0,6,120.0,59,41,18,72,0,1,10,521,809,21.33,0.2,1.8757
narrow,0.1,FULL (de xuat),can_tho,severe,320.0,4,24,2024,0.0,0.0,320.0,2,40.0,40,25,15,75,0,0,14,969,776,20.0,0.167,1.291
narrow,0.1,FULL (de xuat),can_tho,severe,320.0,5,24,2024,0.0,0.0,320.0,4,80.0,36,22,14,76,0,0,13,977,768,20.0,0.156,1.4311
narrow,0.1,FULL (de xuat),can_tho,severe,320.0,6,24,2024,0.0,0.0,320.0,7,140.0,55,38,17,73,0,0,12,1004,770,20.0,0.189,2.1082
narrow,0.1,FULL (de xuat),can_tho,severe,320.0,7,24,2024,3.75,0.0,320.0,3,80.0,43,28,15,75,0,1,10,494,805,22.86,0.167,1.7743
narrow,0.1,FULL (de xuat),can_tho,severe,320.0,8,24,2024,0.0,0.0,320.0,2,40.0,41,24,17,73,0,0,14,419,837,20.0,0.189,1.0541
narrow,0.1,FULL (de xuat),can_tho,severe,320.0,9,24,2024,0.0,0.0,320.0,2,40.0,45,26,19,71,0,0,14,389,824,20.0,0.211,1.4272
narrow,0.1,FULL (de xuat),soc_trang,mild,320.0,0,24,2024,0.0,0.0,300.0,3,60.0,22,6,16,74,0,0,14,1051,1143,20.0,0.178,1.2172
narrow,0.1,FULL (de xuat),soc_trang,mild,320.0,1,24,2024,0.0,0.0,320.0,4,80.0,17,3,14,76,0,0,14,355,729,20.0,0.156,0.4303
narrow,0.1,FULL (de xuat),soc_trang,mild,320.0,2,24,2024,0.0,0.0,320.0,8,160.0,18,6,12,78,0,0,12,283,774,20.0,0.133,0.6086
narrow,0.1,FULL (de xuat),soc_trang,mild,320.0,3,24,2024,0.0,0.0,320.0,8,160.0,20,8,12,78,0,0,11,251,785,20.0,0.133,0.8607
narrow,0.1,FULL (de xuat),soc_trang,mild,320.0,4,24,2024,0.0,0.0,320.0,5,100.0,22,7,15,75,0,1,12,411,773,20.0,0.167,1.2909
narrow,0.1,FULL (de xuat),soc_trang,mild,320.0,5,24,2024,0.0,0.0,320.0,6,120.0,20,7,13,77,0,0,11,280,716,20.0,0.144,0.8607
narrow,0.1,FULL (de xuat),soc_trang,mild,320.0,6,24,2024,0.0,0.0,320.0,9,180.0,17,6,11,79,0,0,11,246,804,20.0,0.122,0.4303
narrow,0.1,FULL (de xuat),soc_trang,mild,320.0,7,24,2024,0.0,0.0,320.0,6,120.0,17,6,11,79,0,0,11,286,681,20.0,0.122,0.4303
narrow,0.1,FULL (de xuat),soc_trang,mild,320.0,8,24,2024,0.0,0.0,320.0,2,40.0,22,4,18,72,0,0,16,403,836,20.0,0.2,1.3608
narrow,0.1,FULL (de xuat),soc_trang,mild,320.0,9,24,2024,0.0,0.0,320.0,3,60.0,19,5,14,76,0,0,13,327,672,20.0,0.156,1.054
narrow,0.1,FULL (de xuat),soc_trang,severe,320.0,0,24,2024,0.0,0.0,300.0,2,40.0,54,35,19,71,0,0,14,526,996,20.0,0.211,1.291
narrow,0.1,FULL (de xuat),soc_trang,severe,320.0,1,24,2024,0.0,0.0,320.0,4,80.0,39,24,15,75,0,0,14,418,995,20.0,0.167,0.9623
narrow,0.1,FULL (de xuat),soc_trang,severe,320.0,2,24,2024,0.0,0.0,320.0,5,100.0,38,24,14,76,0,0,13,399,973,20.0,0.156,1.4907
narrow,0.1,FULL (de xuat),soc_trang,severe,320.0,3,24,2024,4.7685,0.0,320.0,5,100.0,46,31,15,75,0,1,10,546,838,21.33,0.167,1.6666
narrow,0.1,FULL (de xuat),soc_trang,severe,320.0,4,24,2024,0.0,0.0,320.0,4,80.0,38,23,15,75,0,0,13,331,703,20.0,0.167,1.2351
narrow,0.1,FULL (de xuat),soc_trang,severe,320.0,5,24,2024,0.0,0.0,320.0,6,120.0,26,15,11,79,0,0,11,969,982,20.0,0.122,0.9687
narrow,0.1,FULL (de xuat),soc_trang,severe,320.0,6,24,2024,0.0,0.0,320.0,9,180.0,37,25,12,78,0,0,10,948,951,20.0,0.133,1.5064
narrow,0.1,FULL (de xuat),soc_trang,severe,320.0,7,24,2024,4.7685,0.0,300.0,2,60.0,47,31,16,74,0,1,10,555,899,23.08,0.178,1.6101
narrow,0.1,FULL (de xuat),soc_trang,severe,320.0,8,24,2024,7.2685,0.0,260.0,2,40.0,53,34,19,71,0,1,10,652,1178,21.67,0.211,1.291
narrow,0.1,FULL (de xuat),soc_trang,severe,320.0,9,24,2024,5.8796,0.0,280.0,1,20.0,34,18,16,74,0,1,11,633,956,21.54,0.178,1.291
narrow,0.1,FULL (de xuat),ca_mau,mild,320.0,0,24,2024,0.0,0.0,300.0,3,60.0,21,6,15,75,0,0,13,378,768,20.0,0.167,1.1386
narrow,0.1,FULL (de xuat),ca_mau,mild,320.0,1,24,2024,0.0,0.0,320.0,4,80.0,17,4,13,77,0,0,13,345,724,20.0,0.144,0.6085
narrow,0.1,FULL (de xuat),ca_mau,mild,320.0,2,24,2024,0.0,0.0,300.0,6,120.0,20,7,13,77,0,0,12,340,735,20.0,0.144,1.0541
narrow,0.1,FULL (de xuat),ca_mau,mild,320.0,3,24,2024,0.0,0.0,300.0,7,140.0,18,6,12,78,0,0,11,305,756,20.0,0.133,0.7454
narrow,0.1,FULL (de xuat),ca_mau,mild,320.0,4,24,2024,0.0,0.0,300.0,5,100.0,18,5,13,77,0,0,12,291,752,20.0,0.144,0.7454
narrow,0.1,FULL (de xuat),ca_mau,mild,320.0,5,24,2024,0.0,0.0,300.0,5,100.0,22,8,14,76,0,1,11,427,748,20.0,0.156,1.1386
narrow,0.1,FULL (de xuat),ca_mau,mild,320.0,6,24,2024,0.0,0.0,320.0,9,180.0,16,6,10,80,0,0,10,246,547,20.0,0.111,0.0
narrow,0.1,FULL (de xuat),ca_mau,mild,320.0,7,24,2024,0.0,0.0,300.0,6,120.0,19,7,12,78,0,0,11,264,763,20.0,0.133,0.9622
narrow,0.1,FULL (de xuat),ca_mau,mild,320.0,8,24,2024,0.0,0.0,300.0,2,40.0,17,4,13,77,0,0,13,263,804,20.0,0.144,0.6086
narrow,0.1,FULL (de xuat),ca_mau,mild,320.0,9,24,2024,0.0,0.0,300.0,3,60.0,20,7,13,77,0,0,12,352,738,20.0,0.144,0.9623
narrow,0.1,FULL (de xuat),ca_mau,severe,320.0,0,24,2024,0.0,0.0,280.0,3,60.0,49,30,19,71,0,1,12,1056,1097,20.0,0.211,1.3608
narrow,0.1,FULL (de xuat),ca_mau,severe,320.0,1,24,2024,5.3704,0.0,240.0,0,0.0,53,35,18,72,0,2,9,1281,1226,21.82,0.2,1.3608
narrow,0.1,FULL (de xuat),ca_mau,severe,320.0,2,24,2024,0.0,0.0,320.0,6,120.0,48,33,15,75,0,1,10,997,902,20.0,0.167,1.5557
narrow,0.1,FULL (de xuat),ca_mau,severe,320.0,3,24,2024,3.9815,0.0,280.0,4,80.0,44,30,14,76,0,1,9,477,813,21.54,0.156,1.5516
narrow,0.1,FULL (de xuat),ca_mau,severe,320.0,4,24,2024,0.0,0.0,300.0,5,100.0,28,16,12,78,0,0,11,329,749,20.0,0.133,1.1385
narrow,0.1,FULL (de xuat),ca_mau,severe,320.0,5,24,2024,0.0,0.0,320.0,5,100.0,41,27,14,76,0,0,11,359,679,20.0,0.156,1.8351
narrow,0.1,FULL (de xuat),ca_mau,severe,320.0,6,24,2024,0.0,0.0,320.0,7,140.0,35,23,12,78,0,0,11,311,636,20.0,0.133,1.4347
narrow,0.1,FULL (de xuat),ca_mau,severe,320.0,7,24,2024,0.0,0.0,280.0,3,60.0,65,47,18,72,0,1,10,1096,1047,20.0,0.2,1.8758
narrow,0.1,FULL (de xuat),ca_mau,severe,320.0,8,24,2024,0.0,0.0,280.0,1,20.0,64,41,23,67,0,1,13,539,984,20.0,0.256,1.8257
narrow,0.1,FULL (de xuat),ca_mau,severe,320.0,9,24,2024,0.0,0.0,300.0,1,20.0,37,21,16,74,0,0,14,390,821,20.0,0.178,1.291
narrow,0.1,- whatif (twin->predictor),can_tho,mild,320.0,0,24,2024,29.0278,0.0,320.0,0,0.0,6,0,6,84,0,0,0,1376,983,53.33,0.067,0.0
narrow,0.1,- whatif (twin->predictor),can_tho,mild,320.0,1,24,2024,32.4537,0.0,320.0,1,60.0,8,2,6,84,0,0,0,1453,1075,53.33,0.067,0.7819
narrow,0.1,- whatif (twin->predictor),can_tho,mild,320.0,2,24,2024,34.7222,0.0,320.0,2,120.0,7,2,5,85,0,0,0,1518,1125,53.33,0.056,0.4303
narrow,0.1,- whatif (twin->predictor),can_tho,mild,320.0,3,24,2024,34.7222,0.0,320.0,3,140.0,6,1,5,85,0,0,0,1518,1125,53.33,0.056,0.0
narrow,0.1,- whatif (twin->predictor),can_tho,mild,320.0,4,24,2024,33.6574,0.0,320.0,1,60.0,8,2,6,84,0,0,0,1479,1101,53.33,0.067,0.8466
narrow,0.1,- whatif (twin->predictor),can_tho,mild,320.0,5,24,2024,33.6574,0.0,320.0,2,80.0,6,1,5,85,0,0,0,1479,1101,53.33,0.056,0.0
narrow,0.1,- whatif (twin->predictor),can_tho,mild,320.0,6,24,2024,40.0463,0.0,320.0,3,180.0,8,3,5,85,0,0,0,1616,1224,53.33,0.056,0.6086
narrow,0.1,- whatif (twin->predictor),can_tho,mild,320.0,7,24,2024,33.6574,0.0,320.0,2,120.0,7,2,5,85,0,0,0,1479,1101,53.33,0.056,0.5986
narrow,0.1,- whatif (twin->predictor),can_tho,mild,320.0,8,24,2024,34.7222,0.0,320.0,1,60.0,7,2,5,85,0,0,0,1518,1125,53.33,0.056,0.5701
narrow,0.1,- whatif (twin->predictor),can_tho,mild,320.0,9,24,2024,34.7222,0.0,320.0,1,60.0,6,1,5,85,0,0,0,1518,1125,53.33,0.056,0.0
narrow,0.1,- whatif (twin->predictor),can_tho,severe,320.0,0,24,2024,28.0093,0.0,320.0,0,0.0,10,3,7,83,0,0,0,1354,959,53.33,0.078,0.8198
narrow,0.1,- whatif (twin->predictor),can_tho,severe,320.0,1,24,2024,52.4537,0.0,120.0,0,0.0,7,4,3,87,0,1,0,1402,1418,60.0,0.033,0.6714
narrow,0.1,- whatif (twin->predictor),can_tho,severe,320.0,2,24,2024,31.25,0.0,320.0,3,140.0,18,11,7,83,0,0,0,1427,1034,53.33,0.078,1.3702
narrow,0.1,- whatif (twin->predictor),can_tho,severe,320.0,3,24,2024,52.4537,0.0,240.0,2,120.0,12,8,4,86,0,1,0,1402,1418,60.0,0.044,1.3158
narrow,0.1,- whatif (twin->predictor),can_tho,severe,320.0,4,24,2024,48.8426,0.0,240.0,1,60.0,22,15,7,83,0,1,0,1428,1382,60.0,0.078,1.4766
narrow,0.1,- whatif (twin->predictor),can_tho,severe,320.0,5,24,2024,33.6574,0.0,320.0,1,60.0,13,8,5,85,0,0,0,1479,1101,53.33,0.056,0.8587
narrow,0.1,- whatif (twin->predictor),can_tho,severe,320.0,6,24,2024,39.0278,0.0,300.0,2,120.0,22,15,7,83,0,1,0,1114,1132,60.0,0.078,1.0673
narrow,0.1,- whatif (twin->predictor),can_tho,severe,320.0,7,24,2024,52.4537,0.0,120.0,0,0.0,9,6,3,87,0,1,0,1402,1418,60.0,0.033,1.1224
narrow,0.1,- whatif (twin->predictor),can_tho,severe,320.0,8,24,2024,43.4722,0.0,300.0,1,60.0,14,8,6,84,0,1,0,1211,1226,60.0,0.067,1.142
narrow,0.1,- whatif (twin->predictor),can_tho,severe,320.0,9,24,2024,33.6111,0.0,320.0,1,60.0,30,19,11,79,0,1,0,1167,1100,53.33,0.122,1.0967
narrow,0.1,- whatif (twin->predictor),soc_trang,mild,320.0,0,24,2024,25.7407,0.0,320.0,0,0.0,10,2,8,82,0,0,0,1263,980,53.33,0.089,1.187
narrow,0.1,- whatif (twin->predictor),soc_trang,mild,320.0,1,24,2024,33.6111,0.0,320.0,1,60.0,6,1,5,85,0,0,0,1471,1175,53.33,0.056,0.0
narrow,0.1,- whatif (twin->predictor),soc_trang,mild,320.0,2,24,2024,31.2963,0.0,320.0,2,80.0,11,4,7,83,0,0,0,1405,1131,53.33,0.078,1.1773
narrow,0.1,- whatif (twin->predictor),soc_trang,mild,320.0,3,24,2024,33.6111,0.0,320.0,3,140.0,6,1,5,85,0,0,0,1471,1175,53.33,0.056,0.0
narrow,0.1,- whatif (twin->predictor),soc_trang,mild,320.0,4,24,2024,28.1481,0.0,320.0,1,60.0,9,2,7,83,0,0,0,1333,1035,53.33,0.078,0.6086
narrow,0.1,- whatif (twin->predictor),soc_trang,mild,320.0,5,24,2024,32.4074,0.0,320.0,2,80.0,6,1,5,85,0,0,0,1432,1150,53.33,0.056,0.0
narrow,0.1,- whatif (twin->predictor),soc_trang,mild,320.0,6,24,2024,39.1667,0.0,320.0,3,180.0,6,2,4,86,0,0,0,1595,1299,53.33,0.044,0.0
narrow,0.1,- whatif (twin->predictor),soc_trang,mild,320.0,7,24,2024,31.2963,0.0,320.0,2,120.0,10,4,6,84,0,0,0,1405,1131,53.33,0.067,1.2303
narrow,0.1,- whatif (twin->predictor),soc_trang,mild,320.0,8,24,2024,33.6111,0.0,320.0,1,60.0,7,2,5,85,0,0,0,1470,1175,53.33,0.056,0.5318
narrow,0.1,- whatif (twin->predictor),soc_trang,mild,320.0,9,24,2024,33.6111,0.0,320.0,1,60.0,6,1,5,85,0,0,0,1471,1175,53.33,0.056,0.0
narrow,0.1,- whatif (twin->predictor),soc_trang,severe,320.0,0,24,2024,28.1481,0.0,320.0,0,0.0,20,11,9,81,0,0,0,1333,1035,53.33,0.1,1.1706
narrow,0.1,- whatif (twin->predictor),soc_trang,severe,320.0,1,24,2024,52.5926,0.0,120.0,0,0.0,12,8,4,86,0,1,0,1577,1580,60.0,0.044,0.8303
narrow,0.1,- whatif (twin->predictor),soc_trang,severe,320.0,2,24,2024,53.5185,0.0,240.0,2,120.0,9,6,3,87,0,1,0,1597,1586,60.0,0.033,0.9954
narrow,0.1,- whatif (twin->predictor),soc_trang,severe,320.0,3,24,2024,53.5185,0.0,240.0,2,120.0,15,11,4,86,0,1,0,1621,1586,60.0,0.044,1.3251
narrow,0.1,- whatif (twin->predictor),soc_trang,severe,320.0,4,24,2024,48.9815,0.0,180.0,1,60.0,15,10,5,85,0,1,0,1480,1484,60.0,0.056,0.9898
narrow,0.1,- whatif (twin->predictor),soc_trang,severe,320.0,5,24,2024,32.4074,0.0,320.0,1,60.0,11,5,6,84,0,0,0,1432,1150,53.33,0.067,1.0236
narrow,0.1,- whatif (twin->predictor),soc_trang,severe,320.0,6,24,2024,33.6111,0.0,320.0,2,120.0,21,15,6,84,0,0,0,1470,1175,53.33,0.067,1.1428
narrow,0.1,- whatif (twin->predictor),soc_trang,severe,320.0,7,24,2024,52.5926,0.0,60.0,0,0.0,16,12,4,86,0,0,0,1863,1580,60.0,0.044,1.3409
narrow,0.1,- whatif (twin->predictor),soc_trang,severe,320.0,8,24,2024,42.4537,0.0,300.0,1,60.0,12,7,5,85,0,1,0,1385,1387,60.0,0.056,0.8142
narrow,0.1,- whatif (twin->predictor),soc_trang,severe,320.0,9,24,2024,29.0278,0.0,320.0,1,60.0,9,3,6,84,0,0,0,1355,1058,53.33,0.067,0.6
narrow,0.1,- whatif (twin->predictor),ca_mau,mild,320.0,0,24,2024,24.213,0.0,320.0,0,0.0,8,1,7,83,0,0,0,1257,959,53.33,0.078,0.816
narrow,0.1,- whatif (twin->predictor),ca_mau,mild,320.0,1,24,2024,30.0926,0.0,320.0,1,60.0,6,1,5,85,0,0,0,1384,1106,53.33,0.056,0.0
narrow,0.1,- whatif (twin->predictor),ca_mau,mild,320.0,2,24,2024,41.1574,0.0,300.0,2,120.0,7,2,5,85,0,1,0,1336,1365,60.0,0.056,1.1096
narrow,0.1,- whatif (twin->predictor),ca_mau,mild,320.0,3,24,2024,31.2037,0.0,320.0,3,140.0,6,1,5,85,0,0,0,1428,1148,53.33,0.056,0.0
narrow,0.1,- whatif (twin->predictor),ca_mau,mild,320.0,4,24,2024,30.0926,0.0,320.0,1,60.0,8,2,6,84,0,0,0,1384,1106,53.33,0.067,0.8342
narrow,0.1,- whatif (twin->predictor),ca_mau,mild,320.0,5,24,2024,31.2037,0.0,320.0,2,80.0,6,1,5,85,0,0,0,1428,1148,53.33,0.056,0.0
narrow,0.1,- whatif (twin->predictor),ca_mau,mild,320.0,6,24,2024,35.4167,0.0,320.0,3,180.0,7,3,4,86,0,0,0,1567,1272,53.33,0.044,0.5995
narrow,0.1,- whatif (twin->predictor),ca_mau,mild,320.0,7,24,2024,30.0926,0.0,320.0,2,120.0,10,4,6,84,0,0,0,1384,1105,53.33,0.067,1.1648
narrow,0.1,- whatif (twin->predictor),ca_mau,mild,320.0,8,24,2024,26.6204,0.0,320.0,1,60.0,7,1,6,84,0,0,0,1303,1007,53.33,0.067,0.0004
narrow,0.1,- whatif (twin->predictor),ca_mau,mild,320.0,9,24,2024,31.2037,0.0,320.0,1,60.0,6,1,5,85,0,0,0,1428,1148,53.33,0.056,0.0
narrow,0.1,- whatif (twin->predictor),ca_mau,severe,320.0,0,24,2024,28.9815,0.0,320.0,0,0.0,21,12,9,81,0,1,0,1046,1078,53.33,0.1,0.8607
narrow,0.1,- whatif (twin->predictor),ca_mau,severe,320.0,1,24,2024,52.2222,0.0,120.0,0,0.0,7,4,3,87,0,1,0,1551,1581,60.0,0.033,0.6467
narrow,0.1,- whatif (twin->predictor),ca_mau,severe,320.0,2,24,2024,30.0926,0.0,320.0,3,140.0,14,8,6,84,0,0,0,1383,1105,53.33,0.067,1.1212
narrow,0.1,- whatif (twin->predictor),ca_mau,severe,320.0,3,24,2024,52.2222,0.0,120.0,0,0.0,17,12,5,85,0,1,0,1575,1581,60.0,0.056,1.4045
narrow,0.1,- whatif (twin->predictor),ca_mau,severe,320.0,4,24,2024,30.0926,0.0,320.0,1,60.0,15,9,6,84,0,0,0,1383,1105,53.33,0.067,0.842
narrow,0.1,- whatif (twin->predictor),ca_mau,severe,320.0,5,24,2024,31.2037,0.0,320.0,2,80.0,9,4,5,85,0,0,0,1428,1148,53.33,0.056,0.9289
narrow,0.1,- whatif (twin->predictor),ca_mau,severe,320.0,6,24,2024,26.6204,0.0,320.0,1,60.0,16,10,6,84,0,0,0,1303,1007,53.33,0.067,0.9017
narrow,0.1,- whatif (twin->predictor),ca_mau,severe,320.0,7,24,2024,52.2222,0.0,120.0,0,0.0,9,6,3,87,0,1,0,1551,1581,60.0,0.033,1.0883
narrow,0.1,- whatif (twin->predictor),ca_mau,severe,320.0,8,24,2024,31.2037,0.0,320.0,1,60.0,7,2,5,85,0,0,0,1428,1148,53.33,0.056,0.6402
narrow,0.1,- whatif (twin->predictor),ca_mau,severe,320.0,9,24,2024,26.6204,0.0,320.0,0,0.0,13,7,6,84,0,0,0,1303,1007,53.33,0.067,0.5184
narrow,0.1,- T2 (gui lai mu),can_tho,mild,320.0,0,24,2024,0.0,0.0,320.0,3,60.0,19,6,13,77,0,0,13,972,767,20.0,0.144,0.7454
narrow,0.1,- T2 (gui lai mu),can_tho,mild,320.0,1,24,2024,2.0833,0.0,320.0,4,80.0,18,6,12,78,0,0,12,1058,913,20.0,0.133,0.9619
narrow,0.1,- T2 (gui lai mu),can_tho,mild,320.0,2,24,2024,12.5463,0.0,320.0,8,160.0,21,13,8,82,0,0,8,1205,1011,20.0,0.089,0.8787
narrow,0.1,- T2 (gui lai mu),can_tho,mild,320.0,3,24,2024,5.3241,0.0,320.0,8,160.0,19,11,8,82,0,0,8,1019,775,20.0,0.089,0.7454
narrow,0.1,- T2 (gui lai mu),can_tho,mild,320.0,4,24,2024,0.0,0.0,320.0,5,100.0,16,5,11,79,0,0,11,986,804,20.0,0.122,0.0
narrow,0.1,- T2 (gui lai mu),can_tho,mild,320.0,5,24,2024,5.6019,0.0,320.0,7,140.0,20,11,9,81,0,0,9,1054,838,20.0,0.1,0.8607
narrow,0.1,- T2 (gui lai mu),can_tho,mild,320.0,6,24,2024,13.3796,0.0,320.0,9,180.0,16,9,7,83,0,0,7,1186,956,20.0,0.078,0.0
narrow,0.1,- T2 (gui lai mu),can_tho,mild,320.0,7,24,2024,0.0,0.0,320.0,6,120.0,20,10,10,80,0,0,10,865,661,20.0,0.111,1.1385
narrow,0.1,- T2 (gui lai mu),can_tho,mild,320.0,8,24,2024,0.0,0.0,320.0,2,40.0,25,11,14,76,0,0,14,962,780,20.0,0.156,1.3697
narrow,0.1,- T2 (gui lai mu),can_tho,mild,320.0,9,24,2024,0.0,0.0,320.0,3,60.0,29,16,13,77,0,0,13,960,731,20.0,0.144,1.8757
narrow,0.1,- T2 (gui lai mu),can_tho,severe,320.0,0,24,2024,0.0,0.0,320.0,3,60.0,58,45,13,77,0,0,13,974,793,20.0,0.144,2.5464
narrow,0.1,- T2 (gui lai mu),can_tho,severe,320.0,1,24,2024,1.713,0.0,320.0,4,80.0,48,36,12,78,0,0,12,1080,936,20.0,0.133,1.9522
narrow,0.1,- T2 (gui lai mu),can_tho,severe,320.0,2,24,2024,11.2037,0.0,320.0,8,160.0,68,60,8,82,0,0,8,1195,1004,20.0,0.089,2.939
narrow,0.1,- T2 (gui lai mu),can_tho,severe,320.0,3,24,2024,3.6111,0.0,320.0,8,160.0,49,41,8,82,0,0,8,1037,803,20.0,0.089,2.1419
narrow,0.1,- T2 (gui lai mu),can_tho,severe,320.0,4,24,2024,0.0,0.0,320.0,5,100.0,66,55,11,79,0,0,11,985,778,20.0,0.122,2.3679
narrow,0.1,- T2 (gui lai mu),can_tho,severe,320.0,5,24,2024,5.6019,0.0,320.0,7,140.0,22,13,9,81,0,0,9,1053,838,20.0,0.1,1.2545
narrow,0.1,- T2 (gui lai mu),can_tho,severe,320.0,6,24,2024,11.1574,0.0,320.0,9,180.0,56,49,7,83,0,0,7,1124,906,20.0,0.078,2.106
narrow,0.1,- T2 (gui lai mu),can_tho,severe,320.0,7,24,2024,0.0,0.0,320.0,6,120.0,59,49,10,80,0,0,10,887,687,20.0,0.111,2.3806
narrow,0.1,- T2 (gui lai mu),can_tho,severe,320.0,8,24,2024,0.0,0.0,320.0,2,40.0,40,26,14,76,0,0,14,1015,795,20.0,0.156,1.5515
narrow,0.1,- T2 (gui lai mu),can_tho,severe,320.0,9,24,2024,0.0,0.0,320.0,3,60.0,54,41,13,77,0,0,13,1008,765,20.0,0.144,2.5193
narrow,0.1,- T2 (gui lai mu),soc_trang,mild,320.0,0,24,2024,0.0,0.0,320.0,3,60.0,22,9,13,77,0,0,13,399,776,20.0,0.144,1.1386
narrow,0.1,- T2 (gui lai mu),soc_trang,mild,320.0,1,24,2024,0.0,0.0,320.0,4,80.0,17,5,12,78,0,0,12,1057,1078,20.0,0.133,0.4303
narrow,0.1,- T2 (gui lai mu),soc_trang,mild,320.0,2,24,2024,12.037,0.0,320.0,8,160.0,22,14,8,82,0,0,8,1186,1096,20.0,0.089,0.976
narrow,0.1,- T2 (gui lai mu),soc_trang,mild,320.0,3,24,2024,2.1759,0.0,320.0,8,160.0,19,11,8,82,0,0,8,991,919,20.0,0.089,0.8607
narrow,0.1,- T2 (gui lai mu),soc_trang,mild,320.0,4,24,2024,0.0,0.0,320.0,5,100.0,21,10,11,79,0,0,11,937,948,20.0,0.122,1.2171
narrow,0.1,- T2 (gui lai mu),soc_trang,mild,320.0,5,24,2024,2.6389,0.0,320.0,7,140.0,16,7,9,81,0,0,9,1025,971,20.0,0.1,0.0
narrow,0.1,- T2 (gui lai mu),soc_trang,mild,320.0,6,24,2024,11.25,0.0,320.0,9,180.0,22,15,7,83,0,0,7,1151,1051,20.0,0.078,1.2172
narrow,0.1,- T2 (gui lai mu),soc_trang,mild,320.0,7,24,2024,0.0,0.0,320.0,6,120.0,18,8,10,80,0,0,10,265,750,20.0,0.111,0.6086
narrow,0.1,- T2 (gui lai mu),soc_trang,mild,320.0,8,24,2024,0.0,0.0,320.0,2,40.0,28,14,14,76,0,0,14,342,727,20.0,0.156,1.6968
narrow,0.1,- T2 (gui lai mu),soc_trang,mild,320.0,9,24,2024,0.0,0.0,320.0,3,60.0,24,11,13,77,0,0,13,324,687,20.0,0.144,1.4272
narrow,0.1,- T2 (gui lai mu),soc_trang,severe,320.0,0,24,2024,0.0,0.0,320.0,3,60.0,36,23,13,77,0,0,13,411,788,20.0,0.144,1.1386
narrow,0.1,- T2 (gui lai mu),soc_trang,severe,320.0,1,24,2024,0.0,0.0,320.0,4,80.0,50,38,12,78,0,0,12,1057,1097,20.0,0.133,1.8413
narrow,0.1,- T2 (gui lai mu),soc_trang,severe,320.0,2,24,2024,10.1389,0.0,320.0,8,160.0,50,42,8,82,0,0,8,1171,1080,20.0,0.089,1.8477
narrow,0.1,- T2 (gui lai mu),soc_trang,severe,320.0,3,24,2024,0.0,0.0,320.0,8,160.0,69,61,8,82,0,0,8,979,913,20.0,0.089,2.5039
narrow,0.1,- T2 (gui lai mu),soc_trang,severe,320.0,4,24,2024,0.0,0.0,320.0,5,100.0,49,38,11,79,0,0,11,953,964,20.0,0.122,1.8262
narrow,0.1,- T2 (gui lai mu),soc_trang,severe,320.0,5,24,2024,2.0833,0.0,320.0,7,140.0,48,39,9,81,0,0,9,1014,960,20.0,0.1,1.6531
narrow,0.1,- T2 (gui lai mu),soc_trang,severe,320.0,6,24,2024,10.0,0.0,320.0,9,180.0,71,64,7,83,0,0,7,1116,1020,20.0,0.078,2.2958
narrow,0.1,- T2 (gui lai mu),soc_trang,severe,320.0,7,24,2024,0.0,0.0,320.0,6,120.0,53,43,10,80,0,0,10,301,654,20.0,0.111,2.8938
narrow,0.1,- T2 (gui lai mu),soc_trang,severe,320.0,8,24,2024,0.0,0.0,320.0,2,40.0,37,23,14,76,0,0,14,358,743,20.0,0.156,1.0541
narrow,0.1,- T2 (gui lai mu),soc_trang,severe,320.0,9,24,2024,0.0,0.0,320.0,3,60.0,47,34,13,77,0,0,13,341,701,20.0,0.144,2.1433
narrow,0.1,- T2 (gui lai mu),ca_mau,mild,320.0,0,24,2024,0.0,0.0,300.0,3,60.0,24,12,12,78,0,0,12,331,757,20.0,0.133,1.3608
narrow,0.1,- T2 (gui lai mu),ca_mau,mild,320.0,1,24,2024,0.0,0.0,320.0,4,80.0,17,5,12,78,0,0,12,989,988,20.0,0.133,0.6085
narrow,0.1,- T2 (gui lai mu),ca_mau,mild,320.0,2,24,2024,10.0926,0.0,320.0,8,160.0,20,12,8,82,0,0,8,1137,1081,20.0,0.089,0.7524
narrow,0.1,- T2 (gui lai mu),ca_mau,mild,320.0,3,24,2024,0.0,0.0,320.0,8,160.0,27,19,8,82,0,0,8,938,857,20.0,0.089,1.4907
narrow,0.1,- T2 (gui lai mu),ca_mau,mild,320.0,4,24,2024,0.0,0.0,320.0,5,100.0,23,12,11,79,0,0,11,301,697,20.0,0.122,1.1422
narrow,0.1,- T2 (gui lai mu),ca_mau,mild,320.0,5,24,2024,0.0,0.0,320.0,7,140.0,24,15,9,81,0,0,9,1003,956,20.0,0.1,1.2172
narrow,0.1,- T2 (gui lai mu),ca_mau,mild,320.0,6,24,2024,6.9444,0.0,320.0,9,180.0,19,12,7,83,0,0,7,1098,984,20.0,0.078,0.5203
narrow,0.1,- T2 (gui lai mu),ca_mau,mild,320.0,7,24,2024,0.0,0.0,320.0,6,120.0,17,7,10,80,0,0,10,247,548,20.0,0.111,0.6085
narrow,0.1,- T2 (gui lai mu),ca_mau,mild,320.0,8,24,2024,0.0,0.0,300.0,2,40.0,17,4,13,77,0,0,13,263,804,20.0,0.144,0.6086
narrow,0.1,- T2 (gui lai mu),ca_mau,mild,320.0,9,24,2024,0.0,0.0,300.0,3,60.0,18,6,12,78,0,0,12,331,755,20.0,0.133,0.7454
narrow,0.1,- T2 (gui lai mu),ca_mau,severe,320.0,0,24,2024,0.0,0.0,300.0,3,60.0,66,54,12,78,0,0,12,344,777,20.0,0.133,2.6483
narrow,0.1,- T2 (gui lai mu),ca_mau,severe,320.0,1,24,2024,0.0,0.0,320.0,4,80.0,51,39,12,78,0,0,12,1010,984,20.0,0.133,1.4908
narrow,0.1,- T2 (gui lai mu),ca_mau,severe,320.0,2,24,2024,9.0278,0.0,320.0,8,160.0,44,36,8,82,0,0,8,1119,1039,20.0,0.089,1.1635
narrow,0.1,- T2 (gui lai mu),ca_mau,severe,320.0,3,24,2024,0.0,0.0,320.0,8,160.0,47,39,8,82,0,0,8,973,856,20.0,0.089,1.9439
narrow,0.1,- T2 (gui lai mu),ca_mau,severe,320.0,4,24,2024,0.0,0.0,320.0,5,100.0,41,30,11,79,0,0,11,309,646,20.0,0.122,1.6471
narrow,0.1,- T2 (gui lai mu),ca_mau,severe,320.0,5,24,2024,0.0,0.0,320.0,7,140.0,25,16,9,81,0,0,9,1002,955,20.0,0.1,1.0813
narrow,0.1,- T2 (gui lai mu),ca_mau,severe,320.0,6,24,2024,5.5556,0.0,320.0,9,180.0,55,48,7,83,0,0,7,1082,1002,20.0,0.078,2.2192
narrow,0.1,- T2 (gui lai mu),ca_mau,severe,320.0,7,24,2024,0.0,0.0,320.0,6,120.0,42,32,10,80,0,0,10,264,565,20.0,0.111,1.9246
narrow,0.1,- T2 (gui lai mu),ca_mau,severe,320.0,8,24,2024,0.0,0.0,300.0,2,40.0,60,47,13,77,0,0,13,298,826,20.0,0.144,2.1082
narrow,0.1,- T2 (gui lai mu),ca_mau,severe,320.0,9,24,2024,0.0,0.0,300.0,3,60.0,69,57,12,78,0,0,12,365,765,20.0,0.133,2.9495
narrow,0.1,- tai neo cam bien,can_tho,mild,320.0,0,24,2024,57.8241,0.0,0.0,0,0.0,0,0,0,90,0,0,0,1978,1584,0.0,0.0,0.0
narrow,0.1,- tai neo cam bien,can_tho,mild,320.0,1,24,2024,57.8241,0.0,0.0,0,0.0,0,0,0,90,0,0,0,1978,1584,0.0,0.0,0.0
narrow,0.1,- tai neo cam bien,can_tho,mild,320.0,2,24,2024,57.8241,0.0,0.0,0,0.0,0,0,0,90,0,0,0,1978,1584,0.0,0.0,0.0
narrow,0.1,- tai neo cam bien,can_tho,mild,320.0,3,24,2024,57.8241,0.0,0.0,0,0.0,0,0,0,90,0,0,0,1978,1584,0.0,0.0,0.0
narrow,0.1,- tai neo cam bien,can_tho,mild,320.0,4,24,2024,57.8241,0.0,0.0,0,0.0,0,0,0,90,0,0,0,1978,1584,0.0,0.0,0.0
narrow,0.1,- tai neo cam bien,can_tho,mild,320.0,5,24,2024,57.8241,0.0,0.0,0,0.0,0,0,0,90,0,0,0,1978,1584,0.0,0.0,0.0
narrow,0.1,- tai neo cam bien,can_tho,mild,320.0,6,24,2024,57.8241,0.0,0.0,0,0.0,0,0,0,90,0,0,0,1978,1584,0.0,0.0,0.0
narrow,0.1,- tai neo cam bien,can_tho,mild,320.0,7,24,2024,57.8241,0.0,0.0,0,0.0,0,0,0,90,0,0,0,1978,1584,0.0,0.0,0.0
narrow,0.1,- tai neo cam bien,can_tho,mild,320.0,8,24,2024,57.8241,0.0,0.0,0,0.0,0,0,0,90,0,0,0,1978,1584,0.0,0.0,0.0
narrow,0.1,- tai neo cam bien,can_tho,mild,320.0,9,24,2024,57.8241,0.0,0.0,0,0.0,0,0,0,90,0,0,0,1978,1584,0.0,0.0,0.0
narrow,0.1,- tai neo cam bien,can_tho,severe,320.0,0,24,2024,57.8241,0.0,0.0,0,0.0,0,0,0,90,0,0,0,1978,1584,0.0,0.0,0.0
narrow,0.1,- tai neo cam bien,can_tho,severe,320.0,1,24,2024,57.8241,0.0,0.0,0,0.0,0,0,0,90,0,0,0,1978,1584,0.0,0.0,0.0
narrow,0.1,- tai neo cam bien,can_tho,severe,320.0,2,24,2024,57.8241,0.0,0.0,0,0.0,0,0,0,90,0,0,0,1978,1584,0.0,0.0,0.0
narrow,0.1,- tai neo cam bien,can_tho,severe,320.0,3,24,2024,57.8241,0.0,0.0,0,0.0,0,0,0,90,0,0,0,1978,1584,0.0,0.0,0.0
narrow,0.1,- tai neo cam bien,can_tho,severe,320.0,4,24,2024,57.8241,0.0,0.0,0,0.0,0,0,0,90,0,0,0,1978,1584,0.0,0.0,0.0
narrow,0.1,- tai neo cam bien,can_tho,severe,320.0,5,24,2024,57.8241,0.0,0.0,0,0.0,0,0,0,90,0,0,0,1978,1584,0.0,0.0,0.0
narrow,0.1,- tai neo cam bien,can_tho,severe,320.0,6,24,2024,57.8241,0.0,0.0,0,0.0,0,0,0,90,0,0,0,1978,1584,0.0,0.0,0.0
narrow,0.1,- tai neo cam bien,can_tho,severe,320.0,7,24,2024,57.8241,0.0,0.0,0,0.0,0,0,0,90,0,0,0,1978,1584,0.0,0.0,0.0
narrow,0.1,- tai neo cam bien,can_tho,severe,320.0,8,24,2024,57.8241,0.0,0.0,0,0.0,0,0,0,90,0,0,0,1978,1584,0.0,0.0,0.0
narrow,0.1,- tai neo cam bien,can_tho,severe,320.0,9,24,2024,57.8241,0.0,0.0,0,0.0,0,0,0,90,0,0,0,1978,1584,0.0,0.0,0.0
narrow,0.1,- tai neo cam bien,soc_trang,mild,320.0,0,24,2024,58.7963,0.0,0.0,0,0.0,0,0,0,90,0,0,0,1980,1683,0.0,0.0,0.0
narrow,0.1,- tai neo cam bien,soc_trang,mild,320.0,1,24,2024,58.7963,0.0,0.0,0,0.0,0,0,0,90,0,0,0,1980,1683,0.0,0.0,0.0
narrow,0.1,- tai neo cam bien,soc_trang,mild,320.0,2,24,2024,58.7963,0.0,0.0,0,0.0,0,0,0,90,0,0,0,1980,1683,0.0,0.0,0.0
narrow,0.1,- tai neo cam bien,soc_trang,mild,320.0,3,24,2024,58.7963,0.0,0.0,0,0.0,0,0,0,90,0,0,0,1980,1683,0.0,0.0,0.0
narrow,0.1,- tai neo cam bien,soc_trang,mild,320.0,4,24,2024,58.7963,0.0,0.0,0,0.0,0,0,0,90,0,0,0,1980,1683,0.0,0.0,0.0
narrow,0.1,- tai neo cam bien,soc_trang,mild,320.0,5,24,2024,58.7963,0.0,0.0,0,0.0,0,0,0,90,0,0,0,1980,1683,0.0,0.0,0.0
narrow,0.1,- tai neo cam bien,soc_trang,mild,320.0,6,24,2024,58.7963,0.0,0.0,0,0.0,0,0,0,90,0,0,0,1980,1683,0.0,0.0,0.0
narrow,0.1,- tai neo cam bien,soc_trang,mild,320.0,7,24,2024,58.7963,0.0,0.0,0,0.0,0,0,0,90,0,0,0,1980,1683,0.0,0.0,0.0
narrow,0.1,- tai neo cam bien,soc_trang,mild,320.0,8,24,2024,58.7963,0.0,0.0,0,0.0,0,0,0,90,0,0,0,1980,1683,0.0,0.0,0.0
narrow,0.1,- tai neo cam bien,soc_trang,mild,320.0,9,24,2024,58.7963,0.0,0.0,0,0.0,0,0,0,90,0,0,0,1980,1683,0.0,0.0,0.0
narrow,0.1,- tai neo cam bien,soc_trang,severe,320.0,0,24,2024,58.7963,0.0,0.0,0,0.0,0,0,0,90,0,0,0,1980,1683,0.0,0.0,0.0
narrow,0.1,- tai neo cam bien,soc_trang,severe,320.0,1,24,2024,58.7963,0.0,0.0,0,0.0,0,0,0,90,0,0,0,1980,1683,0.0,0.0,0.0
narrow,0.1,- tai neo cam bien,soc_trang,severe,320.0,2,24,2024,58.7963,0.0,0.0,0,0.0,0,0,0,90,0,0,0,1980,1683,0.0,0.0,0.0
narrow,0.1,- tai neo cam bien,soc_trang,severe,320.0,3,24,2024,58.7963,0.0,0.0,0,0.0,0,0,0,90,0,0,0,1980,1683,0.0,0.0,0.0
narrow,0.1,- tai neo cam bien,soc_trang,severe,320.0,4,24,2024,58.7963,0.0,0.0,0,0.0,0,0,0,90,0,0,0,1980,1683,0.0,0.0,0.0
narrow,0.1,- tai neo cam bien,soc_trang,severe,320.0,5,24,2024,58.7963,0.0,0.0,0,0.0,0,0,0,90,0,0,0,1980,1683,0.0,0.0,0.0
narrow,0.1,- tai neo cam bien,soc_trang,severe,320.0,6,24,2024,58.7963,0.0,0.0,0,0.0,0,0,0,90,0,0,0,1980,1683,0.0,0.0,0.0
narrow,0.1,- tai neo cam bien,soc_trang,severe,320.0,7,24,2024,58.7963,0.0,0.0,0,0.0,0,0,0,90,0,0,0,1980,1683,0.0,0.0,0.0
narrow,0.1,- tai neo cam bien,soc_trang,severe,320.0,8,24,2024,58.7963,0.0,0.0,0,0.0,0,0,0,90,0,0,0,1980,1683,0.0,0.0,0.0
narrow,0.1,- tai neo cam bien,soc_trang,severe,320.0,9,24,2024,58.7963,0.0,0.0,0,0.0,0,0,0,90,0,0,0,1980,1683,0.0,0.0,0.0
narrow,0.1,- tai neo cam bien,ca_mau,mild,320.0,0,24,2024,56.8056,0.0,0.0,0,0.0,0,0,0,90,0,0,0,1978,1680,0.0,0.0,0.0
narrow,0.1,- tai neo cam bien,ca_mau,mild,320.0,1,24,2024,56.8056,0.0,0.0,0,0.0,0,0,0,90,0,0,0,1978,1680,0.0,0.0,0.0
narrow,0.1,- tai neo cam bien,ca_mau,mild,320.0,2,24,2024,56.8056,0.0,0.0,0,0.0,0,0,0,90,0,0,0,1978,1680,0.0,0.0,0.0
narrow,0.1,- tai neo cam bien,ca_mau,mild,320.0,3,24,2024,56.8056,0.0,0.0,0,0.0,0,0,0,90,0,0,0,1978,1680,0.0,0.0,0.0
narrow,0.1,- tai neo cam bien,ca_mau,mild,320.0,4,24,2024,56.8056,0.0,0.0,0,0.0,0,0,0,90,0,0,0,1978,1680,0.0,0.0,0.0
narrow,0.1,- tai neo cam bien,ca_mau,mild,320.0,5,24,2024,56.8056,0.0,0.0,0,0.0,0,0,0,90,0,0,0,1978,1680,0.0,0.0,0.0
narrow,0.1,- tai neo cam bien,ca_mau,mild,320.0,6,24,2024,56.8056,0.0,0.0,0,0.0,0,0,0,90,0,0,0,1978,1680,0.0,0.0,0.0
narrow,0.1,- tai neo cam bien,ca_mau,mild,320.0,7,24,2024,56.8056,0.0,0.0,0,0.0,0,0,0,90,0,0,0,1978,1680,0.0,0.0,0.0
narrow,0.1,- tai neo cam bien,ca_mau,mild,320.0,8,24,2024,56.8056,0.0,0.0,0,0.0,0,0,0,90,0,0,0,1978,1680,0.0,0.0,0.0
narrow,0.1,- tai neo cam bien,ca_mau,mild,320.0,9,24,2024,56.8056,0.0,0.0,0,0.0,0,0,0,90,0,0,0,1978,1680,0.0,0.0,0.0
narrow,0.1,- tai neo cam bien,ca_mau,severe,320.0,0,24,2024,56.8056,0.0,0.0,0,0.0,0,0,0,90,0,0,0,1978,1680,0.0,0.0,0.0
narrow,0.1,- tai neo cam bien,ca_mau,severe,320.0,1,24,2024,56.8056,0.0,0.0,0,0.0,0,0,0,90,0,0,0,1978,1680,0.0,0.0,0.0
narrow,0.1,- tai neo cam bien,ca_mau,severe,320.0,2,24,2024,56.8056,0.0,0.0,0,0.0,0,0,0,90,0,0,0,1978,1680,0.0,0.0,0.0
narrow,0.1,- tai neo cam bien,ca_mau,severe,320.0,3,24,2024,56.8056,0.0,0.0,0,0.0,0,0,0,90,0,0,0,1978,1680,0.0,0.0,0.0
narrow,0.1,- tai neo cam bien,ca_mau,severe,320.0,4,24,2024,56.8056,0.0,0.0,0,0.0,0,0,0,90,0,0,0,1978,1680,0.0,0.0,0.0
narrow,0.1,- tai neo cam bien,ca_mau,severe,320.0,5,24,2024,56.8056,0.0,0.0,0,0.0,0,0,0,90,0,0,0,1978,1680,0.0,0.0,0.0
narrow,0.1,- tai neo cam bien,ca_mau,severe,320.0,6,24,2024,56.8056,0.0,0.0,0,0.0,0,0,0,90,0,0,0,1978,1680,0.0,0.0,0.0
narrow,0.1,- tai neo cam bien,ca_mau,severe,320.0,7,24,2024,56.8056,0.0,0.0,0,0.0,0,0,0,90,0,0,0,1978,1680,0.0,0.0,0.0
narrow,0.1,- tai neo cam bien,ca_mau,severe,320.0,8,24,2024,56.8056,0.0,0.0,0,0.0,0,0,0,90,0,0,0,1978,1680,0.0,0.0,0.0
narrow,0.1,- tai neo cam bien,ca_mau,severe,320.0,9,24,2024,56.8056,0.0,0.0,0,0.0,0,0,0,90,0,0,0,1978,1680,0.0,0.0,0.0
narrow,0.1,- epoch cap (quyet dinh moi gio),can_tho,mild,320.0,0,1,2024,0.0,0.0,320.0,3,60.0,16,3,13,2144,0,0,4,789,643,20.0,0.144,0.0
narrow,0.1,- epoch cap (quyet dinh moi gio),can_tho,mild,320.0,1,1,2024,0.0,0.0,320.0,4,80.0,21,6,15,2139,0,0,4,783,649,20.0,0.167,0.9623
narrow,0.1,- epoch cap (quyet dinh moi gio),can_tho,mild,320.0,2,1,2024,0.0,0.0,320.0,7,140.0,29,12,17,2131,0,0,3,781,637,20.0,0.189,1.8748
narrow,0.1,- epoch cap (quyet dinh moi gio),can_tho,mild,320.0,3,1,2024,0.0,0.0,320.0,8,160.0,17,6,11,2143,0,0,3,783,579,20.0,0.122,0.4303
narrow,0.1,- epoch cap (quyet dinh moi gio),can_tho,mild,320.0,4,1,2024,0.0,0.0,320.0,4,80.0,23,8,15,2137,0,0,6,828,725,20.0,0.167,1.2171
narrow,0.1,- epoch cap (quyet dinh moi gio),can_tho,mild,320.0,5,1,2024,0.0,0.0,320.0,7,140.0,17,6,11,2143,0,0,2,766,595,20.0,0.122,0.6066
narrow,0.1,- epoch cap (quyet dinh moi gio),can_tho,mild,320.0,6,1,2024,0.0,0.0,320.0,9,180.0,16,6,10,2144,0,0,2,775,570,20.0,0.111,0.0
narrow,0.1,- epoch cap (quyet dinh moi gio),can_tho,mild,320.0,7,1,2024,0.0,0.0,320.0,6,120.0,20,8,12,2140,0,0,4,786,599,20.0,0.133,0.9612
narrow,0.1,- epoch cap (quyet dinh moi gio),can_tho,mild,320.0,8,1,2024,0.0,0.0,320.0,2,40.0,19,5,14,2141,0,0,5,798,693,20.0,0.156,0.7454
narrow,0.1,- epoch cap (quyet dinh moi gio),can_tho,mild,320.0,9,1,2024,0.0,0.0,320.0,3,60.0,23,8,15,2137,0,0,6,807,690,20.0,0.167,1.3608
narrow,0.1,- epoch cap (quyet dinh moi gio),can_tho,severe,320.0,0,1,2024,0.0,0.0,320.0,3,60.0,36,20,16,2124,0,0,8,826,674,20.0,0.178,1.0541
narrow,0.1,- epoch cap (quyet dinh moi gio),can_tho,severe,320.0,1,1,2024,0.0,0.0,320.0,2,40.0,35,19,16,2125,0,0,9,841,719,20.0,0.178,1.1407
narrow,0.1,- epoch cap (quyet dinh moi gio),can_tho,severe,320.0,2,1,2024,0.0,0.0,320.0,6,120.0,50,33,17,2110,0,0,4,784,622,20.0,0.189,1.7759
narrow,0.1,- epoch cap (quyet dinh moi gio),can_tho,severe,320.0,3,1,2024,5.6944,0.0,320.0,7,140.0,50,34,16,2110,0,0,4,907,769,20.0,0.178,1.8734
narrow,0.1,- epoch cap (quyet dinh moi gio),can_tho,severe,320.0,4,1,2024,0.0,0.0,320.0,3,60.0,54,35,19,2106,0,0,6,786,700,20.0,0.211,1.61
narrow,0.1,- epoch cap (quyet dinh moi gio),can_tho,severe,320.0,5,1,2024,1.4352,0.0,320.0,5,100.0,36,22,14,2124,0,0,8,883,773,20.0,0.156,1.5516
narrow,0.1,- epoch cap (quyet dinh moi gio),can_tho,severe,320.0,6,1,2024,1.713,0.0,320.0,5,100.0,53,38,15,2107,0,0,8,908,746,20.0,0.167,1.7209
narrow,0.1,- epoch cap (quyet dinh moi gio),can_tho,severe,320.0,7,1,2024,0.0,0.0,320.0,6,120.0,35,21,14,2125,0,0,5,791,634,20.0,0.156,1.291
narrow,0.1,- epoch cap (quyet dinh moi gio),can_tho,severe,320.0,8,1,2024,0.0,0.0,320.0,2,40.0,51,32,19,2109,0,0,5,787,683,20.0,0.211,1.2904
narrow,0.1,- epoch cap (quyet dinh moi gio),can_tho,severe,320.0,9,1,2024,0.0,0.0,320.0,3,60.0,61,41,20,2099,0,0,9,845,724,20.0,0.222,1.6098
narrow,0.1,- epoch cap (quyet dinh moi gio),soc_trang,mild,320.0,0,1,2024,0.0,0.0,320.0,3,60.0,21,6,15,2139,0,0,6,736,802,20.0,0.167,1.1345
narrow,0.1,- epoch cap (quyet dinh moi gio),soc_trang,mild,320.0,1,1,2024,0.0,0.0,320.0,4,80.0,18,4,14,2142,0,0,4,723,854,20.0,0.156,0.6086
narrow,0.1,- epoch cap (quyet dinh moi gio),soc_trang,mild,320.0,2,1,2024,0.0,0.0,320.0,6,120.0,23,8,15,2137,0,0,5,712,773,20.0,0.167,1.6053
narrow,0.1,- epoch cap (quyet dinh moi gio),soc_trang,mild,320.0,3,1,2024,0.0,0.0,320.0,8,160.0,23,9,14,2137,0,0,4,744,746,20.0,0.156,1.2156
narrow,0.1,- epoch cap (quyet dinh moi gio),soc_trang,mild,320.0,4,1,2024,0.0,0.0,320.0,3,60.0,26,8,18,2134,0,0,6,740,869,20.0,0.2,1.5507
narrow,0.1,- epoch cap (quyet dinh moi gio),soc_trang,mild,320.0,5,1,2024,0.0,0.0,320.0,7,140.0,18,6,12,2142,0,0,5,750,763,20.0,0.133,0.7437
narrow,0.1,- epoch cap (quyet dinh moi gio),soc_trang,mild,320.0,6,1,2024,0.0,0.0,320.0,9,180.0,20,8,12,2140,0,0,4,744,760,20.0,0.133,1.36
narrow,0.1,- epoch cap (quyet dinh moi gio),soc_trang,mild,320.0,7,1,2024,0.0,0.0,320.0,5,100.0,23,9,14,2137,0,0,4,732,822,20.0,0.156,1.291
narrow,0.1,- epoch cap (quyet dinh moi gio),soc_trang,mild,320.0,8,1,2024,0.0,0.0,320.0,2,40.0,24,6,18,2136,0,0,6,728,856,20.0,0.2,1.4196
narrow,0.1,- epoch cap (quyet dinh moi gio),soc_trang,mild,320.0,9,1,2024,0.0,0.0,320.0,3,60.0,25,8,17,2135,0,0,4,731,807,20.0,0.189,1.3601
narrow,0.1,- epoch cap (quyet dinh moi gio),soc_trang,severe,320.0,0,1,2024,0.0,0.0,320.0,3,60.0,37,20,17,2123,0,0,7,756,837,20.0,0.189,1.2889
narrow,0.1,- epoch cap (quyet dinh moi gio),soc_trang,severe,320.0,1,1,2024,0.0,0.0,320.0,3,60.0,43,25,18,2117,0,0,9,815,920,20.0,0.2,1.2901
narrow,0.1,- epoch cap (quyet dinh moi gio),soc_trang,severe,320.0,2,1,2024,0.0,0.0,320.0,6,120.0,55,38,17,2105,0,0,9,763,859,20.0,0.189,1.8242
narrow,0.1,- epoch cap (quyet dinh moi gio),soc_trang,severe,320.0,3,1,2024,0.0,0.0,320.0,7,140.0,40,27,13,2120,0,0,5,821,877,20.0,0.144,1.6102
narrow,0.1,- epoch cap (quyet dinh moi gio),soc_trang,severe,320.0,4,1,2024,0.0,0.0,320.0,3,60.0,64,44,20,2096,0,0,7,824,908,20.0,0.222,1.4907
narrow,0.1,- epoch cap (quyet dinh moi gio),soc_trang,severe,320.0,5,1,2024,0.0,0.0,320.0,7,140.0,36,22,14,2124,0,0,6,745,808,20.0,0.156,1.429
narrow,0.1,- epoch cap (quyet dinh moi gio),soc_trang,severe,320.0,6,1,2024,0.0,0.0,320.0,6,120.0,42,27,15,2118,0,0,7,841,919,20.0,0.167,1.6104
narrow,0.1,- epoch cap (quyet dinh moi gio),soc_trang,severe,320.0,7,1,2024,0.0,0.0,320.0,6,120.0,33,20,13,2127,0,0,5,735,801,20.0,0.144,1.2172
narrow,0.1,- epoch cap (quyet dinh moi gio),soc_trang,severe,320.0,8,1,2024,0.0,0.0,320.0,1,20.0,55,33,22,2105,0,0,9,786,938,20.0,0.244,1.3608
narrow,0.1,- epoch cap (quyet dinh moi gio),soc_trang,severe,320.0,9,1,2024,0.0,0.0,320.0,3,60.0,46,28,18,2114,0,0,10,776,863,20.0,0.2,1.2172
narrow,0.1,- epoch cap (quyet dinh moi gio),ca_mau,mild,320.0,0,1,2024,0.0,0.0,320.0,3,60.0,22,7,15,2138,0,0,9,118,559,20.0,0.167,1.0541
narrow,0.1,- epoch cap (quyet dinh moi gio),ca_mau,mild,320.0,1,1,2024,0.0,0.0,320.0,4,80.0,23,8,15,2137,0,0,8,127,538,20.0,0.167,1.1386
narrow,0.1,- epoch cap (quyet dinh moi gio),ca_mau,mild,320.0,2,1,2024,0.0,0.0,320.0,8,160.0,22,9,13,2138,0,0,5,83,534,20.0,0.144,1.1374
narrow,0.1,- epoch cap (quyet dinh moi gio),ca_mau,mild,320.0,3,1,2024,0.0,0.0,320.0,6,120.0,21,8,13,2139,0,0,6,92,540,20.0,0.144,0.9623
narrow,0.1,- epoch cap (quyet dinh moi gio),ca_mau,mild,320.0,4,1,2024,0.0,0.0,320.0,5,100.0,20,7,13,2140,0,0,7,110,508,20.0,0.144,0.8607
narrow,0.1,- epoch cap (quyet dinh moi gio),ca_mau,mild,320.0,5,1,2024,0.0,0.0,320.0,7,140.0,19,6,13,2141,0,0,5,79,539,20.0,0.144,0.7454
narrow,0.1,- epoch cap (quyet dinh moi gio),ca_mau,mild,320.0,6,1,2024,0.0,0.0,320.0,8,160.0,17,6,11,2143,0,0,8,123,500,20.0,0.122,0.6084
narrow,0.1,- epoch cap (quyet dinh moi gio),ca_mau,mild,320.0,7,1,2024,0.0,0.0,320.0,6,120.0,20,8,12,2140,0,0,7,106,490,20.0,0.133,0.8607
narrow,0.1,- epoch cap (quyet dinh moi gio),ca_mau,mild,320.0,8,1,2024,0.0,0.0,320.0,2,40.0,18,4,14,2142,0,0,6,93,573,20.0,0.156,0.6086
narrow,0.1,- epoch cap (quyet dinh moi gio),ca_mau,mild,320.0,9,1,2024,0.0,0.0,320.0,3,60.0,19,4,15,2141,0,0,8,108,574,20.0,0.167,0.8598
narrow,0.1,- epoch cap (quyet dinh moi gio),ca_mau,severe,320.0,0,1,2024,0.0,0.0,320.0,2,40.0,44,26,18,2116,0,0,10,151,535,20.0,0.2,1.215
narrow,0.1,- epoch cap (quyet dinh moi gio),ca_mau,severe,320.0,1,1,2024,0.0,0.0,320.0,3,60.0,33,19,14,2127,0,0,8,774,832,20.0,0.156,1.2484
narrow,0.1,- epoch cap (quyet dinh moi gio),ca_mau,severe,320.0,2,1,2024,0.0,0.0,320.0,7,140.0,31,19,12,2129,0,0,5,821,851,20.0,0.133,1.217
narrow,0.1,- epoch cap (quyet dinh moi gio),ca_mau,severe,320.0,3,1,2024,0.0,0.0,320.0,5,100.0,49,35,14,2111,0,0,9,807,783,20.0,0.156,1.4265
narrow,0.1,- epoch cap (quyet dinh moi gio),ca_mau,severe,320.0,4,1,2024,0.0,0.0,320.0,2,40.0,53,35,18,2107,0,0,8,149,527,20.0,0.2,1.49
narrow,0.1,- epoch cap (quyet dinh moi gio),ca_mau,severe,320.0,5,1,2024,0.0,0.0,320.0,5,100.0,47,31,16,2113,0,0,8,106,494,20.0,0.178,1.72
narrow,0.1,- epoch cap (quyet dinh moi gio),ca_mau,severe,320.0,6,1,2024,0.0,0.0,320.0,7,140.0,67,47,20,2093,0,0,10,136,500,20.0,0.222,1.9717
narrow,0.1,- epoch cap (quyet dinh moi gio),ca_mau,severe,320.0,7,1,2024,0.0,0.0,320.0,3,60.0,61,41,20,2099,0,0,10,136,568,20.0,0.222,1.8242
narrow,0.1,- epoch cap (quyet dinh moi gio),ca_mau,severe,320.0,8,1,2024,0.0,0.0,320.0,1,20.0,49,30,19,2111,0,0,9,144,562,20.0,0.211,1.1368
narrow,0.1,- epoch cap (quyet dinh moi gio),ca_mau,severe,320.0,9,1,2024,0.0,0.0,320.0,2,40.0,57,38,19,2103,0,0,12,146,549,20.0,0.211,1.3608
narrow,0.1,- cong chance-constrained,can_tho,mild,320.0,0,24,2024,16.8056,0.0,320.0,0,0.0,8,1,7,0,0,0,2,1141,874,53.33,0.078,0.6086
narrow,0.1,- cong chance-constrained,can_tho,mild,320.0,1,24,2024,16.9444,0.0,320.0,1,60.0,7,1,6,0,0,0,2,1135,853,53.33,0.067,0.0015
narrow,0.1,- cong chance-constrained,can_tho,mild,320.0,2,24,2024,24.4907,0.0,320.0,3,140.0,6,1,5,0,0,0,1,1268,970,53.33,0.056,0.0
narrow,0.1,- cong chance-constrained,can_tho,mild,320.0,3,24,2024,24.3981,0.0,320.0,2,120.0,8,2,6,0,0,0,2,1277,991,53.33,0.067,0.6086
narrow,0.1,- cong chance-constrained,can_tho,mild,320.0,4,24,2024,22.4074,0.0,320.0,1,60.0,10,3,7,0,0,0,2,1263,971,53.33,0.078,1.8937
narrow,0.1,- cong chance-constrained,can_tho,mild,320.0,5,24,2024,24.3981,0.0,320.0,1,60.0,8,2,6,0,0,0,2,1277,991,53.33,0.067,0.6086
narrow,0.1,- cong chance-constrained,can_tho,mild,320.0,6,24,2024,24.4907,0.0,320.0,3,180.0,7,2,5,0,0,0,1,1268,971,53.33,0.056,0.8302
narrow,0.1,- cong chance-constrained,can_tho,mild,320.0,7,24,2024,16.9444,0.0,320.0,2,120.0,8,2,6,0,0,0,2,1136,854,53.33,0.067,0.9512
narrow,0.1,- cong chance-constrained,can_tho,mild,320.0,8,24,2024,23.4722,0.0,320.0,1,60.0,9,3,6,0,0,0,2,1261,971,53.33,0.067,1.5308
narrow,0.1,- cong chance-constrained,can_tho,mild,320.0,9,24,2024,16.9444,0.0,320.0,0,0.0,9,3,6,0,0,0,2,1137,855,53.33,0.067,1.0441
narrow,0.1,- cong chance-constrained,can_tho,severe,320.0,0,24,2024,16.9444,0.0,320.0,0,0.0,12,5,7,0,0,0,2,1136,856,53.33,0.078,1.2074
narrow,0.1,- cong chance-constrained,can_tho,severe,320.0,1,24,2024,23.4722,0.0,320.0,1,60.0,19,12,7,0,0,0,2,1257,974,53.33,0.078,1.5274
narrow,0.1,- cong chance-constrained,can_tho,severe,320.0,2,24,2024,16.9444,0.0,320.0,0,0.0,15,9,6,0,0,0,2,1138,857,53.33,0.067,1.6028
narrow,0.1,- cong chance-constrained,can_tho,severe,320.0,3,24,2024,17.3611,0.0,320.0,2,120.0,38,27,11,0,0,1,2,1267,986,53.33,0.122,3.3001
narrow,0.1,- cong chance-constrained,can_tho,severe,320.0,4,24,2024,16.6204,0.0,320.0,0,0.0,24,16,8,0,0,0,1,1130,846,53.33,0.089,1.527
narrow,0.1,- cong chance-constrained,can_tho,severe,320.0,5,24,2024,15.6019,0.0,320.0,1,20.0,18,10,8,0,0,0,3,1109,842,53.33,0.089,1.8596
narrow,0.1,- cong chance-constrained,can_tho,severe,320.0,6,24,2024,23.4722,0.0,320.0,1,60.0,16,10,6,0,0,0,2,1261,975,53.33,0.067,1.5398
narrow,0.1,- cong chance-constrained,can_tho,severe,320.0,7,24,2024,23.4722,0.0,320.0,1,60.0,19,12,7,0,0,0,2,1264,975,53.33,0.078,1.5521
narrow,0.1,- cong chance-constrained,can_tho,severe,320.0,8,24,2024,24.4907,0.0,320.0,1,60.0,9,4,5,0,0,0,1,1268,972,53.33,0.056,0.8987
narrow,0.1,- cong chance-constrained,can_tho,severe,320.0,9,24,2024,24.4907,0.0,320.0,1,60.0,8,3,5,0,0,0,1,1268,972,53.33,0.056,0.8528
narrow,0.1,- cong chance-constrained,soc_trang,mild,320.0,0,24,2024,14.537,0.0,320.0,0,0.0,8,1,7,0,0,0,2,1084,914,53.33,0.078,1.2907
narrow,0.1,- cong chance-constrained,soc_trang,mild,320.0,1,24,2024,22.2222,0.0,320.0,1,60.0,9,3,6,0,0,0,3,1221,1046,53.33,0.067,1.4031
narrow,0.1,- cong chance-constrained,soc_trang,mild,320.0,2,24,2024,23.3333,0.0,320.0,1,60.0,8,3,5,0,0,0,2,1228,1047,53.33,0.056,1.0169
narrow,0.1,- cong chance-constrained,soc_trang,mild,320.0,3,24,2024,22.2222,0.0,320.0,3,140.0,8,2,6,0,0,0,2,1229,1044,53.33,0.067,1.2907
narrow,0.1,- cong chance-constrained,soc_trang,mild,320.0,4,24,2024,23.3333,0.0,320.0,1,60.0,6,1,5,0,0,0,2,1227,1045,53.33,0.056,0.0
narrow,0.1,- cong chance-constrained,soc_trang,mild,320.0,5,24,2024,23.3333,0.0,320.0,2,80.0,6,1,5,0,0,0,2,1227,1045,53.33,0.056,0.0
narrow,0.1,- cong chance-constrained,soc_trang,mild,320.0,6,24,2024,23.3333,0.0,320.0,2,120.0,8,3,5,0,0,0,2,1227,1047,53.33,0.056,1.2388
narrow,0.1,- cong chance-constrained,soc_trang,mild,320.0,7,24,2024,23.3333,0.0,320.0,2,120.0,8,3,5,0,0,0,2,1228,1046,53.33,0.056,0.912
narrow,0.1,- cong chance-constrained,soc_trang,mild,320.0,8,24,2024,23.3333,0.0,320.0,1,60.0,6,1,5,0,0,0,2,1227,1045,53.33,0.056,0.0
narrow,0.1,- cong chance-constrained,soc_trang,mild,320.0,9,24,2024,23.3333,0.0,320.0,1,60.0,6,1,5,0,0,0,2,1227,1045,53.33,0.056,0.0
narrow,0.1,- cong chance-constrained,soc_trang,severe,320.0,0,24,2024,12.2222,0.0,320.0,0,0.0,26,15,11,0,0,0,3,1101,961,53.33,0.122,2.0772
narrow,0.1,- cong chance-constrained,soc_trang,severe,320.0,1,24,2024,14.537,0.0,320.0,1,60.0,17,10,7,0,0,0,3,1076,920,53.33,0.078,0.8583
narrow,0.1,- cong chance-constrained,soc_trang,severe,320.0,2,24,2024,23.3333,0.0,320.0,1,60.0,12,7,5,0,0,0,2,1228,1049,53.33,0.056,1.3476
narrow,0.1,- cong chance-constrained,soc_trang,severe,320.0,3,24,2024,18.1481,0.0,320.0,2,120.0,38,27,11,0,0,1,1,1248,1064,53.33,0.122,3.274
narrow,0.1,- cong chance-constrained,soc_trang,severe,320.0,4,24,2024,14.537,0.0,320.0,0,0.0,16,9,7,0,0,0,3,1078,920,53.33,0.078,1.2392
narrow,0.1,- cong chance-constrained,soc_trang,severe,320.0,5,24,2024,15.6944,0.0,320.0,1,20.0,13,7,6,0,0,0,2,1088,920,53.33,0.067,1.3069
narrow,0.1,- cong chance-constrained,soc_trang,severe,320.0,6,24,2024,19.1667,0.0,320.0,1,60.0,28,19,9,0,0,0,3,1245,1090,53.33,0.1,2.3166
narrow,0.1,- cong chance-constrained,soc_trang,severe,320.0,7,24,2024,21.2037,0.0,320.0,1,60.0,21,14,7,0,0,0,2,1232,1055,53.33,0.078,1.8582
narrow,0.1,- cong chance-constrained,soc_trang,severe,320.0,8,24,2024,19.9537,0.0,320.0,1,60.0,24,16,8,0,0,0,2,1235,1072,53.33,0.089,2.577
narrow,0.1,- cong chance-constrained,soc_trang,severe,320.0,9,24,2024,15.6944,0.0,320.0,0,0.0,15,9,6,0,0,0,2,1086,923,53.33,0.067,0.0
narrow,0.1,- cong chance-constrained,ca_mau,mild,320.0,0,24,2024,12.4074,0.0,320.0,0,0.0,8,1,7,0,0,0,3,1044,904,53.33,0.078,1.296
narrow,0.1,- cong chance-constrained,ca_mau,mild,320.0,1,24,2024,20.0463,0.0,320.0,1,60.0,9,3,6,0,0,0,2,1195,1044,53.33,0.067,1.2933
narrow,0.1,- cong chance-constrained,ca_mau,mild,320.0,2,24,2024,21.1574,0.0,320.0,2,80.0,7,2,5,0,0,0,1,1197,1034,53.33,0.056,0.891
narrow,0.1,- cong chance-constrained,ca_mau,mild,320.0,3,24,2024,20.0463,0.0,320.0,3,140.0,8,2,6,0,0,0,2,1214,1044,53.33,0.067,1.296
narrow,0.1,- cong chance-constrained,ca_mau,mild,320.0,4,24,2024,21.1574,0.0,320.0,1,60.0,6,1,5,0,0,0,1,1197,1033,53.33,0.056,0.0
narrow,0.1,- cong chance-constrained,ca_mau,mild,320.0,5,24,2024,21.1574,0.0,320.0,2,80.0,6,1,5,0,0,0,1,1197,1033,53.33,0.056,0.0
narrow,0.1,- cong chance-constrained,ca_mau,mild,320.0,6,24,2024,21.1574,0.0,320.0,2,120.0,8,3,5,0,0,0,1,1197,1035,53.33,0.056,1.1971
narrow,0.1,- cong chance-constrained,ca_mau,mild,320.0,7,24,2024,20.9722,0.0,320.0,2,120.0,10,4,6,0,0,0,2,1212,1056,53.33,0.067,1.0997
narrow,0.1,- cong chance-constrained,ca_mau,mild,320.0,8,24,2024,20.9722,0.0,320.0,1,60.0,9,3,6,0,0,0,2,1212,1056,53.33,0.067,0.7454
narrow,0.1,- cong chance-constrained,ca_mau,mild,320.0,9,24,2024,21.1574,0.0,320.0,1,60.0,6,1,5,0,0,0,1,1197,1033,53.33,0.056,0.0
narrow,0.1,- cong chance-constrained,ca_mau,severe,320.0,0,24,2024,11.25,0.0,320.0,0,0.0,22,12,10,0,0,0,3,1059,931,53.33,0.111,1.922
narrow,0.1,- cong chance-constrained,ca_mau,severe,320.0,1,24,2024,12.037,0.0,320.0,1,60.0,20,12,8,0,0,0,3,1028,892,53.33,0.089,1.2366
narrow,0.1,- cong chance-constrained,ca_mau,severe,320.0,2,24,2024,21.1574,0.0,320.0,1,60.0,13,8,5,0,0,0,1,1197,1038,53.33,0.056,1.2578
narrow,0.1,- cong chance-constrained,ca_mau,severe,320.0,3,24,2024,14.6759,0.0,320.0,2,120.0,34,23,11,0,0,1,2,1194,1023,53.33,0.122,3.2504
narrow,0.1,- cong chance-constrained,ca_mau,severe,320.0,4,24,2024,12.3148,0.0,320.0,0,0.0,20,12,8,0,0,0,3,1049,929,53.33,0.089,1.2724
narrow,0.1,- cong chance-constrained,ca_mau,severe,320.0,5,24,2024,14.2593,0.0,320.0,1,20.0,13,7,6,0,0,0,2,1039,908,53.33,0.067,1.5822
narrow,0.1,- cong chance-constrained,ca_mau,severe,320.0,6,24,2024,18.7963,0.0,320.0,1,60.0,28,19,9,0,0,0,3,1205,1070,53.33,0.1,2.246
narrow,0.1,- cong chance-constrained,ca_mau,severe,320.0,7,24,2024,19.7222,0.0,320.0,1,60.0,21,14,7,0,0,0,2,1195,1042,53.33,0.078,1.8104
narrow,0.1,- cong chance-constrained,ca_mau,severe,320.0,8,24,2024,18.8889,0.0,320.0,1,60.0,24,16,8,0,0,0,2,1196,1050,53.33,0.089,2.4851
narrow,0.1,- cong chance-constrained,ca_mau,severe,320.0,9,24,2024,14.2593,0.0,320.0,0,0.0,15,9,6,0,0,0,2,1039,911,53.33,0.067,0.0
narrow,0.1,- luat thich ung (centre co dinh),can_tho,mild,320.0,0,24,2024,0.0,0.0,320.0,3,60.0,18,4,14,76,0,0,13,979,745,20.0,0.156,0.6086
narrow,0.1,- luat thich ung (centre co dinh),can_tho,mild,320.0,1,24,2024,0.0,0.0,320.0,4,80.0,18,5,13,77,0,0,13,948,743,20.0,0.144,0.9619
narrow,0.1,- luat thich ung (centre co dinh),can_tho,mild,320.0,2,24,2024,0.0,0.0,320.0,5,100.0,23,9,14,76,0,0,12,951,738,20.0,0.156,1.1386
narrow,0.1,- luat thich ung (centre co dinh),can_tho,mild,320.0,3,24,2024,0.0,0.0,320.0,7,140.0,19,6,13,77,0,0,12,940,727,20.0,0.144,0.7454
narrow,0.1,- luat thich ung (centre co dinh),can_tho,mild,320.0,4,24,2024,0.0,0.0,320.0,5,100.0,16,4,12,78,0,0,12,949,728,20.0,0.133,0.0
narrow,0.1,- luat thich ung (centre co dinh),can_tho,mild,320.0,5,24,2024,0.0,0.0,320.0,7,140.0,17,5,12,78,0,0,12,958,728,20.0,0.133,0.4303
narrow,0.1,- luat thich ung (centre co dinh),can_tho,mild,320.0,6,24,2024,0.0,0.0,320.0,8,160.0,17,6,11,79,0,0,11,922,714,20.0,0.122,0.4303
narrow,0.1,- luat thich ung (centre co dinh),can_tho,mild,320.0,7,24,2024,0.0,0.0,320.0,6,120.0,18,7,11,79,0,0,10,914,692,20.0,0.122,0.9622
narrow,0.1,- luat thich ung (centre co dinh),can_tho,mild,320.0,8,24,2024,0.0,0.0,320.0,2,40.0,21,5,16,74,0,0,15,990,802,20.0,0.178,1.0541
narrow,0.1,- luat thich ung (centre co dinh),can_tho,mild,320.0,9,24,2024,0.0,0.0,320.0,3,60.0,18,4,14,76,0,0,14,979,770,20.0,0.156,0.6086
narrow,0.1,- luat thich ung (centre co dinh),can_tho,severe,320.0,0,24,2024,0.0,0.0,320.0,2,40.0,52,31,21,69,0,1,14,472,873,20.0,0.233,1.5516
narrow,0.1,- luat thich ung (centre co dinh),can_tho,severe,320.0,1,24,2024,0.0,0.0,320.0,3,60.0,54,35,19,71,0,1,12,1101,892,20.0,0.211,1.3652
narrow,0.1,- luat thich ung (centre co dinh),can_tho,severe,320.0,2,24,2024,0.0,0.0,320.0,3,60.0,56,40,16,74,0,1,12,1074,880,20.0,0.178,1.5516
narrow,0.1,- luat thich ung (centre co dinh),can_tho,severe,320.0,3,24,2024,3.8426,0.0,320.0,6,120.0,59,41,18,72,0,1,10,521,809,21.33,0.2,1.8757
narrow,0.1,- luat thich ung (centre co dinh),can_tho,severe,320.0,4,24,2024,0.0,0.0,320.0,2,40.0,40,25,15,75,0,0,14,969,776,20.0,0.167,1.291
narrow,0.1,- luat thich ung (centre co dinh),can_tho,severe,320.0,5,24,2024,0.0,0.0,320.0,4,80.0,36,22,14,76,0,0,13,977,768,20.0,0.156,1.4311
narrow,0.1,- luat thich ung (centre co dinh),can_tho,severe,320.0,6,24,2024,0.0,0.0,320.0,7,140.0,55,38,17,73,0,0,12,1004,770,20.0,0.189,2.1082
narrow,0.1,- luat thich ung (centre co dinh),can_tho,severe,320.0,7,24,2024,3.75,0.0,320.0,3,80.0,43,28,15,75,0,1,10,494,805,22.86,0.167,1.7743
narrow,0.1,- luat thich ung (centre co dinh),can_tho,severe,320.0,8,24,2024,0.0,0.0,320.0,2,40.0,41,24,17,73,0,0,14,419,837,20.0,0.189,1.0541
narrow,0.1,- luat thich ung (centre co dinh),can_tho,severe,320.0,9,24,2024,0.0,0.0,320.0,2,40.0,45,26,19,71,0,0,14,389,824,20.0,0.211,1.4272
narrow,0.1,- luat thich ung (centre co dinh),soc_trang,mild,320.0,0,24,2024,0.0,0.0,300.0,3,60.0,22,6,16,74,0,0,14,1051,1143,20.0,0.178,1.2172
narrow,0.1,- luat thich ung (centre co dinh),soc_trang,mild,320.0,1,24,2024,0.0,0.0,320.0,4,80.0,17,3,14,76,0,0,14,355,729,20.0,0.156,0.4303
narrow,0.1,- luat thich ung (centre co dinh),soc_trang,mild,320.0,2,24,2024,0.0,0.0,320.0,8,160.0,18,6,12,78,0,0,12,283,774,20.0,0.133,0.6086
narrow,0.1,- luat thich ung (centre co dinh),soc_trang,mild,320.0,3,24,2024,0.0,0.0,320.0,8,160.0,20,8,12,78,0,0,11,251,785,20.0,0.133,0.8607
narrow,0.1,- luat thich ung (centre co dinh),soc_trang,mild,320.0,4,24,2024,0.0,0.0,320.0,5,100.0,22,7,15,75,0,1,12,411,773,20.0,0.167,1.2909
narrow,0.1,- luat thich ung (centre co dinh),soc_trang,mild,320.0,5,24,2024,0.0,0.0,320.0,6,120.0,20,7,13,77,0,0,11,280,716,20.0,0.144,0.8607
narrow,0.1,- luat thich ung (centre co dinh),soc_trang,mild,320.0,6,24,2024,0.0,0.0,320.0,9,180.0,17,6,11,79,0,0,11,246,804,20.0,0.122,0.4303
narrow,0.1,- luat thich ung (centre co dinh),soc_trang,mild,320.0,7,24,2024,0.0,0.0,320.0,6,120.0,17,6,11,79,0,0,11,286,681,20.0,0.122,0.4303
narrow,0.1,- luat thich ung (centre co dinh),soc_trang,mild,320.0,8,24,2024,0.0,0.0,320.0,2,40.0,22,4,18,72,0,0,16,403,836,20.0,0.2,1.3608
narrow,0.1,- luat thich ung (centre co dinh),soc_trang,mild,320.0,9,24,2024,0.0,0.0,320.0,3,60.0,19,5,14,76,0,0,13,327,672,20.0,0.156,1.054
narrow,0.1,- luat thich ung (centre co dinh),soc_trang,severe,320.0,0,24,2024,0.0,0.0,300.0,2,40.0,54,35,19,71,0,0,14,526,996,20.0,0.211,1.291
narrow,0.1,- luat thich ung (centre co dinh),soc_trang,severe,320.0,1,24,2024,0.0,0.0,320.0,4,80.0,39,24,15,75,0,0,14,418,995,20.0,0.167,0.9623
narrow,0.1,- luat thich ung (centre co dinh),soc_trang,severe,320.0,2,24,2024,0.0,0.0,320.0,5,100.0,38,24,14,76,0,0,13,399,973,20.0,0.156,1.4907
narrow,0.1,- luat thich ung (centre co dinh),soc_trang,severe,320.0,3,24,2024,4.7685,0.0,320.0,5,100.0,46,31,15,75,0,1,10,546,838,21.33,0.167,1.6666
narrow,0.1,- luat thich ung (centre co dinh),soc_trang,severe,320.0,4,24,2024,0.0,0.0,320.0,4,80.0,38,23,15,75,0,0,13,331,703,20.0,0.167,1.2351
narrow,0.1,- luat thich ung (centre co dinh),soc_trang,severe,320.0,5,24,2024,0.0,0.0,320.0,6,120.0,26,15,11,79,0,0,11,969,982,20.0,0.122,0.9687
narrow,0.1,- luat thich ung (centre co dinh),soc_trang,severe,320.0,6,24,2024,0.0,0.0,320.0,9,180.0,37,25,12,78,0,0,10,948,951,20.0,0.133,1.5064
narrow,0.1,- luat thich ung (centre co dinh),soc_trang,severe,320.0,7,24,2024,4.7685,0.0,300.0,2,60.0,47,31,16,74,0,1,10,555,899,23.08,0.178,1.6101
narrow,0.1,- luat thich ung (centre co dinh),soc_trang,severe,320.0,8,24,2024,7.2685,0.0,260.0,2,40.0,53,34,19,71,0,1,10,652,1178,21.67,0.211,1.291
narrow,0.1,- luat thich ung (centre co dinh),soc_trang,severe,320.0,9,24,2024,5.8796,0.0,280.0,1,20.0,34,18,16,74,0,1,11,633,956,21.54,0.178,1.291
narrow,0.1,- luat thich ung (centre co dinh),ca_mau,mild,320.0,0,24,2024,0.0,0.0,300.0,3,60.0,21,6,15,75,0,0,13,378,768,20.0,0.167,1.1386
narrow,0.1,- luat thich ung (centre co dinh),ca_mau,mild,320.0,1,24,2024,0.0,0.0,320.0,4,80.0,17,4,13,77,0,0,13,345,724,20.0,0.144,0.6085
narrow,0.1,- luat thich ung (centre co dinh),ca_mau,mild,320.0,2,24,2024,0.0,0.0,300.0,6,120.0,20,7,13,77,0,0,12,340,735,20.0,0.144,1.0541
narrow,0.1,- luat thich ung (centre co dinh),ca_mau,mild,320.0,3,24,2024,0.0,0.0,300.0,7,140.0,18,6,12,78,0,0,11,305,756,20.0,0.133,0.7454
narrow,0.1,- luat thich ung (centre co dinh),ca_mau,mild,320.0,4,24,2024,0.0,0.0,300.0,5,100.0,18,5,13,77,0,0,12,291,752,20.0,0.144,0.7454
narrow,0.1,- luat thich ung (centre co dinh),ca_mau,mild,320.0,5,24,2024,0.0,0.0,300.0,5,100.0,22,8,14,76,0,1,11,427,748,20.0,0.156,1.1386
narrow,0.1,- luat thich ung (centre co dinh),ca_mau,mild,320.0,6,24,2024,0.0,0.0,320.0,9,180.0,16,6,10,80,0,0,10,246,547,20.0,0.111,0.0
narrow,0.1,- luat thich ung (centre co dinh),ca_mau,mild,320.0,7,24,2024,0.0,0.0,300.0,6,120.0,19,7,12,78,0,0,11,264,763,20.0,0.133,0.9622
narrow,0.1,- luat thich ung (centre co dinh),ca_mau,mild,320.0,8,24,2024,0.0,0.0,300.0,2,40.0,17,4,13,77,0,0,13,263,804,20.0,0.144,0.6086
narrow,0.1,- luat thich ung (centre co dinh),ca_mau,mild,320.0,9,24,2024,0.0,0.0,300.0,3,60.0,20,7,13,77,0,0,12,352,738,20.0,0.144,0.9623
narrow,0.1,- luat thich ung (centre co dinh),ca_mau,severe,320.0,0,24,2024,0.0,0.0,280.0,3,60.0,49,30,19,71,0,1,12,1056,1097,20.0,0.211,1.3608
narrow,0.1,- luat thich ung (centre co dinh),ca_mau,severe,320.0,1,24,2024,5.3704,0.0,240.0,0,0.0,53,35,18,72,0,2,9,1281,1226,21.82,0.2,1.3608
narrow,0.1,- luat thich ung (centre co dinh),ca_mau,severe,320.0,2,24,2024,0.0,0.0,320.0,6,120.0,48,33,15,75,0,1,10,997,902,20.0,0.167,1.5557
narrow,0.1,- luat thich ung (centre co dinh),ca_mau,severe,320.0,3,24,2024,3.9815,0.0,280.0,4,80.0,44,30,14,76,0,1,9,477,813,21.54,0.156,1.5516
narrow,0.1,- luat thich ung (centre co dinh),ca_mau,severe,320.0,4,24,2024,0.0,0.0,300.0,5,100.0,28,16,12,78,0,0,11,329,749,20.0,0.133,1.1385
narrow,0.1,- luat thich ung (centre co dinh),ca_mau,severe,320.0,5,24,2024,0.0,0.0,320.0,5,100.0,41,27,14,76,0,0,11,359,679,20.0,0.156,1.8351
narrow,0.1,- luat thich ung (centre co dinh),ca_mau,severe,320.0,6,24,2024,0.0,0.0,320.0,7,140.0,35,23,12,78,0,0,11,311,636,20.0,0.133,1.4347
narrow,0.1,- luat thich ung (centre co dinh),ca_mau,severe,320.0,7,24,2024,0.0,0.0,280.0,3,60.0,65,47,18,72,0,1,10,1096,1047,20.0,0.2,1.8758
narrow,0.1,- luat thich ung (centre co dinh),ca_mau,severe,320.0,8,24,2024,0.0,0.0,280.0,1,20.0,64,41,23,67,0,1,13,539,984,20.0,0.256,1.8257
narrow,0.1,- luat thich ung (centre co dinh),ca_mau,severe,320.0,9,24,2024,0.0,0.0,300.0,1,20.0,37,21,16,74,0,0,14,390,821,20.0,0.178,1.291
narrow,0.1,Oracle (thong tin hoan hao),can_tho,mild,320.0,0,24,2024,0.0,0.0,260.0,1,40.0,14,4,10,0,0,9,1,991,1188,26.0,0.111,1.6101
narrow,0.1,Oracle (thong tin hoan hao),can_tho,mild,320.0,1,24,2024,0.0,0.0,260.0,1,20.0,10,0,10,0,0,9,1,987,1185,26.0,0.111,0.0
narrow,0.1,Oracle (thong tin hoan hao),can_tho,mild,320.0,2,24,2024,0.0,0.0,260.0,5,140.0,13,3,10,0,0,9,1,990,1186,26.0,0.111,1.0541
narrow,0.1,Oracle (thong tin hoan hao),can_tho,mild,320.0,3,24,2024,0.0,0.0,260.0,4,100.0,20,10,10,0,0,9,1,997,1192,26.0,0.111,2.396
narrow,0.1,Oracle (thong tin hoan hao),can_tho,mild,320.0,4,24,2024,0.0,0.0,260.0,2,60.0,14,4,10,0,0,9,1,991,1185,26.0,0.111,0.8607
narrow,0.1,Oracle (thong tin hoan hao),can_tho,mild,320.0,5,24,2024,0.0,0.0,260.0,2,60.0,20,10,10,0,0,9,1,997,1185,26.0,0.111,1.3608
narrow,0.1,Oracle (thong tin hoan hao),can_tho,mild,320.0,6,24,2024,0.0,0.0,260.0,5,140.0,12,2,10,0,0,9,1,989,1185,26.0,0.111,0.6086
narrow,0.1,Oracle (thong tin hoan hao),can_tho,mild,320.0,7,24,2024,0.0,0.0,260.0,3,80.0,14,4,10,0,0,9,1,991,1185,26.0,0.111,1.387
narrow,0.1,Oracle (thong tin hoan hao),can_tho,mild,320.0,8,24,2024,0.0,0.0,260.0,1,20.0,10,0,10,0,0,9,1,987,1185,26.0,0.111,0.0
narrow,0.1,Oracle (thong tin hoan hao),can_tho,mild,320.0,9,24,2024,0.0,0.0,260.0,2,60.0,18,8,10,0,0,9,1,995,1189,26.0,0.111,2.2106
narrow,0.1,Oracle (thong tin hoan hao),can_tho,severe,320.0,0,24,2024,0.0,0.0,260.0,1,40.0,26,16,10,0,0,9,1,1003,1186,26.0,0.111,1.3608
narrow,0.1,Oracle (thong tin hoan hao),can_tho,severe,320.0,1,24,2024,0.0,0.0,260.0,0,0.0,30,20,10,0,0,9,1,989,1186,26.0,0.111,1.2172
narrow,0.1,Oracle (thong tin hoan hao),can_tho,severe,320.0,2,24,2024,0.0,0.0,260.0,1,20.0,35,25,10,0,0,9,1,993,1198,26.0,0.111,3.5314
narrow,0.1,Oracle (thong tin hoan hao),can_tho,severe,320.0,3,24,2024,0.0,0.0,260.0,2,60.0,27,17,10,0,0,9,1,1004,1186,26.0,0.111,1.4272
narrow,0.1,Oracle (thong tin hoan hao),can_tho,severe,320.0,4,24,2024,0.0,0.0,260.0,1,40.0,21,11,10,0,0,9,1,998,1186,26.0,0.111,0.8607
narrow,0.1,Oracle (thong tin hoan hao),can_tho,severe,320.0,5,24,2024,0.0,0.0,260.0,2,40.0,17,7,10,0,0,9,1,994,1188,26.0,0.111,1.4272
narrow,0.1,Oracle (thong tin hoan hao),can_tho,severe,320.0,6,24,2024,0.0,0.0,260.0,4,120.0,40,30,10,0,0,9,1,1007,1186,26.0,0.111,2.0638
narrow,0.1,Oracle (thong tin hoan hao),can_tho,severe,320.0,7,24,2024,0.0,0.0,260.0,3,80.0,25,15,10,0,0,8,2,988,1186,26.0,0.111,1.9696
narrow,0.1,Oracle (thong tin hoan hao),can_tho,severe,320.0,8,24,2024,0.0,0.0,260.0,0,0.0,37,27,10,0,0,9,1,1010,1189,26.0,0.111,2.1994
narrow,0.1,Oracle (thong tin hoan hao),can_tho,severe,320.0,9,24,2024,0.0,0.0,260.0,1,20.0,18,8,10,0,0,9,1,995,1187,26.0,0.111,0.9623
narrow,0.1,Oracle (thong tin hoan hao),soc_trang,mild,320.0,0,24,2024,0.0,0.0,260.0,1,40.0,15,5,10,0,0,7,3,900,1165,26.0,0.111,1.4272
narrow,0.1,Oracle (thong tin hoan hao),soc_trang,mild,320.0,1,24,2024,0.0,0.0,260.0,1,20.0,13,3,10,0,0,7,3,898,1165,26.0,0.111,1.291
narrow,0.1,Oracle (thong tin hoan hao),soc_trang,mild,320.0,2,24,2024,0.0,0.0,260.0,5,160.0,13,3,10,0,0,7,3,898,1163,26.0,0.111,0.7454
narrow,0.1,Oracle (thong tin hoan hao),soc_trang,mild,320.0,3,24,2024,0.0,0.0,260.0,4,120.0,16,6,10,0,0,7,3,901,1163,26.0,0.111,1.1386
narrow,0.1,Oracle (thong tin hoan hao),soc_trang,mild,320.0,4,24,2024,0.0,0.0,260.0,2,60.0,10,0,10,0,0,7,3,895,1163,26.0,0.111,0.0
narrow,0.1,Oracle (thong tin hoan hao),soc_trang,mild,320.0,5,24,2024,0.0,0.0,260.0,4,120.0,10,0,10,0,0,7,3,895,1163,26.0,0.111,0.0
narrow,0.1,Oracle (thong tin hoan hao),soc_trang,mild,320.0,6,24,2024,0.0,0.0,260.0,6,180.0,10,0,10,0,0,7,3,895,1163,26.0,0.111,0.0
narrow,0.1,Oracle (thong tin hoan hao),soc_trang,mild,320.0,7,24,2024,0.0,0.0,260.0,3,100.0,11,1,10,0,0,7,3,896,1163,26.0,0.111,0.4303
narrow,0.1,Oracle (thong tin hoan hao),soc_trang,mild,320.0,8,24,2024,0.0,0.0,260.0,1,20.0,14,4,10,0,0,7,3,899,1166,26.0,0.111,1.5516
narrow,0.1,Oracle (thong tin hoan hao),soc_trang,mild,320.0,9,24,2024,0.0,0.0,260.0,2,60.0,15,5,10,0,0,7,3,900,1163,26.0,0.111,0.9623
narrow,0.1,Oracle (thong tin hoan hao),soc_trang,severe,320.0,0,24,2024,0.0,0.0,260.0,0,0.0,31,21,10,0,0,7,3,913,1163,26.0,0.111,2.7673
narrow,0.1,Oracle (thong tin hoan hao),soc_trang,severe,320.0,1,24,2024,0.0,0.0,260.0,0,0.0,29,19,10,0,0,7,3,914,1167,26.0,0.111,1.5934
narrow,0.1,Oracle (thong tin hoan hao),soc_trang,severe,320.0,2,24,2024,0.0,0.0,260.0,4,120.0,23,13,10,0,0,7,3,908,1164,26.0,0.111,1.7213
narrow,0.1,Oracle (thong tin hoan hao),soc_trang,severe,320.0,3,24,2024,0.0,0.0,260.0,3,80.0,37,27,10,0,0,7,3,913,1145,26.0,0.111,2.5437
narrow,0.1,Oracle (thong tin hoan hao),soc_trang,severe,320.0,4,24,2024,0.0,0.0,260.0,1,40.0,62,52,10,0,0,7,2,890,1181,26.0,0.111,3.9598
narrow,0.1,Oracle (thong tin hoan hao),soc_trang,severe,320.0,5,24,2024,0.0,0.0,260.0,2,60.0,26,16,10,0,0,7,3,911,1166,26.0,0.111,1.4272
narrow,0.1,Oracle (thong tin hoan hao),soc_trang,severe,320.0,6,24,2024,0.0,0.0,260.0,4,120.0,24,14,10,0,0,7,3,909,1164,26.0,0.111,2.0466
narrow,0.1,Oracle (thong tin hoan hao),soc_trang,severe,320.0,7,24,2024,0.0,0.0,260.0,1,20.0,28,18,10,0,0,7,3,913,1175,26.0,0.111,2.4244
narrow,0.1,Oracle (thong tin hoan hao),soc_trang,severe,320.0,8,24,2024,0.0,0.0,260.0,0,0.0,39,29,10,0,0,7,3,917,1148,26.0,0.111,1.8744
narrow,0.1,Oracle (thong tin hoan hao),soc_trang,severe,320.0,9,24,2024,0.0,0.0,260.0,0,0.0,31,21,10,0,0,7,3,915,1174,26.0,0.111,2.9482
narrow,0.1,Oracle (thong tin hoan hao),ca_mau,mild,320.0,0,24,2024,0.0,0.0,260.0,0,0.0,17,7,10,0,0,6,4,762,1024,26.0,0.111,2.1517
narrow,0.1,Oracle (thong tin hoan hao),ca_mau,mild,320.0,1,24,2024,0.0,0.0,260.0,1,20.0,14,4,10,0,0,6,4,759,1020,26.0,0.111,1.2171
narrow,0.1,Oracle (thong tin hoan hao),ca_mau,mild,320.0,2,24,2024,0.0,0.0,260.0,6,160.0,12,2,10,0,0,6,4,757,1018,26.0,0.111,0.9745
narrow,0.1,Oracle (thong tin hoan hao),ca_mau,mild,320.0,3,24,2024,0.0,0.0,260.0,5,140.0,10,0,10,0,0,6,4,755,1017,26.0,0.111,0.0
narrow,0.1,Oracle (thong tin hoan hao),ca_mau,mild,320.0,4,24,2024,0.0,0.0,260.0,2,60.0,12,2,10,0,0,6,4,757,1019,26.0,0.111,1.2172
narrow,0.1,Oracle (thong tin hoan hao),ca_mau,mild,320.0,5,24,2024,0.0,0.0,260.0,4,120.0,11,1,10,0,0,6,4,756,1018,26.0,0.111,0.8607
narrow,0.1,Oracle (thong tin hoan hao),ca_mau,mild,320.0,6,24,2024,0.0,0.0,260.0,6,160.0,10,0,10,0,0,6,4,755,1017,26.0,0.111,0.0
narrow,0.1,Oracle (thong tin hoan hao),ca_mau,mild,320.0,7,24,2024,0.0,0.0,260.0,4,100.0,15,5,10,0,0,6,4,759,1017,26.0,0.111,0.9623
narrow,0.1,Oracle (thong tin hoan hao),ca_mau,mild,320.0,8,24,2024,0.0,0.0,260.0,0,0.0,15,5,10,0,0,6,4,759,1018,26.0,0.111,1.2172
narrow,0.1,Oracle (thong tin hoan hao),ca_mau,mild,320.0,9,24,2024,0.0,0.0,260.0,2,60.0,11,1,10,0,0,6,4,756,1018,26.0,0.111,0.8607
narrow,0.1,Oracle (thong tin hoan hao),ca_mau,severe,320.0,0,24,2024,0.0,0.0,260.0,1,20.0,28,18,10,0,0,5,5,771,1018,26.0,0.111,1.4907
narrow,0.1,Oracle (thong tin hoan hao),ca_mau,severe,320.0,1,24,2024,0.0,0.0,260.0,0,0.0,33,23,10,0,0,6,4,777,1035,26.0,0.111,2.1047
narrow,0.1,Oracle (thong tin hoan hao),ca_mau,severe,320.0,2,24,2024,0.0,0.0,260.0,1,40.0,26,16,10,0,0,6,4,770,1022,26.0,0.111,2.0184
narrow,0.1,Oracle (thong tin hoan hao),ca_mau,severe,320.0,3,24,2024,0.0,0.0,260.0,0,0.0,42,32,10,0,0,6,4,786,1027,26.0,0.111,2.0184
narrow,0.1,Oracle (thong tin hoan hao),ca_mau,severe,320.0,4,24,2024,0.0,0.0,260.0,1,40.0,25,15,10,0,0,6,4,768,1019,26.0,0.111,1.6101
narrow,0.1,Oracle (thong tin hoan hao),ca_mau,severe,320.0,5,24,2024,0.0,0.0,260.0,3,100.0,21,11,10,0,0,6,4,766,1024,26.0,0.111,2.1136
narrow,0.1,Oracle (thong tin hoan hao),ca_mau,severe,320.0,6,24,2024,0.0,0.0,260.0,2,40.0,33,23,10,0,0,6,4,777,1029,26.0,0.111,2.1997
narrow,0.1,Oracle (thong tin hoan hao),ca_mau,severe,320.0,7,24,2024,0.0,0.0,260.0,1,40.0,43,33,10,0,0,6,3,734,1016,26.0,0.111,3.4265
narrow,0.1,Oracle (thong tin hoan hao),ca_mau,severe,320.0,8,24,2024,0.0,0.0,260.0,0,0.0,29,19,10,0,0,6,4,774,1025,26.0,0.111,1.4272
narrow,0.1,Oracle (thong tin hoan hao),ca_mau,severe,320.0,9,24,2024,0.0,0.0,260.0,1,20.0,23,13,10,0,0,6,4,765,1027,26.0,0.111,2.2775
narrow,0.1,FULL (de xuat),can_tho,mild,inf,0,24,2024,0.0,0.0,320.0,3,60.0,18,4,14,76,0,0,13,979,745,20.0,0.156,0.6086
narrow,0.1,FULL (de xuat),can_tho,mild,inf,1,24,2024,0.0,0.0,340.0,4,80.0,19,5,14,76,0,0,14,301,669,20.0,0.156,0.9619
narrow,0.1,FULL (de xuat),can_tho,mild,inf,2,24,2024,0.0,0.0,340.0,5,100.0,24,9,15,75,0,0,13,328,692,20.0,0.167,1.1386
narrow,0.1,FULL (de xuat),can_tho,mild,inf,3,24,2024,0.0,0.0,360.0,8,160.0,21,7,14,76,0,0,13,293,650,20.0,0.156,0.7454
narrow,0.1,FULL (de xuat),can_tho,mild,inf,4,24,2024,0.0,0.0,360.0,6,120.0,18,5,13,77,0,0,13,326,675,20.0,0.144,0.0
narrow,0.1,FULL (de xuat),can_tho,mild,inf,5,24,2024,0.0,0.0,340.0,8,160.0,18,6,12,78,0,0,12,297,611,20.0,0.133,0.4303
narrow,0.1,FULL (de xuat),can_tho,mild,inf,6,24,2024,0.0,0.0,340.0,9,180.0,18,7,11,79,0,0,11,242,566,20.0,0.122,0.4303
narrow,0.1,FULL (de xuat),can_tho,mild,inf,7,24,2024,0.0,0.0,340.0,7,140.0,19,8,11,79,0,0,10,235,544,20.0,0.122,0.9622
narrow,0.1,FULL (de xuat),can_tho,mild,inf,8,24,2024,0.0,0.0,340.0,3,60.0,22,6,16,74,0,0,15,356,751,20.0,0.178,1.0541
narrow,0.1,FULL (de xuat),can_tho,mild,inf,9,24,2024,0.0,0.0,320.0,3,60.0,18,4,14,76,0,0,14,979,770,20.0,0.156,0.6086
narrow,0.1,FULL (de xuat),can_tho,severe,inf,0,24,2024,0.0,0.0,320.0,2,40.0,52,31,21,69,0,1,14,472,873,20.0,0.233,1.5516
narrow,0.1,FULL (de xuat),can_tho,severe,inf,1,24,2024,0.0,0.0,340.0,3,60.0,57,37,20,70,0,1,13,456,822,20.0,0.222,1.3652
narrow,0.1,FULL (de xuat),can_tho,severe,inf,2,24,2024,0.0,0.0,340.0,3,60.0,60,43,17,73,0,1,13,430,810,20.0,0.189,1.5516
narrow,0.1,FULL (de xuat),can_tho,severe,inf,3,24,2024,3.8426,0.0,340.0,7,140.0,60,42,18,72,0,1,10,521,809,21.25,0.2,1.8757
narrow,0.1,FULL (de xuat),can_tho,severe,inf,4,24,2024,0.0,0.0,320.0,2,40.0,40,25,15,75,0,0,14,969,776,20.0,0.167,1.291
narrow,0.1,FULL (de xuat),can_tho,severe,inf,5,24,2024,0.0,0.0,340.0,5,100.0,38,24,14,76,0,0,13,320,664,20.0,0.156,1.4311
narrow,0.1,FULL (de xuat),can_tho,severe,inf,6,24,2024,0.0,0.0,340.0,8,160.0,56,39,17,73,0,0,12,371,739,20.0,0.189,2.0674
narrow,0.1,FULL (de xuat),can_tho,severe,inf,7,24,2024,3.75,0.0,320.0,3,80.0,45,30,15,75,0,1,10,494,805,22.86,0.167,1.8257
narrow,0.1,FULL (de xuat),can_tho,severe,inf,8,24,2024,0.0,0.0,340.0,3,60.0,42,25,17,73,0,0,14,419,792,20.0,0.189,1.0541
narrow,0.1,FULL (de xuat),can_tho,severe,inf,9,24,2024,0.0,0.0,320.0,2,40.0,45,26,19,71,0,0,14,389,824,20.0,0.211,1.4272
narrow,0.1,FULL (de xuat),soc_trang,mild,inf,0,24,2024,0.0,0.0,300.0,3,60.0,22,6,16,74,0,0,14,1051,1143,20.0,0.178,1.2172
narrow,0.1,FULL (de xuat),soc_trang,mild,inf,1,24,2024,0.0,0.0,320.0,4,80.0,17,3,14,76,0,0,14,355,729,20.0,0.156,0.4303
narrow,0.1,FULL (de xuat),soc_trang,mild,inf,2,24,2024,0.0,0.0,320.0,8,160.0,18,6,12,78,0,0,12,283,774,20.0,0.133,0.6086
narrow,0.1,FULL (de xuat),soc_trang,mild,inf,3,24,2024,0.0,0.0,320.0,8,160.0,20,8,12,78,0,0,11,251,785,20.0,0.133,0.8607
narrow,0.1,FULL (de xuat),soc_trang,mild,inf,4,24,2024,0.0,0.0,320.0,5,100.0,22,7,15,75,0,1,12,411,773,20.0,0.167,1.2909
narrow,0.1,FULL (de xuat),soc_trang,mild,inf,5,24,2024,0.0,0.0,340.0,7,140.0,21,8,13,77,0,0,11,280,590,20.0,0.144,0.8607
narrow,0.1,FULL (de xuat),soc_trang,mild,inf,6,24,2024,0.0,0.0,340.0,10,200.0,18,7,11,79,0,0,11,246,584,20.0,0.122,0.4303
narrow,0.1,FULL (de xuat),soc_trang,mild,inf,7,24,2024,0.0,0.0,340.0,7,140.0,18,7,11,79,0,0,11,286,610,20.0,0.122,0.4303
narrow,0.1,FULL (de xuat),soc_trang,mild,inf,8,24,2024,0.0,0.0,340.0,3,60.0,23,5,18,72,0,0,16,403,836,20.0,0.2,1.3608
narrow,0.1,FULL (de xuat),soc_trang,mild,inf,9,24,2024,0.0,0.0,320.0,3,60.0,19,5,14,76,0,0,13,327,672,20.0,0.156,1.054
narrow,0.1,FULL (de xuat),soc_trang,severe,inf,0,24,2024,0.0,0.0,300.0,2,40.0,54,35,19,71,0,0,14,526,996,20.0,0.211,1.291
narrow,0.1,FULL (de xuat),soc_trang,severe,inf,1,24,2024,0.0,0.0,320.0,4,80.0,39,24,15,75,0,0,14,418,995,20.0,0.167,0.9623
narrow,0.1,FULL (de xuat),soc_trang,severe,inf,2,24,2024,0.0,0.0,320.0,5,100.0,38,24,14,76,0,0,13,399,973,20.0,0.156,1.4907
narrow,0.1,FULL (de xuat),soc_trang,severe,inf,3,24,2024,4.7685,0.0,340.0,6,120.0,47,32,15,75,0,1,10,546,838,21.25,0.167,1.6666
narrow,0.1,FULL (de xuat),soc_trang,severe,inf,4,24,2024,0.0,0.0,320.0,4,80.0,38,23,15,75,0,0,13,331,703,20.0,0.167,1.2351
narrow,0.1,FULL (de xuat),soc_trang,severe,inf,5,24,2024,0.0,0.0,380.0,7,140.0,38,23,15,75,0,0,13,290,664,20.0,0.167,1.2957
narrow,0.1,FULL (de xuat),soc_trang,severe,inf,6,24,2024,0.0,0.0,380.0,11,220.0,41,28,13,77,0,0,11,326,667,20.0,0.144,1.5591
narrow,0.1,FULL (de xuat),soc_trang,severe,inf,7,24,2024,4.7685,0.0,300.0,2,60.0,47,31,16,74,0,1,10,555,899,23.08,0.178,1.6101
narrow,0.1,FULL (de xuat),soc_trang,severe,inf,8,24,2024,7.2685,0.0,260.0,2,40.0,53,34,19,71,0,1,10,652,1178,21.67,0.211,1.291
narrow,0.1,FULL (de xuat),soc_trang,severe,inf,9,24,2024,5.8796,0.0,280.0,1,20.0,34,18,16,74,0,1,11,633,956,21.54,0.178,1.291
narrow,0.1,FULL (de xuat),ca_mau,mild,inf,0,24,2024,0.0,0.0,300.0,3,60.0,21,6,15,75,0,0,13,378,768,20.0,0.167,1.1386
narrow,0.1,FULL (de xuat),ca_mau,mild,inf,1,24,2024,0.0,0.0,320.0,4,80.0,17,4,13,77,0,0,13,345,724,20.0,0.144,0.6085
narrow,0.1,FULL (de xuat),ca_mau,mild,inf,2,24,2024,0.0,0.0,300.0,6,120.0,20,7,13,77,0,0,12,340,735,20.0,0.144,1.0541
narrow,0.1,FULL (de xuat),ca_mau,mild,inf,3,24,2024,0.0,0.0,300.0,7,140.0,18,6,12,78,0,0,11,305,756,20.0,0.133,0.7454
narrow,0.1,FULL (de xuat),ca_mau,mild,inf,4,24,2024,0.0,0.0,300.0,5,100.0,18,5,13,77,0,0,12,291,752,20.0,0.144,0.7454
narrow,0.1,FULL (de xuat),ca_mau,mild,inf,5,24,2024,0.0,0.0,300.0,5,100.0,22,8,14,76,0,1,11,427,748,20.0,0.156,1.1386
narrow,0.1,FULL (de xuat),ca_mau,mild,inf,6,24,2024,0.0,0.0,340.0,10,200.0,17,7,10,80,0,0,10,246,547,20.0,0.111,0.0
narrow,0.1,FULL (de xuat),ca_mau,mild,inf,7,24,2024,0.0,0.0,300.0,6,120.0,19,7,12,78,0,0,11,264,763,20.0,0.133,0.9622
narrow,0.1,FULL (de xuat),ca_mau,mild,inf,8,24,2024,0.0,0.0,300.0,2,40.0,17,4,13,77,0,0,13,263,804,20.0,0.144,0.6086
narrow,0.1,FULL (de xuat),ca_mau,mild,inf,9,24,2024,0.0,0.0,300.0,3,60.0,20,7,13,77,0,0,12,352,738,20.0,0.144,0.9623
narrow,0.1,FULL (de xuat),ca_mau,severe,inf,0,24,2024,0.0,0.0,280.0,3,60.0,49,30,19,71,0,1,12,1056,1097,20.0,0.211,1.3608
narrow,0.1,FULL (de xuat),ca_mau,severe,inf,1,24,2024,5.3704,0.0,240.0,0,0.0,53,35,18,72,0,2,9,1281,1226,21.82,0.2,1.3608
narrow,0.1,FULL (de xuat),ca_mau,severe,inf,2,24,2024,0.0,0.0,320.0,6,120.0,48,33,15,75,0,1,10,997,902,20.0,0.167,1.5557
narrow,0.1,FULL (de xuat),ca_mau,severe,inf,3,24,2024,3.9815,0.0,280.0,4,80.0,44,30,14,76,0,1,9,477,813,21.54,0.156,1.5516
narrow,0.1,FULL (de xuat),ca_mau,severe,inf,4,24,2024,0.0,0.0,300.0,5,100.0,28,16,12,78,0,0,11,329,749,20.0,0.133,1.1385
narrow,0.1,FULL (de xuat),ca_mau,severe,inf,5,24,2024,0.0,0.0,340.0,6,120.0,42,28,14,76,0,0,11,359,679,20.0,0.156,1.8351
narrow,0.1,FULL (de xuat),ca_mau,severe,inf,6,24,2024,0.0,0.0,320.0,7,140.0,35,23,12,78,0,0,11,311,636,20.0,0.133,1.4347
narrow,0.1,FULL (de xuat),ca_mau,severe,inf,7,24,2024,0.0,0.0,280.0,3,60.0,65,47,18,72,0,1,10,1096,1047,20.0,0.2,1.8758
narrow,0.1,FULL (de xuat),ca_mau,severe,inf,8,24,2024,0.0,0.0,280.0,1,20.0,64,41,23,67,0,1,13,539,984,20.0,0.256,1.8257
narrow,0.1,FULL (de xuat),ca_mau,severe,inf,9,24,2024,0.0,0.0,300.0,1,20.0,37,21,16,74,0,0,14,390,821,20.0,0.178,1.291
narrow,0.1,- whatif (twin->predictor),can_tho,mild,inf,0,24,2024,12.3148,0.0,720.0,2,120.0,18,5,13,77,0,1,0,516,533,60.0,0.144,1.579
narrow,0.1,- whatif (twin->predictor),can_tho,mild,inf,1,24,2024,0.0,0.0,960.0,4,240.0,20,5,15,75,0,0,0,0,0,60.0,0.167,1.0121
narrow,0.1,- whatif (twin->predictor),can_tho,mild,inf,2,24,2024,0.0,0.0,1080.0,7,420.0,22,8,14,76,0,0,0,0,0,60.0,0.156,1.1682
narrow,0.1,- whatif (twin->predictor),can_tho,mild,inf,3,24,2024,0.0,0.0,1320.0,11,660.0,23,9,14,76,0,0,0,0,0,60.0,0.156,0.6081
narrow,0.1,- whatif (twin->predictor),can_tho,mild,inf,4,24,2024,32.4537,0.0,480.0,2,120.0,12,4,8,82,0,1,0,974,1006,60.0,0.089,1.2371
narrow,0.1,- whatif (twin->predictor),can_tho,mild,inf,5,24,2024,0.0,0.0,1200.0,9,540.0,21,7,14,76,0,0,0,0,0,60.0,0.156,0.0002
narrow,0.1,- whatif (twin->predictor),can_tho,mild,inf,6,24,2024,0.0,0.0,1440.0,14,840.0,27,12,15,75,0,0,0,0,0,60.0,0.167,0.9757
narrow,0.1,- whatif (twin->predictor),can_tho,mild,inf,7,24,2024,23.3333,0.0,660.0,4,240.0,14,5,9,81,0,1,0,736,767,60.0,0.1,1.0886
narrow,0.1,- whatif (twin->predictor),can_tho,mild,inf,8,24,2024,0.0,0.0,1020.0,3,180.0,19,5,14,76,0,0,0,0,0,60.0,0.156,0.8007
narrow,0.1,- whatif (twin->predictor),can_tho,mild,inf,9,24,2024,18.8889,0.0,660.0,2,120.0,13,3,10,80,0,1,0,686,683,60.0,0.111,0.7958
narrow,0.1,- whatif (twin->predictor),can_tho,severe,inf,0,24,2024,23.3333,0.0,480.0,0,0.0,19,9,10,80,0,1,0,739,767,60.0,0.111,1.0423
narrow,0.1,- whatif (twin->predictor),can_tho,severe,inf,1,24,2024,52.4537,0.0,120.0,0,0.0,7,4,3,87,0,1,0,1402,1418,60.0,0.033,0.6714
narrow,0.1,- whatif (twin->predictor),can_tho,severe,inf,2,24,2024,15.6944,0.0,780.0,7,420.0,36,24,12,78,0,1,0,595,621,60.0,0.133,1.6593
narrow,0.1,- whatif (twin->predictor),can_tho,severe,inf,3,24,2024,52.4537,0.0,240.0,2,120.0,12,8,4,86,0,1,0,1402,1418,60.0,0.044,1.3158
narrow,0.1,- whatif (twin->predictor),can_tho,severe,inf,4,24,2024,48.8426,0.0,240.0,1,60.0,22,15,7,83,0,1,0,1428,1382,60.0,0.078,1.4766
narrow,0.1,- whatif (twin->predictor),can_tho,severe,inf,5,24,2024,3.6111,0.0,1080.0,7,420.0,50,34,16,74,0,1,0,372,370,60.0,0.178,2.4282
narrow,0.1,- whatif (twin->predictor),can_tho,severe,inf,6,24,2024,39.0278,0.0,300.0,2,120.0,22,15,7,83,0,1,0,1114,1132,60.0,0.078,1.0673
narrow,0.1,- whatif (twin->predictor),can_tho,severe,inf,7,24,2024,52.4537,0.0,120.0,0,0.0,9,6,3,87,0,1,0,1402,1418,60.0,0.033,1.1224
narrow,0.1,- whatif (twin->predictor),can_tho,severe,inf,8,24,2024,43.4722,0.0,300.0,1,60.0,14,8,6,84,0,1,0,1211,1226,60.0,0.067,1.142
narrow,0.1,- whatif (twin->predictor),can_tho,severe,inf,9,24,2024,33.6111,0.0,360.0,1,60.0,30,19,11,79,0,1,0,1167,1100,60.0,0.122,1.639
narrow,0.1,- whatif (twin->predictor),soc_trang,mild,inf,0,24,2024,0.0,0.0,900.0,2,120.0,25,8,17,73,0,0,1,35,71,60.0,0.189,1.8446
narrow,0.1,- whatif (twin->predictor),soc_trang,mild,inf,1,24,2024,0.0,0.0,960.0,4,240.0,18,4,14,76,0,0,0,0,0,60.0,0.156,0.6315
narrow,0.1,- whatif (twin->predictor),soc_trang,mild,inf,2,24,2024,0.0,0.0,1140.0,7,420.0,26,10,16,74,0,0,0,0,7,60.0,0.178,1.4575
narrow,0.1,- whatif (twin->predictor),soc_trang,mild,inf,3,24,2024,0.0,0.0,1200.0,9,540.0,25,10,15,75,0,0,0,0,0,60.0,0.167,0.9424
narrow,0.1,- whatif (twin->predictor),soc_trang,mild,inf,4,24,2024,0.0,0.0,1080.0,6,360.0,22,7,15,75,0,0,0,0,0,60.0,0.167,0.8052
narrow,0.1,- whatif (twin->predictor),soc_trang,mild,inf,5,24,2024,0.0,0.0,1020.0,7,420.0,25,9,16,74,0,0,0,0,0,60.0,0.178,1.4577
narrow,0.1,- whatif (twin->predictor),soc_trang,mild,inf,6,24,2024,0.0,0.0,1440.0,14,840.0,25,11,14,76,0,0,0,0,0,60.0,0.156,0.6008
narrow,0.1,- whatif (twin->predictor),soc_trang,mild,inf,7,24,2024,0.0,0.0,1140.0,7,420.0,25,10,15,75,0,0,0,0,7,60.0,0.167,1.4583
narrow,0.1,- whatif (twin->predictor),soc_trang,mild,inf,8,24,2024,0.0,0.0,900.0,2,120.0,20,5,15,75,0,0,0,0,0,60.0,0.167,1.152
narrow,0.1,- whatif (twin->predictor),soc_trang,mild,inf,9,24,2024,0.0,0.0,900.0,3,180.0,18,5,13,77,0,1,0,513,479,60.0,0.144,1.1854
narrow,0.1,- whatif (twin->predictor),soc_trang,severe,inf,0,24,2024,0.0,0.0,960.0,2,120.0,40,23,17,73,0,0,0,0,0,60.0,0.189,1.4863
narrow,0.1,- whatif (twin->predictor),soc_trang,severe,inf,1,24,2024,52.5926,0.0,120.0,0,0.0,12,8,4,86,0,1,0,1577,1580,60.0,0.044,0.8303
narrow,0.1,- whatif (twin->predictor),soc_trang,severe,inf,2,24,2024,53.5185,0.0,240.0,2,120.0,9,6,3,87,0,1,0,1597,1586,60.0,0.033,0.9954
narrow,0.1,- whatif (twin->predictor),soc_trang,severe,inf,3,24,2024,53.5185,0.0,240.0,2,120.0,15,11,4,86,0,1,0,1621,1586,60.0,0.044,1.3251
narrow,0.1,- whatif (twin->predictor),soc_trang,severe,inf,4,24,2024,48.9815,0.0,180.0,1,60.0,15,10,5,85,0,1,0,1480,1484,60.0,0.056,0.9898
narrow,0.1,- whatif (twin->predictor),soc_trang,severe,inf,5,24,2024,0.0,0.0,1140.0,7,420.0,47,30,17,73,0,0,0,0,0,60.0,0.189,1.7
narrow,0.1,- whatif (twin->predictor),soc_trang,severe,inf,6,24,2024,0.0,0.0,1260.0,9,540.0,59,42,17,73,0,0,0,0,0,60.0,0.189,2.2232
narrow,0.1,- whatif (twin->predictor),soc_trang,severe,inf,7,24,2024,52.5926,0.0,60.0,0,0.0,16,12,4,86,0,0,0,1863,1580,60.0,0.044,1.3409
narrow,0.1,- whatif (twin->predictor),soc_trang,severe,inf,8,24,2024,42.4537,0.0,300.0,1,60.0,12,7,5,85,0,1,0,1385,1387,60.0,0.056,0.8142
narrow,0.1,- whatif (twin->predictor),soc_trang,severe,inf,9,24,2024,6.9444,0.0,720.0,2,120.0,24,12,12,78,0,1,0,618,597,60.0,0.133,1.0764
narrow,0.1,- whatif (twin->predictor),ca_mau,mild,inf,0,24,2024,0.0,0.0,960.0,3,180.0,21,6,15,75,0,0,0,0,1,60.0,0.167,1.312
narrow,0.1,- whatif (twin->predictor),ca_mau,mild,inf,1,24,2024,0.0,0.0,1020.0,4,240.0,19,4,15,75,0,0,0,0,0,60.0,0.167,0.7438
narrow,0.1,- whatif (twin->predictor),ca_mau,mild,inf,2,24,2024,41.1574,0.0,360.0,3,180.0,8,3,5,85,0,1,0,1336,1365,60.0,0.056,1.1096
narrow,0.1,- whatif (twin->predictor),ca_mau,mild,inf,3,24,2024,0.0,0.0,1140.0,8,480.0,30,12,18,72,0,1,0,182,168,60.0,0.2,2.1135
narrow,0.1,- whatif (twin->predictor),ca_mau,mild,inf,4,24,2024,0.0,0.0,1080.0,6,360.0,20,6,14,76,0,0,0,0,0,60.0,0.156,0.8342
narrow,0.1,- whatif (twin->predictor),ca_mau,mild,inf,5,24,2024,0.0,0.0,1140.0,9,540.0,23,9,14,76,0,0,0,0,0,60.0,0.156,1.1893
narrow,0.1,- whatif (twin->predictor),ca_mau,mild,inf,6,24,2024,0.0,0.0,1440.0,14,840.0,25,11,14,76,0,0,0,0,0,60.0,0.156,0.5995
narrow,0.1,- whatif (twin->predictor),ca_mau,mild,inf,7,24,2024,0.0,0.0,1140.0,7,420.0,25,10,15,75,0,0,0,0,0,60.0,0.167,1.3868
narrow,0.1,- whatif (twin->predictor),ca_mau,mild,inf,8,24,2024,0.0,0.0,900.0,2,120.0,17,3,14,76,0,0,0,0,0,60.0,0.156,0.5445
narrow,0.1,- whatif (twin->predictor),ca_mau,mild,inf,9,24,2024,19.1204,0.0,540.0,1,60.0,13,4,9,81,0,1,0,824,851,60.0,0.1,1.1313
narrow,0.1,- whatif (twin->predictor),ca_mau,severe,inf,0,24,2024,28.9815,0.0,360.0,0,0.0,21,12,9,81,0,1,0,1046,1078,60.0,0.1,1.31
narrow,0.1,- whatif (twin->predictor),ca_mau,severe,inf,1,24,2024,52.2222,0.0,120.0,0,0.0,7,4,3,87,0,1,0,1551,1581,60.0,0.033,0.6467
narrow,0.1,- whatif (twin->predictor),ca_mau,severe,inf,2,24,2024,0.0,0.0,1080.0,8,480.0,41,26,15,75,0,0,0,0,0,60.0,0.167,1.5269
narrow,0.1,- whatif (twin->predictor),ca_mau,severe,inf,3,24,2024,52.2222,0.0,120.0,0,0.0,17,12,5,85,0,1,0,1575,1581,60.0,0.056,1.4045
narrow,0.1,- whatif (twin->predictor),ca_mau,severe,inf,4,24,2024,0.0,0.0,960.0,4,240.0,42,26,16,74,0,0,0,0,0,60.0,0.178,1.668
narrow,0.1,- whatif (twin->predictor),ca_mau,severe,inf,5,24,2024,24.537,0.0,600.0,4,240.0,22,14,8,82,0,1,0,928,968,60.0,0.089,1.2013
narrow,0.1,- whatif (twin->predictor),ca_mau,severe,inf,6,24,2024,0.0,0.0,1260.0,11,660.0,45,30,15,75,0,0,0,0,0,60.0,0.167,1.8329
narrow,0.1,- whatif (twin->predictor),ca_mau,severe,inf,7,24,2024,52.2222,0.0,120.0,0,0.0,9,6,3,87,0,1,0,1551,1581,60.0,0.033,1.0883
narrow,0.1,- whatif (twin->predictor),ca_mau,severe,inf,8,24,2024,0.0,0.0,840.0,2,120.0,39,23,16,74,0,0,0,0,0,60.0,0.178,1.3048
narrow,0.1,- whatif (twin->predictor),ca_mau,severe,inf,9,24,2024,0.0,0.0,720.0,1,60.0,31,17,14,76,0,1,0,401,407,60.0,0.156,1.4213
narrow,0.1,- T2 (gui lai mu),can_tho,mild,inf,0,24,2024,0.0,0.0,340.0,3,60.0,20,6,14,76,0,0,14,349,721,20.0,0.156,0.7454
narrow,0.1,- T2 (gui lai mu),can_tho,mild,inf,1,24,2024,0.0,0.0,360.0,4,80.0,20,6,14,76,0,0,14,939,725,20.0,0.156,0.9619
narrow,0.1,- T2 (gui lai mu),can_tho,mild,inf,2,24,2024,0.0,0.0,420.0,9,180.0,27,15,12,78,0,0,12,284,609,20.0,0.133,0.9784
narrow,0.1,- T2 (gui lai mu),can_tho,mild,inf,3,24,2024,0.0,0.0,400.0,10,200.0,30,20,10,80,0,0,10,203,479,20.0,0.111,1.3608
narrow,0.1,- T2 (gui lai mu),can_tho,mild,inf,4,24,2024,0.0,0.0,360.0,6,120.0,18,6,12,78,0,0,12,267,590,20.0,0.133,0.0
narrow,0.1,- T2 (gui lai mu),can_tho,mild,inf,5,24,2024,0.0,0.0,380.0,9,180.0,23,13,10,80,0,0,10,238,546,20.0,0.111,0.8607
narrow,0.1,- T2 (gui lai mu),can_tho,mild,inf,6,24,2024,0.0,0.0,500.0,15,300.0,29,19,10,80,0,0,10,225,497,20.0,0.111,0.9233
narrow,0.1,- T2 (gui lai mu),can_tho,mild,inf,7,24,2024,0.0,0.0,360.0,8,160.0,24,14,10,80,0,0,10,172,486,20.0,0.111,1.291
narrow,0.1,- T2 (gui lai mu),can_tho,mild,inf,8,24,2024,0.0,0.0,340.0,3,60.0,26,12,14,76,0,0,14,304,675,20.0,0.156,1.3697
narrow,0.1,- T2 (gui lai mu),can_tho,mild,inf,9,24,2024,0.0,0.0,340.0,3,60.0,30,16,14,76,0,0,14,337,685,20.0,0.156,1.8757
narrow,0.1,- T2 (gui lai mu),can_tho,severe,inf,0,24,2024,0.0,0.0,320.0,3,60.0,58,45,13,77,0,0,13,974,793,20.0,0.144,2.5464
narrow,0.1,- T2 (gui lai mu),can_tho,severe,inf,1,24,2024,0.0,0.0,360.0,4,80.0,58,44,14,76,0,0,14,967,754,20.0,0.156,2.1764
narrow,0.1,- T2 (gui lai mu),can_tho,severe,inf,2,24,2024,0.0,0.0,420.0,9,180.0,77,65,12,78,0,0,12,328,672,20.0,0.133,2.9704
narrow,0.1,- T2 (gui lai mu),can_tho,severe,inf,3,24,2024,0.0,0.0,400.0,10,200.0,54,44,10,80,0,0,10,239,525,20.0,0.111,2.2266
narrow,0.1,- T2 (gui lai mu),can_tho,severe,inf,4,24,2024,0.0,0.0,360.0,6,120.0,70,58,12,78,0,0,12,315,641,20.0,0.133,2.4067
narrow,0.1,- T2 (gui lai mu),can_tho,severe,inf,5,24,2024,0.0,0.0,380.0,9,180.0,29,19,10,80,0,0,10,241,550,20.0,0.111,1.3263
narrow,0.1,- T2 (gui lai mu),can_tho,severe,inf,6,24,2024,0.0,0.0,500.0,15,300.0,82,72,10,80,0,0,10,231,513,20.0,0.111,2.3322
narrow,0.1,- T2 (gui lai mu),can_tho,severe,inf,7,24,2024,0.0,0.0,360.0,8,160.0,63,53,10,80,0,0,10,199,498,20.0,0.111,2.4226
narrow,0.1,- T2 (gui lai mu),can_tho,severe,inf,8,24,2024,0.0,0.0,340.0,3,60.0,42,28,14,76,0,0,14,381,743,20.0,0.156,1.5515
narrow,0.1,- T2 (gui lai mu),can_tho,severe,inf,9,24,2024,0.0,0.0,320.0,3,60.0,54,41,13,77,0,0,13,1008,765,20.0,0.144,2.5193
narrow,0.1,- T2 (gui lai mu),soc_trang,mild,inf,0,24,2024,0.0,0.0,320.0,3,60.0,22,9,13,77,0,0,13,399,776,20.0,0.144,1.1386
narrow,0.1,- T2 (gui lai mu),soc_trang,mild,inf,1,24,2024,0.0,0.0,340.0,4,80.0,18,5,13,77,0,0,13,993,1019,20.0,0.144,0.4303
narrow,0.1,- T2 (gui lai mu),soc_trang,mild,inf,2,24,2024,0.0,0.0,420.0,9,180.0,28,16,12,78,0,0,12,318,644,20.0,0.133,1.1501
narrow,0.1,- T2 (gui lai mu),soc_trang,mild,inf,3,24,2024,0.0,0.0,360.0,9,180.0,21,12,9,81,0,0,9,836,781,20.0,0.1,0.8607
narrow,0.1,- T2 (gui lai mu),soc_trang,mild,inf,4,24,2024,0.0,0.0,360.0,6,120.0,23,11,12,78,0,0,12,314,648,20.0,0.133,1.2171
narrow,0.1,- T2 (gui lai mu),soc_trang,mild,inf,5,24,2024,0.0,0.0,380.0,9,180.0,19,9,10,80,0,0,10,218,501,20.0,0.111,0.0
narrow,0.1,- T2 (gui lai mu),soc_trang,mild,inf,6,24,2024,0.0,0.0,500.0,15,300.0,31,21,10,80,0,0,10,287,562,20.0,0.111,1.2172
narrow,0.1,- T2 (gui lai mu),soc_trang,mild,inf,7,24,2024,0.0,0.0,360.0,8,160.0,20,10,10,80,0,0,10,265,532,20.0,0.111,0.6086
narrow,0.1,- T2 (gui lai mu),soc_trang,mild,inf,8,24,2024,0.0,0.0,340.0,3,60.0,29,15,14,76,0,0,14,342,725,20.0,0.156,1.6968
narrow,0.1,- T2 (gui lai mu),soc_trang,mild,inf,9,24,2024,0.0,0.0,320.0,3,60.0,24,11,13,77,0,0,13,324,687,20.0,0.144,1.4272
narrow,0.1,- T2 (gui lai mu),soc_trang,severe,inf,0,24,2024,0.0,0.0,320.0,3,60.0,36,23,13,77,0,0,13,411,788,20.0,0.144,1.1386
narrow,0.1,- T2 (gui lai mu),soc_trang,severe,inf,1,24,2024,0.0,0.0,340.0,4,80.0,54,41,13,77,0,0,13,977,1034,20.0,0.144,1.8413
narrow,0.1,- T2 (gui lai mu),soc_trang,severe,inf,2,24,2024,0.0,0.0,420.0,9,180.0,63,51,12,78,0,0,12,348,658,20.0,0.133,1.8477
narrow,0.1,- T2 (gui lai mu),soc_trang,severe,inf,3,24,2024,0.0,0.0,360.0,9,180.0,75,66,9,81,0,0,9,239,541,20.0,0.1,2.5406
narrow,0.1,- T2 (gui lai mu),soc_trang,severe,inf,4,24,2024,0.0,0.0,360.0,6,120.0,52,40,12,78,0,0,12,330,664,20.0,0.133,1.8762
narrow,0.1,- T2 (gui lai mu),soc_trang,severe,inf,5,24,2024,0.0,0.0,380.0,9,180.0,56,46,10,80,0,0,10,229,514,20.0,0.111,1.9154
narrow,0.1,- T2 (gui lai mu),soc_trang,severe,inf,6,24,2024,0.0,0.0,500.0,15,300.0,96,86,10,80,0,0,10,268,553,20.0,0.111,2.4196
narrow,0.1,- T2 (gui lai mu),soc_trang,severe,inf,7,24,2024,0.0,0.0,360.0,8,160.0,58,48,10,80,0,0,10,301,583,20.0,0.111,2.9326
narrow,0.1,- T2 (gui lai mu),soc_trang,severe,inf,8,24,2024,0.0,0.0,340.0,3,60.0,45,31,14,76,0,0,14,358,741,20.0,0.156,1.5813
narrow,0.1,- T2 (gui lai mu),soc_trang,severe,inf,9,24,2024,0.0,0.0,320.0,3,60.0,47,34,13,77,0,0,13,341,701,20.0,0.144,2.1433
narrow,0.1,- T2 (gui lai mu),ca_mau,mild,inf,0,24,2024,0.0,0.0,300.0,3,60.0,24,12,12,78,0,0,12,331,757,20.0,0.133,1.3608
narrow,0.1,- T2 (gui lai mu),ca_mau,mild,inf,1,24,2024,0.0,0.0,340.0,4,80.0,18,5,13,77,0,0,13,342,717,20.0,0.144,0.6085
narrow,0.1,- T2 (gui lai mu),ca_mau,mild,inf,2,24,2024,0.0,0.0,420.0,9,180.0,25,13,12,78,0,0,12,286,650,20.0,0.133,0.7524
narrow,0.1,- T2 (gui lai mu),ca_mau,mild,inf,3,24,2024,0.0,0.0,360.0,9,180.0,29,20,9,81,0,0,9,195,461,20.0,0.1,1.4907
narrow,0.1,- T2 (gui lai mu),ca_mau,mild,inf,4,24,2024,0.0,0.0,320.0,5,100.0,23,12,11,79,0,0,11,301,697,20.0,0.122,1.1422
narrow,0.1,- T2 (gui lai mu),ca_mau,mild,inf,5,24,2024,0.0,0.0,380.0,9,180.0,27,17,10,80,0,0,10,280,563,20.0,0.111,1.2172
narrow,0.1,- T2 (gui lai mu),ca_mau,mild,inf,6,24,2024,0.0,0.0,440.0,13,260.0,28,19,9,81,0,0,9,258,633,20.0,0.1,0.5204
narrow,0.1,- T2 (gui lai mu),ca_mau,mild,inf,7,24,2024,0.0,0.0,360.0,8,160.0,19,9,10,80,0,0,10,247,548,20.0,0.111,0.6085
narrow,0.1,- T2 (gui lai mu),ca_mau,mild,inf,8,24,2024,0.0,0.0,300.0,2,40.0,17,4,13,77,0,0,13,263,804,20.0,0.144,0.6086
narrow,0.1,- T2 (gui lai mu),ca_mau,mild,inf,9,24,2024,0.0,0.0,300.0,3,60.0,18,6,12,78,0,0,12,331,755,20.0,0.133,0.7454
narrow,0.1,- T2 (gui lai mu),ca_mau,severe,inf,0,24,2024,0.0,0.0,300.0,3,60.0,66,54,12,78,0,0,12,344,777,20.0,0.133,2.6483
narrow,0.1,- T2 (gui lai mu),ca_mau,severe,inf,1,24,2024,0.0,0.0,340.0,4,80.0,54,41,13,77,0,0,13,365,728,20.0,0.144,1.4908
narrow,0.1,- T2 (gui lai mu),ca_mau,severe,inf,2,24,2024,0.0,0.0,420.0,9,180.0,66,54,12,78,0,0,12,346,673,20.0,0.133,2.2874
narrow,0.1,- T2 (gui lai mu),ca_mau,severe,inf,3,24,2024,0.0,0.0,360.0,9,180.0,51,42,9,81,0,0,9,256,484,20.0,0.1,1.991
narrow,0.1,- T2 (gui lai mu),ca_mau,severe,inf,4,24,2024,0.0,0.0,320.0,5,100.0,41,30,11,79,0,0,11,309,646,20.0,0.122,1.6471
narrow,0.1,- T2 (gui lai mu),ca_mau,severe,inf,5,24,2024,0.0,0.0,380.0,9,180.0,33,23,10,80,0,0,10,284,567,20.0,0.111,1.2408
narrow,0.1,- T2 (gui lai mu),ca_mau,severe,inf,6,24,2024,0.0,0.0,440.0,13,260.0,67,58,9,81,0,0,9,275,562,20.0,0.1,2.2648
narrow,0.1,- T2 (gui lai mu),ca_mau,severe,inf,7,24,2024,0.0,0.0,360.0,8,160.0,44,34,10,80,0,0,10,264,565,20.0,0.111,1.9246
narrow,0.1,- T2 (gui lai mu),ca_mau,severe,inf,8,24,2024,0.0,0.0,300.0,2,40.0,60,47,13,77,0,0,13,298,826,20.0,0.144,2.1082
narrow,0.1,- T2 (gui lai mu),ca_mau,severe,inf,9,24,2024,0.0,0.0,300.0,3,60.0,69,57,12,78,0,0,12,365,765,20.0,0.133,2.9495
narrow,0.1,- tai neo cam bien,can_tho,mild,inf,0,24,2024,57.8241,0.0,0.0,0,0.0,0,0,0,90,0,0,0,1978,1584,0.0,0.0,0.0
narrow,0.1,- tai neo cam bien,can_tho,mild,inf,1,24,2024,57.8241,0.0,0.0,0,0.0,0,0,0,90,0,0,0,1978,1584,0.0,0.0,0.0
narrow,0.1,- tai neo cam bien,can_tho,mild,inf,2,24,2024,57.8241,0.0,0.0,0,0.0,0,0,0,90,0,0,0,1978,1584,0.0,0.0,0.0
narrow,0.1,- tai neo cam bien,can_tho,mild,inf,3,24,2024,57.8241,0.0,0.0,0,0.0,0,0,0,90,0,0,0,1978,1584,0.0,0.0,0.0
narrow,0.1,- tai neo cam bien,can_tho,mild,inf,4,24,2024,57.8241,0.0,0.0,0,0.0,0,0,0,90,0,0,0,1978,1584,0.0,0.0,0.0
narrow,0.1,- tai neo cam bien,can_tho,mild,inf,5,24,2024,57.8241,0.0,0.0,0,0.0,0,0,0,90,0,0,0,1978,1584,0.0,0.0,0.0
narrow,0.1,- tai neo cam bien,can_tho,mild,inf,6,24,2024,57.8241,0.0,0.0,0,0.0,0,0,0,90,0,0,0,1978,1584,0.0,0.0,0.0
narrow,0.1,- tai neo cam bien,can_tho,mild,inf,7,24,2024,57.8241,0.0,0.0,0,0.0,0,0,0,90,0,0,0,1978,1584,0.0,0.0,0.0
narrow,0.1,- tai neo cam bien,can_tho,mild,inf,8,24,2024,57.8241,0.0,0.0,0,0.0,0,0,0,90,0,0,0,1978,1584,0.0,0.0,0.0
narrow,0.1,- tai neo cam bien,can_tho,mild,inf,9,24,2024,57.8241,0.0,0.0,0,0.0,0,0,0,90,0,0,0,1978,1584,0.0,0.0,0.0
narrow,0.1,- tai neo cam bien,can_tho,severe,inf,0,24,2024,57.8241,0.0,0.0,0,0.0,0,0,0,90,0,0,0,1978,1584,0.0,0.0,0.0
narrow,0.1,- tai neo cam bien,can_tho,severe,inf,1,24,2024,57.8241,0.0,0.0,0,0.0,0,0,0,90,0,0,0,1978,1584,0.0,0.0,0.0
narrow,0.1,- tai neo cam bien,can_tho,severe,inf,2,24,2024,57.8241,0.0,0.0,0,0.0,0,0,0,90,0,0,0,1978,1584,0.0,0.0,0.0
narrow,0.1,- tai neo cam bien,can_tho,severe,inf,3,24,2024,57.8241,0.0,0.0,0,0.0,0,0,0,90,0,0,0,1978,1584,0.0,0.0,0.0
narrow,0.1,- tai neo cam bien,can_tho,severe,inf,4,24,2024,57.8241,0.0,0.0,0,0.0,0,0,0,90,0,0,0,1978,1584,0.0,0.0,0.0
narrow,0.1,- tai neo cam bien,can_tho,severe,inf,5,24,2024,57.8241,0.0,0.0,0,0.0,0,0,0,90,0,0,0,1978,1584,0.0,0.0,0.0
narrow,0.1,- tai neo cam bien,can_tho,severe,inf,6,24,2024,57.8241,0.0,0.0,0,0.0,0,0,0,90,0,0,0,1978,1584,0.0,0.0,0.0
narrow,0.1,- tai neo cam bien,can_tho,severe,inf,7,24,2024,57.8241,0.0,0.0,0,0.0,0,0,0,90,0,0,0,1978,1584,0.0,0.0,0.0
narrow,0.1,- tai neo cam bien,can_tho,severe,inf,8,24,2024,57.8241,0.0,0.0,0,0.0,0,0,0,90,0,0,0,1978,1584,0.0,0.0,0.0
narrow,0.1,- tai neo cam bien,can_tho,severe,inf,9,24,2024,57.8241,0.0,0.0,0,0.0,0,0,0,90,0,0,0,1978,1584,0.0,0.0,0.0
narrow,0.1,- tai neo cam bien,soc_trang,mild,inf,0,24,2024,58.7963,0.0,0.0,0,0.0,0,0,0,90,0,0,0,1980,1683,0.0,0.0,0.0
narrow,0.1,- tai neo cam bien,soc_trang,mild,inf,1,24,2024,58.7963,0.0,0.0,0,0.0,0,0,0,90,0,0,0,1980,1683,0.0,0.0,0.0
narrow,0.1,- tai neo cam bien,soc_trang,mild,inf,2,24,2024,58.7963,0.0,0.0,0,0.0,0,0,0,90,0,0,0,1980,1683,0.0,0.0,0.0
narrow,0.1,- tai neo cam bien,soc_trang,mild,inf,3,24,2024,58.7963,0.0,0.0,0,0.0,0,0,0,90,0,0,0,1980,1683,0.0,0.0,0.0
narrow,0.1,- tai neo cam bien,soc_trang,mild,inf,4,24,2024,58.7963,0.0,0.0,0,0.0,0,0,0,90,0,0,0,1980,1683,0.0,0.0,0.0
narrow,0.1,- tai neo cam bien,soc_trang,mild,inf,5,24,2024,58.7963,0.0,0.0,0,0.0,0,0,0,90,0,0,0,1980,1683,0.0,0.0,0.0
narrow,0.1,- tai neo cam bien,soc_trang,mild,inf,6,24,2024,58.7963,0.0,0.0,0,0.0,0,0,0,90,0,0,0,1980,1683,0.0,0.0,0.0
narrow,0.1,- tai neo cam bien,soc_trang,mild,inf,7,24,2024,58.7963,0.0,0.0,0,0.0,0,0,0,90,0,0,0,1980,1683,0.0,0.0,0.0
narrow,0.1,- tai neo cam bien,soc_trang,mild,inf,8,24,2024,58.7963,0.0,0.0,0,0.0,0,0,0,90,0,0,0,1980,1683,0.0,0.0,0.0
narrow,0.1,- tai neo cam bien,soc_trang,mild,inf,9,24,2024,58.7963,0.0,0.0,0,0.0,0,0,0,90,0,0,0,1980,1683,0.0,0.0,0.0
narrow,0.1,- tai neo cam bien,soc_trang,severe,inf,0,24,2024,58.7963,0.0,0.0,0,0.0,0,0,0,90,0,0,0,1980,1683,0.0,0.0,0.0
narrow,0.1,- tai neo cam bien,soc_trang,severe,inf,1,24,2024,58.7963,0.0,0.0,0,0.0,0,0,0,90,0,0,0,1980,1683,0.0,0.0,0.0
narrow,0.1,- tai neo cam bien,soc_trang,severe,inf,2,24,2024,58.7963,0.0,0.0,0,0.0,0,0,0,90,0,0,0,1980,1683,0.0,0.0,0.0
narrow,0.1,- tai neo cam bien,soc_trang,severe,inf,3,24,2024,58.7963,0.0,0.0,0,0.0,0,0,0,90,0,0,0,1980,1683,0.0,0.0,0.0
narrow,0.1,- tai neo cam bien,soc_trang,severe,inf,4,24,2024,58.7963,0.0,0.0,0,0.0,0,0,0,90,0,0,0,1980,1683,0.0,0.0,0.0
narrow,0.1,- tai neo cam bien,soc_trang,severe,inf,5,24,2024,58.7963,0.0,0.0,0,0.0,0,0,0,90,0,0,0,1980,1683,0.0,0.0,0.0
narrow,0.1,- tai neo cam bien,soc_trang,severe,inf,6,24,2024,58.7963,0.0,0.0,0,0.0,0,0,0,90,0,0,0,1980,1683,0.0,0.0,0.0
narrow,0.1,- tai neo cam bien,soc_trang,severe,inf,7,24,2024,58.7963,0.0,0.0,0,0.0,0,0,0,90,0,0,0,1980,1683,0.0,0.0,0.0
narrow,0.1,- tai neo cam bien,soc_trang,severe,inf,8,24,2024,58.7963,0.0,0.0,0,0.0,0,0,0,90,0,0,0,1980,1683,0.0,0.0,0.0
narrow,0.1,- tai neo cam bien,soc_trang,severe,inf,9,24,2024,58.7963,0.0,0.0,0,0.0,0,0,0,90,0,0,0,1980,1683,0.0,0.0,0.0
narrow,0.1,- tai neo cam bien,ca_mau,mild,inf,0,24,2024,56.8056,0.0,0.0,0,0.0,0,0,0,90,0,0,0,1978,1680,0.0,0.0,0.0
narrow,0.1,- tai neo cam bien,ca_mau,mild,inf,1,24,2024,56.8056,0.0,0.0,0,0.0,0,0,0,90,0,0,0,1978,1680,0.0,0.0,0.0
narrow,0.1,- tai neo cam bien,ca_mau,mild,inf,2,24,2024,56.8056,0.0,0.0,0,0.0,0,0,0,90,0,0,0,1978,1680,0.0,0.0,0.0
narrow,0.1,- tai neo cam bien,ca_mau,mild,inf,3,24,2024,56.8056,0.0,0.0,0,0.0,0,0,0,90,0,0,0,1978,1680,0.0,0.0,0.0
narrow,0.1,- tai neo cam bien,ca_mau,mild,inf,4,24,2024,56.8056,0.0,0.0,0,0.0,0,0,0,90,0,0,0,1978,1680,0.0,0.0,0.0
narrow,0.1,- tai neo cam bien,ca_mau,mild,inf,5,24,2024,56.8056,0.0,0.0,0,0.0,0,0,0,90,0,0,0,1978,1680,0.0,0.0,0.0
narrow,0.1,- tai neo cam bien,ca_mau,mild,inf,6,24,2024,56.8056,0.0,0.0,0,0.0,0,0,0,90,0,0,0,1978,1680,0.0,0.0,0.0
narrow,0.1,- tai neo cam bien,ca_mau,mild,inf,7,24,2024,56.8056,0.0,0.0,0,0.0,0,0,0,90,0,0,0,1978,1680,0.0,0.0,0.0
narrow,0.1,- tai neo cam bien,ca_mau,mild,inf,8,24,2024,56.8056,0.0,0.0,0,0.0,0,0,0,90,0,0,0,1978,1680,0.0,0.0,0.0
narrow,0.1,- tai neo cam bien,ca_mau,mild,inf,9,24,2024,56.8056,0.0,0.0,0,0.0,0,0,0,90,0,0,0,1978,1680,0.0,0.0,0.0
narrow,0.1,- tai neo cam bien,ca_mau,severe,inf,0,24,2024,56.8056,0.0,0.0,0,0.0,0,0,0,90,0,0,0,1978,1680,0.0,0.0,0.0
narrow,0.1,- tai neo cam bien,ca_mau,severe,inf,1,24,2024,56.8056,0.0,0.0,0,0.0,0,0,0,90,0,0,0,1978,1680,0.0,0.0,0.0
narrow,0.1,- tai neo cam bien,ca_mau,severe,inf,2,24,2024,56.8056,0.0,0.0,0,0.0,0,0,0,90,0,0,0,1978,1680,0.0,0.0,0.0
narrow,0.1,- tai neo cam bien,ca_mau,severe,inf,3,24,2024,56.8056,0.0,0.0,0,0.0,0,0,0,90,0,0,0,1978,1680,0.0,0.0,0.0
narrow,0.1,- tai neo cam bien,ca_mau,severe,inf,4,24,2024,56.8056,0.0,0.0,0,0.0,0,0,0,90,0,0,0,1978,1680,0.0,0.0,0.0
narrow,0.1,- tai neo cam bien,ca_mau,severe,inf,5,24,2024,56.8056,0.0,0.0,0,0.0,0,0,0,90,0,0,0,1978,1680,0.0,0.0,0.0
narrow,0.1,- tai neo cam bien,ca_mau,severe,inf,6,24,2024,56.8056,0.0,0.0,0,0.0,0,0,0,90,0,0,0,1978,1680,0.0,0.0,0.0
narrow,0.1,- tai neo cam bien,ca_mau,severe,inf,7,24,2024,56.8056,0.0,0.0,0,0.0,0,0,0,90,0,0,0,1978,1680,0.0,0.0,0.0
narrow,0.1,- tai neo cam bien,ca_mau,severe,inf,8,24,2024,56.8056,0.0,0.0,0,0.0,0,0,0,90,0,0,0,1978,1680,0.0,0.0,0.0
narrow,0.1,- tai neo cam bien,ca_mau,severe,inf,9,24,2024,56.8056,0.0,0.0,0,0.0,0,0,0,90,0,0,0,1978,1680,0.0,0.0,0.0
narrow,0.1,- epoch cap (quyet dinh moi gio),can_tho,mild,inf,0,1,2024,0.0,0.0,380.0,4,80.0,19,4,15,2141,0,0,4,56,433,20.0,0.167,0.0
narrow,0.1,- epoch cap (quyet dinh moi gio),can_tho,mild,inf,1,1,2024,0.0,0.0,360.0,4,80.0,23,6,17,2137,0,0,4,50,441,20.0,0.189,0.9623
narrow,0.1,- epoch cap (quyet dinh moi gio),can_tho,mild,inf,2,1,2024,0.0,0.0,360.0,7,140.0,31,12,19,2129,0,0,3,50,432,20.0,0.211,1.8748
narrow,0.1,- epoch cap (quyet dinh moi gio),can_tho,mild,inf,3,1,2024,0.0,0.0,360.0,9,180.0,19,7,12,2141,0,0,4,46,346,20.0,0.133,0.4303
narrow,0.1,- epoch cap (quyet dinh moi gio),can_tho,mild,inf,4,1,2024,0.0,0.0,360.0,5,100.0,25,9,16,2135,0,0,7,112,517,20.0,0.178,1.2171
narrow,0.1,- epoch cap (quyet dinh moi gio),can_tho,mild,inf,5,1,2024,0.0,0.0,380.0,9,180.0,20,8,12,2140,0,0,2,31,344,20.0,0.133,0.6066
narrow,0.1,- epoch cap (quyet dinh moi gio),can_tho,mild,inf,6,1,2024,0.0,0.0,360.0,10,200.0,19,8,11,2141,0,0,3,35,336,20.0,0.122,0.6083
narrow,0.1,- epoch cap (quyet dinh moi gio),can_tho,mild,inf,7,1,2024,0.0,0.0,360.0,8,160.0,22,9,13,2138,0,0,4,52,350,20.0,0.144,0.9612
narrow,0.1,- epoch cap (quyet dinh moi gio),can_tho,mild,inf,8,1,2024,0.0,0.0,360.0,3,60.0,21,6,15,2139,0,0,5,66,464,20.0,0.167,0.7454
narrow,0.1,- epoch cap (quyet dinh moi gio),can_tho,mild,inf,9,1,2024,0.0,0.0,360.0,3,60.0,25,8,17,2135,0,0,6,75,484,20.0,0.189,1.3608
narrow,0.1,- epoch cap (quyet dinh moi gio),can_tho,severe,inf,0,1,2024,0.0,0.0,380.0,4,80.0,51,31,20,2109,0,0,9,123,525,20.0,0.222,1.291
narrow,0.1,- epoch cap (quyet dinh moi gio),can_tho,severe,inf,1,1,2024,0.0,0.0,360.0,2,40.0,37,19,18,2123,0,0,11,141,560,20.0,0.2,1.1407
narrow,0.1,- epoch cap (quyet dinh moi gio),can_tho,severe,inf,2,1,2024,0.0,0.0,360.0,6,120.0,52,33,19,2108,0,0,4,53,418,20.0,0.211,1.7759
narrow,0.1,- epoch cap (quyet dinh moi gio),can_tho,severe,inf,3,1,2024,0.0,0.0,400.0,8,160.0,68,47,21,2092,0,0,7,79,469,20.0,0.233,2.0162
narrow,0.1,- epoch cap (quyet dinh moi gio),can_tho,severe,inf,4,1,2024,0.0,0.0,360.0,4,80.0,56,36,20,2104,0,0,7,70,492,20.0,0.222,1.7212
narrow,0.1,- epoch cap (quyet dinh moi gio),can_tho,severe,inf,5,1,2024,0.0,0.0,380.0,7,140.0,41,26,15,2119,0,0,8,101,465,20.0,0.167,1.6102
narrow,0.1,- epoch cap (quyet dinh moi gio),can_tho,severe,inf,6,1,2024,0.0,0.0,420.0,8,160.0,59,42,17,2101,0,0,10,142,494,20.0,0.189,2.0179
narrow,0.1,- epoch cap (quyet dinh moi gio),can_tho,severe,inf,7,1,2024,0.0,0.0,380.0,8,160.0,39,24,15,2121,0,0,6,75,422,20.0,0.167,1.3608
narrow,0.1,- epoch cap (quyet dinh moi gio),can_tho,severe,inf,8,1,2024,0.0,0.0,360.0,2,40.0,58,37,21,2102,0,0,7,76,541,20.0,0.233,1.3602
narrow,0.1,- epoch cap (quyet dinh moi gio),can_tho,severe,inf,9,1,2024,0.0,0.0,360.0,3,60.0,73,49,24,2087,0,0,11,159,596,20.0,0.267,1.721
narrow,0.1,- epoch cap (quyet dinh moi gio),soc_trang,mild,inf,0,1,2024,0.0,0.0,340.0,3,60.0,22,6,16,2138,0,0,6,74,502,20.0,0.178,1.1345
narrow,0.1,- epoch cap (quyet dinh moi gio),soc_trang,mild,inf,1,1,2024,0.0,0.0,340.0,4,80.0,19,4,15,2141,0,0,4,61,554,20.0,0.167,0.6086
narrow,0.1,- epoch cap (quyet dinh moi gio),soc_trang,mild,inf,2,1,2024,0.0,0.0,340.0,6,120.0,24,8,16,2136,0,0,5,49,478,20.0,0.178,1.6053
narrow,0.1,- epoch cap (quyet dinh moi gio),soc_trang,mild,inf,3,1,2024,0.0,0.0,360.0,9,180.0,25,10,15,2135,0,0,5,79,404,20.0,0.167,1.2156
narrow,0.1,- epoch cap (quyet dinh moi gio),soc_trang,mild,inf,4,1,2024,0.0,0.0,360.0,4,80.0,30,10,20,2130,0,0,6,80,532,20.0,0.222,1.6658
narrow,0.1,- epoch cap (quyet dinh moi gio),soc_trang,mild,inf,5,1,2024,0.0,0.0,340.0,8,160.0,20,7,13,2140,0,0,6,84,495,20.0,0.144,0.8592
narrow,0.1,- epoch cap (quyet dinh moi gio),soc_trang,mild,inf,6,1,2024,0.0,0.0,340.0,10,200.0,21,9,12,2139,0,0,4,64,495,20.0,0.133,1.36
narrow,0.1,- epoch cap (quyet dinh moi gio),soc_trang,mild,inf,7,1,2024,0.0,0.0,340.0,6,120.0,24,10,14,2136,0,0,4,59,511,20.0,0.156,1.291
narrow,0.1,- epoch cap (quyet dinh moi gio),soc_trang,mild,inf,8,1,2024,0.0,0.0,340.0,3,60.0,25,7,18,2135,0,0,6,68,501,20.0,0.2,1.4196
narrow,0.1,- epoch cap (quyet dinh moi gio),soc_trang,mild,inf,9,1,2024,0.0,0.0,340.0,3,60.0,26,8,18,2134,0,0,4,68,509,20.0,0.2,1.3601
narrow,0.1,- epoch cap (quyet dinh moi gio),soc_trang,severe,inf,0,1,2024,0.0,0.0,340.0,3,60.0,44,25,19,2116,0,0,8,100,505,20.0,0.211,1.3588
narrow,0.1,- epoch cap (quyet dinh moi gio),soc_trang,severe,inf,1,1,2024,0.0,0.0,360.0,3,60.0,47,27,20,2113,0,0,10,86,552,20.0,0.222,1.2901
narrow,0.1,- epoch cap (quyet dinh moi gio),soc_trang,severe,inf,2,1,2024,0.0,0.0,340.0,6,120.0,56,38,18,2104,0,0,9,104,524,20.0,0.2,1.8242
narrow,0.1,- epoch cap (quyet dinh moi gio),soc_trang,severe,inf,3,1,2024,0.0,0.0,360.0,8,160.0,42,28,14,2118,0,0,6,84,465,20.0,0.156,1.6667
narrow,0.1,- epoch cap (quyet dinh moi gio),soc_trang,severe,inf,4,1,2024,0.0,0.0,360.0,4,80.0,69,47,22,2091,0,0,7,93,538,20.0,0.244,1.6102
narrow,0.1,- epoch cap (quyet dinh moi gio),soc_trang,severe,inf,5,1,2024,0.0,0.0,340.0,8,160.0,37,23,14,2123,0,0,6,82,495,20.0,0.156,1.429
narrow,0.1,- epoch cap (quyet dinh moi gio),soc_trang,severe,inf,6,1,2024,0.0,0.0,420.0,10,200.0,47,31,16,2113,0,0,7,109,511,20.0,0.178,1.7223
narrow,0.1,- epoch cap (quyet dinh moi gio),soc_trang,severe,inf,7,1,2024,0.0,0.0,340.0,7,140.0,35,22,13,2125,0,0,5,63,490,20.0,0.144,1.2172
narrow,0.1,- epoch cap (quyet dinh moi gio),soc_trang,severe,inf,8,1,2024,0.0,0.0,340.0,2,40.0,57,34,23,2103,0,0,9,150,641,20.0,0.256,1.4272
narrow,0.1,- epoch cap (quyet dinh moi gio),soc_trang,severe,inf,9,1,2024,0.0,0.0,340.0,3,60.0,60,38,22,2100,0,0,11,147,557,20.0,0.244,1.4272
narrow,0.1,- epoch cap (quyet dinh moi gio),ca_mau,mild,inf,0,1,2024,0.0,0.0,320.0,3,60.0,22,7,15,2138,0,0,9,118,559,20.0,0.167,1.0541
narrow,0.1,- epoch cap (quyet dinh moi gio),ca_mau,mild,inf,1,1,2024,0.0,0.0,320.0,4,80.0,23,8,15,2137,0,0,8,127,538,20.0,0.167,1.1386
narrow,0.1,- epoch cap (quyet dinh moi gio),ca_mau,mild,inf,2,1,2024,0.0,0.0,320.0,8,160.0,22,9,13,2138,0,0,5,83,534,20.0,0.144,1.1374
narrow,0.1,- epoch cap (quyet dinh moi gio),ca_mau,mild,inf,3,1,2024,0.0,0.0,320.0,6,120.0,21,8,13,2139,0,0,6,92,540,20.0,0.144,0.9623
narrow,0.1,- epoch cap (quyet dinh moi gio),ca_mau,mild,inf,4,1,2024,0.0,0.0,320.0,5,100.0,20,7,13,2140,0,0,7,110,508,20.0,0.144,0.8607
narrow,0.1,- epoch cap (quyet dinh moi gio),ca_mau,mild,inf,5,1,2024,0.0,0.0,340.0,8,160.0,20,7,13,2140,0,0,5,79,424,20.0,0.144,0.7454
narrow,0.1,- epoch cap (quyet dinh moi gio),ca_mau,mild,inf,6,1,2024,0.0,0.0,340.0,9,180.0,18,7,11,2142,0,0,8,123,403,20.0,0.122,0.6084
narrow,0.1,- epoch cap (quyet dinh moi gio),ca_mau,mild,inf,7,1,2024,0.0,0.0,320.0,6,120.0,21,9,12,2139,0,0,7,106,490,20.0,0.133,1.0541
narrow,0.1,- epoch cap (quyet dinh moi gio),ca_mau,mild,inf,8,1,2024,0.0,0.0,340.0,3,60.0,19,5,14,2141,0,0,6,93,489,20.0,0.156,0.6086
narrow,0.1,- epoch cap (quyet dinh moi gio),ca_mau,mild,inf,9,1,2024,0.0,0.0,320.0,3,60.0,19,4,15,2141,0,0,8,108,574,20.0,0.167,0.8598
narrow,0.1,- epoch cap (quyet dinh moi gio),ca_mau,severe,inf,0,1,2024,0.0,0.0,320.0,2,40.0,44,26,18,2116,0,0,10,151,535,20.0,0.2,1.215
narrow,0.1,- epoch cap (quyet dinh moi gio),ca_mau,severe,inf,1,1,2024,0.0,0.0,340.0,3,60.0,35,20,15,2125,0,0,8,112,540,20.0,0.167,1.2484
narrow,0.1,- epoch cap (quyet dinh moi gio),ca_mau,severe,inf,2,1,2024,0.0,0.0,360.0,7,140.0,38,23,15,2122,0,0,6,68,487,20.0,0.167,1.2909
narrow,0.1,- epoch cap (quyet dinh moi gio),ca_mau,severe,inf,3,1,2024,0.0,0.0,360.0,6,120.0,51,36,15,2109,0,0,10,142,482,20.0,0.167,1.49
narrow,0.1,- epoch cap (quyet dinh moi gio),ca_mau,severe,inf,4,1,2024,0.0,0.0,320.0,2,40.0,53,35,18,2107,0,0,8,149,527,20.0,0.2,1.49
narrow,0.1,- epoch cap (quyet dinh moi gio),ca_mau,severe,inf,5,1,2024,0.0,0.0,340.0,6,120.0,49,33,16,2111,0,0,8,106,434,20.0,0.178,1.72
narrow,0.1,- epoch cap (quyet dinh moi gio),ca_mau,severe,inf,6,1,2024,0.0,0.0,360.0,9,180.0,70,50,20,2090,0,0,10,136,496,20.0,0.222,2.0182
narrow,0.1,- epoch cap (quyet dinh moi gio),ca_mau,severe,inf,7,1,2024,0.0,0.0,340.0,4,80.0,64,44,20,2096,0,0,10,136,568,20.0,0.222,1.9301
narrow,0.1,- epoch cap (quyet dinh moi gio),ca_mau,severe,inf,8,1,2024,0.0,0.0,340.0,2,40.0,50,31,19,2110,0,0,9,144,560,20.0,0.211,1.1368
narrow,0.1,- epoch cap (quyet dinh moi gio),ca_mau,severe,inf,9,1,2024,0.0,0.0,320.0,2,40.0,57,38,19,2103,0,0,12,146,549,20.0,0.211,1.3608
narrow,0.1,- cong chance-constrained,can_tho,mild,inf,0,24,2024,0.0,0.0,600.0,1,60.0,13,3,10,0,0,0,3,56,228,60.0,0.111,1.5797
narrow,0.1,- cong chance-constrained,can_tho,mild,inf,1,24,2024,0.0,0.0,540.0,1,60.0,11,2,9,0,0,0,4,43,228,60.0,0.1,0.9333
narrow,0.1,- cong chance-constrained,can_tho,mild,inf,2,24,2024,0.0,0.0,840.0,8,480.0,15,6,9,0,0,0,4,43,227,60.0,0.1,0.9333
narrow,0.1,- cong chance-constrained,can_tho,mild,inf,3,24,2024,0.0,0.0,780.0,5,300.0,19,7,12,0,0,0,4,92,276,60.0,0.133,2.3089
narrow,0.1,- cong chance-constrained,can_tho,mild,inf,4,24,2024,0.0,0.0,600.0,2,120.0,15,4,11,0,0,0,3,62,233,60.0,0.122,1.8937
narrow,0.1,- cong chance-constrained,can_tho,mild,inf,5,24,2024,0.0,0.0,780.0,5,300.0,16,6,10,0,0,0,4,45,229,60.0,0.111,1.5382
narrow,0.1,- cong chance-constrained,can_tho,mild,inf,6,24,2024,0.0,0.0,780.0,7,420.0,14,5,9,0,0,0,4,42,227,60.0,0.1,0.8302
narrow,0.1,- cong chance-constrained,can_tho,mild,inf,7,24,2024,0.0,0.0,660.0,4,240.0,13,4,9,0,0,0,4,43,227,60.0,0.1,0.9512
narrow,0.1,- cong chance-constrained,can_tho,mild,inf,8,24,2024,0.0,0.0,600.0,1,60.0,14,4,10,0,0,0,4,48,232,60.0,0.111,1.7485
narrow,0.1,- cong chance-constrained,can_tho,mild,inf,9,24,2024,0.0,0.0,600.0,1,60.0,13,4,9,0,0,0,4,44,228,60.0,0.1,1.3394
narrow,0.1,- cong chance-constrained,can_tho,severe,inf,0,24,2024,0.0,0.0,540.0,1,60.0,18,8,10,0,0,0,4,43,230,60.0,0.111,1.5261
narrow,0.1,- cong chance-constrained,can_tho,severe,inf,1,24,2024,0.0,0.0,600.0,1,60.0,34,21,13,0,0,0,4,73,260,60.0,0.144,1.9937
narrow,0.1,- cong chance-constrained,can_tho,severe,inf,2,24,2024,0.0,0.0,840.0,5,300.0,25,16,9,0,0,0,4,46,232,60.0,0.1,2.0322
narrow,0.1,- cong chance-constrained,can_tho,severe,inf,3,24,2024,0.4167,0.0,540.0,2,120.0,54,39,15,0,0,1,4,198,386,60.0,0.167,3.6502
narrow,0.1,- cong chance-constrained,can_tho,severe,inf,4,24,2024,0.0,0.0,600.0,1,60.0,29,18,11,0,0,0,3,58,242,60.0,0.122,1.7611
narrow,0.1,- cong chance-constrained,can_tho,severe,inf,5,24,2024,0.0,0.0,720.0,3,180.0,38,26,12,0,0,0,5,67,267,60.0,0.133,2.3654
narrow,0.1,- cong chance-constrained,can_tho,severe,inf,6,24,2024,0.0,0.0,780.0,4,240.0,38,26,12,0,0,0,5,65,264,60.0,0.133,2.5881
narrow,0.1,- cong chance-constrained,can_tho,severe,inf,7,24,2024,0.0,0.0,660.0,2,120.0,37,24,13,0,0,0,5,69,264,60.0,0.144,2.3062
narrow,0.1,- cong chance-constrained,can_tho,severe,inf,8,24,2024,0.0,0.0,600.0,1,60.0,19,9,10,0,0,0,4,67,255,60.0,0.111,1.2959
narrow,0.1,- cong chance-constrained,can_tho,severe,inf,9,24,2024,0.0,0.0,660.0,2,120.0,29,17,12,0,0,0,5,84,280,60.0,0.133,2.0036
narrow,0.1,- cong chance-constrained,soc_trang,mild,inf,0,24,2024,0.0,0.0,600.0,1,60.0,12,2,10,0,0,0,4,61,271,60.0,0.111,1.2907
narrow,0.1,- cong chance-constrained,soc_trang,mild,inf,1,24,2024,0.0,0.0,600.0,1,60.0,15,4,11,0,0,1,5,160,356,60.0,0.122,1.9543
narrow,0.1,- cong chance-constrained,soc_trang,mild,inf,2,24,2024,0.0,0.0,720.0,5,300.0,15,6,9,0,0,0,4,40,249,60.0,0.1,1.5576
narrow,0.1,- cong chance-constrained,soc_trang,mild,inf,3,24,2024,0.0,0.0,660.0,5,300.0,15,5,10,0,0,0,4,85,353,60.0,0.111,1.8358
narrow,0.1,- cong chance-constrained,soc_trang,mild,inf,4,24,2024,0.0,0.0,600.0,2,120.0,11,2,9,0,0,0,4,38,246,60.0,0.1,0.0007
narrow,0.1,- cong chance-constrained,soc_trang,mild,inf,5,24,2024,0.0,0.0,840.0,7,420.0,15,6,9,0,0,0,4,38,246,60.0,0.1,0.0
narrow,0.1,- cong chance-constrained,soc_trang,mild,inf,6,24,2024,0.0,0.0,660.0,5,300.0,14,5,9,0,0,0,4,38,248,60.0,0.1,1.2388
narrow,0.1,- cong chance-constrained,soc_trang,mild,inf,7,24,2024,0.0,0.0,780.0,5,300.0,15,6,9,0,0,0,4,39,247,60.0,0.1,0.912
narrow,0.1,- cong chance-constrained,soc_trang,mild,inf,8,24,2024,0.0,0.0,600.0,1,60.0,10,1,9,0,0,0,4,38,246,60.0,0.1,0.0
narrow,0.1,- cong chance-constrained,soc_trang,mild,inf,9,24,2024,0.0,0.0,600.0,2,120.0,13,3,10,0,0,0,4,62,272,60.0,0.111,1.5547
narrow,0.1,- cong chance-constrained,soc_trang,severe,inf,0,24,2024,0.0,0.0,540.0,1,60.0,29,16,13,0,0,0,3,128,352,60.0,0.144,2.65
narrow,0.1,- cong chance-constrained,soc_trang,severe,inf,1,24,2024,0.0,0.0,480.0,1,60.0,40,27,13,0,0,1,4,154,346,60.0,0.144,2.7478
narrow,0.1,- cong chance-constrained,soc_trang,severe,inf,2,24,2024,0.0,0.0,720.0,4,240.0,31,21,10,0,0,0,5,76,361,60.0,0.111,1.995
narrow,0.1,- cong chance-constrained,soc_trang,severe,inf,3,24,2024,0.3241,0.0,540.0,2,120.0,54,39,15,0,0,1,2,157,359,60.0,0.167,3.6023
narrow,0.1,- cong chance-constrained,soc_trang,severe,inf,4,24,2024,0.0,0.0,540.0,0,0.0,25,15,10,0,0,0,5,58,280,60.0,0.111,1.5443
narrow,0.1,- cong chance-constrained,soc_trang,severe,inf,5,24,2024,0.0,0.0,720.0,4,240.0,30,20,10,0,0,0,5,59,277,60.0,0.111,2.2116
narrow,0.1,- cong chance-constrained,soc_trang,severe,inf,6,24,2024,0.0,0.0,660.0,3,180.0,36,24,12,0,0,0,4,116,333,60.0,0.133,2.7323
narrow,0.1,- cong chance-constrained,soc_trang,severe,inf,7,24,2024,0.0,0.0,600.0,2,120.0,42,29,13,0,0,0,4,141,346,60.0,0.144,2.8815
narrow,0.1,- cong chance-constrained,soc_trang,severe,inf,8,24,2024,0.0,0.0,540.0,1,60.0,28,17,11,0,0,0,3,102,313,60.0,0.122,2.577
narrow,0.1,- cong chance-constrained,soc_trang,severe,inf,9,24,2024,0.0,0.0,600.0,1,60.0,23,14,9,0,0,0,4,42,259,60.0,0.1,0.9244
narrow,0.1,- cong chance-constrained,ca_mau,mild,inf,0,24,2024,0.0,0.0,480.0,0,0.0,13,3,10,0,0,0,4,79,298,60.0,0.111,2.0341
narrow,0.1,- cong chance-constrained,ca_mau,mild,inf,1,24,2024,0.0,0.0,540.0,1,60.0,14,4,10,0,0,0,4,60,297,60.0,0.111,1.9935
narrow,0.1,- cong chance-constrained,ca_mau,mild,inf,2,24,2024,0.0,0.0,720.0,6,360.0,13,5,8,0,0,0,4,28,250,60.0,0.089,0.891
narrow,0.1,- cong chance-constrained,ca_mau,mild,inf,3,24,2024,0.0,0.0,600.0,5,300.0,13,4,9,0,0,0,5,64,274,60.0,0.1,1.296
narrow,0.1,- cong chance-constrained,ca_mau,mild,inf,4,24,2024,0.0,0.0,600.0,2,120.0,10,2,8,0,0,0,4,28,249,60.0,0.089,0.0
narrow,0.1,- cong chance-constrained,ca_mau,mild,inf,5,24,2024,0.0,0.0,720.0,5,300.0,15,6,9,0,0,0,4,58,272,60.0,0.1,1.3061
narrow,0.1,- cong chance-constrained,ca_mau,mild,inf,6,24,2024,0.0,0.0,660.0,5,300.0,13,5,8,0,0,0,4,28,251,60.0,0.089,1.1971
narrow,0.1,- cong chance-constrained,ca_mau,mild,inf,7,24,2024,0.0,0.0,540.0,4,240.0,15,6,9,0,0,0,5,47,272,60.0,0.1,1.5535
narrow,0.1,- cong chance-constrained,ca_mau,mild,inf,8,24,2024,0.0,0.0,540.0,1,60.0,14,4,10,0,0,0,4,63,295,60.0,0.111,2.0487
narrow,0.1,- cong chance-constrained,ca_mau,mild,inf,9,24,2024,0.0,0.0,600.0,2,120.0,10,2,8,0,0,0,4,28,249,60.0,0.089,0.0
narrow,0.1,- cong chance-constrained,ca_mau,severe,inf,0,24,2024,0.0,0.0,540.0,1,60.0,25,13,12,0,0,0,4,96,327,60.0,0.133,2.2665
narrow,0.1,- cong chance-constrained,ca_mau,severe,inf,1,24,2024,0.0,0.0,480.0,1,60.0,29,18,11,0,0,0,5,83,312,60.0,0.122,1.7747
narrow,0.1,- cong chance-constrained,ca_mau,severe,inf,2,24,2024,0.0,0.0,720.0,4,240.0,23,15,8,0,0,0,4,31,258,60.0,0.089,1.2578
narrow,0.1,- cong chance-constrained,ca_mau,severe,inf,3,24,2024,0.0,0.0,660.0,4,240.0,43,29,14,0,0,1,4,164,393,60.0,0.156,3.4698
narrow,0.1,- cong chance-constrained,ca_mau,severe,inf,4,24,2024,0.0,0.0,480.0,1,60.0,29,18,11,0,0,0,4,87,325,60.0,0.122,2.0232
narrow,0.1,- cong chance-constrained,ca_mau,severe,inf,5,24,2024,0.0,0.0,600.0,3,180.0,24,16,8,0,0,0,4,32,259,60.0,0.089,1.9976
narrow,0.1,- cong chance-constrained,ca_mau,severe,inf,6,24,2024,0.0,0.0,660.0,3,180.0,41,28,13,0,0,0,5,107,353,60.0,0.144,2.8574
narrow,0.1,- cong chance-constrained,ca_mau,severe,inf,7,24,2024,0.0,0.0,600.0,2,120.0,38,26,12,0,0,0,5,93,331,60.0,0.133,2.6602
narrow,0.1,- cong chance-constrained,ca_mau,severe,inf,8,24,2024,0.0,0.0,540.0,1,60.0,36,23,13,0,0,0,4,123,352,60.0,0.144,2.8021
narrow,0.1,- cong chance-constrained,ca_mau,severe,inf,9,24,2024,0.0,0.0,480.0,0,0.0,25,16,9,0,0,0,4,57,282,60.0,0.1,1.3469
narrow,0.1,- luat thich ung (centre co dinh),can_tho,mild,inf,0,24,2024,0.0,0.0,320.0,3,60.0,18,4,14,76,0,0,13,979,745,20.0,0.156,0.6086
narrow,0.1,- luat thich ung (centre co dinh),can_tho,mild,inf,1,24,2024,0.0,0.0,340.0,4,80.0,19,5,14,76,0,0,14,301,669,20.0,0.156,0.9619
narrow,0.1,- luat thich ung (centre co dinh),can_tho,mild,inf,2,24,2024,0.0,0.0,340.0,5,100.0,24,9,15,75,0,0,13,328,692,20.0,0.167,1.1386
narrow,0.1,- luat thich ung (centre co dinh),can_tho,mild,inf,3,24,2024,0.0,0.0,360.0,8,160.0,21,7,14,76,0,0,13,293,650,20.0,0.156,0.7454
narrow,0.1,- luat thich ung (centre co dinh),can_tho,mild,inf,4,24,2024,0.0,0.0,360.0,6,120.0,18,5,13,77,0,0,13,326,675,20.0,0.144,0.0
narrow,0.1,- luat thich ung (centre co dinh),can_tho,mild,inf,5,24,2024,0.0,0.0,340.0,8,160.0,18,6,12,78,0,0,12,297,611,20.0,0.133,0.4303
narrow,0.1,- luat thich ung (centre co dinh),can_tho,mild,inf,6,24,2024,0.0,0.0,340.0,9,180.0,18,7,11,79,0,0,11,242,566,20.0,0.122,0.4303
narrow,0.1,- luat thich ung (centre co dinh),can_tho,mild,inf,7,24,2024,0.0,0.0,340.0,7,140.0,19,8,11,79,0,0,10,235,544,20.0,0.122,0.9622
narrow,0.1,- luat thich ung (centre co dinh),can_tho,mild,inf,8,24,2024,0.0,0.0,340.0,3,60.0,22,6,16,74,0,0,15,356,751,20.0,0.178,1.0541
narrow,0.1,- luat thich ung (centre co dinh),can_tho,mild,inf,9,24,2024,0.0,0.0,320.0,3,60.0,18,4,14,76,0,0,14,979,770,20.0,0.156,0.6086
narrow,0.1,- luat thich ung (centre co dinh),can_tho,severe,inf,0,24,2024,0.0,0.0,320.0,2,40.0,52,31,21,69,0,1,14,472,873,20.0,0.233,1.5516
narrow,0.1,- luat thich ung (centre co dinh),can_tho,severe,inf,1,24,2024,0.0,0.0,340.0,3,60.0,57,37,20,70,0,1,13,456,822,20.0,0.222,1.3652
narrow,0.1,- luat thich ung (centre co dinh),can_tho,severe,inf,2,24,2024,0.0,0.0,340.0,3,60.0,60,43,17,73,0,1,13,430,810,20.0,0.189,1.5516
narrow,0.1,- luat thich ung (centre co dinh),can_tho,severe,inf,3,24,2024,3.8426,0.0,340.0,7,140.0,60,42,18,72,0,1,10,521,809,21.25,0.2,1.8757
narrow,0.1,- luat thich ung (centre co dinh),can_tho,severe,inf,4,24,2024,0.0,0.0,320.0,2,40.0,40,25,15,75,0,0,14,969,776,20.0,0.167,1.291
narrow,0.1,- luat thich ung (centre co dinh),can_tho,severe,inf,5,24,2024,0.0,0.0,340.0,5,100.0,38,24,14,76,0,0,13,320,664,20.0,0.156,1.4311
narrow,0.1,- luat thich ung (centre co dinh),can_tho,severe,inf,6,24,2024,0.0,0.0,340.0,8,160.0,56,39,17,73,0,0,12,371,739,20.0,0.189,2.0674
narrow,0.1,- luat thich ung (centre co dinh),can_tho,severe,inf,7,24,2024,3.75,0.0,320.0,3,80.0,45,30,15,75,0,1,10,494,805,22.86,0.167,1.8257
narrow,0.1,- luat thich ung (centre co dinh),can_tho,severe,inf,8,24,2024,0.0,0.0,340.0,3,60.0,42,25,17,73,0,0,14,419,792,20.0,0.189,1.0541
narrow,0.1,- luat thich ung (centre co dinh),can_tho,severe,inf,9,24,2024,0.0,0.0,320.0,2,40.0,45,26,19,71,0,0,14,389,824,20.0,0.211,1.4272
narrow,0.1,- luat thich ung (centre co dinh),soc_trang,mild,inf,0,24,2024,0.0,0.0,300.0,3,60.0,22,6,16,74,0,0,14,1051,1143,20.0,0.178,1.2172
narrow,0.1,- luat thich ung (centre co dinh),soc_trang,mild,inf,1,24,2024,0.0,0.0,320.0,4,80.0,17,3,14,76,0,0,14,355,729,20.0,0.156,0.4303
narrow,0.1,- luat thich ung (centre co dinh),soc_trang,mild,inf,2,24,2024,0.0,0.0,320.0,8,160.0,18,6,12,78,0,0,12,283,774,20.0,0.133,0.6086
narrow,0.1,- luat thich ung (centre co dinh),soc_trang,mild,inf,3,24,2024,0.0,0.0,320.0,8,160.0,20,8,12,78,0,0,11,251,785,20.0,0.133,0.8607
narrow,0.1,- luat thich ung (centre co dinh),soc_trang,mild,inf,4,24,2024,0.0,0.0,320.0,5,100.0,22,7,15,75,0,1,12,411,773,20.0,0.167,1.2909
narrow,0.1,- luat thich ung (centre co dinh),soc_trang,mild,inf,5,24,2024,0.0,0.0,340.0,7,140.0,21,8,13,77,0,0,11,280,590,20.0,0.144,0.8607
narrow,0.1,- luat thich ung (centre co dinh),soc_trang,mild,inf,6,24,2024,0.0,0.0,340.0,10,200.0,18,7,11,79,0,0,11,246,584,20.0,0.122,0.4303
narrow,0.1,- luat thich ung (centre co dinh),soc_trang,mild,inf,7,24,2024,0.0,0.0,340.0,7,140.0,18,7,11,79,0,0,11,286,610,20.0,0.122,0.4303
narrow,0.1,- luat thich ung (centre co dinh),soc_trang,mild,inf,8,24,2024,0.0,0.0,340.0,3,60.0,23,5,18,72,0,0,16,403,836,20.0,0.2,1.3608
narrow,0.1,- luat thich ung (centre co dinh),soc_trang,mild,inf,9,24,2024,0.0,0.0,320.0,3,60.0,19,5,14,76,0,0,13,327,672,20.0,0.156,1.054
narrow,0.1,- luat thich ung (centre co dinh),soc_trang,severe,inf,0,24,2024,0.0,0.0,300.0,2,40.0,54,35,19,71,0,0,14,526,996,20.0,0.211,1.291
narrow,0.1,- luat thich ung (centre co dinh),soc_trang,severe,inf,1,24,2024,0.0,0.0,320.0,4,80.0,39,24,15,75,0,0,14,418,995,20.0,0.167,0.9623
narrow,0.1,- luat thich ung (centre co dinh),soc_trang,severe,inf,2,24,2024,0.0,0.0,320.0,5,100.0,38,24,14,76,0,0,13,399,973,20.0,0.156,1.4907
narrow,0.1,- luat thich ung (centre co dinh),soc_trang,severe,inf,3,24,2024,4.7685,0.0,340.0,6,120.0,47,32,15,75,0,1,10,546,838,21.25,0.167,1.6666
narrow,0.1,- luat thich ung (centre co dinh),soc_trang,severe,inf,4,24,2024,0.0,0.0,320.0,4,80.0,38,23,15,75,0,0,13,331,703,20.0,0.167,1.2351
narrow,0.1,- luat thich ung (centre co dinh),soc_trang,severe,inf,5,24,2024,0.0,0.0,380.0,7,140.0,38,23,15,75,0,0,13,290,664,20.0,0.167,1.2957
narrow,0.1,- luat thich ung (centre co dinh),soc_trang,severe,inf,6,24,2024,0.0,0.0,380.0,11,220.0,41,28,13,77,0,0,11,326,667,20.0,0.144,1.5591
narrow,0.1,- luat thich ung (centre co dinh),soc_trang,severe,inf,7,24,2024,4.7685,0.0,300.0,2,60.0,47,31,16,74,0,1,10,555,899,23.08,0.178,1.6101
narrow,0.1,- luat thich ung (centre co dinh),soc_trang,severe,inf,8,24,2024,7.2685,0.0,260.0,2,40.0,53,34,19,71,0,1,10,652,1178,21.67,0.211,1.291
narrow,0.1,- luat thich ung (centre co dinh),soc_trang,severe,inf,9,24,2024,5.8796,0.0,280.0,1,20.0,34,18,16,74,0,1,11,633,956,21.54,0.178,1.291
narrow,0.1,- luat thich ung (centre co dinh),ca_mau,mild,inf,0,24,2024,0.0,0.0,300.0,3,60.0,21,6,15,75,0,0,13,378,768,20.0,0.167,1.1386
narrow,0.1,- luat thich ung (centre co dinh),ca_mau,mild,inf,1,24,2024,0.0,0.0,320.0,4,80.0,17,4,13,77,0,0,13,345,724,20.0,0.144,0.6085
narrow,0.1,- luat thich ung (centre co dinh),ca_mau,mild,inf,2,24,2024,0.0,0.0,300.0,6,120.0,20,7,13,77,0,0,12,340,735,20.0,0.144,1.0541
narrow,0.1,- luat thich ung (centre co dinh),ca_mau,mild,inf,3,24,2024,0.0,0.0,300.0,7,140.0,18,6,12,78,0,0,11,305,756,20.0,0.133,0.7454
narrow,0.1,- luat thich ung (centre co dinh),ca_mau,mild,inf,4,24,2024,0.0,0.0,300.0,5,100.0,18,5,13,77,0,0,12,291,752,20.0,0.144,0.7454
narrow,0.1,- luat thich ung (centre co dinh),ca_mau,mild,inf,5,24,2024,0.0,0.0,300.0,5,100.0,22,8,14,76,0,1,11,427,748,20.0,0.156,1.1386
narrow,0.1,- luat thich ung (centre co dinh),ca_mau,mild,inf,6,24,2024,0.0,0.0,340.0,10,200.0,17,7,10,80,0,0,10,246,547,20.0,0.111,0.0
narrow,0.1,- luat thich ung (centre co dinh),ca_mau,mild,inf,7,24,2024,0.0,0.0,300.0,6,120.0,19,7,12,78,0,0,11,264,763,20.0,0.133,0.9622
narrow,0.1,- luat thich ung (centre co dinh),ca_mau,mild,inf,8,24,2024,0.0,0.0,300.0,2,40.0,17,4,13,77,0,0,13,263,804,20.0,0.144,0.6086
narrow,0.1,- luat thich ung (centre co dinh),ca_mau,mild,inf,9,24,2024,0.0,0.0,300.0,3,60.0,20,7,13,77,0,0,12,352,738,20.0,0.144,0.9623
narrow,0.1,- luat thich ung (centre co dinh),ca_mau,severe,inf,0,24,2024,0.0,0.0,280.0,3,60.0,49,30,19,71,0,1,12,1056,1097,20.0,0.211,1.3608
narrow,0.1,- luat thich ung (centre co dinh),ca_mau,severe,inf,1,24,2024,5.3704,0.0,240.0,0,0.0,53,35,18,72,0,2,9,1281,1226,21.82,0.2,1.3608
narrow,0.1,- luat thich ung (centre co dinh),ca_mau,severe,inf,2,24,2024,0.0,0.0,320.0,6,120.0,48,33,15,75,0,1,10,997,902,20.0,0.167,1.5557
narrow,0.1,- luat thich ung (centre co dinh),ca_mau,severe,inf,3,24,2024,3.9815,0.0,280.0,4,80.0,44,30,14,76,0,1,9,477,813,21.54,0.156,1.5516
narrow,0.1,- luat thich ung (centre co dinh),ca_mau,severe,inf,4,24,2024,0.0,0.0,300.0,5,100.0,28,16,12,78,0,0,11,329,749,20.0,0.133,1.1385
narrow,0.1,- luat thich ung (centre co dinh),ca_mau,severe,inf,5,24,2024,0.0,0.0,340.0,6,120.0,42,28,14,76,0,0,11,359,679,20.0,0.156,1.8351
narrow,0.1,- luat thich ung (centre co dinh),ca_mau,severe,inf,6,24,2024,0.0,0.0,320.0,7,140.0,35,23,12,78,0,0,11,311,636,20.0,0.133,1.4347
narrow,0.1,- luat thich ung (centre co dinh),ca_mau,severe,inf,7,24,2024,0.0,0.0,280.0,3,60.0,65,47,18,72,0,1,10,1096,1047,20.0,0.2,1.8758
narrow,0.1,- luat thich ung (centre co dinh),ca_mau,severe,inf,8,24,2024,0.0,0.0,280.0,1,20.0,64,41,23,67,0,1,13,539,984,20.0,0.256,1.8257
narrow,0.1,- luat thich ung (centre co dinh),ca_mau,severe,inf,9,24,2024,0.0,0.0,300.0,1,20.0,37,21,16,74,0,0,14,390,821,20.0,0.178,1.291
narrow,0.1,Oracle (thong tin hoan hao),can_tho,mild,inf,0,24,2024,0.0,0.0,380.0,2,40.0,27,8,19,0,0,0,0,0,0,20.0,0.211,1.2172
narrow,0.1,Oracle (thong tin hoan hao),can_tho,mild,inf,1,24,2024,0.0,0.0,380.0,2,40.0,30,11,19,0,0,0,0,0,0,20.0,0.211,1.5187
narrow,0.1,Oracle (thong tin hoan hao),can_tho,mild,inf,2,24,2024,0.0,0.0,380.0,7,140.0,24,5,19,0,0,0,0,0,0,20.0,0.211,0.9623
narrow,0.1,Oracle (thong tin hoan hao),can_tho,mild,inf,3,24,2024,0.0,0.0,380.0,8,160.0,29,10,19,0,0,0,0,0,0,20.0,0.211,1.3608
narrow,0.1,Oracle (thong tin hoan hao),can_tho,mild,inf,4,24,2024,0.0,0.0,380.0,5,100.0,25,6,19,0,0,0,0,0,0,20.0,0.211,1.1224
narrow,0.1,Oracle (thong tin hoan hao),can_tho,mild,inf,5,24,2024,0.0,0.0,380.0,8,160.0,24,5,19,0,0,0,0,0,0,20.0,0.211,0.9708
narrow,0.1,Oracle (thong tin hoan hao),can_tho,mild,inf,6,24,2024,0.0,0.0,380.0,11,220.0,20,1,19,0,0,0,0,0,0,20.0,0.211,0.4303
narrow,0.1,Oracle (thong tin hoan hao),can_tho,mild,inf,7,24,2024,0.0,0.0,380.0,7,140.0,25,6,19,0,0,0,0,0,0,20.0,0.211,1.0541
narrow,0.1,Oracle (thong tin hoan hao),can_tho,mild,inf,8,24,2024,0.0,0.0,380.0,2,40.0,27,8,19,0,0,0,0,0,0,20.0,0.211,1.2768
narrow,0.1,Oracle (thong tin hoan hao),can_tho,mild,inf,9,24,2024,0.0,0.0,380.0,2,40.0,25,6,19,0,0,0,0,0,0,20.0,0.211,1.1685
narrow,0.1,Oracle (thong tin hoan hao),can_tho,severe,inf,0,24,2024,0.0,0.0,380.0,1,20.0,73,54,19,0,0,0,0,0,3,20.0,0.211,2.5589
narrow,0.1,Oracle (thong tin hoan hao),can_tho,severe,inf,1,24,2024,0.0,0.0,380.0,3,60.0,44,25,19,0,0,0,0,0,0,20.0,0.211,1.291
narrow,0.1,Oracle (thong tin hoan hao),can_tho,severe,inf,2,24,2024,0.0,0.0,380.0,2,40.0,78,59,19,0,0,0,0,0,0,20.0,0.211,2.6745
narrow,0.1,Oracle (thong tin hoan hao),can_tho,severe,inf,3,24,2024,0.0,0.0,380.0,2,40.0,64,45,19,0,0,0,0,0,0,20.0,0.211,2.1943
narrow,0.1,Oracle (thong tin hoan hao),can_tho,severe,inf,4,24,2024,0.0,0.0,380.0,5,100.0,47,28,19,0,0,0,0,0,0,20.0,0.211,1.743
narrow,0.1,Oracle (thong tin hoan hao),can_tho,severe,inf,5,24,2024,0.0,0.0,380.0,4,80.0,45,26,19,0,0,0,0,0,0,20.0,0.211,1.4786
narrow,0.1,Oracle (thong tin hoan hao),can_tho,severe,inf,6,24,2024,0.0,0.0,380.0,4,80.0,77,58,19,0,0,0,0,0,0,20.0,0.211,2.4499
narrow,0.1,Oracle (thong tin hoan hao),can_tho,severe,inf,7,24,2024,0.0,0.0,380.0,2,40.0,57,38,19,0,0,0,0,0,0,20.0,0.211,1.8025
narrow,0.1,Oracle (thong tin hoan hao),can_tho,severe,inf,8,24,2024,0.0,0.0,380.0,1,20.0,61,42,19,0,0,0,0,0,1,20.0,0.211,2.3173
narrow,0.1,Oracle (thong tin hoan hao),can_tho,severe,inf,9,24,2024,0.0,0.0,380.0,2,40.0,34,15,19,0,0,0,0,0,0,20.0,0.211,1.0541
narrow,0.1,Oracle (thong tin hoan hao),soc_trang,mild,inf,0,24,2024,0.0,0.0,380.0,3,60.0,26,7,19,0,0,0,0,0,0,20.0,0.211,1.1386
narrow,0.1,Oracle (thong tin hoan hao),soc_trang,mild,inf,1,24,2024,0.0,0.0,380.0,4,80.0,25,6,19,0,0,0,0,0,0,20.0,0.211,1.1618
narrow,0.1,Oracle (thong tin hoan hao),soc_trang,mild,inf,2,24,2024,0.0,0.0,380.0,5,100.0,25,6,19,0,0,0,0,0,0,20.0,0.211,1.0541
narrow,0.1,Oracle (thong tin hoan hao),soc_trang,mild,inf,3,24,2024,0.0,0.0,380.0,5,100.0,37,18,19,0,0,0,0,0,0,20.0,0.211,1.893
narrow,0.1,Oracle (thong tin hoan hao),soc_trang,mild,inf,4,24,2024,0.0,0.0,380.0,6,120.0,20,1,19,0,0,0,0,0,0,20.0,0.211,0.4303
narrow,0.1,Oracle (thong tin hoan hao),soc_trang,mild,inf,5,24,2024,0.0,0.0,380.0,8,160.0,25,6,19,0,0,0,0,0,0,20.0,0.211,1.1184
narrow,0.1,Oracle (thong tin hoan hao),soc_trang,mild,inf,6,24,2024,0.0,0.0,380.0,10,200.0,21,2,19,0,0,0,0,0,0,20.0,0.211,0.6086
narrow,0.1,Oracle (thong tin hoan hao),soc_trang,mild,inf,7,24,2024,0.0,0.0,380.0,6,120.0,26,7,19,0,0,0,0,0,0,20.0,0.211,1.2197
narrow,0.1,Oracle (thong tin hoan hao),soc_trang,mild,inf,8,24,2024,0.0,0.0,380.0,3,60.0,26,7,19,0,0,0,0,0,0,20.0,0.211,1.1386
narrow,0.1,Oracle (thong tin hoan hao),soc_trang,mild,inf,9,24,2024,0.0,0.0,380.0,2,40.0,29,10,19,0,0,0,0,0,0,20.0,0.211,1.5007
narrow,0.1,Oracle (thong tin hoan hao),soc_trang,severe,inf,0,24,2024,0.0,0.0,380.0,1,20.0,74,55,19,0,0,0,0,0,0,20.0,0.211,2.6768
narrow,0.1,Oracle (thong tin hoan hao),soc_trang,severe,inf,1,24,2024,0.0,0.0,380.0,1,20.0,69,50,19,0,0,0,0,0,0,20.0,0.211,1.9288
narrow,0.1,Oracle (thong tin hoan hao),soc_trang,severe,inf,2,24,2024,0.0,0.0,380.0,3,60.0,58,39,19,0,0,0,0,0,0,20.0,0.211,2.1045
narrow,0.1,Oracle (thong tin hoan hao),soc_trang,severe,inf,3,24,2024,0.0,0.0,380.0,4,80.0,74,55,19,0,0,0,0,0,0,20.0,0.211,2.4649
narrow,0.1,Oracle (thong tin hoan hao),soc_trang,severe,inf,4,24,2024,0.0,0.0,380.0,3,60.0,81,62,19,0,0,0,0,0,0,20.0,0.211,2.9675
narrow,0.1,Oracle (thong tin hoan hao),soc_trang,severe,inf,5,24,2024,0.0,0.0,380.0,3,60.0,49,30,19,0,0,0,0,0,0,20.0,0.211,1.8257
narrow,0.1,Oracle (thong tin hoan hao),soc_trang,severe,inf,6,24,2024,0.0,0.0,380.0,7,140.0,57,38,19,0,0,0,0,0,0,20.0,0.211,2.226
narrow,0.1,Oracle (thong tin hoan hao),soc_trang,severe,inf,7,24,2024,0.0,0.0,380.0,1,20.0,72,53,19,0,0,0,0,0,0,20.0,0.211,2.146
narrow,0.1,Oracle (thong tin hoan hao),soc_trang,severe,inf,8,24,2024,0.0,0.0,380.0,0,0.0,75,56,19,0,0,0,0,0,0,20.0,0.211,2.5357
narrow,0.1,Oracle (thong tin hoan hao),soc_trang,severe,inf,9,24,2024,0.0,0.0,380.0,1,20.0,88,69,19,0,0,0,0,0,0,20.0,0.211,2.85
narrow,0.1,Oracle (thong tin hoan hao),ca_mau,mild,inf,0,24,2024,0.0,0.0,360.0,3,60.0,25,7,18,0,0,0,0,0,0,20.0,0.2,1.1386
narrow,0.1,Oracle (thong tin hoan hao),ca_mau,mild,inf,1,24,2024,0.0,0.0,360.0,4,80.0,20,2,18,0,0,0,0,0,0,20.0,0.2,0.6814
narrow,0.1,Oracle (thong tin hoan hao),ca_mau,mild,inf,2,24,2024,0.0,0.0,360.0,6,120.0,28,10,18,0,0,0,0,0,0,20.0,0.2,1.435
narrow,0.1,Oracle (thong tin hoan hao),ca_mau,mild,inf,3,24,2024,0.0,0.0,360.0,7,140.0,29,11,18,0,0,0,0,0,0,20.0,0.2,1.4709
narrow,0.1,Oracle (thong tin hoan hao),ca_mau,mild,inf,4,24,2024,0.0,0.0,360.0,6,120.0,20,2,18,0,0,0,0,0,0,20.0,0.2,0.6086
narrow,0.1,Oracle (thong tin hoan hao),ca_mau,mild,inf,5,24,2024,0.0,0.0,360.0,6,120.0,25,7,18,0,0,0,0,0,0,20.0,0.2,1.1386
narrow,0.1,Oracle (thong tin hoan hao),ca_mau,mild,inf,6,24,2024,0.0,0.0,360.0,10,200.0,19,1,18,0,0,0,0,0,0,20.0,0.2,0.4303
narrow,0.1,Oracle (thong tin hoan hao),ca_mau,mild,inf,7,24,2024,0.0,0.0,360.0,7,140.0,27,9,18,0,0,0,0,0,0,20.0,0.2,1.3435
narrow,0.1,Oracle (thong tin hoan hao),ca_mau,mild,inf,8,24,2024,0.0,0.0,360.0,3,60.0,23,5,18,0,0,0,0,0,0,20.0,0.2,0.9623
narrow,0.1,Oracle (thong tin hoan hao),ca_mau,mild,inf,9,24,2024,0.0,0.0,360.0,2,40.0,31,13,18,0,0,0,0,0,0,20.0,0.2,1.6833
narrow,0.1,Oracle (thong tin hoan hao),ca_mau,severe,inf,0,24,2024,0.0,0.0,360.0,0,0.0,54,36,18,0,0,0,0,0,0,20.0,0.2,1.8668
narrow,0.1,Oracle (thong tin hoan hao),ca_mau,severe,inf,1,24,2024,0.0,0.0,360.0,1,20.0,50,32,18,0,0,0,0,0,0,20.0,0.2,1.6674
narrow,0.1,Oracle (thong tin hoan hao),ca_mau,severe,inf,2,24,2024,0.0,0.0,360.0,5,100.0,70,52,18,0,0,0,0,0,0,20.0,0.2,2.6051
narrow,0.1,Oracle (thong tin hoan hao),ca_mau,severe,inf,3,24,2024,0.0,0.0,360.0,5,100.0,60,42,18,0,0,0,0,0,0,20.0,0.2,1.9354
narrow,0.1,Oracle (thong tin hoan hao),ca_mau,severe,inf,4,24,2024,0.0,0.0,360.0,2,40.0,39,21,18,0,0,0,0,0,0,20.0,0.2,1.291
narrow,0.1,Oracle (thong tin hoan hao),ca_mau,severe,inf,5,24,2024,0.0,0.0,360.0,3,60.0,54,36,18,0,0,0,0,0,0,20.0,0.2,2.3232
narrow,0.1,Oracle (thong tin hoan hao),ca_mau,severe,inf,6,24,2024,0.0,0.0,360.0,7,140.0,64,46,18,0,0,0,0,0,0,20.0,0.2,2.396
narrow,0.1,Oracle (thong tin hoan hao),ca_mau,severe,inf,7,24,2024,0.0,0.0,360.0,2,40.0,55,37,18,0,0,0,0,0,0,20.0,0.2,2.1
narrow,0.1,Oracle (thong tin hoan hao),ca_mau,severe,inf,8,24,2024,0.0,0.0,360.0,2,40.0,63,45,18,0,0,0,0,0,0,20.0,0.2,2.4157
narrow,0.1,Oracle (thong tin hoan hao),ca_mau,severe,inf,9,24,2024,0.0,0.0,360.0,2,40.0,48,30,18,0,0,0,0,0,0,20.0,0.2,1.8203
