station,network,policy,seed,budget_mm,fidelity,sigma_frac,year,hours,hours_unsafe,hours_severe,stress_integral,water_applied_mm,commands_generated,commands_sent,commands_delivered,resends_sent,double_irrigations,water_wasted_dup_mm,withheld,uplink_success,twin_rmse,awd_cycles,awd_effective,awd_short,awd_dry_hours,stress_hours
can_tho,mild,TwinGate+T2,0,80.0,awd,0.02,2024,2160,748,0,87.9515,80.0,4,4,4,0,0,0.0,86,1861,0.0,5,4,0,1865,1584
can_tho,mild,TwinGate+T2,1,80.0,awd,0.02,2024,2160,771,0,90.5531,80.0,4,6,4,2,1,20.0,86,1864,0.6086,4,3,0,1841,1503
can_tho,mild,TwinGate+T2,2,80.0,awd,0.02,2024,2160,813,0,94.5204,80.0,3,4,4,1,2,40.0,87,1857,0.0,4,3,0,1821,1521
can_tho,mild,TwinGate+T2,3,80.0,awd,0.02,2024,2160,813,0,94.5204,80.0,3,4,4,1,2,40.0,87,1824,0.0,4,3,0,1821,1521
can_tho,mild,TwinGate+T2,4,80.0,awd,0.02,2024,2160,813,0,94.5429,80.0,3,4,4,1,1,20.0,87,1831,0.0,4,3,0,1818,1503
can_tho,mild,TwinGate+T2,5,80.0,awd,0.02,2024,2160,773,0,91.4519,80.0,4,6,4,2,1,20.0,86,1826,0.7451,4,3,0,1847,1523
can_tho,mild,TwinGate+T2,6,80.0,awd,0.02,2024,2160,846,0,100.807,80.0,2,4,4,2,3,60.0,88,1835,0.0,3,2,0,1765,1440
can_tho,mild,TwinGate+T2,7,80.0,awd,0.02,2024,2160,797,0,93.8265,80.0,3,5,4,2,2,40.0,87,1839,0.4303,4,3,0,1808,1503
can_tho,mild,TwinGate+T2,8,80.0,awd,0.02,2024,2160,748,0,87.9515,80.0,4,4,4,0,0,0.0,86,1831,0.0,5,4,0,1865,1584
can_tho,mild,TwinGate+T2,9,80.0,awd,0.02,2024,2160,725,0,84.697,80.0,5,7,4,2,1,20.0,85,1804,1.3601,5,4,0,1882,1584
can_tho,mild,TwinGate+blindARQ,0,80.0,awd,0.02,2024,2160,748,0,87.9515,80.0,4,4,4,0,0,0.0,86,1861,0.0,5,4,0,1865,1584
can_tho,mild,TwinGate+blindARQ,1,80.0,awd,0.02,2024,2160,797,0,93.8072,80.0,3,10,4,7,1,20.0,87,1864,1.7079,4,3,0,1813,1504
can_tho,mild,TwinGate+blindARQ,2,80.0,awd,0.02,2024,2160,867,0,102.8717,80.0,2,4,4,2,2,40.0,88,1857,0.0,3,2,0,1790,1454
can_tho,mild,TwinGate+blindARQ,3,80.0,awd,0.02,2024,2160,867,0,102.8717,80.0,2,4,4,2,2,40.0,88,1824,0.0,3,2,0,1790,1454
can_tho,mild,TwinGate+blindARQ,4,80.0,awd,0.02,2024,2160,813,0,94.5429,80.0,3,4,4,1,1,20.0,87,1831,0.0,4,3,0,1818,1503
can_tho,mild,TwinGate+blindARQ,5,80.0,awd,0.02,2024,2160,813,0,94.5174,80.0,3,6,4,3,1,20.0,87,1826,0.7451,4,3,0,1823,1521
can_tho,mild,TwinGate+blindARQ,6,80.0,awd,0.02,2024,2160,988,0,119.3711,80.0,1,7,4,6,3,60.0,89,1835,0.0022,2,1,0,1820,1451
can_tho,mild,TwinGate+blindARQ,7,80.0,awd,0.02,2024,2160,846,0,100.8068,80.0,2,6,4,4,2,40.0,88,1839,0.6086,3,2,0,1765,1442
can_tho,mild,TwinGate+blindARQ,8,80.0,awd,0.02,2024,2160,748,0,87.9515,80.0,4,4,4,0,0,0.0,86,1831,0.0,5,4,0,1865,1584
can_tho,mild,TwinGate+blindARQ,9,80.0,awd,0.02,2024,2160,813,0,94.5147,80.0,3,8,4,5,1,20.0,87,1804,1.5955,4,3,0,1823,1521
can_tho,mild,Reactive+T2,0,80.0,awd,0.02,2024,2160,1028,0,123.1477,80.0,2,2,2,0,0,0.0,0,1861,0.0,1,0,0,1761,1393
can_tho,mild,Reactive+T2,1,80.0,awd,0.02,2024,2160,1028,0,123.1477,80.0,2,2,2,0,0,0.0,0,1864,0.0,1,0,0,1761,1393
can_tho,mild,Reactive+T2,2,80.0,awd,0.02,2024,2160,1028,0,123.1477,80.0,2,2,2,0,0,0.0,0,1857,0.0,1,0,0,1761,1393
can_tho,mild,Reactive+T2,3,80.0,awd,0.02,2024,2160,1028,0,123.1477,80.0,2,2,2,0,0,0.0,0,1824,0.0,1,0,0,1761,1393
can_tho,mild,Reactive+T2,4,80.0,awd,0.02,2024,2160,1028,0,123.1477,80.0,2,2,2,0,1,20.0,0,1831,0.0,1,0,0,1761,1393
can_tho,mild,Reactive+T2,5,80.0,awd,0.02,2024,2160,1028,0,123.1477,80.0,2,2,2,0,0,0.0,0,1826,0.0,1,0,0,1761,1393
can_tho,mild,Reactive+T2,6,80.0,awd,0.02,2024,2160,1028,0,123.1425,80.0,2,3,2,1,1,20.0,0,1835,0.8302,1,0,0,1761,1394
can_tho,mild,Reactive+T2,7,80.0,awd,0.02,2024,2160,1028,0,123.1477,80.0,2,2,2,0,1,20.0,0,1839,0.0,1,0,0,1761,1393
can_tho,mild,Reactive+T2,8,80.0,awd,0.02,2024,2160,1028,0,123.1467,80.0,2,3,2,1,0,0.0,0,1831,0.4303,1,0,0,1761,1394
can_tho,mild,Reactive+T2,9,80.0,awd,0.02,2024,2160,1028,0,123.1477,80.0,2,2,2,0,0,0.0,0,1804,0.0,1,0,0,1761,1393
can_tho,mild,Reactive+blindARQ,0,80.0,awd,0.02,2024,2160,1028,0,123.1477,80.0,2,2,2,0,0,0.0,0,1861,0.0,1,0,0,1761,1393
can_tho,mild,Reactive+blindARQ,1,80.0,awd,0.02,2024,2160,1028,0,123.1477,80.0,2,2,2,0,0,0.0,0,1864,0.0,1,0,0,1761,1393
can_tho,mild,Reactive+blindARQ,2,80.0,awd,0.02,2024,2160,1028,0,123.1477,80.0,2,2,2,0,0,0.0,0,1857,0.0,1,0,0,1761,1393
can_tho,mild,Reactive+blindARQ,3,80.0,awd,0.02,2024,2160,1028,0,123.1477,80.0,2,2,2,0,0,0.0,0,1824,0.0,1,0,0,1761,1393
can_tho,mild,Reactive+blindARQ,4,80.0,awd,0.02,2024,2160,1028,0,123.1477,80.0,2,2,2,0,1,20.0,0,1831,0.0,1,0,0,1761,1393
can_tho,mild,Reactive+blindARQ,5,80.0,awd,0.02,2024,2160,1028,0,123.1477,80.0,2,2,2,0,0,0.0,0,1826,0.0,1,0,0,1761,1393
can_tho,mild,Reactive+blindARQ,6,80.0,awd,0.02,2024,2160,1028,0,123.1425,80.0,2,3,2,1,1,20.0,0,1835,0.8302,1,0,0,1761,1394
can_tho,mild,Reactive+blindARQ,7,80.0,awd,0.02,2024,2160,1028,0,123.1477,80.0,2,2,2,0,1,20.0,0,1839,0.0,1,0,0,1761,1393
can_tho,mild,Reactive+blindARQ,8,80.0,awd,0.02,2024,2160,1028,0,123.1467,80.0,2,3,2,1,0,0.0,0,1831,0.4303,1,0,0,1761,1394
can_tho,mild,Reactive+blindARQ,9,80.0,awd,0.02,2024,2160,1028,0,123.1477,80.0,2,2,2,0,0,0.0,0,1804,0.0,1,0,0,1761,1393
can_tho,mild,FixedSchedule,0,80.0,awd,0.02,2024,2160,1172,0,144.3466,80.0,2,2,2,0,0,0.0,0,1861,0.0,1,0,0,1906,1524
can_tho,mild,FixedSchedule,1,80.0,awd,0.02,2024,2160,1172,0,144.3466,80.0,2,2,2,0,0,0.0,0,1864,0.0,1,0,0,1906,1524
can_tho,mild,FixedSchedule,2,80.0,awd,0.02,2024,2160,1172,0,144.3466,80.0,2,2,2,0,0,0.0,0,1857,0.0,1,0,0,1906,1524
can_tho,mild,FixedSchedule,3,80.0,awd,0.02,2024,2160,1172,0,144.3466,80.0,2,2,2,0,0,0.0,0,1824,0.0,1,0,0,1906,1524
can_tho,mild,FixedSchedule,4,80.0,awd,0.02,2024,2160,1172,0,144.3466,80.0,2,2,2,0,1,20.0,0,1831,0.0,1,0,0,1906,1524
can_tho,mild,FixedSchedule,5,80.0,awd,0.02,2024,2160,1172,0,144.3466,80.0,2,2,2,0,0,0.0,0,1826,0.0,1,0,0,1906,1524
can_tho,mild,FixedSchedule,6,80.0,awd,0.02,2024,2160,1172,0,144.346,80.0,2,3,2,1,0,0.0,0,1835,4.9899,1,0,0,1906,1525
can_tho,mild,FixedSchedule,7,80.0,awd,0.02,2024,2160,1172,0,144.3466,80.0,2,2,2,0,1,20.0,0,1839,0.0,1,0,0,1906,1524
can_tho,mild,FixedSchedule,8,80.0,awd,0.02,2024,2160,1172,0,144.3466,80.0,2,2,2,0,0,0.0,0,1831,0.0,1,0,0,1906,1524
can_tho,mild,FixedSchedule,9,80.0,awd,0.02,2024,2160,1172,0,144.3466,80.0,2,2,2,0,0,0.0,0,1804,0.0,1,0,0,1906,1524
can_tho,mild,Oracle,0,80.0,awd,0.02,2024,2160,720,0,82.8206,80.0,4,5,4,1,0,0.0,0,1861,0.6086,5,4,0,1902,1584
can_tho,mild,Oracle,1,80.0,awd,0.02,2024,2160,720,0,82.8215,80.0,4,4,4,0,1,20.0,0,1864,0.0,5,4,0,1901,1584
can_tho,mild,Oracle,2,80.0,awd,0.02,2024,2160,720,0,82.8202,80.0,4,6,4,2,1,20.0,0,1857,0.6086,5,4,0,1903,1584
can_tho,mild,Oracle,3,80.0,awd,0.02,2024,2160,720,0,82.8215,80.0,4,4,4,0,2,40.0,0,1824,0.0,5,4,0,1901,1584
can_tho,mild,Oracle,4,80.0,awd,0.02,2024,2160,720,0,82.8206,80.0,4,8,4,4,1,20.0,0,1831,0.8607,5,4,0,1905,1584
can_tho,mild,Oracle,5,80.0,awd,0.02,2024,2160,720,0,82.8206,80.0,4,6,4,2,1,20.0,0,1826,0.6086,5,4,0,1903,1584
can_tho,mild,Oracle,6,80.0,awd,0.02,2024,2160,720,0,82.8209,80.0,4,6,4,2,2,40.0,0,1835,0.6086,5,4,0,1903,1584
can_tho,mild,Oracle,7,80.0,awd,0.02,2024,2160,720,0,82.8209,80.0,4,8,4,4,1,20.0,0,1839,1.387,5,4,0,1905,1584
can_tho,mild,Oracle,8,80.0,awd,0.02,2024,2160,720,0,82.8215,80.0,4,4,4,0,0,0.0,0,1831,0.0,5,4,0,1901,1584
can_tho,mild,Oracle,9,80.0,awd,0.02,2024,2160,720,0,82.8215,80.0,4,4,4,0,1,20.0,0,1804,0.0,5,4,0,1901,1584
can_tho,mild,TwinGate+T2+centre,0,80.0,awd,0.02,2024,2160,917,0,110.2775,80.0,4,4,4,0,0,0.0,86,1861,0.0,3,0,2,1689,1390
can_tho,mild,TwinGate+T2+centre,1,80.0,awd,0.02,2024,2160,913,0,108.8461,80.0,5,8,4,3,1,20.0,85,1864,0.8607,4,0,3,1722,1402
can_tho,mild,TwinGate+T2+centre,2,80.0,awd,0.02,2024,2160,919,0,110.5621,80.0,3,4,4,1,2,40.0,87,1857,0.0,3,0,2,1690,1362
can_tho,mild,TwinGate+T2+centre,3,80.0,awd,0.02,2024,2160,919,0,110.5621,80.0,3,4,4,1,2,40.0,87,1824,0.0,3,0,2,1690,1362
can_tho,mild,TwinGate+T2+centre,4,80.0,awd,0.02,2024,2160,920,0,110.6713,80.0,3,4,4,1,1,20.0,87,1831,0.0,3,0,2,1689,1375
can_tho,mild,TwinGate+T2+centre,5,80.0,awd,0.02,2024,2160,914,0,108.9619,80.0,4,6,4,2,1,20.0,86,1826,0.7453,4,0,3,1722,1401
can_tho,mild,TwinGate+T2+centre,6,80.0,awd,0.02,2024,2160,916,0,109.8645,80.0,4,7,4,3,1,20.0,86,1835,0.7454,4,0,3,1702,1397
can_tho,mild,TwinGate+T2+centre,7,80.0,awd,0.02,2024,2160,931,0,110.9455,80.0,2,4,4,2,2,40.0,88,1839,0.0,3,0,2,1690,1358
can_tho,mild,TwinGate+T2+centre,8,80.0,awd,0.02,2024,2160,917,0,110.2775,80.0,4,4,4,0,0,0.0,86,1831,0.0,3,0,2,1689,1390
can_tho,mild,TwinGate+T2+centre,9,80.0,awd,0.02,2024,2160,914,0,108.9619,80.0,4,6,4,2,1,20.0,86,1804,1.2907,4,0,3,1722,1401
can_tho,mild,TwinGate+T2,0,80.0,mid,0.05,2024,2160,863,0,101.6114,80.0,5,6,4,1,0,0.0,85,1861,0.6086,5,0,4,1788,1509
can_tho,mild,TwinGate+T2,1,80.0,mid,0.05,2024,2160,889,0,105.1187,80.0,3,4,4,1,1,20.0,87,1864,0.0,4,0,3,1759,1464
can_tho,mild,TwinGate+T2,2,80.0,mid,0.05,2024,2160,888,0,104.9801,80.0,3,4,4,1,2,40.0,87,1857,0.0,4,0,3,1756,1461
can_tho,mild,TwinGate+T2,3,80.0,mid,0.05,2024,2160,888,0,104.9801,80.0,3,4,4,1,2,40.0,87,1824,0.0,4,0,3,1756,1461
can_tho,mild,TwinGate+T2,4,80.0,mid,0.05,2024,2160,868,0,103.4515,80.0,4,5,4,1,1,20.0,86,1831,0.4303,5,0,4,1771,1502
can_tho,mild,TwinGate+T2,5,80.0,mid,0.05,2024,2160,888,0,104.9801,80.0,3,4,4,1,1,20.0,87,1826,0.0,4,0,3,1756,1461
can_tho,mild,TwinGate+T2,6,80.0,mid,0.05,2024,2160,907,0,108.0223,80.0,2,4,4,2,3,60.0,88,1835,0.0,3,0,2,1733,1404
can_tho,mild,TwinGate+T2,7,80.0,mid,0.05,2024,2160,907,0,108.0223,80.0,2,4,4,2,2,40.0,88,1839,0.0,3,0,2,1733,1404
can_tho,mild,TwinGate+T2,8,80.0,mid,0.05,2024,2160,868,0,103.4504,80.0,4,5,4,1,0,0.0,86,1831,0.4303,5,0,4,1772,1503
can_tho,mild,TwinGate+T2,9,80.0,mid,0.05,2024,2160,868,0,103.4378,80.0,4,6,4,2,1,20.0,86,1804,0.6086,5,0,4,1772,1503
can_tho,mild,TwinGate+blindARQ,0,80.0,mid,0.05,2024,2160,868,0,103.4493,80.0,4,6,4,2,0,0.0,86,1861,0.6086,5,0,4,1773,1504
can_tho,mild,TwinGate+blindARQ,1,80.0,mid,0.05,2024,2160,889,0,105.1187,80.0,3,4,4,1,1,20.0,87,1864,0.0,4,0,3,1759,1464
can_tho,mild,TwinGate+blindARQ,2,80.0,mid,0.05,2024,2160,939,0,112.8283,80.0,2,4,4,2,2,40.0,88,1857,0.0,3,0,2,1766,1433
can_tho,mild,TwinGate+blindARQ,3,80.0,mid,0.05,2024,2160,939,0,112.8283,80.0,2,4,4,2,2,40.0,88,1824,0.0,3,0,2,1766,1433
can_tho,mild,TwinGate+blindARQ,4,80.0,mid,0.05,2024,2160,889,0,105.1697,80.0,3,5,4,2,1,20.0,87,1831,0.4303,4,0,3,1755,1462
can_tho,mild,TwinGate+blindARQ,5,80.0,mid,0.05,2024,2160,888,0,104.9801,80.0,3,4,4,1,1,20.0,87,1826,0.0,4,0,3,1756,1461
can_tho,mild,TwinGate+blindARQ,6,80.0,mid,0.05,2024,2160,1055,0,126.9253,80.0,1,4,4,3,3,60.0,89,1835,0.0,2,0,1,1821,1452
can_tho,mild,TwinGate+blindARQ,7,80.0,mid,0.05,2024,2160,907,0,108.0223,80.0,2,4,4,2,2,40.0,88,1839,0.0,3,0,2,1733,1404
can_tho,mild,TwinGate+blindARQ,8,80.0,mid,0.05,2024,2160,868,0,103.4504,80.0,4,5,4,1,0,0.0,86,1831,0.4303,5,0,4,1772,1503
can_tho,mild,TwinGate+blindARQ,9,80.0,mid,0.05,2024,2160,888,0,104.9623,80.0,3,7,4,4,1,20.0,87,1804,0.7454,4,0,3,1757,1462
can_tho,mild,Reactive+T2,0,80.0,mid,0.05,2024,2160,1028,0,123.1477,80.0,2,2,2,0,0,0.0,0,1861,0.0,1,0,0,1761,1393
can_tho,mild,Reactive+T2,1,80.0,mid,0.05,2024,2160,1028,0,123.1477,80.0,2,2,2,0,0,0.0,0,1864,0.0,1,0,0,1761,1393
can_tho,mild,Reactive+T2,2,80.0,mid,0.05,2024,2160,1028,0,123.1477,80.0,2,2,2,0,0,0.0,0,1857,0.0,1,0,0,1761,1393
can_tho,mild,Reactive+T2,3,80.0,mid,0.05,2024,2160,1028,0,123.1477,80.0,2,2,2,0,0,0.0,0,1824,0.0,1,0,0,1761,1393
can_tho,mild,Reactive+T2,4,80.0,mid,0.05,2024,2160,1028,0,123.1477,80.0,2,2,2,0,1,20.0,0,1831,0.0,1,0,0,1761,1393
can_tho,mild,Reactive+T2,5,80.0,mid,0.05,2024,2160,1028,0,123.1477,80.0,2,2,2,0,0,0.0,0,1826,0.0,1,0,0,1761,1393
can_tho,mild,Reactive+T2,6,80.0,mid,0.05,2024,2160,1028,0,123.1425,80.0,2,3,2,1,1,20.0,0,1835,0.8302,1,0,0,1761,1394
can_tho,mild,Reactive+T2,7,80.0,mid,0.05,2024,2160,1028,0,123.1477,80.0,2,2,2,0,1,20.0,0,1839,0.0,1,0,0,1761,1393
can_tho,mild,Reactive+T2,8,80.0,mid,0.05,2024,2160,1028,0,123.1467,80.0,2,3,2,1,0,0.0,0,1831,0.4303,1,0,0,1761,1394
can_tho,mild,Reactive+T2,9,80.0,mid,0.05,2024,2160,1028,0,123.1477,80.0,2,2,2,0,0,0.0,0,1804,0.0,1,0,0,1761,1393
can_tho,mild,Reactive+blindARQ,0,80.0,mid,0.05,2024,2160,1028,0,123.1477,80.0,2,2,2,0,0,0.0,0,1861,0.0,1,0,0,1761,1393
can_tho,mild,Reactive+blindARQ,1,80.0,mid,0.05,2024,2160,1028,0,123.1477,80.0,2,2,2,0,0,0.0,0,1864,0.0,1,0,0,1761,1393
can_tho,mild,Reactive+blindARQ,2,80.0,mid,0.05,2024,2160,1028,0,123.1477,80.0,2,2,2,0,0,0.0,0,1857,0.0,1,0,0,1761,1393
can_tho,mild,Reactive+blindARQ,3,80.0,mid,0.05,2024,2160,1028,0,123.1477,80.0,2,2,2,0,0,0.0,0,1824,0.0,1,0,0,1761,1393
can_tho,mild,Reactive+blindARQ,4,80.0,mid,0.05,2024,2160,1028,0,123.1477,80.0,2,2,2,0,1,20.0,0,1831,0.0,1,0,0,1761,1393
can_tho,mild,Reactive+blindARQ,5,80.0,mid,0.05,2024,2160,1028,0,123.1477,80.0,2,2,2,0,0,0.0,0,1826,0.0,1,0,0,1761,1393
can_tho,mild,Reactive+blindARQ,6,80.0,mid,0.05,2024,2160,1028,0,123.1425,80.0,2,3,2,1,1,20.0,0,1835,0.8302,1,0,0,1761,1394
can_tho,mild,Reactive+blindARQ,7,80.0,mid,0.05,2024,2160,1028,0,123.1477,80.0,2,2,2,0,1,20.0,0,1839,0.0,1,0,0,1761,1393
can_tho,mild,Reactive+blindARQ,8,80.0,mid,0.05,2024,2160,1028,0,123.1467,80.0,2,3,2,1,0,0.0,0,1831,0.4303,1,0,0,1761,1394
can_tho,mild,Reactive+blindARQ,9,80.0,mid,0.05,2024,2160,1028,0,123.1477,80.0,2,2,2,0,0,0.0,0,1804,0.0,1,0,0,1761,1393
can_tho,mild,FixedSchedule,0,80.0,mid,0.05,2024,2160,1172,0,144.3466,80.0,2,2,2,0,0,0.0,0,1861,0.0,1,0,0,1906,1524
can_tho,mild,FixedSchedule,1,80.0,mid,0.05,2024,2160,1172,0,144.3466,80.0,2,2,2,0,0,0.0,0,1864,0.0,1,0,0,1906,1524
can_tho,mild,FixedSchedule,2,80.0,mid,0.05,2024,2160,1172,0,144.3466,80.0,2,2,2,0,0,0.0,0,1857,0.0,1,0,0,1906,1524
can_tho,mild,FixedSchedule,3,80.0,mid,0.05,2024,2160,1172,0,144.3466,80.0,2,2,2,0,0,0.0,0,1824,0.0,1,0,0,1906,1524
can_tho,mild,FixedSchedule,4,80.0,mid,0.05,2024,2160,1172,0,144.3466,80.0,2,2,2,0,1,20.0,0,1831,0.0,1,0,0,1906,1524
can_tho,mild,FixedSchedule,5,80.0,mid,0.05,2024,2160,1172,0,144.3466,80.0,2,2,2,0,0,0.0,0,1826,0.0,1,0,0,1906,1524
can_tho,mild,FixedSchedule,6,80.0,mid,0.05,2024,2160,1172,0,144.346,80.0,2,3,2,1,0,0.0,0,1835,4.9899,1,0,0,1906,1525
can_tho,mild,FixedSchedule,7,80.0,mid,0.05,2024,2160,1172,0,144.3466,80.0,2,2,2,0,1,20.0,0,1839,0.0,1,0,0,1906,1524
can_tho,mild,FixedSchedule,8,80.0,mid,0.05,2024,2160,1172,0,144.3466,80.0,2,2,2,0,0,0.0,0,1831,0.0,1,0,0,1906,1524
can_tho,mild,FixedSchedule,9,80.0,mid,0.05,2024,2160,1172,0,144.3466,80.0,2,2,2,0,0,0.0,0,1804,0.0,1,0,0,1906,1524
can_tho,mild,Oracle,0,80.0,mid,0.05,2024,2160,720,0,82.8206,80.0,4,5,4,1,0,0.0,0,1861,0.6086,5,4,0,1902,1584
can_tho,mild,Oracle,1,80.0,mid,0.05,2024,2160,720,0,82.8215,80.0,4,4,4,0,1,20.0,0,1864,0.0,5,4,0,1901,1584
can_tho,mild,Oracle,2,80.0,mid,0.05,2024,2160,720,0,82.8202,80.0,4,6,4,2,1,20.0,0,1857,0.6086,5,4,0,1903,1584
can_tho,mild,Oracle,3,80.0,mid,0.05,2024,2160,720,0,82.8215,80.0,4,4,4,0,2,40.0,0,1824,0.0,5,4,0,1901,1584
can_tho,mild,Oracle,4,80.0,mid,0.05,2024,2160,720,0,82.8206,80.0,4,8,4,4,1,20.0,0,1831,0.8607,5,4,0,1905,1584
can_tho,mild,Oracle,5,80.0,mid,0.05,2024,2160,720,0,82.8206,80.0,4,6,4,2,1,20.0,0,1826,0.6086,5,4,0,1903,1584
can_tho,mild,Oracle,6,80.0,mid,0.05,2024,2160,720,0,82.8209,80.0,4,6,4,2,2,40.0,0,1835,0.6086,5,4,0,1903,1584
can_tho,mild,Oracle,7,80.0,mid,0.05,2024,2160,720,0,82.8209,80.0,4,8,4,4,1,20.0,0,1839,1.387,5,4,0,1905,1584
can_tho,mild,Oracle,8,80.0,mid,0.05,2024,2160,720,0,82.8215,80.0,4,4,4,0,0,0.0,0,1831,0.0,5,4,0,1901,1584
can_tho,mild,Oracle,9,80.0,mid,0.05,2024,2160,720,0,82.8215,80.0,4,4,4,0,1,20.0,0,1804,0.0,5,4,0,1901,1584
can_tho,mild,TwinGate+T2+centre,0,80.0,mid,0.05,2024,2160,917,0,110.2775,80.0,4,4,4,0,0,0.0,86,1861,0.0,3,0,2,1689,1390
can_tho,mild,TwinGate+T2+centre,1,80.0,mid,0.05,2024,2160,913,0,108.8461,80.0,5,8,4,3,1,20.0,85,1864,0.8607,4,0,3,1722,1402
can_tho,mild,TwinGate+T2+centre,2,80.0,mid,0.05,2024,2160,919,0,110.5621,80.0,3,4,4,1,2,40.0,87,1857,0.0,3,0,2,1690,1362
can_tho,mild,TwinGate+T2+centre,3,80.0,mid,0.05,2024,2160,919,0,110.5621,80.0,3,4,4,1,2,40.0,87,1824,0.0,3,0,2,1690,1362
can_tho,mild,TwinGate+T2+centre,4,80.0,mid,0.05,2024,2160,920,0,110.6713,80.0,3,4,4,1,1,20.0,87,1831,0.0,3,0,2,1689,1375
can_tho,mild,TwinGate+T2+centre,5,80.0,mid,0.05,2024,2160,914,0,108.9619,80.0,4,6,4,2,1,20.0,86,1826,0.7453,4,0,3,1722,1401
can_tho,mild,TwinGate+T2+centre,6,80.0,mid,0.05,2024,2160,916,0,109.8645,80.0,4,7,4,3,1,20.0,86,1835,0.7454,4,0,3,1702,1397
can_tho,mild,TwinGate+T2+centre,7,80.0,mid,0.05,2024,2160,931,0,110.9455,80.0,2,4,4,2,2,40.0,88,1839,0.0,3,0,2,1690,1358
can_tho,mild,TwinGate+T2+centre,8,80.0,mid,0.05,2024,2160,917,0,110.2775,80.0,4,4,4,0,0,0.0,86,1831,0.0,3,0,2,1689,1390
can_tho,mild,TwinGate+T2+centre,9,80.0,mid,0.05,2024,2160,914,0,108.9619,80.0,4,6,4,2,1,20.0,86,1804,1.2907,4,0,3,1722,1401
can_tho,mild,TwinGate+T2,0,80.0,narrow,0.1,2024,2160,893,0,107.2162,80.0,4,4,4,0,0,0.0,86,1861,0.0,5,0,4,1736,1449
can_tho,mild,TwinGate+T2,1,80.0,narrow,0.1,2024,2160,913,0,108.8461,80.0,3,4,4,1,1,20.0,87,1864,0.0,4,0,3,1722,1402
can_tho,mild,TwinGate+T2,2,80.0,narrow,0.1,2024,2160,895,0,107.6989,80.0,4,7,4,3,1,20.0,86,1857,0.7454,4,0,3,1730,1424
can_tho,mild,TwinGate+T2,3,80.0,narrow,0.1,2024,2160,914,0,108.9619,80.0,3,4,4,1,2,40.0,87,1824,0.0,4,0,3,1722,1401
can_tho,mild,TwinGate+T2,4,80.0,narrow,0.1,2024,2160,897,0,107.9115,80.0,3,4,4,1,1,20.0,87,1831,0.0,4,0,3,1736,1423
can_tho,mild,TwinGate+T2,5,80.0,narrow,0.1,2024,2160,914,0,108.9619,80.0,3,4,4,1,1,20.0,87,1826,0.0,4,0,3,1722,1401
can_tho,mild,TwinGate+T2,6,80.0,narrow,0.1,2024,2160,916,0,110.0341,80.0,2,4,4,2,3,60.0,88,1835,0.0,3,0,2,1711,1367
can_tho,mild,TwinGate+T2,7,80.0,narrow,0.1,2024,2160,907,0,108.0223,80.0,3,6,4,3,2,40.0,87,1839,0.9622,3,0,2,1733,1404
can_tho,mild,TwinGate+T2,8,80.0,narrow,0.1,2024,2160,893,0,107.2162,80.0,4,4,4,0,0,0.0,86,1831,0.0,5,0,4,1736,1449
can_tho,mild,TwinGate+T2,9,80.0,narrow,0.1,2024,2160,914,0,108.9619,80.0,3,4,4,1,1,20.0,87,1804,0.0,4,0,3,1722,1401
can_tho,mild,TwinGate+blindARQ,0,80.0,narrow,0.1,2024,2160,893,0,107.2162,80.0,4,4,4,0,0,0.0,86,1861,0.0,5,0,4,1736,1449
can_tho,mild,TwinGate+blindARQ,1,80.0,narrow,0.1,2024,2160,913,0,108.8461,80.0,3,4,4,1,1,20.0,87,1864,0.0,4,0,3,1722,1402
can_tho,mild,TwinGate+blindARQ,2,80.0,narrow,0.1,2024,2160,961,0,115.8657,80.0,2,7,4,5,2,40.0,88,1857,0.6338,3,0,2,1759,1413
can_tho,mild,TwinGate+blindARQ,3,80.0,narrow,0.1,2024,2160,961,0,115.8658,80.0,2,4,4,2,2,40.0,88,1824,0.0,3,0,2,1758,1412
can_tho,mild,TwinGate+blindARQ,4,80.0,narrow,0.1,2024,2160,897,0,107.9115,80.0,3,4,4,1,1,20.0,87,1831,0.0,4,0,3,1736,1423
can_tho,mild,TwinGate+blindARQ,5,80.0,narrow,0.1,2024,2160,914,0,108.9619,80.0,3,4,4,1,1,20.0,87,1826,0.0,4,0,3,1722,1401
can_tho,mild,TwinGate+blindARQ,6,80.0,narrow,0.1,2024,2160,1081,0,130.7211,80.0,1,4,4,3,3,60.0,89,1835,0.0,2,0,1,1821,1453
can_tho,mild,TwinGate+blindARQ,7,80.0,narrow,0.1,2024,2160,915,0,109.2526,80.0,2,7,4,5,2,40.0,88,1839,1.0541,3,0,2,1718,1386
can_tho,mild,TwinGate+blindARQ,8,80.0,narrow,0.1,2024,2160,893,0,107.2162,80.0,4,4,4,0,0,0.0,86,1831,0.0,5,0,4,1736,1449
can_tho,mild,TwinGate+blindARQ,9,80.0,narrow,0.1,2024,2160,914,0,108.9619,80.0,3,4,4,1,1,20.0,87,1804,0.0,4,0,3,1722,1401
can_tho,mild,Reactive+T2,0,80.0,narrow,0.1,2024,2160,1028,0,123.1477,80.0,2,2,2,0,0,0.0,0,1861,0.0,1,0,0,1761,1393
can_tho,mild,Reactive+T2,1,80.0,narrow,0.1,2024,2160,1028,0,123.1477,80.0,2,2,2,0,0,0.0,0,1864,0.0,1,0,0,1761,1393
can_tho,mild,Reactive+T2,2,80.0,narrow,0.1,2024,2160,1028,0,123.1477,80.0,2,2,2,0,0,0.0,0,1857,0.0,1,0,0,1761,1393
can_tho,mild,Reactive+T2,3,80.0,narrow,0.1,2024,2160,1028,0,123.1477,80.0,2,2,2,0,0,0.0,0,1824,0.0,1,0,0,1761,1393
can_tho,mild,Reactive+T2,4,80.0,narrow,0.1,2024,2160,1028,0,123.1477,80.0,2,2,2,0,1,20.0,0,1831,0.0,1,0,0,1761,1393
can_tho,mild,Reactive+T2,5,80.0,narrow,0.1,2024,2160,1028,0,123.1477,80.0,2,2,2,0,0,0.0,0,1826,0.0,1,0,0,1761,1393
can_tho,mild,Reactive+T2,6,80.0,narrow,0.1,2024,2160,1028,0,123.1425,80.0,2,3,2,1,1,20.0,0,1835,0.8302,1,0,0,1761,1394
can_tho,mild,Reactive+T2,7,80.0,narrow,0.1,2024,2160,1028,0,123.1477,80.0,2,2,2,0,1,20.0,0,1839,0.0,1,0,0,1761,1393
can_tho,mild,Reactive+T2,8,80.0,narrow,0.1,2024,2160,1028,0,123.1467,80.0,2,3,2,1,0,0.0,0,1831,0.4303,1,0,0,1761,1394
can_tho,mild,Reactive+T2,9,80.0,narrow,0.1,2024,2160,1028,0,123.1477,80.0,2,2,2,0,0,0.0,0,1804,0.0,1,0,0,1761,1393
can_tho,mild,Reactive+blindARQ,0,80.0,narrow,0.1,2024,2160,1028,0,123.1477,80.0,2,2,2,0,0,0.0,0,1861,0.0,1,0,0,1761,1393
can_tho,mild,Reactive+blindARQ,1,80.0,narrow,0.1,2024,2160,1028,0,123.1477,80.0,2,2,2,0,0,0.0,0,1864,0.0,1,0,0,1761,1393
can_tho,mild,Reactive+blindARQ,2,80.0,narrow,0.1,2024,2160,1028,0,123.1477,80.0,2,2,2,0,0,0.0,0,1857,0.0,1,0,0,1761,1393
can_tho,mild,Reactive+blindARQ,3,80.0,narrow,0.1,2024,2160,1028,0,123.1477,80.0,2,2,2,0,0,0.0,0,1824,0.0,1,0,0,1761,1393
can_tho,mild,Reactive+blindARQ,4,80.0,narrow,0.1,2024,2160,1028,0,123.1477,80.0,2,2,2,0,1,20.0,0,1831,0.0,1,0,0,1761,1393
can_tho,mild,Reactive+blindARQ,5,80.0,narrow,0.1,2024,2160,1028,0,123.1477,80.0,2,2,2,0,0,0.0,0,1826,0.0,1,0,0,1761,1393
can_tho,mild,Reactive+blindARQ,6,80.0,narrow,0.1,2024,2160,1028,0,123.1425,80.0,2,3,2,1,1,20.0,0,1835,0.8302,1,0,0,1761,1394
can_tho,mild,Reactive+blindARQ,7,80.0,narrow,0.1,2024,2160,1028,0,123.1477,80.0,2,2,2,0,1,20.0,0,1839,0.0,1,0,0,1761,1393
can_tho,mild,Reactive+blindARQ,8,80.0,narrow,0.1,2024,2160,1028,0,123.1467,80.0,2,3,2,1,0,0.0,0,1831,0.4303,1,0,0,1761,1394
can_tho,mild,Reactive+blindARQ,9,80.0,narrow,0.1,2024,2160,1028,0,123.1477,80.0,2,2,2,0,0,0.0,0,1804,0.0,1,0,0,1761,1393
can_tho,mild,FixedSchedule,0,80.0,narrow,0.1,2024,2160,1172,0,144.3466,80.0,2,2,2,0,0,0.0,0,1861,0.0,1,0,0,1906,1524
can_tho,mild,FixedSchedule,1,80.0,narrow,0.1,2024,2160,1172,0,144.3466,80.0,2,2,2,0,0,0.0,0,1864,0.0,1,0,0,1906,1524
can_tho,mild,FixedSchedule,2,80.0,narrow,0.1,2024,2160,1172,0,144.3466,80.0,2,2,2,0,0,0.0,0,1857,0.0,1,0,0,1906,1524
can_tho,mild,FixedSchedule,3,80.0,narrow,0.1,2024,2160,1172,0,144.3466,80.0,2,2,2,0,0,0.0,0,1824,0.0,1,0,0,1906,1524
can_tho,mild,FixedSchedule,4,80.0,narrow,0.1,2024,2160,1172,0,144.3466,80.0,2,2,2,0,1,20.0,0,1831,0.0,1,0,0,1906,1524
can_tho,mild,FixedSchedule,5,80.0,narrow,0.1,2024,2160,1172,0,144.3466,80.0,2,2,2,0,0,0.0,0,1826,0.0,1,0,0,1906,1524
can_tho,mild,FixedSchedule,6,80.0,narrow,0.1,2024,2160,1172,0,144.346,80.0,2,3,2,1,0,0.0,0,1835,4.9899,1,0,0,1906,1525
can_tho,mild,FixedSchedule,7,80.0,narrow,0.1,2024,2160,1172,0,144.3466,80.0,2,2,2,0,1,20.0,0,1839,0.0,1,0,0,1906,1524
can_tho,mild,FixedSchedule,8,80.0,narrow,0.1,2024,2160,1172,0,144.3466,80.0,2,2,2,0,0,0.0,0,1831,0.0,1,0,0,1906,1524
can_tho,mild,FixedSchedule,9,80.0,narrow,0.1,2024,2160,1172,0,144.3466,80.0,2,2,2,0,0,0.0,0,1804,0.0,1,0,0,1906,1524
can_tho,mild,Oracle,0,80.0,narrow,0.1,2024,2160,720,0,82.8206,80.0,4,5,4,1,0,0.0,0,1861,0.6086,5,4,0,1902,1584
can_tho,mild,Oracle,1,80.0,narrow,0.1,2024,2160,720,0,82.8215,80.0,4,4,4,0,1,20.0,0,1864,0.0,5,4,0,1901,1584
can_tho,mild,Oracle,2,80.0,narrow,0.1,2024,2160,720,0,82.8202,80.0,4,6,4,2,1,20.0,0,1857,0.6086,5,4,0,1903,1584
can_tho,mild,Oracle,3,80.0,narrow,0.1,2024,2160,720,0,82.8215,80.0,4,4,4,0,2,40.0,0,1824,0.0,5,4,0,1901,1584
can_tho,mild,Oracle,4,80.0,narrow,0.1,2024,2160,720,0,82.8206,80.0,4,8,4,4,1,20.0,0,1831,0.8607,5,4,0,1905,1584
can_tho,mild,Oracle,5,80.0,narrow,0.1,2024,2160,720,0,82.8206,80.0,4,6,4,2,1,20.0,0,1826,0.6086,5,4,0,1903,1584
can_tho,mild,Oracle,6,80.0,narrow,0.1,2024,2160,720,0,82.8209,80.0,4,6,4,2,2,40.0,0,1835,0.6086,5,4,0,1903,1584
can_tho,mild,Oracle,7,80.0,narrow,0.1,2024,2160,720,0,82.8209,80.0,4,8,4,4,1,20.0,0,1839,1.387,5,4,0,1905,1584
can_tho,mild,Oracle,8,80.0,narrow,0.1,2024,2160,720,0,82.8215,80.0,4,4,4,0,0,0.0,0,1831,0.0,5,4,0,1901,1584
can_tho,mild,Oracle,9,80.0,narrow,0.1,2024,2160,720,0,82.8215,80.0,4,4,4,0,1,20.0,0,1804,0.0,5,4,0,1901,1584
can_tho,mild,TwinGate+T2+centre,0,80.0,narrow,0.1,2024,2160,893,0,107.2162,80.0,4,4,4,0,0,0.0,86,1861,0.0,5,0,4,1736,1449
can_tho,mild,TwinGate+T2+centre,1,80.0,narrow,0.1,2024,2160,913,0,108.8461,80.0,3,4,4,1,1,20.0,87,1864,0.0,4,0,3,1722,1402
can_tho,mild,TwinGate+T2+centre,2,80.0,narrow,0.1,2024,2160,895,0,107.6989,80.0,4,7,4,3,1,20.0,86,1857,0.7454,4,0,3,1730,1424
can_tho,mild,TwinGate+T2+centre,3,80.0,narrow,0.1,2024,2160,914,0,108.9619,80.0,3,4,4,1,2,40.0,87,1824,0.0,4,0,3,1722,1401
can_tho,mild,TwinGate+T2+centre,4,80.0,narrow,0.1,2024,2160,897,0,107.9115,80.0,3,4,4,1,1,20.0,87,1831,0.0,4,0,3,1736,1423
can_tho,mild,TwinGate+T2+centre,5,80.0,narrow,0.1,2024,2160,914,0,108.9619,80.0,3,4,4,1,1,20.0,87,1826,0.0,4,0,3,1722,1401
can_tho,mild,TwinGate+T2+centre,6,80.0,narrow,0.1,2024,2160,916,0,110.0341,80.0,2,4,4,2,3,60.0,88,1835,0.0,3,0,2,1711,1367
can_tho,mild,TwinGate+T2+centre,7,80.0,narrow,0.1,2024,2160,907,0,108.0223,80.0,3,6,4,3,2,40.0,87,1839,0.9622,3,0,2,1733,1404
can_tho,mild,TwinGate+T2+centre,8,80.0,narrow,0.1,2024,2160,893,0,107.2162,80.0,4,4,4,0,0,0.0,86,1831,0.0,5,0,4,1736,1449
can_tho,mild,TwinGate+T2+centre,9,80.0,narrow,0.1,2024,2160,914,0,108.9619,80.0,3,4,4,1,1,20.0,87,1804,0.0,4,0,3,1722,1401
can_tho,mild,TwinGate+T2,0,160.0,awd,0.02,2024,2160,266,0,20.345,160.0,11,16,8,5,0,0.0,79,1861,1.2172,9,8,0,1774,1556
can_tho,mild,TwinGate+T2,1,160.0,awd,0.02,2024,2160,315,0,26.9892,160.0,8,10,8,2,1,20.0,82,1864,0.6086,8,7,0,1728,1492
can_tho,mild,TwinGate+T2,2,160.0,awd,0.02,2024,2160,386,0,36.9838,160.0,6,9,8,3,4,80.0,84,1857,0.4303,7,6,0,1660,1429
can_tho,mild,TwinGate+T2,3,160.0,awd,0.02,2024,2160,365,0,34.6243,160.0,7,10,8,3,4,80.0,83,1824,0.6086,7,6,0,1667,1433
can_tho,mild,TwinGate+T2,4,160.0,awd,0.02,2024,2160,388,0,37.8776,160.0,6,8,8,2,2,40.0,84,1831,0.0,7,6,0,1662,1427
can_tho,mild,TwinGate+T2,5,160.0,awd,0.02,2024,2160,362,0,33.4489,160.0,8,13,8,5,2,40.0,82,1826,1.0539,7,5,1,1681,1441
can_tho,mild,TwinGate+T2,6,160.0,awd,0.02,2024,2160,410,0,40.12,160.0,6,10,8,4,5,100.0,84,1835,0.9622,6,5,0,1605,1365
can_tho,mild,TwinGate+T2,7,160.0,awd,0.02,2024,2160,364,0,34.4093,160.0,6,9,8,3,3,60.0,84,1839,0.4303,7,6,0,1668,1415
can_tho,mild,TwinGate+T2,8,160.0,awd,0.02,2024,2160,339,0,30.3145,160.0,7,9,8,2,1,20.0,83,1831,0.4303,8,7,0,1710,1494
can_tho,mild,TwinGate+T2,9,160.0,awd,0.02,2024,2160,294,0,25.1383,160.0,8,11,8,3,2,40.0,82,1804,1.3601,8,7,0,1749,1511
can_tho,mild,TwinGate+blindARQ,0,160.0,awd,0.02,2024,2160,314,0,26.9085,160.0,8,11,8,3,0,0.0,82,1861,0.7454,9,8,0,1749,1558
can_tho,mild,TwinGate+blindARQ,1,160.0,awd,0.02,2024,2160,339,0,30.2555,160.0,7,14,8,7,1,20.0,83,1864,1.7079,8,7,0,1714,1496
can_tho,mild,TwinGate+blindARQ,2,160.0,awd,0.02,2024,2160,600,0,66.489,160.0,3,8,8,5,5,100.0,87,1857,0.0,4,3,0,1611,1300
can_tho,mild,TwinGate+blindARQ,3,160.0,awd,0.02,2024,2160,488,0,51.2442,160.0,4,8,8,4,4,80.0,86,1824,0.0,5,4,0,1577,1297
can_tho,mild,TwinGate+blindARQ,4,160.0,awd,0.02,2024,2160,388,0,37.8776,160.0,6,8,8,2,2,40.0,84,1831,0.0,7,6,0,1662,1427
can_tho,mild,TwinGate+blindARQ,5,160.0,awd,0.02,2024,2160,455,0,44.5799,160.0,5,16,8,11,3,60.0,85,1826,1.2303,6,5,0,1627,1370
can_tho,mild,TwinGate+blindARQ,6,160.0,awd,0.02,2024,2160,607,0,69.4331,160.0,3,12,8,9,5,100.0,87,1835,0.4303,4,3,0,1608,1295
can_tho,mild,TwinGate+blindARQ,7,160.0,awd,0.02,2024,2160,429,0,41.022,160.0,5,10,8,5,3,60.0,85,1839,0.6086,6,5,0,1607,1357
can_tho,mild,TwinGate+blindARQ,8,160.0,awd,0.02,2024,2160,339,0,30.3145,160.0,7,9,8,2,1,20.0,83,1831,0.4303,8,7,0,1710,1494
can_tho,mild,TwinGate+blindARQ,9,160.0,awd,0.02,2024,2160,388,0,37.8655,160.0,6,16,8,10,2,40.0,84,1804,1.96,7,6,0,1671,1449
can_tho,mild,Reactive+T2,0,160.0,awd,0.02,2024,2160,771,0,90.5567,160.0,3,3,3,0,0,0.0,0,1861,0.0,2,0,1,1535,1191
can_tho,mild,Reactive+T2,1,160.0,awd,0.02,2024,2160,771,0,90.5567,160.0,3,3,3,0,0,0.0,0,1864,0.0,2,0,1,1535,1191
can_tho,mild,Reactive+T2,2,160.0,awd,0.02,2024,2160,771,0,90.5567,160.0,3,3,3,0,1,40.0,0,1857,0.0,2,0,1,1535,1191
can_tho,mild,Reactive+T2,3,160.0,awd,0.02,2024,2160,771,0,90.5567,160.0,3,3,3,0,1,40.0,0,1824,0.0,2,0,1,1535,1191
can_tho,mild,Reactive+T2,4,160.0,awd,0.02,2024,2160,939,0,112.8391,160.0,2,3,3,1,1,60.0,0,1831,0.0,1,0,0,1690,1321
can_tho,mild,Reactive+T2,5,160.0,awd,0.02,2024,2160,771,0,90.5567,160.0,3,3,3,0,1,40.0,0,1826,0.0,2,0,1,1535,1191
can_tho,mild,Reactive+T2,6,160.0,awd,0.02,2024,2160,771,0,90.5567,160.0,3,4,3,1,2,100.0,0,1835,0.8302,2,0,1,1535,1192
can_tho,mild,Reactive+T2,7,160.0,awd,0.02,2024,2160,771,0,90.5469,160.0,3,5,3,2,1,60.0,0,1839,0.8607,2,0,1,1536,1192
can_tho,mild,Reactive+T2,8,160.0,awd,0.02,2024,2160,771,0,90.5517,160.0,3,4,3,1,0,0.0,0,1831,0.8532,2,0,1,1535,1192
can_tho,mild,Reactive+T2,9,160.0,awd,0.02,2024,2160,771,0,90.5469,160.0,3,4,3,1,0,0.0,0,1804,0.8607,2,0,1,1536,1192
can_tho,mild,Reactive+blindARQ,0,160.0,awd,0.02,2024,2160,771,0,90.5567,160.0,3,3,3,0,0,0.0,0,1861,0.0,2,0,1,1535,1191
can_tho,mild,Reactive+blindARQ,1,160.0,awd,0.02,2024,2160,771,0,90.5567,160.0,3,3,3,0,0,0.0,0,1864,0.0,2,0,1,1535,1191
can_tho,mild,Reactive+blindARQ,2,160.0,awd,0.02,2024,2160,771,0,90.5567,160.0,3,3,3,0,1,40.0,0,1857,0.0,2,0,1,1535,1191
can_tho,mild,Reactive+blindARQ,3,160.0,awd,0.02,2024,2160,771,0,90.5567,160.0,3,3,3,0,1,40.0,0,1824,0.0,2,0,1,1535,1191
can_tho,mild,Reactive+blindARQ,4,160.0,awd,0.02,2024,2160,939,0,112.8391,160.0,2,3,3,1,1,60.0,0,1831,0.0,1,0,0,1690,1321
can_tho,mild,Reactive+blindARQ,5,160.0,awd,0.02,2024,2160,771,0,90.5567,160.0,3,3,3,0,1,40.0,0,1826,0.0,2,0,1,1535,1191
can_tho,mild,Reactive+blindARQ,6,160.0,awd,0.02,2024,2160,939,0,112.8391,160.0,2,6,3,4,2,100.0,0,1835,0.8302,1,0,0,1690,1322
can_tho,mild,Reactive+blindARQ,7,160.0,awd,0.02,2024,2160,939,0,112.8391,160.0,2,4,3,2,1,60.0,0,1839,0.0002,1,0,0,1690,1321
can_tho,mild,Reactive+blindARQ,8,160.0,awd,0.02,2024,2160,771,0,90.5517,160.0,3,4,3,1,0,0.0,0,1831,0.8532,2,0,1,1535,1192
can_tho,mild,Reactive+blindARQ,9,160.0,awd,0.02,2024,2160,771,0,90.5469,160.0,3,4,3,1,0,0.0,0,1804,0.8607,2,0,1,1536,1192
can_tho,mild,FixedSchedule,0,160.0,awd,0.02,2024,2160,983,0,117.7928,160.0,3,3,3,0,0,0.0,0,1861,0.0,2,0,1,1727,1358
can_tho,mild,FixedSchedule,1,160.0,awd,0.02,2024,2160,983,0,117.7928,160.0,3,3,3,0,0,0.0,0,1864,0.0,2,0,1,1727,1358
can_tho,mild,FixedSchedule,2,160.0,awd,0.02,2024,2160,983,0,117.7902,160.0,3,4,3,1,0,0.0,0,1857,1.4092,2,0,1,1728,1359
can_tho,mild,FixedSchedule,3,160.0,awd,0.02,2024,2160,983,0,117.7928,160.0,3,3,3,0,1,40.0,0,1824,0.0,2,0,1,1727,1358
can_tho,mild,FixedSchedule,4,160.0,awd,0.02,2024,2160,1105,0,134.4441,160.0,2,3,3,1,1,60.0,0,1831,0.0,1,0,0,1835,1454
can_tho,mild,FixedSchedule,5,160.0,awd,0.02,2024,2160,983,0,117.7928,160.0,3,3,3,0,1,40.0,0,1826,0.0,2,0,1,1727,1358
can_tho,mild,FixedSchedule,6,160.0,awd,0.02,2024,2160,1105,0,134.4383,160.0,2,4,3,2,1,60.0,0,1835,0.8287,1,0,0,1835,1455
can_tho,mild,FixedSchedule,7,160.0,awd,0.02,2024,2160,1105,0,134.4441,160.0,2,3,3,1,1,60.0,0,1839,0.0,1,0,0,1835,1454
can_tho,mild,FixedSchedule,8,160.0,awd,0.02,2024,2160,983,0,117.7928,160.0,3,3,3,0,0,0.0,0,1831,0.0,2,0,1,1727,1358
can_tho,mild,FixedSchedule,9,160.0,awd,0.02,2024,2160,983,0,117.7928,160.0,3,3,3,0,1,40.0,0,1804,0.0,2,0,1,1727,1358
can_tho,mild,Oracle,0,160.0,awd,0.02,2024,2160,223,0,15.9191,160.0,8,9,8,1,0,0.0,0,1861,0.6086,9,8,0,1842,1552
can_tho,mild,Oracle,1,160.0,awd,0.02,2024,2160,223,0,15.9191,160.0,8,8,8,0,1,20.0,0,1864,0.0,9,8,0,1841,1552
can_tho,mild,Oracle,2,160.0,awd,0.02,2024,2160,223,0,15.9191,160.0,8,10,8,2,4,80.0,0,1857,0.6086,9,8,0,1843,1552
can_tho,mild,Oracle,3,160.0,awd,0.02,2024,2160,223,0,15.9159,160.0,8,12,8,4,3,60.0,0,1824,0.8607,9,8,0,1845,1552
can_tho,mild,Oracle,4,160.0,awd,0.02,2024,2160,223,0,15.9191,160.0,8,12,8,4,2,40.0,0,1831,0.8607,9,8,0,1845,1552
can_tho,mild,Oracle,5,160.0,awd,0.02,2024,2160,223,0,15.9179,160.0,8,18,8,10,1,20.0,0,1826,1.3608,9,8,0,1851,1552
can_tho,mild,Oracle,6,160.0,awd,0.02,2024,2160,223,0,15.9191,160.0,8,10,8,2,4,80.0,0,1835,0.6086,9,8,0,1843,1552
can_tho,mild,Oracle,7,160.0,awd,0.02,2024,2160,223,0,15.9191,160.0,8,12,8,4,2,40.0,0,1839,1.387,9,8,0,1845,1552
can_tho,mild,Oracle,8,160.0,awd,0.02,2024,2160,223,0,15.9191,160.0,8,8,8,0,1,20.0,0,1831,0.0,9,8,0,1841,1552
can_tho,mild,Oracle,9,160.0,awd,0.02,2024,2160,223,0,15.9178,160.0,8,12,8,4,2,40.0,0,1804,1.1385,9,8,0,1845,1552
can_tho,mild,TwinGate+T2+centre,0,160.0,awd,0.02,2024,2160,600,0,66.5435,160.0,8,8,8,0,0,0.0,82,1861,0.0,5,0,4,1373,1170
can_tho,mild,TwinGate+T2+centre,1,160.0,awd,0.02,2024,2160,582,0,65.1601,160.0,9,13,8,4,1,20.0,81,1864,0.9623,6,0,5,1407,1193
can_tho,mild,TwinGate+T2+centre,2,160.0,awd,0.02,2024,2160,603,0,67.7727,160.0,5,8,8,3,5,100.0,85,1857,0.0,4,0,3,1378,1092
can_tho,mild,TwinGate+T2+centre,3,160.0,awd,0.02,2024,2160,601,0,67.0606,160.0,6,8,8,2,4,80.0,84,1824,0.0,5,0,4,1375,1121
can_tho,mild,TwinGate+T2+centre,4,160.0,awd,0.02,2024,2160,583,0,65.5303,160.0,8,12,8,4,2,40.0,82,1831,1.1385,5,0,4,1399,1167
can_tho,mild,TwinGate+T2+centre,5,160.0,awd,0.02,2024,2160,579,0,64.0751,160.0,8,12,8,4,2,40.0,82,1826,0.9622,7,0,6,1424,1195
can_tho,mild,TwinGate+T2+centre,6,160.0,awd,0.02,2024,2160,600,0,66.5777,160.0,7,11,8,4,3,60.0,83,1835,0.7454,6,0,5,1388,1145
can_tho,mild,TwinGate+T2+centre,7,160.0,awd,0.02,2024,2160,599,0,66.347,160.0,6,11,8,5,3,60.0,84,1839,0.7454,5,0,4,1395,1133
can_tho,mild,TwinGate+T2+centre,8,160.0,awd,0.02,2024,2160,596,0,66.0601,160.0,8,10,8,2,1,20.0,82,1831,0.9622,6,0,5,1386,1179
can_tho,mild,TwinGate+T2+centre,9,160.0,awd,0.02,2024,2160,583,0,65.4284,160.0,7,10,8,3,2,40.0,83,1804,1.2907,6,0,5,1407,1165
can_tho,mild,TwinGate+T2,0,160.0,mid,0.05,2024,2160,480,0,48.4563,160.0,10,12,8,2,0,0.0,80,1861,0.8607,9,0,8,1597,1447
can_tho,mild,TwinGate+T2,1,160.0,mid,0.05,2024,2160,511,0,54.5334,160.0,7,8,8,1,1,20.0,83,1864,0.0,8,0,7,1538,1372
can_tho,mild,TwinGate+T2,2,160.0,mid,0.05,2024,2160,549,0,58.8816,160.0,5,8,8,3,5,100.0,85,1857,0.0,6,0,5,1488,1245
can_tho,mild,TwinGate+T2,3,160.0,mid,0.05,2024,2160,532,0,57.2897,160.0,6,8,8,2,4,80.0,84,1824,0.0,7,0,6,1505,1286
can_tho,mild,TwinGate+T2,4,160.0,mid,0.05,2024,2160,510,0,54.1347,160.0,8,11,8,3,2,40.0,82,1831,0.7454,8,0,7,1544,1347
can_tho,mild,TwinGate+T2,5,160.0,mid,0.05,2024,2160,504,0,51.9896,160.0,8,12,8,4,2,40.0,82,1826,0.8607,8,0,7,1556,1399
can_tho,mild,TwinGate+T2,6,160.0,mid,0.05,2024,2160,537,0,58.6037,160.0,5,8,8,3,5,100.0,85,1835,0.0,6,0,5,1499,1263
can_tho,mild,TwinGate+T2,7,160.0,mid,0.05,2024,2160,537,0,58.6037,160.0,5,8,8,3,3,60.0,85,1839,0.0,6,0,5,1499,1263
can_tho,mild,TwinGate+T2,8,160.0,mid,0.05,2024,2160,512,0,54.7097,160.0,7,9,8,2,1,20.0,83,1831,0.4303,8,0,7,1528,1359
can_tho,mild,TwinGate+T2,9,160.0,mid,0.05,2024,2160,510,0,54.3384,160.0,8,11,8,3,2,40.0,82,1804,0.7454,9,0,8,1537,1367
can_tho,mild,TwinGate+blindARQ,0,160.0,mid,0.05,2024,2160,510,0,54.3367,160.0,8,12,8,4,0,0.0,82,1861,0.9622,9,0,8,1540,1370
can_tho,mild,TwinGate+blindARQ,1,160.0,mid,0.05,2024,2160,511,0,54.5334,160.0,7,8,8,1,1,20.0,83,1864,0.0,8,0,7,1538,1372
can_tho,mild,TwinGate+blindARQ,2,160.0,mid,0.05,2024,2160,726,0,84.8444,160.0,3,11,8,8,5,100.0,87,1857,0.6086,4,0,3,1590,1298
can_tho,mild,TwinGate+blindARQ,3,160.0,mid,0.05,2024,2160,631,0,72.4749,160.0,4,8,8,4,4,80.0,86,1824,0.0,5,0,4,1530,1276
can_tho,mild,TwinGate+blindARQ,4,160.0,mid,0.05,2024,2160,530,0,56.4064,160.0,6,14,8,8,2,40.0,84,1831,1.0541,7,0,6,1523,1324
can_tho,mild,TwinGate+blindARQ,5,160.0,mid,0.05,2024,2160,579,0,63.8344,160.0,5,9,8,4,3,60.0,85,1826,0.4303,6,0,5,1521,1305
can_tho,mild,TwinGate+blindARQ,6,160.0,mid,0.05,2024,2160,726,0,84.9111,160.0,3,10,8,7,5,100.0,87,1835,0.6086,4,0,3,1589,1286
can_tho,mild,TwinGate+blindARQ,7,160.0,mid,0.05,2024,2160,537,0,58.6037,160.0,5,8,8,3,3,60.0,85,1839,0.0,6,0,5,1499,1263
can_tho,mild,TwinGate+blindARQ,8,160.0,mid,0.05,2024,2160,512,0,54.7097,160.0,7,9,8,2,1,20.0,83,1831,0.4303,8,0,7,1528,1359
can_tho,mild,TwinGate+blindARQ,9,160.0,mid,0.05,2024,2160,530,0,56.3737,160.0,6,12,8,6,2,40.0,84,1804,0.8607,7,0,6,1512,1318
can_tho,mild,Reactive+T2,0,160.0,mid,0.05,2024,2160,771,0,90.5567,160.0,3,3,3,0,0,0.0,0,1861,0.0,2,0,1,1535,1191
can_tho,mild,Reactive+T2,1,160.0,mid,0.05,2024,2160,771,0,90.5567,160.0,3,3,3,0,0,0.0,0,1864,0.0,2,0,1,1535,1191
can_tho,mild,Reactive+T2,2,160.0,mid,0.05,2024,2160,771,0,90.5567,160.0,3,3,3,0,1,40.0,0,1857,0.0,2,0,1,1535,1191
can_tho,mild,Reactive+T2,3,160.0,mid,0.05,2024,2160,771,0,90.5567,160.0,3,3,3,0,1,40.0,0,1824,0.0,2,0,1,1535,1191
can_tho,mild,Reactive+T2,4,160.0,mid,0.05,2024,2160,939,0,112.8391,160.0,2,3,3,1,1,60.0,0,1831,0.0,1,0,0,1690,1321
can_tho,mild,Reactive+T2,5,160.0,mid,0.05,2024,2160,771,0,90.5567,160.0,3,3,3,0,1,40.0,0,1826,0.0,2,0,1,1535,1191
can_tho,mild,Reactive+T2,6,160.0,mid,0.05,2024,2160,771,0,90.5567,160.0,3,4,3,1,2,100.0,0,1835,0.8302,2,0,1,1535,1192
can_tho,mild,Reactive+T2,7,160.0,mid,0.05,2024,2160,771,0,90.5469,160.0,3,5,3,2,1,60.0,0,1839,0.8607,2,0,1,1536,1192
can_tho,mild,Reactive+T2,8,160.0,mid,0.05,2024,2160,771,0,90.5517,160.0,3,4,3,1,0,0.0,0,1831,0.8532,2,0,1,1535,1192
can_tho,mild,Reactive+T2,9,160.0,mid,0.05,2024,2160,771,0,90.5469,160.0,3,4,3,1,0,0.0,0,1804,0.8607,2,0,1,1536,1192
can_tho,mild,Reactive+blindARQ,0,160.0,mid,0.05,2024,2160,771,0,90.5567,160.0,3,3,3,0,0,0.0,0,1861,0.0,2,0,1,1535,1191
can_tho,mild,Reactive+blindARQ,1,160.0,mid,0.05,2024,2160,771,0,90.5567,160.0,3,3,3,0,0,0.0,0,1864,0.0,2,0,1,1535,1191
can_tho,mild,Reactive+blindARQ,2,160.0,mid,0.05,2024,2160,771,0,90.5567,160.0,3,3,3,0,1,40.0,0,1857,0.0,2,0,1,1535,1191
can_tho,mild,Reactive+blindARQ,3,160.0,mid,0.05,2024,2160,771,0,90.5567,160.0,3,3,3,0,1,40.0,0,1824,0.0,2,0,1,1535,1191
can_tho,mild,Reactive+blindARQ,4,160.0,mid,0.05,2024,2160,939,0,112.8391,160.0,2,3,3,1,1,60.0,0,1831,0.0,1,0,0,1690,1321
can_tho,mild,Reactive+blindARQ,5,160.0,mid,0.05,2024,2160,771,0,90.5567,160.0,3,3,3,0,1,40.0,0,1826,0.0,2,0,1,1535,1191
can_tho,mild,Reactive+blindARQ,6,160.0,mid,0.05,2024,2160,939,0,112.8391,160.0,2,6,3,4,2,100.0,0,1835,0.8302,1,0,0,1690,1322
can_tho,mild,Reactive+blindARQ,7,160.0,mid,0.05,2024,2160,939,0,112.8391,160.0,2,4,3,2,1,60.0,0,1839,0.0002,1,0,0,1690,1321
can_tho,mild,Reactive+blindARQ,8,160.0,mid,0.05,2024,2160,771,0,90.5517,160.0,3,4,3,1,0,0.0,0,1831,0.8532,2,0,1,1535,1192
can_tho,mild,Reactive+blindARQ,9,160.0,mid,0.05,2024,2160,771,0,90.5469,160.0,3,4,3,1,0,0.0,0,1804,0.8607,2,0,1,1536,1192
can_tho,mild,FixedSchedule,0,160.0,mid,0.05,2024,2160,983,0,117.7928,160.0,3,3,3,0,0,0.0,0,1861,0.0,2,0,1,1727,1358
can_tho,mild,FixedSchedule,1,160.0,mid,0.05,2024,2160,983,0,117.7928,160.0,3,3,3,0,0,0.0,0,1864,0.0,2,0,1,1727,1358
can_tho,mild,FixedSchedule,2,160.0,mid,0.05,2024,2160,983,0,117.7902,160.0,3,4,3,1,0,0.0,0,1857,1.4092,2,0,1,1728,1359
can_tho,mild,FixedSchedule,3,160.0,mid,0.05,2024,2160,983,0,117.7928,160.0,3,3,3,0,1,40.0,0,1824,0.0,2,0,1,1727,1358
can_tho,mild,FixedSchedule,4,160.0,mid,0.05,2024,2160,1105,0,134.4441,160.0,2,3,3,1,1,60.0,0,1831,0.0,1,0,0,1835,1454
can_tho,mild,FixedSchedule,5,160.0,mid,0.05,2024,2160,983,0,117.7928,160.0,3,3,3,0,1,40.0,0,1826,0.0,2,0,1,1727,1358
can_tho,mild,FixedSchedule,6,160.0,mid,0.05,2024,2160,1105,0,134.4383,160.0,2,4,3,2,1,60.0,0,1835,0.8287,1,0,0,1835,1455
can_tho,mild,FixedSchedule,7,160.0,mid,0.05,2024,2160,1105,0,134.4441,160.0,2,3,3,1,1,60.0,0,1839,0.0,1,0,0,1835,1454
can_tho,mild,FixedSchedule,8,160.0,mid,0.05,2024,2160,983,0,117.7928,160.0,3,3,3,0,0,0.0,0,1831,0.0,2,0,1,1727,1358
can_tho,mild,FixedSchedule,9,160.0,mid,0.05,2024,2160,983,0,117.7928,160.0,3,3,3,0,1,40.0,0,1804,0.0,2,0,1,1727,1358
can_tho,mild,Oracle,0,160.0,mid,0.05,2024,2160,223,0,15.9191,160.0,8,9,8,1,0,0.0,0,1861,0.6086,9,8,0,1842,1552
can_tho,mild,Oracle,1,160.0,mid,0.05,2024,2160,223,0,15.9191,160.0,8,8,8,0,1,20.0,0,1864,0.0,9,8,0,1841,1552
can_tho,mild,Oracle,2,160.0,mid,0.05,2024,2160,223,0,15.9191,160.0,8,10,8,2,4,80.0,0,1857,0.6086,9,8,0,1843,1552
can_tho,mild,Oracle,3,160.0,mid,0.05,2024,2160,223,0,15.9159,160.0,8,12,8,4,3,60.0,0,1824,0.8607,9,8,0,1845,1552
can_tho,mild,Oracle,4,160.0,mid,0.05,2024,2160,223,0,15.9191,160.0,8,12,8,4,2,40.0,0,1831,0.8607,9,8,0,1845,1552
can_tho,mild,Oracle,5,160.0,mid,0.05,2024,2160,223,0,15.9179,160.0,8,18,8,10,1,20.0,0,1826,1.3608,9,8,0,1851,1552
can_tho,mild,Oracle,6,160.0,mid,0.05,2024,2160,223,0,15.9191,160.0,8,10,8,2,4,80.0,0,1835,0.6086,9,8,0,1843,1552
can_tho,mild,Oracle,7,160.0,mid,0.05,2024,2160,223,0,15.9191,160.0,8,12,8,4,2,40.0,0,1839,1.387,9,8,0,1845,1552
can_tho,mild,Oracle,8,160.0,mid,0.05,2024,2160,223,0,15.9191,160.0,8,8,8,0,1,20.0,0,1831,0.0,9,8,0,1841,1552
can_tho,mild,Oracle,9,160.0,mid,0.05,2024,2160,223,0,15.9178,160.0,8,12,8,4,2,40.0,0,1804,1.1385,9,8,0,1845,1552
can_tho,mild,TwinGate+T2+centre,0,160.0,mid,0.05,2024,2160,600,0,66.5435,160.0,8,8,8,0,0,0.0,82,1861,0.0,5,0,4,1373,1170
can_tho,mild,TwinGate+T2+centre,1,160.0,mid,0.05,2024,2160,582,0,65.1601,160.0,9,13,8,4,1,20.0,81,1864,0.9623,6,0,5,1407,1193
can_tho,mild,TwinGate+T2+centre,2,160.0,mid,0.05,2024,2160,603,0,67.7727,160.0,5,8,8,3,5,100.0,85,1857,0.0,4,0,3,1378,1092
can_tho,mild,TwinGate+T2+centre,3,160.0,mid,0.05,2024,2160,601,0,67.0606,160.0,6,8,8,2,4,80.0,84,1824,0.0,5,0,4,1375,1121
can_tho,mild,TwinGate+T2+centre,4,160.0,mid,0.05,2024,2160,583,0,65.5303,160.0,8,12,8,4,2,40.0,82,1831,1.1385,5,0,4,1399,1167
can_tho,mild,TwinGate+T2+centre,5,160.0,mid,0.05,2024,2160,579,0,64.0751,160.0,8,12,8,4,2,40.0,82,1826,0.9622,7,0,6,1424,1195
can_tho,mild,TwinGate+T2+centre,6,160.0,mid,0.05,2024,2160,600,0,66.5777,160.0,7,11,8,4,3,60.0,83,1835,0.7454,6,0,5,1388,1145
can_tho,mild,TwinGate+T2+centre,7,160.0,mid,0.05,2024,2160,599,0,66.347,160.0,6,11,8,5,3,60.0,84,1839,0.7454,5,0,4,1395,1133
can_tho,mild,TwinGate+T2+centre,8,160.0,mid,0.05,2024,2160,596,0,66.0601,160.0,8,10,8,2,1,20.0,82,1831,0.9622,6,0,5,1386,1179
can_tho,mild,TwinGate+T2+centre,9,160.0,mid,0.05,2024,2160,583,0,65.4284,160.0,7,10,8,3,2,40.0,83,1804,1.2907,6,0,5,1407,1165
can_tho,mild,TwinGate+T2,0,160.0,narrow,0.1,2024,2160,553,0,59.8649,160.0,8,8,8,0,0,0.0,82,1861,0.0,9,0,8,1474,1303
can_tho,mild,TwinGate+T2,1,160.0,narrow,0.1,2024,2160,561,0,61.8558,160.0,7,9,8,2,1,20.0,83,1864,0.7449,8,0,7,1453,1254
can_tho,mild,TwinGate+T2,2,160.0,narrow,0.1,2024,2160,578,0,63.5405,160.0,6,11,8,5,4,80.0,84,1857,0.7454,6,0,5,1421,1183
can_tho,mild,TwinGate+T2,3,160.0,narrow,0.1,2024,2160,561,0,61.8953,160.0,7,10,8,3,3,60.0,83,1824,0.6086,7,0,6,1463,1238
can_tho,mild,TwinGate+T2,4,160.0,narrow,0.1,2024,2160,559,0,61.5656,160.0,6,8,8,2,2,40.0,84,1831,0.0,7,0,6,1459,1239
can_tho,mild,TwinGate+T2,5,160.0,narrow,0.1,2024,2160,576,0,62.7411,160.0,6,8,8,2,3,60.0,84,1826,0.0,7,0,6,1462,1220
can_tho,mild,TwinGate+T2,6,160.0,narrow,0.1,2024,2160,581,0,64.9124,160.0,5,9,8,4,4,80.0,85,1835,0.4303,6,0,5,1412,1180
can_tho,mild,TwinGate+T2,7,160.0,narrow,0.1,2024,2160,571,0,62.139,160.0,6,10,8,4,3,60.0,84,1839,0.9622,6,0,5,1453,1219
can_tho,mild,TwinGate+T2,8,160.0,narrow,0.1,2024,2160,553,0,59.8649,160.0,8,9,8,1,1,20.0,82,1831,0.6086,9,0,8,1474,1303
can_tho,mild,TwinGate+T2,9,160.0,narrow,0.1,2024,2160,556,0,60.746,160.0,7,9,8,2,2,40.0,83,1804,0.4303,8,0,7,1459,1259
can_tho,mild,TwinGate+blindARQ,0,160.0,narrow,0.1,2024,2160,553,0,59.8649,160.0,8,8,8,0,0,0.0,82,1861,0.0,9,0,8,1474,1303
can_tho,mild,TwinGate+blindARQ,1,160.0,narrow,0.1,2024,2160,561,0,61.8558,160.0,7,9,8,2,1,20.0,83,1864,0.7449,8,0,7,1453,1254
can_tho,mild,TwinGate+blindARQ,2,160.0,narrow,0.1,2024,2160,749,0,88.268,160.0,3,11,8,8,5,100.0,87,1857,0.6338,4,0,3,1583,1277
can_tho,mild,TwinGate+blindARQ,3,160.0,narrow,0.1,2024,2160,672,0,76.6904,160.0,4,8,8,4,4,80.0,86,1824,0.0,5,0,4,1519,1239
can_tho,mild,TwinGate+blindARQ,4,160.0,narrow,0.1,2024,2160,559,0,61.5656,160.0,6,8,8,2,2,40.0,84,1831,0.0,7,0,6,1459,1239
can_tho,mild,TwinGate+blindARQ,5,160.0,narrow,0.1,2024,2160,624,0,70.4237,160.0,5,12,8,7,3,60.0,85,1826,0.8607,6,0,5,1467,1229
can_tho,mild,TwinGate+blindARQ,6,160.0,narrow,0.1,2024,2160,776,0,91.9628,160.0,3,8,8,5,5,100.0,87,1835,0.0,4,0,3,1597,1279
can_tho,mild,TwinGate+blindARQ,7,160.0,narrow,0.1,2024,2160,581,0,64.6561,160.0,5,11,8,6,3,60.0,85,1839,1.0541,6,0,5,1403,1192
can_tho,mild,TwinGate+blindARQ,8,160.0,narrow,0.1,2024,2160,561,0,61.8707,160.0,7,11,8,4,1,20.0,83,1831,0.8746,8,0,7,1451,1254
can_tho,mild,TwinGate+blindARQ,9,160.0,narrow,0.1,2024,2160,576,0,62.8412,160.0,6,13,8,7,2,40.0,84,1804,0.9623,7,0,6,1443,1200
can_tho,mild,Reactive+T2,0,160.0,narrow,0.1,2024,2160,771,0,90.5567,160.0,3,3,3,0,0,0.0,0,1861,0.0,2,0,1,1535,1191
can_tho,mild,Reactive+T2,1,160.0,narrow,0.1,2024,2160,771,0,90.5567,160.0,3,3,3,0,0,0.0,0,1864,0.0,2,0,1,1535,1191
can_tho,mild,Reactive+T2,2,160.0,narrow,0.1,2024,2160,771,0,90.5567,160.0,3,3,3,0,1,40.0,0,1857,0.0,2,0,1,1535,1191
can_tho,mild,Reactive+T2,3,160.0,narrow,0.1,2024,2160,771,0,90.5567,160.0,3,3,3,0,1,40.0,0,1824,0.0,2,0,1,1535,1191
can_tho,mild,Reactive+T2,4,160.0,narrow,0.1,2024,2160,939,0,112.8391,160.0,2,3,3,1,1,60.0,0,1831,0.0,1,0,0,1690,1321
can_tho,mild,Reactive+T2,5,160.0,narrow,0.1,2024,2160,771,0,90.5567,160.0,3,3,3,0,1,40.0,0,1826,0.0,2,0,1,1535,1191
can_tho,mild,Reactive+T2,6,160.0,narrow,0.1,2024,2160,771,0,90.5567,160.0,3,4,3,1,2,100.0,0,1835,0.8302,2,0,1,1535,1192
can_tho,mild,Reactive+T2,7,160.0,narrow,0.1,2024,2160,771,0,90.5469,160.0,3,5,3,2,1,60.0,0,1839,0.8607,2,0,1,1536,1192
can_tho,mild,Reactive+T2,8,160.0,narrow,0.1,2024,2160,771,0,90.5517,160.0,3,4,3,1,0,0.0,0,1831,0.8532,2,0,1,1535,1192
can_tho,mild,Reactive+T2,9,160.0,narrow,0.1,2024,2160,771,0,90.5469,160.0,3,4,3,1,0,0.0,0,1804,0.8607,2,0,1,1536,1192
can_tho,mild,Reactive+blindARQ,0,160.0,narrow,0.1,2024,2160,771,0,90.5567,160.0,3,3,3,0,0,0.0,0,1861,0.0,2,0,1,1535,1191
can_tho,mild,Reactive+blindARQ,1,160.0,narrow,0.1,2024,2160,771,0,90.5567,160.0,3,3,3,0,0,0.0,0,1864,0.0,2,0,1,1535,1191
can_tho,mild,Reactive+blindARQ,2,160.0,narrow,0.1,2024,2160,771,0,90.5567,160.0,3,3,3,0,1,40.0,0,1857,0.0,2,0,1,1535,1191
can_tho,mild,Reactive+blindARQ,3,160.0,narrow,0.1,2024,2160,771,0,90.5567,160.0,3,3,3,0,1,40.0,0,1824,0.0,2,0,1,1535,1191
can_tho,mild,Reactive+blindARQ,4,160.0,narrow,0.1,2024,2160,939,0,112.8391,160.0,2,3,3,1,1,60.0,0,1831,0.0,1,0,0,1690,1321
can_tho,mild,Reactive+blindARQ,5,160.0,narrow,0.1,2024,2160,771,0,90.5567,160.0,3,3,3,0,1,40.0,0,1826,0.0,2,0,1,1535,1191
can_tho,mild,Reactive+blindARQ,6,160.0,narrow,0.1,2024,2160,939,0,112.8391,160.0,2,6,3,4,2,100.0,0,1835,0.8302,1,0,0,1690,1322
can_tho,mild,Reactive+blindARQ,7,160.0,narrow,0.1,2024,2160,939,0,112.8391,160.0,2,4,3,2,1,60.0,0,1839,0.0002,1,0,0,1690,1321
can_tho,mild,Reactive+blindARQ,8,160.0,narrow,0.1,2024,2160,771,0,90.5517,160.0,3,4,3,1,0,0.0,0,1831,0.8532,2,0,1,1535,1192
can_tho,mild,Reactive+blindARQ,9,160.0,narrow,0.1,2024,2160,771,0,90.5469,160.0,3,4,3,1,0,0.0,0,1804,0.8607,2,0,1,1536,1192
can_tho,mild,FixedSchedule,0,160.0,narrow,0.1,2024,2160,983,0,117.7928,160.0,3,3,3,0,0,0.0,0,1861,0.0,2,0,1,1727,1358
can_tho,mild,FixedSchedule,1,160.0,narrow,0.1,2024,2160,983,0,117.7928,160.0,3,3,3,0,0,0.0,0,1864,0.0,2,0,1,1727,1358
can_tho,mild,FixedSchedule,2,160.0,narrow,0.1,2024,2160,983,0,117.7902,160.0,3,4,3,1,0,0.0,0,1857,1.4092,2,0,1,1728,1359
can_tho,mild,FixedSchedule,3,160.0,narrow,0.1,2024,2160,983,0,117.7928,160.0,3,3,3,0,1,40.0,0,1824,0.0,2,0,1,1727,1358
can_tho,mild,FixedSchedule,4,160.0,narrow,0.1,2024,2160,1105,0,134.4441,160.0,2,3,3,1,1,60.0,0,1831,0.0,1,0,0,1835,1454
can_tho,mild,FixedSchedule,5,160.0,narrow,0.1,2024,2160,983,0,117.7928,160.0,3,3,3,0,1,40.0,0,1826,0.0,2,0,1,1727,1358
can_tho,mild,FixedSchedule,6,160.0,narrow,0.1,2024,2160,1105,0,134.4383,160.0,2,4,3,2,1,60.0,0,1835,0.8287,1,0,0,1835,1455
can_tho,mild,FixedSchedule,7,160.0,narrow,0.1,2024,2160,1105,0,134.4441,160.0,2,3,3,1,1,60.0,0,1839,0.0,1,0,0,1835,1454
can_tho,mild,FixedSchedule,8,160.0,narrow,0.1,2024,2160,983,0,117.7928,160.0,3,3,3,0,0,0.0,0,1831,0.0,2,0,1,1727,1358
can_tho,mild,FixedSchedule,9,160.0,narrow,0.1,2024,2160,983,0,117.7928,160.0,3,3,3,0,1,40.0,0,1804,0.0,2,0,1,1727,1358
can_tho,mild,Oracle,0,160.0,narrow,0.1,2024,2160,223,0,15.9191,160.0,8,9,8,1,0,0.0,0,1861,0.6086,9,8,0,1842,1552
can_tho,mild,Oracle,1,160.0,narrow,0.1,2024,2160,223,0,15.9191,160.0,8,8,8,0,1,20.0,0,1864,0.0,9,8,0,1841,1552
can_tho,mild,Oracle,2,160.0,narrow,0.1,2024,2160,223,0,15.9191,160.0,8,10,8,2,4,80.0,0,1857,0.6086,9,8,0,1843,1552
can_tho,mild,Oracle,3,160.0,narrow,0.1,2024,2160,223,0,15.9159,160.0,8,12,8,4,3,60.0,0,1824,0.8607,9,8,0,1845,1552
can_tho,mild,Oracle,4,160.0,narrow,0.1,2024,2160,223,0,15.9191,160.0,8,12,8,4,2,40.0,0,1831,0.8607,9,8,0,1845,1552
can_tho,mild,Oracle,5,160.0,narrow,0.1,2024,2160,223,0,15.9179,160.0,8,18,8,10,1,20.0,0,1826,1.3608,9,8,0,1851,1552
can_tho,mild,Oracle,6,160.0,narrow,0.1,2024,2160,223,0,15.9191,160.0,8,10,8,2,4,80.0,0,1835,0.6086,9,8,0,1843,1552
can_tho,mild,Oracle,7,160.0,narrow,0.1,2024,2160,223,0,15.9191,160.0,8,12,8,4,2,40.0,0,1839,1.387,9,8,0,1845,1552
can_tho,mild,Oracle,8,160.0,narrow,0.1,2024,2160,223,0,15.9191,160.0,8,8,8,0,1,20.0,0,1831,0.0,9,8,0,1841,1552
can_tho,mild,Oracle,9,160.0,narrow,0.1,2024,2160,223,0,15.9178,160.0,8,12,8,4,2,40.0,0,1804,1.1385,9,8,0,1845,1552
can_tho,mild,TwinGate+T2+centre,0,160.0,narrow,0.1,2024,2160,553,0,59.8649,160.0,8,8,8,0,0,0.0,82,1861,0.0,9,0,8,1474,1303
can_tho,mild,TwinGate+T2+centre,1,160.0,narrow,0.1,2024,2160,561,0,61.8558,160.0,7,9,8,2,1,20.0,83,1864,0.7449,8,0,7,1453,1254
can_tho,mild,TwinGate+T2+centre,2,160.0,narrow,0.1,2024,2160,578,0,63.5405,160.0,6,11,8,5,4,80.0,84,1857,0.7454,6,0,5,1421,1183
can_tho,mild,TwinGate+T2+centre,3,160.0,narrow,0.1,2024,2160,561,0,61.8953,160.0,7,10,8,3,3,60.0,83,1824,0.6086,7,0,6,1463,1238
can_tho,mild,TwinGate+T2+centre,4,160.0,narrow,0.1,2024,2160,559,0,61.5656,160.0,6,8,8,2,2,40.0,84,1831,0.0,7,0,6,1459,1239
can_tho,mild,TwinGate+T2+centre,5,160.0,narrow,0.1,2024,2160,576,0,62.7411,160.0,6,8,8,2,3,60.0,84,1826,0.0,7,0,6,1462,1220
can_tho,mild,TwinGate+T2+centre,6,160.0,narrow,0.1,2024,2160,581,0,64.9124,160.0,5,9,8,4,4,80.0,85,1835,0.4303,6,0,5,1412,1180
can_tho,mild,TwinGate+T2+centre,7,160.0,narrow,0.1,2024,2160,571,0,62.139,160.0,6,10,8,4,3,60.0,84,1839,0.9622,6,0,5,1453,1219
can_tho,mild,TwinGate+T2+centre,8,160.0,narrow,0.1,2024,2160,553,0,59.8649,160.0,8,9,8,1,1,20.0,82,1831,0.6086,9,0,8,1474,1303
can_tho,mild,TwinGate+T2+centre,9,160.0,narrow,0.1,2024,2160,556,0,60.746,160.0,7,9,8,2,2,40.0,83,1804,0.4303,8,0,7,1459,1259
can_tho,mild,TwinGate+T2,0,240.0,awd,0.02,2024,2160,0,0,0.0,240.0,15,22,12,7,1,20.0,75,1861,1.3608,11,11,0,1098,1350
can_tho,mild,TwinGate+T2,1,240.0,awd,0.02,2024,2160,0,0,0.0,220.0,11,13,11,2,1,20.0,79,1864,0.6086,11,10,0,1649,1389
can_tho,mild,TwinGate+T2,2,240.0,awd,0.02,2024,2160,0,0,0.0,240.0,9,13,12,4,6,120.0,81,1857,0.4303,10,9,0,1519,1259
can_tho,mild,TwinGate+T2,3,240.0,awd,0.02,2024,2160,10,0,0.1002,240.0,13,20,12,7,5,100.0,77,1824,1.2172,10,9,0,1540,1193
can_tho,mild,TwinGate+T2,4,240.0,awd,0.02,2024,2160,0,0,0.0,240.0,9,13,12,4,3,60.0,81,1831,0.4303,10,9,0,1492,1245
can_tho,mild,TwinGate+T2,5,240.0,awd,0.02,2024,2160,0,0,0.0,240.0,11,19,12,8,4,80.0,79,1826,1.3606,9,7,1,1488,1190
can_tho,mild,TwinGate+T2,6,240.0,awd,0.02,2024,2160,0,0,0.0,240.0,9,14,12,5,6,120.0,81,1835,0.9622,9,8,0,1471,1198
can_tho,mild,TwinGate+T2,7,240.0,awd,0.02,2024,2160,0,0,0.0,240.0,9,14,12,5,4,80.0,81,1839,0.6086,10,9,0,1544,1230
can_tho,mild,TwinGate+T2,8,240.0,awd,0.02,2024,2160,0,0,0.0,240.0,10,13,12,3,2,40.0,80,1831,0.4303,11,10,0,1571,1275
can_tho,mild,TwinGate+T2,9,240.0,awd,0.02,2024,2160,0,0,0.0,220.0,12,16,11,4,2,40.0,78,1804,1.666,11,10,0,1707,1365
can_tho,mild,TwinGate+blindARQ,0,240.0,awd,0.02,2024,2160,0,0,0.0,240.0,10,15,12,5,2,40.0,80,1861,0.7454,11,10,0,1540,1284
can_tho,mild,TwinGate+blindARQ,1,240.0,awd,0.02,2024,2160,0,0,0.0,220.0,10,18,11,8,1,20.0,80,1864,1.7613,11,10,0,1649,1390
can_tho,mild,TwinGate+blindARQ,2,240.0,awd,0.02,2024,2160,365,0,34.5813,240.0,5,16,12,11,7,140.0,85,1857,0.8607,6,5,0,1566,1292
can_tho,mild,TwinGate+blindARQ,3,240.0,awd,0.02,2024,2160,35,0,0.6081,240.0,7,18,12,11,5,100.0,83,1824,1.0541,8,7,0,1474,1167
can_tho,mild,TwinGate+blindARQ,4,240.0,awd,0.02,2024,2160,0,0,0.0,240.0,9,13,12,4,3,60.0,81,1831,0.4303,10,9,0,1492,1245
can_tho,mild,TwinGate+blindARQ,5,240.0,awd,0.02,2024,2160,74,0,1.4999,240.0,7,20,12,13,5,100.0,83,1826,1.2303,8,7,0,1417,1180
can_tho,mild,TwinGate+blindARQ,6,240.0,awd,0.02,2024,2160,290,0,23.7666,240.0,6,16,12,10,6,120.0,84,1835,0.4303,7,6,0,1524,1267
can_tho,mild,TwinGate+blindARQ,7,240.0,awd,0.02,2024,2160,0,0,0.0,240.0,8,14,12,6,4,80.0,82,1839,0.6086,9,8,0,1487,1187
can_tho,mild,TwinGate+blindARQ,8,240.0,awd,0.02,2024,2160,0,0,0.0,240.0,10,13,12,3,2,40.0,80,1831,0.4303,11,10,0,1571,1275
can_tho,mild,TwinGate+blindARQ,9,240.0,awd,0.02,2024,2160,0,0,0.0,240.0,10,24,12,14,2,40.0,80,1804,2.2666,11,10,0,1560,1317
can_tho,mild,Reactive+T2,0,240.0,awd,0.02,2024,2160,600,0,66.5025,240.0,4,4,4,0,0,0.0,0,1861,0.0,2,0,1,1343,1031
can_tho,mild,Reactive+T2,1,240.0,awd,0.02,2024,2160,600,0,66.5025,240.0,4,5,4,1,1,60.0,0,1864,0.0015,2,0,1,1343,1031
can_tho,mild,Reactive+T2,2,240.0,awd,0.02,2024,2160,749,0,88.3602,240.0,3,4,4,1,2,120.0,0,1857,0.0,2,0,1,1515,1186
can_tho,mild,Reactive+T2,3,240.0,awd,0.02,2024,2160,749,0,88.3602,240.0,3,4,4,1,2,120.0,0,1824,0.0,2,0,1,1515,1186
can_tho,mild,Reactive+T2,4,240.0,awd,0.02,2024,2160,749,0,88.3602,240.0,3,4,4,1,1,60.0,0,1831,0.0,2,0,1,1515,1186
can_tho,mild,Reactive+T2,5,240.0,awd,0.02,2024,2160,749,0,88.3602,240.0,3,4,4,1,1,60.0,0,1826,0.0,2,0,1,1515,1186
can_tho,mild,Reactive+T2,6,240.0,awd,0.02,2024,2160,749,0,88.3602,240.0,3,5,4,2,3,180.0,0,1835,0.8302,2,0,1,1515,1187
can_tho,mild,Reactive+T2,7,240.0,awd,0.02,2024,2160,600,0,66.5025,240.0,4,6,4,2,2,120.0,0,1839,0.9512,2,0,1,1344,1032
can_tho,mild,Reactive+T2,8,240.0,awd,0.02,2024,2160,578,0,63.5488,240.0,5,7,4,2,0,0.0,0,1831,1.5308,3,0,2,1335,1034
can_tho,mild,Reactive+T2,9,240.0,awd,0.02,2024,2160,600,0,66.5025,240.0,4,6,4,2,0,0.0,0,1804,0.9512,2,0,1,1344,1032
can_tho,mild,Reactive+blindARQ,0,240.0,awd,0.02,2024,2160,600,0,66.5025,240.0,4,4,4,0,0,0.0,0,1861,0.0,2,0,1,1343,1031
can_tho,mild,Reactive+blindARQ,1,240.0,awd,0.02,2024,2160,749,0,88.2949,240.0,3,5,4,2,1,60.0,0,1864,0.0015,2,0,1,1514,1185
can_tho,mild,Reactive+blindARQ,2,240.0,awd,0.02,2024,2160,939,0,112.8283,240.0,2,4,4,2,2,120.0,0,1857,0.0,1,0,0,1690,1321
can_tho,mild,Reactive+blindARQ,3,240.0,awd,0.02,2024,2160,939,0,112.8283,240.0,2,4,4,2,2,120.0,0,1824,0.0,1,0,0,1690,1321
can_tho,mild,Reactive+blindARQ,4,240.0,awd,0.02,2024,2160,749,0,88.3602,240.0,3,4,4,1,1,60.0,0,1831,0.0,2,0,1,1515,1186
can_tho,mild,Reactive+blindARQ,5,240.0,awd,0.02,2024,2160,749,0,88.3602,240.0,3,4,4,1,1,60.0,0,1826,0.0,2,0,1,1515,1186
can_tho,mild,Reactive+blindARQ,6,240.0,awd,0.02,2024,2160,1105,0,134.4069,240.0,1,7,4,6,3,180.0,0,1835,0.8302,1,0,0,1835,1455
can_tho,mild,Reactive+blindARQ,7,240.0,awd,0.02,2024,2160,939,0,112.8325,240.0,2,5,4,3,2,120.0,0,1839,0.0002,1,0,0,1690,1321
can_tho,mild,Reactive+blindARQ,8,240.0,awd,0.02,2024,2160,600,0,66.494,240.0,4,7,4,3,0,0.0,0,1831,1.5308,2,0,1,1343,1034
can_tho,mild,Reactive+blindARQ,9,240.0,awd,0.02,2024,2160,749,0,88.3251,240.0,3,7,4,4,1,60.0,0,1804,0.9507,2,0,1,1515,1187
can_tho,mild,FixedSchedule,0,240.0,awd,0.02,2024,2160,891,0,106.2957,240.0,4,4,4,0,0,0.0,0,1861,0.0,1,0,0,1644,1249
can_tho,mild,FixedSchedule,1,240.0,awd,0.02,2024,2160,1029,0,123.1828,240.0,3,4,4,1,1,60.0,0,1864,0.0,1,0,0,1761,1367
can_tho,mild,FixedSchedule,2,240.0,awd,0.02,2024,2160,1133,0,140.3169,240.0,2,4,4,2,2,120.0,0,1857,0.0,1,0,0,1881,1487
can_tho,mild,FixedSchedule,3,240.0,awd,0.02,2024,2160,1133,0,140.3169,240.0,2,4,4,2,2,120.0,0,1824,0.0,1,0,0,1881,1487
can_tho,mild,FixedSchedule,4,240.0,awd,0.02,2024,2160,1029,0,123.1954,240.0,3,6,4,3,1,60.0,0,1831,0.8443,1,0,0,1761,1367
can_tho,mild,FixedSchedule,5,240.0,awd,0.02,2024,2160,1029,0,123.1954,240.0,3,4,4,1,1,60.0,0,1826,0.0,1,0,0,1761,1367
can_tho,mild,FixedSchedule,6,240.0,awd,0.02,2024,2160,1248,0,155.2258,240.0,1,4,4,3,3,180.0,0,1835,0.0,1,0,0,1978,1584
can_tho,mild,FixedSchedule,7,240.0,awd,0.02,2024,2160,1133,0,140.3169,240.0,2,7,4,5,2,120.0,0,1839,0.597,1,0,0,1881,1487
can_tho,mild,FixedSchedule,8,240.0,awd,0.02,2024,2160,891,0,106.2957,240.0,4,4,4,0,0,0.0,0,1831,0.0,1,0,0,1644,1249
can_tho,mild,FixedSchedule,9,240.0,awd,0.02,2024,2160,1029,0,123.1954,240.0,3,4,4,1,1,60.0,0,1804,0.0,1,0,0,1761,1367
can_tho,mild,Oracle,0,240.0,awd,0.02,2024,2160,0,0,0.0,200.0,10,12,10,2,1,20.0,0,1861,0.7453,11,10,0,1811,1470
can_tho,mild,Oracle,1,240.0,awd,0.02,2024,2160,0,0,0.0,200.0,10,11,10,1,1,20.0,0,1864,0.4303,11,10,0,1810,1470
can_tho,mild,Oracle,2,240.0,awd,0.02,2024,2160,0,0,0.0,200.0,10,13,10,3,5,100.0,0,1857,0.8606,11,10,0,1812,1470
can_tho,mild,Oracle,3,240.0,awd,0.02,2024,2160,0,0,0.0,200.0,10,14,10,4,4,80.0,0,1824,0.8607,11,10,0,1813,1470
can_tho,mild,Oracle,4,240.0,awd,0.02,2024,2160,0,0,0.0,200.0,10,14,10,4,2,40.0,0,1831,0.8607,11,10,0,1813,1470
can_tho,mild,Oracle,5,240.0,awd,0.02,2024,2160,0,0,0.0,200.0,10,21,10,11,1,20.0,0,1826,1.4272,11,10,0,1820,1470
can_tho,mild,Oracle,6,240.0,awd,0.02,2024,2160,0,0,0.0,200.0,10,12,10,2,5,100.0,0,1835,0.6086,11,10,0,1811,1470
can_tho,mild,Oracle,7,240.0,awd,0.02,2024,2160,0,0,0.0,200.0,10,14,10,4,3,60.0,0,1839,1.387,11,10,0,1813,1470
can_tho,mild,Oracle,8,240.0,awd,0.02,2024,2160,0,0,0.0,200.0,10,10,10,0,1,20.0,0,1831,0.0,11,10,0,1809,1470
can_tho,mild,Oracle,9,240.0,awd,0.02,2024,2160,0,0,0.0,200.0,10,14,10,4,2,40.0,0,1804,1.1385,11,10,0,1813,1470
can_tho,mild,TwinGate+T2+centre,0,240.0,awd,0.02,2024,2160,291,0,24.0587,240.0,11,14,12,3,2,40.0,79,1861,0.6086,7,0,6,1107,955
can_tho,mild,TwinGate+T2+centre,1,240.0,awd,0.02,2024,2160,290,0,23.6798,240.0,13,18,12,5,1,20.0,77,1864,1.0541,7,0,6,1108,966
can_tho,mild,TwinGate+T2+centre,2,240.0,awd,0.02,2024,2160,294,0,25.2543,240.0,8,12,12,4,7,140.0,82,1857,0.0,7,0,6,1102,876
can_tho,mild,TwinGate+T2+centre,3,240.0,awd,0.02,2024,2160,293,0,24.7537,240.0,9,13,12,4,5,100.0,81,1824,0.4303,8,0,7,1115,912
can_tho,mild,TwinGate+T2+centre,4,240.0,awd,0.02,2024,2160,289,0,23.1285,240.0,13,19,12,6,3,60.0,77,1831,1.3608,7,0,6,1116,964
can_tho,mild,TwinGate+T2+centre,5,240.0,awd,0.02,2024,2160,272,0,22.3538,240.0,10,17,12,7,4,80.0,80,1826,1.054,9,0,8,1156,949
can_tho,mild,TwinGate+T2+centre,6,240.0,awd,0.02,2024,2160,292,0,24.5651,240.0,10,16,12,6,4,80.0,80,1835,0.8607,9,0,8,1124,944
can_tho,mild,TwinGate+T2+centre,7,240.0,awd,0.02,2024,2160,292,0,24.4738,240.0,9,15,12,6,4,80.0,81,1839,0.7454,8,0,7,1131,929
can_tho,mild,TwinGate+T2+centre,8,240.0,awd,0.02,2024,2160,291,0,24.0405,240.0,12,16,12,4,2,40.0,78,1831,1.1385,9,0,8,1094,1004
can_tho,mild,TwinGate+T2+centre,9,240.0,awd,0.02,2024,2160,290,0,23.792,240.0,11,16,12,5,2,40.0,79,1804,1.427,7,0,6,1110,957
can_tho,mild,TwinGate+T2,0,240.0,mid,0.05,2024,2160,120,0,4.5699,240.0,14,19,12,5,1,20.0,76,1861,1.1386,12,0,11,1384,1272
can_tho,mild,TwinGate+T2,1,240.0,mid,0.05,2024,2160,148,0,7.8019,240.0,11,12,12,1,1,20.0,79,1864,0.0,12,0,11,1348,1254
can_tho,mild,TwinGate+T2,2,240.0,mid,0.05,2024,2160,197,0,12.7911,240.0,8,12,12,4,7,140.0,82,1857,0.0,9,0,8,1297,1099
can_tho,mild,TwinGate+T2,3,240.0,mid,0.05,2024,2160,174,0,10.5907,240.0,9,12,12,3,5,100.0,81,1824,0.0,10,0,9,1317,1138
can_tho,mild,TwinGate+T2,4,240.0,mid,0.05,2024,2160,148,0,7.771,240.0,12,16,12,4,3,60.0,78,1831,0.8607,12,0,11,1352,1218
can_tho,mild,TwinGate+T2,5,240.0,mid,0.05,2024,2160,171,0,9.6533,240.0,10,16,12,6,4,80.0,80,1826,0.8607,10,0,9,1314,1168
can_tho,mild,TwinGate+T2,6,240.0,mid,0.05,2024,2160,196,0,12.6459,240.0,8,12,12,4,6,120.0,82,1835,0.0,9,0,8,1285,1110
can_tho,mild,TwinGate+T2,7,240.0,mid,0.05,2024,2160,196,0,12.6459,240.0,8,12,12,4,4,80.0,82,1839,0.0,9,0,8,1285,1110
can_tho,mild,TwinGate+T2,8,240.0,mid,0.05,2024,2160,171,0,9.713,240.0,10,15,12,5,2,40.0,80,1831,0.7454,11,0,10,1307,1198
can_tho,mild,TwinGate+T2,9,240.0,mid,0.05,2024,2160,125,0,5.7967,240.0,13,19,12,6,2,40.0,77,1804,1.1386,13,0,12,1387,1260
can_tho,mild,TwinGate+blindARQ,0,240.0,mid,0.05,2024,2160,193,0,11.408,240.0,10,19,12,9,2,40.0,80,1861,1.2172,11,0,10,1303,1148
can_tho,mild,TwinGate+blindARQ,1,240.0,mid,0.05,2024,2160,148,0,7.8019,240.0,11,12,12,1,1,20.0,79,1864,0.0,12,0,11,1348,1254
can_tho,mild,TwinGate+blindARQ,2,240.0,mid,0.05,2024,2160,555,0,60.3995,240.0,5,15,12,10,7,140.0,85,1857,0.6086,6,0,5,1470,1230
can_tho,mild,TwinGate+blindARQ,3,240.0,mid,0.05,2024,2160,294,0,25.0648,240.0,7,12,12,5,5,100.0,83,1824,0.0,8,0,7,1326,1130
can_tho,mild,TwinGate+blindARQ,4,240.0,mid,0.05,2024,2160,193,0,11.529,240.0,9,19,12,10,3,60.0,81,1831,1.1386,10,0,9,1309,1154
can_tho,mild,TwinGate+blindARQ,5,240.0,mid,0.05,2024,2160,248,0,19.1008,240.0,7,17,12,10,5,100.0,83,1826,0.9623,8,0,7,1298,1098
can_tho,mild,TwinGate+blindARQ,6,240.0,mid,0.05,2024,2160,479,0,48.1054,240.0,6,15,12,9,6,120.0,84,1835,0.7454,7,0,6,1418,1210
can_tho,mild,TwinGate+blindARQ,7,240.0,mid,0.05,2024,2160,196,0,12.6459,240.0,8,12,12,4,4,80.0,82,1839,0.0,9,0,8,1285,1110
can_tho,mild,TwinGate+blindARQ,8,240.0,mid,0.05,2024,2160,171,0,9.713,240.0,10,15,12,5,2,40.0,80,1831,0.7454,11,0,10,1307,1198
can_tho,mild,TwinGate+blindARQ,9,240.0,mid,0.05,2024,2160,172,0,9.8627,240.0,10,26,12,16,2,40.0,80,1804,2.0636,11,0,10,1323,1218
can_tho,mild,Reactive+T2,0,240.0,mid,0.05,2024,2160,600,0,66.5025,240.0,4,4,4,0,0,0.0,0,1861,0.0,2,0,1,1343,1031
can_tho,mild,Reactive+T2,1,240.0,mid,0.05,2024,2160,600,0,66.5025,240.0,4,5,4,1,1,60.0,0,1864,0.0015,2,0,1,1343,1031
can_tho,mild,Reactive+T2,2,240.0,mid,0.05,2024,2160,749,0,88.3602,240.0,3,4,4,1,2,120.0,0,1857,0.0,2,0,1,1515,1186
can_tho,mild,Reactive+T2,3,240.0,mid,0.05,2024,2160,749,0,88.3602,240.0,3,4,4,1,2,120.0,0,1824,0.0,2,0,1,1515,1186
can_tho,mild,Reactive+T2,4,240.0,mid,0.05,2024,2160,749,0,88.3602,240.0,3,4,4,1,1,60.0,0,1831,0.0,2,0,1,1515,1186
can_tho,mild,Reactive+T2,5,240.0,mid,0.05,2024,2160,749,0,88.3602,240.0,3,4,4,1,1,60.0,0,1826,0.0,2,0,1,1515,1186
can_tho,mild,Reactive+T2,6,240.0,mid,0.05,2024,2160,749,0,88.3602,240.0,3,5,4,2,3,180.0,0,1835,0.8302,2,0,1,1515,1187
can_tho,mild,Reactive+T2,7,240.0,mid,0.05,2024,2160,600,0,66.5025,240.0,4,6,4,2,2,120.0,0,1839,0.9512,2,0,1,1344,1032
can_tho,mild,Reactive+T2,8,240.0,mid,0.05,2024,2160,578,0,63.5488,240.0,5,7,4,2,0,0.0,0,1831,1.5308,3,0,2,1335,1034
can_tho,mild,Reactive+T2,9,240.0,mid,0.05,2024,2160,600,0,66.5025,240.0,4,6,4,2,0,0.0,0,1804,0.9512,2,0,1,1344,1032
can_tho,mild,Reactive+blindARQ,0,240.0,mid,0.05,2024,2160,600,0,66.5025,240.0,4,4,4,0,0,0.0,0,1861,0.0,2,0,1,1343,1031
can_tho,mild,Reactive+blindARQ,1,240.0,mid,0.05,2024,2160,749,0,88.2949,240.0,3,5,4,2,1,60.0,0,1864,0.0015,2,0,1,1514,1185
can_tho,mild,Reactive+blindARQ,2,240.0,mid,0.05,2024,2160,939,0,112.8283,240.0,2,4,4,2,2,120.0,0,1857,0.0,1,0,0,1690,1321
can_tho,mild,Reactive+blindARQ,3,240.0,mid,0.05,2024,2160,939,0,112.8283,240.0,2,4,4,2,2,120.0,0,1824,0.0,1,0,0,1690,1321
can_tho,mild,Reactive+blindARQ,4,240.0,mid,0.05,2024,2160,749,0,88.3602,240.0,3,4,4,1,1,60.0,0,1831,0.0,2,0,1,1515,1186
can_tho,mild,Reactive+blindARQ,5,240.0,mid,0.05,2024,2160,749,0,88.3602,240.0,3,4,4,1,1,60.0,0,1826,0.0,2,0,1,1515,1186
can_tho,mild,Reactive+blindARQ,6,240.0,mid,0.05,2024,2160,1105,0,134.4069,240.0,1,7,4,6,3,180.0,0,1835,0.8302,1,0,0,1835,1455
can_tho,mild,Reactive+blindARQ,7,240.0,mid,0.05,2024,2160,939,0,112.8325,240.0,2,5,4,3,2,120.0,0,1839,0.0002,1,0,0,1690,1321
can_tho,mild,Reactive+blindARQ,8,240.0,mid,0.05,2024,2160,600,0,66.494,240.0,4,7,4,3,0,0.0,0,1831,1.5308,2,0,1,1343,1034
can_tho,mild,Reactive+blindARQ,9,240.0,mid,0.05,2024,2160,749,0,88.3251,240.0,3,7,4,4,1,60.0,0,1804,0.9507,2,0,1,1515,1187
can_tho,mild,FixedSchedule,0,240.0,mid,0.05,2024,2160,891,0,106.2957,240.0,4,4,4,0,0,0.0,0,1861,0.0,1,0,0,1644,1249
can_tho,mild,FixedSchedule,1,240.0,mid,0.05,2024,2160,1029,0,123.1828,240.0,3,4,4,1,1,60.0,0,1864,0.0,1,0,0,1761,1367
can_tho,mild,FixedSchedule,2,240.0,mid,0.05,2024,2160,1133,0,140.3169,240.0,2,4,4,2,2,120.0,0,1857,0.0,1,0,0,1881,1487
can_tho,mild,FixedSchedule,3,240.0,mid,0.05,2024,2160,1133,0,140.3169,240.0,2,4,4,2,2,120.0,0,1824,0.0,1,0,0,1881,1487
can_tho,mild,FixedSchedule,4,240.0,mid,0.05,2024,2160,1029,0,123.1954,240.0,3,6,4,3,1,60.0,0,1831,0.8443,1,0,0,1761,1367
can_tho,mild,FixedSchedule,5,240.0,mid,0.05,2024,2160,1029,0,123.1954,240.0,3,4,4,1,1,60.0,0,1826,0.0,1,0,0,1761,1367
can_tho,mild,FixedSchedule,6,240.0,mid,0.05,2024,2160,1248,0,155.2258,240.0,1,4,4,3,3,180.0,0,1835,0.0,1,0,0,1978,1584
can_tho,mild,FixedSchedule,7,240.0,mid,0.05,2024,2160,1133,0,140.3169,240.0,2,7,4,5,2,120.0,0,1839,0.597,1,0,0,1881,1487
can_tho,mild,FixedSchedule,8,240.0,mid,0.05,2024,2160,891,0,106.2957,240.0,4,4,4,0,0,0.0,0,1831,0.0,1,0,0,1644,1249
can_tho,mild,FixedSchedule,9,240.0,mid,0.05,2024,2160,1029,0,123.1954,240.0,3,4,4,1,1,60.0,0,1804,0.0,1,0,0,1761,1367
can_tho,mild,Oracle,0,240.0,mid,0.05,2024,2160,0,0,0.0,200.0,10,12,10,2,1,20.0,0,1861,0.7453,11,10,0,1811,1470
can_tho,mild,Oracle,1,240.0,mid,0.05,2024,2160,0,0,0.0,200.0,10,11,10,1,1,20.0,0,1864,0.4303,11,10,0,1810,1470
can_tho,mild,Oracle,2,240.0,mid,0.05,2024,2160,0,0,0.0,200.0,10,13,10,3,5,100.0,0,1857,0.8606,11,10,0,1812,1470
can_tho,mild,Oracle,3,240.0,mid,0.05,2024,2160,0,0,0.0,200.0,10,14,10,4,4,80.0,0,1824,0.8607,11,10,0,1813,1470
can_tho,mild,Oracle,4,240.0,mid,0.05,2024,2160,0,0,0.0,200.0,10,14,10,4,2,40.0,0,1831,0.8607,11,10,0,1813,1470
can_tho,mild,Oracle,5,240.0,mid,0.05,2024,2160,0,0,0.0,200.0,10,21,10,11,1,20.0,0,1826,1.4272,11,10,0,1820,1470
can_tho,mild,Oracle,6,240.0,mid,0.05,2024,2160,0,0,0.0,200.0,10,12,10,2,5,100.0,0,1835,0.6086,11,10,0,1811,1470
can_tho,mild,Oracle,7,240.0,mid,0.05,2024,2160,0,0,0.0,200.0,10,14,10,4,3,60.0,0,1839,1.387,11,10,0,1813,1470
can_tho,mild,Oracle,8,240.0,mid,0.05,2024,2160,0,0,0.0,200.0,10,10,10,0,1,20.0,0,1831,0.0,11,10,0,1809,1470
can_tho,mild,Oracle,9,240.0,mid,0.05,2024,2160,0,0,0.0,200.0,10,14,10,4,2,40.0,0,1804,1.1385,11,10,0,1813,1470
can_tho,mild,TwinGate+T2+centre,0,240.0,mid,0.05,2024,2160,291,0,24.0587,240.0,11,14,12,3,2,40.0,79,1861,0.6086,7,0,6,1107,955
can_tho,mild,TwinGate+T2+centre,1,240.0,mid,0.05,2024,2160,290,0,23.6798,240.0,13,18,12,5,1,20.0,77,1864,1.0541,7,0,6,1108,966
can_tho,mild,TwinGate+T2+centre,2,240.0,mid,0.05,2024,2160,294,0,25.2543,240.0,8,12,12,4,7,140.0,82,1857,0.0,7,0,6,1102,876
can_tho,mild,TwinGate+T2+centre,3,240.0,mid,0.05,2024,2160,293,0,24.7537,240.0,9,13,12,4,5,100.0,81,1824,0.4303,8,0,7,1115,912
can_tho,mild,TwinGate+T2+centre,4,240.0,mid,0.05,2024,2160,289,0,23.1285,240.0,13,19,12,6,3,60.0,77,1831,1.3608,7,0,6,1116,964
can_tho,mild,TwinGate+T2+centre,5,240.0,mid,0.05,2024,2160,272,0,22.3538,240.0,10,17,12,7,4,80.0,80,1826,1.054,9,0,8,1156,949
can_tho,mild,TwinGate+T2+centre,6,240.0,mid,0.05,2024,2160,292,0,24.5651,240.0,10,16,12,6,4,80.0,80,1835,0.8607,9,0,8,1124,944
can_tho,mild,TwinGate+T2+centre,7,240.0,mid,0.05,2024,2160,292,0,24.4738,240.0,9,15,12,6,4,80.0,81,1839,0.7454,8,0,7,1131,929
can_tho,mild,TwinGate+T2+centre,8,240.0,mid,0.05,2024,2160,291,0,24.0405,240.0,12,16,12,4,2,40.0,78,1831,1.1385,9,0,8,1094,1004
can_tho,mild,TwinGate+T2+centre,9,240.0,mid,0.05,2024,2160,290,0,23.792,240.0,11,16,12,5,2,40.0,79,1804,1.427,7,0,6,1110,957
can_tho,mild,TwinGate+T2,0,240.0,narrow,0.1,2024,2160,224,0,16.0065,240.0,11,14,12,3,2,40.0,79,1861,0.6086,11,0,10,1232,1076
can_tho,mild,TwinGate+T2,1,240.0,narrow,0.1,2024,2160,243,0,17.519,240.0,11,14,12,3,1,20.0,79,1864,0.9619,12,0,11,1214,1086
can_tho,mild,TwinGate+T2,2,240.0,narrow,0.1,2024,2160,242,0,17.3011,240.0,11,19,12,8,4,80.0,79,1857,1.1386,10,0,9,1206,1050
can_tho,mild,TwinGate+T2,3,240.0,narrow,0.1,2024,2160,247,0,18.9695,240.0,10,14,12,4,4,80.0,80,1824,0.6086,10,0,9,1194,1034
can_tho,mild,TwinGate+T2,4,240.0,narrow,0.1,2024,2160,247,0,19.0236,240.0,9,12,12,3,3,60.0,81,1831,0.0,10,0,9,1203,1035
can_tho,mild,TwinGate+T2,5,240.0,narrow,0.1,2024,2160,265,0,20.0688,240.0,8,12,12,4,5,100.0,82,1826,0.0,9,0,8,1200,998
can_tho,mild,TwinGate+T2,6,240.0,narrow,0.1,2024,2160,262,0,19.4538,240.0,9,13,12,4,5,100.0,81,1835,0.4303,10,0,9,1190,1037
can_tho,mild,TwinGate+T2,7,240.0,narrow,0.1,2024,2160,247,0,19.0376,240.0,9,14,12,5,4,80.0,81,1839,0.9622,9,0,8,1184,1017
can_tho,mild,TwinGate+T2,8,240.0,narrow,0.1,2024,2160,238,0,16.3333,240.0,12,17,12,5,2,40.0,78,1831,1.0541,12,0,11,1228,1098
can_tho,mild,TwinGate+T2,9,240.0,narrow,0.1,2024,2160,225,0,16.0805,240.0,11,14,12,3,2,40.0,79,1804,0.6086,12,0,11,1233,1102
can_tho,mild,TwinGate+blindARQ,0,240.0,narrow,0.1,2024,2160,241,0,17.0202,240.0,10,14,12,4,2,40.0,80,1861,0.6086,11,0,10,1228,1078
can_tho,mild,TwinGate+blindARQ,1,240.0,narrow,0.1,2024,2160,243,0,17.519,240.0,11,14,12,3,1,20.0,79,1864,0.9619,12,0,11,1214,1086
can_tho,mild,TwinGate+blindARQ,2,240.0,narrow,0.1,2024,2160,583,0,65.3524,240.0,5,16,12,11,7,140.0,85,1857,0.7661,6,0,5,1458,1202
can_tho,mild,TwinGate+blindARQ,3,240.0,narrow,0.1,2024,2160,360,0,32.7513,240.0,7,15,12,8,5,100.0,83,1824,0.7454,8,0,7,1248,1032
can_tho,mild,TwinGate+blindARQ,4,240.0,narrow,0.1,2024,2160,247,0,19.0236,240.0,9,12,12,3,3,60.0,81,1831,0.0,10,0,9,1203,1035
can_tho,mild,TwinGate+blindARQ,5,240.0,narrow,0.1,2024,2160,316,0,27.469,240.0,7,16,12,9,5,100.0,83,1826,0.8607,8,0,7,1204,1001
can_tho,mild,TwinGate+blindARQ,6,240.0,narrow,0.1,2024,2160,531,0,56.9241,240.0,6,12,12,6,6,120.0,84,1835,0.0,7,0,6,1413,1171
can_tho,mild,TwinGate+blindARQ,7,240.0,narrow,0.1,2024,2160,270,0,21.9683,240.0,8,15,12,7,4,80.0,82,1839,1.0541,9,0,8,1143,981
can_tho,mild,TwinGate+blindARQ,8,240.0,narrow,0.1,2024,2160,248,0,19.1105,240.0,10,21,12,11,2,40.0,80,1831,1.3697,11,0,10,1202,1057
can_tho,mild,TwinGate+blindARQ,9,240.0,narrow,0.1,2024,2160,243,0,17.6905,240.0,10,19,12,9,2,40.0,80,1804,1.1386,11,0,10,1208,1037
can_tho,mild,Reactive+T2,0,240.0,narrow,0.1,2024,2160,600,0,66.5025,240.0,4,4,4,0,0,0.0,0,1861,0.0,2,0,1,1343,1031
can_tho,mild,Reactive+T2,1,240.0,narrow,0.1,2024,2160,600,0,66.5025,240.0,4,5,4,1,1,60.0,0,1864,0.0015,2,0,1,1343,1031
can_tho,mild,Reactive+T2,2,240.0,narrow,0.1,2024,2160,749,0,88.3602,240.0,3,4,4,1,2,120.0,0,1857,0.0,2,0,1,1515,1186
can_tho,mild,Reactive+T2,3,240.0,narrow,0.1,2024,2160,749,0,88.3602,240.0,3,4,4,1,2,120.0,0,1824,0.0,2,0,1,1515,1186
can_tho,mild,Reactive+T2,4,240.0,narrow,0.1,2024,2160,749,0,88.3602,240.0,3,4,4,1,1,60.0,0,1831,0.0,2,0,1,1515,1186
can_tho,mild,Reactive+T2,5,240.0,narrow,0.1,2024,2160,749,0,88.3602,240.0,3,4,4,1,1,60.0,0,1826,0.0,2,0,1,1515,1186
can_tho,mild,Reactive+T2,6,240.0,narrow,0.1,2024,2160,749,0,88.3602,240.0,3,5,4,2,3,180.0,0,1835,0.8302,2,0,1,1515,1187
can_tho,mild,Reactive+T2,7,240.0,narrow,0.1,2024,2160,600,0,66.5025,240.0,4,6,4,2,2,120.0,0,1839,0.9512,2,0,1,1344,1032
can_tho,mild,Reactive+T2,8,240.0,narrow,0.1,2024,2160,578,0,63.5488,240.0,5,7,4,2,0,0.0,0,1831,1.5308,3,0,2,1335,1034
can_tho,mild,Reactive+T2,9,240.0,narrow,0.1,2024,2160,600,0,66.5025,240.0,4,6,4,2,0,0.0,0,1804,0.9512,2,0,1,1344,1032
can_tho,mild,Reactive+blindARQ,0,240.0,narrow,0.1,2024,2160,600,0,66.5025,240.0,4,4,4,0,0,0.0,0,1861,0.0,2,0,1,1343,1031
can_tho,mild,Reactive+blindARQ,1,240.0,narrow,0.1,2024,2160,749,0,88.2949,240.0,3,5,4,2,1,60.0,0,1864,0.0015,2,0,1,1514,1185
can_tho,mild,Reactive+blindARQ,2,240.0,narrow,0.1,2024,2160,939,0,112.8283,240.0,2,4,4,2,2,120.0,0,1857,0.0,1,0,0,1690,1321
can_tho,mild,Reactive+blindARQ,3,240.0,narrow,0.1,2024,2160,939,0,112.8283,240.0,2,4,4,2,2,120.0,0,1824,0.0,1,0,0,1690,1321
can_tho,mild,Reactive+blindARQ,4,240.0,narrow,0.1,2024,2160,749,0,88.3602,240.0,3,4,4,1,1,60.0,0,1831,0.0,2,0,1,1515,1186
can_tho,mild,Reactive+blindARQ,5,240.0,narrow,0.1,2024,2160,749,0,88.3602,240.0,3,4,4,1,1,60.0,0,1826,0.0,2,0,1,1515,1186
can_tho,mild,Reactive+blindARQ,6,240.0,narrow,0.1,2024,2160,1105,0,134.4069,240.0,1,7,4,6,3,180.0,0,1835,0.8302,1,0,0,1835,1455
can_tho,mild,Reactive+blindARQ,7,240.0,narrow,0.1,2024,2160,939,0,112.8325,240.0,2,5,4,3,2,120.0,0,1839,0.0002,1,0,0,1690,1321
can_tho,mild,Reactive+blindARQ,8,240.0,narrow,0.1,2024,2160,600,0,66.494,240.0,4,7,4,3,0,0.0,0,1831,1.5308,2,0,1,1343,1034
can_tho,mild,Reactive+blindARQ,9,240.0,narrow,0.1,2024,2160,749,0,88.3251,240.0,3,7,4,4,1,60.0,0,1804,0.9507,2,0,1,1515,1187
can_tho,mild,FixedSchedule,0,240.0,narrow,0.1,2024,2160,891,0,106.2957,240.0,4,4,4,0,0,0.0,0,1861,0.0,1,0,0,1644,1249
can_tho,mild,FixedSchedule,1,240.0,narrow,0.1,2024,2160,1029,0,123.1828,240.0,3,4,4,1,1,60.0,0,1864,0.0,1,0,0,1761,1367
can_tho,mild,FixedSchedule,2,240.0,narrow,0.1,2024,2160,1133,0,140.3169,240.0,2,4,4,2,2,120.0,0,1857,0.0,1,0,0,1881,1487
can_tho,mild,FixedSchedule,3,240.0,narrow,0.1,2024,2160,1133,0,140.3169,240.0,2,4,4,2,2,120.0,0,1824,0.0,1,0,0,1881,1487
can_tho,mild,FixedSchedule,4,240.0,narrow,0.1,2024,2160,1029,0,123.1954,240.0,3,6,4,3,1,60.0,0,1831,0.8443,1,0,0,1761,1367
can_tho,mild,FixedSchedule,5,240.0,narrow,0.1,2024,2160,1029,0,123.1954,240.0,3,4,4,1,1,60.0,0,1826,0.0,1,0,0,1761,1367
can_tho,mild,FixedSchedule,6,240.0,narrow,0.1,2024,2160,1248,0,155.2258,240.0,1,4,4,3,3,180.0,0,1835,0.0,1,0,0,1978,1584
can_tho,mild,FixedSchedule,7,240.0,narrow,0.1,2024,2160,1133,0,140.3169,240.0,2,7,4,5,2,120.0,0,1839,0.597,1,0,0,1881,1487
can_tho,mild,FixedSchedule,8,240.0,narrow,0.1,2024,2160,891,0,106.2957,240.0,4,4,4,0,0,0.0,0,1831,0.0,1,0,0,1644,1249
can_tho,mild,FixedSchedule,9,240.0,narrow,0.1,2024,2160,1029,0,123.1954,240.0,3,4,4,1,1,60.0,0,1804,0.0,1,0,0,1761,1367
can_tho,mild,Oracle,0,240.0,narrow,0.1,2024,2160,0,0,0.0,200.0,10,12,10,2,1,20.0,0,1861,0.7453,11,10,0,1811,1470
can_tho,mild,Oracle,1,240.0,narrow,0.1,2024,2160,0,0,0.0,200.0,10,11,10,1,1,20.0,0,1864,0.4303,11,10,0,1810,1470
can_tho,mild,Oracle,2,240.0,narrow,0.1,2024,2160,0,0,0.0,200.0,10,13,10,3,5,100.0,0,1857,0.8606,11,10,0,1812,1470
can_tho,mild,Oracle,3,240.0,narrow,0.1,2024,2160,0,0,0.0,200.0,10,14,10,4,4,80.0,0,1824,0.8607,11,10,0,1813,1470
can_tho,mild,Oracle,4,240.0,narrow,0.1,2024,2160,0,0,0.0,200.0,10,14,10,4,2,40.0,0,1831,0.8607,11,10,0,1813,1470
can_tho,mild,Oracle,5,240.0,narrow,0.1,2024,2160,0,0,0.0,200.0,10,21,10,11,1,20.0,0,1826,1.4272,11,10,0,1820,1470
can_tho,mild,Oracle,6,240.0,narrow,0.1,2024,2160,0,0,0.0,200.0,10,12,10,2,5,100.0,0,1835,0.6086,11,10,0,1811,1470
can_tho,mild,Oracle,7,240.0,narrow,0.1,2024,2160,0,0,0.0,200.0,10,14,10,4,3,60.0,0,1839,1.387,11,10,0,1813,1470
can_tho,mild,Oracle,8,240.0,narrow,0.1,2024,2160,0,0,0.0,200.0,10,10,10,0,1,20.0,0,1831,0.0,11,10,0,1809,1470
can_tho,mild,Oracle,9,240.0,narrow,0.1,2024,2160,0,0,0.0,200.0,10,14,10,4,2,40.0,0,1804,1.1385,11,10,0,1813,1470
can_tho,mild,TwinGate+T2+centre,0,240.0,narrow,0.1,2024,2160,224,0,16.0065,240.0,11,14,12,3,2,40.0,79,1861,0.6086,11,0,10,1232,1076
can_tho,mild,TwinGate+T2+centre,1,240.0,narrow,0.1,2024,2160,243,0,17.519,240.0,11,14,12,3,1,20.0,79,1864,0.9619,12,0,11,1214,1086
can_tho,mild,TwinGate+T2+centre,2,240.0,narrow,0.1,2024,2160,242,0,17.3011,240.0,11,19,12,8,4,80.0,79,1857,1.1386,10,0,9,1206,1050
can_tho,mild,TwinGate+T2+centre,3,240.0,narrow,0.1,2024,2160,247,0,18.9695,240.0,10,14,12,4,4,80.0,80,1824,0.6086,10,0,9,1194,1034
can_tho,mild,TwinGate+T2+centre,4,240.0,narrow,0.1,2024,2160,247,0,19.0236,240.0,9,12,12,3,3,60.0,81,1831,0.0,10,0,9,1203,1035
can_tho,mild,TwinGate+T2+centre,5,240.0,narrow,0.1,2024,2160,265,0,20.0688,240.0,8,12,12,4,5,100.0,82,1826,0.0,9,0,8,1200,998
can_tho,mild,TwinGate+T2+centre,6,240.0,narrow,0.1,2024,2160,262,0,19.4538,240.0,9,13,12,4,5,100.0,81,1835,0.4303,10,0,9,1190,1037
can_tho,mild,TwinGate+T2+centre,7,240.0,narrow,0.1,2024,2160,247,0,19.0376,240.0,9,14,12,5,4,80.0,81,1839,0.9622,9,0,8,1184,1017
can_tho,mild,TwinGate+T2+centre,8,240.0,narrow,0.1,2024,2160,238,0,16.3333,240.0,12,17,12,5,2,40.0,78,1831,1.0541,12,0,11,1228,1098
can_tho,mild,TwinGate+T2+centre,9,240.0,narrow,0.1,2024,2160,225,0,16.0805,240.0,11,14,12,3,2,40.0,79,1804,0.6086,12,0,11,1233,1102
can_tho,mild,TwinGate+T2,0,320.0,awd,0.02,2024,2160,0,0,0.0,240.0,17,25,12,8,0,0.0,73,1861,1.5516,12,9,3,1018,1307
can_tho,mild,TwinGate+T2,1,320.0,awd,0.02,2024,2160,0,0,0.0,240.0,12,14,12,2,1,20.0,78,1864,0.6086,12,10,1,1584,1289
can_tho,mild,TwinGate+T2,2,320.0,awd,0.02,2024,2160,0,0,0.0,280.0,10,15,14,5,7,140.0,80,1857,0.4303,10,10,0,968,1241
can_tho,mild,TwinGate+T2,3,320.0,awd,0.02,2024,2160,10,0,0.1002,300.0,13,21,13,8,6,140.0,77,1824,1.2172,9,9,0,904,1151
can_tho,mild,TwinGate+T2,4,320.0,awd,0.02,2024,2160,0,0,0.0,260.0,10,14,13,4,4,80.0,80,1831,0.4303,10,10,0,893,1179
can_tho,mild,TwinGate+T2,5,320.0,awd,0.02,2024,2160,0,0,0.0,280.0,12,21,14,9,6,120.0,78,1826,1.3606,9,8,1,889,1124
can_tho,mild,TwinGate+T2,6,320.0,awd,0.02,2024,2160,0,0,0.0,260.0,9,15,13,6,7,140.0,81,1835,0.9622,9,8,0,1397,1085
can_tho,mild,TwinGate+T2,7,320.0,awd,0.02,2024,2160,0,0,0.0,260.0,9,15,13,6,5,100.0,81,1839,0.6086,9,9,0,867,1091
can_tho,mild,TwinGate+T2,8,320.0,awd,0.02,2024,2160,0,0,0.0,240.0,10,13,12,3,2,40.0,80,1831,0.4303,11,10,0,1571,1275
can_tho,mild,TwinGate+T2,9,320.0,awd,0.02,2024,2160,0,0,0.0,240.0,13,17,12,4,2,40.0,77,1804,1.666,11,9,2,992,1267
can_tho,mild,TwinGate+blindARQ,0,320.0,awd,0.02,2024,2160,0,0,0.0,240.0,10,15,12,5,2,40.0,80,1861,0.7454,11,10,0,1540,1284
can_tho,mild,TwinGate+blindARQ,1,320.0,awd,0.02,2024,2160,0,0,0.0,240.0,11,19,12,8,1,20.0,79,1864,1.7613,12,10,1,1610,1302
can_tho,mild,TwinGate+blindARQ,2,320.0,awd,0.02,2024,2160,0,0,0.0,320.0,8,20,16,12,8,160.0,82,1857,0.8607,9,8,0,1393,1103
can_tho,mild,TwinGate+blindARQ,3,320.0,awd,0.02,2024,2160,0,0,0.0,260.0,7,19,13,12,6,120.0,83,1824,1.0541,8,7,0,1387,1059
can_tho,mild,TwinGate+blindARQ,4,320.0,awd,0.02,2024,2160,0,0,0.0,260.0,9,14,13,5,4,80.0,81,1831,0.4303,10,9,0,1439,1136
can_tho,mild,TwinGate+blindARQ,5,320.0,awd,0.02,2024,2160,0,0,0.0,300.0,8,29,15,21,7,140.0,82,1826,1.3637,9,8,0,1327,992
can_tho,mild,TwinGate+blindARQ,6,320.0,awd,0.02,2024,2160,0,0,0.0,320.0,7,20,16,13,9,180.0,83,1835,0.4303,8,7,0,1293,960
can_tho,mild,TwinGate+blindARQ,7,320.0,awd,0.02,2024,2160,0,0,0.0,260.0,8,15,13,7,5,100.0,82,1839,0.6086,9,8,0,1414,1076
can_tho,mild,TwinGate+blindARQ,8,320.0,awd,0.02,2024,2160,0,0,0.0,240.0,10,13,12,3,2,40.0,80,1831,0.4303,11,10,0,1571,1275
can_tho,mild,TwinGate+blindARQ,9,320.0,awd,0.02,2024,2160,0,0,0.0,240.0,10,24,12,14,2,40.0,80,1804,2.2666,11,10,0,1560,1317
can_tho,mild,Reactive+T2,0,320.0,awd,0.02,2024,2160,363,0,33.8241,320.0,7,8,6,1,0,0.0,0,1861,0.6086,3,0,2,1141,874
can_tho,mild,Reactive+T2,1,320.0,awd,0.02,2024,2160,366,0,34.8569,320.0,6,7,6,1,1,60.0,0,1864,0.0015,3,0,2,1135,853
can_tho,mild,Reactive+T2,2,320.0,awd,0.02,2024,2160,529,0,56.0531,320.0,5,6,6,1,3,140.0,0,1857,0.0,2,0,1,1268,970
can_tho,mild,Reactive+T2,3,320.0,awd,0.02,2024,2160,527,0,55.4315,320.0,6,8,6,2,2,120.0,0,1824,0.6086,3,0,2,1277,991
can_tho,mild,Reactive+T2,4,320.0,awd,0.02,2024,2160,484,0,50.1276,320.0,7,10,6,3,1,60.0,0,1831,1.8937,3,0,2,1263,971
can_tho,mild,Reactive+T2,5,320.0,awd,0.02,2024,2160,527,0,55.4315,320.0,6,8,6,2,1,60.0,0,1826,0.6086,3,0,2,1277,991
can_tho,mild,Reactive+T2,6,320.0,awd,0.02,2024,2160,529,0,56.0531,320.0,5,7,6,2,3,180.0,0,1835,0.8302,2,0,1,1268,971
can_tho,mild,Reactive+T2,7,320.0,awd,0.02,2024,2160,366,0,34.8569,320.0,6,8,6,2,2,120.0,0,1839,0.9512,3,0,2,1136,854
can_tho,mild,Reactive+T2,8,320.0,awd,0.02,2024,2160,507,0,53.0412,320.0,6,9,6,3,1,60.0,0,1831,1.5308,3,0,2,1261,971
can_tho,mild,Reactive+T2,9,320.0,awd,0.02,2024,2160,366,0,34.8513,320.0,6,9,6,3,0,0.0,0,1804,1.0441,3,0,2,1137,855
can_tho,mild,Reactive+blindARQ,0,320.0,awd,0.02,2024,2160,366,0,34.8461,320.0,6,8,6,2,0,0.0,0,1861,0.6086,3,0,2,1137,855
can_tho,mild,Reactive+blindARQ,1,320.0,awd,0.02,2024,2160,529,0,56.0531,320.0,5,7,6,2,1,60.0,0,1864,0.0015,2,0,1,1268,969
can_tho,mild,Reactive+blindARQ,2,320.0,awd,0.02,2024,2160,674,0,77.5067,320.0,4,6,6,2,3,140.0,0,1857,0.0,2,0,1,1437,1127
can_tho,mild,Reactive+blindARQ,3,320.0,awd,0.02,2024,2160,674,0,77.5067,320.0,4,6,6,2,3,140.0,0,1824,0.0,2,0,1,1437,1127
can_tho,mild,Reactive+blindARQ,4,320.0,awd,0.02,2024,2160,529,0,56.0414,320.0,5,9,6,4,1,60.0,0,1831,1.5568,2,0,1,1267,972
can_tho,mild,Reactive+blindARQ,5,320.0,awd,0.02,2024,2160,529,0,56.052,320.0,5,9,6,4,1,60.0,0,1826,0.7454,2,0,1,1268,973
can_tho,mild,Reactive+blindARQ,6,320.0,awd,0.02,2024,2160,860,0,101.3944,320.0,3,9,6,6,3,180.0,0,1835,0.8302,2,0,1,1610,1284
can_tho,mild,Reactive+blindARQ,7,320.0,awd,0.02,2024,2160,674,0,77.4781,320.0,4,8,6,4,2,120.0,0,1839,0.951,2,0,1,1438,1128
can_tho,mild,Reactive+blindARQ,8,320.0,awd,0.02,2024,2160,529,0,56.0414,320.0,5,9,6,4,1,60.0,0,1831,1.5308,2,0,1,1267,972
can_tho,mild,Reactive+blindARQ,9,320.0,awd,0.02,2024,2160,529,0,56.0531,320.0,5,9,6,4,1,60.0,0,1804,0.9507,2,0,1,1269,971
can_tho,mild,FixedSchedule,0,320.0,awd,0.02,2024,2160,674,0,77.5067,320.0,6,6,6,0,0,0.0,0,1861,0.0,1,0,0,1426,1066
can_tho,mild,FixedSchedule,1,320.0,awd,0.02,2024,2160,817,0,95.2777,320.0,5,7,6,2,1,60.0,0,1864,5.4732,1,0,0,1558,1187
can_tho,mild,FixedSchedule,2,320.0,awd,0.02,2024,2160,937,0,112.0677,320.0,4,6,6,2,3,140.0,0,1857,0.0,2,0,1,1698,1329
can_tho,mild,FixedSchedule,3,320.0,awd,0.02,2024,2160,937,0,112.0677,320.0,4,6,6,2,3,140.0,0,1824,0.0,2,0,1,1698,1329
can_tho,mild,FixedSchedule,4,320.0,awd,0.02,2024,2160,817,0,95.2805,320.0,5,8,6,3,1,60.0,0,1831,0.8443,1,0,0,1558,1186
can_tho,mild,FixedSchedule,5,320.0,awd,0.02,2024,2160,817,0,95.2805,320.0,5,6,6,1,2,80.0,0,1826,0.0,1,0,0,1558,1186
can_tho,mild,FixedSchedule,6,320.0,awd,0.02,2024,2160,1060,0,128.7344,320.0,3,6,6,3,3,180.0,0,1835,0.0,2,0,1,1800,1446
can_tho,mild,FixedSchedule,7,320.0,awd,0.02,2024,2160,937,0,112.0657,320.0,4,13,6,9,2,120.0,0,1839,6.3186,2,0,1,1702,1332
can_tho,mild,FixedSchedule,8,320.0,awd,0.02,2024,2160,817,0,95.2805,320.0,5,7,6,2,1,60.0,0,1831,0.0,1,0,0,1558,1186
can_tho,mild,FixedSchedule,9,320.0,awd,0.02,2024,2160,817,0,95.2805,320.0,5,6,6,1,1,60.0,0,1804,0.0,1,0,0,1558,1186
can_tho,mild,Oracle,0,320.0,awd,0.02,2024,2160,0,0,0.0,260.0,10,14,10,4,1,40.0,0,1861,1.6101,10,9,1,991,1188
can_tho,mild,Oracle,1,320.0,awd,0.02,2024,2160,0,0,0.0,260.0,10,10,10,0,1,20.0,0,1864,0.0,10,9,1,987,1185
can_tho,mild,Oracle,2,320.0,awd,0.02,2024,2160,0,0,0.0,260.0,10,13,10,3,5,140.0,0,1857,1.0541,10,9,1,990,1186
can_tho,mild,Oracle,3,320.0,awd,0.02,2024,2160,0,0,0.0,260.0,10,20,10,10,4,100.0,0,1824,2.396,10,9,1,997,1192
can_tho,mild,Oracle,4,320.0,awd,0.02,2024,2160,0,0,0.0,260.0,10,14,10,4,2,60.0,0,1831,0.8607,10,9,1,991,1185
can_tho,mild,Oracle,5,320.0,awd,0.02,2024,2160,0,0,0.0,260.0,10,20,10,10,2,60.0,0,1826,1.3608,10,9,1,997,1185
can_tho,mild,Oracle,6,320.0,awd,0.02,2024,2160,0,0,0.0,260.0,10,12,10,2,5,140.0,0,1835,0.6086,10,9,1,989,1185
can_tho,mild,Oracle,7,320.0,awd,0.02,2024,2160,0,0,0.0,260.0,10,14,10,4,3,80.0,0,1839,1.387,10,9,1,991,1185
can_tho,mild,Oracle,8,320.0,awd,0.02,2024,2160,0,0,0.0,260.0,10,10,10,0,1,20.0,0,1831,0.0,10,9,1,987,1185
can_tho,mild,Oracle,9,320.0,awd,0.02,2024,2160,0,0,0.0,260.0,10,18,10,8,2,60.0,0,1804,2.2106,10,9,1,995,1189
can_tho,mild,TwinGate+T2+centre,0,320.0,awd,0.02,2024,2160,0,0,0.0,320.0,16,21,16,5,3,60.0,74,1861,0.9623,10,0,9,828,680
can_tho,mild,TwinGate+T2+centre,1,320.0,awd,0.02,2024,2160,0,0,0.0,320.0,16,23,16,7,3,60.0,74,1864,1.1386,9,0,8,820,641
can_tho,mild,TwinGate+T2+centre,2,320.0,awd,0.02,2024,2160,0,0,0.0,320.0,11,17,16,6,8,160.0,79,1857,0.4303,8,0,7,802,568
can_tho,mild,TwinGate+T2+centre,3,320.0,awd,0.02,2024,2160,0,0,0.0,320.0,12,17,16,5,8,160.0,78,1824,0.4303,9,0,8,814,588
can_tho,mild,TwinGate+T2+centre,4,320.0,awd,0.02,2024,2160,0,0,0.0,320.0,15,23,16,8,5,100.0,75,1831,1.3608,9,0,8,824,622
can_tho,mild,TwinGate+T2+centre,5,320.0,awd,0.02,2024,2160,0,0,0.0,320.0,15,24,16,9,5,100.0,75,1826,1.4272,13,0,12,884,695
can_tho,mild,TwinGate+T2+centre,6,320.0,awd,0.02,2024,2160,0,0,0.0,320.0,12,20,16,8,7,140.0,78,1835,0.8607,9,0,8,815,604
can_tho,mild,TwinGate+T2+centre,7,320.0,awd,0.02,2024,2160,0,0,0.0,320.0,12,20,16,8,6,120.0,78,1839,0.9622,8,0,7,822,600
can_tho,mild,TwinGate+T2+centre,8,320.0,awd,0.02,2024,2160,0,0,0.0,320.0,16,20,16,4,2,40.0,74,1831,1.1385,11,0,10,803,701
can_tho,mild,TwinGate+T2+centre,9,320.0,awd,0.02,2024,2160,0,0,0.0,320.0,14,20,16,6,3,60.0,76,1804,1.427,9,0,8,821,635
can_tho,mild,TwinGate+T2,0,320.0,mid,0.05,2024,2160,0,0,0.0,280.0,16,23,14,7,1,20.0,74,1861,1.291,14,0,13,1283,1169
can_tho,mild,TwinGate+T2,1,320.0,mid,0.05,2024,2160,0,0,0.0,320.0,13,16,16,3,4,80.0,77,1864,0.0,13,0,13,562,968
can_tho,mild,TwinGate+T2,2,320.0,mid,0.05,2024,2160,0,0,0.0,300.0,10,15,15,5,8,160.0,80,1857,0.0,11,0,10,1145,901
can_tho,mild,TwinGate+T2,3,320.0,mid,0.05,2024,2160,0,0,0.0,300.0,11,17,15,6,7,140.0,79,1824,0.6086,11,1,9,1137,863
can_tho,mild,TwinGate+T2,4,320.0,mid,0.05,2024,2160,0,0,0.0,300.0,13,19,15,6,5,100.0,77,1831,0.8607,13,0,12,1167,950
can_tho,mild,TwinGate+T2,5,320.0,mid,0.05,2024,2160,0,0,0.0,300.0,13,20,15,7,5,100.0,77,1826,0.9623,13,0,12,1196,979
can_tho,mild,TwinGate+T2,6,320.0,mid,0.05,2024,2160,0,0,0.0,320.0,10,16,16,6,9,180.0,80,1835,0.0,10,0,10,426,760
can_tho,mild,TwinGate+T2,7,320.0,mid,0.05,2024,2160,0,0,0.0,320.0,10,16,16,6,6,120.0,80,1839,0.0,10,0,10,426,760
can_tho,mild,TwinGate+T2,8,320.0,mid,0.05,2024,2160,0,0,0.0,300.0,13,18,15,5,2,40.0,77,1831,0.7454,14,0,13,1190,1010
can_tho,mild,TwinGate+T2,9,320.0,mid,0.05,2024,2160,0,0,0.0,300.0,15,22,15,7,3,60.0,75,1804,1.1386,14,0,14,585,1007
can_tho,mild,TwinGate+blindARQ,0,320.0,mid,0.05,2024,2160,0,0,0.0,300.0,12,23,15,11,3,60.0,78,1861,1.291,13,0,12,1119,931
can_tho,mild,TwinGate+blindARQ,1,320.0,mid,0.05,2024,2160,0,0,0.0,320.0,12,16,16,4,4,80.0,78,1864,0.0,13,0,12,1190,1045
can_tho,mild,TwinGate+blindARQ,2,320.0,mid,0.05,2024,2160,214,0,13.3489,320.0,8,20,16,12,8,160.0,82,1857,0.7454,9,0,8,1285,1087
can_tho,mild,TwinGate+blindARQ,3,320.0,mid,0.05,2024,2160,0,0,0.0,320.0,8,17,16,9,8,160.0,82,1824,0.4303,9,0,8,1093,857
can_tho,mild,TwinGate+blindARQ,4,320.0,mid,0.05,2024,2160,0,0,0.0,320.0,11,24,16,13,5,100.0,79,1831,1.1522,12,0,11,1104,872
can_tho,mild,TwinGate+blindARQ,5,320.0,mid,0.05,2024,2160,5,0,0.0347,320.0,9,21,16,12,7,140.0,81,1826,0.9623,10,0,9,1139,955
can_tho,mild,TwinGate+blindARQ,6,320.0,mid,0.05,2024,2160,176,0,10.8595,320.0,7,19,16,12,9,180.0,83,1835,0.7454,8,0,7,1204,981
can_tho,mild,TwinGate+blindARQ,7,320.0,mid,0.05,2024,2160,0,0,0.0,320.0,10,16,16,6,6,120.0,80,1839,0.0,10,0,10,426,760
can_tho,mild,TwinGate+blindARQ,8,320.0,mid,0.05,2024,2160,0,0,0.0,300.0,13,18,15,5,2,40.0,77,1831,0.7454,14,0,13,1190,1010
can_tho,mild,TwinGate+blindARQ,9,320.0,mid,0.05,2024,2160,0,0,0.0,300.0,12,29,15,17,3,60.0,78,1804,2.0636,13,0,12,1172,998
can_tho,mild,Reactive+T2,0,320.0,mid,0.05,2024,2160,363,0,33.8241,320.0,7,8,6,1,0,0.0,0,1861,0.6086,3,0,2,1141,874
can_tho,mild,Reactive+T2,1,320.0,mid,0.05,2024,2160,366,0,34.8569,320.0,6,7,6,1,1,60.0,0,1864,0.0015,3,0,2,1135,853
can_tho,mild,Reactive+T2,2,320.0,mid,0.05,2024,2160,529,0,56.0531,320.0,5,6,6,1,3,140.0,0,1857,0.0,2,0,1,1268,970
can_tho,mild,Reactive+T2,3,320.0,mid,0.05,2024,2160,527,0,55.4315,320.0,6,8,6,2,2,120.0,0,1824,0.6086,3,0,2,1277,991
can_tho,mild,Reactive+T2,4,320.0,mid,0.05,2024,2160,484,0,50.1276,320.0,7,10,6,3,1,60.0,0,1831,1.8937,3,0,2,1263,971
can_tho,mild,Reactive+T2,5,320.0,mid,0.05,2024,2160,527,0,55.4315,320.0,6,8,6,2,1,60.0,0,1826,0.6086,3,0,2,1277,991
can_tho,mild,Reactive+T2,6,320.0,mid,0.05,2024,2160,529,0,56.0531,320.0,5,7,6,2,3,180.0,0,1835,0.8302,2,0,1,1268,971
can_tho,mild,Reactive+T2,7,320.0,mid,0.05,2024,2160,366,0,34.8569,320.0,6,8,6,2,2,120.0,0,1839,0.9512,3,0,2,1136,854
can_tho,mild,Reactive+T2,8,320.0,mid,0.05,2024,2160,507,0,53.0412,320.0,6,9,6,3,1,60.0,0,1831,1.5308,3,0,2,1261,971
can_tho,mild,Reactive+T2,9,320.0,mid,0.05,2024,2160,366,0,34.8513,320.0,6,9,6,3,0,0.0,0,1804,1.0441,3,0,2,1137,855
can_tho,mild,Reactive+blindARQ,0,320.0,mid,0.05,2024,2160,366,0,34.8461,320.0,6,8,6,2,0,0.0,0,1861,0.6086,3,0,2,1137,855
can_tho,mild,Reactive+blindARQ,1,320.0,mid,0.05,2024,2160,529,0,56.0531,320.0,5,7,6,2,1,60.0,0,1864,0.0015,2,0,1,1268,969
can_tho,mild,Reactive+blindARQ,2,320.0,mid,0.05,2024,2160,674,0,77.5067,320.0,4,6,6,2,3,140.0,0,1857,0.0,2,0,1,1437,1127
can_tho,mild,Reactive+blindARQ,3,320.0,mid,0.05,2024,2160,674,0,77.5067,320.0,4,6,6,2,3,140.0,0,1824,0.0,2,0,1,1437,1127
can_tho,mild,Reactive+blindARQ,4,320.0,mid,0.05,2024,2160,529,0,56.0414,320.0,5,9,6,4,1,60.0,0,1831,1.5568,2,0,1,1267,972
can_tho,mild,Reactive+blindARQ,5,320.0,mid,0.05,2024,2160,529,0,56.052,320.0,5,9,6,4,1,60.0,0,1826,0.7454,2,0,1,1268,973
can_tho,mild,Reactive+blindARQ,6,320.0,mid,0.05,2024,2160,860,0,101.3944,320.0,3,9,6,6,3,180.0,0,1835,0.8302,2,0,1,1610,1284
can_tho,mild,Reactive+blindARQ,7,320.0,mid,0.05,2024,2160,674,0,77.4781,320.0,4,8,6,4,2,120.0,0,1839,0.951,2,0,1,1438,1128
can_tho,mild,Reactive+blindARQ,8,320.0,mid,0.05,2024,2160,529,0,56.0414,320.0,5,9,6,4,1,60.0,0,1831,1.5308,2,0,1,1267,972
can_tho,mild,Reactive+blindARQ,9,320.0,mid,0.05,2024,2160,529,0,56.0531,320.0,5,9,6,4,1,60.0,0,1804,0.9507,2,0,1,1269,971
can_tho,mild,FixedSchedule,0,320.0,mid,0.05,2024,2160,674,0,77.5067,320.0,6,6,6,0,0,0.0,0,1861,0.0,1,0,0,1426,1066
can_tho,mild,FixedSchedule,1,320.0,mid,0.05,2024,2160,817,0,95.2777,320.0,5,7,6,2,1,60.0,0,1864,5.4732,1,0,0,1558,1187
can_tho,mild,FixedSchedule,2,320.0,mid,0.05,2024,2160,937,0,112.0677,320.0,4,6,6,2,3,140.0,0,1857,0.0,2,0,1,1698,1329
can_tho,mild,FixedSchedule,3,320.0,mid,0.05,2024,2160,937,0,112.0677,320.0,4,6,6,2,3,140.0,0,1824,0.0,2,0,1,1698,1329
can_tho,mild,FixedSchedule,4,320.0,mid,0.05,2024,2160,817,0,95.2805,320.0,5,8,6,3,1,60.0,0,1831,0.8443,1,0,0,1558,1186
can_tho,mild,FixedSchedule,5,320.0,mid,0.05,2024,2160,817,0,95.2805,320.0,5,6,6,1,2,80.0,0,1826,0.0,1,0,0,1558,1186
can_tho,mild,FixedSchedule,6,320.0,mid,0.05,2024,2160,1060,0,128.7344,320.0,3,6,6,3,3,180.0,0,1835,0.0,2,0,1,1800,1446
can_tho,mild,FixedSchedule,7,320.0,mid,0.05,2024,2160,937,0,112.0657,320.0,4,13,6,9,2,120.0,0,1839,6.3186,2,0,1,1702,1332
can_tho,mild,FixedSchedule,8,320.0,mid,0.05,2024,2160,817,0,95.2805,320.0,5,7,6,2,1,60.0,0,1831,0.0,1,0,0,1558,1186
can_tho,mild,FixedSchedule,9,320.0,mid,0.05,2024,2160,817,0,95.2805,320.0,5,6,6,1,1,60.0,0,1804,0.0,1,0,0,1558,1186
can_tho,mild,Oracle,0,320.0,mid,0.05,2024,2160,0,0,0.0,260.0,10,14,10,4,1,40.0,0,1861,1.6101,10,9,1,991,1188
can_tho,mild,Oracle,1,320.0,mid,0.05,2024,2160,0,0,0.0,260.0,10,10,10,0,1,20.0,0,1864,0.0,10,9,1,987,1185
can_tho,mild,Oracle,2,320.0,mid,0.05,2024,2160,0,0,0.0,260.0,10,13,10,3,5,140.0,0,1857,1.0541,10,9,1,990,1186
can_tho,mild,Oracle,3,320.0,mid,0.05,2024,2160,0,0,0.0,260.0,10,20,10,10,4,100.0,0,1824,2.396,10,9,1,997,1192
can_tho,mild,Oracle,4,320.0,mid,0.05,2024,2160,0,0,0.0,260.0,10,14,10,4,2,60.0,0,1831,0.8607,10,9,1,991,1185
can_tho,mild,Oracle,5,320.0,mid,0.05,2024,2160,0,0,0.0,260.0,10,20,10,10,2,60.0,0,1826,1.3608,10,9,1,997,1185
can_tho,mild,Oracle,6,320.0,mid,0.05,2024,2160,0,0,0.0,260.0,10,12,10,2,5,140.0,0,1835,0.6086,10,9,1,989,1185
can_tho,mild,Oracle,7,320.0,mid,0.05,2024,2160,0,0,0.0,260.0,10,14,10,4,3,80.0,0,1839,1.387,10,9,1,991,1185
can_tho,mild,Oracle,8,320.0,mid,0.05,2024,2160,0,0,0.0,260.0,10,10,10,0,1,20.0,0,1831,0.0,10,9,1,987,1185
can_tho,mild,Oracle,9,320.0,mid,0.05,2024,2160,0,0,0.0,260.0,10,18,10,8,2,60.0,0,1804,2.2106,10,9,1,995,1189
can_tho,mild,TwinGate+T2+centre,0,320.0,mid,0.05,2024,2160,0,0,0.0,320.0,16,21,16,5,3,60.0,74,1861,0.9623,10,0,9,828,680
can_tho,mild,TwinGate+T2+centre,1,320.0,mid,0.05,2024,2160,0,0,0.0,320.0,16,23,16,7,3,60.0,74,1864,1.1386,9,0,8,820,641
can_tho,mild,TwinGate+T2+centre,2,320.0,mid,0.05,2024,2160,0,0,0.0,320.0,11,17,16,6,8,160.0,79,1857,0.4303,8,0,7,802,568
can_tho,mild,TwinGate+T2+centre,3,320.0,mid,0.05,2024,2160,0,0,0.0,320.0,12,17,16,5,8,160.0,78,1824,0.4303,9,0,8,814,588
can_tho,mild,TwinGate+T2+centre,4,320.0,mid,0.05,2024,2160,0,0,0.0,320.0,15,23,16,8,5,100.0,75,1831,1.3608,9,0,8,824,622
can_tho,mild,TwinGate+T2+centre,5,320.0,mid,0.05,2024,2160,0,0,0.0,320.0,15,24,16,9,5,100.0,75,1826,1.4272,13,0,12,884,695
can_tho,mild,TwinGate+T2+centre,6,320.0,mid,0.05,2024,2160,0,0,0.0,320.0,12,20,16,8,7,140.0,78,1835,0.8607,9,0,8,815,604
can_tho,mild,TwinGate+T2+centre,7,320.0,mid,0.05,2024,2160,0,0,0.0,320.0,12,20,16,8,6,120.0,78,1839,0.9622,8,0,7,822,600
can_tho,mild,TwinGate+T2+centre,8,320.0,mid,0.05,2024,2160,0,0,0.0,320.0,16,20,16,4,2,40.0,74,1831,1.1385,11,0,10,803,701
can_tho,mild,TwinGate+T2+centre,9,320.0,mid,0.05,2024,2160,0,0,0.0,320.0,14,20,16,6,3,60.0,76,1804,1.427,9,0,8,821,635
can_tho,mild,TwinGate+T2,0,320.0,narrow,0.1,2024,2160,0,0,0.0,320.0,14,18,16,4,3,60.0,76,1861,0.6086,14,0,13,979,745
can_tho,mild,TwinGate+T2,1,320.0,narrow,0.1,2024,2160,0,0,0.0,320.0,13,18,16,5,4,80.0,77,1864,0.9619,14,0,13,948,743
can_tho,mild,TwinGate+T2,2,320.0,narrow,0.1,2024,2160,0,0,0.0,320.0,14,23,16,9,5,100.0,76,1857,1.1386,13,0,12,951,738
can_tho,mild,TwinGate+T2,3,320.0,narrow,0.1,2024,2160,0,0,0.0,320.0,13,19,16,6,7,140.0,77,1824,0.7454,13,0,12,940,727
can_tho,mild,TwinGate+T2,4,320.0,narrow,0.1,2024,2160,0,0,0.0,320.0,12,16,16,4,5,100.0,78,1831,0.0,13,0,12,949,728
can_tho,mild,TwinGate+T2,5,320.0,narrow,0.1,2024,2160,0,0,0.0,320.0,12,17,16,5,7,140.0,78,1826,0.4303,13,0,12,958,728
can_tho,mild,TwinGate+T2,6,320.0,narrow,0.1,2024,2160,0,0,0.0,320.0,11,17,16,6,8,160.0,79,1835,0.4303,12,0,11,922,714
can_tho,mild,TwinGate+T2,7,320.0,narrow,0.1,2024,2160,0,0,0.0,320.0,11,18,16,7,6,120.0,79,1839,0.9622,11,0,10,914,692
can_tho,mild,TwinGate+T2,8,320.0,narrow,0.1,2024,2160,0,0,0.0,320.0,16,21,16,5,2,40.0,74,1831,1.0541,16,0,15,990,802
can_tho,mild,TwinGate+T2,9,320.0,narrow,0.1,2024,2160,0,0,0.0,320.0,14,18,16,4,3,60.0,76,1804,0.6086,15,0,14,979,770
can_tho,mild,TwinGate+blindARQ,0,320.0,narrow,0.1,2024,2160,0,0,0.0,320.0,13,19,16,6,3,60.0,77,1861,0.7454,14,0,13,972,767
can_tho,mild,TwinGate+blindARQ,1,320.0,narrow,0.1,2024,2160,45,0,0.8917,320.0,12,18,16,6,4,80.0,78,1864,0.9619,13,0,12,1058,913
can_tho,mild,TwinGate+blindARQ,2,320.0,narrow,0.1,2024,2160,271,0,22.1079,320.0,8,21,16,13,8,160.0,82,1857,0.8787,9,0,8,1205,1011
can_tho,mild,TwinGate+blindARQ,3,320.0,narrow,0.1,2024,2160,115,0,4.1697,320.0,8,19,16,11,8,160.0,82,1824,0.7454,9,0,8,1019,775
can_tho,mild,TwinGate+blindARQ,4,320.0,narrow,0.1,2024,2160,0,0,0.0,320.0,11,16,16,5,5,100.0,79,1831,0.0,12,0,11,986,804
can_tho,mild,TwinGate+blindARQ,5,320.0,narrow,0.1,2024,2160,121,0,4.6729,320.0,9,20,16,11,7,140.0,81,1826,0.8607,10,0,9,1054,838
can_tho,mild,TwinGate+blindARQ,6,320.0,narrow,0.1,2024,2160,289,0,23.3833,320.0,7,16,16,9,9,180.0,83,1835,0.0,8,0,7,1186,956
can_tho,mild,TwinGate+blindARQ,7,320.0,narrow,0.1,2024,2160,0,0,0.0,320.0,10,20,16,10,6,120.0,80,1839,1.1385,11,0,10,865,661
can_tho,mild,TwinGate+blindARQ,8,320.0,narrow,0.1,2024,2160,0,0,0.0,320.0,14,25,16,11,2,40.0,76,1831,1.3697,15,0,14,962,780
can_tho,mild,TwinGate+blindARQ,9,320.0,narrow,0.1,2024,2160,0,0,0.0,320.0,13,29,16,16,3,60.0,77,1804,1.8757,14,0,13,960,731
can_tho,mild,Reactive+T2,0,320.0,narrow,0.1,2024,2160,363,0,33.8241,320.0,7,8,6,1,0,0.0,0,1861,0.6086,3,0,2,1141,874
can_tho,mild,Reactive+T2,1,320.0,narrow,0.1,2024,2160,366,0,34.8569,320.0,6,7,6,1,1,60.0,0,1864,0.0015,3,0,2,1135,853
can_tho,mild,Reactive+T2,2,320.0,narrow,0.1,2024,2160,529,0,56.0531,320.0,5,6,6,1,3,140.0,0,1857,0.0,2,0,1,1268,970
can_tho,mild,Reactive+T2,3,320.0,narrow,0.1,2024,2160,527,0,55.4315,320.0,6,8,6,2,2,120.0,0,1824,0.6086,3,0,2,1277,991
can_tho,mild,Reactive+T2,4,320.0,narrow,0.1,2024,2160,484,0,50.1276,320.0,7,10,6,3,1,60.0,0,1831,1.8937,3,0,2,1263,971
can_tho,mild,Reactive+T2,5,320.0,narrow,0.1,2024,2160,527,0,55.4315,320.0,6,8,6,2,1,60.0,0,1826,0.6086,3,0,2,1277,991
can_tho,mild,Reactive+T2,6,320.0,narrow,0.1,2024,2160,529,0,56.0531,320.0,5,7,6,2,3,180.0,0,1835,0.8302,2,0,1,1268,971
can_tho,mild,Reactive+T2,7,320.0,narrow,0.1,2024,2160,366,0,34.8569,320.0,6,8,6,2,2,120.0,0,1839,0.9512,3,0,2,1136,854
can_tho,mild,Reactive+T2,8,320.0,narrow,0.1,2024,2160,507,0,53.0412,320.0,6,9,6,3,1,60.0,0,1831,1.5308,3,0,2,1261,971
can_tho,mild,Reactive+T2,9,320.0,narrow,0.1,2024,2160,366,0,34.8513,320.0,6,9,6,3,0,0.0,0,1804,1.0441,3,0,2,1137,855
can_tho,mild,Reactive+blindARQ,0,320.0,narrow,0.1,2024,2160,366,0,34.8461,320.0,6,8,6,2,0,0.0,0,1861,0.6086,3,0,2,1137,855
can_tho,mild,Reactive+blindARQ,1,320.0,narrow,0.1,2024,2160,529,0,56.0531,320.0,5,7,6,2,1,60.0,0,1864,0.0015,2,0,1,1268,969
can_tho,mild,Reactive+blindARQ,2,320.0,narrow,0.1,2024,2160,674,0,77.5067,320.0,4,6,6,2,3,140.0,0,1857,0.0,2,0,1,1437,1127
can_tho,mild,Reactive+blindARQ,3,320.0,narrow,0.1,2024,2160,674,0,77.5067,320.0,4,6,6,2,3,140.0,0,1824,0.0,2,0,1,1437,1127
can_tho,mild,Reactive+blindARQ,4,320.0,narrow,0.1,2024,2160,529,0,56.0414,320.0,5,9,6,4,1,60.0,0,1831,1.5568,2,0,1,1267,972
can_tho,mild,Reactive+blindARQ,5,320.0,narrow,0.1,2024,2160,529,0,56.052,320.0,5,9,6,4,1,60.0,0,1826,0.7454,2,0,1,1268,973
can_tho,mild,Reactive+blindARQ,6,320.0,narrow,0.1,2024,2160,860,0,101.3944,320.0,3,9,6,6,3,180.0,0,1835,0.8302,2,0,1,1610,1284
can_tho,mild,Reactive+blindARQ,7,320.0,narrow,0.1,2024,2160,674,0,77.4781,320.0,4,8,6,4,2,120.0,0,1839,0.951,2,0,1,1438,1128
can_tho,mild,Reactive+blindARQ,8,320.0,narrow,0.1,2024,2160,529,0,56.0414,320.0,5,9,6,4,1,60.0,0,1831,1.5308,2,0,1,1267,972
can_tho,mild,Reactive+blindARQ,9,320.0,narrow,0.1,2024,2160,529,0,56.0531,320.0,5,9,6,4,1,60.0,0,1804,0.9507,2,0,1,1269,971
can_tho,mild,FixedSchedule,0,320.0,narrow,0.1,2024,2160,674,0,77.5067,320.0,6,6,6,0,0,0.0,0,1861,0.0,1,0,0,1426,1066
can_tho,mild,FixedSchedule,1,320.0,narrow,0.1,2024,2160,817,0,95.2777,320.0,5,7,6,2,1,60.0,0,1864,5.4732,1,0,0,1558,1187
can_tho,mild,FixedSchedule,2,320.0,narrow,0.1,2024,2160,937,0,112.0677,320.0,4,6,6,2,3,140.0,0,1857,0.0,2,0,1,1698,1329
can_tho,mild,FixedSchedule,3,320.0,narrow,0.1,2024,2160,937,0,112.0677,320.0,4,6,6,2,3,140.0,0,1824,0.0,2,0,1,1698,1329
can_tho,mild,FixedSchedule,4,320.0,narrow,0.1,2024,2160,817,0,95.2805,320.0,5,8,6,3,1,60.0,0,1831,0.8443,1,0,0,1558,1186
can_tho,mild,FixedSchedule,5,320.0,narrow,0.1,2024,2160,817,0,95.2805,320.0,5,6,6,1,2,80.0,0,1826,0.0,1,0,0,1558,1186
can_tho,mild,FixedSchedule,6,320.0,narrow,0.1,2024,2160,1060,0,128.7344,320.0,3,6,6,3,3,180.0,0,1835,0.0,2,0,1,1800,1446
can_tho,mild,FixedSchedule,7,320.0,narrow,0.1,2024,2160,937,0,112.0657,320.0,4,13,6,9,2,120.0,0,1839,6.3186,2,0,1,1702,1332
can_tho,mild,FixedSchedule,8,320.0,narrow,0.1,2024,2160,817,0,95.2805,320.0,5,7,6,2,1,60.0,0,1831,0.0,1,0,0,1558,1186
can_tho,mild,FixedSchedule,9,320.0,narrow,0.1,2024,2160,817,0,95.2805,320.0,5,6,6,1,1,60.0,0,1804,0.0,1,0,0,1558,1186
can_tho,mild,Oracle,0,320.0,narrow,0.1,2024,2160,0,0,0.0,260.0,10,14,10,4,1,40.0,0,1861,1.6101,10,9,1,991,1188
can_tho,mild,Oracle,1,320.0,narrow,0.1,2024,2160,0,0,0.0,260.0,10,10,10,0,1,20.0,0,1864,0.0,10,9,1,987,1185
can_tho,mild,Oracle,2,320.0,narrow,0.1,2024,2160,0,0,0.0,260.0,10,13,10,3,5,140.0,0,1857,1.0541,10,9,1,990,1186
can_tho,mild,Oracle,3,320.0,narrow,0.1,2024,2160,0,0,0.0,260.0,10,20,10,10,4,100.0,0,1824,2.396,10,9,1,997,1192
can_tho,mild,Oracle,4,320.0,narrow,0.1,2024,2160,0,0,0.0,260.0,10,14,10,4,2,60.0,0,1831,0.8607,10,9,1,991,1185
can_tho,mild,Oracle,5,320.0,narrow,0.1,2024,2160,0,0,0.0,260.0,10,20,10,10,2,60.0,0,1826,1.3608,10,9,1,997,1185
can_tho,mild,Oracle,6,320.0,narrow,0.1,2024,2160,0,0,0.0,260.0,10,12,10,2,5,140.0,0,1835,0.6086,10,9,1,989,1185
can_tho,mild,Oracle,7,320.0,narrow,0.1,2024,2160,0,0,0.0,260.0,10,14,10,4,3,80.0,0,1839,1.387,10,9,1,991,1185
can_tho,mild,Oracle,8,320.0,narrow,0.1,2024,2160,0,0,0.0,260.0,10,10,10,0,1,20.0,0,1831,0.0,10,9,1,987,1185
can_tho,mild,Oracle,9,320.0,narrow,0.1,2024,2160,0,0,0.0,260.0,10,18,10,8,2,60.0,0,1804,2.2106,10,9,1,995,1189
can_tho,mild,TwinGate+T2+centre,0,320.0,narrow,0.1,2024,2160,0,0,0.0,320.0,14,18,16,4,3,60.0,76,1861,0.6086,14,0,13,979,745
can_tho,mild,TwinGate+T2+centre,1,320.0,narrow,0.1,2024,2160,0,0,0.0,320.0,13,18,16,5,4,80.0,77,1864,0.9619,14,0,13,948,743
can_tho,mild,TwinGate+T2+centre,2,320.0,narrow,0.1,2024,2160,0,0,0.0,320.0,14,23,16,9,5,100.0,76,1857,1.1386,13,0,12,951,738
can_tho,mild,TwinGate+T2+centre,3,320.0,narrow,0.1,2024,2160,0,0,0.0,320.0,13,19,16,6,7,140.0,77,1824,0.7454,13,0,12,940,727
can_tho,mild,TwinGate+T2+centre,4,320.0,narrow,0.1,2024,2160,0,0,0.0,320.0,12,16,16,4,5,100.0,78,1831,0.0,13,0,12,949,728
can_tho,mild,TwinGate+T2+centre,5,320.0,narrow,0.1,2024,2160,0,0,0.0,320.0,12,17,16,5,7,140.0,78,1826,0.4303,13,0,12,958,728
can_tho,mild,TwinGate+T2+centre,6,320.0,narrow,0.1,2024,2160,0,0,0.0,320.0,11,17,16,6,8,160.0,79,1835,0.4303,12,0,11,922,714
can_tho,mild,TwinGate+T2+centre,7,320.0,narrow,0.1,2024,2160,0,0,0.0,320.0,11,18,16,7,6,120.0,79,1839,0.9622,11,0,10,914,692
can_tho,mild,TwinGate+T2+centre,8,320.0,narrow,0.1,2024,2160,0,0,0.0,320.0,16,21,16,5,2,40.0,74,1831,1.0541,16,0,15,990,802
can_tho,mild,TwinGate+T2+centre,9,320.0,narrow,0.1,2024,2160,0,0,0.0,320.0,14,18,16,4,3,60.0,76,1804,0.6086,15,0,14,979,770
can_tho,mild,TwinGate+T2,0,400.0,awd,0.02,2024,2160,0,0,0.0,320.0,16,22,16,6,3,60.0,74,1861,1.0541,10,3,7,436,781
can_tho,mild,TwinGate+T2,1,400.0,awd,0.02,2024,2160,0,0,0.0,320.0,16,21,16,5,4,80.0,74,1864,1.0541,11,3,8,417,758
can_tho,mild,TwinGate+T2,2,400.0,awd,0.02,2024,2160,0,0,0.0,320.0,11,16,16,5,8,160.0,79,1857,0.0,9,3,6,404,685
can_tho,mild,TwinGate+T2,3,400.0,awd,0.02,2024,2160,0,0,0.0,320.0,14,21,16,7,6,120.0,76,1824,0.9623,11,3,8,420,737
can_tho,mild,TwinGate+T2,4,400.0,awd,0.02,2024,2160,0,0,0.0,320.0,15,23,16,8,5,100.0,75,1831,1.3608,10,4,6,439,748
can_tho,mild,TwinGate+T2,5,400.0,awd,0.02,2024,2160,0,0,0.0,340.0,13,21,17,8,7,140.0,77,1826,0.9621,8,3,5,393,682
can_tho,mild,TwinGate+T2,6,400.0,awd,0.02,2024,2160,0,0,0.0,340.0,10,17,17,7,10,200.0,80,1835,0.0,9,3,6,375,672
can_tho,mild,TwinGate+T2,7,400.0,awd,0.02,2024,2160,0,0,0.0,340.0,14,22,17,8,7,140.0,76,1839,1.054,10,3,7,413,732
can_tho,mild,TwinGate+T2,8,400.0,awd,0.02,2024,2160,0,0,0.0,340.0,15,21,17,6,3,60.0,75,1831,0.8607,12,3,9,437,792
can_tho,mild,TwinGate+T2,9,400.0,awd,0.02,2024,2160,0,0,0.0,320.0,17,23,16,6,3,60.0,73,1804,1.7737,13,3,10,443,805
can_tho,mild,TwinGate+blindARQ,0,400.0,awd,0.02,2024,2160,0,0,0.0,320.0,13,23,16,10,3,60.0,77,1861,1.1386,8,3,5,386,707
can_tho,mild,TwinGate+blindARQ,1,400.0,awd,0.02,2024,2160,0,0,0.0,340.0,13,25,17,12,4,80.0,77,1864,1.8635,10,4,6,468,828
can_tho,mild,TwinGate+blindARQ,2,400.0,awd,0.02,2024,2160,0,0,0.0,340.0,9,21,17,12,8,160.0,81,1857,0.8607,9,9,0,842,1085
can_tho,mild,TwinGate+blindARQ,3,400.0,awd,0.02,2024,2160,0,0,0.0,320.0,8,17,16,9,8,160.0,82,1824,0.4303,9,3,5,1108,765
can_tho,mild,TwinGate+blindARQ,4,400.0,awd,0.02,2024,2160,0,0,0.0,320.0,11,23,16,12,5,100.0,79,1831,1.291,10,4,5,1109,831
can_tho,mild,TwinGate+blindARQ,5,400.0,awd,0.02,2024,2160,0,0,0.0,340.0,9,19,17,10,8,160.0,81,1826,0.7451,9,5,4,607,862
can_tho,mild,TwinGate+blindARQ,6,400.0,awd,0.02,2024,2160,0,0,0.0,380.0,7,23,19,16,12,240.0,83,1835,0.4303,8,7,0,1293,960
can_tho,mild,TwinGate+blindARQ,7,400.0,awd,0.02,2024,2160,0,0,0.0,360.0,10,23,18,13,8,160.0,80,1839,0.9623,9,3,6,378,677
can_tho,mild,TwinGate+blindARQ,8,400.0,awd,0.02,2024,2160,0,0,0.0,340.0,14,24,17,10,3,60.0,76,1831,1.1377,9,3,6,398,718
can_tho,mild,TwinGate+blindARQ,9,400.0,awd,0.02,2024,2160,0,0,0.0,320.0,13,36,16,23,3,60.0,77,1804,2.7129,11,3,8,429,775
can_tho,mild,Reactive+T2,0,400.0,awd,0.02,2024,2160,115,0,4.1718,400.0,8,10,7,2,0,0.0,0,1861,1.5797,3,0,2,897,576
can_tho,mild,Reactive+T2,1,400.0,awd,0.02,2024,2160,126,0,6.067,400.0,7,8,7,1,1,60.0,0,1864,0.0015,3,0,2,896,579
can_tho,mild,Reactive+T2,2,400.0,awd,0.02,2024,2160,458,0,45.6013,400.0,5,7,7,2,4,220.0,0,1857,0.0,2,0,1,1197,895
can_tho,mild,Reactive+T2,3,400.0,awd,0.02,2024,2160,456,0,44.981,400.0,6,9,7,3,3,180.0,0,1824,1.2172,3,0,2,1208,917
can_tho,mild,Reactive+T2,4,400.0,awd,0.02,2024,2160,266,0,20.3086,400.0,8,11,7,3,1,60.0,0,1831,1.8937,3,0,2,1047,753
can_tho,mild,Reactive+T2,5,400.0,awd,0.02,2024,2160,456,0,44.981,400.0,6,9,7,3,2,120.0,0,1826,1.2172,3,0,2,1208,917
can_tho,mild,Reactive+T2,6,400.0,awd,0.02,2024,2160,294,0,25.217,400.0,6,8,7,2,4,220.0,0,1835,0.8302,3,0,2,1064,778
can_tho,mild,Reactive+T2,7,400.0,awd,0.02,2024,2160,126,0,6.067,400.0,7,9,7,2,3,160.0,0,1839,0.9512,3,0,2,897,580
can_tho,mild,Reactive+T2,8,400.0,awd,0.02,2024,2160,289,0,23.4047,400.0,7,11,7,4,1,60.0,0,1831,1.7485,3,0,2,1047,761
can_tho,mild,Reactive+T2,9,400.0,awd,0.02,2024,2160,126,0,6.0545,400.0,7,10,7,3,0,0.0,0,1804,1.3394,3,0,2,898,579
can_tho,mild,Reactive+blindARQ,0,400.0,awd,0.02,2024,2160,126,0,6.0424,400.0,7,13,7,6,0,0.0,0,1861,2.1778,3,0,2,898,583
can_tho,mild,Reactive+blindARQ,1,400.0,awd,0.02,2024,2160,294,0,25.217,400.0,6,8,7,2,1,60.0,0,1864,0.0015,3,0,2,1064,776
can_tho,mild,Reactive+blindARQ,2,400.0,awd,0.02,2024,2160,602,0,67.3923,400.0,4,7,7,3,4,220.0,0,1857,0.0,2,0,1,1346,1049
can_tho,mild,Reactive+blindARQ,3,400.0,awd,0.02,2024,2160,602,0,67.3923,400.0,4,7,7,3,4,220.0,0,1824,0.0,2,0,1,1346,1049
can_tho,mild,Reactive+blindARQ,4,400.0,awd,0.02,2024,2160,294,0,25.2067,400.0,6,12,7,6,1,60.0,0,1831,1.9761,3,0,2,1066,782
can_tho,mild,Reactive+blindARQ,5,400.0,awd,0.02,2024,2160,458,0,45.6002,400.0,5,10,7,5,2,120.0,0,1826,1.4907,2,0,1,1197,898
can_tho,mild,Reactive+blindARQ,6,400.0,awd,0.02,2024,2160,602,0,67.4209,400.0,4,10,7,6,4,220.0,0,1835,0.8302,2,0,1,1346,1050
can_tho,mild,Reactive+blindARQ,7,400.0,awd,0.02,2024,2160,458,0,45.6056,400.0,5,9,7,4,3,160.0,0,1839,0.951,2,0,1,1198,896
can_tho,mild,Reactive+blindARQ,8,400.0,awd,0.02,2024,2160,294,0,25.2117,400.0,6,11,7,5,1,60.0,0,1831,1.7562,3,0,2,1065,781
can_tho,mild,Reactive+blindARQ,9,400.0,awd,0.02,2024,2160,294,0,25.2117,400.0,6,11,7,5,1,60.0,0,1804,1.2824,3,0,2,1066,779
can_tho,mild,FixedSchedule,0,400.0,awd,0.02,2024,2160,505,0,52.1579,400.0,7,10,7,3,0,0.0,0,1861,1.1103,1,0,0,1228,866
can_tho,mild,FixedSchedule,1,400.0,awd,0.02,2024,2160,602,0,67.4209,400.0,6,7,7,1,1,60.0,0,1864,0.0,1,0,0,1335,988
can_tho,mild,FixedSchedule,2,400.0,awd,0.02,2024,2160,858,0,101.351,400.0,4,8,7,4,4,220.0,0,1857,0.0005,2,0,1,1609,1257
can_tho,mild,FixedSchedule,3,400.0,awd,0.02,2024,2160,858,0,101.3574,400.0,4,7,7,3,4,220.0,0,1824,0.0,2,0,1,1609,1257
can_tho,mild,FixedSchedule,4,400.0,awd,0.02,2024,2160,602,0,67.4183,400.0,6,12,7,6,1,60.0,0,1831,1.8385,1,0,0,1335,991
can_tho,mild,FixedSchedule,5,400.0,awd,0.02,2024,2160,726,0,84.9504,400.0,5,7,7,2,3,160.0,0,1826,0.0,1,0,0,1478,1113
can_tho,mild,FixedSchedule,6,400.0,awd,0.02,2024,2160,859,0,101.3646,400.0,4,9,7,5,3,180.0,0,1835,1.6451,2,0,1,1611,1259
can_tho,mild,FixedSchedule,7,400.0,awd,0.02,2024,2160,726,0,84.9504,400.0,5,13,7,8,3,160.0,0,1839,1.3373,1,0,0,1478,1113
can_tho,mild,FixedSchedule,8,400.0,awd,0.02,2024,2160,602,0,67.4193,400.0,6,10,7,4,1,60.0,0,1831,1.3631,1,0,0,1335,990
can_tho,mild,FixedSchedule,9,400.0,awd,0.02,2024,2160,602,0,67.3923,400.0,6,8,7,2,1,60.0,0,1804,0.7151,1,0,0,1335,988
can_tho,mild,Oracle,0,400.0,awd,0.02,2024,2160,0,0,0.0,320.0,12,20,12,8,1,20.0,0,1861,1.6102,8,3,5,398,689
can_tho,mild,Oracle,1,400.0,awd,0.02,2024,2160,0,0,0.0,340.0,12,14,12,2,1,40.0,0,1864,0.9623,8,3,5,390,651
can_tho,mild,Oracle,2,400.0,awd,0.02,2024,2160,0,0,0.0,340.0,12,14,12,2,6,180.0,0,1857,0.9623,8,3,5,391,651
can_tho,mild,Oracle,3,400.0,awd,0.02,2024,2160,0,0,0.0,340.0,12,21,12,9,5,180.0,0,1824,1.6667,8,3,5,391,659
can_tho,mild,Oracle,4,400.0,awd,0.02,2024,2160,0,0,0.0,320.0,12,18,12,6,3,60.0,0,1831,2.0485,8,3,5,401,687
can_tho,mild,Oracle,5,400.0,awd,0.02,2024,2160,0,0,0.0,340.0,12,15,12,3,5,160.0,0,1826,1.4907,8,3,5,392,653
can_tho,mild,Oracle,6,400.0,awd,0.02,2024,2160,0,0,0.0,340.0,12,15,12,3,5,160.0,0,1835,0.7454,8,3,5,391,650
can_tho,mild,Oracle,7,400.0,awd,0.02,2024,2160,0,0,0.0,340.0,12,16,12,4,3,100.0,0,1839,1.387,8,3,5,393,650
can_tho,mild,Oracle,8,400.0,awd,0.02,2024,2160,0,0,0.0,320.0,12,15,12,3,2,60.0,0,1831,1.5905,8,3,5,399,684
can_tho,mild,Oracle,9,400.0,awd,0.02,2024,2160,0,0,0.0,320.0,12,18,12,6,2,60.0,0,1804,1.5515,8,3,5,402,687
can_tho,mild,TwinGate+T2+centre,0,400.0,awd,0.02,2024,2160,0,0,0.0,380.0,18,25,19,7,4,80.0,72,1861,1.0541,10,0,10,132,532
can_tho,mild,TwinGate+T2+centre,1,400.0,awd,0.02,2024,2160,0,0,0.0,360.0,18,25,18,7,3,60.0,72,1864,1.1386,8,0,8,110,469
can_tho,mild,TwinGate+T2+centre,2,400.0,awd,0.02,2024,2160,0,0,0.0,360.0,13,19,18,6,8,160.0,77,1857,0.4303,9,0,9,92,387
can_tho,mild,TwinGate+T2+centre,3,400.0,awd,0.02,2024,2160,0,0,0.0,360.0,13,19,18,6,9,180.0,77,1824,0.4303,9,0,9,95,377
can_tho,mild,TwinGate+T2+centre,4,400.0,awd,0.02,2024,2160,0,0,0.0,360.0,16,25,18,9,6,120.0,74,1831,1.3608,8,0,8,115,436
can_tho,mild,TwinGate+T2+centre,5,400.0,awd,0.02,2024,2160,0,0,0.0,340.0,15,25,17,10,6,120.0,75,1826,1.4272,12,0,12,198,549
can_tho,mild,TwinGate+T2+centre,6,400.0,awd,0.02,2024,2160,0,0,0.0,360.0,13,23,18,10,9,180.0,77,1835,1.0541,9,0,9,96,390
can_tho,mild,TwinGate+T2+centre,7,400.0,awd,0.02,2024,2160,0,0,0.0,360.0,13,22,18,9,8,160.0,77,1839,0.9622,8,0,8,102,388
can_tho,mild,TwinGate+T2+centre,8,400.0,awd,0.02,2024,2160,0,0,0.0,360.0,17,22,18,5,3,60.0,73,1831,1.1385,10,0,10,93,504
can_tho,mild,TwinGate+T2+centre,9,400.0,awd,0.02,2024,2160,0,0,0.0,360.0,16,22,18,6,3,60.0,74,1804,1.427,8,0,8,111,463
can_tho,mild,TwinGate+T2,0,400.0,mid,0.05,2024,2160,0,0,0.0,320.0,18,26,16,8,3,60.0,72,1861,1.3608,13,0,13,466,855
can_tho,mild,TwinGate+T2,1,400.0,mid,0.05,2024,2160,0,0,0.0,320.0,14,17,16,3,4,80.0,76,1864,0.4303,14,0,14,451,869
can_tho,mild,TwinGate+T2,2,400.0,mid,0.05,2024,2160,0,0,0.0,320.0,11,16,16,5,8,160.0,79,1857,0.0,11,0,11,454,769
can_tho,mild,TwinGate+T2,3,400.0,mid,0.05,2024,2160,0,0,0.0,320.0,13,19,16,6,7,140.0,77,1824,0.7454,12,0,12,472,802
can_tho,mild,TwinGate+T2,4,400.0,mid,0.05,2024,2160,0,0,0.0,320.0,15,21,16,6,5,100.0,75,1831,0.9623,14,0,14,454,834
can_tho,mild,TwinGate+T2,5,400.0,mid,0.05,2024,2160,0,0,0.0,340.0,13,21,17,8,7,140.0,77,1826,0.8607,12,0,12,444,795
can_tho,mild,TwinGate+T2,6,400.0,mid,0.05,2024,2160,0,0,0.0,340.0,10,17,17,7,10,200.0,80,1835,0.0,10,0,10,402,728
can_tho,mild,TwinGate+T2,7,400.0,mid,0.05,2024,2160,0,0,0.0,340.0,10,17,17,7,7,140.0,80,1839,0.0,10,0,10,402,728
can_tho,mild,TwinGate+T2,8,400.0,mid,0.05,2024,2160,0,0,0.0,340.0,15,21,17,6,3,60.0,75,1831,0.8607,14,0,14,446,889
can_tho,mild,TwinGate+T2,9,400.0,mid,0.05,2024,2160,0,0,0.0,320.0,17,25,16,8,3,60.0,73,1804,1.5515,14,0,14,449,852
can_tho,mild,TwinGate+blindARQ,0,400.0,mid,0.05,2024,2160,0,0,0.0,320.0,13,27,16,14,3,60.0,77,1861,1.4907,13,0,13,444,801
can_tho,mild,TwinGate+blindARQ,1,400.0,mid,0.05,2024,2160,0,0,0.0,340.0,13,18,17,5,4,80.0,77,1864,0.4303,14,0,13,1124,929
can_tho,mild,TwinGate+blindARQ,2,400.0,mid,0.05,2024,2160,0,0,0.0,380.0,11,24,19,13,8,160.0,79,1857,0.8607,12,0,11,1134,919
can_tho,mild,TwinGate+blindARQ,3,400.0,mid,0.05,2024,2160,0,0,0.0,360.0,9,19,18,10,9,180.0,81,1824,0.4303,9,0,9,374,638
can_tho,mild,TwinGate+blindARQ,4,400.0,mid,0.05,2024,2160,0,0,0.0,320.0,11,24,16,13,5,100.0,79,1831,1.1522,12,0,11,1104,872
can_tho,mild,TwinGate+blindARQ,5,400.0,mid,0.05,2024,2160,0,0,0.0,380.0,10,24,19,14,9,180.0,80,1826,0.9623,10,0,10,418,723
can_tho,mild,TwinGate+blindARQ,6,400.0,mid,0.05,2024,2160,98,0,2.9013,400.0,8,23,20,15,12,240.0,82,1835,0.7454,9,0,8,1147,918
can_tho,mild,TwinGate+blindARQ,7,400.0,mid,0.05,2024,2160,0,0,0.0,360.0,10,18,18,8,8,160.0,80,1839,0.0,10,0,10,402,728
can_tho,mild,TwinGate+blindARQ,8,400.0,mid,0.05,2024,2160,0,0,0.0,340.0,14,21,17,7,3,60.0,76,1831,0.8607,13,0,13,439,859
can_tho,mild,TwinGate+blindARQ,9,400.0,mid,0.05,2024,2160,0,0,0.0,320.0,13,32,16,19,3,60.0,77,1804,2.0637,13,0,13,451,850
can_tho,mild,Reactive+T2,0,400.0,mid,0.05,2024,2160,115,0,4.1718,400.0,8,10,7,2,0,0.0,0,1861,1.5797,3,0,2,897,576
can_tho,mild,Reactive+T2,1,400.0,mid,0.05,2024,2160,126,0,6.067,400.0,7,8,7,1,1,60.0,0,1864,0.0015,3,0,2,896,579
can_tho,mild,Reactive+T2,2,400.0,mid,0.05,2024,2160,458,0,45.6013,400.0,5,7,7,2,4,220.0,0,1857,0.0,2,0,1,1197,895
can_tho,mild,Reactive+T2,3,400.0,mid,0.05,2024,2160,456,0,44.981,400.0,6,9,7,3,3,180.0,0,1824,1.2172,3,0,2,1208,917
can_tho,mild,Reactive+T2,4,400.0,mid,0.05,2024,2160,266,0,20.3086,400.0,8,11,7,3,1,60.0,0,1831,1.8937,3,0,2,1047,753
can_tho,mild,Reactive+T2,5,400.0,mid,0.05,2024,2160,456,0,44.981,400.0,6,9,7,3,2,120.0,0,1826,1.2172,3,0,2,1208,917
can_tho,mild,Reactive+T2,6,400.0,mid,0.05,2024,2160,294,0,25.217,400.0,6,8,7,2,4,220.0,0,1835,0.8302,3,0,2,1064,778
can_tho,mild,Reactive+T2,7,400.0,mid,0.05,2024,2160,126,0,6.067,400.0,7,9,7,2,3,160.0,0,1839,0.9512,3,0,2,897,580
can_tho,mild,Reactive+T2,8,400.0,mid,0.05,2024,2160,289,0,23.4047,400.0,7,11,7,4,1,60.0,0,1831,1.7485,3,0,2,1047,761
can_tho,mild,Reactive+T2,9,400.0,mid,0.05,2024,2160,126,0,6.0545,400.0,7,10,7,3,0,0.0,0,1804,1.3394,3,0,2,898,579
can_tho,mild,Reactive+blindARQ,0,400.0,mid,0.05,2024,2160,126,0,6.0424,400.0,7,13,7,6,0,0.0,0,1861,2.1778,3,0,2,898,583
can_tho,mild,Reactive+blindARQ,1,400.0,mid,0.05,2024,2160,294,0,25.217,400.0,6,8,7,2,1,60.0,0,1864,0.0015,3,0,2,1064,776
can_tho,mild,Reactive+blindARQ,2,400.0,mid,0.05,2024,2160,602,0,67.3923,400.0,4,7,7,3,4,220.0,0,1857,0.0,2,0,1,1346,1049
can_tho,mild,Reactive+blindARQ,3,400.0,mid,0.05,2024,2160,602,0,67.3923,400.0,4,7,7,3,4,220.0,0,1824,0.0,2,0,1,1346,1049
can_tho,mild,Reactive+blindARQ,4,400.0,mid,0.05,2024,2160,294,0,25.2067,400.0,6,12,7,6,1,60.0,0,1831,1.9761,3,0,2,1066,782
can_tho,mild,Reactive+blindARQ,5,400.0,mid,0.05,2024,2160,458,0,45.6002,400.0,5,10,7,5,2,120.0,0,1826,1.4907,2,0,1,1197,898
can_tho,mild,Reactive+blindARQ,6,400.0,mid,0.05,2024,2160,602,0,67.4209,400.0,4,10,7,6,4,220.0,0,1835,0.8302,2,0,1,1346,1050
can_tho,mild,Reactive+blindARQ,7,400.0,mid,0.05,2024,2160,458,0,45.6056,400.0,5,9,7,4,3,160.0,0,1839,0.951,2,0,1,1198,896
can_tho,mild,Reactive+blindARQ,8,400.0,mid,0.05,2024,2160,294,0,25.2117,400.0,6,11,7,5,1,60.0,0,1831,1.7562,3,0,2,1065,781
can_tho,mild,Reactive+blindARQ,9,400.0,mid,0.05,2024,2160,294,0,25.2117,400.0,6,11,7,5,1,60.0,0,1804,1.2824,3,0,2,1066,779
can_tho,mild,FixedSchedule,0,400.0,mid,0.05,2024,2160,505,0,52.1579,400.0,7,10,7,3,0,0.0,0,1861,1.1103,1,0,0,1228,866
can_tho,mild,FixedSchedule,1,400.0,mid,0.05,2024,2160,602,0,67.4209,400.0,6,7,7,1,1,60.0,0,1864,0.0,1,0,0,1335,988
can_tho,mild,FixedSchedule,2,400.0,mid,0.05,2024,2160,858,0,101.351,400.0,4,8,7,4,4,220.0,0,1857,0.0005,2,0,1,1609,1257
can_tho,mild,FixedSchedule,3,400.0,mid,0.05,2024,2160,858,0,101.3574,400.0,4,7,7,3,4,220.0,0,1824,0.0,2,0,1,1609,1257
can_tho,mild,FixedSchedule,4,400.0,mid,0.05,2024,2160,602,0,67.4183,400.0,6,12,7,6,1,60.0,0,1831,1.8385,1,0,0,1335,991
can_tho,mild,FixedSchedule,5,400.0,mid,0.05,2024,2160,726,0,84.9504,400.0,5,7,7,2,3,160.0,0,1826,0.0,1,0,0,1478,1113
can_tho,mild,FixedSchedule,6,400.0,mid,0.05,2024,2160,859,0,101.3646,400.0,4,9,7,5,3,180.0,0,1835,1.6451,2,0,1,1611,1259
can_tho,mild,FixedSchedule,7,400.0,mid,0.05,2024,2160,726,0,84.9504,400.0,5,13,7,8,3,160.0,0,1839,1.3373,1,0,0,1478,1113
can_tho,mild,FixedSchedule,8,400.0,mid,0.05,2024,2160,602,0,67.4193,400.0,6,10,7,4,1,60.0,0,1831,1.3631,1,0,0,1335,990
can_tho,mild,FixedSchedule,9,400.0,mid,0.05,2024,2160,602,0,67.3923,400.0,6,8,7,2,1,60.0,0,1804,0.7151,1,0,0,1335,988
can_tho,mild,Oracle,0,400.0,mid,0.05,2024,2160,0,0,0.0,320.0,12,20,12,8,1,20.0,0,1861,1.6102,8,3,5,398,689
can_tho,mild,Oracle,1,400.0,mid,0.05,2024,2160,0,0,0.0,340.0,12,14,12,2,1,40.0,0,1864,0.9623,8,3,5,390,651
can_tho,mild,Oracle,2,400.0,mid,0.05,2024,2160,0,0,0.0,340.0,12,14,12,2,6,180.0,0,1857,0.9623,8,3,5,391,651
can_tho,mild,Oracle,3,400.0,mid,0.05,2024,2160,0,0,0.0,340.0,12,21,12,9,5,180.0,0,1824,1.6667,8,3,5,391,659
can_tho,mild,Oracle,4,400.0,mid,0.05,2024,2160,0,0,0.0,320.0,12,18,12,6,3,60.0,0,1831,2.0485,8,3,5,401,687
can_tho,mild,Oracle,5,400.0,mid,0.05,2024,2160,0,0,0.0,340.0,12,15,12,3,5,160.0,0,1826,1.4907,8,3,5,392,653
can_tho,mild,Oracle,6,400.0,mid,0.05,2024,2160,0,0,0.0,340.0,12,15,12,3,5,160.0,0,1835,0.7454,8,3,5,391,650
can_tho,mild,Oracle,7,400.0,mid,0.05,2024,2160,0,0,0.0,340.0,12,16,12,4,3,100.0,0,1839,1.387,8,3,5,393,650
can_tho,mild,Oracle,8,400.0,mid,0.05,2024,2160,0,0,0.0,320.0,12,15,12,3,2,60.0,0,1831,1.5905,8,3,5,399,684
can_tho,mild,Oracle,9,400.0,mid,0.05,2024,2160,0,0,0.0,320.0,12,18,12,6,2,60.0,0,1804,1.5515,8,3,5,402,687
can_tho,mild,TwinGate+T2+centre,0,400.0,mid,0.05,2024,2160,0,0,0.0,380.0,18,25,19,7,4,80.0,72,1861,1.0541,10,0,10,132,532
can_tho,mild,TwinGate+T2+centre,1,400.0,mid,0.05,2024,2160,0,0,0.0,360.0,18,25,18,7,3,60.0,72,1864,1.1386,8,0,8,110,469
can_tho,mild,TwinGate+T2+centre,2,400.0,mid,0.05,2024,2160,0,0,0.0,360.0,13,19,18,6,8,160.0,77,1857,0.4303,9,0,9,92,387
can_tho,mild,TwinGate+T2+centre,3,400.0,mid,0.05,2024,2160,0,0,0.0,360.0,13,19,18,6,9,180.0,77,1824,0.4303,9,0,9,95,377
can_tho,mild,TwinGate+T2+centre,4,400.0,mid,0.05,2024,2160,0,0,0.0,360.0,16,25,18,9,6,120.0,74,1831,1.3608,8,0,8,115,436
can_tho,mild,TwinGate+T2+centre,5,400.0,mid,0.05,2024,2160,0,0,0.0,340.0,15,25,17,10,6,120.0,75,1826,1.4272,12,0,12,198,549
can_tho,mild,TwinGate+T2+centre,6,400.0,mid,0.05,2024,2160,0,0,0.0,360.0,13,23,18,10,9,180.0,77,1835,1.0541,9,0,9,96,390
can_tho,mild,TwinGate+T2+centre,7,400.0,mid,0.05,2024,2160,0,0,0.0,360.0,13,22,18,9,8,160.0,77,1839,0.9622,8,0,8,102,388
can_tho,mild,TwinGate+T2+centre,8,400.0,mid,0.05,2024,2160,0,0,0.0,360.0,17,22,18,5,3,60.0,73,1831,1.1385,10,0,10,93,504
can_tho,mild,TwinGate+T2+centre,9,400.0,mid,0.05,2024,2160,0,0,0.0,360.0,16,22,18,6,3,60.0,74,1804,1.427,8,0,8,111,463
can_tho,mild,TwinGate+T2,0,400.0,narrow,0.1,2024,2160,0,0,0.0,320.0,14,18,16,4,3,60.0,76,1861,0.6086,14,0,13,979,745
can_tho,mild,TwinGate+T2,1,400.0,narrow,0.1,2024,2160,0,0,0.0,340.0,14,19,17,5,4,80.0,76,1864,0.9619,14,0,14,301,669
can_tho,mild,TwinGate+T2,2,400.0,narrow,0.1,2024,2160,0,0,0.0,340.0,15,24,17,9,5,100.0,75,1857,1.1386,13,0,13,328,692
can_tho,mild,TwinGate+T2,3,400.0,narrow,0.1,2024,2160,0,0,0.0,360.0,14,21,18,7,8,160.0,76,1824,0.7454,13,0,13,293,650
can_tho,mild,TwinGate+T2,4,400.0,narrow,0.1,2024,2160,0,0,0.0,360.0,13,18,18,5,6,120.0,77,1831,0.0,13,0,13,326,675
can_tho,mild,TwinGate+T2,5,400.0,narrow,0.1,2024,2160,0,0,0.0,340.0,12,18,17,6,8,160.0,78,1826,0.4303,12,0,12,297,611
can_tho,mild,TwinGate+T2,6,400.0,narrow,0.1,2024,2160,0,0,0.0,340.0,11,18,17,7,9,180.0,79,1835,0.4303,11,0,11,242,566
can_tho,mild,TwinGate+T2,7,400.0,narrow,0.1,2024,2160,0,0,0.0,340.0,11,19,17,8,7,140.0,79,1839,0.9622,10,0,10,235,544
can_tho,mild,TwinGate+T2,8,400.0,narrow,0.1,2024,2160,0,0,0.0,340.0,16,22,17,6,3,60.0,74,1831,1.0541,15,0,15,356,751
can_tho,mild,TwinGate+T2,9,400.0,narrow,0.1,2024,2160,0,0,0.0,320.0,14,18,16,4,3,60.0,76,1804,0.6086,15,0,14,979,770
can_tho,mild,TwinGate+blindARQ,0,400.0,narrow,0.1,2024,2160,0,0,0.0,340.0,14,20,17,6,3,60.0,76,1861,0.7454,14,0,14,349,721
can_tho,mild,TwinGate+blindARQ,1,400.0,narrow,0.1,2024,2160,0,0,0.0,360.0,14,20,18,6,4,80.0,76,1864,0.9619,15,0,14,939,725
can_tho,mild,TwinGate+blindARQ,2,400.0,narrow,0.1,2024,2160,0,0,0.0,400.0,12,26,20,14,8,160.0,78,1857,0.9784,13,0,12,965,757
can_tho,mild,TwinGate+blindARQ,3,400.0,narrow,0.1,2024,2160,0,0,0.0,400.0,10,30,20,20,10,200.0,80,1824,1.3608,10,0,10,203,479
can_tho,mild,TwinGate+blindARQ,4,400.0,narrow,0.1,2024,2160,0,0,0.0,360.0,12,18,18,6,6,120.0,78,1831,0.0,12,0,12,267,590
can_tho,mild,TwinGate+blindARQ,5,400.0,narrow,0.1,2024,2160,0,0,0.0,380.0,10,23,19,13,9,180.0,80,1826,0.8607,10,0,10,238,546
can_tho,mild,TwinGate+blindARQ,6,400.0,narrow,0.1,2024,2160,212,0,13.2581,400.0,8,20,20,12,12,240.0,82,1835,0.0,9,0,8,1124,899
can_tho,mild,TwinGate+blindARQ,7,400.0,narrow,0.1,2024,2160,0,0,0.0,360.0,10,24,18,14,8,160.0,80,1839,1.291,10,0,10,172,486
can_tho,mild,TwinGate+blindARQ,8,400.0,narrow,0.1,2024,2160,0,0,0.0,340.0,14,26,17,12,3,60.0,76,1831,1.3697,14,0,14,304,675
can_tho,mild,TwinGate+blindARQ,9,400.0,narrow,0.1,2024,2160,0,0,0.0,340.0,14,30,17,16,3,60.0,76,1804,1.8757,14,0,14,337,685
can_tho,mild,Reactive+T2,0,400.0,narrow,0.1,2024,2160,115,0,4.1718,400.0,8,10,7,2,0,0.0,0,1861,1.5797,3,0,2,897,576
can_tho,mild,Reactive+T2,1,400.0,narrow,0.1,2024,2160,126,0,6.067,400.0,7,8,7,1,1,60.0,0,1864,0.0015,3,0,2,896,579
can_tho,mild,Reactive+T2,2,400.0,narrow,0.1,2024,2160,458,0,45.6013,400.0,5,7,7,2,4,220.0,0,1857,0.0,2,0,1,1197,895
can_tho,mild,Reactive+T2,3,400.0,narrow,0.1,2024,2160,456,0,44.981,400.0,6,9,7,3,3,180.0,0,1824,1.2172,3,0,2,1208,917
can_tho,mild,Reactive+T2,4,400.0,narrow,0.1,2024,2160,266,0,20.3086,400.0,8,11,7,3,1,60.0,0,1831,1.8937,3,0,2,1047,753
can_tho,mild,Reactive+T2,5,400.0,narrow,0.1,2024,2160,456,0,44.981,400.0,6,9,7,3,2,120.0,0,1826,1.2172,3,0,2,1208,917
can_tho,mild,Reactive+T2,6,400.0,narrow,0.1,2024,2160,294,0,25.217,400.0,6,8,7,2,4,220.0,0,1835,0.8302,3,0,2,1064,778
can_tho,mild,Reactive+T2,7,400.0,narrow,0.1,2024,2160,126,0,6.067,400.0,7,9,7,2,3,160.0,0,1839,0.9512,3,0,2,897,580
can_tho,mild,Reactive+T2,8,400.0,narrow,0.1,2024,2160,289,0,23.4047,400.0,7,11,7,4,1,60.0,0,1831,1.7485,3,0,2,1047,761
can_tho,mild,Reactive+T2,9,400.0,narrow,0.1,2024,2160,126,0,6.0545,400.0,7,10,7,3,0,0.0,0,1804,1.3394,3,0,2,898,579
can_tho,mild,Reactive+blindARQ,0,400.0,narrow,0.1,2024,2160,126,0,6.0424,400.0,7,13,7,6,0,0.0,0,1861,2.1778,3,0,2,898,583
can_tho,mild,Reactive+blindARQ,1,400.0,narrow,0.1,2024,2160,294,0,25.217,400.0,6,8,7,2,1,60.0,0,1864,0.0015,3,0,2,1064,776
can_tho,mild,Reactive+blindARQ,2,400.0,narrow,0.1,2024,2160,602,0,67.3923,400.0,4,7,7,3,4,220.0,0,1857,0.0,2,0,1,1346,1049
can_tho,mild,Reactive+blindARQ,3,400.0,narrow,0.1,2024,2160,602,0,67.3923,400.0,4,7,7,3,4,220.0,0,1824,0.0,2,0,1,1346,1049
can_tho,mild,Reactive+blindARQ,4,400.0,narrow,0.1,2024,2160,294,0,25.2067,400.0,6,12,7,6,1,60.0,0,1831,1.9761,3,0,2,1066,782
can_tho,mild,Reactive+blindARQ,5,400.0,narrow,0.1,2024,2160,458,0,45.6002,400.0,5,10,7,5,2,120.0,0,1826,1.4907,2,0,1,1197,898
can_tho,mild,Reactive+blindARQ,6,400.0,narrow,0.1,2024,2160,602,0,67.4209,400.0,4,10,7,6,4,220.0,0,1835,0.8302,2,0,1,1346,1050
can_tho,mild,Reactive+blindARQ,7,400.0,narrow,0.1,2024,2160,458,0,45.6056,400.0,5,9,7,4,3,160.0,0,1839,0.951,2,0,1,1198,896
can_tho,mild,Reactive+blindARQ,8,400.0,narrow,0.1,2024,2160,294,0,25.2117,400.0,6,11,7,5,1,60.0,0,1831,1.7562,3,0,2,1065,781
can_tho,mild,Reactive+blindARQ,9,400.0,narrow,0.1,2024,2160,294,0,25.2117,400.0,6,11,7,5,1,60.0,0,1804,1.2824,3,0,2,1066,779
can_tho,mild,FixedSchedule,0,400.0,narrow,0.1,2024,2160,505,0,52.1579,400.0,7,10,7,3,0,0.0,0,1861,1.1103,1,0,0,1228,866
can_tho,mild,FixedSchedule,1,400.0,narrow,0.1,2024,2160,602,0,67.4209,400.0,6,7,7,1,1,60.0,0,1864,0.0,1,0,0,1335,988
can_tho,mild,FixedSchedule,2,400.0,narrow,0.1,2024,2160,858,0,101.351,400.0,4,8,7,4,4,220.0,0,1857,0.0005,2,0,1,1609,1257
can_tho,mild,FixedSchedule,3,400.0,narrow,0.1,2024,2160,858,0,101.3574,400.0,4,7,7,3,4,220.0,0,1824,0.0,2,0,1,1609,1257
can_tho,mild,FixedSchedule,4,400.0,narrow,0.1,2024,2160,602,0,67.4183,400.0,6,12,7,6,1,60.0,0,1831,1.8385,1,0,0,1335,991
can_tho,mild,FixedSchedule,5,400.0,narrow,0.1,2024,2160,726,0,84.9504,400.0,5,7,7,2,3,160.0,0,1826,0.0,1,0,0,1478,1113
can_tho,mild,FixedSchedule,6,400.0,narrow,0.1,2024,2160,859,0,101.3646,400.0,4,9,7,5,3,180.0,0,1835,1.6451,2,0,1,1611,1259
can_tho,mild,FixedSchedule,7,400.0,narrow,0.1,2024,2160,726,0,84.9504,400.0,5,13,7,8,3,160.0,0,1839,1.3373,1,0,0,1478,1113
can_tho,mild,FixedSchedule,8,400.0,narrow,0.1,2024,2160,602,0,67.4193,400.0,6,10,7,4,1,60.0,0,1831,1.3631,1,0,0,1335,990
can_tho,mild,FixedSchedule,9,400.0,narrow,0.1,2024,2160,602,0,67.3923,400.0,6,8,7,2,1,60.0,0,1804,0.7151,1,0,0,1335,988
can_tho,mild,Oracle,0,400.0,narrow,0.1,2024,2160,0,0,0.0,320.0,12,20,12,8,1,20.0,0,1861,1.6102,8,3,5,398,689
can_tho,mild,Oracle,1,400.0,narrow,0.1,2024,2160,0,0,0.0,340.0,12,14,12,2,1,40.0,0,1864,0.9623,8,3,5,390,651
can_tho,mild,Oracle,2,400.0,narrow,0.1,2024,2160,0,0,0.0,340.0,12,14,12,2,6,180.0,0,1857,0.9623,8,3,5,391,651
can_tho,mild,Oracle,3,400.0,narrow,0.1,2024,2160,0,0,0.0,340.0,12,21,12,9,5,180.0,0,1824,1.6667,8,3,5,391,659
can_tho,mild,Oracle,4,400.0,narrow,0.1,2024,2160,0,0,0.0,320.0,12,18,12,6,3,60.0,0,1831,2.0485,8,3,5,401,687
can_tho,mild,Oracle,5,400.0,narrow,0.1,2024,2160,0,0,0.0,340.0,12,15,12,3,5,160.0,0,1826,1.4907,8,3,5,392,653
can_tho,mild,Oracle,6,400.0,narrow,0.1,2024,2160,0,0,0.0,340.0,12,15,12,3,5,160.0,0,1835,0.7454,8,3,5,391,650
can_tho,mild,Oracle,7,400.0,narrow,0.1,2024,2160,0,0,0.0,340.0,12,16,12,4,3,100.0,0,1839,1.387,8,3,5,393,650
can_tho,mild,Oracle,8,400.0,narrow,0.1,2024,2160,0,0,0.0,320.0,12,15,12,3,2,60.0,0,1831,1.5905,8,3,5,399,684
can_tho,mild,Oracle,9,400.0,narrow,0.1,2024,2160,0,0,0.0,320.0,12,18,12,6,2,60.0,0,1804,1.5515,8,3,5,402,687
can_tho,mild,TwinGate+T2+centre,0,400.0,narrow,0.1,2024,2160,0,0,0.0,320.0,14,18,16,4,3,60.0,76,1861,0.6086,14,0,13,979,745
can_tho,mild,TwinGate+T2+centre,1,400.0,narrow,0.1,2024,2160,0,0,0.0,340.0,14,19,17,5,4,80.0,76,1864,0.9619,14,0,14,301,669
can_tho,mild,TwinGate+T2+centre,2,400.0,narrow,0.1,2024,2160,0,0,0.0,340.0,15,24,17,9,5,100.0,75,1857,1.1386,13,0,13,328,692
can_tho,mild,TwinGate+T2+centre,3,400.0,narrow,0.1,2024,2160,0,0,0.0,360.0,14,21,18,7,8,160.0,76,1824,0.7454,13,0,13,293,650
can_tho,mild,TwinGate+T2+centre,4,400.0,narrow,0.1,2024,2160,0,0,0.0,360.0,13,18,18,5,6,120.0,77,1831,0.0,13,0,13,326,675
can_tho,mild,TwinGate+T2+centre,5,400.0,narrow,0.1,2024,2160,0,0,0.0,340.0,12,18,17,6,8,160.0,78,1826,0.4303,12,0,12,297,611
can_tho,mild,TwinGate+T2+centre,6,400.0,narrow,0.1,2024,2160,0,0,0.0,340.0,11,18,17,7,9,180.0,79,1835,0.4303,11,0,11,242,566
can_tho,mild,TwinGate+T2+centre,7,400.0,narrow,0.1,2024,2160,0,0,0.0,340.0,11,19,17,8,7,140.0,79,1839,0.9622,10,0,10,235,544
can_tho,mild,TwinGate+T2+centre,8,400.0,narrow,0.1,2024,2160,0,0,0.0,340.0,16,22,17,6,3,60.0,74,1831,1.0541,15,0,15,356,751
can_tho,mild,TwinGate+T2+centre,9,400.0,narrow,0.1,2024,2160,0,0,0.0,320.0,14,18,16,4,3,60.0,76,1804,0.6086,15,0,14,979,770
can_tho,mild,TwinGate+T2,0,inf,awd,0.02,2024,2160,0,0,0.0,380.0,18,25,19,7,4,80.0,72,1861,1.0541,10,0,10,132,532
can_tho,mild,TwinGate+T2,1,inf,awd,0.02,2024,2160,0,0,0.0,360.0,18,25,18,7,3,60.0,72,1864,1.1386,8,0,8,110,469
can_tho,mild,TwinGate+T2,2,inf,awd,0.02,2024,2160,0,0,0.0,360.0,13,19,18,6,8,160.0,77,1857,0.4303,9,0,9,92,387
can_tho,mild,TwinGate+T2,3,inf,awd,0.02,2024,2160,0,0,0.0,360.0,13,19,18,6,9,180.0,77,1824,0.4303,9,0,9,95,377
can_tho,mild,TwinGate+T2,4,inf,awd,0.02,2024,2160,0,0,0.0,360.0,16,25,18,9,6,120.0,74,1831,1.3608,8,0,8,115,436
can_tho,mild,TwinGate+T2,5,inf,awd,0.02,2024,2160,0,0,0.0,340.0,15,25,17,10,6,120.0,75,1826,1.4272,12,0,12,198,549
can_tho,mild,TwinGate+T2,6,inf,awd,0.02,2024,2160,0,0,0.0,360.0,13,23,18,10,9,180.0,77,1835,1.0541,9,0,9,96,390
can_tho,mild,TwinGate+T2,7,inf,awd,0.02,2024,2160,0,0,0.0,360.0,13,22,18,9,8,160.0,77,1839,0.9622,8,0,8,102,388
can_tho,mild,TwinGate+T2,8,inf,awd,0.02,2024,2160,0,0,0.0,360.0,17,22,18,5,3,60.0,73,1831,1.1385,10,0,10,93,504
can_tho,mild,TwinGate+T2,9,inf,awd,0.02,2024,2160,0,0,0.0,360.0,16,22,18,6,3,60.0,74,1804,1.427,8,0,8,111,463
can_tho,mild,TwinGate+blindARQ,0,inf,awd,0.02,2024,2160,0,0,0.0,380.0,15,26,19,11,4,80.0,75,1861,1.1386,9,0,9,98,442
can_tho,mild,TwinGate+blindARQ,1,inf,awd,0.02,2024,2160,0,0,0.0,400.0,16,29,20,13,4,80.0,74,1864,1.7072,9,0,9,96,475
can_tho,mild,TwinGate+blindARQ,2,inf,awd,0.02,2024,2160,0,0,0.0,440.0,13,28,22,15,9,180.0,77,1857,0.7454,10,0,9,690,443
can_tho,mild,TwinGate+blindARQ,3,inf,awd,0.02,2024,2160,0,0,0.0,400.0,10,23,20,13,10,200.0,80,1824,0.6163,8,0,8,83,369
can_tho,mild,TwinGate+blindARQ,4,inf,awd,0.02,2024,2160,0,0,0.0,380.0,13,30,19,17,6,120.0,77,1831,1.6197,7,0,7,72,389
can_tho,mild,TwinGate+blindARQ,5,inf,awd,0.02,2024,2160,0,0,0.0,420.0,12,32,21,20,9,180.0,78,1826,1.43,4,0,4,48,337
can_tho,mild,TwinGate+blindARQ,6,inf,awd,0.02,2024,2160,0,0,0.0,520.0,11,27,26,16,15,300.0,79,1835,0.4303,8,0,8,81,368
can_tho,mild,TwinGate+blindARQ,7,inf,awd,0.02,2024,2160,0,0,0.0,380.0,11,23,19,12,8,160.0,79,1839,0.9622,8,0,8,87,363
can_tho,mild,TwinGate+blindARQ,8,inf,awd,0.02,2024,2160,0,0,0.0,360.0,15,22,18,7,3,60.0,75,1831,1.1385,8,0,8,84,430
can_tho,mild,TwinGate+blindARQ,9,inf,awd,0.02,2024,2160,0,0,0.0,360.0,15,39,18,24,3,60.0,75,1804,2.6373,9,0,9,97,451
can_tho,mild,Reactive+T2,0,inf,awd,0.02,2024,2160,0,0,0.0,600.0,10,13,10,3,1,60.0,0,1861,1.5797,3,0,3,56,228
can_tho,mild,Reactive+T2,1,inf,awd,0.02,2024,2160,0,0,0.0,540.0,9,11,9,2,1,60.0,0,1864,0.9333,4,0,4,43,228
can_tho,mild,Reactive+T2,2,inf,awd,0.02,2024,2160,0,0,0.0,840.0,9,15,14,6,8,480.0,0,1857,0.9333,4,0,4,43,227
can_tho,mild,Reactive+T2,3,inf,awd,0.02,2024,2160,0,0,0.0,780.0,12,19,13,7,5,300.0,0,1824,2.3089,4,0,4,92,276
can_tho,mild,Reactive+T2,4,inf,awd,0.02,2024,2160,0,0,0.0,600.0,11,15,10,4,2,120.0,0,1831,1.8937,3,0,3,62,233
can_tho,mild,Reactive+T2,5,inf,awd,0.02,2024,2160,0,0,0.0,780.0,10,16,13,6,5,300.0,0,1826,1.5382,4,0,4,45,229
can_tho,mild,Reactive+T2,6,inf,awd,0.02,2024,2160,0,0,0.0,780.0,9,14,13,5,7,420.0,0,1835,0.8302,4,0,4,42,227
can_tho,mild,Reactive+T2,7,inf,awd,0.02,2024,2160,0,0,0.0,660.0,9,13,11,4,4,240.0,0,1839,0.9512,4,0,4,43,227
can_tho,mild,Reactive+T2,8,inf,awd,0.02,2024,2160,0,0,0.0,600.0,10,14,10,4,1,60.0,0,1831,1.7485,4,0,4,48,232
can_tho,mild,Reactive+T2,9,inf,awd,0.02,2024,2160,0,0,0.0,600.0,9,13,10,4,1,60.0,0,1804,1.3394,4,0,4,44,228
can_tho,mild,Reactive+blindARQ,0,inf,awd,0.02,2024,2160,0,0,0.0,600.0,9,16,10,7,1,60.0,0,1861,2.2017,4,0,4,44,232
can_tho,mild,Reactive+blindARQ,1,inf,awd,0.02,2024,2160,0,0,0.0,600.0,9,12,10,3,1,60.0,0,1864,0.9333,4,0,4,43,227
can_tho,mild,Reactive+blindARQ,2,inf,awd,0.02,2024,2160,0,0,0.0,1020.0,9,18,17,9,8,480.0,0,1857,0.9333,4,0,4,43,226
can_tho,mild,Reactive+blindARQ,3,inf,awd,0.02,2024,2160,0,0,0.0,1080.0,9,24,18,15,9,540.0,0,1824,2.015,4,0,4,45,231
can_tho,mild,Reactive+blindARQ,4,inf,awd,0.02,2024,2160,0,0,0.0,780.0,9,20,13,11,4,240.0,0,1831,2.0502,4,0,4,44,231
can_tho,mild,Reactive+blindARQ,5,inf,awd,0.02,2024,2160,0,0,0.0,1020.0,9,21,17,12,8,480.0,0,1826,1.7643,4,0,4,43,231
can_tho,mild,Reactive+blindARQ,6,inf,awd,0.02,2024,2160,0,0,0.0,1320.0,9,26,22,17,13,780.0,0,1835,0.8302,4,0,4,42,226
can_tho,mild,Reactive+blindARQ,7,inf,awd,0.02,2024,2160,0,0,0.0,900.0,9,19,15,10,6,360.0,0,1839,0.951,4,0,4,43,228
can_tho,mild,Reactive+blindARQ,8,inf,awd,0.02,2024,2160,0,0,0.0,600.0,9,14,10,5,1,60.0,0,1831,1.7979,4,0,4,43,230
can_tho,mild,Reactive+blindARQ,9,inf,awd,0.02,2024,2160,0,0,0.0,660.0,9,15,11,6,2,120.0,0,1804,1.3391,4,0,4,44,228
can_tho,mild,FixedSchedule,0,inf,awd,0.02,2024,2160,0,0,0.0,1500.0,18,30,25,12,7,420.0,0,1861,1.4409,0,0,0,0,2
can_tho,mild,FixedSchedule,1,inf,awd,0.02,2024,2160,0,0,0.0,1320.0,18,23,22,5,4,240.0,0,1864,0.004,0,0,0,0,2
can_tho,mild,FixedSchedule,2,inf,awd,0.02,2024,2160,0,0,0.0,1680.0,18,37,28,19,10,600.0,0,1857,1.1423,0,0,0,0,1
can_tho,mild,FixedSchedule,3,inf,awd,0.02,2024,2160,0,0,0.0,2040.0,18,45,34,27,16,960.0,0,1824,1.6965,0,0,0,0,1
can_tho,mild,FixedSchedule,4,inf,awd,0.02,2024,2160,0,0,0.0,1500.0,18,29,25,11,7,420.0,0,1831,0.8443,0,0,0,0,0
can_tho,mild,FixedSchedule,5,inf,awd,0.02,2024,2160,0,0,0.0,1800.0,18,36,30,18,12,720.0,0,1826,1.3067,0,0,0,0,1
can_tho,mild,FixedSchedule,6,inf,awd,0.02,2024,2160,0,0,0.0,2160.0,18,41,36,23,18,1080.0,0,1835,0.0015,0,0,0,0,2
can_tho,mild,FixedSchedule,7,inf,awd,0.02,2024,2160,0,0,0.0,1560.0,18,34,26,16,8,480.0,0,1839,1.6662,0,0,0,0,1
can_tho,mild,FixedSchedule,8,inf,awd,0.02,2024,2160,0,0,0.0,1260.0,18,30,21,12,3,180.0,0,1831,1.4756,0,0,0,0,4
can_tho,mild,FixedSchedule,9,inf,awd,0.02,2024,2160,0,0,0.0,1260.0,18,31,21,13,3,180.0,0,1804,2.1696,0,0,0,0,0
can_tho,mild,Oracle,0,inf,awd,0.02,2024,2160,0,0,0.0,380.0,19,27,19,8,2,40.0,0,1861,1.2172,0,0,0,0,0
can_tho,mild,Oracle,1,inf,awd,0.02,2024,2160,0,0,0.0,380.0,19,30,19,11,2,40.0,0,1864,1.5187,0,0,0,0,0
can_tho,mild,Oracle,2,inf,awd,0.02,2024,2160,0,0,0.0,380.0,19,24,19,5,7,140.0,0,1857,0.9623,0,0,0,0,0
can_tho,mild,Oracle,3,inf,awd,0.02,2024,2160,0,0,0.0,380.0,19,29,19,10,8,160.0,0,1824,1.3608,0,0,0,0,0
can_tho,mild,Oracle,4,inf,awd,0.02,2024,2160,0,0,0.0,380.0,19,25,19,6,5,100.0,0,1831,1.1224,0,0,0,0,0
can_tho,mild,Oracle,5,inf,awd,0.02,2024,2160,0,0,0.0,380.0,19,24,19,5,8,160.0,0,1826,0.9708,0,0,0,0,0
can_tho,mild,Oracle,6,inf,awd,0.02,2024,2160,0,0,0.0,380.0,19,20,19,1,11,220.0,0,1835,0.4303,0,0,0,0,0
can_tho,mild,Oracle,7,inf,awd,0.02,2024,2160,0,0,0.0,380.0,19,25,19,6,7,140.0,0,1839,1.0541,0,0,0,0,0
can_tho,mild,Oracle,8,inf,awd,0.02,2024,2160,0,0,0.0,380.0,19,27,19,8,2,40.0,0,1831,1.2768,0,0,0,0,0
can_tho,mild,Oracle,9,inf,awd,0.02,2024,2160,0,0,0.0,380.0,19,25,19,6,2,40.0,0,1804,1.1685,0,0,0,0,0
can_tho,mild,TwinGate+T2+centre,0,inf,awd,0.02,2024,2160,0,0,0.0,380.0,18,25,19,7,4,80.0,72,1861,1.0541,10,0,10,132,532
can_tho,mild,TwinGate+T2+centre,1,inf,awd,0.02,2024,2160,0,0,0.0,360.0,18,25,18,7,3,60.0,72,1864,1.1386,8,0,8,110,469
can_tho,mild,TwinGate+T2+centre,2,inf,awd,0.02,2024,2160,0,0,0.0,360.0,13,19,18,6,8,160.0,77,1857,0.4303,9,0,9,92,387
can_tho,mild,TwinGate+T2+centre,3,inf,awd,0.02,2024,2160,0,0,0.0,360.0,13,19,18,6,9,180.0,77,1824,0.4303,9,0,9,95,377
can_tho,mild,TwinGate+T2+centre,4,inf,awd,0.02,2024,2160,0,0,0.0,360.0,16,25,18,9,6,120.0,74,1831,1.3608,8,0,8,115,436
can_tho,mild,TwinGate+T2+centre,5,inf,awd,0.02,2024,2160,0,0,0.0,340.0,15,25,17,10,6,120.0,75,1826,1.4272,12,0,12,198,549
can_tho,mild,TwinGate+T2+centre,6,inf,awd,0.02,2024,2160,0,0,0.0,360.0,13,23,18,10,9,180.0,77,1835,1.0541,9,0,9,96,390
can_tho,mild,TwinGate+T2+centre,7,inf,awd,0.02,2024,2160,0,0,0.0,360.0,13,22,18,9,8,160.0,77,1839,0.9622,8,0,8,102,388
can_tho,mild,TwinGate+T2+centre,8,inf,awd,0.02,2024,2160,0,0,0.0,360.0,17,22,18,5,3,60.0,73,1831,1.1385,10,0,10,93,504
can_tho,mild,TwinGate+T2+centre,9,inf,awd,0.02,2024,2160,0,0,0.0,360.0,16,22,18,6,3,60.0,74,1804,1.427,8,0,8,111,463
can_tho,mild,TwinGate+T2,0,inf,mid,0.05,2024,2160,0,0,0.0,380.0,18,25,19,7,4,80.0,72,1861,1.0541,10,0,10,132,532
can_tho,mild,TwinGate+T2,1,inf,mid,0.05,2024,2160,0,0,0.0,360.0,18,25,18,7,3,60.0,72,1864,1.1386,8,0,8,110,469
can_tho,mild,TwinGate+T2,2,inf,mid,0.05,2024,2160,0,0,0.0,360.0,13,19,18,6,8,160.0,77,1857,0.4303,9,0,9,92,387
can_tho,mild,TwinGate+T2,3,inf,mid,0.05,2024,2160,0,0,0.0,360.0,13,19,18,6,9,180.0,77,1824,0.4303,9,0,9,95,377
can_tho,mild,TwinGate+T2,4,inf,mid,0.05,2024,2160,0,0,0.0,360.0,16,25,18,9,6,120.0,74,1831,1.3608,8,0,8,115,436
can_tho,mild,TwinGate+T2,5,inf,mid,0.05,2024,2160,0,0,0.0,340.0,15,25,17,10,6,120.0,75,1826,1.4272,12,0,12,198,549
can_tho,mild,TwinGate+T2,6,inf,mid,0.05,2024,2160,0,0,0.0,360.0,13,23,18,10,9,180.0,77,1835,1.0541,9,0,9,96,390
can_tho,mild,TwinGate+T2,7,inf,mid,0.05,2024,2160,0,0,0.0,360.0,13,22,18,9,8,160.0,77,1839,0.9622,8,0,8,102,388
can_tho,mild,TwinGate+T2,8,inf,mid,0.05,2024,2160,0,0,0.0,360.0,17,22,18,5,3,60.0,73,1831,1.1385,10,0,10,93,504
can_tho,mild,TwinGate+T2,9,inf,mid,0.05,2024,2160,0,0,0.0,360.0,16,22,18,6,3,60.0,74,1804,1.427,8,0,8,111,463
can_tho,mild,TwinGate+blindARQ,0,inf,mid,0.05,2024,2160,0,0,0.0,380.0,15,26,19,11,4,80.0,75,1861,1.1386,9,0,9,98,442
can_tho,mild,TwinGate+blindARQ,1,inf,mid,0.05,2024,2160,0,0,0.0,400.0,16,29,20,13,4,80.0,74,1864,1.7072,9,0,9,96,475
can_tho,mild,TwinGate+blindARQ,2,inf,mid,0.05,2024,2160,0,0,0.0,440.0,13,28,22,15,9,180.0,77,1857,0.7454,10,0,9,690,443
can_tho,mild,TwinGate+blindARQ,3,inf,mid,0.05,2024,2160,0,0,0.0,400.0,10,23,20,13,10,200.0,80,1824,0.6163,8,0,8,83,369
can_tho,mild,TwinGate+blindARQ,4,inf,mid,0.05,2024,2160,0,0,0.0,380.0,13,30,19,17,6,120.0,77,1831,1.6197,7,0,7,72,389
can_tho,mild,TwinGate+blindARQ,5,inf,mid,0.05,2024,2160,0,0,0.0,420.0,12,32,21,20,9,180.0,78,1826,1.43,4,0,4,48,337
can_tho,mild,TwinGate+blindARQ,6,inf,mid,0.05,2024,2160,0,0,0.0,520.0,11,27,26,16,15,300.0,79,1835,0.4303,8,0,8,81,368
can_tho,mild,TwinGate+blindARQ,7,inf,mid,0.05,2024,2160,0,0,0.0,380.0,11,23,19,12,8,160.0,79,1839,0.9622,8,0,8,87,363
can_tho,mild,TwinGate+blindARQ,8,inf,mid,0.05,2024,2160,0,0,0.0,360.0,15,22,18,7,3,60.0,75,1831,1.1385,8,0,8,84,430
can_tho,mild,TwinGate+blindARQ,9,inf,mid,0.05,2024,2160,0,0,0.0,360.0,15,39,18,24,3,60.0,75,1804,2.6373,9,0,9,97,451
can_tho,mild,Reactive+T2,0,inf,mid,0.05,2024,2160,0,0,0.0,600.0,10,13,10,3,1,60.0,0,1861,1.5797,3,0,3,56,228
can_tho,mild,Reactive+T2,1,inf,mid,0.05,2024,2160,0,0,0.0,540.0,9,11,9,2,1,60.0,0,1864,0.9333,4,0,4,43,228
can_tho,mild,Reactive+T2,2,inf,mid,0.05,2024,2160,0,0,0.0,840.0,9,15,14,6,8,480.0,0,1857,0.9333,4,0,4,43,227
can_tho,mild,Reactive+T2,3,inf,mid,0.05,2024,2160,0,0,0.0,780.0,12,19,13,7,5,300.0,0,1824,2.3089,4,0,4,92,276
can_tho,mild,Reactive+T2,4,inf,mid,0.05,2024,2160,0,0,0.0,600.0,11,15,10,4,2,120.0,0,1831,1.8937,3,0,3,62,233
can_tho,mild,Reactive+T2,5,inf,mid,0.05,2024,2160,0,0,0.0,780.0,10,16,13,6,5,300.0,0,1826,1.5382,4,0,4,45,229
can_tho,mild,Reactive+T2,6,inf,mid,0.05,2024,2160,0,0,0.0,780.0,9,14,13,5,7,420.0,0,1835,0.8302,4,0,4,42,227
can_tho,mild,Reactive+T2,7,inf,mid,0.05,2024,2160,0,0,0.0,660.0,9,13,11,4,4,240.0,0,1839,0.9512,4,0,4,43,227
can_tho,mild,Reactive+T2,8,inf,mid,0.05,2024,2160,0,0,0.0,600.0,10,14,10,4,1,60.0,0,1831,1.7485,4,0,4,48,232
can_tho,mild,Reactive+T2,9,inf,mid,0.05,2024,2160,0,0,0.0,600.0,9,13,10,4,1,60.0,0,1804,1.3394,4,0,4,44,228
can_tho,mild,Reactive+blindARQ,0,inf,mid,0.05,2024,2160,0,0,0.0,600.0,9,16,10,7,1,60.0,0,1861,2.2017,4,0,4,44,232
can_tho,mild,Reactive+blindARQ,1,inf,mid,0.05,2024,2160,0,0,0.0,600.0,9,12,10,3,1,60.0,0,1864,0.9333,4,0,4,43,227
can_tho,mild,Reactive+blindARQ,2,inf,mid,0.05,2024,2160,0,0,0.0,1020.0,9,18,17,9,8,480.0,0,1857,0.9333,4,0,4,43,226
can_tho,mild,Reactive+blindARQ,3,inf,mid,0.05,2024,2160,0,0,0.0,1080.0,9,24,18,15,9,540.0,0,1824,2.015,4,0,4,45,231
can_tho,mild,Reactive+blindARQ,4,inf,mid,0.05,2024,2160,0,0,0.0,780.0,9,20,13,11,4,240.0,0,1831,2.0502,4,0,4,44,231
can_tho,mild,Reactive+blindARQ,5,inf,mid,0.05,2024,2160,0,0,0.0,1020.0,9,21,17,12,8,480.0,0,1826,1.7643,4,0,4,43,231
can_tho,mild,Reactive+blindARQ,6,inf,mid,0.05,2024,2160,0,0,0.0,1320.0,9,26,22,17,13,780.0,0,1835,0.8302,4,0,4,42,226
can_tho,mild,Reactive+blindARQ,7,inf,mid,0.05,2024,2160,0,0,0.0,900.0,9,19,15,10,6,360.0,0,1839,0.951,4,0,4,43,228
can_tho,mild,Reactive+blindARQ,8,inf,mid,0.05,2024,2160,0,0,0.0,600.0,9,14,10,5,1,60.0,0,1831,1.7979,4,0,4,43,230
can_tho,mild,Reactive+blindARQ,9,inf,mid,0.05,2024,2160,0,0,0.0,660.0,9,15,11,6,2,120.0,0,1804,1.3391,4,0,4,44,228
can_tho,mild,FixedSchedule,0,inf,mid,0.05,2024,2160,0,0,0.0,1500.0,18,30,25,12,7,420.0,0,1861,1.4409,0,0,0,0,2
can_tho,mild,FixedSchedule,1,inf,mid,0.05,2024,2160,0,0,0.0,1320.0,18,23,22,5,4,240.0,0,1864,0.004,0,0,0,0,2
can_tho,mild,FixedSchedule,2,inf,mid,0.05,2024,2160,0,0,0.0,1680.0,18,37,28,19,10,600.0,0,1857,1.1423,0,0,0,0,1
can_tho,mild,FixedSchedule,3,inf,mid,0.05,2024,2160,0,0,0.0,2040.0,18,45,34,27,16,960.0,0,1824,1.6965,0,0,0,0,1
can_tho,mild,FixedSchedule,4,inf,mid,0.05,2024,2160,0,0,0.0,1500.0,18,29,25,11,7,420.0,0,1831,0.8443,0,0,0,0,0
can_tho,mild,FixedSchedule,5,inf,mid,0.05,2024,2160,0,0,0.0,1800.0,18,36,30,18,12,720.0,0,1826,1.3067,0,0,0,0,1
can_tho,mild,FixedSchedule,6,inf,mid,0.05,2024,2160,0,0,0.0,2160.0,18,41,36,23,18,1080.0,0,1835,0.0015,0,0,0,0,2
can_tho,mild,FixedSchedule,7,inf,mid,0.05,2024,2160,0,0,0.0,1560.0,18,34,26,16,8,480.0,0,1839,1.6662,0,0,0,0,1
can_tho,mild,FixedSchedule,8,inf,mid,0.05,2024,2160,0,0,0.0,1260.0,18,30,21,12,3,180.0,0,1831,1.4756,0,0,0,0,4
can_tho,mild,FixedSchedule,9,inf,mid,0.05,2024,2160,0,0,0.0,1260.0,18,31,21,13,3,180.0,0,1804,2.1696,0,0,0,0,0
can_tho,mild,Oracle,0,inf,mid,0.05,2024,2160,0,0,0.0,380.0,19,27,19,8,2,40.0,0,1861,1.2172,0,0,0,0,0
can_tho,mild,Oracle,1,inf,mid,0.05,2024,2160,0,0,0.0,380.0,19,30,19,11,2,40.0,0,1864,1.5187,0,0,0,0,0
can_tho,mild,Oracle,2,inf,mid,0.05,2024,2160,0,0,0.0,380.0,19,24,19,5,7,140.0,0,1857,0.9623,0,0,0,0,0
can_tho,mild,Oracle,3,inf,mid,0.05,2024,2160,0,0,0.0,380.0,19,29,19,10,8,160.0,0,1824,1.3608,0,0,0,0,0
can_tho,mild,Oracle,4,inf,mid,0.05,2024,2160,0,0,0.0,380.0,19,25,19,6,5,100.0,0,1831,1.1224,0,0,0,0,0
can_tho,mild,Oracle,5,inf,mid,0.05,2024,2160,0,0,0.0,380.0,19,24,19,5,8,160.0,0,1826,0.9708,0,0,0,0,0
can_tho,mild,Oracle,6,inf,mid,0.05,2024,2160,0,0,0.0,380.0,19,20,19,1,11,220.0,0,1835,0.4303,0,0,0,0,0
can_tho,mild,Oracle,7,inf,mid,0.05,2024,2160,0,0,0.0,380.0,19,25,19,6,7,140.0,0,1839,1.0541,0,0,0,0,0
can_tho,mild,Oracle,8,inf,mid,0.05,2024,2160,0,0,0.0,380.0,19,27,19,8,2,40.0,0,1831,1.2768,0,0,0,0,0
can_tho,mild,Oracle,9,inf,mid,0.05,2024,2160,0,0,0.0,380.0,19,25,19,6,2,40.0,0,1804,1.1685,0,0,0,0,0
can_tho,mild,TwinGate+T2+centre,0,inf,mid,0.05,2024,2160,0,0,0.0,380.0,18,25,19,7,4,80.0,72,1861,1.0541,10,0,10,132,532
can_tho,mild,TwinGate+T2+centre,1,inf,mid,0.05,2024,2160,0,0,0.0,360.0,18,25,18,7,3,60.0,72,1864,1.1386,8,0,8,110,469
can_tho,mild,TwinGate+T2+centre,2,inf,mid,0.05,2024,2160,0,0,0.0,360.0,13,19,18,6,8,160.0,77,1857,0.4303,9,0,9,92,387
can_tho,mild,TwinGate+T2+centre,3,inf,mid,0.05,2024,2160,0,0,0.0,360.0,13,19,18,6,9,180.0,77,1824,0.4303,9,0,9,95,377
can_tho,mild,TwinGate+T2+centre,4,inf,mid,0.05,2024,2160,0,0,0.0,360.0,16,25,18,9,6,120.0,74,1831,1.3608,8,0,8,115,436
can_tho,mild,TwinGate+T2+centre,5,inf,mid,0.05,2024,2160,0,0,0.0,340.0,15,25,17,10,6,120.0,75,1826,1.4272,12,0,12,198,549
can_tho,mild,TwinGate+T2+centre,6,inf,mid,0.05,2024,2160,0,0,0.0,360.0,13,23,18,10,9,180.0,77,1835,1.0541,9,0,9,96,390
can_tho,mild,TwinGate+T2+centre,7,inf,mid,0.05,2024,2160,0,0,0.0,360.0,13,22,18,9,8,160.0,77,1839,0.9622,8,0,8,102,388
can_tho,mild,TwinGate+T2+centre,8,inf,mid,0.05,2024,2160,0,0,0.0,360.0,17,22,18,5,3,60.0,73,1831,1.1385,10,0,10,93,504
can_tho,mild,TwinGate+T2+centre,9,inf,mid,0.05,2024,2160,0,0,0.0,360.0,16,22,18,6,3,60.0,74,1804,1.427,8,0,8,111,463
can_tho,mild,TwinGate+T2,0,inf,narrow,0.1,2024,2160,0,0,0.0,320.0,14,18,16,4,3,60.0,76,1861,0.6086,14,0,13,979,745
can_tho,mild,TwinGate+T2,1,inf,narrow,0.1,2024,2160,0,0,0.0,340.0,14,19,17,5,4,80.0,76,1864,0.9619,14,0,14,301,669
can_tho,mild,TwinGate+T2,2,inf,narrow,0.1,2024,2160,0,0,0.0,340.0,15,24,17,9,5,100.0,75,1857,1.1386,13,0,13,328,692
can_tho,mild,TwinGate+T2,3,inf,narrow,0.1,2024,2160,0,0,0.0,360.0,14,21,18,7,8,160.0,76,1824,0.7454,13,0,13,293,650
can_tho,mild,TwinGate+T2,4,inf,narrow,0.1,2024,2160,0,0,0.0,360.0,13,18,18,5,6,120.0,77,1831,0.0,13,0,13,326,675
can_tho,mild,TwinGate+T2,5,inf,narrow,0.1,2024,2160,0,0,0.0,340.0,12,18,17,6,8,160.0,78,1826,0.4303,12,0,12,297,611
can_tho,mild,TwinGate+T2,6,inf,narrow,0.1,2024,2160,0,0,0.0,340.0,11,18,17,7,9,180.0,79,1835,0.4303,11,0,11,242,566
can_tho,mild,TwinGate+T2,7,inf,narrow,0.1,2024,2160,0,0,0.0,340.0,11,19,17,8,7,140.0,79,1839,0.9622,10,0,10,235,544
can_tho,mild,TwinGate+T2,8,inf,narrow,0.1,2024,2160,0,0,0.0,340.0,16,22,17,6,3,60.0,74,1831,1.0541,15,0,15,356,751
can_tho,mild,TwinGate+T2,9,inf,narrow,0.1,2024,2160,0,0,0.0,320.0,14,18,16,4,3,60.0,76,1804,0.6086,15,0,14,979,770
can_tho,mild,TwinGate+blindARQ,0,inf,narrow,0.1,2024,2160,0,0,0.0,340.0,14,20,17,6,3,60.0,76,1861,0.7454,14,0,14,349,721
can_tho,mild,TwinGate+blindARQ,1,inf,narrow,0.1,2024,2160,0,0,0.0,360.0,14,20,18,6,4,80.0,76,1864,0.9619,15,0,14,939,725
can_tho,mild,TwinGate+blindARQ,2,inf,narrow,0.1,2024,2160,0,0,0.0,420.0,12,27,21,15,9,180.0,78,1857,0.9784,12,0,12,284,609
can_tho,mild,TwinGate+blindARQ,3,inf,narrow,0.1,2024,2160,0,0,0.0,400.0,10,30,20,20,10,200.0,80,1824,1.3608,10,0,10,203,479
can_tho,mild,TwinGate+blindARQ,4,inf,narrow,0.1,2024,2160,0,0,0.0,360.0,12,18,18,6,6,120.0,78,1831,0.0,12,0,12,267,590
can_tho,mild,TwinGate+blindARQ,5,inf,narrow,0.1,2024,2160,0,0,0.0,380.0,10,23,19,13,9,180.0,80,1826,0.8607,10,0,10,238,546
can_tho,mild,TwinGate+blindARQ,6,inf,narrow,0.1,2024,2160,0,0,0.0,500.0,10,29,25,19,15,300.0,80,1835,0.9233,10,0,10,225,497
can_tho,mild,TwinGate+blindARQ,7,inf,narrow,0.1,2024,2160,0,0,0.0,360.0,10,24,18,14,8,160.0,80,1839,1.291,10,0,10,172,486
can_tho,mild,TwinGate+blindARQ,8,inf,narrow,0.1,2024,2160,0,0,0.0,340.0,14,26,17,12,3,60.0,76,1831,1.3697,14,0,14,304,675
can_tho,mild,TwinGate+blindARQ,9,inf,narrow,0.1,2024,2160,0,0,0.0,340.0,14,30,17,16,3,60.0,76,1804,1.8757,14,0,14,337,685
can_tho,mild,Reactive+T2,0,inf,narrow,0.1,2024,2160,0,0,0.0,600.0,10,13,10,3,1,60.0,0,1861,1.5797,3,0,3,56,228
can_tho,mild,Reactive+T2,1,inf,narrow,0.1,2024,2160,0,0,0.0,540.0,9,11,9,2,1,60.0,0,1864,0.9333,4,0,4,43,228
can_tho,mild,Reactive+T2,2,inf,narrow,0.1,2024,2160,0,0,0.0,840.0,9,15,14,6,8,480.0,0,1857,0.9333,4,0,4,43,227
can_tho,mild,Reactive+T2,3,inf,narrow,0.1,2024,2160,0,0,0.0,780.0,12,19,13,7,5,300.0,0,1824,2.3089,4,0,4,92,276
can_tho,mild,Reactive+T2,4,inf,narrow,0.1,2024,2160,0,0,0.0,600.0,11,15,10,4,2,120.0,0,1831,1.8937,3,0,3,62,233
can_tho,mild,Reactive+T2,5,inf,narrow,0.1,2024,2160,0,0,0.0,780.0,10,16,13,6,5,300.0,0,1826,1.5382,4,0,4,45,229
can_tho,mild,Reactive+T2,6,inf,narrow,0.1,2024,2160,0,0,0.0,780.0,9,14,13,5,7,420.0,0,1835,0.8302,4,0,4,42,227
can_tho,mild,Reactive+T2,7,inf,narrow,0.1,2024,2160,0,0,0.0,660.0,9,13,11,4,4,240.0,0,1839,0.9512,4,0,4,43,227
can_tho,mild,Reactive+T2,8,inf,narrow,0.1,2024,2160,0,0,0.0,600.0,10,14,10,4,1,60.0,0,1831,1.7485,4,0,4,48,232
can_tho,mild,Reactive+T2,9,inf,narrow,0.1,2024,2160,0,0,0.0,600.0,9,13,10,4,1,60.0,0,1804,1.3394,4,0,4,44,228
can_tho,mild,Reactive+blindARQ,0,inf,narrow,0.1,2024,2160,0,0,0.0,600.0,9,16,10,7,1,60.0,0,1861,2.2017,4,0,4,44,232
can_tho,mild,Reactive+blindARQ,1,inf,narrow,0.1,2024,2160,0,0,0.0,600.0,9,12,10,3,1,60.0,0,1864,0.9333,4,0,4,43,227
can_tho,mild,Reactive+blindARQ,2,inf,narrow,0.1,2024,2160,0,0,0.0,1020.0,9,18,17,9,8,480.0,0,1857,0.9333,4,0,4,43,226
can_tho,mild,Reactive+blindARQ,3,inf,narrow,0.1,2024,2160,0,0,0.0,1080.0,9,24,18,15,9,540.0,0,1824,2.015,4,0,4,45,231
can_tho,mild,Reactive+blindARQ,4,inf,narrow,0.1,2024,2160,0,0,0.0,780.0,9,20,13,11,4,240.0,0,1831,2.0502,4,0,4,44,231
can_tho,mild,Reactive+blindARQ,5,inf,narrow,0.1,2024,2160,0,0,0.0,1020.0,9,21,17,12,8,480.0,0,1826,1.7643,4,0,4,43,231
can_tho,mild,Reactive+blindARQ,6,inf,narrow,0.1,2024,2160,0,0,0.0,1320.0,9,26,22,17,13,780.0,0,1835,0.8302,4,0,4,42,226
can_tho,mild,Reactive+blindARQ,7,inf,narrow,0.1,2024,2160,0,0,0.0,900.0,9,19,15,10,6,360.0,0,1839,0.951,4,0,4,43,228
can_tho,mild,Reactive+blindARQ,8,inf,narrow,0.1,2024,2160,0,0,0.0,600.0,9,14,10,5,1,60.0,0,1831,1.7979,4,0,4,43,230
can_tho,mild,Reactive+blindARQ,9,inf,narrow,0.1,2024,2160,0,0,0.0,660.0,9,15,11,6,2,120.0,0,1804,1.3391,4,0,4,44,228
can_tho,mild,FixedSchedule,0,inf,narrow,0.1,2024,2160,0,0,0.0,1500.0,18,30,25,12,7,420.0,0,1861,1.4409,0,0,0,0,2
can_tho,mild,FixedSchedule,1,inf,narrow,0.1,2024,2160,0,0,0.0,1320.0,18,23,22,5,4,240.0,0,1864,0.004,0,0,0,0,2
can_tho,mild,FixedSchedule,2,inf,narrow,0.1,2024,2160,0,0,0.0,1680.0,18,37,28,19,10,600.0,0,1857,1.1423,0,0,0,0,1
can_tho,mild,FixedSchedule,3,inf,narrow,0.1,2024,2160,0,0,0.0,2040.0,18,45,34,27,16,960.0,0,1824,1.6965,0,0,0,0,1
can_tho,mild,FixedSchedule,4,inf,narrow,0.1,2024,2160,0,0,0.0,1500.0,18,29,25,11,7,420.0,0,1831,0.8443,0,0,0,0,0
can_tho,mild,FixedSchedule,5,inf,narrow,0.1,2024,2160,0,0,0.0,1800.0,18,36,30,18,12,720.0,0,1826,1.3067,0,0,0,0,1
can_tho,mild,FixedSchedule,6,inf,narrow,0.1,2024,2160,0,0,0.0,2160.0,18,41,36,23,18,1080.0,0,1835,0.0015,0,0,0,0,2
can_tho,mild,FixedSchedule,7,inf,narrow,0.1,2024,2160,0,0,0.0,1560.0,18,34,26,16,8,480.0,0,1839,1.6662,0,0,0,0,1
can_tho,mild,FixedSchedule,8,inf,narrow,0.1,2024,2160,0,0,0.0,1260.0,18,30,21,12,3,180.0,0,1831,1.4756,0,0,0,0,4
can_tho,mild,FixedSchedule,9,inf,narrow,0.1,2024,2160,0,0,0.0,1260.0,18,31,21,13,3,180.0,0,1804,2.1696,0,0,0,0,0
can_tho,mild,Oracle,0,inf,narrow,0.1,2024,2160,0,0,0.0,380.0,19,27,19,8,2,40.0,0,1861,1.2172,0,0,0,0,0
can_tho,mild,Oracle,1,inf,narrow,0.1,2024,2160,0,0,0.0,380.0,19,30,19,11,2,40.0,0,1864,1.5187,0,0,0,0,0
can_tho,mild,Oracle,2,inf,narrow,0.1,2024,2160,0,0,0.0,380.0,19,24,19,5,7,140.0,0,1857,0.9623,0,0,0,0,0
can_tho,mild,Oracle,3,inf,narrow,0.1,2024,2160,0,0,0.0,380.0,19,29,19,10,8,160.0,0,1824,1.3608,0,0,0,0,0
can_tho,mild,Oracle,4,inf,narrow,0.1,2024,2160,0,0,0.0,380.0,19,25,19,6,5,100.0,0,1831,1.1224,0,0,0,0,0
can_tho,mild,Oracle,5,inf,narrow,0.1,2024,2160,0,0,0.0,380.0,19,24,19,5,8,160.0,0,1826,0.9708,0,0,0,0,0
can_tho,mild,Oracle,6,inf,narrow,0.1,2024,2160,0,0,0.0,380.0,19,20,19,1,11,220.0,0,1835,0.4303,0,0,0,0,0
can_tho,mild,Oracle,7,inf,narrow,0.1,2024,2160,0,0,0.0,380.0,19,25,19,6,7,140.0,0,1839,1.0541,0,0,0,0,0
can_tho,mild,Oracle,8,inf,narrow,0.1,2024,2160,0,0,0.0,380.0,19,27,19,8,2,40.0,0,1831,1.2768,0,0,0,0,0
can_tho,mild,Oracle,9,inf,narrow,0.1,2024,2160,0,0,0.0,380.0,19,25,19,6,2,40.0,0,1804,1.1685,0,0,0,0,0
can_tho,mild,TwinGate+T2+centre,0,inf,narrow,0.1,2024,2160,0,0,0.0,320.0,14,18,16,4,3,60.0,76,1861,0.6086,14,0,13,979,745
can_tho,mild,TwinGate+T2+centre,1,inf,narrow,0.1,2024,2160,0,0,0.0,340.0,14,19,17,5,4,80.0,76,1864,0.9619,14,0,14,301,669
can_tho,mild,TwinGate+T2+centre,2,inf,narrow,0.1,2024,2160,0,0,0.0,340.0,15,24,17,9,5,100.0,75,1857,1.1386,13,0,13,328,692
can_tho,mild,TwinGate+T2+centre,3,inf,narrow,0.1,2024,2160,0,0,0.0,360.0,14,21,18,7,8,160.0,76,1824,0.7454,13,0,13,293,650
can_tho,mild,TwinGate+T2+centre,4,inf,narrow,0.1,2024,2160,0,0,0.0,360.0,13,18,18,5,6,120.0,77,1831,0.0,13,0,13,326,675
can_tho,mild,TwinGate+T2+centre,5,inf,narrow,0.1,2024,2160,0,0,0.0,340.0,12,18,17,6,8,160.0,78,1826,0.4303,12,0,12,297,611
can_tho,mild,TwinGate+T2+centre,6,inf,narrow,0.1,2024,2160,0,0,0.0,340.0,11,18,17,7,9,180.0,79,1835,0.4303,11,0,11,242,566
can_tho,mild,TwinGate+T2+centre,7,inf,narrow,0.1,2024,2160,0,0,0.0,340.0,11,19,17,8,7,140.0,79,1839,0.9622,10,0,10,235,544
can_tho,mild,TwinGate+T2+centre,8,inf,narrow,0.1,2024,2160,0,0,0.0,340.0,16,22,17,6,3,60.0,74,1831,1.0541,15,0,15,356,751
can_tho,mild,TwinGate+T2+centre,9,inf,narrow,0.1,2024,2160,0,0,0.0,320.0,14,18,16,4,3,60.0,76,1804,0.6086,15,0,14,979,770
can_tho,severe,TwinGate+T2,0,80.0,awd,0.02,2024,2160,736,0,84.4167,80.0,6,14,4,8,0,0.0,84,1861,0.7454,5,4,0,1871,1576
can_tho,severe,TwinGate+T2,1,80.0,awd,0.02,2024,2160,797,0,93.8136,80.0,3,5,4,2,1,20.0,87,1864,0.4303,4,3,0,1809,1504
can_tho,severe,TwinGate+T2,2,80.0,awd,0.02,2024,2160,797,0,93.81,80.0,3,11,4,8,1,20.0,87,1857,0.7454,4,3,0,1811,1505
can_tho,severe,TwinGate+T2,3,80.0,awd,0.02,2024,2160,852,0,99.5435,80.0,4,13,4,9,2,40.0,86,1824,0.8607,3,2,0,1808,1455
can_tho,severe,TwinGate+T2,4,80.0,awd,0.02,2024,2160,774,0,91.684,80.0,4,11,4,7,1,20.0,86,1831,0.6086,4,3,0,1840,1504
can_tho,severe,TwinGate+T2,5,80.0,awd,0.02,2024,2160,813,0,94.5204,80.0,3,4,4,1,1,20.0,87,1826,0.6085,4,3,0,1821,1521
can_tho,severe,TwinGate+T2,6,80.0,awd,0.02,2024,2160,988,0,119.4176,80.0,1,4,4,3,3,60.0,89,1835,0.6961,2,1,0,1820,1451
can_tho,severe,TwinGate+T2,7,80.0,awd,0.02,2024,2160,773,0,91.4841,80.0,4,12,4,8,2,40.0,86,1839,1.0539,4,3,0,1815,1521
can_tho,severe,TwinGate+T2,8,80.0,awd,0.02,2024,2160,735,0,82.2643,80.0,7,19,4,12,0,0.0,83,1831,0.8607,4,3,0,1785,1584
can_tho,severe,TwinGate+T2,9,80.0,awd,0.02,2024,2160,774,0,91.7164,80.0,4,11,4,7,1,20.0,86,1804,0.6086,4,3,0,1846,1524
can_tho,severe,TwinGate+blindARQ,0,80.0,awd,0.02,2024,2160,727,0,85.1424,80.0,4,23,4,19,0,0.0,86,1861,2.3586,5,4,0,1865,1584
can_tho,severe,TwinGate+blindARQ,1,80.0,awd,0.02,2024,2160,797,0,93.8136,80.0,3,5,4,2,1,20.0,87,1864,0.4303,4,3,0,1809,1504
can_tho,severe,TwinGate+blindARQ,2,80.0,awd,0.02,2024,2160,847,0,101.0476,80.0,2,17,4,15,2,40.0,88,1857,1.2723,3,2,0,1772,1456
can_tho,severe,TwinGate+blindARQ,3,80.0,awd,0.02,2024,2160,845,0,100.4349,80.0,2,27,4,25,2,40.0,88,1824,1.934,3,2,0,1778,1459
can_tho,severe,TwinGate+blindARQ,4,80.0,awd,0.02,2024,2160,813,0,94.5232,80.0,3,10,4,7,1,20.0,87,1831,0.7454,4,3,0,1822,1504
can_tho,severe,TwinGate+blindARQ,5,80.0,awd,0.02,2024,2160,813,0,94.5204,80.0,3,4,4,1,1,20.0,87,1826,0.6085,4,3,0,1821,1521
can_tho,severe,TwinGate+blindARQ,6,80.0,awd,0.02,2024,2160,988,0,119.4176,80.0,1,4,4,3,3,60.0,89,1835,0.6961,2,1,0,1820,1451
can_tho,severe,TwinGate+blindARQ,7,80.0,awd,0.02,2024,2160,846,0,100.6925,80.0,2,20,4,18,2,40.0,88,1839,2.281,3,2,0,1766,1454
can_tho,severe,TwinGate+blindARQ,8,80.0,awd,0.02,2024,2160,727,0,85.2405,80.0,4,23,4,19,0,0.0,86,1831,2.1858,5,4,0,1866,1584
can_tho,severe,TwinGate+blindARQ,9,80.0,awd,0.02,2024,2160,800,0,94.4302,80.0,3,13,4,10,1,20.0,87,1804,1.2906,4,3,0,1823,1529
can_tho,severe,Reactive+T2,0,80.0,awd,0.02,2024,2160,1013,0,122.5092,80.0,3,6,2,3,0,0.0,0,1861,0.6086,2,0,1,1771,1416
can_tho,severe,Reactive+T2,1,80.0,awd,0.02,2024,2160,989,0,119.6303,80.0,3,8,2,5,0,0.0,0,1864,0.8309,2,0,1,1748,1394
can_tho,severe,Reactive+T2,2,80.0,awd,0.02,2024,2160,1028,0,123.1425,80.0,2,3,2,1,0,0.0,0,1857,0.4303,1,0,0,1761,1394
can_tho,severe,Reactive+T2,3,80.0,awd,0.02,2024,2160,869,0,101.4322,80.0,8,26,2,18,0,0.0,0,1824,2.9036,3,1,1,1741,1413
can_tho,severe,Reactive+T2,4,80.0,awd,0.02,2024,2160,1010,0,121.3679,80.0,4,14,2,10,0,0.0,0,1831,1.5621,2,0,1,1779,1436
can_tho,severe,Reactive+T2,5,80.0,awd,0.02,2024,2160,1028,0,123.1453,80.0,2,5,2,3,0,0.0,0,1826,0.0,1,0,0,1761,1396
can_tho,severe,Reactive+T2,6,80.0,awd,0.02,2024,2160,1028,0,123.1401,80.0,2,6,2,4,0,0.0,0,1835,1.1744,1,0,0,1761,1397
can_tho,severe,Reactive+T2,7,80.0,awd,0.02,2024,2160,1013,0,122.5056,80.0,3,9,2,6,0,0.0,0,1839,0.9351,2,0,1,1774,1419
can_tho,severe,Reactive+T2,8,80.0,awd,0.02,2024,2160,1028,0,123.1467,80.0,2,3,2,1,0,0.0,0,1831,0.0,1,0,0,1761,1394
can_tho,severe,Reactive+T2,9,80.0,awd,0.02,2024,2160,1028,0,123.1371,80.0,2,4,2,2,0,0.0,0,1804,0.4303,1,0,0,1761,1395
can_tho,severe,Reactive+blindARQ,0,80.0,awd,0.02,2024,2160,1028,0,123.1446,80.0,2,7,2,5,0,0.0,0,1861,0.9562,1,0,0,1761,1398
can_tho,severe,Reactive+blindARQ,1,80.0,awd,0.02,2024,2160,1014,0,122.8137,80.0,2,11,2,9,0,0.0,0,1864,2.0387,1,0,0,1760,1400
can_tho,severe,Reactive+blindARQ,2,80.0,awd,0.02,2024,2160,1028,0,123.1425,80.0,2,3,2,1,0,0.0,0,1857,0.4303,1,0,0,1761,1394
can_tho,severe,Reactive+blindARQ,3,80.0,awd,0.02,2024,2160,1017,0,122.9873,80.0,2,10,2,8,0,0.0,0,1824,1.9083,1,0,0,1761,1400
can_tho,severe,Reactive+blindARQ,4,80.0,awd,0.02,2024,2160,1028,0,123.134,80.0,2,10,2,8,0,0.0,0,1831,1.7801,1,0,0,1761,1401
can_tho,severe,Reactive+blindARQ,5,80.0,awd,0.02,2024,2160,1028,0,123.1453,80.0,2,5,2,3,0,0.0,0,1826,0.0,1,0,0,1761,1396
can_tho,severe,Reactive+blindARQ,6,80.0,awd,0.02,2024,2160,1028,0,123.1401,80.0,2,6,2,4,0,0.0,0,1835,1.1744,1,0,0,1761,1397
can_tho,severe,Reactive+blindARQ,7,80.0,awd,0.02,2024,2160,1025,0,123.0455,80.0,2,12,2,10,0,0.0,0,1839,1.7562,1,0,0,1761,1403
can_tho,severe,Reactive+blindARQ,8,80.0,awd,0.02,2024,2160,1028,0,123.1467,80.0,2,3,2,1,0,0.0,0,1831,0.0,1,0,0,1761,1394
can_tho,severe,Reactive+blindARQ,9,80.0,awd,0.02,2024,2160,1028,0,123.1371,80.0,2,4,2,2,0,0.0,0,1804,0.4303,1,0,0,1761,1395
can_tho,severe,FixedSchedule,0,80.0,awd,0.02,2024,2160,1157,0,143.6819,80.0,2,9,2,7,0,0.0,0,1861,0.0044,2,0,1,1918,1548
can_tho,severe,FixedSchedule,1,80.0,awd,0.02,2024,2160,1169,0,144.288,80.0,2,12,2,10,0,0.0,0,1864,5.3668,1,0,0,1906,1532
can_tho,severe,FixedSchedule,2,80.0,awd,0.02,2024,2160,1157,0,143.7207,80.0,2,4,2,2,0,0.0,0,1857,3.7008,2,0,1,1916,1546
can_tho,severe,FixedSchedule,3,80.0,awd,0.02,2024,2160,1157,0,143.6809,80.0,2,11,2,9,0,0.0,0,1824,6.2952,2,0,1,1922,1552
can_tho,severe,FixedSchedule,4,80.0,awd,0.02,2024,2160,1157,0,143.6992,80.0,2,7,2,5,0,0.0,0,1831,0.0,2,0,1,1918,1548
can_tho,severe,FixedSchedule,5,80.0,awd,0.02,2024,2160,1157,0,143.6568,80.0,2,9,2,7,0,0.0,0,1826,3.7067,2,0,1,1916,1546
can_tho,severe,FixedSchedule,6,80.0,awd,0.02,2024,2160,1172,0,144.346,80.0,2,3,2,1,0,0.0,0,1835,3.9988,1,0,0,1906,1525
can_tho,severe,FixedSchedule,7,80.0,awd,0.02,2024,2160,1155,0,142.9003,80.0,2,18,2,16,0,0.0,0,1839,5.9176,2,0,1,1913,1546
can_tho,severe,FixedSchedule,8,80.0,awd,0.02,2024,2160,1157,0,143.6824,80.0,2,8,2,6,0,0.0,0,1831,0.0059,2,0,1,1916,1546
can_tho,severe,FixedSchedule,9,80.0,awd,0.02,2024,2160,1155,0,142.9207,80.0,2,13,2,11,0,0.0,0,1804,3.7779,2,0,1,1908,1541
can_tho,severe,Oracle,0,80.0,awd,0.02,2024,2160,720,0,82.8154,80.0,4,14,4,10,0,0.0,0,1861,1.0541,5,4,0,1911,1584
can_tho,severe,Oracle,1,80.0,awd,0.02,2024,2160,719,0,82.726,80.0,4,19,4,15,0,0.0,0,1864,1.2172,5,4,0,1898,1584
can_tho,severe,Oracle,2,80.0,awd,0.02,2024,2160,720,0,82.8199,80.0,4,10,4,6,1,20.0,0,1857,1.0541,5,4,0,1907,1584
can_tho,severe,Oracle,3,80.0,awd,0.02,2024,2160,720,0,82.8172,80.0,4,12,4,8,1,20.0,0,1824,1.0541,5,4,0,1909,1584
can_tho,severe,Oracle,4,80.0,awd,0.02,2024,2160,720,0,82.8194,80.0,4,11,4,7,0,0.0,0,1831,0.7454,5,4,0,1908,1584
can_tho,severe,Oracle,5,80.0,awd,0.02,2024,2160,720,0,82.8169,80.0,4,7,4,3,0,0.0,0,1826,0.4303,5,4,0,1904,1584
can_tho,severe,Oracle,6,80.0,awd,0.02,2024,2160,720,0,82.8102,80.0,4,11,4,7,2,40.0,0,1835,1.0541,5,4,0,1908,1584
can_tho,severe,Oracle,7,80.0,awd,0.02,2024,2160,720,0,82.8191,80.0,4,6,4,2,2,40.0,0,1839,0.6086,5,4,0,1903,1584
can_tho,severe,Oracle,8,80.0,awd,0.02,2024,2160,718,0,82.6247,80.0,4,22,4,18,0,0.0,0,1831,2.1994,5,4,0,1915,1584
can_tho,severe,Oracle,9,80.0,awd,0.02,2024,2160,720,0,82.8215,80.0,4,4,4,0,1,20.0,0,1804,0.4303,5,4,0,1901,1584
can_tho,severe,TwinGate+T2+centre,0,80.0,awd,0.02,2024,2160,917,0,110.2657,80.0,4,9,4,5,0,0.0,86,1861,0.0,3,0,2,1693,1395
can_tho,severe,TwinGate+T2+centre,1,80.0,awd,0.02,2024,2160,918,0,110.4678,80.0,3,6,4,3,1,20.0,87,1864,0.6086,3,0,2,1690,1379
can_tho,severe,TwinGate+T2+centre,2,80.0,awd,0.02,2024,2160,916,0,109.7606,80.0,4,13,4,9,1,20.0,86,1857,0.7454,4,0,3,1707,1388
can_tho,severe,TwinGate+T2+centre,3,80.0,awd,0.02,2024,2160,870,0,101.4758,80.0,7,24,3,17,1,20.0,83,1824,1.2171,3,1,1,1740,1413
can_tho,severe,TwinGate+T2+centre,4,80.0,awd,0.02,2024,2160,891,0,105.9859,80.0,7,23,4,16,1,20.0,83,1831,1.0541,5,0,4,1745,1464
can_tho,severe,TwinGate+T2+centre,5,80.0,awd,0.02,2024,2160,919,0,110.5621,80.0,3,4,4,1,1,20.0,87,1826,0.4303,3,0,2,1690,1362
can_tho,severe,TwinGate+T2+centre,6,80.0,awd,0.02,2024,2160,988,0,119.4316,80.0,3,11,4,8,3,60.0,87,1835,0.9623,2,0,1,1772,1432
can_tho,severe,TwinGate+T2+centre,7,80.0,awd,0.02,2024,2160,891,0,106.2957,80.0,6,21,4,15,1,20.0,84,1839,1.2171,2,1,0,1727,1396
can_tho,severe,TwinGate+T2+centre,8,80.0,awd,0.02,2024,2160,910,0,108.1781,80.0,6,13,4,7,0,0.0,84,1831,0.7454,4,0,3,1720,1434
can_tho,severe,TwinGate+T2+centre,9,80.0,awd,0.02,2024,2160,919,0,110.5621,80.0,3,5,4,2,1,20.0,87,1804,0.7451,3,0,2,1690,1362
can_tho,severe,TwinGate+T2,0,80.0,mid,0.05,2024,2160,837,0,97.8985,80.0,7,17,4,10,0,0.0,83,1861,0.9622,5,1,3,1799,1538
can_tho,severe,TwinGate+T2,1,80.0,mid,0.05,2024,2160,868,0,103.3967,80.0,4,13,4,9,1,20.0,86,1864,0.6086,4,0,3,1765,1472
can_tho,severe,TwinGate+T2,2,80.0,mid,0.05,2024,2160,846,0,100.7014,80.0,6,19,4,13,0,0.0,84,1857,1.054,5,0,4,1795,1515
can_tho,severe,TwinGate+T2,3,80.0,mid,0.05,2024,2160,900,0,106.3335,80.0,6,20,4,14,2,40.0,84,1824,1.3608,3,1,1,1811,1453
can_tho,severe,TwinGate+T2,4,80.0,mid,0.05,2024,2160,889,0,105.1342,80.0,3,9,4,6,1,20.0,87,1831,0.4303,4,0,3,1759,1466
can_tho,severe,TwinGate+T2,5,80.0,mid,0.05,2024,2160,868,0,103.434,80.0,4,9,4,5,1,20.0,86,1826,0.0,5,0,4,1776,1507
can_tho,severe,TwinGate+T2,6,80.0,mid,0.05,2024,2160,889,0,105.1142,80.0,3,10,4,7,2,40.0,87,1835,0.7454,4,0,3,1762,1467
can_tho,severe,TwinGate+T2,7,80.0,mid,0.05,2024,2160,863,0,101.6184,80.0,5,20,4,15,1,20.0,85,1839,1.1385,4,1,2,1770,1487
can_tho,severe,TwinGate+T2,8,80.0,mid,0.05,2024,2160,820,0,96.658,80.0,7,18,4,11,0,0.0,83,1831,1.0541,5,2,2,1819,1541
can_tho,severe,TwinGate+T2,9,80.0,mid,0.05,2024,2160,888,0,104.9765,80.0,3,6,4,3,1,20.0,87,1804,0.4303,4,0,3,1758,1463
can_tho,severe,TwinGate+blindARQ,0,80.0,mid,0.05,2024,2160,868,0,103.4465,80.0,4,10,4,6,0,0.0,86,1861,0.9622,5,0,4,1777,1508
can_tho,severe,TwinGate+blindARQ,1,80.0,mid,0.05,2024,2160,887,0,104.601,80.0,3,19,4,16,1,20.0,87,1864,1.291,4,0,3,1769,1477
can_tho,severe,TwinGate+blindARQ,2,80.0,mid,0.05,2024,2160,938,0,112.4803,80.0,2,15,4,13,2,40.0,88,1857,1.2171,3,0,2,1769,1436
can_tho,severe,TwinGate+blindARQ,3,80.0,mid,0.05,2024,2160,939,0,112.8283,80.0,2,8,4,6,2,40.0,88,1824,0.7454,3,0,2,1770,1437
can_tho,severe,TwinGate+blindARQ,4,80.0,mid,0.05,2024,2160,889,0,105.1342,80.0,3,9,4,6,1,20.0,87,1831,0.4303,4,0,3,1759,1466
can_tho,severe,TwinGate+blindARQ,5,80.0,mid,0.05,2024,2160,888,0,104.9562,80.0,3,14,4,11,1,20.0,87,1826,0.9623,4,0,3,1760,1466
can_tho,severe,TwinGate+blindARQ,6,80.0,mid,0.05,2024,2160,1030,0,123.261,80.0,1,22,4,21,3,60.0,89,1835,1.7602,2,0,1,1796,1427
can_tho,severe,TwinGate+blindARQ,7,80.0,mid,0.05,2024,2160,907,0,108.0095,80.0,2,13,4,11,2,40.0,88,1839,1.1446,3,0,2,1737,1407
can_tho,severe,TwinGate+blindARQ,8,80.0,mid,0.05,2024,2160,868,0,103.4482,80.0,4,9,4,5,0,0.0,86,1831,0.6086,5,0,4,1776,1507
can_tho,severe,TwinGate+blindARQ,9,80.0,mid,0.05,2024,2160,888,0,104.9765,80.0,3,6,4,3,1,20.0,87,1804,0.4303,4,0,3,1758,1463
can_tho,severe,Reactive+T2,0,80.0,mid,0.05,2024,2160,1013,0,122.5092,80.0,3,6,2,3,0,0.0,0,1861,0.6086,2,0,1,1771,1416
can_tho,severe,Reactive+T2,1,80.0,mid,0.05,2024,2160,989,0,119.6303,80.0,3,8,2,5,0,0.0,0,1864,0.8309,2,0,1,1748,1394
can_tho,severe,Reactive+T2,2,80.0,mid,0.05,2024,2160,1028,0,123.1425,80.0,2,3,2,1,0,0.0,0,1857,0.4303,1,0,0,1761,1394
can_tho,severe,Reactive+T2,3,80.0,mid,0.05,2024,2160,869,0,101.4322,80.0,8,26,2,18,0,0.0,0,1824,2.9036,3,1,1,1741,1413
can_tho,severe,Reactive+T2,4,80.0,mid,0.05,2024,2160,1010,0,121.3679,80.0,4,14,2,10,0,0.0,0,1831,1.5621,2,0,1,1779,1436
can_tho,severe,Reactive+T2,5,80.0,mid,0.05,2024,2160,1028,0,123.1453,80.0,2,5,2,3,0,0.0,0,1826,0.0,1,0,0,1761,1396
can_tho,severe,Reactive+T2,6,80.0,mid,0.05,2024,2160,1028,0,123.1401,80.0,2,6,2,4,0,0.0,0,1835,1.1744,1,0,0,1761,1397
can_tho,severe,Reactive+T2,7,80.0,mid,0.05,2024,2160,1013,0,122.5056,80.0,3,9,2,6,0,0.0,0,1839,0.9351,2,0,1,1774,1419
can_tho,severe,Reactive+T2,8,80.0,mid,0.05,2024,2160,1028,0,123.1467,80.0,2,3,2,1,0,0.0,0,1831,0.0,1,0,0,1761,1394
can_tho,severe,Reactive+T2,9,80.0,mid,0.05,2024,2160,1028,0,123.1371,80.0,2,4,2,2,0,0.0,0,1804,0.4303,1,0,0,1761,1395
can_tho,severe,Reactive+blindARQ,0,80.0,mid,0.05,2024,2160,1028,0,123.1446,80.0,2,7,2,5,0,0.0,0,1861,0.9562,1,0,0,1761,1398
can_tho,severe,Reactive+blindARQ,1,80.0,mid,0.05,2024,2160,1014,0,122.8137,80.0,2,11,2,9,0,0.0,0,1864,2.0387,1,0,0,1760,1400
can_tho,severe,Reactive+blindARQ,2,80.0,mid,0.05,2024,2160,1028,0,123.1425,80.0,2,3,2,1,0,0.0,0,1857,0.4303,1,0,0,1761,1394
can_tho,severe,Reactive+blindARQ,3,80.0,mid,0.05,2024,2160,1017,0,122.9873,80.0,2,10,2,8,0,0.0,0,1824,1.9083,1,0,0,1761,1400
can_tho,severe,Reactive+blindARQ,4,80.0,mid,0.05,2024,2160,1028,0,123.134,80.0,2,10,2,8,0,0.0,0,1831,1.7801,1,0,0,1761,1401
can_tho,severe,Reactive+blindARQ,5,80.0,mid,0.05,2024,2160,1028,0,123.1453,80.0,2,5,2,3,0,0.0,0,1826,0.0,1,0,0,1761,1396
can_tho,severe,Reactive+blindARQ,6,80.0,mid,0.05,2024,2160,1028,0,123.1401,80.0,2,6,2,4,0,0.0,0,1835,1.1744,1,0,0,1761,1397
can_tho,severe,Reactive+blindARQ,7,80.0,mid,0.05,2024,2160,1025,0,123.0455,80.0,2,12,2,10,0,0.0,0,1839,1.7562,1,0,0,1761,1403
can_tho,severe,Reactive+blindARQ,8,80.0,mid,0.05,2024,2160,1028,0,123.1467,80.0,2,3,2,1,0,0.0,0,1831,0.0,1,0,0,1761,1394
can_tho,severe,Reactive+blindARQ,9,80.0,mid,0.05,2024,2160,1028,0,123.1371,80.0,2,4,2,2,0,0.0,0,1804,0.4303,1,0,0,1761,1395
can_tho,severe,FixedSchedule,0,80.0,mid,0.05,2024,2160,1157,0,143.6819,80.0,2,9,2,7,0,0.0,0,1861,0.0044,2,0,1,1918,1548
can_tho,severe,FixedSchedule,1,80.0,mid,0.05,2024,2160,1169,0,144.288,80.0,2,12,2,10,0,0.0,0,1864,5.3668,1,0,0,1906,1532
can_tho,severe,FixedSchedule,2,80.0,mid,0.05,2024,2160,1157,0,143.7207,80.0,2,4,2,2,0,0.0,0,1857,3.7008,2,0,1,1916,1546
can_tho,severe,FixedSchedule,3,80.0,mid,0.05,2024,2160,1157,0,143.6809,80.0,2,11,2,9,0,0.0,0,1824,6.2952,2,0,1,1922,1552
can_tho,severe,FixedSchedule,4,80.0,mid,0.05,2024,2160,1157,0,143.6992,80.0,2,7,2,5,0,0.0,0,1831,0.0,2,0,1,1918,1548
can_tho,severe,FixedSchedule,5,80.0,mid,0.05,2024,2160,1157,0,143.6568,80.0,2,9,2,7,0,0.0,0,1826,3.7067,2,0,1,1916,1546
can_tho,severe,FixedSchedule,6,80.0,mid,0.05,2024,2160,1172,0,144.346,80.0,2,3,2,1,0,0.0,0,1835,3.9988,1,0,0,1906,1525
can_tho,severe,FixedSchedule,7,80.0,mid,0.05,2024,2160,1155,0,142.9003,80.0,2,18,2,16,0,0.0,0,1839,5.9176,2,0,1,1913,1546
can_tho,severe,FixedSchedule,8,80.0,mid,0.05,2024,2160,1157,0,143.6824,80.0,2,8,2,6,0,0.0,0,1831,0.0059,2,0,1,1916,1546
can_tho,severe,FixedSchedule,9,80.0,mid,0.05,2024,2160,1155,0,142.9207,80.0,2,13,2,11,0,0.0,0,1804,3.7779,2,0,1,1908,1541
can_tho,severe,Oracle,0,80.0,mid,0.05,2024,2160,720,0,82.8154,80.0,4,14,4,10,0,0.0,0,1861,1.0541,5,4,0,1911,1584
can_tho,severe,Oracle,1,80.0,mid,0.05,2024,2160,719,0,82.726,80.0,4,19,4,15,0,0.0,0,1864,1.2172,5,4,0,1898,1584
can_tho,severe,Oracle,2,80.0,mid,0.05,2024,2160,720,0,82.8199,80.0,4,10,4,6,1,20.0,0,1857,1.0541,5,4,0,1907,1584
can_tho,severe,Oracle,3,80.0,mid,0.05,2024,2160,720,0,82.8172,80.0,4,12,4,8,1,20.0,0,1824,1.0541,5,4,0,1909,1584
can_tho,severe,Oracle,4,80.0,mid,0.05,2024,2160,720,0,82.8194,80.0,4,11,4,7,0,0.0,0,1831,0.7454,5,4,0,1908,1584
can_tho,severe,Oracle,5,80.0,mid,0.05,2024,2160,720,0,82.8169,80.0,4,7,4,3,0,0.0,0,1826,0.4303,5,4,0,1904,1584
can_tho,severe,Oracle,6,80.0,mid,0.05,2024,2160,720,0,82.8102,80.0,4,11,4,7,2,40.0,0,1835,1.0541,5,4,0,1908,1584
can_tho,severe,Oracle,7,80.0,mid,0.05,2024,2160,720,0,82.8191,80.0,4,6,4,2,2,40.0,0,1839,0.6086,5,4,0,1903,1584
can_tho,severe,Oracle,8,80.0,mid,0.05,2024,2160,718,0,82.6247,80.0,4,22,4,18,0,0.0,0,1831,2.1994,5,4,0,1915,1584
can_tho,severe,Oracle,9,80.0,mid,0.05,2024,2160,720,0,82.8215,80.0,4,4,4,0,1,20.0,0,1804,0.4303,5,4,0,1901,1584
can_tho,severe,TwinGate+T2+centre,0,80.0,mid,0.05,2024,2160,917,0,110.2657,80.0,4,9,4,5,0,0.0,86,1861,0.0,3,0,2,1693,1395
can_tho,severe,TwinGate+T2+centre,1,80.0,mid,0.05,2024,2160,918,0,110.4678,80.0,3,6,4,3,1,20.0,87,1864,0.6086,3,0,2,1690,1379
can_tho,severe,TwinGate+T2+centre,2,80.0,mid,0.05,2024,2160,916,0,109.7606,80.0,4,13,4,9,1,20.0,86,1857,0.7454,4,0,3,1707,1388
can_tho,severe,TwinGate+T2+centre,3,80.0,mid,0.05,2024,2160,870,0,101.4758,80.0,7,24,3,17,1,20.0,83,1824,1.2171,3,1,1,1740,1413
can_tho,severe,TwinGate+T2+centre,4,80.0,mid,0.05,2024,2160,891,0,105.9859,80.0,7,23,4,16,1,20.0,83,1831,1.0541,5,0,4,1745,1464
can_tho,severe,TwinGate+T2+centre,5,80.0,mid,0.05,2024,2160,919,0,110.5621,80.0,3,4,4,1,1,20.0,87,1826,0.4303,3,0,2,1690,1362
can_tho,severe,TwinGate+T2+centre,6,80.0,mid,0.05,2024,2160,988,0,119.4316,80.0,3,11,4,8,3,60.0,87,1835,0.9623,2,0,1,1772,1432
can_tho,severe,TwinGate+T2+centre,7,80.0,mid,0.05,2024,2160,891,0,106.2957,80.0,6,21,4,15,1,20.0,84,1839,1.2171,2,1,0,1727,1396
can_tho,severe,TwinGate+T2+centre,8,80.0,mid,0.05,2024,2160,910,0,108.1781,80.0,6,13,4,7,0,0.0,84,1831,0.7454,4,0,3,1720,1434
can_tho,severe,TwinGate+T2+centre,9,80.0,mid,0.05,2024,2160,919,0,110.5621,80.0,3,5,4,2,1,20.0,87,1804,0.7451,3,0,2,1690,1362
can_tho,severe,TwinGate+T2,0,80.0,narrow,0.1,2024,2160,890,0,105.6108,80.0,5,11,4,6,0,0.0,85,1861,0.4303,5,0,4,1759,1464
can_tho,severe,TwinGate+T2,1,80.0,narrow,0.1,2024,2160,913,0,108.846,80.0,3,5,4,2,1,20.0,87,1864,0.4303,4,0,3,1723,1403
can_tho,severe,TwinGate+T2,2,80.0,narrow,0.1,2024,2160,961,0,115.8658,80.0,2,4,4,2,2,40.0,88,1857,0.6086,3,0,2,1758,1412
can_tho,severe,TwinGate+T2,3,80.0,narrow,0.1,2024,2160,857,0,94.3911,80.0,6,20,3,14,1,20.0,84,1824,1.1385,4,1,2,1788,1474
can_tho,severe,TwinGate+T2,4,80.0,narrow,0.1,2024,2160,890,0,105.5735,80.0,5,17,4,12,0,0.0,85,1831,0.7454,5,0,4,1764,1469
can_tho,severe,TwinGate+T2,5,80.0,narrow,0.1,2024,2160,914,0,108.9619,80.0,3,4,4,1,1,20.0,87,1826,0.4303,4,0,3,1722,1401
can_tho,severe,TwinGate+T2,6,80.0,narrow,0.1,2024,2160,894,0,107.262,80.0,4,16,4,12,3,60.0,86,1835,1.0541,4,0,3,1733,1435
can_tho,severe,TwinGate+T2,7,80.0,narrow,0.1,2024,2160,948,0,105.514,80.0,3,11,2,8,1,40.0,87,1839,1.1385,2,1,0,1821,1453
can_tho,severe,TwinGate+T2,8,80.0,narrow,0.1,2024,2160,893,0,107.2146,80.0,4,8,4,4,0,0.0,86,1831,0.4303,5,0,4,1740,1453
can_tho,severe,TwinGate+T2,9,80.0,narrow,0.1,2024,2160,893,0,107.2162,80.0,4,8,4,4,0,0.0,86,1804,0.8607,5,0,4,1737,1450
can_tho,severe,TwinGate+blindARQ,0,80.0,narrow,0.1,2024,2160,893,0,107.1918,80.0,4,11,4,7,0,0.0,86,1861,0.4303,5,0,4,1743,1456
can_tho,severe,TwinGate+blindARQ,1,80.0,narrow,0.1,2024,2160,913,0,108.846,80.0,3,5,4,2,1,20.0,87,1864,0.4303,4,0,3,1723,1403
can_tho,severe,TwinGate+blindARQ,2,80.0,narrow,0.1,2024,2160,961,0,115.8658,80.0,2,4,4,2,2,40.0,88,1857,0.6086,3,0,2,1758,1412
can_tho,severe,TwinGate+blindARQ,3,80.0,narrow,0.1,2024,2160,961,0,115.5362,80.0,2,17,4,15,2,40.0,88,1824,1.2172,3,0,2,1769,1423
can_tho,severe,TwinGate+blindARQ,4,80.0,narrow,0.1,2024,2160,896,0,107.8763,80.0,3,18,4,15,1,20.0,87,1831,1.2172,4,0,3,1743,1432
can_tho,severe,TwinGate+blindARQ,5,80.0,narrow,0.1,2024,2160,914,0,108.9619,80.0,3,4,4,1,1,20.0,87,1826,0.4303,4,0,3,1722,1401
can_tho,severe,TwinGate+blindARQ,6,80.0,narrow,0.1,2024,2160,1056,0,127.0932,80.0,1,20,4,19,3,60.0,89,1835,1.1463,2,0,1,1804,1435
can_tho,severe,TwinGate+blindARQ,7,80.0,narrow,0.1,2024,2160,915,0,109.2374,80.0,2,13,4,11,2,40.0,88,1839,1.1446,3,0,2,1720,1387
can_tho,severe,TwinGate+blindARQ,8,80.0,narrow,0.1,2024,2160,893,0,107.2146,80.0,4,8,4,4,0,0.0,86,1831,0.4303,5,0,4,1740,1453
can_tho,severe,TwinGate+blindARQ,9,80.0,narrow,0.1,2024,2160,914,0,108.9619,80.0,3,13,4,10,1,20.0,87,1804,1.3599,4,0,3,1722,1401
can_tho,severe,Reactive+T2,0,80.0,narrow,0.1,2024,2160,1013,0,122.5092,80.0,3,6,2,3,0,0.0,0,1861,0.6086,2,0,1,1771,1416
can_tho,severe,Reactive+T2,1,80.0,narrow,0.1,2024,2160,989,0,119.6303,80.0,3,8,2,5,0,0.0,0,1864,0.8309,2,0,1,1748,1394
can_tho,severe,Reactive+T2,2,80.0,narrow,0.1,2024,2160,1028,0,123.1425,80.0,2,3,2,1,0,0.0,0,1857,0.4303,1,0,0,1761,1394
can_tho,severe,Reactive+T2,3,80.0,narrow,0.1,2024,2160,869,0,101.4322,80.0,8,26,2,18,0,0.0,0,1824,2.9036,3,1,1,1741,1413
can_tho,severe,Reactive+T2,4,80.0,narrow,0.1,2024,2160,1010,0,121.3679,80.0,4,14,2,10,0,0.0,0,1831,1.5621,2,0,1,1779,1436
can_tho,severe,Reactive+T2,5,80.0,narrow,0.1,2024,2160,1028,0,123.1453,80.0,2,5,2,3,0,0.0,0,1826,0.0,1,0,0,1761,1396
can_tho,severe,Reactive+T2,6,80.0,narrow,0.1,2024,2160,1028,0,123.1401,80.0,2,6,2,4,0,0.0,0,1835,1.1744,1,0,0,1761,1397
can_tho,severe,Reactive+T2,7,80.0,narrow,0.1,2024,2160,1013,0,122.5056,80.0,3,9,2,6,0,0.0,0,1839,0.9351,2,0,1,1774,1419
can_tho,severe,Reactive+T2,8,80.0,narrow,0.1,2024,2160,1028,0,123.1467,80.0,2,3,2,1,0,0.0,0,1831,0.0,1,0,0,1761,1394
can_tho,severe,Reactive+T2,9,80.0,narrow,0.1,2024,2160,1028,0,123.1371,80.0,2,4,2,2,0,0.0,0,1804,0.4303,1,0,0,1761,1395
can_tho,severe,Reactive+blindARQ,0,80.0,narrow,0.1,2024,2160,1028,0,123.1446,80.0,2,7,2,5,0,0.0,0,1861,0.9562,1,0,0,1761,1398
can_tho,severe,Reactive+blindARQ,1,80.0,narrow,0.1,2024,2160,1014,0,122.8137,80.0,2,11,2,9,0,0.0,0,1864,2.0387,1,0,0,1760,1400
can_tho,severe,Reactive+blindARQ,2,80.0,narrow,0.1,2024,2160,1028,0,123.1425,80.0,2,3,2,1,0,0.0,0,1857,0.4303,1,0,0,1761,1394
can_tho,severe,Reactive+blindARQ,3,80.0,narrow,0.1,2024,2160,1017,0,122.9873,80.0,2,10,2,8,0,0.0,0,1824,1.9083,1,0,0,1761,1400
can_tho,severe,Reactive+blindARQ,4,80.0,narrow,0.1,2024,2160,1028,0,123.134,80.0,2,10,2,8,0,0.0,0,1831,1.7801,1,0,0,1761,1401
can_tho,severe,Reactive+blindARQ,5,80.0,narrow,0.1,2024,2160,1028,0,123.1453,80.0,2,5,2,3,0,0.0,0,1826,0.0,1,0,0,1761,1396
can_tho,severe,Reactive+blindARQ,6,80.0,narrow,0.1,2024,2160,1028,0,123.1401,80.0,2,6,2,4,0,0.0,0,1835,1.1744,1,0,0,1761,1397
can_tho,severe,Reactive+blindARQ,7,80.0,narrow,0.1,2024,2160,1025,0,123.0455,80.0,2,12,2,10,0,0.0,0,1839,1.7562,1,0,0,1761,1403
can_tho,severe,Reactive+blindARQ,8,80.0,narrow,0.1,2024,2160,1028,0,123.1467,80.0,2,3,2,1,0,0.0,0,1831,0.0,1,0,0,1761,1394
can_tho,severe,Reactive+blindARQ,9,80.0,narrow,0.1,2024,2160,1028,0,123.1371,80.0,2,4,2,2,0,0.0,0,1804,0.4303,1,0,0,1761,1395
can_tho,severe,FixedSchedule,0,80.0,narrow,0.1,2024,2160,1157,0,143.6819,80.0,2,9,2,7,0,0.0,0,1861,0.0044,2,0,1,1918,1548
can_tho,severe,FixedSchedule,1,80.0,narrow,0.1,2024,2160,1169,0,144.288,80.0,2,12,2,10,0,0.0,0,1864,5.3668,1,0,0,1906,1532
can_tho,severe,FixedSchedule,2,80.0,narrow,0.1,2024,2160,1157,0,143.7207,80.0,2,4,2,2,0,0.0,0,1857,3.7008,2,0,1,1916,1546
can_tho,severe,FixedSchedule,3,80.0,narrow,0.1,2024,2160,1157,0,143.6809,80.0,2,11,2,9,0,0.0,0,1824,6.2952,2,0,1,1922,1552
can_tho,severe,FixedSchedule,4,80.0,narrow,0.1,2024,2160,1157,0,143.6992,80.0,2,7,2,5,0,0.0,0,1831,0.0,2,0,1,1918,1548
can_tho,severe,FixedSchedule,5,80.0,narrow,0.1,2024,2160,1157,0,143.6568,80.0,2,9,2,7,0,0.0,0,1826,3.7067,2,0,1,1916,1546
can_tho,severe,FixedSchedule,6,80.0,narrow,0.1,2024,2160,1172,0,144.346,80.0,2,3,2,1,0,0.0,0,1835,3.9988,1,0,0,1906,1525
can_tho,severe,FixedSchedule,7,80.0,narrow,0.1,2024,2160,1155,0,142.9003,80.0,2,18,2,16,0,0.0,0,1839,5.9176,2,0,1,1913,1546
can_tho,severe,FixedSchedule,8,80.0,narrow,0.1,2024,2160,1157,0,143.6824,80.0,2,8,2,6,0,0.0,0,1831,0.0059,2,0,1,1916,1546
can_tho,severe,FixedSchedule,9,80.0,narrow,0.1,2024,2160,1155,0,142.9207,80.0,2,13,2,11,0,0.0,0,1804,3.7779,2,0,1,1908,1541
can_tho,severe,Oracle,0,80.0,narrow,0.1,2024,2160,720,0,82.8154,80.0,4,14,4,10,0,0.0,0,1861,1.0541,5,4,0,1911,1584
can_tho,severe,Oracle,1,80.0,narrow,0.1,2024,2160,719,0,82.726,80.0,4,19,4,15,0,0.0,0,1864,1.2172,5,4,0,1898,1584
can_tho,severe,Oracle,2,80.0,narrow,0.1,2024,2160,720,0,82.8199,80.0,4,10,4,6,1,20.0,0,1857,1.0541,5,4,0,1907,1584
can_tho,severe,Oracle,3,80.0,narrow,0.1,2024,2160,720,0,82.8172,80.0,4,12,4,8,1,20.0,0,1824,1.0541,5,4,0,1909,1584
can_tho,severe,Oracle,4,80.0,narrow,0.1,2024,2160,720,0,82.8194,80.0,4,11,4,7,0,0.0,0,1831,0.7454,5,4,0,1908,1584
can_tho,severe,Oracle,5,80.0,narrow,0.1,2024,2160,720,0,82.8169,80.0,4,7,4,3,0,0.0,0,1826,0.4303,5,4,0,1904,1584
can_tho,severe,Oracle,6,80.0,narrow,0.1,2024,2160,720,0,82.8102,80.0,4,11,4,7,2,40.0,0,1835,1.0541,5,4,0,1908,1584
can_tho,severe,Oracle,7,80.0,narrow,0.1,2024,2160,720,0,82.8191,80.0,4,6,4,2,2,40.0,0,1839,0.6086,5,4,0,1903,1584
can_tho,severe,Oracle,8,80.0,narrow,0.1,2024,2160,718,0,82.6247,80.0,4,22,4,18,0,0.0,0,1831,2.1994,5,4,0,1915,1584
can_tho,severe,Oracle,9,80.0,narrow,0.1,2024,2160,720,0,82.8215,80.0,4,4,4,0,1,20.0,0,1804,0.4303,5,4,0,1901,1584
can_tho,severe,TwinGate+T2+centre,0,80.0,narrow,0.1,2024,2160,890,0,105.6108,80.0,5,11,4,6,0,0.0,85,1861,0.4303,5,0,4,1759,1464
can_tho,severe,TwinGate+T2+centre,1,80.0,narrow,0.1,2024,2160,913,0,108.846,80.0,3,5,4,2,1,20.0,87,1864,0.4303,4,0,3,1723,1403
can_tho,severe,TwinGate+T2+centre,2,80.0,narrow,0.1,2024,2160,961,0,115.8658,80.0,2,4,4,2,2,40.0,88,1857,0.6086,3,0,2,1758,1412
can_tho,severe,TwinGate+T2+centre,3,80.0,narrow,0.1,2024,2160,857,0,94.3911,80.0,6,20,3,14,1,20.0,84,1824,1.1385,4,1,2,1788,1474
can_tho,severe,TwinGate+T2+centre,4,80.0,narrow,0.1,2024,2160,890,0,105.5735,80.0,5,17,4,12,0,0.0,85,1831,0.7454,5,0,4,1764,1469
can_tho,severe,TwinGate+T2+centre,5,80.0,narrow,0.1,2024,2160,914,0,108.9619,80.0,3,4,4,1,1,20.0,87,1826,0.4303,4,0,3,1722,1401
can_tho,severe,TwinGate+T2+centre,6,80.0,narrow,0.1,2024,2160,894,0,107.262,80.0,4,16,4,12,3,60.0,86,1835,1.0541,4,0,3,1733,1435
can_tho,severe,TwinGate+T2+centre,7,80.0,narrow,0.1,2024,2160,948,0,105.514,80.0,3,11,2,8,1,40.0,87,1839,1.1385,2,1,0,1821,1453
can_tho,severe,TwinGate+T2+centre,8,80.0,narrow,0.1,2024,2160,893,0,107.2146,80.0,4,8,4,4,0,0.0,86,1831,0.4303,5,0,4,1740,1453
can_tho,severe,TwinGate+T2+centre,9,80.0,narrow,0.1,2024,2160,893,0,107.2162,80.0,4,8,4,4,0,0.0,86,1804,0.8607,5,0,4,1737,1450
can_tho,severe,TwinGate+T2,0,160.0,awd,0.02,2024,2160,252,0,16.7169,160.0,12,28,8,16,0,0.0,78,1861,1.1386,9,8,0,1800,1545
can_tho,severe,TwinGate+T2,1,160.0,awd,0.02,2024,2160,339,0,30.2442,160.0,7,14,8,7,1,20.0,83,1864,0.4303,8,7,0,1714,1496
can_tho,severe,TwinGate+T2,2,160.0,awd,0.02,2024,2160,533,0,57.5518,160.0,4,15,8,11,4,80.0,86,1857,1.0311,5,4,0,1633,1352
can_tho,severe,TwinGate+T2,3,160.0,awd,0.02,2024,2160,488,0,48.0869,160.0,6,20,8,14,4,80.0,84,1824,1.0541,5,4,0,1601,1301
can_tho,severe,TwinGate+T2,4,160.0,awd,0.02,2024,2160,338,0,30.1984,160.0,8,22,8,14,1,20.0,82,1831,0.8607,8,7,0,1726,1484
can_tho,severe,TwinGate+T2,5,160.0,awd,0.02,2024,2160,386,0,36.9854,160.0,6,10,8,4,3,60.0,84,1826,0.8606,7,6,0,1660,1431
can_tho,severe,TwinGate+T2,6,160.0,awd,0.02,2024,2160,528,0,55.513,160.0,6,19,8,13,4,80.0,84,1835,1.107,5,4,0,1682,1370
can_tho,severe,TwinGate+T2,7,160.0,awd,0.02,2024,2160,342,0,27.3861,160.0,10,31,8,21,3,60.0,80,1839,1.4906,7,6,0,1689,1433
can_tho,severe,TwinGate+T2,8,160.0,awd,0.02,2024,2160,257,0,16.5502,160.0,12,36,8,24,0,0.0,78,1831,1.1386,8,7,0,1717,1552
can_tho,severe,TwinGate+T2,9,160.0,awd,0.02,2024,2160,365,0,34.7115,160.0,7,17,8,10,2,40.0,83,1804,0.7454,7,6,0,1692,1450
can_tho,severe,TwinGate+blindARQ,0,160.0,awd,0.02,2024,2160,290,0,23.7778,160.0,8,38,8,30,0,0.0,82,1861,2.5107,9,8,0,1758,1561
can_tho,severe,TwinGate+blindARQ,1,160.0,awd,0.02,2024,2160,339,0,30.2442,160.0,7,14,8,7,1,20.0,83,1864,0.4303,8,7,0,1714,1496
can_tho,severe,TwinGate+blindARQ,2,160.0,awd,0.02,2024,2160,583,0,65.479,160.0,3,29,8,26,5,100.0,87,1857,1.5716,4,3,0,1591,1304
can_tho,severe,TwinGate+blindARQ,3,160.0,awd,0.02,2024,2160,479,0,48.0491,160.0,4,34,8,30,4,80.0,86,1824,2.0275,5,4,0,1571,1305
can_tho,severe,TwinGate+blindARQ,4,160.0,awd,0.02,2024,2160,388,0,37.8751,160.0,6,20,8,14,2,40.0,84,1831,1.0541,7,6,0,1668,1434
can_tho,severe,TwinGate+blindARQ,5,160.0,awd,0.02,2024,2160,455,0,44.6403,160.0,5,11,8,6,3,60.0,85,1826,0.9215,6,5,0,1627,1369
can_tho,severe,TwinGate+blindARQ,6,160.0,awd,0.02,2024,2160,581,0,64.8584,160.0,3,38,8,35,5,100.0,87,1835,2.3407,4,3,0,1611,1303
can_tho,severe,TwinGate+blindARQ,7,160.0,awd,0.02,2024,2160,408,0,39.6373,160.0,5,59,8,54,3,60.0,85,1839,3.8509,6,5,0,1615,1384
can_tho,severe,TwinGate+blindARQ,8,160.0,awd,0.02,2024,2160,315,0,27.0623,160.0,7,34,8,27,1,20.0,83,1831,2.269,8,7,0,1730,1492
can_tho,severe,TwinGate+blindARQ,9,160.0,awd,0.02,2024,2160,366,0,35.1144,160.0,6,20,8,14,2,40.0,84,1804,1.3605,7,6,0,1688,1463
can_tho,severe,Reactive+T2,0,160.0,awd,0.02,2024,2160,749,0,88.3602,160.0,4,7,3,3,0,0.0,0,1861,1.2074,2,0,1,1516,1187
can_tho,severe,Reactive+T2,1,160.0,awd,0.02,2024,2160,747,0,87.368,160.0,5,14,3,9,0,0.0,0,1864,1.4679,3,0,2,1524,1196
can_tho,severe,Reactive+T2,2,160.0,awd,0.02,2024,2160,771,0,90.5386,160.0,3,6,3,3,0,0.0,0,1857,1.2117,2,0,1,1537,1194
can_tho,severe,Reactive+T2,3,160.0,awd,0.02,2024,2160,611,0,67.4587,160.0,9,27,3,18,1,40.0,0,1824,3.1451,3,1,1,1477,1179
can_tho,severe,Reactive+T2,4,160.0,awd,0.02,2024,2160,726,0,84.9303,160.0,5,17,3,12,0,0.0,0,1831,1.527,2,0,1,1516,1192
can_tho,severe,Reactive+T2,5,160.0,awd,0.02,2024,2160,771,0,90.5344,160.0,3,7,3,4,0,0.0,0,1826,0.0,2,0,1,1536,1195
can_tho,severe,Reactive+T2,6,160.0,awd,0.02,2024,2160,939,0,112.8222,160.0,2,7,3,5,1,60.0,0,1835,1.1746,1,0,0,1690,1325
can_tho,severe,Reactive+T2,7,160.0,awd,0.02,2024,2160,937,0,112.0092,160.0,3,11,3,8,1,60.0,0,1839,1.1906,2,0,1,1703,1346
can_tho,severe,Reactive+T2,8,160.0,awd,0.02,2024,2160,771,0,90.5517,160.0,3,4,3,1,0,0.0,0,1831,0.0,2,0,1,1535,1192
can_tho,severe,Reactive+T2,9,160.0,awd,0.02,2024,2160,771,0,90.5567,160.0,3,5,3,2,1,40.0,0,1804,0.8528,2,0,1,1535,1193
can_tho,severe,Reactive+blindARQ,0,160.0,awd,0.02,2024,2160,771,0,90.5408,160.0,3,8,3,5,0,0.0,0,1861,1.2075,2,0,1,1535,1196
can_tho,severe,Reactive+blindARQ,1,160.0,awd,0.02,2024,2160,771,0,90.5131,160.0,3,18,3,15,0,0.0,0,1864,2.5256,2,0,1,1541,1205
can_tho,severe,Reactive+blindARQ,2,160.0,awd,0.02,2024,2160,771,0,90.5386,160.0,3,6,3,3,0,0.0,0,1857,1.2117,2,0,1,1537,1194
can_tho,severe,Reactive+blindARQ,3,160.0,awd,0.02,2024,2160,771,0,90.5567,160.0,3,11,3,8,1,40.0,0,1824,2.2169,2,0,1,1535,1198
can_tho,severe,Reactive+blindARQ,4,160.0,awd,0.02,2024,2160,939,0,112.8179,160.0,2,12,3,10,1,60.0,0,1831,1.6951,1,0,0,1690,1329
can_tho,severe,Reactive+blindARQ,5,160.0,awd,0.02,2024,2160,771,0,90.5344,160.0,3,7,3,4,0,0.0,0,1826,0.0,2,0,1,1536,1195
can_tho,severe,Reactive+blindARQ,6,160.0,awd,0.02,2024,2160,939,0,112.8222,160.0,2,7,3,5,1,60.0,0,1835,1.1746,1,0,0,1690,1325
can_tho,severe,Reactive+blindARQ,7,160.0,awd,0.02,2024,2160,938,0,112.5528,160.0,2,14,3,12,1,60.0,0,1839,2.412,1,0,0,1689,1331
can_tho,severe,Reactive+blindARQ,8,160.0,awd,0.02,2024,2160,771,0,90.5517,160.0,3,4,3,1,0,0.0,0,1831,0.0,2,0,1,1535,1192
can_tho,severe,Reactive+blindARQ,9,160.0,awd,0.02,2024,2160,771,0,90.5567,160.0,3,5,3,2,1,40.0,0,1804,0.8528,2,0,1,1535,1193
can_tho,severe,FixedSchedule,0,160.0,awd,0.02,2024,2160,983,0,117.7928,160.0,3,8,3,5,0,0.0,0,1861,0.0044,2,0,1,1727,1358
can_tho,severe,FixedSchedule,1,160.0,awd,0.02,2024,2160,983,0,117.7916,160.0,3,5,3,2,0,0.0,0,1864,9.0252,2,0,1,1727,1358
can_tho,severe,FixedSchedule,2,160.0,awd,0.02,2024,2160,976,0,117.5565,160.0,3,14,3,11,1,40.0,0,1857,9.1914,2,0,1,1727,1356
can_tho,severe,FixedSchedule,3,160.0,awd,0.02,2024,2160,1081,0,130.6632,160.0,3,12,3,9,0,0.0,0,1824,5.1464,1,0,0,1810,1417
can_tho,severe,FixedSchedule,4,160.0,awd,0.02,2024,2160,1086,0,132.926,160.0,2,9,3,7,1,60.0,0,1831,0.0005,2,0,1,1843,1476
can_tho,severe,FixedSchedule,5,160.0,awd,0.02,2024,2160,1081,0,130.7874,160.0,3,10,3,7,1,40.0,0,1826,5.1174,1,0,0,1811,1417
can_tho,severe,FixedSchedule,6,160.0,awd,0.02,2024,2160,1105,0,134.4383,160.0,2,4,3,2,1,60.0,0,1835,8.9221,1,0,0,1835,1455
can_tho,severe,FixedSchedule,7,160.0,awd,0.02,2024,2160,1083,0,131.7794,160.0,2,19,3,17,1,60.0,0,1839,1.3724,1,0,0,1813,1468
can_tho,severe,FixedSchedule,8,160.0,awd,0.02,2024,2160,983,0,117.7902,160.0,3,10,3,7,0,0.0,0,1831,0.0059,2,0,1,1728,1359
can_tho,severe,FixedSchedule,9,160.0,awd,0.02,2024,2160,1081,0,130.7874,160.0,3,14,3,11,1,40.0,0,1804,4.7312,1,0,0,1811,1417
can_tho,severe,Oracle,0,160.0,awd,0.02,2024,2160,223,0,15.9184,160.0,8,23,8,15,0,0.0,0,1861,1.1386,9,8,0,1856,1552
can_tho,severe,Oracle,1,160.0,awd,0.02,2024,2160,223,0,15.9161,160.0,8,27,8,19,0,0.0,0,1864,1.2172,9,8,0,1842,1552
can_tho,severe,Oracle,2,160.0,awd,0.02,2024,2160,223,0,15.915,160.0,8,18,8,10,1,20.0,0,1857,1.3608,9,8,0,1851,1552
can_tho,severe,Oracle,3,160.0,awd,0.02,2024,2160,223,0,15.9145,160.0,8,25,8,17,1,20.0,0,1824,1.2172,9,8,0,1858,1552
can_tho,severe,Oracle,4,160.0,awd,0.02,2024,2160,223,0,15.9184,160.0,8,18,8,10,1,20.0,0,1831,0.8607,9,8,0,1851,1552
can_tho,severe,Oracle,5,160.0,awd,0.02,2024,2160,223,0,15.919,160.0,8,12,8,4,2,40.0,0,1826,0.9622,9,8,0,1845,1552
can_tho,severe,Oracle,6,160.0,awd,0.02,2024,2160,223,0,15.8969,160.0,8,37,8,29,3,60.0,0,1835,1.9245,9,8,0,1860,1552
can_tho,severe,Oracle,7,160.0,awd,0.02,2024,2160,222,0,15.6935,160.0,8,23,8,15,2,40.0,0,1839,1.8232,9,8,0,1852,1552
can_tho,severe,Oracle,8,160.0,awd,0.02,2024,2160,223,0,15.9092,160.0,8,34,8,26,0,0.0,0,1831,2.1994,9,8,0,1863,1552
can_tho,severe,Oracle,9,160.0,awd,0.02,2024,2160,223,0,15.9152,160.0,8,15,8,7,1,20.0,0,1804,0.9623,9,8,0,1848,1552
can_tho,severe,TwinGate+T2+centre,0,160.0,awd,0.02,2024,2160,579,0,64.1668,160.0,10,23,8,13,0,0.0,80,1861,0.7454,6,0,5,1419,1228
can_tho,severe,TwinGate+T2+centre,1,160.0,awd,0.02,2024,2160,584,0,65.7003,160.0,9,25,8,16,1,20.0,81,1864,0.8607,6,0,5,1391,1196
can_tho,severe,TwinGate+T2+centre,2,160.0,awd,0.02,2024,2160,599,0,66.3121,160.0,8,29,8,21,1,20.0,82,1857,1.2889,6,0,5,1394,1168
can_tho,severe,TwinGate+T2+centre,3,160.0,awd,0.02,2024,2160,589,0,64.4261,160.0,12,42,7,30,3,60.0,78,1824,1.629,5,1,3,1522,1248
can_tho,severe,TwinGate+T2+centre,4,160.0,awd,0.02,2024,2160,575,0,62.4692,160.0,10,27,8,17,2,40.0,80,1831,1.1385,7,0,6,1430,1229
can_tho,severe,TwinGate+T2+centre,5,160.0,awd,0.02,2024,2160,583,0,65.5954,160.0,8,21,8,13,2,40.0,82,1826,0.9622,5,0,4,1419,1158
can_tho,severe,TwinGate+T2+centre,6,160.0,awd,0.02,2024,2160,649,0,73.6882,160.0,8,28,8,20,5,100.0,82,1835,1.291,4,0,3,1489,1231
can_tho,severe,TwinGate+T2+centre,7,160.0,awd,0.02,2024,2160,554,0,60.2207,160.0,12,37,8,25,2,40.0,78,1839,1.4272,6,1,4,1442,1229
can_tho,severe,TwinGate+T2+centre,8,160.0,awd,0.02,2024,2160,580,0,64.5334,160.0,10,24,8,14,1,20.0,80,1831,0.8607,6,0,5,1397,1214
can_tho,severe,TwinGate+T2+centre,9,160.0,awd,0.02,2024,2160,602,0,67.255,160.0,6,9,8,3,2,40.0,84,1804,0.8604,4,0,3,1367,1125
can_tho,severe,TwinGate+T2,0,160.0,mid,0.05,2024,2160,456,0,45.0457,160.0,13,30,8,17,0,0.0,77,1861,1.291,9,2,6,1610,1464
can_tho,severe,TwinGate+T2,1,160.0,mid,0.05,2024,2160,510,0,54.3246,160.0,8,25,8,17,1,20.0,82,1864,0.6086,8,0,7,1538,1343
can_tho,severe,TwinGate+T2,2,160.0,mid,0.05,2024,2160,556,0,60.7091,160.0,8,24,8,16,3,60.0,82,1857,1.3048,7,0,6,1558,1346
can_tho,severe,TwinGate+T2,3,160.0,mid,0.05,2024,2160,609,0,66.7684,160.0,8,24,8,16,4,80.0,82,1824,1.5516,5,1,3,1576,1283
can_tho,severe,TwinGate+T2,4,160.0,mid,0.05,2024,2160,530,0,56.4037,160.0,6,14,8,8,2,40.0,84,1831,0.6086,7,0,6,1522,1324
can_tho,severe,TwinGate+T2,5,160.0,mid,0.05,2024,2160,523,0,55.0024,160.0,7,18,8,11,2,40.0,83,1826,0.7667,8,0,7,1533,1368
can_tho,severe,TwinGate+T2,6,160.0,mid,0.05,2024,2160,528,0,55.6914,160.0,6,19,8,13,3,60.0,84,1835,0.8607,7,0,6,1543,1330
can_tho,severe,TwinGate+T2,7,160.0,mid,0.05,2024,2160,482,0,48.9439,160.0,10,37,8,27,2,40.0,80,1839,1.4272,7,2,4,1585,1377
can_tho,severe,TwinGate+T2,8,160.0,mid,0.05,2024,2160,433,0,41.4103,160.0,14,39,8,25,0,0.0,76,1831,1.3608,9,4,4,1670,1489
can_tho,severe,TwinGate+T2,9,160.0,mid,0.05,2024,2160,530,0,56.3728,160.0,6,11,8,5,2,40.0,84,1804,0.6086,7,0,6,1514,1320
can_tho,severe,TwinGate+blindARQ,0,160.0,mid,0.05,2024,2160,510,0,54.3361,160.0,8,24,8,16,0,0.0,82,1861,1.2909,9,0,8,1552,1382
can_tho,severe,TwinGate+blindARQ,1,160.0,mid,0.05,2024,2160,511,0,54.4716,160.0,7,31,8,24,1,20.0,83,1864,1.291,8,0,7,1546,1381
can_tho,severe,TwinGate+blindARQ,2,160.0,mid,0.05,2024,2160,725,0,84.8039,160.0,3,23,8,20,5,100.0,87,1857,1.2909,4,0,3,1592,1300
can_tho,severe,TwinGate+blindARQ,3,160.0,mid,0.05,2024,2160,631,0,72.4572,160.0,4,18,8,14,4,80.0,86,1824,1.054,5,0,4,1539,1284
can_tho,severe,TwinGate+blindARQ,4,160.0,mid,0.05,2024,2160,530,0,56.4037,160.0,6,14,8,8,2,40.0,84,1831,0.6086,7,0,6,1522,1324
can_tho,severe,TwinGate+blindARQ,5,160.0,mid,0.05,2024,2160,579,0,63.8334,160.0,5,22,8,17,3,60.0,85,1826,1.2547,6,0,5,1526,1311
can_tho,severe,TwinGate+blindARQ,6,160.0,mid,0.05,2024,2160,698,0,80.7806,160.0,3,38,8,35,5,100.0,87,1835,2.02,4,0,3,1570,1264
can_tho,severe,TwinGate+blindARQ,7,160.0,mid,0.05,2024,2160,537,0,58.5966,160.0,5,24,8,19,3,60.0,85,1839,1.4953,6,0,5,1508,1271
can_tho,severe,TwinGate+blindARQ,8,160.0,mid,0.05,2024,2160,512,0,54.6974,160.0,7,28,8,21,1,20.0,83,1831,1.291,8,0,7,1540,1370
can_tho,severe,TwinGate+blindARQ,9,160.0,mid,0.05,2024,2160,530,0,56.3728,160.0,6,11,8,5,2,40.0,84,1804,0.6086,7,0,6,1514,1320
can_tho,severe,Reactive+T2,0,160.0,mid,0.05,2024,2160,749,0,88.3602,160.0,4,7,3,3,0,0.0,0,1861,1.2074,2,0,1,1516,1187
can_tho,severe,Reactive+T2,1,160.0,mid,0.05,2024,2160,747,0,87.368,160.0,5,14,3,9,0,0.0,0,1864,1.4679,3,0,2,1524,1196
can_tho,severe,Reactive+T2,2,160.0,mid,0.05,2024,2160,771,0,90.5386,160.0,3,6,3,3,0,0.0,0,1857,1.2117,2,0,1,1537,1194
can_tho,severe,Reactive+T2,3,160.0,mid,0.05,2024,2160,611,0,67.4587,160.0,9,27,3,18,1,40.0,0,1824,3.1451,3,1,1,1477,1179
can_tho,severe,Reactive+T2,4,160.0,mid,0.05,2024,2160,726,0,84.9303,160.0,5,17,3,12,0,0.0,0,1831,1.527,2,0,1,1516,1192
can_tho,severe,Reactive+T2,5,160.0,mid,0.05,2024,2160,771,0,90.5344,160.0,3,7,3,4,0,0.0,0,1826,0.0,2,0,1,1536,1195
can_tho,severe,Reactive+T2,6,160.0,mid,0.05,2024,2160,939,0,112.8222,160.0,2,7,3,5,1,60.0,0,1835,1.1746,1,0,0,1690,1325
can_tho,severe,Reactive+T2,7,160.0,mid,0.05,2024,2160,937,0,112.0092,160.0,3,11,3,8,1,60.0,0,1839,1.1906,2,0,1,1703,1346
can_tho,severe,Reactive+T2,8,160.0,mid,0.05,2024,2160,771,0,90.5517,160.0,3,4,3,1,0,0.0,0,1831,0.0,2,0,1,1535,1192
can_tho,severe,Reactive+T2,9,160.0,mid,0.05,2024,2160,771,0,90.5567,160.0,3,5,3,2,1,40.0,0,1804,0.8528,2,0,1,1535,1193
can_tho,severe,Reactive+blindARQ,0,160.0,mid,0.05,2024,2160,771,0,90.5408,160.0,3,8,3,5,0,0.0,0,1861,1.2075,2,0,1,1535,1196
can_tho,severe,Reactive+blindARQ,1,160.0,mid,0.05,2024,2160,771,0,90.5131,160.0,3,18,3,15,0,0.0,0,1864,2.5256,2,0,1,1541,1205
can_tho,severe,Reactive+blindARQ,2,160.0,mid,0.05,2024,2160,771,0,90.5386,160.0,3,6,3,3,0,0.0,0,1857,1.2117,2,0,1,1537,1194
can_tho,severe,Reactive+blindARQ,3,160.0,mid,0.05,2024,2160,771,0,90.5567,160.0,3,11,3,8,1,40.0,0,1824,2.2169,2,0,1,1535,1198
can_tho,severe,Reactive+blindARQ,4,160.0,mid,0.05,2024,2160,939,0,112.8179,160.0,2,12,3,10,1,60.0,0,1831,1.6951,1,0,0,1690,1329
can_tho,severe,Reactive+blindARQ,5,160.0,mid,0.05,2024,2160,771,0,90.5344,160.0,3,7,3,4,0,0.0,0,1826,0.0,2,0,1,1536,1195
can_tho,severe,Reactive+blindARQ,6,160.0,mid,0.05,2024,2160,939,0,112.8222,160.0,2,7,3,5,1,60.0,0,1835,1.1746,1,0,0,1690,1325
can_tho,severe,Reactive+blindARQ,7,160.0,mid,0.05,2024,2160,938,0,112.5528,160.0,2,14,3,12,1,60.0,0,1839,2.412,1,0,0,1689,1331
can_tho,severe,Reactive+blindARQ,8,160.0,mid,0.05,2024,2160,771,0,90.5517,160.0,3,4,3,1,0,0.0,0,1831,0.0,2,0,1,1535,1192
can_tho,severe,Reactive+blindARQ,9,160.0,mid,0.05,2024,2160,771,0,90.5567,160.0,3,5,3,2,1,40.0,0,1804,0.8528,2,0,1,1535,1193
can_tho,severe,FixedSchedule,0,160.0,mid,0.05,2024,2160,983,0,117.7928,160.0,3,8,3,5,0,0.0,0,1861,0.0044,2,0,1,1727,1358
can_tho,severe,FixedSchedule,1,160.0,mid,0.05,2024,2160,983,0,117.7916,160.0,3,5,3,2,0,0.0,0,1864,9.0252,2,0,1,1727,1358
can_tho,severe,FixedSchedule,2,160.0,mid,0.05,2024,2160,976,0,117.5565,160.0,3,14,3,11,1,40.0,0,1857,9.1914,2,0,1,1727,1356
can_tho,severe,FixedSchedule,3,160.0,mid,0.05,2024,2160,1081,0,130.6632,160.0,3,12,3,9,0,0.0,0,1824,5.1464,1,0,0,1810,1417
can_tho,severe,FixedSchedule,4,160.0,mid,0.05,2024,2160,1086,0,132.926,160.0,2,9,3,7,1,60.0,0,1831,0.0005,2,0,1,1843,1476
can_tho,severe,FixedSchedule,5,160.0,mid,0.05,2024,2160,1081,0,130.7874,160.0,3,10,3,7,1,40.0,0,1826,5.1174,1,0,0,1811,1417
can_tho,severe,FixedSchedule,6,160.0,mid,0.05,2024,2160,1105,0,134.4383,160.0,2,4,3,2,1,60.0,0,1835,8.9221,1,0,0,1835,1455
can_tho,severe,FixedSchedule,7,160.0,mid,0.05,2024,2160,1083,0,131.7794,160.0,2,19,3,17,1,60.0,0,1839,1.3724,1,0,0,1813,1468
can_tho,severe,FixedSchedule,8,160.0,mid,0.05,2024,2160,983,0,117.7902,160.0,3,10,3,7,0,0.0,0,1831,0.0059,2,0,1,1728,1359
can_tho,severe,FixedSchedule,9,160.0,mid,0.05,2024,2160,1081,0,130.7874,160.0,3,14,3,11,1,40.0,0,1804,4.7312,1,0,0,1811,1417
can_tho,severe,Oracle,0,160.0,mid,0.05,2024,2160,223,0,15.9184,160.0,8,23,8,15,0,0.0,0,1861,1.1386,9,8,0,1856,1552
can_tho,severe,Oracle,1,160.0,mid,0.05,2024,2160,223,0,15.9161,160.0,8,27,8,19,0,0.0,0,1864,1.2172,9,8,0,1842,1552
can_tho,severe,Oracle,2,160.0,mid,0.05,2024,2160,223,0,15.915,160.0,8,18,8,10,1,20.0,0,1857,1.3608,9,8,0,1851,1552
can_tho,severe,Oracle,3,160.0,mid,0.05,2024,2160,223,0,15.9145,160.0,8,25,8,17,1,20.0,0,1824,1.2172,9,8,0,1858,1552
can_tho,severe,Oracle,4,160.0,mid,0.05,2024,2160,223,0,15.9184,160.0,8,18,8,10,1,20.0,0,1831,0.8607,9,8,0,1851,1552
can_tho,severe,Oracle,5,160.0,mid,0.05,2024,2160,223,0,15.919,160.0,8,12,8,4,2,40.0,0,1826,0.9622,9,8,0,1845,1552
can_tho,severe,Oracle,6,160.0,mid,0.05,2024,2160,223,0,15.8969,160.0,8,37,8,29,3,60.0,0,1835,1.9245,9,8,0,1860,1552
can_tho,severe,Oracle,7,160.0,mid,0.05,2024,2160,222,0,15.6935,160.0,8,23,8,15,2,40.0,0,1839,1.8232,9,8,0,1852,1552
can_tho,severe,Oracle,8,160.0,mid,0.05,2024,2160,223,0,15.9092,160.0,8,34,8,26,0,0.0,0,1831,2.1994,9,8,0,1863,1552
can_tho,severe,Oracle,9,160.0,mid,0.05,2024,2160,223,0,15.9152,160.0,8,15,8,7,1,20.0,0,1804,0.9623,9,8,0,1848,1552
can_tho,severe,TwinGate+T2+centre,0,160.0,mid,0.05,2024,2160,579,0,64.1668,160.0,10,23,8,13,0,0.0,80,1861,0.7454,6,0,5,1419,1228
can_tho,severe,TwinGate+T2+centre,1,160.0,mid,0.05,2024,2160,584,0,65.7003,160.0,9,25,8,16,1,20.0,81,1864,0.8607,6,0,5,1391,1196
can_tho,severe,TwinGate+T2+centre,2,160.0,mid,0.05,2024,2160,599,0,66.3121,160.0,8,29,8,21,1,20.0,82,1857,1.2889,6,0,5,1394,1168
can_tho,severe,TwinGate+T2+centre,3,160.0,mid,0.05,2024,2160,589,0,64.4261,160.0,12,42,7,30,3,60.0,78,1824,1.629,5,1,3,1522,1248
can_tho,severe,TwinGate+T2+centre,4,160.0,mid,0.05,2024,2160,575,0,62.4692,160.0,10,27,8,17,2,40.0,80,1831,1.1385,7,0,6,1430,1229
can_tho,severe,TwinGate+T2+centre,5,160.0,mid,0.05,2024,2160,583,0,65.5954,160.0,8,21,8,13,2,40.0,82,1826,0.9622,5,0,4,1419,1158
can_tho,severe,TwinGate+T2+centre,6,160.0,mid,0.05,2024,2160,649,0,73.6882,160.0,8,28,8,20,5,100.0,82,1835,1.291,4,0,3,1489,1231
can_tho,severe,TwinGate+T2+centre,7,160.0,mid,0.05,2024,2160,554,0,60.2207,160.0,12,37,8,25,2,40.0,78,1839,1.4272,6,1,4,1442,1229
can_tho,severe,TwinGate+T2+centre,8,160.0,mid,0.05,2024,2160,580,0,64.5334,160.0,10,24,8,14,1,20.0,80,1831,0.8607,6,0,5,1397,1214
can_tho,severe,TwinGate+T2+centre,9,160.0,mid,0.05,2024,2160,602,0,67.255,160.0,6,9,8,3,2,40.0,84,1804,0.8604,4,0,3,1367,1125
can_tho,severe,TwinGate+T2,0,160.0,narrow,0.1,2024,2160,531,0,56.7624,160.0,11,24,8,13,0,0.0,79,1861,0.9623,9,0,8,1520,1340
can_tho,severe,TwinGate+T2,1,160.0,narrow,0.1,2024,2160,547,0,58.8016,160.0,9,21,8,12,1,20.0,81,1864,0.7454,8,1,6,1483,1281
can_tho,severe,TwinGate+T2,2,160.0,narrow,0.1,2024,2160,603,0,68.0306,160.0,6,20,8,14,2,40.0,84,1857,1.2172,7,0,6,1506,1276
can_tho,severe,TwinGate+T2,3,160.0,narrow,0.1,2024,2160,586,0,54.5898,160.0,9,33,7,24,4,80.0,81,1824,1.4272,5,1,3,1527,1246
can_tho,severe,TwinGate+T2,4,160.0,narrow,0.1,2024,2160,555,0,60.4523,160.0,8,22,8,14,1,20.0,82,1831,0.8607,8,0,7,1468,1264
can_tho,severe,TwinGate+T2,5,160.0,narrow,0.1,2024,2160,561,0,61.8708,160.0,7,16,8,9,1,20.0,83,1826,0.7454,8,0,7,1459,1260
can_tho,severe,TwinGate+T2,6,160.0,narrow,0.1,2024,2160,535,0,58.4401,160.0,10,34,8,24,3,60.0,80,1835,1.5516,8,0,7,1491,1315
can_tho,severe,TwinGate+T2,7,160.0,narrow,0.1,2024,2160,610,0,58.5468,160.0,8,23,6,15,1,40.0,82,1839,1.4272,6,1,4,1562,1306
can_tho,severe,TwinGate+T2,8,160.0,narrow,0.1,2024,2160,553,0,59.5541,160.0,8,18,8,10,1,20.0,82,1831,0.6086,8,0,7,1496,1286
can_tho,severe,TwinGate+T2,9,160.0,narrow,0.1,2024,2160,556,0,60.5311,160.0,8,16,8,8,1,20.0,82,1804,1.0541,8,0,7,1448,1266
can_tho,severe,TwinGate+blindARQ,0,160.0,narrow,0.1,2024,2160,552,0,59.4158,160.0,8,35,8,27,0,0.0,82,1861,2.1901,9,0,8,1482,1326
can_tho,severe,TwinGate+blindARQ,1,160.0,narrow,0.1,2024,2160,560,0,61.8374,160.0,7,22,8,15,1,20.0,83,1864,0.8607,8,0,7,1465,1267
can_tho,severe,TwinGate+blindARQ,2,160.0,narrow,0.1,2024,2160,746,0,86.9581,160.0,3,17,8,14,5,100.0,87,1857,0.9362,4,0,3,1580,1260
can_tho,severe,TwinGate+blindARQ,3,160.0,narrow,0.1,2024,2160,651,0,74.3534,160.0,4,33,8,29,4,80.0,86,1824,1.9587,5,0,4,1526,1230
can_tho,severe,TwinGate+blindARQ,4,160.0,narrow,0.1,2024,2160,559,0,61.5563,160.0,6,22,8,16,2,40.0,84,1831,1.291,7,0,6,1466,1248
can_tho,severe,TwinGate+blindARQ,5,160.0,narrow,0.1,2024,2160,624,0,70.4004,160.0,5,13,8,8,3,60.0,85,1826,0.6552,6,0,5,1466,1227
can_tho,severe,TwinGate+blindARQ,6,160.0,narrow,0.1,2024,2160,745,0,86.5067,160.0,3,35,8,32,5,100.0,87,1835,1.6111,4,0,3,1561,1241
can_tho,severe,TwinGate+blindARQ,7,160.0,narrow,0.1,2024,2160,581,0,64.6264,160.0,5,32,8,27,3,60.0,85,1839,1.8793,6,0,5,1414,1204
can_tho,severe,TwinGate+blindARQ,8,160.0,narrow,0.1,2024,2160,554,0,60.0975,160.0,7,22,8,15,1,20.0,83,1831,1.2909,8,0,7,1492,1277
can_tho,severe,TwinGate+blindARQ,9,160.0,narrow,0.1,2024,2160,560,0,61.7449,160.0,6,25,8,19,2,40.0,84,1804,1.7206,7,0,6,1460,1229
can_tho,severe,Reactive+T2,0,160.0,narrow,0.1,2024,2160,749,0,88.3602,160.0,4,7,3,3,0,0.0,0,1861,1.2074,2,0,1,1516,1187
can_tho,severe,Reactive+T2,1,160.0,narrow,0.1,2024,2160,747,0,87.368,160.0,5,14,3,9,0,0.0,0,1864,1.4679,3,0,2,1524,1196
can_tho,severe,Reactive+T2,2,160.0,narrow,0.1,2024,2160,771,0,90.5386,160.0,3,6,3,3,0,0.0,0,1857,1.2117,2,0,1,1537,1194
can_tho,severe,Reactive+T2,3,160.0,narrow,0.1,2024,2160,611,0,67.4587,160.0,9,27,3,18,1,40.0,0,1824,3.1451,3,1,1,1477,1179
can_tho,severe,Reactive+T2,4,160.0,narrow,0.1,2024,2160,726,0,84.9303,160.0,5,17,3,12,0,0.0,0,1831,1.527,2,0,1,1516,1192
can_tho,severe,Reactive+T2,5,160.0,narrow,0.1,2024,2160,771,0,90.5344,160.0,3,7,3,4,0,0.0,0,1826,0.0,2,0,1,1536,1195
can_tho,severe,Reactive+T2,6,160.0,narrow,0.1,2024,2160,939,0,112.8222,160.0,2,7,3,5,1,60.0,0,1835,1.1746,1,0,0,1690,1325
can_tho,severe,Reactive+T2,7,160.0,narrow,0.1,2024,2160,937,0,112.0092,160.0,3,11,3,8,1,60.0,0,1839,1.1906,2,0,1,1703,1346
can_tho,severe,Reactive+T2,8,160.0,narrow,0.1,2024,2160,771,0,90.5517,160.0,3,4,3,1,0,0.0,0,1831,0.0,2,0,1,1535,1192
can_tho,severe,Reactive+T2,9,160.0,narrow,0.1,2024,2160,771,0,90.5567,160.0,3,5,3,2,1,40.0,0,1804,0.8528,2,0,1,1535,1193
can_tho,severe,Reactive+blindARQ,0,160.0,narrow,0.1,2024,2160,771,0,90.5408,160.0,3,8,3,5,0,0.0,0,1861,1.2075,2,0,1,1535,1196
can_tho,severe,Reactive+blindARQ,1,160.0,narrow,0.1,2024,2160,771,0,90.5131,160.0,3,18,3,15,0,0.0,0,1864,2.5256,2,0,1,1541,1205
can_tho,severe,Reactive+blindARQ,2,160.0,narrow,0.1,2024,2160,771,0,90.5386,160.0,3,6,3,3,0,0.0,0,1857,1.2117,2,0,1,1537,1194
can_tho,severe,Reactive+blindARQ,3,160.0,narrow,0.1,2024,2160,771,0,90.5567,160.0,3,11,3,8,1,40.0,0,1824,2.2169,2,0,1,1535,1198
can_tho,severe,Reactive+blindARQ,4,160.0,narrow,0.1,2024,2160,939,0,112.8179,160.0,2,12,3,10,1,60.0,0,1831,1.6951,1,0,0,1690,1329
can_tho,severe,Reactive+blindARQ,5,160.0,narrow,0.1,2024,2160,771,0,90.5344,160.0,3,7,3,4,0,0.0,0,1826,0.0,2,0,1,1536,1195
can_tho,severe,Reactive+blindARQ,6,160.0,narrow,0.1,2024,2160,939,0,112.8222,160.0,2,7,3,5,1,60.0,0,1835,1.1746,1,0,0,1690,1325
can_tho,severe,Reactive+blindARQ,7,160.0,narrow,0.1,2024,2160,938,0,112.5528,160.0,2,14,3,12,1,60.0,0,1839,2.412,1,0,0,1689,1331
can_tho,severe,Reactive+blindARQ,8,160.0,narrow,0.1,2024,2160,771,0,90.5517,160.0,3,4,3,1,0,0.0,0,1831,0.0,2,0,1,1535,1192
can_tho,severe,Reactive+blindARQ,9,160.0,narrow,0.1,2024,2160,771,0,90.5567,160.0,3,5,3,2,1,40.0,0,1804,0.8528,2,0,1,1535,1193
can_tho,severe,FixedSchedule,0,160.0,narrow,0.1,2024,2160,983,0,117.7928,160.0,3,8,3,5,0,0.0,0,1861,0.0044,2,0,1,1727,1358
can_tho,severe,FixedSchedule,1,160.0,narrow,0.1,2024,2160,983,0,117.7916,160.0,3,5,3,2,0,0.0,0,1864,9.0252,2,0,1,1727,1358
can_tho,severe,FixedSchedule,2,160.0,narrow,0.1,2024,2160,976,0,117.5565,160.0,3,14,3,11,1,40.0,0,1857,9.1914,2,0,1,1727,1356
can_tho,severe,FixedSchedule,3,160.0,narrow,0.1,2024,2160,1081,0,130.6632,160.0,3,12,3,9,0,0.0,0,1824,5.1464,1,0,0,1810,1417
can_tho,severe,FixedSchedule,4,160.0,narrow,0.1,2024,2160,1086,0,132.926,160.0,2,9,3,7,1,60.0,0,1831,0.0005,2,0,1,1843,1476
can_tho,severe,FixedSchedule,5,160.0,narrow,0.1,2024,2160,1081,0,130.7874,160.0,3,10,3,7,1,40.0,0,1826,5.1174,1,0,0,1811,1417
can_tho,severe,FixedSchedule,6,160.0,narrow,0.1,2024,2160,1105,0,134.4383,160.0,2,4,3,2,1,60.0,0,1835,8.9221,1,0,0,1835,1455
can_tho,severe,FixedSchedule,7,160.0,narrow,0.1,2024,2160,1083,0,131.7794,160.0,2,19,3,17,1,60.0,0,1839,1.3724,1,0,0,1813,1468
can_tho,severe,FixedSchedule,8,160.0,narrow,0.1,2024,2160,983,0,117.7902,160.0,3,10,3,7,0,0.0,0,1831,0.0059,2,0,1,1728,1359
can_tho,severe,FixedSchedule,9,160.0,narrow,0.1,2024,2160,1081,0,130.7874,160.0,3,14,3,11,1,40.0,0,1804,4.7312,1,0,0,1811,1417
can_tho,severe,Oracle,0,160.0,narrow,0.1,2024,2160,223,0,15.9184,160.0,8,23,8,15,0,0.0,0,1861,1.1386,9,8,0,1856,1552
can_tho,severe,Oracle,1,160.0,narrow,0.1,2024,2160,223,0,15.9161,160.0,8,27,8,19,0,0.0,0,1864,1.2172,9,8,0,1842,1552
can_tho,severe,Oracle,2,160.0,narrow,0.1,2024,2160,223,0,15.915,160.0,8,18,8,10,1,20.0,0,1857,1.3608,9,8,0,1851,1552
can_tho,severe,Oracle,3,160.0,narrow,0.1,2024,2160,223,0,15.9145,160.0,8,25,8,17,1,20.0,0,1824,1.2172,9,8,0,1858,1552
can_tho,severe,Oracle,4,160.0,narrow,0.1,2024,2160,223,0,15.9184,160.0,8,18,8,10,1,20.0,0,1831,0.8607,9,8,0,1851,1552
can_tho,severe,Oracle,5,160.0,narrow,0.1,2024,2160,223,0,15.919,160.0,8,12,8,4,2,40.0,0,1826,0.9622,9,8,0,1845,1552
can_tho,severe,Oracle,6,160.0,narrow,0.1,2024,2160,223,0,15.8969,160.0,8,37,8,29,3,60.0,0,1835,1.9245,9,8,0,1860,1552
can_tho,severe,Oracle,7,160.0,narrow,0.1,2024,2160,222,0,15.6935,160.0,8,23,8,15,2,40.0,0,1839,1.8232,9,8,0,1852,1552
can_tho,severe,Oracle,8,160.0,narrow,0.1,2024,2160,223,0,15.9092,160.0,8,34,8,26,0,0.0,0,1831,2.1994,9,8,0,1863,1552
can_tho,severe,Oracle,9,160.0,narrow,0.1,2024,2160,223,0,15.9152,160.0,8,15,8,7,1,20.0,0,1804,0.9623,9,8,0,1848,1552
can_tho,severe,TwinGate+T2+centre,0,160.0,narrow,0.1,2024,2160,531,0,56.7624,160.0,11,24,8,13,0,0.0,79,1861,0.9623,9,0,8,1520,1340
can_tho,severe,TwinGate+T2+centre,1,160.0,narrow,0.1,2024,2160,547,0,58.8016,160.0,9,21,8,12,1,20.0,81,1864,0.7454,8,1,6,1483,1281
can_tho,severe,TwinGate+T2+centre,2,160.0,narrow,0.1,2024,2160,603,0,68.0306,160.0,6,20,8,14,2,40.0,84,1857,1.2172,7,0,6,1506,1276
can_tho,severe,TwinGate+T2+centre,3,160.0,narrow,0.1,2024,2160,586,0,54.5898,160.0,9,33,7,24,4,80.0,81,1824,1.4272,5,1,3,1527,1246
can_tho,severe,TwinGate+T2+centre,4,160.0,narrow,0.1,2024,2160,555,0,60.4523,160.0,8,22,8,14,1,20.0,82,1831,0.8607,8,0,7,1468,1264
can_tho,severe,TwinGate+T2+centre,5,160.0,narrow,0.1,2024,2160,561,0,61.8708,160.0,7,16,8,9,1,20.0,83,1826,0.7454,8,0,7,1459,1260
can_tho,severe,TwinGate+T2+centre,6,160.0,narrow,0.1,2024,2160,535,0,58.4401,160.0,10,34,8,24,3,60.0,80,1835,1.5516,8,0,7,1491,1315
can_tho,severe,TwinGate+T2+centre,7,160.0,narrow,0.1,2024,2160,610,0,58.5468,160.0,8,23,6,15,1,40.0,82,1839,1.4272,6,1,4,1562,1306
can_tho,severe,TwinGate+T2+centre,8,160.0,narrow,0.1,2024,2160,553,0,59.5541,160.0,8,18,8,10,1,20.0,82,1831,0.6086,8,0,7,1496,1286
can_tho,severe,TwinGate+T2+centre,9,160.0,narrow,0.1,2024,2160,556,0,60.5311,160.0,8,16,8,8,1,20.0,82,1804,1.0541,8,0,7,1448,1266
can_tho,severe,TwinGate+T2,0,240.0,awd,0.02,2024,2160,12,0,0.0867,240.0,14,33,12,19,2,40.0,76,1861,1.2172,10,10,0,998,1244
can_tho,severe,TwinGate+T2,1,240.0,awd,0.02,2024,2160,15,0,0.1355,220.0,12,29,11,17,1,20.0,78,1864,0.8607,11,10,0,1661,1390
can_tho,severe,TwinGate+T2,2,240.0,awd,0.02,2024,2160,100,0,3.4976,240.0,7,21,12,14,5,100.0,83,1857,1.1173,8,7,0,1516,1229
can_tho,severe,TwinGate+T2,3,240.0,awd,0.02,2024,2160,9,0,0.0378,240.0,10,31,12,21,4,80.0,80,1824,1.0541,9,8,0,1544,1190
can_tho,severe,TwinGate+T2,4,240.0,awd,0.02,2024,2160,0,0,0.0,240.0,11,26,12,15,2,40.0,79,1831,1.2909,11,10,0,1587,1265
can_tho,severe,TwinGate+T2,5,240.0,awd,0.02,2024,2160,0,0,0.0,240.0,10,22,12,12,4,80.0,80,1826,1.2171,11,10,0,1581,1277
can_tho,severe,TwinGate+T2,6,240.0,awd,0.02,2024,2160,35,0,0.6004,240.0,10,28,12,18,4,80.0,80,1835,1.3345,9,8,0,1601,1300
can_tho,severe,TwinGate+T2,7,240.0,awd,0.02,2024,2160,27,0,0.2891,240.0,14,44,12,30,4,80.0,76,1839,1.61,9,9,0,928,1198
can_tho,severe,TwinGate+T2,8,240.0,awd,0.02,2024,2160,34,0,0.6589,200.0,15,43,10,28,0,0.0,75,1831,1.2172,10,9,0,1691,1470
can_tho,severe,TwinGate+T2,9,240.0,awd,0.02,2024,2160,0,0,0.0,240.0,14,37,12,23,2,40.0,76,1804,1.0541,10,10,0,992,1269
can_tho,severe,TwinGate+blindARQ,0,240.0,awd,0.02,2024,2160,0,0,0.0,240.0,10,47,12,37,2,40.0,80,1861,2.6626,11,10,0,1554,1273
can_tho,severe,TwinGate+blindARQ,1,240.0,awd,0.02,2024,2160,0,0,0.0,220.0,10,25,11,15,1,20.0,80,1864,0.9623,11,10,0,1656,1390
can_tho,severe,TwinGate+blindARQ,2,240.0,awd,0.02,2024,2160,342,0,31.5708,240.0,5,61,12,56,7,140.0,85,1857,3.2627,6,5,0,1543,1294
can_tho,severe,TwinGate+blindARQ,3,240.0,awd,0.02,2024,2160,35,0,0.5621,240.0,7,46,12,39,5,100.0,83,1824,2.2442,8,7,0,1424,1173
can_tho,severe,TwinGate+blindARQ,4,240.0,awd,0.02,2024,2160,0,0,0.0,240.0,9,27,12,18,3,60.0,81,1831,1.2172,10,9,0,1500,1251
can_tho,severe,TwinGate+blindARQ,5,240.0,awd,0.02,2024,2160,74,0,1.5041,240.0,7,15,12,8,5,100.0,83,1826,1.1043,8,7,0,1417,1179
can_tho,severe,TwinGate+blindARQ,6,240.0,awd,0.02,2024,2160,223,0,15.835,240.0,6,54,12,48,6,120.0,84,1835,2.6029,7,6,0,1546,1254
can_tho,severe,TwinGate+blindARQ,7,240.0,awd,0.02,2024,2160,0,0,0.0,240.0,8,71,12,63,4,80.0,82,1839,3.8509,9,8,0,1483,1209
can_tho,severe,TwinGate+blindARQ,8,240.0,awd,0.02,2024,2160,0,0,0.0,240.0,10,43,12,33,2,40.0,80,1831,2.4267,11,10,0,1574,1257
can_tho,severe,TwinGate+blindARQ,9,240.0,awd,0.02,2024,2160,0,0,0.0,240.0,10,36,12,26,2,40.0,80,1804,2.18,11,10,0,1587,1310
can_tho,severe,Reactive+T2,0,240.0,awd,0.02,2024,2160,600,0,66.5025,240.0,5,8,4,3,0,0.0,0,1861,1.2074,2,0,1,1344,1032
can_tho,severe,Reactive+T2,1,240.0,awd,0.02,2024,2160,726,0,84.9111,240.0,5,15,4,10,1,60.0,0,1864,1.5274,3,0,2,1502,1188
can_tho,severe,Reactive+T2,2,240.0,awd,0.02,2024,2160,600,0,66.4975,240.0,4,12,4,8,0,0.0,0,1857,1.2792,2,0,1,1345,1034
can_tho,severe,Reactive+T2,3,240.0,awd,0.02,2024,2160,609,0,66.5268,240.0,9,33,4,24,2,120.0,0,1824,3.1557,3,1,1,1474,1161
can_tho,severe,Reactive+T2,4,240.0,awd,0.02,2024,2160,578,0,63.5474,240.0,6,19,4,13,0,0.0,0,1831,1.527,2,0,1,1345,1040
can_tho,severe,Reactive+T2,5,240.0,awd,0.02,2024,2160,578,0,63.5488,240.0,5,12,4,7,0,0.0,0,1826,1.2698,3,0,2,1335,1037
can_tho,severe,Reactive+T2,6,240.0,awd,0.02,2024,2160,749,0,88.3251,240.0,3,10,4,7,1,60.0,0,1835,1.1746,2,0,1,1515,1191
can_tho,severe,Reactive+T2,7,240.0,awd,0.02,2024,2160,749,0,88.3251,240.0,4,13,4,9,1,60.0,0,1839,1.1906,2,0,1,1518,1191
can_tho,severe,Reactive+T2,8,240.0,awd,0.02,2024,2160,600,0,66.5025,240.0,4,5,4,1,0,0.0,0,1831,1.2709,2,0,1,1343,1032
can_tho,severe,Reactive+T2,9,240.0,awd,0.02,2024,2160,749,0,88.3602,240.0,3,6,4,3,1,60.0,0,1804,0.8528,2,0,1,1515,1188
can_tho,severe,Reactive+blindARQ,0,240.0,awd,0.02,2024,2160,600,0,66.5025,240.0,4,9,4,5,0,0.0,0,1861,1.2075,2,0,1,1343,1036
can_tho,severe,Reactive+blindARQ,1,240.0,awd,0.02,2024,2160,749,0,88.1618,240.0,3,19,4,16,1,60.0,0,1864,2.6251,2,0,1,1520,1199
can_tho,severe,Reactive+blindARQ,2,240.0,awd,0.02,2024,2160,938,0,112.4803,240.0,2,12,4,10,2,120.0,0,1857,0.853,1,0,0,1689,1321
can_tho,severe,Reactive+blindARQ,3,240.0,awd,0.02,2024,2160,939,0,112.8283,240.0,2,12,4,10,2,120.0,0,1824,2.0431,1,0,0,1690,1328
can_tho,severe,Reactive+blindARQ,4,240.0,awd,0.02,2024,2160,749,0,88.2949,240.0,3,15,4,12,1,60.0,0,1831,1.6951,2,0,1,1516,1195
can_tho,severe,Reactive+blindARQ,5,240.0,awd,0.02,2024,2160,749,0,88.3251,240.0,3,13,4,10,1,60.0,0,1826,0.0054,2,0,1,1514,1189
can_tho,severe,Reactive+blindARQ,6,240.0,awd,0.02,2024,2160,1102,0,133.7252,240.0,1,11,4,10,3,180.0,0,1835,1.1747,1,0,0,1833,1453
can_tho,severe,Reactive+blindARQ,7,240.0,awd,0.02,2024,2160,919,0,110.6565,240.0,2,18,4,16,2,120.0,0,1839,2.4126,1,0,0,1670,1312
can_tho,severe,Reactive+blindARQ,8,240.0,awd,0.02,2024,2160,600,0,66.5025,240.0,4,5,4,1,0,0.0,0,1831,1.2709,2,0,1,1343,1032
can_tho,severe,Reactive+blindARQ,9,240.0,awd,0.02,2024,2160,749,0,88.3602,240.0,3,6,4,3,1,60.0,0,1804,0.8528,2,0,1,1515,1188
can_tho,severe,FixedSchedule,0,240.0,awd,0.02,2024,2160,891,0,106.2957,240.0,4,10,4,6,0,0.0,0,1861,0.0044,1,0,0,1644,1249
can_tho,severe,FixedSchedule,1,240.0,awd,0.02,2024,2160,1013,0,122.4572,240.0,3,15,4,12,1,60.0,0,1864,0.9497,1,0,0,1759,1365
can_tho,severe,FixedSchedule,2,240.0,awd,0.02,2024,2160,1127,0,137.7883,240.0,2,20,4,18,2,120.0,0,1857,1.466,1,0,0,1860,1465
can_tho,severe,FixedSchedule,3,240.0,awd,0.02,2024,2160,1133,0,140.0222,240.0,2,14,4,12,2,120.0,0,1824,1.0319,1,0,0,1881,1486
can_tho,severe,FixedSchedule,4,240.0,awd,0.02,2024,2160,1028,0,123.1225,240.0,3,15,4,12,1,60.0,0,1831,1.3435,1,0,0,1761,1367
can_tho,severe,FixedSchedule,5,240.0,awd,0.02,2024,2160,1029,0,123.1828,240.0,3,14,4,11,1,60.0,0,1826,1.0267,1,0,0,1761,1367
can_tho,severe,FixedSchedule,6,240.0,awd,0.02,2024,2160,1248,0,155.1484,240.0,1,8,4,7,3,180.0,0,1835,0.0033,1,0,0,1978,1584
can_tho,severe,FixedSchedule,7,240.0,awd,0.02,2024,2160,1133,0,140.3169,240.0,2,18,4,16,2,120.0,0,1839,0.5381,1,0,0,1881,1487
can_tho,severe,FixedSchedule,8,240.0,awd,0.02,2024,2160,891,0,106.2957,240.0,4,14,4,10,0,0.0,0,1831,0.0059,1,0,0,1644,1249
can_tho,severe,FixedSchedule,9,240.0,awd,0.02,2024,2160,1029,0,123.1954,240.0,3,15,4,12,1,60.0,0,1804,0.5549,1,0,0,1761,1367
can_tho,severe,Oracle,0,240.0,awd,0.02,2024,2160,0,0,0.0,200.0,10,28,10,18,1,20.0,0,1861,1.1386,11,10,0,1827,1470
can_tho,severe,Oracle,1,240.0,awd,0.02,2024,2160,0,0,0.0,200.0,10,37,10,27,0,0.0,0,1864,1.4907,11,10,0,1817,1470
can_tho,severe,Oracle,2,240.0,awd,0.02,2024,2160,0,0,0.0,200.0,10,22,10,12,2,40.0,0,1857,1.4907,11,10,0,1821,1470
can_tho,severe,Oracle,3,240.0,awd,0.02,2024,2160,0,0,0.0,200.0,10,30,10,20,2,40.0,0,1824,1.2172,11,10,0,1829,1470
can_tho,severe,Oracle,4,240.0,awd,0.02,2024,2160,0,0,0.0,200.0,10,20,10,10,1,20.0,0,1831,0.8607,11,10,0,1819,1470
can_tho,severe,Oracle,5,240.0,awd,0.02,2024,2160,0,0,0.0,200.0,10,24,10,14,2,40.0,0,1826,1.3608,11,10,0,1823,1470
can_tho,severe,Oracle,6,240.0,awd,0.02,2024,2160,0,0,0.0,200.0,10,47,10,37,3,60.0,0,1835,2.0638,11,10,0,1835,1470
can_tho,severe,Oracle,7,240.0,awd,0.02,2024,2160,0,0,0.0,200.0,10,31,10,21,2,40.0,0,1839,1.8232,11,10,0,1824,1470
can_tho,severe,Oracle,8,240.0,awd,0.02,2024,2160,0,0,0.0,200.0,10,41,10,31,0,0.0,0,1831,2.2821,11,10,0,1836,1470
can_tho,severe,Oracle,9,240.0,awd,0.02,2024,2160,0,0,0.0,200.0,10,19,10,9,1,20.0,0,1804,0.9623,11,10,0,1818,1470
can_tho,severe,TwinGate+T2+centre,0,240.0,awd,0.02,2024,2160,249,0,19.2267,240.0,16,42,12,26,0,0.0,74,1861,1.291,9,0,8,1185,1063
can_tho,severe,TwinGate+T2+centre,1,240.0,awd,0.02,2024,2160,268,0,21.2089,240.0,16,47,12,31,1,20.0,74,1864,1.1385,10,0,9,1137,1053
can_tho,severe,TwinGate+T2+centre,2,240.0,awd,0.02,2024,2160,293,0,24.6878,240.0,11,35,12,24,3,60.0,79,1857,1.3588,8,0,7,1126,948
can_tho,severe,TwinGate+T2+centre,3,240.0,awd,0.02,2024,2160,278,0,21.5317,240.0,17,59,11,42,3,60.0,73,1824,1.8424,9,1,7,1263,1086
can_tho,severe,TwinGate+T2+centre,4,240.0,awd,0.02,2024,2160,263,0,19.6231,240.0,16,44,12,28,2,40.0,74,1831,1.5516,9,0,8,1170,1027
can_tho,severe,TwinGate+T2+centre,5,240.0,awd,0.02,2024,2160,270,0,21.8143,240.0,13,32,12,19,3,60.0,77,1826,1.3608,9,0,8,1168,998
can_tho,severe,TwinGate+T2+centre,6,240.0,awd,0.02,2024,2160,340,0,30.7598,240.0,12,39,12,27,6,120.0,78,1835,1.4272,6,0,5,1223,1016
can_tho,severe,TwinGate+T2+centre,7,240.0,awd,0.02,2024,2160,245,0,18.4133,240.0,15,41,12,26,3,60.0,75,1839,1.4907,9,1,7,1167,1016
can_tho,severe,TwinGate+T2+centre,8,240.0,awd,0.02,2024,2160,264,0,19.8185,240.0,15,41,12,26,2,40.0,75,1831,1.1386,8,0,7,1155,1020
can_tho,severe,TwinGate+T2+centre,9,240.0,awd,0.02,2024,2160,288,0,23.0899,240.0,12,21,12,9,2,40.0,78,1804,1.1384,5,0,4,1109,926
can_tho,severe,TwinGate+T2,0,240.0,mid,0.05,2024,2160,74,0,1.4897,240.0,19,49,12,30,2,40.0,71,1861,1.5516,12,3,8,1415,1304
can_tho,severe,TwinGate+T2,1,240.0,mid,0.05,2024,2160,124,0,5.5795,240.0,14,42,12,28,1,20.0,76,1864,1.0541,12,1,10,1377,1233
can_tho,severe,TwinGate+T2,2,240.0,mid,0.05,2024,2160,245,0,18.5698,240.0,12,38,12,26,5,100.0,78,1857,1.5027,9,1,7,1376,1207
can_tho,severe,TwinGate+T2,3,240.0,mid,0.05,2024,2160,276,0,20.6974,240.0,11,34,12,23,5,100.0,79,1824,1.6101,8,1,6,1364,1142
can_tho,severe,TwinGate+T2,4,240.0,mid,0.05,2024,2160,193,0,11.5285,240.0,9,19,12,10,3,60.0,81,1831,0.8607,10,0,9,1308,1154
can_tho,severe,TwinGate+T2,5,240.0,mid,0.05,2024,2160,168,0,8.6863,240.0,11,31,12,20,3,60.0,79,1826,1.3034,11,0,10,1347,1211
can_tho,severe,TwinGate+T2,6,240.0,mid,0.05,2024,2160,146,0,7.29,240.0,11,28,12,17,3,60.0,79,1835,1.0541,11,0,10,1361,1221
can_tho,severe,TwinGate+T2,7,240.0,mid,0.05,2024,2160,100,0,3.3576,240.0,16,56,12,40,2,40.0,74,1839,1.7213,11,2,8,1417,1251
can_tho,severe,TwinGate+T2,8,240.0,mid,0.05,2024,2160,37,0,0.6355,240.0,19,51,12,32,1,20.0,71,1831,1.6666,13,4,8,1480,1348
can_tho,severe,TwinGate+T2,9,240.0,mid,0.05,2024,2160,125,0,5.666,240.0,13,29,12,16,2,40.0,77,1804,0.9623,11,1,9,1380,1222
can_tho,severe,TwinGate+blindARQ,0,240.0,mid,0.05,2024,2160,193,0,11.4064,240.0,10,32,12,22,2,40.0,80,1861,1.3608,11,0,10,1317,1162
can_tho,severe,TwinGate+blindARQ,1,240.0,mid,0.05,2024,2160,148,0,7.7867,240.0,11,50,12,39,1,20.0,79,1864,1.9913,12,0,11,1370,1277
can_tho,severe,TwinGate+blindARQ,2,240.0,mid,0.05,2024,2160,554,0,60.0587,240.0,5,29,12,24,7,140.0,85,1857,1.291,6,0,5,1469,1212
can_tho,severe,TwinGate+blindARQ,3,240.0,mid,0.05,2024,2160,294,0,25.0571,240.0,7,24,12,17,5,100.0,83,1824,1.2171,8,0,7,1335,1140
can_tho,severe,TwinGate+blindARQ,4,240.0,mid,0.05,2024,2160,193,0,11.5285,240.0,9,19,12,10,3,60.0,81,1831,0.8607,10,0,9,1308,1154
can_tho,severe,TwinGate+blindARQ,5,240.0,mid,0.05,2024,2160,248,0,19.1016,240.0,7,45,12,38,5,100.0,83,1826,2.4585,8,0,7,1299,1102
can_tho,severe,TwinGate+blindARQ,6,240.0,mid,0.05,2024,2160,434,0,41.9964,240.0,6,46,12,40,6,120.0,84,1835,2.0654,7,0,6,1426,1218
can_tho,severe,TwinGate+blindARQ,7,240.0,mid,0.05,2024,2160,196,0,12.6375,240.0,8,36,12,28,4,80.0,82,1839,1.6708,9,0,8,1301,1125
can_tho,severe,TwinGate+blindARQ,8,240.0,mid,0.05,2024,2160,171,0,9.7016,240.0,10,40,12,30,2,40.0,80,1831,1.5516,11,0,10,1325,1214
can_tho,severe,TwinGate+blindARQ,9,240.0,mid,0.05,2024,2160,172,0,9.8626,240.0,10,27,12,17,2,40.0,80,1804,1.4272,11,0,10,1327,1222
can_tho,severe,Reactive+T2,0,240.0,mid,0.05,2024,2160,600,0,66.5025,240.0,5,8,4,3,0,0.0,0,1861,1.2074,2,0,1,1344,1032
can_tho,severe,Reactive+T2,1,240.0,mid,0.05,2024,2160,726,0,84.9111,240.0,5,15,4,10,1,60.0,0,1864,1.5274,3,0,2,1502,1188
can_tho,severe,Reactive+T2,2,240.0,mid,0.05,2024,2160,600,0,66.4975,240.0,4,12,4,8,0,0.0,0,1857,1.2792,2,0,1,1345,1034
can_tho,severe,Reactive+T2,3,240.0,mid,0.05,2024,2160,609,0,66.5268,240.0,9,33,4,24,2,120.0,0,1824,3.1557,3,1,1,1474,1161
can_tho,severe,Reactive+T2,4,240.0,mid,0.05,2024,2160,578,0,63.5474,240.0,6,19,4,13,0,0.0,0,1831,1.527,2,0,1,1345,1040
can_tho,severe,Reactive+T2,5,240.0,mid,0.05,2024,2160,578,0,63.5488,240.0,5,12,4,7,0,0.0,0,1826,1.2698,3,0,2,1335,1037
can_tho,severe,Reactive+T2,6,240.0,mid,0.05,2024,2160,749,0,88.3251,240.0,3,10,4,7,1,60.0,0,1835,1.1746,2,0,1,1515,1191
can_tho,severe,Reactive+T2,7,240.0,mid,0.05,2024,2160,749,0,88.3251,240.0,4,13,4,9,1,60.0,0,1839,1.1906,2,0,1,1518,1191
can_tho,severe,Reactive+T2,8,240.0,mid,0.05,2024,2160,600,0,66.5025,240.0,4,5,4,1,0,0.0,0,1831,1.2709,2,0,1,1343,1032
can_tho,severe,Reactive+T2,9,240.0,mid,0.05,2024,2160,749,0,88.3602,240.0,3,6,4,3,1,60.0,0,1804,0.8528,2,0,1,1515,1188
can_tho,severe,Reactive+blindARQ,0,240.0,mid,0.05,2024,2160,600,0,66.5025,240.0,4,9,4,5,0,0.0,0,1861,1.2075,2,0,1,1343,1036
can_tho,severe,Reactive+blindARQ,1,240.0,mid,0.05,2024,2160,749,0,88.1618,240.0,3,19,4,16,1,60.0,0,1864,2.6251,2,0,1,1520,1199
can_tho,severe,Reactive+blindARQ,2,240.0,mid,0.05,2024,2160,938,0,112.4803,240.0,2,12,4,10,2,120.0,0,1857,0.853,1,0,0,1689,1321
can_tho,severe,Reactive+blindARQ,3,240.0,mid,0.05,2024,2160,939,0,112.8283,240.0,2,12,4,10,2,120.0,0,1824,2.0431,1,0,0,1690,1328
can_tho,severe,Reactive+blindARQ,4,240.0,mid,0.05,2024,2160,749,0,88.2949,240.0,3,15,4,12,1,60.0,0,1831,1.6951,2,0,1,1516,1195
can_tho,severe,Reactive+blindARQ,5,240.0,mid,0.05,2024,2160,749,0,88.3251,240.0,3,13,4,10,1,60.0,0,1826,0.0054,2,0,1,1514,1189
can_tho,severe,Reactive+blindARQ,6,240.0,mid,0.05,2024,2160,1102,0,133.7252,240.0,1,11,4,10,3,180.0,0,1835,1.1747,1,0,0,1833,1453
can_tho,severe,Reactive+blindARQ,7,240.0,mid,0.05,2024,2160,919,0,110.6565,240.0,2,18,4,16,2,120.0,0,1839,2.4126,1,0,0,1670,1312
can_tho,severe,Reactive+blindARQ,8,240.0,mid,0.05,2024,2160,600,0,66.5025,240.0,4,5,4,1,0,0.0,0,1831,1.2709,2,0,1,1343,1032
can_tho,severe,Reactive+blindARQ,9,240.0,mid,0.05,2024,2160,749,0,88.3602,240.0,3,6,4,3,1,60.0,0,1804,0.8528,2,0,1,1515,1188
can_tho,severe,FixedSchedule,0,240.0,mid,0.05,2024,2160,891,0,106.2957,240.0,4,10,4,6,0,0.0,0,1861,0.0044,1,0,0,1644,1249
can_tho,severe,FixedSchedule,1,240.0,mid,0.05,2024,2160,1013,0,122.4572,240.0,3,15,4,12,1,60.0,0,1864,0.9497,1,0,0,1759,1365
can_tho,severe,FixedSchedule,2,240.0,mid,0.05,2024,2160,1127,0,137.7883,240.0,2,20,4,18,2,120.0,0,1857,1.466,1,0,0,1860,1465
can_tho,severe,FixedSchedule,3,240.0,mid,0.05,2024,2160,1133,0,140.0222,240.0,2,14,4,12,2,120.0,0,1824,1.0319,1,0,0,1881,1486
can_tho,severe,FixedSchedule,4,240.0,mid,0.05,2024,2160,1028,0,123.1225,240.0,3,15,4,12,1,60.0,0,1831,1.3435,1,0,0,1761,1367
can_tho,severe,FixedSchedule,5,240.0,mid,0.05,2024,2160,1029,0,123.1828,240.0,3,14,4,11,1,60.0,0,1826,1.0267,1,0,0,1761,1367
can_tho,severe,FixedSchedule,6,240.0,mid,0.05,2024,2160,1248,0,155.1484,240.0,1,8,4,7,3,180.0,0,1835,0.0033,1,0,0,1978,1584
can_tho,severe,FixedSchedule,7,240.0,mid,0.05,2024,2160,1133,0,140.3169,240.0,2,18,4,16,2,120.0,0,1839,0.5381,1,0,0,1881,1487
can_tho,severe,FixedSchedule,8,240.0,mid,0.05,2024,2160,891,0,106.2957,240.0,4,14,4,10,0,0.0,0,1831,0.0059,1,0,0,1644,1249
can_tho,severe,FixedSchedule,9,240.0,mid,0.05,2024,2160,1029,0,123.1954,240.0,3,15,4,12,1,60.0,0,1804,0.5549,1,0,0,1761,1367
can_tho,severe,Oracle,0,240.0,mid,0.05,2024,2160,0,0,0.0,200.0,10,28,10,18,1,20.0,0,1861,1.1386,11,10,0,1827,1470
can_tho,severe,Oracle,1,240.0,mid,0.05,2024,2160,0,0,0.0,200.0,10,37,10,27,0,0.0,0,1864,1.4907,11,10,0,1817,1470
can_tho,severe,Oracle,2,240.0,mid,0.05,2024,2160,0,0,0.0,200.0,10,22,10,12,2,40.0,0,1857,1.4907,11,10,0,1821,1470
can_tho,severe,Oracle,3,240.0,mid,0.05,2024,2160,0,0,0.0,200.0,10,30,10,20,2,40.0,0,1824,1.2172,11,10,0,1829,1470
can_tho,severe,Oracle,4,240.0,mid,0.05,2024,2160,0,0,0.0,200.0,10,20,10,10,1,20.0,0,1831,0.8607,11,10,0,1819,1470
can_tho,severe,Oracle,5,240.0,mid,0.05,2024,2160,0,0,0.0,200.0,10,24,10,14,2,40.0,0,1826,1.3608,11,10,0,1823,1470
can_tho,severe,Oracle,6,240.0,mid,0.05,2024,2160,0,0,0.0,200.0,10,47,10,37,3,60.0,0,1835,2.0638,11,10,0,1835,1470
can_tho,severe,Oracle,7,240.0,mid,0.05,2024,2160,0,0,0.0,200.0,10,31,10,21,2,40.0,0,1839,1.8232,11,10,0,1824,1470
can_tho,severe,Oracle,8,240.0,mid,0.05,2024,2160,0,0,0.0,200.0,10,41,10,31,0,0.0,0,1831,2.2821,11,10,0,1836,1470
can_tho,severe,Oracle,9,240.0,mid,0.05,2024,2160,0,0,0.0,200.0,10,19,10,9,1,20.0,0,1804,0.9623,11,10,0,1818,1470
can_tho,severe,TwinGate+T2+centre,0,240.0,mid,0.05,2024,2160,249,0,19.2267,240.0,16,42,12,26,0,0.0,74,1861,1.291,9,0,8,1185,1063
can_tho,severe,TwinGate+T2+centre,1,240.0,mid,0.05,2024,2160,268,0,21.2089,240.0,16,47,12,31,1,20.0,74,1864,1.1385,10,0,9,1137,1053
can_tho,severe,TwinGate+T2+centre,2,240.0,mid,0.05,2024,2160,293,0,24.6878,240.0,11,35,12,24,3,60.0,79,1857,1.3588,8,0,7,1126,948
can_tho,severe,TwinGate+T2+centre,3,240.0,mid,0.05,2024,2160,278,0,21.5317,240.0,17,59,11,42,3,60.0,73,1824,1.8424,9,1,7,1263,1086
can_tho,severe,TwinGate+T2+centre,4,240.0,mid,0.05,2024,2160,263,0,19.6231,240.0,16,44,12,28,2,40.0,74,1831,1.5516,9,0,8,1170,1027
can_tho,severe,TwinGate+T2+centre,5,240.0,mid,0.05,2024,2160,270,0,21.8143,240.0,13,32,12,19,3,60.0,77,1826,1.3608,9,0,8,1168,998
can_tho,severe,TwinGate+T2+centre,6,240.0,mid,0.05,2024,2160,340,0,30.7598,240.0,12,39,12,27,6,120.0,78,1835,1.4272,6,0,5,1223,1016
can_tho,severe,TwinGate+T2+centre,7,240.0,mid,0.05,2024,2160,245,0,18.4133,240.0,15,41,12,26,3,60.0,75,1839,1.4907,9,1,7,1167,1016
can_tho,severe,TwinGate+T2+centre,8,240.0,mid,0.05,2024,2160,264,0,19.8185,240.0,15,41,12,26,2,40.0,75,1831,1.1386,8,0,7,1155,1020
can_tho,severe,TwinGate+T2+centre,9,240.0,mid,0.05,2024,2160,288,0,23.0899,240.0,12,21,12,9,2,40.0,78,1804,1.1384,5,0,4,1109,926
can_tho,severe,TwinGate+T2,0,240.0,narrow,0.1,2024,2160,193,0,11.5376,240.0,16,41,12,25,1,20.0,74,1861,1.3608,12,1,10,1293,1154
can_tho,severe,TwinGate+T2,1,240.0,narrow,0.1,2024,2160,194,0,11.6426,240.0,16,42,12,26,1,20.0,74,1864,1.0541,12,1,10,1292,1157
can_tho,severe,TwinGate+T2,2,240.0,narrow,0.1,2024,2160,263,0,19.5606,240.0,12,41,12,29,2,40.0,78,1857,1.3608,11,1,9,1314,1164
can_tho,severe,TwinGate+T2,3,240.0,narrow,0.1,2024,2160,232,0,10.8564,240.0,14,48,11,34,4,80.0,76,1824,1.6101,9,1,7,1312,1078
can_tho,severe,TwinGate+T2,4,240.0,narrow,0.1,2024,2160,223,0,15.7489,240.0,12,30,12,18,1,20.0,78,1831,1.1386,12,0,11,1234,1107
can_tho,severe,TwinGate+T2,5,240.0,narrow,0.1,2024,2160,248,0,19.1217,240.0,10,22,12,12,3,60.0,80,1826,1.0541,11,0,10,1204,1058
can_tho,severe,TwinGate+T2,6,240.0,narrow,0.1,2024,2160,218,0,14.1727,240.0,14,43,12,29,4,80.0,76,1835,1.6667,11,0,10,1265,1124
can_tho,severe,TwinGate+T2,7,240.0,narrow,0.1,2024,2160,274,0,14.1154,240.0,12,36,10,24,2,60.0,78,1839,1.6666,9,1,7,1333,1139
can_tho,severe,TwinGate+T2,8,240.0,narrow,0.1,2024,2160,222,0,15.6452,240.0,12,30,12,18,2,40.0,78,1831,0.8607,11,0,10,1264,1097
can_tho,severe,TwinGate+T2,9,240.0,narrow,0.1,2024,2160,217,0,13.8213,240.0,14,31,12,17,1,20.0,76,1804,1.2172,12,0,11,1245,1136
can_tho,severe,TwinGate+blindARQ,0,240.0,narrow,0.1,2024,2160,241,0,16.8637,240.0,10,43,12,33,2,40.0,80,1861,2.2367,11,0,10,1224,1098
can_tho,severe,TwinGate+blindARQ,1,240.0,narrow,0.1,2024,2160,243,0,17.5043,240.0,11,37,12,26,1,20.0,79,1864,1.6615,12,0,11,1236,1109
can_tho,severe,TwinGate+blindARQ,2,240.0,narrow,0.1,2024,2160,574,0,62.3538,240.0,5,33,12,28,7,140.0,85,1857,0.9455,6,0,5,1418,1179
can_tho,severe,TwinGate+blindARQ,3,240.0,narrow,0.1,2024,2160,337,0,29.7308,240.0,7,42,12,35,5,100.0,83,1824,2.0511,8,0,7,1265,1063
can_tho,severe,TwinGate+blindARQ,4,240.0,narrow,0.1,2024,2160,247,0,19.0192,240.0,9,27,12,18,3,60.0,81,1831,1.4272,10,0,9,1211,1045
can_tho,severe,TwinGate+blindARQ,5,240.0,narrow,0.1,2024,2160,316,0,27.4591,240.0,7,17,12,10,5,100.0,83,1826,1.1638,8,0,7,1202,1000
can_tho,severe,TwinGate+blindARQ,6,240.0,narrow,0.1,2024,2160,486,0,50.6369,240.0,6,45,12,39,6,120.0,84,1835,1.6693,7,0,6,1351,1130
can_tho,severe,TwinGate+blindARQ,7,240.0,narrow,0.1,2024,2160,270,0,21.9525,240.0,8,46,12,38,4,80.0,82,1839,2.1345,9,0,8,1161,998
can_tho,severe,TwinGate+blindARQ,8,240.0,narrow,0.1,2024,2160,241,0,16.8287,240.0,10,28,12,18,2,40.0,80,1831,1.3607,11,0,10,1243,1081
can_tho,severe,TwinGate+blindARQ,9,240.0,narrow,0.1,2024,2160,234,0,16.1501,240.0,10,40,12,30,2,40.0,80,1804,2.3283,11,0,10,1250,1087
can_tho,severe,Reactive+T2,0,240.0,narrow,0.1,2024,2160,600,0,66.5025,240.0,5,8,4,3,0,0.0,0,1861,1.2074,2,0,1,1344,1032
can_tho,severe,Reactive+T2,1,240.0,narrow,0.1,2024,2160,726,0,84.9111,240.0,5,15,4,10,1,60.0,0,1864,1.5274,3,0,2,1502,1188
can_tho,severe,Reactive+T2,2,240.0,narrow,0.1,2024,2160,600,0,66.4975,240.0,4,12,4,8,0,0.0,0,1857,1.2792,2,0,1,1345,1034
can_tho,severe,Reactive+T2,3,240.0,narrow,0.1,2024,2160,609,0,66.5268,240.0,9,33,4,24,2,120.0,0,1824,3.1557,3,1,1,1474,1161
can_tho,severe,Reactive+T2,4,240.0,narrow,0.1,2024,2160,578,0,63.5474,240.0,6,19,4,13,0,0.0,0,1831,1.527,2,0,1,1345,1040
can_tho,severe,Reactive+T2,5,240.0,narrow,0.1,2024,2160,578,0,63.5488,240.0,5,12,4,7,0,0.0,0,1826,1.2698,3,0,2,1335,1037
can_tho,severe,Reactive+T2,6,240.0,narrow,0.1,2024,2160,749,0,88.3251,240.0,3,10,4,7,1,60.0,0,1835,1.1746,2,0,1,1515,1191
can_tho,severe,Reactive+T2,7,240.0,narrow,0.1,2024,2160,749,0,88.3251,240.0,4,13,4,9,1,60.0,0,1839,1.1906,2,0,1,1518,1191
can_tho,severe,Reactive+T2,8,240.0,narrow,0.1,2024,2160,600,0,66.5025,240.0,4,5,4,1,0,0.0,0,1831,1.2709,2,0,1,1343,1032
can_tho,severe,Reactive+T2,9,240.0,narrow,0.1,2024,2160,749,0,88.3602,240.0,3,6,4,3,1,60.0,0,1804,0.8528,2,0,1,1515,1188
can_tho,severe,Reactive+blindARQ,0,240.0,narrow,0.1,2024,2160,600,0,66.5025,240.0,4,9,4,5,0,0.0,0,1861,1.2075,2,0,1,1343,1036
can_tho,severe,Reactive+blindARQ,1,240.0,narrow,0.1,2024,2160,749,0,88.1618,240.0,3,19,4,16,1,60.0,0,1864,2.6251,2,0,1,1520,1199
can_tho,severe,Reactive+blindARQ,2,240.0,narrow,0.1,2024,2160,938,0,112.4803,240.0,2,12,4,10,2,120.0,0,1857,0.853,1,0,0,1689,1321
can_tho,severe,Reactive+blindARQ,3,240.0,narrow,0.1,2024,2160,939,0,112.8283,240.0,2,12,4,10,2,120.0,0,1824,2.0431,1,0,0,1690,1328
can_tho,severe,Reactive+blindARQ,4,240.0,narrow,0.1,2024,2160,749,0,88.2949,240.0,3,15,4,12,1,60.0,0,1831,1.6951,2,0,1,1516,1195
can_tho,severe,Reactive+blindARQ,5,240.0,narrow,0.1,2024,2160,749,0,88.3251,240.0,3,13,4,10,1,60.0,0,1826,0.0054,2,0,1,1514,1189
can_tho,severe,Reactive+blindARQ,6,240.0,narrow,0.1,2024,2160,1102,0,133.7252,240.0,1,11,4,10,3,180.0,0,1835,1.1747,1,0,0,1833,1453
can_tho,severe,Reactive+blindARQ,7,240.0,narrow,0.1,2024,2160,919,0,110.6565,240.0,2,18,4,16,2,120.0,0,1839,2.4126,1,0,0,1670,1312
can_tho,severe,Reactive+blindARQ,8,240.0,narrow,0.1,2024,2160,600,0,66.5025,240.0,4,5,4,1,0,0.0,0,1831,1.2709,2,0,1,1343,1032
can_tho,severe,Reactive+blindARQ,9,240.0,narrow,0.1,2024,2160,749,0,88.3602,240.0,3,6,4,3,1,60.0,0,1804,0.8528,2,0,1,1515,1188
can_tho,severe,FixedSchedule,0,240.0,narrow,0.1,2024,2160,891,0,106.2957,240.0,4,10,4,6,0,0.0,0,1861,0.0044,1,0,0,1644,1249
can_tho,severe,FixedSchedule,1,240.0,narrow,0.1,2024,2160,1013,0,122.4572,240.0,3,15,4,12,1,60.0,0,1864,0.9497,1,0,0,1759,1365
can_tho,severe,FixedSchedule,2,240.0,narrow,0.1,2024,2160,1127,0,137.7883,240.0,2,20,4,18,2,120.0,0,1857,1.466,1,0,0,1860,1465
can_tho,severe,FixedSchedule,3,240.0,narrow,0.1,2024,2160,1133,0,140.0222,240.0,2,14,4,12,2,120.0,0,1824,1.0319,1,0,0,1881,1486
can_tho,severe,FixedSchedule,4,240.0,narrow,0.1,2024,2160,1028,0,123.1225,240.0,3,15,4,12,1,60.0,0,1831,1.3435,1,0,0,1761,1367
can_tho,severe,FixedSchedule,5,240.0,narrow,0.1,2024,2160,1029,0,123.1828,240.0,3,14,4,11,1,60.0,0,1826,1.0267,1,0,0,1761,1367
can_tho,severe,FixedSchedule,6,240.0,narrow,0.1,2024,2160,1248,0,155.1484,240.0,1,8,4,7,3,180.0,0,1835,0.0033,1,0,0,1978,1584
can_tho,severe,FixedSchedule,7,240.0,narrow,0.1,2024,2160,1133,0,140.3169,240.0,2,18,4,16,2,120.0,0,1839,0.5381,1,0,0,1881,1487
can_tho,severe,FixedSchedule,8,240.0,narrow,0.1,2024,2160,891,0,106.2957,240.0,4,14,4,10,0,0.0,0,1831,0.0059,1,0,0,1644,1249
can_tho,severe,FixedSchedule,9,240.0,narrow,0.1,2024,2160,1029,0,123.1954,240.0,3,15,4,12,1,60.0,0,1804,0.5549,1,0,0,1761,1367
can_tho,severe,Oracle,0,240.0,narrow,0.1,2024,2160,0,0,0.0,200.0,10,28,10,18,1,20.0,0,1861,1.1386,11,10,0,1827,1470
can_tho,severe,Oracle,1,240.0,narrow,0.1,2024,2160,0,0,0.0,200.0,10,37,10,27,0,0.0,0,1864,1.4907,11,10,0,1817,1470
can_tho,severe,Oracle,2,240.0,narrow,0.1,2024,2160,0,0,0.0,200.0,10,22,10,12,2,40.0,0,1857,1.4907,11,10,0,1821,1470
can_tho,severe,Oracle,3,240.0,narrow,0.1,2024,2160,0,0,0.0,200.0,10,30,10,20,2,40.0,0,1824,1.2172,11,10,0,1829,1470
can_tho,severe,Oracle,4,240.0,narrow,0.1,2024,2160,0,0,0.0,200.0,10,20,10,10,1,20.0,0,1831,0.8607,11,10,0,1819,1470
can_tho,severe,Oracle,5,240.0,narrow,0.1,2024,2160,0,0,0.0,200.0,10,24,10,14,2,40.0,0,1826,1.3608,11,10,0,1823,1470
can_tho,severe,Oracle,6,240.0,narrow,0.1,2024,2160,0,0,0.0,200.0,10,47,10,37,3,60.0,0,1835,2.0638,11,10,0,1835,1470
can_tho,severe,Oracle,7,240.0,narrow,0.1,2024,2160,0,0,0.0,200.0,10,31,10,21,2,40.0,0,1839,1.8232,11,10,0,1824,1470
can_tho,severe,Oracle,8,240.0,narrow,0.1,2024,2160,0,0,0.0,200.0,10,41,10,31,0,0.0,0,1831,2.2821,11,10,0,1836,1470
can_tho,severe,Oracle,9,240.0,narrow,0.1,2024,2160,0,0,0.0,200.0,10,19,10,9,1,20.0,0,1804,0.9623,11,10,0,1818,1470
can_tho,severe,TwinGate+T2+centre,0,240.0,narrow,0.1,2024,2160,193,0,11.5376,240.0,16,41,12,25,1,20.0,74,1861,1.3608,12,1,10,1293,1154
can_tho,severe,TwinGate+T2+centre,1,240.0,narrow,0.1,2024,2160,194,0,11.6426,240.0,16,42,12,26,1,20.0,74,1864,1.0541,12,1,10,1292,1157
can_tho,severe,TwinGate+T2+centre,2,240.0,narrow,0.1,2024,2160,263,0,19.5606,240.0,12,41,12,29,2,40.0,78,1857,1.3608,11,1,9,1314,1164
can_tho,severe,TwinGate+T2+centre,3,240.0,narrow,0.1,2024,2160,232,0,10.8564,240.0,14,48,11,34,4,80.0,76,1824,1.6101,9,1,7,1312,1078
can_tho,severe,TwinGate+T2+centre,4,240.0,narrow,0.1,2024,2160,223,0,15.7489,240.0,12,30,12,18,1,20.0,78,1831,1.1386,12,0,11,1234,1107
can_tho,severe,TwinGate+T2+centre,5,240.0,narrow,0.1,2024,2160,248,0,19.1217,240.0,10,22,12,12,3,60.0,80,1826,1.0541,11,0,10,1204,1058
can_tho,severe,TwinGate+T2+centre,6,240.0,narrow,0.1,2024,2160,218,0,14.1727,240.0,14,43,12,29,4,80.0,76,1835,1.6667,11,0,10,1265,1124
can_tho,severe,TwinGate+T2+centre,7,240.0,narrow,0.1,2024,2160,274,0,14.1154,240.0,12,36,10,24,2,60.0,78,1839,1.6666,9,1,7,1333,1139
can_tho,severe,TwinGate+T2+centre,8,240.0,narrow,0.1,2024,2160,222,0,15.6452,240.0,12,30,12,18,2,40.0,78,1831,0.8607,11,0,10,1264,1097
can_tho,severe,TwinGate+T2+centre,9,240.0,narrow,0.1,2024,2160,217,0,13.8213,240.0,14,31,12,17,1,20.0,76,1804,1.2172,12,0,11,1245,1136
can_tho,severe,TwinGate+T2,0,320.0,awd,0.02,2024,2160,12,0,0.0867,240.0,15,37,12,22,1,20.0,75,1861,1.1386,11,9,2,969,1280
can_tho,severe,TwinGate+T2,1,320.0,awd,0.02,2024,2160,15,0,0.1355,240.0,12,29,11,17,1,20.0,78,1864,0.8607,10,10,0,976,1261
can_tho,severe,TwinGate+T2,2,320.0,awd,0.02,2024,2160,0,0,0.0,280.0,8,25,14,17,6,120.0,82,1857,1.1973,9,8,0,1427,1070
can_tho,severe,TwinGate+T2,3,320.0,awd,0.02,2024,2160,9,0,0.0378,260.0,11,32,13,21,5,100.0,79,1824,1.0541,9,9,0,945,1124
can_tho,severe,TwinGate+T2,4,320.0,awd,0.02,2024,2160,0,0,0.0,260.0,11,27,13,16,3,60.0,79,1831,1.2909,10,10,0,936,1169
can_tho,severe,TwinGate+T2,5,320.0,awd,0.02,2024,2160,0,0,0.0,260.0,10,23,13,13,5,100.0,80,1826,1.2171,10,10,0,926,1188
can_tho,severe,TwinGate+T2,6,320.0,awd,0.02,2024,2160,0,0,0.0,260.0,10,29,13,19,5,100.0,80,1835,1.3345,9,8,0,1514,1191
can_tho,severe,TwinGate+T2,7,320.0,awd,0.02,2024,2160,27,0,0.2891,260.0,14,44,13,30,5,100.0,76,1839,1.721,9,8,1,903,1134
can_tho,severe,TwinGate+T2,8,320.0,awd,0.02,2024,2160,34,0,0.6589,240.0,15,42,12,27,1,20.0,75,1831,1.2172,10,8,2,884,1256
can_tho,severe,TwinGate+T2,9,320.0,awd,0.02,2024,2160,0,0,0.0,240.0,14,35,12,21,2,40.0,76,1804,1.0541,11,9,1,1600,1256
can_tho,severe,TwinGate+blindARQ,0,320.0,awd,0.02,2024,2160,0,0,0.0,240.0,10,47,12,37,2,40.0,80,1861,2.6626,11,10,0,1554,1273
can_tho,severe,TwinGate+blindARQ,1,320.0,awd,0.02,2024,2160,0,0,0.0,240.0,11,26,12,15,1,20.0,79,1864,0.9623,12,10,1,1617,1302
can_tho,severe,TwinGate+blindARQ,2,320.0,awd,0.02,2024,2160,0,0,0.0,320.0,8,75,16,67,8,160.0,82,1857,3.4016,9,8,0,1420,1085
can_tho,severe,TwinGate+blindARQ,3,320.0,awd,0.02,2024,2160,0,0,0.0,260.0,7,48,13,41,6,120.0,83,1824,2.2442,8,7,0,1349,1061
can_tho,severe,TwinGate+blindARQ,4,320.0,awd,0.02,2024,2160,0,0,0.0,260.0,9,28,13,19,4,80.0,81,1831,1.2172,10,9,0,1447,1143
can_tho,severe,TwinGate+blindARQ,5,320.0,awd,0.02,2024,2160,0,0,0.0,300.0,8,23,15,15,7,140.0,82,1826,1.3059,9,8,0,1355,992
can_tho,severe,TwinGate+blindARQ,6,320.0,awd,0.02,2024,2160,0,0,0.0,320.0,7,59,16,52,9,180.0,83,1835,2.7202,8,7,0,1312,905
can_tho,severe,TwinGate+blindARQ,7,320.0,awd,0.02,2024,2160,0,0,0.0,260.0,8,74,13,66,5,100.0,82,1839,3.8987,9,8,0,1409,1101
can_tho,severe,TwinGate+blindARQ,8,320.0,awd,0.02,2024,2160,0,0,0.0,240.0,10,39,12,29,2,40.0,80,1831,2.3094,11,10,0,1575,1233
can_tho,severe,TwinGate+blindARQ,9,320.0,awd,0.02,2024,2160,0,0,0.0,240.0,10,36,12,26,2,40.0,80,1804,2.18,11,10,0,1587,1310
can_tho,severe,Reactive+T2,0,320.0,awd,0.02,2024,2160,366,0,34.8528,320.0,7,12,6,5,0,0.0,0,1861,1.2074,3,0,2,1136,856
can_tho,severe,Reactive+T2,1,320.0,awd,0.02,2024,2160,507,0,53.04,320.0,7,19,6,12,1,60.0,0,1864,1.5274,3,0,2,1257,974
can_tho,severe,Reactive+T2,2,320.0,awd,0.02,2024,2160,366,0,34.8513,320.0,6,15,6,9,0,0.0,0,1857,1.6028,3,0,2,1138,857
can_tho,severe,Reactive+T2,3,320.0,awd,0.02,2024,2160,375,0,34.885,320.0,11,38,6,27,2,120.0,0,1824,3.3001,4,1,2,1267,986
can_tho,severe,Reactive+T2,4,320.0,awd,0.02,2024,2160,359,0,32.6311,320.0,8,24,6,16,0,0.0,0,1831,1.527,2,0,1,1130,846
can_tho,severe,Reactive+T2,5,320.0,awd,0.02,2024,2160,337,0,29.7863,320.0,8,18,6,10,1,20.0,0,1826,1.8596,4,0,3,1109,842
can_tho,severe,Reactive+T2,6,320.0,awd,0.02,2024,2160,507,0,53.0425,320.0,6,16,6,10,1,60.0,0,1835,1.5398,3,0,2,1261,975
can_tho,severe,Reactive+T2,7,320.0,awd,0.02,2024,2160,507,0,53.0425,320.0,7,19,6,12,1,60.0,0,1839,1.5521,3,0,2,1264,975
can_tho,severe,Reactive+T2,8,320.0,awd,0.02,2024,2160,529,0,56.0479,320.0,5,9,6,4,1,60.0,0,1831,0.8987,2,0,1,1268,972
can_tho,severe,Reactive+T2,9,320.0,awd,0.02,2024,2160,529,0,56.0531,320.0,5,8,6,3,1,60.0,0,1804,0.8528,2,0,1,1268,972
can_tho,severe,Reactive+blindARQ,0,320.0,awd,0.02,2024,2160,366,0,34.8528,320.0,6,13,6,7,0,0.0,0,1861,1.2075,3,0,2,1135,860
can_tho,severe,Reactive+blindARQ,1,320.0,awd,0.02,2024,2160,529,0,56.0364,320.0,5,25,6,20,1,60.0,0,1864,2.7726,2,0,1,1273,986
can_tho,severe,Reactive+blindARQ,2,320.0,awd,0.02,2024,2160,674,0,77.4526,320.0,4,17,6,13,2,120.0,0,1857,1.3419,2,0,1,1438,1129
can_tho,severe,Reactive+blindARQ,3,320.0,awd,0.02,2024,2160,674,0,77.5067,320.0,4,14,6,10,3,140.0,0,1824,2.2942,2,0,1,1437,1134
can_tho,severe,Reactive+blindARQ,4,320.0,awd,0.02,2024,2160,529,0,56.0522,320.0,5,19,6,14,1,60.0,0,1831,1.6951,2,0,1,1270,981
can_tho,severe,Reactive+blindARQ,5,320.0,awd,0.02,2024,2160,529,0,56.0317,320.0,5,21,6,16,1,60.0,0,1826,1.3409,2,0,1,1267,978
can_tho,severe,Reactive+blindARQ,6,320.0,awd,0.02,2024,2160,859,0,101.3709,320.0,3,17,6,14,3,180.0,0,1835,1.251,2,0,1,1611,1286
can_tho,severe,Reactive+blindARQ,7,320.0,awd,0.02,2024,2160,674,0,77.4736,320.0,4,26,6,22,2,120.0,0,1839,2.4882,1,0,0,1426,1124
can_tho,severe,Reactive+blindARQ,8,320.0,awd,0.02,2024,2160,529,0,56.0479,320.0,5,9,6,4,1,60.0,0,1831,0.8987,2,0,1,1268,972
can_tho,severe,Reactive+blindARQ,9,320.0,awd,0.02,2024,2160,529,0,56.0531,320.0,5,8,6,3,1,60.0,0,1804,0.8528,2,0,1,1268,972
can_tho,severe,FixedSchedule,0,320.0,awd,0.02,2024,2160,674,0,77.5067,320.0,6,12,6,6,0,0.0,0,1861,0.0044,1,0,0,1426,1066
can_tho,severe,FixedSchedule,1,320.0,awd,0.02,2024,2160,817,0,95.2777,320.0,5,19,6,14,1,60.0,0,1864,0.9497,1,0,0,1558,1187
can_tho,severe,FixedSchedule,2,320.0,awd,0.02,2024,2160,961,0,115.8824,320.0,4,22,6,18,3,140.0,0,1857,10.343,1,0,0,1713,1318
can_tho,severe,FixedSchedule,3,320.0,awd,0.02,2024,2160,937,0,112.0439,320.0,4,20,6,16,3,140.0,0,1824,3.9234,2,0,1,1698,1328
can_tho,severe,FixedSchedule,4,320.0,awd,0.02,2024,2160,817,0,95.2777,320.0,5,20,6,15,1,60.0,0,1831,1.3435,1,0,0,1558,1187
can_tho,severe,FixedSchedule,5,320.0,awd,0.02,2024,2160,843,0,99.5137,320.0,5,16,6,11,2,80.0,0,1826,10.9517,1,0,0,1593,1201
can_tho,severe,FixedSchedule,6,320.0,awd,0.02,2024,2160,1060,0,128.7331,320.0,3,13,6,10,3,180.0,0,1835,3.8454,2,0,1,1800,1446
can_tho,severe,FixedSchedule,7,320.0,awd,0.02,2024,2160,937,0,111.9269,320.0,4,28,6,24,2,120.0,0,1839,4.0646,2,0,1,1698,1328
can_tho,severe,FixedSchedule,8,320.0,awd,0.02,2024,2160,815,0,94.6991,320.0,5,34,6,29,1,60.0,0,1831,7.2457,2,0,1,1553,1200
can_tho,severe,FixedSchedule,9,320.0,awd,0.02,2024,2160,817,0,95.2777,320.0,5,19,6,14,1,60.0,0,1804,0.5549,1,0,0,1558,1187
can_tho,severe,Oracle,0,320.0,awd,0.02,2024,2160,0,0,0.0,260.0,10,26,10,16,1,40.0,0,1861,1.3608,10,9,1,1003,1186
can_tho,severe,Oracle,1,320.0,awd,0.02,2024,2160,0,0,0.0,260.0,10,30,10,20,0,0.0,0,1864,1.2172,10,9,1,989,1186
can_tho,severe,Oracle,2,320.0,awd,0.02,2024,2160,0,0,0.0,260.0,10,35,10,25,1,20.0,0,1857,3.5314,10,9,1,993,1198
can_tho,severe,Oracle,3,320.0,awd,0.02,2024,2160,0,0,0.0,260.0,10,27,10,17,2,60.0,0,1824,1.4272,10,9,1,1004,1186
can_tho,severe,Oracle,4,320.0,awd,0.02,2024,2160,0,0,0.0,260.0,10,21,10,11,1,40.0,0,1831,0.8607,10,9,1,998,1186
can_tho,severe,Oracle,5,320.0,awd,0.02,2024,2160,0,0,0.0,260.0,10,17,10,7,2,40.0,0,1826,1.4272,10,9,1,994,1188
can_tho,severe,Oracle,6,320.0,awd,0.02,2024,2160,0,0,0.0,260.0,10,40,10,30,4,120.0,0,1835,2.0638,10,9,1,1007,1186
can_tho,severe,Oracle,7,320.0,awd,0.02,2024,2160,0,0,0.0,260.0,10,25,10,15,3,80.0,0,1839,1.9696,10,8,2,988,1186
can_tho,severe,Oracle,8,320.0,awd,0.02,2024,2160,0,0,0.0,260.0,10,37,10,27,0,0.0,0,1831,2.1994,10,9,1,1010,1189
can_tho,severe,Oracle,9,320.0,awd,0.02,2024,2160,0,0,0.0,260.0,10,18,10,8,1,20.0,0,1804,0.9623,10,9,1,995,1187
can_tho,severe,TwinGate+T2+centre,0,320.0,awd,0.02,2024,2160,0,0,0.0,320.0,19,50,16,31,1,20.0,71,1861,1.3608,10,0,9,884,745
can_tho,severe,TwinGate+T2+centre,1,320.0,awd,0.02,2024,2160,0,0,0.0,320.0,19,57,16,38,3,60.0,71,1864,1.557,12,0,11,913,820
can_tho,severe,TwinGate+T2+centre,2,320.0,awd,0.02,2024,2160,0,0,0.0,320.0,15,47,16,32,4,80.0,75,1857,1.5498,11,0,10,836,645
can_tho,severe,TwinGate+T2+centre,3,320.0,awd,0.02,2024,2160,9,0,0.0378,320.0,21,73,15,52,4,80.0,69,1824,2.0785,12,1,10,988,802
can_tho,severe,TwinGate+T2+centre,4,320.0,awd,0.02,2024,2160,0,0,0.0,320.0,19,52,16,33,4,80.0,71,1831,1.6666,11,0,10,883,703
can_tho,severe,TwinGate+T2+centre,5,320.0,awd,0.02,2024,2160,4,0,0.0171,320.0,15,39,16,24,5,100.0,75,1826,1.5515,11,0,10,938,767
can_tho,severe,TwinGate+T2+centre,6,320.0,awd,0.02,2024,2160,7,0,0.0641,320.0,15,50,16,35,8,160.0,75,1835,1.6667,8,0,7,935,744
can_tho,severe,TwinGate+T2+centre,7,320.0,awd,0.02,2024,2160,0,0,0.0,320.0,17,49,16,32,5,100.0,73,1839,1.5516,10,1,8,887,674
can_tho,severe,TwinGate+T2+centre,8,320.0,awd,0.02,2024,2160,0,0,0.0,320.0,19,51,16,32,2,40.0,71,1831,1.1386,10,0,9,865,739
can_tho,severe,TwinGate+T2+centre,9,320.0,awd,0.02,2024,2160,0,0,0.0,320.0,21,51,16,30,2,40.0,69,1804,1.61,9,0,8,876,690
can_tho,severe,TwinGate+T2,0,320.0,mid,0.05,2024,2160,0,0,0.0,280.0,21,55,14,34,2,40.0,69,1861,1.6666,14,3,10,1304,1157
can_tho,severe,TwinGate+T2,1,320.0,mid,0.05,2024,2160,0,0,0.0,300.0,15,46,15,31,3,60.0,75,1864,1.266,13,1,11,1220,1000
can_tho,severe,TwinGate+T2,2,320.0,mid,0.05,2024,2160,0,0,0.0,320.0,16,53,16,37,5,100.0,74,1857,1.6212,12,1,11,623,982
can_tho,severe,TwinGate+T2,3,320.0,mid,0.05,2024,2160,9,0,0.0378,320.0,12,38,16,26,8,160.0,78,1824,1.7213,9,1,7,1135,854
can_tho,severe,TwinGate+T2,4,320.0,mid,0.05,2024,2160,0,0,0.0,300.0,13,30,15,17,4,80.0,77,1831,0.9784,13,0,12,1176,969
can_tho,severe,TwinGate+T2,5,320.0,mid,0.05,2024,2160,0,0,0.0,320.0,15,44,16,29,5,100.0,75,1826,1.8219,12,0,12,566,921
can_tho,severe,TwinGate+T2,6,320.0,mid,0.05,2024,2160,0,0,0.0,320.0,12,33,16,21,6,120.0,78,1835,1.3082,11,0,11,521,874
can_tho,severe,TwinGate+T2,7,320.0,mid,0.05,2024,2160,0,0,0.0,280.0,18,65,14,47,3,60.0,72,1839,1.9245,12,2,9,1296,1082
can_tho,severe,TwinGate+T2,8,320.0,mid,0.05,2024,2160,0,0,0.0,280.0,21,54,14,33,1,20.0,69,1831,1.6666,14,4,10,792,1187
can_tho,severe,TwinGate+T2,9,320.0,mid,0.05,2024,2160,0,0,0.0,300.0,16,37,15,21,3,60.0,74,1804,1.1386,12,1,11,623,977
can_tho,severe,TwinGate+blindARQ,0,320.0,mid,0.05,2024,2160,0,0,0.0,300.0,12,38,15,26,3,60.0,78,1861,1.4907,13,0,12,1132,944
can_tho,severe,TwinGate+blindARQ,1,320.0,mid,0.05,2024,2160,0,0,0.0,320.0,12,61,16,49,4,80.0,78,1864,2.2116,13,0,12,1205,1065
can_tho,severe,TwinGate+blindARQ,2,320.0,mid,0.05,2024,2160,214,0,13.2949,320.0,8,34,16,26,8,160.0,82,1857,1.3608,9,0,8,1283,1067
can_tho,severe,TwinGate+blindARQ,3,320.0,mid,0.05,2024,2160,0,0,0.0,320.0,8,30,16,22,8,160.0,82,1824,1.2909,9,0,8,1101,866
can_tho,severe,TwinGate+blindARQ,4,320.0,mid,0.05,2024,2160,0,0,0.0,320.0,11,31,16,20,5,100.0,79,1831,1.4391,12,0,11,1103,872
can_tho,severe,TwinGate+blindARQ,5,320.0,mid,0.05,2024,2160,5,0,0.035,320.0,9,50,16,41,7,140.0,81,1826,2.5083,10,0,9,1141,961
can_tho,severe,TwinGate+blindARQ,6,320.0,mid,0.05,2024,2160,149,0,8.2649,320.0,7,52,16,45,9,180.0,83,1835,2.1097,8,0,7,1200,970
can_tho,severe,TwinGate+blindARQ,7,320.0,mid,0.05,2024,2160,0,0,0.0,320.0,10,42,16,32,6,120.0,80,1839,1.7782,10,0,10,443,776
can_tho,severe,TwinGate+blindARQ,8,320.0,mid,0.05,2024,2160,0,0,0.0,300.0,13,51,15,38,2,40.0,77,1831,1.6667,14,0,13,1215,1032
can_tho,severe,TwinGate+blindARQ,9,320.0,mid,0.05,2024,2160,0,0,0.0,300.0,12,45,15,33,3,60.0,78,1804,2.1492,13,0,12,1173,989
can_tho,severe,Reactive+T2,0,320.0,mid,0.05,2024,2160,366,0,34.8528,320.0,7,12,6,5,0,0.0,0,1861,1.2074,3,0,2,1136,856
can_tho,severe,Reactive+T2,1,320.0,mid,0.05,2024,2160,507,0,53.04,320.0,7,19,6,12,1,60.0,0,1864,1.5274,3,0,2,1257,974
can_tho,severe,Reactive+T2,2,320.0,mid,0.05,2024,2160,366,0,34.8513,320.0,6,15,6,9,0,0.0,0,1857,1.6028,3,0,2,1138,857
can_tho,severe,Reactive+T2,3,320.0,mid,0.05,2024,2160,375,0,34.885,320.0,11,38,6,27,2,120.0,0,1824,3.3001,4,1,2,1267,986
can_tho,severe,Reactive+T2,4,320.0,mid,0.05,2024,2160,359,0,32.6311,320.0,8,24,6,16,0,0.0,0,1831,1.527,2,0,1,1130,846
can_tho,severe,Reactive+T2,5,320.0,mid,0.05,2024,2160,337,0,29.7863,320.0,8,18,6,10,1,20.0,0,1826,1.8596,4,0,3,1109,842
can_tho,severe,Reactive+T2,6,320.0,mid,0.05,2024,2160,507,0,53.0425,320.0,6,16,6,10,1,60.0,0,1835,1.5398,3,0,2,1261,975
can_tho,severe,Reactive+T2,7,320.0,mid,0.05,2024,2160,507,0,53.0425,320.0,7,19,6,12,1,60.0,0,1839,1.5521,3,0,2,1264,975
can_tho,severe,Reactive+T2,8,320.0,mid,0.05,2024,2160,529,0,56.0479,320.0,5,9,6,4,1,60.0,0,1831,0.8987,2,0,1,1268,972
can_tho,severe,Reactive+T2,9,320.0,mid,0.05,2024,2160,529,0,56.0531,320.0,5,8,6,3,1,60.0,0,1804,0.8528,2,0,1,1268,972
can_tho,severe,Reactive+blindARQ,0,320.0,mid,0.05,2024,2160,366,0,34.8528,320.0,6,13,6,7,0,0.0,0,1861,1.2075,3,0,2,1135,860
can_tho,severe,Reactive+blindARQ,1,320.0,mid,0.05,2024,2160,529,0,56.0364,320.0,5,25,6,20,1,60.0,0,1864,2.7726,2,0,1,1273,986
can_tho,severe,Reactive+blindARQ,2,320.0,mid,0.05,2024,2160,674,0,77.4526,320.0,4,17,6,13,2,120.0,0,1857,1.3419,2,0,1,1438,1129
can_tho,severe,Reactive+blindARQ,3,320.0,mid,0.05,2024,2160,674,0,77.5067,320.0,4,14,6,10,3,140.0,0,1824,2.2942,2,0,1,1437,1134
can_tho,severe,Reactive+blindARQ,4,320.0,mid,0.05,2024,2160,529,0,56.0522,320.0,5,19,6,14,1,60.0,0,1831,1.6951,2,0,1,1270,981
can_tho,severe,Reactive+blindARQ,5,320.0,mid,0.05,2024,2160,529,0,56.0317,320.0,5,21,6,16,1,60.0,0,1826,1.3409,2,0,1,1267,978
can_tho,severe,Reactive+blindARQ,6,320.0,mid,0.05,2024,2160,859,0,101.3709,320.0,3,17,6,14,3,180.0,0,1835,1.251,2,0,1,1611,1286
can_tho,severe,Reactive+blindARQ,7,320.0,mid,0.05,2024,2160,674,0,77.4736,320.0,4,26,6,22,2,120.0,0,1839,2.4882,1,0,0,1426,1124
can_tho,severe,Reactive+blindARQ,8,320.0,mid,0.05,2024,2160,529,0,56.0479,320.0,5,9,6,4,1,60.0,0,1831,0.8987,2,0,1,1268,972
can_tho,severe,Reactive+blindARQ,9,320.0,mid,0.05,2024,2160,529,0,56.0531,320.0,5,8,6,3,1,60.0,0,1804,0.8528,2,0,1,1268,972
can_tho,severe,FixedSchedule,0,320.0,mid,0.05,2024,2160,674,0,77.5067,320.0,6,12,6,6,0,0.0,0,1861,0.0044,1,0,0,1426,1066
can_tho,severe,FixedSchedule,1,320.0,mid,0.05,2024,2160,817,0,95.2777,320.0,5,19,6,14,1,60.0,0,1864,0.9497,1,0,0,1558,1187
can_tho,severe,FixedSchedule,2,320.0,mid,0.05,2024,2160,961,0,115.8824,320.0,4,22,6,18,3,140.0,0,1857,10.343,1,0,0,1713,1318
can_tho,severe,FixedSchedule,3,320.0,mid,0.05,2024,2160,937,0,112.0439,320.0,4,20,6,16,3,140.0,0,1824,3.9234,2,0,1,1698,1328
can_tho,severe,FixedSchedule,4,320.0,mid,0.05,2024,2160,817,0,95.2777,320.0,5,20,6,15,1,60.0,0,1831,1.3435,1,0,0,1558,1187
can_tho,severe,FixedSchedule,5,320.0,mid,0.05,2024,2160,843,0,99.5137,320.0,5,16,6,11,2,80.0,0,1826,10.9517,1,0,0,1593,1201
can_tho,severe,FixedSchedule,6,320.0,mid,0.05,2024,2160,1060,0,128.7331,320.0,3,13,6,10,3,180.0,0,1835,3.8454,2,0,1,1800,1446
can_tho,severe,FixedSchedule,7,320.0,mid,0.05,2024,2160,937,0,111.9269,320.0,4,28,6,24,2,120.0,0,1839,4.0646,2,0,1,1698,1328
can_tho,severe,FixedSchedule,8,320.0,mid,0.05,2024,2160,815,0,94.6991,320.0,5,34,6,29,1,60.0,0,1831,7.2457,2,0,1,1553,1200
can_tho,severe,FixedSchedule,9,320.0,mid,0.05,2024,2160,817,0,95.2777,320.0,5,19,6,14,1,60.0,0,1804,0.5549,1,0,0,1558,1187
can_tho,severe,Oracle,0,320.0,mid,0.05,2024,2160,0,0,0.0,260.0,10,26,10,16,1,40.0,0,1861,1.3608,10,9,1,1003,1186
can_tho,severe,Oracle,1,320.0,mid,0.05,2024,2160,0,0,0.0,260.0,10,30,10,20,0,0.0,0,1864,1.2172,10,9,1,989,1186
can_tho,severe,Oracle,2,320.0,mid,0.05,2024,2160,0,0,0.0,260.0,10,35,10,25,1,20.0,0,1857,3.5314,10,9,1,993,1198
can_tho,severe,Oracle,3,320.0,mid,0.05,2024,2160,0,0,0.0,260.0,10,27,10,17,2,60.0,0,1824,1.4272,10,9,1,1004,1186
can_tho,severe,Oracle,4,320.0,mid,0.05,2024,2160,0,0,0.0,260.0,10,21,10,11,1,40.0,0,1831,0.8607,10,9,1,998,1186
can_tho,severe,Oracle,5,320.0,mid,0.05,2024,2160,0,0,0.0,260.0,10,17,10,7,2,40.0,0,1826,1.4272,10,9,1,994,1188
can_tho,severe,Oracle,6,320.0,mid,0.05,2024,2160,0,0,0.0,260.0,10,40,10,30,4,120.0,0,1835,2.0638,10,9,1,1007,1186
can_tho,severe,Oracle,7,320.0,mid,0.05,2024,2160,0,0,0.0,260.0,10,25,10,15,3,80.0,0,1839,1.9696,10,8,2,988,1186
can_tho,severe,Oracle,8,320.0,mid,0.05,2024,2160,0,0,0.0,260.0,10,37,10,27,0,0.0,0,1831,2.1994,10,9,1,1010,1189
can_tho,severe,Oracle,9,320.0,mid,0.05,2024,2160,0,0,0.0,260.0,10,18,10,8,1,20.0,0,1804,0.9623,10,9,1,995,1187
can_tho,severe,TwinGate+T2+centre,0,320.0,mid,0.05,2024,2160,0,0,0.0,320.0,19,50,16,31,1,20.0,71,1861,1.3608,10,0,9,884,745
can_tho,severe,TwinGate+T2+centre,1,320.0,mid,0.05,2024,2160,0,0,0.0,320.0,19,57,16,38,3,60.0,71,1864,1.557,12,0,11,913,820
can_tho,severe,TwinGate+T2+centre,2,320.0,mid,0.05,2024,2160,0,0,0.0,320.0,15,47,16,32,4,80.0,75,1857,1.5498,11,0,10,836,645
can_tho,severe,TwinGate+T2+centre,3,320.0,mid,0.05,2024,2160,9,0,0.0378,320.0,21,73,15,52,4,80.0,69,1824,2.0785,12,1,10,988,802
can_tho,severe,TwinGate+T2+centre,4,320.0,mid,0.05,2024,2160,0,0,0.0,320.0,19,52,16,33,4,80.0,71,1831,1.6666,11,0,10,883,703
can_tho,severe,TwinGate+T2+centre,5,320.0,mid,0.05,2024,2160,4,0,0.0171,320.0,15,39,16,24,5,100.0,75,1826,1.5515,11,0,10,938,767
can_tho,severe,TwinGate+T2+centre,6,320.0,mid,0.05,2024,2160,7,0,0.0641,320.0,15,50,16,35,8,160.0,75,1835,1.6667,8,0,7,935,744
can_tho,severe,TwinGate+T2+centre,7,320.0,mid,0.05,2024,2160,0,0,0.0,320.0,17,49,16,32,5,100.0,73,1839,1.5516,10,1,8,887,674
can_tho,severe,TwinGate+T2+centre,8,320.0,mid,0.05,2024,2160,0,0,0.0,320.0,19,51,16,32,2,40.0,71,1831,1.1386,10,0,9,865,739
can_tho,severe,TwinGate+T2+centre,9,320.0,mid,0.05,2024,2160,0,0,0.0,320.0,21,51,16,30,2,40.0,69,1804,1.61,9,0,8,876,690
can_tho,severe,TwinGate+T2,0,320.0,narrow,0.1,2024,2160,0,0,0.0,320.0,21,52,16,31,2,40.0,69,1861,1.5516,15,1,14,472,873
can_tho,severe,TwinGate+T2,1,320.0,narrow,0.1,2024,2160,0,0,0.0,320.0,19,54,16,35,3,60.0,71,1864,1.3652,14,1,12,1101,892
can_tho,severe,TwinGate+T2,2,320.0,narrow,0.1,2024,2160,0,0,0.0,320.0,16,56,16,40,3,60.0,74,1857,1.5516,14,1,12,1074,880
can_tho,severe,TwinGate+T2,3,320.0,narrow,0.1,2024,2160,83,0,2.7728,320.0,18,59,15,41,6,120.0,72,1824,1.8757,11,1,10,521,809
can_tho,severe,TwinGate+T2,4,320.0,narrow,0.1,2024,2160,0,0,0.0,320.0,15,40,16,25,2,40.0,75,1831,1.291,15,0,14,969,776
can_tho,severe,TwinGate+T2,5,320.0,narrow,0.1,2024,2160,0,0,0.0,320.0,14,36,16,22,4,80.0,76,1826,1.4311,14,0,13,977,768
can_tho,severe,TwinGate+T2,6,320.0,narrow,0.1,2024,2160,0,0,0.0,320.0,17,55,16,38,7,140.0,73,1835,2.1082,13,0,12,1004,770
can_tho,severe,TwinGate+T2,7,320.0,narrow,0.1,2024,2160,81,0,2.6423,320.0,15,43,14,28,3,80.0,75,1839,1.7743,11,1,10,494,805
can_tho,severe,TwinGate+T2,8,320.0,narrow,0.1,2024,2160,0,0,0.0,320.0,17,41,16,24,2,40.0,73,1831,1.0541,14,0,14,419,837
can_tho,severe,TwinGate+T2,9,320.0,narrow,0.1,2024,2160,0,0,0.0,320.0,19,45,16,26,2,40.0,71,1804,1.4272,14,0,14,389,824
can_tho,severe,TwinGate+blindARQ,0,320.0,narrow,0.1,2024,2160,0,0,0.0,320.0,13,58,16,45,3,60.0,77,1861,2.5464,14,0,13,974,793
can_tho,severe,TwinGate+blindARQ,1,320.0,narrow,0.1,2024,2160,37,0,0.7033,320.0,12,48,16,36,4,80.0,78,1864,1.9522,13,0,12,1080,936
can_tho,severe,TwinGate+blindARQ,2,320.0,narrow,0.1,2024,2160,242,0,17.2141,320.0,8,68,16,60,8,160.0,82,1857,2.939,9,0,8,1195,1004
can_tho,severe,TwinGate+blindARQ,3,320.0,narrow,0.1,2024,2160,78,0,2.3438,320.0,8,49,16,41,8,160.0,82,1824,2.1419,9,0,8,1037,803
can_tho,severe,TwinGate+blindARQ,4,320.0,narrow,0.1,2024,2160,0,0,0.0,320.0,11,66,16,55,5,100.0,79,1831,2.3679,12,0,11,985,778
can_tho,severe,TwinGate+blindARQ,5,320.0,narrow,0.1,2024,2160,121,0,4.6724,320.0,9,22,16,13,7,140.0,81,1826,1.2545,10,0,9,1053,838
can_tho,severe,TwinGate+blindARQ,6,320.0,narrow,0.1,2024,2160,241,0,16.844,320.0,7,56,16,49,9,180.0,83,1835,2.106,8,0,7,1124,906
can_tho,severe,TwinGate+blindARQ,7,320.0,narrow,0.1,2024,2160,0,0,0.0,320.0,10,59,16,49,6,120.0,80,1839,2.3806,11,0,10,887,687
can_tho,severe,TwinGate+blindARQ,8,320.0,narrow,0.1,2024,2160,0,0,0.0,320.0,14,40,16,26,2,40.0,76,1831,1.5515,15,0,14,1015,795
can_tho,severe,TwinGate+blindARQ,9,320.0,narrow,0.1,2024,2160,0,0,0.0,320.0,13,54,16,41,3,60.0,77,1804,2.5193,14,0,13,1008,765
can_tho,severe,Reactive+T2,0,320.0,narrow,0.1,2024,2160,366,0,34.8528,320.0,7,12,6,5,0,0.0,0,1861,1.2074,3,0,2,1136,856
can_tho,severe,Reactive+T2,1,320.0,narrow,0.1,2024,2160,507,0,53.04,320.0,7,19,6,12,1,60.0,0,1864,1.5274,3,0,2,1257,974
can_tho,severe,Reactive+T2,2,320.0,narrow,0.1,2024,2160,366,0,34.8513,320.0,6,15,6,9,0,0.0,0,1857,1.6028,3,0,2,1138,857
can_tho,severe,Reactive+T2,3,320.0,narrow,0.1,2024,2160,375,0,34.885,320.0,11,38,6,27,2,120.0,0,1824,3.3001,4,1,2,1267,986
can_tho,severe,Reactive+T2,4,320.0,narrow,0.1,2024,2160,359,0,32.6311,320.0,8,24,6,16,0,0.0,0,1831,1.527,2,0,1,1130,846
can_tho,severe,Reactive+T2,5,320.0,narrow,0.1,2024,2160,337,0,29.7863,320.0,8,18,6,10,1,20.0,0,1826,1.8596,4,0,3,1109,842
can_tho,severe,Reactive+T2,6,320.0,narrow,0.1,2024,2160,507,0,53.0425,320.0,6,16,6,10,1,60.0,0,1835,1.5398,3,0,2,1261,975
can_tho,severe,Reactive+T2,7,320.0,narrow,0.1,2024,2160,507,0,53.0425,320.0,7,19,6,12,1,60.0,0,1839,1.5521,3,0,2,1264,975
can_tho,severe,Reactive+T2,8,320.0,narrow,0.1,2024,2160,529,0,56.0479,320.0,5,9,6,4,1,60.0,0,1831,0.8987,2,0,1,1268,972
can_tho,severe,Reactive+T2,9,320.0,narrow,0.1,2024,2160,529,0,56.0531,320.0,5,8,6,3,1,60.0,0,1804,0.8528,2,0,1,1268,972
can_tho,severe,Reactive+blindARQ,0,320.0,narrow,0.1,2024,2160,366,0,34.8528,320.0,6,13,6,7,0,0.0,0,1861,1.2075,3,0,2,1135,860
can_tho,severe,Reactive+blindARQ,1,320.0,narrow,0.1,2024,2160,529,0,56.0364,320.0,5,25,6,20,1,60.0,0,1864,2.7726,2,0,1,1273,986
can_tho,severe,Reactive+blindARQ,2,320.0,narrow,0.1,2024,2160,674,0,77.4526,320.0,4,17,6,13,2,120.0,0,1857,1.3419,2,0,1,1438,1129
can_tho,severe,Reactive+blindARQ,3,320.0,narrow,0.1,2024,2160,674,0,77.5067,320.0,4,14,6,10,3,140.0,0,1824,2.2942,2,0,1,1437,1134
can_tho,severe,Reactive+blindARQ,4,320.0,narrow,0.1,2024,2160,529,0,56.0522,320.0,5,19,6,14,1,60.0,0,1831,1.6951,2,0,1,1270,981
can_tho,severe,Reactive+blindARQ,5,320.0,narrow,0.1,2024,2160,529,0,56.0317,320.0,5,21,6,16,1,60.0,0,1826,1.3409,2,0,1,1267,978
can_tho,severe,Reactive+blindARQ,6,320.0,narrow,0.1,2024,2160,859,0,101.3709,320.0,3,17,6,14,3,180.0,0,1835,1.251,2,0,1,1611,1286
can_tho,severe,Reactive+blindARQ,7,320.0,narrow,0.1,2024,2160,674,0,77.4736,320.0,4,26,6,22,2,120.0,0,1839,2.4882,1,0,0,1426,1124
can_tho,severe,Reactive+blindARQ,8,320.0,narrow,0.1,2024,2160,529,0,56.0479,320.0,5,9,6,4,1,60.0,0,1831,0.8987,2,0,1,1268,972
can_tho,severe,Reactive+blindARQ,9,320.0,narrow,0.1,2024,2160,529,0,56.0531,320.0,5,8,6,3,1,60.0,0,1804,0.8528,2,0,1,1268,972
can_tho,severe,FixedSchedule,0,320.0,narrow,0.1,2024,2160,674,0,77.5067,320.0,6,12,6,6,0,0.0,0,1861,0.0044,1,0,0,1426,1066
can_tho,severe,FixedSchedule,1,320.0,narrow,0.1,2024,2160,817,0,95.2777,320.0,5,19,6,14,1,60.0,0,1864,0.9497,1,0,0,1558,1187
can_tho,severe,FixedSchedule,2,320.0,narrow,0.1,2024,2160,961,0,115.8824,320.0,4,22,6,18,3,140.0,0,1857,10.343,1,0,0,1713,1318
can_tho,severe,FixedSchedule,3,320.0,narrow,0.1,2024,2160,937,0,112.0439,320.0,4,20,6,16,3,140.0,0,1824,3.9234,2,0,1,1698,1328
can_tho,severe,FixedSchedule,4,320.0,narrow,0.1,2024,2160,817,0,95.2777,320.0,5,20,6,15,1,60.0,0,1831,1.3435,1,0,0,1558,1187
can_tho,severe,FixedSchedule,5,320.0,narrow,0.1,2024,2160,843,0,99.5137,320.0,5,16,6,11,2,80.0,0,1826,10.9517,1,0,0,1593,1201
can_tho,severe,FixedSchedule,6,320.0,narrow,0.1,2024,2160,1060,0,128.7331,320.0,3,13,6,10,3,180.0,0,1835,3.8454,2,0,1,1800,1446
can_tho,severe,FixedSchedule,7,320.0,narrow,0.1,2024,2160,937,0,111.9269,320.0,4,28,6,24,2,120.0,0,1839,4.0646,2,0,1,1698,1328
can_tho,severe,FixedSchedule,8,320.0,narrow,0.1,2024,2160,815,0,94.6991,320.0,5,34,6,29,1,60.0,0,1831,7.2457,2,0,1,1553,1200
can_tho,severe,FixedSchedule,9,320.0,narrow,0.1,2024,2160,817,0,95.2777,320.0,5,19,6,14,1,60.0,0,1804,0.5549,1,0,0,1558,1187
can_tho,severe,Oracle,0,320.0,narrow,0.1,2024,2160,0,0,0.0,260.0,10,26,10,16,1,40.0,0,1861,1.3608,10,9,1,1003,1186
can_tho,severe,Oracle,1,320.0,narrow,0.1,2024,2160,0,0,0.0,260.0,10,30,10,20,0,0.0,0,1864,1.2172,10,9,1,989,1186
can_tho,severe,Oracle,2,320.0,narrow,0.1,2024,2160,0,0,0.0,260.0,10,35,10,25,1,20.0,0,1857,3.5314,10,9,1,993,1198
can_tho,severe,Oracle,3,320.0,narrow,0.1,2024,2160,0,0,0.0,260.0,10,27,10,17,2,60.0,0,1824,1.4272,10,9,1,1004,1186
can_tho,severe,Oracle,4,320.0,narrow,0.1,2024,2160,0,0,0.0,260.0,10,21,10,11,1,40.0,0,1831,0.8607,10,9,1,998,1186
can_tho,severe,Oracle,5,320.0,narrow,0.1,2024,2160,0,0,0.0,260.0,10,17,10,7,2,40.0,0,1826,1.4272,10,9,1,994,1188
can_tho,severe,Oracle,6,320.0,narrow,0.1,2024,2160,0,0,0.0,260.0,10,40,10,30,4,120.0,0,1835,2.0638,10,9,1,1007,1186
can_tho,severe,Oracle,7,320.0,narrow,0.1,2024,2160,0,0,0.0,260.0,10,25,10,15,3,80.0,0,1839,1.9696,10,8,2,988,1186
can_tho,severe,Oracle,8,320.0,narrow,0.1,2024,2160,0,0,0.0,260.0,10,37,10,27,0,0.0,0,1831,2.1994,10,9,1,1010,1189
can_tho,severe,Oracle,9,320.0,narrow,0.1,2024,2160,0,0,0.0,260.0,10,18,10,8,1,20.0,0,1804,0.9623,10,9,1,995,1187
can_tho,severe,TwinGate+T2+centre,0,320.0,narrow,0.1,2024,2160,0,0,0.0,320.0,21,52,16,31,2,40.0,69,1861,1.5516,15,1,14,472,873
can_tho,severe,TwinGate+T2+centre,1,320.0,narrow,0.1,2024,2160,0,0,0.0,320.0,19,54,16,35,3,60.0,71,1864,1.3652,14,1,12,1101,892
can_tho,severe,TwinGate+T2+centre,2,320.0,narrow,0.1,2024,2160,0,0,0.0,320.0,16,56,16,40,3,60.0,74,1857,1.5516,14,1,12,1074,880
can_tho,severe,TwinGate+T2+centre,3,320.0,narrow,0.1,2024,2160,83,0,2.7728,320.0,18,59,15,41,6,120.0,72,1824,1.8757,11,1,10,521,809
can_tho,severe,TwinGate+T2+centre,4,320.0,narrow,0.1,2024,2160,0,0,0.0,320.0,15,40,16,25,2,40.0,75,1831,1.291,15,0,14,969,776
can_tho,severe,TwinGate+T2+centre,5,320.0,narrow,0.1,2024,2160,0,0,0.0,320.0,14,36,16,22,4,80.0,76,1826,1.4311,14,0,13,977,768
can_tho,severe,TwinGate+T2+centre,6,320.0,narrow,0.1,2024,2160,0,0,0.0,320.0,17,55,16,38,7,140.0,73,1835,2.1082,13,0,12,1004,770
can_tho,severe,TwinGate+T2+centre,7,320.0,narrow,0.1,2024,2160,81,0,2.6423,320.0,15,43,14,28,3,80.0,75,1839,1.7743,11,1,10,494,805
can_tho,severe,TwinGate+T2+centre,8,320.0,narrow,0.1,2024,2160,0,0,0.0,320.0,17,41,16,24,2,40.0,73,1831,1.0541,14,0,14,419,837
can_tho,severe,TwinGate+T2+centre,9,320.0,narrow,0.1,2024,2160,0,0,0.0,320.0,19,45,16,26,2,40.0,71,1804,1.4272,14,0,14,389,824
can_tho,severe,TwinGate+T2,0,400.0,awd,0.02,2024,2160,12,0,0.0867,320.0,17,41,15,24,3,60.0,73,1861,1.1386,11,3,8,426,748
can_tho,severe,TwinGate+T2,1,400.0,awd,0.02,2024,2160,0,0,0.0,320.0,19,50,16,31,4,80.0,71,1864,1.6101,11,3,8,506,845
can_tho,severe,TwinGate+T2,2,400.0,awd,0.02,2024,2160,0,0,0.0,320.0,12,38,16,26,6,120.0,78,1857,1.3642,11,6,5,647,971
can_tho,severe,TwinGate+T2,3,400.0,awd,0.02,2024,2160,9,0,0.0378,320.0,13,38,16,25,7,140.0,77,1824,1.3657,9,3,6,420,687
can_tho,severe,TwinGate+T2,4,400.0,awd,0.02,2024,2160,0,0,0.0,320.0,14,33,16,19,4,80.0,76,1831,1.1386,9,3,6,429,696
can_tho,severe,TwinGate+T2,5,400.0,awd,0.02,2024,2160,0,0,0.0,340.0,13,34,17,21,8,160.0,77,1826,1.8256,10,4,6,574,869
can_tho,severe,TwinGate+T2,6,400.0,awd,0.02,2024,2160,0,0,0.0,340.0,11,34,17,23,8,160.0,79,1835,1.4735,10,5,4,1220,893
can_tho,severe,TwinGate+T2,7,400.0,awd,0.02,2024,2160,0,0,0.0,300.0,20,65,15,45,4,80.0,70,1839,1.8256,10,3,7,519,874
can_tho,severe,TwinGate+T2,8,400.0,awd,0.02,2024,2160,34,0,0.6589,320.0,17,39,15,22,2,40.0,73,1831,1.4272,11,2,9,382,726
can_tho,severe,TwinGate+T2,9,400.0,awd,0.02,2024,2160,0,0,0.0,320.0,17,37,16,20,3,60.0,73,1804,1.2171,10,3,7,464,779
can_tho,severe,TwinGate+blindARQ,0,400.0,awd,0.02,2024,2160,0,0,0.0,320.0,13,57,16,44,3,60.0,77,1861,2.6541,12,3,9,424,772
can_tho,severe,TwinGate+blindARQ,1,400.0,awd,0.02,2024,2160,0,0,0.0,340.0,13,41,17,28,4,80.0,77,1864,1.3145,10,4,6,511,846
can_tho,severe,TwinGate+blindARQ,2,400.0,awd,0.02,2024,2160,0,0,0.0,320.0,8,75,16,67,8,160.0,82,1857,3.4016,9,8,0,1420,1085
can_tho,severe,TwinGate+blindARQ,3,400.0,awd,0.02,2024,2160,0,0,0.0,320.0,8,56,16,48,8,160.0,82,1824,2.2885,9,3,5,1102,776
can_tho,severe,TwinGate+blindARQ,4,400.0,awd,0.02,2024,2160,0,0,0.0,320.0,11,29,16,18,5,100.0,79,1831,1.1386,10,4,5,1113,831
can_tho,severe,TwinGate+blindARQ,5,400.0,awd,0.02,2024,2160,0,0,0.0,340.0,9,44,17,35,8,160.0,81,1826,2.0393,9,5,4,615,865
can_tho,severe,TwinGate+blindARQ,6,400.0,awd,0.02,2024,2160,0,0,0.0,380.0,7,62,19,55,12,240.0,83,1835,2.6907,8,7,0,1311,932
can_tho,severe,TwinGate+blindARQ,7,400.0,awd,0.02,2024,2160,0,0,0.0,360.0,10,56,18,46,8,160.0,80,1839,3.0314,9,3,6,387,692
can_tho,severe,TwinGate+blindARQ,8,400.0,awd,0.02,2024,2160,0,0,0.0,340.0,14,56,17,42,3,60.0,76,1831,2.5284,11,3,8,427,763
can_tho,severe,TwinGate+blindARQ,9,400.0,awd,0.02,2024,2160,0,0,0.0,320.0,13,36,16,23,3,60.0,77,1804,1.774,11,3,8,427,779
can_tho,severe,Reactive+T2,0,400.0,awd,0.02,2024,2160,126,0,6.067,400.0,8,13,7,5,0,0.0,0,1861,1.2074,3,0,2,897,582
can_tho,severe,Reactive+T2,1,400.0,awd,0.02,2024,2160,268,0,21.2887,400.0,10,31,7,21,1,60.0,0,1864,1.947,4,0,3,1061,802
can_tho,severe,Reactive+T2,2,400.0,awd,0.02,2024,2160,294,0,25.2091,400.0,6,16,7,10,1,60.0,0,1857,1.7676,3,0,2,1067,781
can_tho,severe,Reactive+T2,3,400.0,awd,0.02,2024,2160,135,0,6.0921,400.0,12,43,7,31,2,120.0,0,1824,3.4052,4,1,2,1028,713
can_tho,severe,Reactive+T2,4,400.0,awd,0.02,2024,2160,126,0,6.0668,400.0,9,26,7,17,0,0.0,0,1831,1.7528,2,0,1,912,594
can_tho,severe,Reactive+T2,5,400.0,awd,0.02,2024,2160,266,0,20.298,400.0,8,20,7,12,2,100.0,0,1826,1.8091,4,0,3,1035,757
can_tho,severe,Reactive+T2,6,400.0,awd,0.02,2024,2160,289,0,23.4047,400.0,7,18,7,11,1,60.0,0,1835,1.9079,3,0,2,1047,765
can_tho,severe,Reactive+T2,7,400.0,awd,0.02,2024,2160,272,0,22.4059,400.0,9,26,7,17,1,60.0,0,1839,1.9185,4,0,3,1061,787
can_tho,severe,Reactive+T2,8,400.0,awd,0.02,2024,2160,294,0,25.2077,400.0,6,11,7,5,1,60.0,0,1831,0.8987,3,0,2,1065,781
can_tho,severe,Reactive+T2,9,400.0,awd,0.02,2024,2160,294,0,25.217,400.0,6,9,7,3,1,60.0,0,1804,1.2116,3,0,2,1064,779
can_tho,severe,Reactive+blindARQ,0,400.0,awd,0.02,2024,2160,126,0,6.067,400.0,7,14,7,7,0,0.0,0,1861,1.2075,3,0,2,896,586
can_tho,severe,Reactive+blindARQ,1,400.0,awd,0.02,2024,2160,294,0,25.1996,400.0,6,30,7,24,1,60.0,0,1864,2.9032,3,0,2,1074,798
can_tho,severe,Reactive+blindARQ,2,400.0,awd,0.02,2024,2160,602,0,67.326,400.0,4,19,7,15,3,180.0,0,1857,1.535,2,0,1,1347,1051
can_tho,severe,Reactive+blindARQ,3,400.0,awd,0.02,2024,2160,600,0,66.6099,400.0,4,25,7,21,4,220.0,0,1824,2.2538,2,0,1,1344,1021
can_tho,severe,Reactive+blindARQ,4,400.0,awd,0.02,2024,2160,294,0,25.2131,400.0,6,20,7,14,1,60.0,0,1831,1.9011,3,0,2,1066,788
can_tho,severe,Reactive+blindARQ,5,400.0,awd,0.02,2024,2160,458,0,45.5029,400.0,5,25,7,20,2,120.0,0,1826,1.27,2,0,1,1197,903
can_tho,severe,Reactive+blindARQ,6,400.0,awd,0.02,2024,2160,602,0,67.3878,400.0,4,23,7,19,3,180.0,0,1835,1.941,2,0,1,1347,1057
can_tho,severe,Reactive+blindARQ,7,400.0,awd,0.02,2024,2160,458,0,45.5849,400.0,5,27,7,22,3,160.0,0,1839,2.7264,1,0,0,1186,892
can_tho,severe,Reactive+blindARQ,8,400.0,awd,0.02,2024,2160,294,0,25.2077,400.0,6,11,7,5,1,60.0,0,1831,0.8987,3,0,2,1065,781
can_tho,severe,Reactive+blindARQ,9,400.0,awd,0.02,2024,2160,294,0,25.217,400.0,6,9,7,3,1,60.0,0,1804,1.2116,3,0,2,1064,779
can_tho,severe,FixedSchedule,0,400.0,awd,0.02,2024,2160,505,0,52.1872,400.0,7,13,7,6,0,0.0,0,1861,0.0044,1,0,0,1228,866
can_tho,severe,FixedSchedule,1,400.0,awd,0.02,2024,2160,602,0,67.2889,400.0,6,29,7,23,1,60.0,0,1864,1.8519,1,0,0,1335,990
can_tho,severe,FixedSchedule,2,400.0,awd,0.02,2024,2160,961,0,115.8824,400.0,4,23,7,19,4,220.0,0,1857,10.3442,1,0,0,1713,1318
can_tho,severe,FixedSchedule,3,400.0,awd,0.02,2024,2160,844,0,100.1398,400.0,4,28,7,24,4,220.0,0,1824,1.2257,1,0,0,1595,1232
can_tho,severe,FixedSchedule,4,400.0,awd,0.02,2024,2160,602,0,67.3677,400.0,6,22,7,16,1,60.0,0,1831,9.6886,1,0,0,1335,987
can_tho,severe,FixedSchedule,5,400.0,awd,0.02,2024,2160,726,0,84.894,400.0,5,24,7,19,2,120.0,0,1826,1.5762,1,0,0,1478,1116
can_tho,severe,FixedSchedule,6,400.0,awd,0.02,2024,2160,849,0,101.3155,400.0,4,21,7,17,4,220.0,0,1835,8.9123,2,0,1,1609,1257
can_tho,severe,FixedSchedule,7,400.0,awd,0.02,2024,2160,843,0,99.5137,400.0,5,30,7,25,3,160.0,0,1839,5.0068,1,0,0,1593,1201
can_tho,severe,FixedSchedule,8,400.0,awd,0.02,2024,2160,602,0,67.4209,400.0,6,20,7,14,1,60.0,0,1831,0.0059,1,0,0,1335,988
can_tho,severe,FixedSchedule,9,400.0,awd,0.02,2024,2160,602,0,67.4209,400.0,6,19,7,13,1,60.0,0,1804,9.5981,1,0,0,1335,988
can_tho,severe,Oracle,0,400.0,awd,0.02,2024,2160,0,0,0.0,320.0,13,47,13,34,1,20.0,0,1861,3.778,8,3,5,373,649
can_tho,severe,Oracle,1,400.0,awd,0.02,2024,2160,0,0,0.0,320.0,12,40,12,28,0,0.0,0,1864,2.1082,8,2,6,398,693
can_tho,severe,Oracle,2,400.0,awd,0.02,2024,2160,0,0,0.0,320.0,12,48,12,36,0,0.0,0,1857,2.9174,8,3,5,425,693
can_tho,severe,Oracle,3,400.0,awd,0.02,2024,2160,0,0,0.0,320.0,12,27,12,15,2,60.0,0,1824,2.0636,8,3,5,406,690
can_tho,severe,Oracle,4,400.0,awd,0.02,2024,2160,0,0,0.0,340.0,12,29,12,17,1,20.0,0,1831,1.3608,8,3,5,402,659
can_tho,severe,Oracle,5,400.0,awd,0.02,2024,2160,0,0,0.0,320.0,12,47,12,35,1,40.0,0,1826,3.1499,7,3,4,412,693
can_tho,severe,Oracle,6,400.0,awd,0.02,2024,2160,0,0,0.0,320.0,12,44,12,32,3,60.0,0,1835,3.689,8,3,5,415,703
can_tho,severe,Oracle,7,400.0,awd,0.02,2024,2160,0,0,0.0,320.0,12,43,12,31,2,40.0,0,1839,3.8061,8,3,5,419,673
can_tho,severe,Oracle,8,400.0,awd,0.02,2024,2160,0,0,0.0,320.0,12,43,12,31,1,20.0,0,1831,3.6313,8,3,5,381,632
can_tho,severe,Oracle,9,400.0,awd,0.02,2024,2160,0,0,0.0,340.0,12,15,12,3,0,0.0,0,1804,0.7453,8,3,5,391,653
can_tho,severe,TwinGate+T2+centre,0,400.0,awd,0.02,2024,2160,0,0,0.0,340.0,20,52,17,32,1,20.0,70,1861,1.3608,10,0,10,214,618
can_tho,severe,TwinGate+T2+centre,1,400.0,awd,0.02,2024,2160,0,0,0.0,360.0,23,72,18,49,3,60.0,67,1864,1.7263,13,0,13,233,666
can_tho,severe,TwinGate+T2+centre,2,400.0,awd,0.02,2024,2160,0,0,0.0,360.0,17,54,18,37,4,80.0,73,1857,1.5498,10,0,10,124,480
can_tho,severe,TwinGate+T2+centre,3,400.0,awd,0.02,2024,2160,9,0,0.0378,340.0,21,74,16,53,5,100.0,69,1824,2.0785,11,1,10,303,654
can_tho,severe,TwinGate+T2+centre,4,400.0,awd,0.02,2024,2160,0,0,0.0,360.0,20,56,18,36,5,100.0,70,1831,1.7213,11,0,11,213,578
can_tho,severe,TwinGate+T2+centre,5,400.0,awd,0.02,2024,2160,0,0,0.0,380.0,17,47,19,30,6,120.0,73,1826,1.6101,11,0,11,195,537
can_tho,severe,TwinGate+T2+centre,6,400.0,awd,0.02,2024,2160,0,0,0.0,380.0,16,55,19,39,11,220.0,74,1835,1.9254,8,0,8,168,488
can_tho,severe,TwinGate+T2+centre,7,400.0,awd,0.02,2024,2160,0,0,0.0,360.0,18,51,18,33,7,140.0,72,1839,1.7212,10,1,9,216,551
can_tho,severe,TwinGate+T2+centre,8,400.0,awd,0.02,2024,2160,0,0,0.0,340.0,20,52,17,32,3,60.0,70,1831,1.1386,10,0,10,194,611
can_tho,severe,TwinGate+T2+centre,9,400.0,awd,0.02,2024,2160,0,0,0.0,340.0,22,52,17,30,2,40.0,68,1804,1.61,9,0,9,205,574
can_tho,severe,TwinGate+T2,0,400.0,mid,0.05,2024,2160,0,0,0.0,320.0,21,52,16,31,3,60.0,69,1861,1.4907,13,2,11,456,876
can_tho,severe,TwinGate+T2,1,400.0,mid,0.05,2024,2160,0,0,0.0,320.0,14,42,16,28,3,60.0,76,1864,1.2279,14,0,13,1105,904
can_tho,severe,TwinGate+T2,2,400.0,mid,0.05,2024,2160,0,0,0.0,320.0,16,51,16,35,5,100.0,74,1857,1.6212,12,1,11,597,976
can_tho,severe,TwinGate+T2,3,400.0,mid,0.05,2024,2160,9,0,0.0378,360.0,13,40,18,27,9,180.0,77,1824,1.7743,9,1,8,464,691
can_tho,severe,TwinGate+T2,4,400.0,mid,0.05,2024,2160,0,0,0.0,320.0,13,29,16,16,4,80.0,77,1831,1.0689,11,0,11,457,813
can_tho,severe,TwinGate+T2,5,400.0,mid,0.05,2024,2160,0,0,0.0,320.0,12,35,16,23,6,120.0,78,1826,1.5618,13,0,12,1129,928
can_tho,severe,TwinGate+T2,6,400.0,mid,0.05,2024,2160,0,0,0.0,340.0,11,32,17,21,7,140.0,79,1835,1.1498,12,0,11,1100,866
can_tho,severe,TwinGate+T2,7,400.0,mid,0.05,2024,2160,0,0,0.0,300.0,22,80,15,58,3,60.0,68,1839,1.9245,10,2,8,571,937
can_tho,severe,TwinGate+T2,8,400.0,mid,0.05,2024,2160,0,0,0.0,320.0,21,55,16,34,1,20.0,69,1831,1.6102,12,3,9,464,853
can_tho,severe,TwinGate+T2,9,400.0,mid,0.05,2024,2160,0,0,0.0,320.0,14,25,16,11,3,60.0,76,1804,0.8607,13,0,13,450,830
can_tho,severe,TwinGate+blindARQ,0,400.0,mid,0.05,2024,2160,0,0,0.0,320.0,13,43,16,30,3,60.0,77,1861,1.4907,13,0,13,458,815
can_tho,severe,TwinGate+blindARQ,1,400.0,mid,0.05,2024,2160,0,0,0.0,340.0,13,53,17,40,4,80.0,77,1864,1.7296,14,0,13,1121,938
can_tho,severe,TwinGate+blindARQ,2,400.0,mid,0.05,2024,2160,0,0,0.0,380.0,11,60,19,49,8,160.0,79,1857,2.6506,12,0,11,1150,903
can_tho,severe,TwinGate+blindARQ,3,400.0,mid,0.05,2024,2160,0,0,0.0,360.0,9,34,18,25,9,180.0,81,1824,1.3607,9,0,9,384,649
can_tho,severe,TwinGate+blindARQ,4,400.0,mid,0.05,2024,2160,0,0,0.0,320.0,11,31,16,20,5,100.0,79,1831,1.4391,12,0,11,1103,872
can_tho,severe,TwinGate+blindARQ,5,400.0,mid,0.05,2024,2160,0,0,0.0,380.0,10,59,19,49,9,180.0,80,1826,2.5811,10,0,10,425,734
can_tho,severe,TwinGate+blindARQ,6,400.0,mid,0.05,2024,2160,72,0,1.3174,400.0,8,60,20,52,12,240.0,82,1835,2.1957,9,0,8,1146,925
can_tho,severe,TwinGate+blindARQ,7,400.0,mid,0.05,2024,2160,0,0,0.0,360.0,10,43,18,33,8,160.0,80,1839,2.0547,10,0,10,418,743
can_tho,severe,TwinGate+blindARQ,8,400.0,mid,0.05,2024,2160,0,0,0.0,340.0,14,50,17,36,3,60.0,76,1831,1.6723,13,0,13,461,880
can_tho,severe,TwinGate+blindARQ,9,400.0,mid,0.05,2024,2160,0,0,0.0,320.0,13,27,16,14,3,60.0,77,1804,1.0541,13,0,13,452,851
can_tho,severe,Reactive+T2,0,400.0,mid,0.05,2024,2160,126,0,6.067,400.0,8,13,7,5,0,0.0,0,1861,1.2074,3,0,2,897,582
can_tho,severe,Reactive+T2,1,400.0,mid,0.05,2024,2160,268,0,21.2887,400.0,10,31,7,21,1,60.0,0,1864,1.947,4,0,3,1061,802
can_tho,severe,Reactive+T2,2,400.0,mid,0.05,2024,2160,294,0,25.2091,400.0,6,16,7,10,1,60.0,0,1857,1.7676,3,0,2,1067,781
can_tho,severe,Reactive+T2,3,400.0,mid,0.05,2024,2160,135,0,6.0921,400.0,12,43,7,31,2,120.0,0,1824,3.4052,4,1,2,1028,713
can_tho,severe,Reactive+T2,4,400.0,mid,0.05,2024,2160,126,0,6.0668,400.0,9,26,7,17,0,0.0,0,1831,1.7528,2,0,1,912,594
can_tho,severe,Reactive+T2,5,400.0,mid,0.05,2024,2160,266,0,20.298,400.0,8,20,7,12,2,100.0,0,1826,1.8091,4,0,3,1035,757
can_tho,severe,Reactive+T2,6,400.0,mid,0.05,2024,2160,289,0,23.4047,400.0,7,18,7,11,1,60.0,0,1835,1.9079,3,0,2,1047,765
can_tho,severe,Reactive+T2,7,400.0,mid,0.05,2024,2160,272,0,22.4059,400.0,9,26,7,17,1,60.0,0,1839,1.9185,4,0,3,1061,787
can_tho,severe,Reactive+T2,8,400.0,mid,0.05,2024,2160,294,0,25.2077,400.0,6,11,7,5,1,60.0,0,1831,0.8987,3,0,2,1065,781
can_tho,severe,Reactive+T2,9,400.0,mid,0.05,2024,2160,294,0,25.217,400.0,6,9,7,3,1,60.0,0,1804,1.2116,3,0,2,1064,779
can_tho,severe,Reactive+blindARQ,0,400.0,mid,0.05,2024,2160,126,0,6.067,400.0,7,14,7,7,0,0.0,0,1861,1.2075,3,0,2,896,586
can_tho,severe,Reactive+blindARQ,1,400.0,mid,0.05,2024,2160,294,0,25.1996,400.0,6,30,7,24,1,60.0,0,1864,2.9032,3,0,2,1074,798
can_tho,severe,Reactive+blindARQ,2,400.0,mid,0.05,2024,2160,602,0,67.326,400.0,4,19,7,15,3,180.0,0,1857,1.535,2,0,1,1347,1051
can_tho,severe,Reactive+blindARQ,3,400.0,mid,0.05,2024,2160,600,0,66.6099,400.0,4,25,7,21,4,220.0,0,1824,2.2538,2,0,1,1344,1021
can_tho,severe,Reactive+blindARQ,4,400.0,mid,0.05,2024,2160,294,0,25.2131,400.0,6,20,7,14,1,60.0,0,1831,1.9011,3,0,2,1066,788
can_tho,severe,Reactive+blindARQ,5,400.0,mid,0.05,2024,2160,458,0,45.5029,400.0,5,25,7,20,2,120.0,0,1826,1.27,2,0,1,1197,903
can_tho,severe,Reactive+blindARQ,6,400.0,mid,0.05,2024,2160,602,0,67.3878,400.0,4,23,7,19,3,180.0,0,1835,1.941,2,0,1,1347,1057
can_tho,severe,Reactive+blindARQ,7,400.0,mid,0.05,2024,2160,458,0,45.5849,400.0,5,27,7,22,3,160.0,0,1839,2.7264,1,0,0,1186,892
can_tho,severe,Reactive+blindARQ,8,400.0,mid,0.05,2024,2160,294,0,25.2077,400.0,6,11,7,5,1,60.0,0,1831,0.8987,3,0,2,1065,781
can_tho,severe,Reactive+blindARQ,9,400.0,mid,0.05,2024,2160,294,0,25.217,400.0,6,9,7,3,1,60.0,0,1804,1.2116,3,0,2,1064,779
can_tho,severe,FixedSchedule,0,400.0,mid,0.05,2024,2160,505,0,52.1872,400.0,7,13,7,6,0,0.0,0,1861,0.0044,1,0,0,1228,866
can_tho,severe,FixedSchedule,1,400.0,mid,0.05,2024,2160,602,0,67.2889,400.0,6,29,7,23,1,60.0,0,1864,1.8519,1,0,0,1335,990
can_tho,severe,FixedSchedule,2,400.0,mid,0.05,2024,2160,961,0,115.8824,400.0,4,23,7,19,4,220.0,0,1857,10.3442,1,0,0,1713,1318
can_tho,severe,FixedSchedule,3,400.0,mid,0.05,2024,2160,844,0,100.1398,400.0,4,28,7,24,4,220.0,0,1824,1.2257,1,0,0,1595,1232
can_tho,severe,FixedSchedule,4,400.0,mid,0.05,2024,2160,602,0,67.3677,400.0,6,22,7,16,1,60.0,0,1831,9.6886,1,0,0,1335,987
can_tho,severe,FixedSchedule,5,400.0,mid,0.05,2024,2160,726,0,84.894,400.0,5,24,7,19,2,120.0,0,1826,1.5762,1,0,0,1478,1116
can_tho,severe,FixedSchedule,6,400.0,mid,0.05,2024,2160,849,0,101.3155,400.0,4,21,7,17,4,220.0,0,1835,8.9123,2,0,1,1609,1257
can_tho,severe,FixedSchedule,7,400.0,mid,0.05,2024,2160,843,0,99.5137,400.0,5,30,7,25,3,160.0,0,1839,5.0068,1,0,0,1593,1201
can_tho,severe,FixedSchedule,8,400.0,mid,0.05,2024,2160,602,0,67.4209,400.0,6,20,7,14,1,60.0,0,1831,0.0059,1,0,0,1335,988
can_tho,severe,FixedSchedule,9,400.0,mid,0.05,2024,2160,602,0,67.4209,400.0,6,19,7,13,1,60.0,0,1804,9.5981,1,0,0,1335,988
can_tho,severe,Oracle,0,400.0,mid,0.05,2024,2160,0,0,0.0,320.0,13,47,13,34,1,20.0,0,1861,3.778,8,3,5,373,649
can_tho,severe,Oracle,1,400.0,mid,0.05,2024,2160,0,0,0.0,320.0,12,40,12,28,0,0.0,0,1864,2.1082,8,2,6,398,693
can_tho,severe,Oracle,2,400.0,mid,0.05,2024,2160,0,0,0.0,320.0,12,48,12,36,0,0.0,0,1857,2.9174,8,3,5,425,693
can_tho,severe,Oracle,3,400.0,mid,0.05,2024,2160,0,0,0.0,320.0,12,27,12,15,2,60.0,0,1824,2.0636,8,3,5,406,690
can_tho,severe,Oracle,4,400.0,mid,0.05,2024,2160,0,0,0.0,340.0,12,29,12,17,1,20.0,0,1831,1.3608,8,3,5,402,659
can_tho,severe,Oracle,5,400.0,mid,0.05,2024,2160,0,0,0.0,320.0,12,47,12,35,1,40.0,0,1826,3.1499,7,3,4,412,693
can_tho,severe,Oracle,6,400.0,mid,0.05,2024,2160,0,0,0.0,320.0,12,44,12,32,3,60.0,0,1835,3.689,8,3,5,415,703
can_tho,severe,Oracle,7,400.0,mid,0.05,2024,2160,0,0,0.0,320.0,12,43,12,31,2,40.0,0,1839,3.8061,8,3,5,419,673
can_tho,severe,Oracle,8,400.0,mid,0.05,2024,2160,0,0,0.0,320.0,12,43,12,31,1,20.0,0,1831,3.6313,8,3,5,381,632
can_tho,severe,Oracle,9,400.0,mid,0.05,2024,2160,0,0,0.0,340.0,12,15,12,3,0,0.0,0,1804,0.7453,8,3,5,391,653
can_tho,severe,TwinGate+T2+centre,0,400.0,mid,0.05,2024,2160,0,0,0.0,340.0,20,52,17,32,1,20.0,70,1861,1.3608,10,0,10,214,618
can_tho,severe,TwinGate+T2+centre,1,400.0,mid,0.05,2024,2160,0,0,0.0,360.0,23,72,18,49,3,60.0,67,1864,1.7263,13,0,13,233,666
can_tho,severe,TwinGate+T2+centre,2,400.0,mid,0.05,2024,2160,0,0,0.0,360.0,17,54,18,37,4,80.0,73,1857,1.5498,10,0,10,124,480
can_tho,severe,TwinGate+T2+centre,3,400.0,mid,0.05,2024,2160,9,0,0.0378,340.0,21,74,16,53,5,100.0,69,1824,2.0785,11,1,10,303,654
can_tho,severe,TwinGate+T2+centre,4,400.0,mid,0.05,2024,2160,0,0,0.0,360.0,20,56,18,36,5,100.0,70,1831,1.7213,11,0,11,213,578
can_tho,severe,TwinGate+T2+centre,5,400.0,mid,0.05,2024,2160,0,0,0.0,380.0,17,47,19,30,6,120.0,73,1826,1.6101,11,0,11,195,537
can_tho,severe,TwinGate+T2+centre,6,400.0,mid,0.05,2024,2160,0,0,0.0,380.0,16,55,19,39,11,220.0,74,1835,1.9254,8,0,8,168,488
can_tho,severe,TwinGate+T2+centre,7,400.0,mid,0.05,2024,2160,0,0,0.0,360.0,18,51,18,33,7,140.0,72,1839,1.7212,10,1,9,216,551
can_tho,severe,TwinGate+T2+centre,8,400.0,mid,0.05,2024,2160,0,0,0.0,340.0,20,52,17,32,3,60.0,70,1831,1.1386,10,0,10,194,611
can_tho,severe,TwinGate+T2+centre,9,400.0,mid,0.05,2024,2160,0,0,0.0,340.0,22,52,17,30,2,40.0,68,1804,1.61,9,0,9,205,574
can_tho,severe,TwinGate+T2,0,400.0,narrow,0.1,2024,2160,0,0,0.0,320.0,21,52,16,31,2,40.0,69,1861,1.5516,15,1,14,472,873
can_tho,severe,TwinGate+T2,1,400.0,narrow,0.1,2024,2160,0,0,0.0,340.0,20,57,17,37,3,60.0,70,1864,1.3652,14,1,13,456,822
can_tho,severe,TwinGate+T2,2,400.0,narrow,0.1,2024,2160,0,0,0.0,340.0,17,60,17,43,3,60.0,73,1857,1.5516,14,1,13,430,810
can_tho,severe,TwinGate+T2,3,400.0,narrow,0.1,2024,2160,83,0,2.7728,340.0,18,60,16,42,7,140.0,72,1824,1.8757,11,1,10,521,809
can_tho,severe,TwinGate+T2,4,400.0,narrow,0.1,2024,2160,0,0,0.0,320.0,15,40,16,25,2,40.0,75,1831,1.291,15,0,14,969,776
can_tho,severe,TwinGate+T2,5,400.0,narrow,0.1,2024,2160,0,0,0.0,340.0,14,38,17,24,5,100.0,76,1826,1.4311,13,0,13,320,664
can_tho,severe,TwinGate+T2,6,400.0,narrow,0.1,2024,2160,0,0,0.0,340.0,17,56,17,39,8,160.0,73,1835,2.0674,12,0,12,371,739
can_tho,severe,TwinGate+T2,7,400.0,narrow,0.1,2024,2160,81,0,2.6423,320.0,15,45,14,30,3,80.0,75,1839,1.8257,11,1,10,494,805
can_tho,severe,TwinGate+T2,8,400.0,narrow,0.1,2024,2160,0,0,0.0,340.0,17,42,17,25,3,60.0,73,1831,1.0541,14,0,14,419,792
can_tho,severe,TwinGate+T2,9,400.0,narrow,0.1,2024,2160,0,0,0.0,320.0,19,45,16,26,2,40.0,71,1804,1.4272,14,0,14,389,824
can_tho,severe,TwinGate+blindARQ,0,400.0,narrow,0.1,2024,2160,0,0,0.0,320.0,13,58,16,45,3,60.0,77,1861,2.5464,14,0,13,974,793
can_tho,severe,TwinGate+blindARQ,1,400.0,narrow,0.1,2024,2160,0,0,0.0,360.0,14,58,18,44,4,80.0,76,1864,2.1764,15,0,14,967,754
can_tho,severe,TwinGate+blindARQ,2,400.0,narrow,0.1,2024,2160,0,0,0.0,400.0,12,76,20,64,8,160.0,78,1857,2.9704,13,0,12,963,726
can_tho,severe,TwinGate+blindARQ,3,400.0,narrow,0.1,2024,2160,0,0,0.0,400.0,10,54,20,44,10,200.0,80,1824,2.2266,10,0,10,239,525
can_tho,severe,TwinGate+blindARQ,4,400.0,narrow,0.1,2024,2160,0,0,0.0,360.0,12,70,18,58,6,120.0,78,1831,2.4067,12,0,12,315,641
can_tho,severe,TwinGate+blindARQ,5,400.0,narrow,0.1,2024,2160,0,0,0.0,380.0,10,29,19,19,9,180.0,80,1826,1.3263,10,0,10,241,550
can_tho,severe,TwinGate+blindARQ,6,400.0,narrow,0.1,2024,2160,142,0,6.5726,400.0,8,65,20,57,12,240.0,82,1835,2.1498,9,0,8,1061,842
can_tho,severe,TwinGate+blindARQ,7,400.0,narrow,0.1,2024,2160,0,0,0.0,360.0,10,63,18,53,8,160.0,80,1839,2.4226,10,0,10,199,498
can_tho,severe,TwinGate+blindARQ,8,400.0,narrow,0.1,2024,2160,0,0,0.0,340.0,14,42,17,28,3,60.0,76,1831,1.5515,14,0,14,381,743
can_tho,severe,TwinGate+blindARQ,9,400.0,narrow,0.1,2024,2160,0,0,0.0,320.0,13,54,16,41,3,60.0,77,1804,2.5193,14,0,13,1008,765
can_tho,severe,Reactive+T2,0,400.0,narrow,0.1,2024,2160,126,0,6.067,400.0,8,13,7,5,0,0.0,0,1861,1.2074,3,0,2,897,582
can_tho,severe,Reactive+T2,1,400.0,narrow,0.1,2024,2160,268,0,21.2887,400.0,10,31,7,21,1,60.0,0,1864,1.947,4,0,3,1061,802
can_tho,severe,Reactive+T2,2,400.0,narrow,0.1,2024,2160,294,0,25.2091,400.0,6,16,7,10,1,60.0,0,1857,1.7676,3,0,2,1067,781
can_tho,severe,Reactive+T2,3,400.0,narrow,0.1,2024,2160,135,0,6.0921,400.0,12,43,7,31,2,120.0,0,1824,3.4052,4,1,2,1028,713
can_tho,severe,Reactive+T2,4,400.0,narrow,0.1,2024,2160,126,0,6.0668,400.0,9,26,7,17,0,0.0,0,1831,1.7528,2,0,1,912,594
can_tho,severe,Reactive+T2,5,400.0,narrow,0.1,2024,2160,266,0,20.298,400.0,8,20,7,12,2,100.0,0,1826,1.8091,4,0,3,1035,757
can_tho,severe,Reactive+T2,6,400.0,narrow,0.1,2024,2160,289,0,23.4047,400.0,7,18,7,11,1,60.0,0,1835,1.9079,3,0,2,1047,765
can_tho,severe,Reactive+T2,7,400.0,narrow,0.1,2024,2160,272,0,22.4059,400.0,9,26,7,17,1,60.0,0,1839,1.9185,4,0,3,1061,787
can_tho,severe,Reactive+T2,8,400.0,narrow,0.1,2024,2160,294,0,25.2077,400.0,6,11,7,5,1,60.0,0,1831,0.8987,3,0,2,1065,781
can_tho,severe,Reactive+T2,9,400.0,narrow,0.1,2024,2160,294,0,25.217,400.0,6,9,7,3,1,60.0,0,1804,1.2116,3,0,2,1064,779
can_tho,severe,Reactive+blindARQ,0,400.0,narrow,0.1,2024,2160,126,0,6.067,400.0,7,14,7,7,0,0.0,0,1861,1.2075,3,0,2,896,586
can_tho,severe,Reactive+blindARQ,1,400.0,narrow,0.1,2024,2160,294,0,25.1996,400.0,6,30,7,24,1,60.0,0,1864,2.9032,3,0,2,1074,798
can_tho,severe,Reactive+blindARQ,2,400.0,narrow,0.1,2024,2160,602,0,67.326,400.0,4,19,7,15,3,180.0,0,1857,1.535,2,0,1,1347,1051
can_tho,severe,Reactive+blindARQ,3,400.0,narrow,0.1,2024,2160,600,0,66.6099,400.0,4,25,7,21,4,220.0,0,1824,2.2538,2,0,1,1344,1021
can_tho,severe,Reactive+blindARQ,4,400.0,narrow,0.1,2024,2160,294,0,25.2131,400.0,6,20,7,14,1,60.0,0,1831,1.9011,3,0,2,1066,788
can_tho,severe,Reactive+blindARQ,5,400.0,narrow,0.1,2024,2160,458,0,45.5029,400.0,5,25,7,20,2,120.0,0,1826,1.27,2,0,1,1197,903
can_tho,severe,Reactive+blindARQ,6,400.0,narrow,0.1,2024,2160,602,0,67.3878,400.0,4,23,7,19,3,180.0,0,1835,1.941,2,0,1,1347,1057
can_tho,severe,Reactive+blindARQ,7,400.0,narrow,0.1,2024,2160,458,0,45.5849,400.0,5,27,7,22,3,160.0,0,1839,2.7264,1,0,0,1186,892
can_tho,severe,Reactive+blindARQ,8,400.0,narrow,0.1,2024,2160,294,0,25.2077,400.0,6,11,7,5,1,60.0,0,1831,0.8987,3,0,2,1065,781
can_tho,severe,Reactive+blindARQ,9,400.0,narrow,0.1,2024,2160,294,0,25.217,400.0,6,9,7,3,1,60.0,0,1804,1.2116,3,0,2,1064,779
can_tho,severe,FixedSchedule,0,400.0,narrow,0.1,2024,2160,505,0,52.1872,400.0,7,13,7,6,0,0.0,0,1861,0.0044,1,0,0,1228,866
can_tho,severe,FixedSchedule,1,400.0,narrow,0.1,2024,2160,602,0,67.2889,400.0,6,29,7,23,1,60.0,0,1864,1.8519,1,0,0,1335,990
can_tho,severe,FixedSchedule,2,400.0,narrow,0.1,2024,2160,961,0,115.8824,400.0,4,23,7,19,4,220.0,0,1857,10.3442,1,0,0,1713,1318
can_tho,severe,FixedSchedule,3,400.0,narrow,0.1,2024,2160,844,0,100.1398,400.0,4,28,7,24,4,220.0,0,1824,1.2257,1,0,0,1595,1232
can_tho,severe,FixedSchedule,4,400.0,narrow,0.1,2024,2160,602,0,67.3677,400.0,6,22,7,16,1,60.0,0,1831,9.6886,1,0,0,1335,987
can_tho,severe,FixedSchedule,5,400.0,narrow,0.1,2024,2160,726,0,84.894,400.0,5,24,7,19,2,120.0,0,1826,1.5762,1,0,0,1478,1116
can_tho,severe,FixedSchedule,6,400.0,narrow,0.1,2024,2160,849,0,101.3155,400.0,4,21,7,17,4,220.0,0,1835,8.9123,2,0,1,1609,1257
can_tho,severe,FixedSchedule,7,400.0,narrow,0.1,2024,2160,843,0,99.5137,400.0,5,30,7,25,3,160.0,0,1839,5.0068,1,0,0,1593,1201
can_tho,severe,FixedSchedule,8,400.0,narrow,0.1,2024,2160,602,0,67.4209,400.0,6,20,7,14,1,60.0,0,1831,0.0059,1,0,0,1335,988
can_tho,severe,FixedSchedule,9,400.0,narrow,0.1,2024,2160,602,0,67.4209,400.0,6,19,7,13,1,60.0,0,1804,9.5981,1,0,0,1335,988
can_tho,severe,Oracle,0,400.0,narrow,0.1,2024,2160,0,0,0.0,320.0,13,47,13,34,1,20.0,0,1861,3.778,8,3,5,373,649
can_tho,severe,Oracle,1,400.0,narrow,0.1,2024,2160,0,0,0.0,320.0,12,40,12,28,0,0.0,0,1864,2.1082,8,2,6,398,693
can_tho,severe,Oracle,2,400.0,narrow,0.1,2024,2160,0,0,0.0,320.0,12,48,12,36,0,0.0,0,1857,2.9174,8,3,5,425,693
can_tho,severe,Oracle,3,400.0,narrow,0.1,2024,2160,0,0,0.0,320.0,12,27,12,15,2,60.0,0,1824,2.0636,8,3,5,406,690
can_tho,severe,Oracle,4,400.0,narrow,0.1,2024,2160,0,0,0.0,340.0,12,29,12,17,1,20.0,0,1831,1.3608,8,3,5,402,659
can_tho,severe,Oracle,5,400.0,narrow,0.1,2024,2160,0,0,0.0,320.0,12,47,12,35,1,40.0,0,1826,3.1499,7,3,4,412,693
can_tho,severe,Oracle,6,400.0,narrow,0.1,2024,2160,0,0,0.0,320.0,12,44,12,32,3,60.0,0,1835,3.689,8,3,5,415,703
can_tho,severe,Oracle,7,400.0,narrow,0.1,2024,2160,0,0,0.0,320.0,12,43,12,31,2,40.0,0,1839,3.8061,8,3,5,419,673
can_tho,severe,Oracle,8,400.0,narrow,0.1,2024,2160,0,0,0.0,320.0,12,43,12,31,1,20.0,0,1831,3.6313,8,3,5,381,632
can_tho,severe,Oracle,9,400.0,narrow,0.1,2024,2160,0,0,0.0,340.0,12,15,12,3,0,0.0,0,1804,0.7453,8,3,5,391,653
can_tho,severe,TwinGate+T2+centre,0,400.0,narrow,0.1,2024,2160,0,0,0.0,320.0,21,52,16,31,2,40.0,69,1861,1.5516,15,1,14,472,873
can_tho,severe,TwinGate+T2+centre,1,400.0,narrow,0.1,2024,2160,0,0,0.0,340.0,20,57,17,37,3,60.0,70,1864,1.3652,14,1,13,456,822
can_tho,severe,TwinGate+T2+centre,2,400.0,narrow,0.1,2024,2160,0,0,0.0,340.0,17,60,17,43,3,60.0,73,1857,1.5516,14,1,13,430,810
can_tho,severe,TwinGate+T2+centre,3,400.0,narrow,0.1,2024,2160,83,0,2.7728,340.0,18,60,16,42,7,140.0,72,1824,1.8757,11,1,10,521,809
can_tho,severe,TwinGate+T2+centre,4,400.0,narrow,0.1,2024,2160,0,0,0.0,320.0,15,40,16,25,2,40.0,75,1831,1.291,15,0,14,969,776
can_tho,severe,TwinGate+T2+centre,5,400.0,narrow,0.1,2024,2160,0,0,0.0,340.0,14,38,17,24,5,100.0,76,1826,1.4311,13,0,13,320,664
can_tho,severe,TwinGate+T2+centre,6,400.0,narrow,0.1,2024,2160,0,0,0.0,340.0,17,56,17,39,8,160.0,73,1835,2.0674,12,0,12,371,739
can_tho,severe,TwinGate+T2+centre,7,400.0,narrow,0.1,2024,2160,81,0,2.6423,320.0,15,45,14,30,3,80.0,75,1839,1.8257,11,1,10,494,805
can_tho,severe,TwinGate+T2+centre,8,400.0,narrow,0.1,2024,2160,0,0,0.0,340.0,17,42,17,25,3,60.0,73,1831,1.0541,14,0,14,419,792
can_tho,severe,TwinGate+T2+centre,9,400.0,narrow,0.1,2024,2160,0,0,0.0,320.0,19,45,16,26,2,40.0,71,1804,1.4272,14,0,14,389,824
can_tho,severe,TwinGate+T2,0,inf,awd,0.02,2024,2160,0,0,0.0,340.0,20,52,17,32,1,20.0,70,1861,1.3608,10,0,10,214,618
can_tho,severe,TwinGate+T2,1,inf,awd,0.02,2024,2160,0,0,0.0,360.0,23,72,18,49,3,60.0,67,1864,1.7263,13,0,13,233,666
can_tho,severe,TwinGate+T2,2,inf,awd,0.02,2024,2160,0,0,0.0,360.0,17,54,18,37,4,80.0,73,1857,1.5498,10,0,10,124,480
can_tho,severe,TwinGate+T2,3,inf,awd,0.02,2024,2160,9,0,0.0378,340.0,21,74,16,53,5,100.0,69,1824,2.0785,11,1,10,303,654
can_tho,severe,TwinGate+T2,4,inf,awd,0.02,2024,2160,0,0,0.0,360.0,20,56,18,36,5,100.0,70,1831,1.7213,11,0,11,213,578
can_tho,severe,TwinGate+T2,5,inf,awd,0.02,2024,2160,0,0,0.0,380.0,17,47,19,30,6,120.0,73,1826,1.6101,11,0,11,195,537
can_tho,severe,TwinGate+T2,6,inf,awd,0.02,2024,2160,0,0,0.0,380.0,16,55,19,39,11,220.0,74,1835,1.9254,8,0,8,168,488
can_tho,severe,TwinGate+T2,7,inf,awd,0.02,2024,2160,0,0,0.0,360.0,18,51,18,33,7,140.0,72,1839,1.7212,10,1,9,216,551
can_tho,severe,TwinGate+T2,8,inf,awd,0.02,2024,2160,0,0,0.0,340.0,20,52,17,32,3,60.0,70,1831,1.1386,10,0,10,194,611
can_tho,severe,TwinGate+T2,9,inf,awd,0.02,2024,2160,0,0,0.0,340.0,22,52,17,30,2,40.0,68,1804,1.61,9,0,9,205,574
can_tho,severe,TwinGate+blindARQ,0,inf,awd,0.02,2024,2160,0,0,0.0,380.0,15,38,19,23,4,80.0,75,1861,1.2172,9,0,9,109,454
can_tho,severe,TwinGate+blindARQ,1,inf,awd,0.02,2024,2160,0,0,0.0,400.0,16,66,20,50,4,80.0,74,1864,2.0875,10,0,10,124,531
can_tho,severe,TwinGate+blindARQ,2,inf,awd,0.02,2024,2160,0,0,0.0,440.0,13,68,22,55,9,180.0,77,1857,2.2816,10,0,10,113,504
can_tho,severe,TwinGate+blindARQ,3,inf,awd,0.02,2024,2160,0,0,0.0,400.0,10,103,20,93,10,200.0,80,1824,3.3591,7,0,7,104,357
can_tho,severe,TwinGate+blindARQ,4,inf,awd,0.02,2024,2160,0,0,0.0,380.0,13,57,19,44,6,120.0,77,1831,2.3106,7,0,7,79,401
can_tho,severe,TwinGate+blindARQ,5,inf,awd,0.02,2024,2160,0,0,0.0,420.0,12,55,21,43,9,180.0,78,1826,2.0705,4,0,4,49,334
can_tho,severe,TwinGate+blindARQ,6,inf,awd,0.02,2024,2160,0,0,0.0,520.0,11,77,26,66,15,300.0,79,1835,2.291,8,0,8,105,349
can_tho,severe,TwinGate+blindARQ,7,inf,awd,0.02,2024,2160,0,0,0.0,380.0,11,71,19,60,8,160.0,79,1839,3.4299,9,0,9,132,402
can_tho,severe,TwinGate+blindARQ,8,inf,awd,0.02,2024,2160,0,0,0.0,360.0,15,58,18,43,3,60.0,75,1831,2.3106,8,0,8,96,448
can_tho,severe,TwinGate+blindARQ,9,inf,awd,0.02,2024,2160,0,0,0.0,360.0,15,45,18,30,3,60.0,75,1804,2.3807,9,0,9,109,460
can_tho,severe,Reactive+T2,0,inf,awd,0.02,2024,2160,0,0,0.0,540.0,10,18,9,8,1,60.0,0,1861,1.5261,4,0,4,43,230
can_tho,severe,Reactive+T2,1,inf,awd,0.02,2024,2160,0,0,0.0,600.0,13,34,10,21,1,60.0,0,1864,1.9937,4,0,4,73,260
can_tho,severe,Reactive+T2,2,inf,awd,0.02,2024,2160,0,0,0.0,840.0,9,25,14,16,5,300.0,0,1857,2.0322,4,0,4,46,232
can_tho,severe,Reactive+T2,3,inf,awd,0.02,2024,2160,9,0,0.0378,540.0,15,54,9,39,2,120.0,0,1824,3.6502,5,1,4,198,386
can_tho,severe,Reactive+T2,4,inf,awd,0.02,2024,2160,0,0,0.0,600.0,11,29,10,18,1,60.0,0,1831,1.7611,3,0,3,58,242
can_tho,severe,Reactive+T2,5,inf,awd,0.02,2024,2160,0,0,0.0,720.0,12,38,12,26,3,180.0,0,1826,2.3654,5,0,5,67,267
can_tho,severe,Reactive+T2,6,inf,awd,0.02,2024,2160,0,0,0.0,780.0,12,38,13,26,4,240.0,0,1835,2.5881,5,0,5,65,264
can_tho,severe,Reactive+T2,7,inf,awd,0.02,2024,2160,0,0,0.0,660.0,13,37,11,24,2,120.0,0,1839,2.3062,5,0,5,69,264
can_tho,severe,Reactive+T2,8,inf,awd,0.02,2024,2160,0,0,0.0,600.0,10,19,10,9,1,60.0,0,1831,1.2959,4,0,4,67,255
can_tho,severe,Reactive+T2,9,inf,awd,0.02,2024,2160,0,0,0.0,660.0,12,29,11,17,2,120.0,0,1804,2.0036,5,0,5,84,280
can_tho,severe,Reactive+blindARQ,0,inf,awd,0.02,2024,2160,0,0,0.0,600.0,9,22,10,13,1,60.0,0,1861,1.5262,4,0,4,42,234
can_tho,severe,Reactive+blindARQ,1,inf,awd,0.02,2024,2160,0,0,0.0,600.0,9,43,10,34,1,60.0,0,1864,3.2978,4,0,4,56,257
can_tho,severe,Reactive+blindARQ,2,inf,awd,0.02,2024,2160,0,0,0.0,1020.0,9,52,17,43,8,480.0,0,1857,1.5323,3,0,3,33,214
can_tho,severe,Reactive+blindARQ,3,inf,awd,0.02,2024,2160,0,0,0.0,1080.0,9,79,18,70,9,540.0,0,1824,4.745,3,0,3,27,224
can_tho,severe,Reactive+blindARQ,4,inf,awd,0.02,2024,2160,0,0,0.0,780.0,9,31,13,22,4,240.0,0,1831,2.1488,4,0,4,44,238
can_tho,severe,Reactive+blindARQ,5,inf,awd,0.02,2024,2160,0,0,0.0,1020.0,9,69,17,60,8,480.0,0,1826,2.8204,2,0,2,21,220
can_tho,severe,Reactive+blindARQ,6,inf,awd,0.02,2024,2160,0,0,0.0,1320.0,9,71,22,62,13,780.0,0,1835,2.4591,2,0,2,24,200
can_tho,severe,Reactive+blindARQ,7,inf,awd,0.02,2024,2160,0,0,0.0,900.0,9,67,15,58,6,360.0,0,1839,4.6307,2,0,2,36,244
can_tho,severe,Reactive+blindARQ,8,inf,awd,0.02,2024,2160,0,0,0.0,600.0,9,20,10,11,1,60.0,0,1831,1.5973,4,0,4,48,236
can_tho,severe,Reactive+blindARQ,9,inf,awd,0.02,2024,2160,0,0,0.0,660.0,9,27,11,18,2,120.0,0,1804,2.662,4,0,4,47,241
can_tho,severe,FixedSchedule,0,inf,awd,0.02,2024,2160,0,0,0.0,1500.0,18,98,25,80,7,420.0,0,1861,3.4476,0,0,0,0,12
can_tho,severe,FixedSchedule,1,inf,awd,0.02,2024,2160,0,0,0.0,1320.0,18,72,22,54,4,240.0,0,1864,2.2862,0,0,0,0,0
can_tho,severe,FixedSchedule,2,inf,awd,0.02,2024,2160,0,0,0.0,1680.0,18,67,28,49,10,600.0,0,1857,1.8805,0,0,0,0,2
can_tho,severe,FixedSchedule,3,inf,awd,0.02,2024,2160,0,0,0.0,2040.0,18,110,34,92,16,960.0,0,1824,3.8799,0,0,0,0,0
can_tho,severe,FixedSchedule,4,inf,awd,0.02,2024,2160,0,0,0.0,1500.0,18,74,25,56,7,420.0,0,1831,2.3695,0,0,0,0,0
can_tho,severe,FixedSchedule,5,inf,awd,0.02,2024,2160,0,0,0.0,1800.0,18,80,30,62,12,720.0,0,1826,2.9049,0,0,0,0,1
can_tho,severe,FixedSchedule,6,inf,awd,0.02,2024,2160,0,0,0.0,2160.0,18,98,36,80,18,1080.0,0,1835,2.4304,0,0,0,0,1
can_tho,severe,FixedSchedule,7,inf,awd,0.02,2024,2160,0,0,0.0,1560.0,18,96,26,78,8,480.0,0,1839,3.2389,0,0,0,0,0
can_tho,severe,FixedSchedule,8,inf,awd,0.02,2024,2160,0,0,0.0,1260.0,18,56,21,38,3,180.0,0,1831,0.9291,0,0,0,0,2
can_tho,severe,FixedSchedule,9,inf,awd,0.02,2024,2160,0,0,0.0,1260.0,18,62,21,44,3,180.0,0,1804,1.6567,0,0,0,0,2
can_tho,severe,Oracle,0,inf,awd,0.02,2024,2160,0,0,0.0,380.0,19,73,19,54,1,20.0,0,1861,2.5589,0,0,0,0,3
can_tho,severe,Oracle,1,inf,awd,0.02,2024,2160,0,0,0.0,380.0,19,44,19,25,3,60.0,0,1864,1.291,0,0,0,0,0
can_tho,severe,Oracle,2,inf,awd,0.02,2024,2160,0,0,0.0,380.0,19,78,19,59,2,40.0,0,1857,2.6745,0,0,0,0,0
can_tho,severe,Oracle,3,inf,awd,0.02,2024,2160,0,0,0.0,380.0,19,64,19,45,2,40.0,0,1824,2.1943,0,0,0,0,0
can_tho,severe,Oracle,4,inf,awd,0.02,2024,2160,0,0,0.0,380.0,19,47,19,28,5,100.0,0,1831,1.743,0,0,0,0,0
can_tho,severe,Oracle,5,inf,awd,0.02,2024,2160,0,0,0.0,380.0,19,45,19,26,4,80.0,0,1826,1.4786,0,0,0,0,0
can_tho,severe,Oracle,6,inf,awd,0.02,2024,2160,0,0,0.0,380.0,19,77,19,58,4,80.0,0,1835,2.4499,0,0,0,0,0
can_tho,severe,Oracle,7,inf,awd,0.02,2024,2160,0,0,0.0,380.0,19,57,19,38,2,40.0,0,1839,1.8025,0,0,0,0,0
can_tho,severe,Oracle,8,inf,awd,0.02,2024,2160,0,0,0.0,380.0,19,61,19,42,1,20.0,0,1831,2.3173,0,0,0,0,1
can_tho,severe,Oracle,9,inf,awd,0.02,2024,2160,0,0,0.0,380.0,19,34,19,15,2,40.0,0,1804,1.0541,0,0,0,0,0
can_tho,severe,TwinGate+T2+centre,0,inf,awd,0.02,2024,2160,0,0,0.0,340.0,20,52,17,32,1,20.0,70,1861,1.3608,10,0,10,214,618
can_tho,severe,TwinGate+T2+centre,1,inf,awd,0.02,2024,2160,0,0,0.0,360.0,23,72,18,49,3,60.0,67,1864,1.7263,13,0,13,233,666
can_tho,severe,TwinGate+T2+centre,2,inf,awd,0.02,2024,2160,0,0,0.0,360.0,17,54,18,37,4,80.0,73,1857,1.5498,10,0,10,124,480
can_tho,severe,TwinGate+T2+centre,3,inf,awd,0.02,2024,2160,9,0,0.0378,340.0,21,74,16,53,5,100.0,69,1824,2.0785,11,1,10,303,654
can_tho,severe,TwinGate+T2+centre,4,inf,awd,0.02,2024,2160,0,0,0.0,360.0,20,56,18,36,5,100.0,70,1831,1.7213,11,0,11,213,578
can_tho,severe,TwinGate+T2+centre,5,inf,awd,0.02,2024,2160,0,0,0.0,380.0,17,47,19,30,6,120.0,73,1826,1.6101,11,0,11,195,537
can_tho,severe,TwinGate+T2+centre,6,inf,awd,0.02,2024,2160,0,0,0.0,380.0,16,55,19,39,11,220.0,74,1835,1.9254,8,0,8,168,488
can_tho,severe,TwinGate+T2+centre,7,inf,awd,0.02,2024,2160,0,0,0.0,360.0,18,51,18,33,7,140.0,72,1839,1.7212,10,1,9,216,551
can_tho,severe,TwinGate+T2+centre,8,inf,awd,0.02,2024,2160,0,0,0.0,340.0,20,52,17,32,3,60.0,70,1831,1.1386,10,0,10,194,611
can_tho,severe,TwinGate+T2+centre,9,inf,awd,0.02,2024,2160,0,0,0.0,340.0,22,52,17,30,2,40.0,68,1804,1.61,9,0,9,205,574
can_tho,severe,TwinGate+T2,0,inf,mid,0.05,2024,2160,0,0,0.0,340.0,20,52,17,32,1,20.0,70,1861,1.3608,10,0,10,214,618
can_tho,severe,TwinGate+T2,1,inf,mid,0.05,2024,2160,0,0,0.0,360.0,23,72,18,49,3,60.0,67,1864,1.7263,13,0,13,233,666
can_tho,severe,TwinGate+T2,2,inf,mid,0.05,2024,2160,0,0,0.0,360.0,17,54,18,37,4,80.0,73,1857,1.5498,10,0,10,124,480
can_tho,severe,TwinGate+T2,3,inf,mid,0.05,2024,2160,9,0,0.0378,340.0,21,74,16,53,5,100.0,69,1824,2.0785,11,1,10,303,654
can_tho,severe,TwinGate+T2,4,inf,mid,0.05,2024,2160,0,0,0.0,360.0,20,56,18,36,5,100.0,70,1831,1.7213,11,0,11,213,578
can_tho,severe,TwinGate+T2,5,inf,mid,0.05,2024,2160,0,0,0.0,380.0,17,47,19,30,6,120.0,73,1826,1.6101,11,0,11,195,537
can_tho,severe,TwinGate+T2,6,inf,mid,0.05,2024,2160,0,0,0.0,380.0,16,55,19,39,11,220.0,74,1835,1.9254,8,0,8,168,488
can_tho,severe,TwinGate+T2,7,inf,mid,0.05,2024,2160,0,0,0.0,360.0,18,51,18,33,7,140.0,72,1839,1.7212,10,1,9,216,551
can_tho,severe,TwinGate+T2,8,inf,mid,0.05,2024,2160,0,0,0.0,340.0,20,52,17,32,3,60.0,70,1831,1.1386,10,0,10,194,611
can_tho,severe,TwinGate+T2,9,inf,mid,0.05,2024,2160,0,0,0.0,340.0,22,52,17,30,2,40.0,68,1804,1.61,9,0,9,205,574
can_tho,severe,TwinGate+blindARQ,0,inf,mid,0.05,2024,2160,0,0,0.0,380.0,15,38,19,23,4,80.0,75,1861,1.2172,9,0,9,109,454
can_tho,severe,TwinGate+blindARQ,1,inf,mid,0.05,2024,2160,0,0,0.0,400.0,16,66,20,50,4,80.0,74,1864,2.0875,10,0,10,124,531
can_tho,severe,TwinGate+blindARQ,2,inf,mid,0.05,2024,2160,0,0,0.0,440.0,13,68,22,55,9,180.0,77,1857,2.2816,10,0,10,113,504
can_tho,severe,TwinGate+blindARQ,3,inf,mid,0.05,2024,2160,0,0,0.0,400.0,10,103,20,93,10,200.0,80,1824,3.3591,7,0,7,104,357
can_tho,severe,TwinGate+blindARQ,4,inf,mid,0.05,2024,2160,0,0,0.0,380.0,13,57,19,44,6,120.0,77,1831,2.3106,7,0,7,79,401
can_tho,severe,TwinGate+blindARQ,5,inf,mid,0.05,2024,2160,0,0,0.0,420.0,12,55,21,43,9,180.0,78,1826,2.0705,4,0,4,49,334
can_tho,severe,TwinGate+blindARQ,6,inf,mid,0.05,2024,2160,0,0,0.0,520.0,11,77,26,66,15,300.0,79,1835,2.291,8,0,8,105,349
can_tho,severe,TwinGate+blindARQ,7,inf,mid,0.05,2024,2160,0,0,0.0,380.0,11,71,19,60,8,160.0,79,1839,3.4299,9,0,9,132,402
can_tho,severe,TwinGate+blindARQ,8,inf,mid,0.05,2024,2160,0,0,0.0,360.0,15,58,18,43,3,60.0,75,1831,2.3106,8,0,8,96,448
can_tho,severe,TwinGate+blindARQ,9,inf,mid,0.05,2024,2160,0,0,0.0,360.0,15,45,18,30,3,60.0,75,1804,2.3807,9,0,9,109,460
can_tho,severe,Reactive+T2,0,inf,mid,0.05,2024,2160,0,0,0.0,540.0,10,18,9,8,1,60.0,0,1861,1.5261,4,0,4,43,230
can_tho,severe,Reactive+T2,1,inf,mid,0.05,2024,2160,0,0,0.0,600.0,13,34,10,21,1,60.0,0,1864,1.9937,4,0,4,73,260
can_tho,severe,Reactive+T2,2,inf,mid,0.05,2024,2160,0,0,0.0,840.0,9,25,14,16,5,300.0,0,1857,2.0322,4,0,4,46,232
can_tho,severe,Reactive+T2,3,inf,mid,0.05,2024,2160,9,0,0.0378,540.0,15,54,9,39,2,120.0,0,1824,3.6502,5,1,4,198,386
can_tho,severe,Reactive+T2,4,inf,mid,0.05,2024,2160,0,0,0.0,600.0,11,29,10,18,1,60.0,0,1831,1.7611,3,0,3,58,242
can_tho,severe,Reactive+T2,5,inf,mid,0.05,2024,2160,0,0,0.0,720.0,12,38,12,26,3,180.0,0,1826,2.3654,5,0,5,67,267
can_tho,severe,Reactive+T2,6,inf,mid,0.05,2024,2160,0,0,0.0,780.0,12,38,13,26,4,240.0,0,1835,2.5881,5,0,5,65,264
can_tho,severe,Reactive+T2,7,inf,mid,0.05,2024,2160,0,0,0.0,660.0,13,37,11,24,2,120.0,0,1839,2.3062,5,0,5,69,264
can_tho,severe,Reactive+T2,8,inf,mid,0.05,2024,2160,0,0,0.0,600.0,10,19,10,9,1,60.0,0,1831,1.2959,4,0,4,67,255
can_tho,severe,Reactive+T2,9,inf,mid,0.05,2024,2160,0,0,0.0,660.0,12,29,11,17,2,120.0,0,1804,2.0036,5,0,5,84,280
can_tho,severe,Reactive+blindARQ,0,inf,mid,0.05,2024,2160,0,0,0.0,600.0,9,22,10,13,1,60.0,0,1861,1.5262,4,0,4,42,234
can_tho,severe,Reactive+blindARQ,1,inf,mid,0.05,2024,2160,0,0,0.0,600.0,9,43,10,34,1,60.0,0,1864,3.2978,4,0,4,56,257
can_tho,severe,Reactive+blindARQ,2,inf,mid,0.05,2024,2160,0,0,0.0,1020.0,9,52,17,43,8,480.0,0,1857,1.5323,3,0,3,33,214
can_tho,severe,Reactive+blindARQ,3,inf,mid,0.05,2024,2160,0,0,0.0,1080.0,9,79,18,70,9,540.0,0,1824,4.745,3,0,3,27,224
can_tho,severe,Reactive+blindARQ,4,inf,mid,0.05,2024,2160,0,0,0.0,780.0,9,31,13,22,4,240.0,0,1831,2.1488,4,0,4,44,238
can_tho,severe,Reactive+blindARQ,5,inf,mid,0.05,2024,2160,0,0,0.0,1020.0,9,69,17,60,8,480.0,0,1826,2.8204,2,0,2,21,220
can_tho,severe,Reactive+blindARQ,6,inf,mid,0.05,2024,2160,0,0,0.0,1320.0,9,71,22,62,13,780.0,0,1835,2.4591,2,0,2,24,200
can_tho,severe,Reactive+blindARQ,7,inf,mid,0.05,2024,2160,0,0,0.0,900.0,9,67,15,58,6,360.0,0,1839,4.6307,2,0,2,36,244
can_tho,severe,Reactive+blindARQ,8,inf,mid,0.05,2024,2160,0,0,0.0,600.0,9,20,10,11,1,60.0,0,1831,1.5973,4,0,4,48,236
can_tho,severe,Reactive+blindARQ,9,inf,mid,0.05,2024,2160,0,0,0.0,660.0,9,27,11,18,2,120.0,0,1804,2.662,4,0,4,47,241
can_tho,severe,FixedSchedule,0,inf,mid,0.05,2024,2160,0,0,0.0,1500.0,18,98,25,80,7,420.0,0,1861,3.4476,0,0,0,0,12
can_tho,severe,FixedSchedule,1,inf,mid,0.05,2024,2160,0,0,0.0,1320.0,18,72,22,54,4,240.0,0,1864,2.2862,0,0,0,0,0
can_tho,severe,FixedSchedule,2,inf,mid,0.05,2024,2160,0,0,0.0,1680.0,18,67,28,49,10,600.0,0,1857,1.8805,0,0,0,0,2
can_tho,severe,FixedSchedule,3,inf,mid,0.05,2024,2160,0,0,0.0,2040.0,18,110,34,92,16,960.0,0,1824,3.8799,0,0,0,0,0
can_tho,severe,FixedSchedule,4,inf,mid,0.05,2024,2160,0,0,0.0,1500.0,18,74,25,56,7,420.0,0,1831,2.3695,0,0,0,0,0
can_tho,severe,FixedSchedule,5,inf,mid,0.05,2024,2160,0,0,0.0,1800.0,18,80,30,62,12,720.0,0,1826,2.9049,0,0,0,0,1
can_tho,severe,FixedSchedule,6,inf,mid,0.05,2024,2160,0,0,0.0,2160.0,18,98,36,80,18,1080.0,0,1835,2.4304,0,0,0,0,1
can_tho,severe,FixedSchedule,7,inf,mid,0.05,2024,2160,0,0,0.0,1560.0,18,96,26,78,8,480.0,0,1839,3.2389,0,0,0,0,0
can_tho,severe,FixedSchedule,8,inf,mid,0.05,2024,2160,0,0,0.0,1260.0,18,56,21,38,3,180.0,0,1831,0.9291,0,0,0,0,2
can_tho,severe,FixedSchedule,9,inf,mid,0.05,2024,2160,0,0,0.0,1260.0,18,62,21,44,3,180.0,0,1804,1.6567,0,0,0,0,2
can_tho,severe,Oracle,0,inf,mid,0.05,2024,2160,0,0,0.0,380.0,19,73,19,54,1,20.0,0,1861,2.5589,0,0,0,0,3
can_tho,severe,Oracle,1,inf,mid,0.05,2024,2160,0,0,0.0,380.0,19,44,19,25,3,60.0,0,1864,1.291,0,0,0,0,0
can_tho,severe,Oracle,2,inf,mid,0.05,2024,2160,0,0,0.0,380.0,19,78,19,59,2,40.0,0,1857,2.6745,0,0,0,0,0
can_tho,severe,Oracle,3,inf,mid,0.05,2024,2160,0,0,0.0,380.0,19,64,19,45,2,40.0,0,1824,2.1943,0,0,0,0,0
can_tho,severe,Oracle,4,inf,mid,0.05,2024,2160,0,0,0.0,380.0,19,47,19,28,5,100.0,0,1831,1.743,0,0,0,0,0
can_tho,severe,Oracle,5,inf,mid,0.05,2024,2160,0,0,0.0,380.0,19,45,19,26,4,80.0,0,1826,1.4786,0,0,0,0,0
can_tho,severe,Oracle,6,inf,mid,0.05,2024,2160,0,0,0.0,380.0,19,77,19,58,4,80.0,0,1835,2.4499,0,0,0,0,0
can_tho,severe,Oracle,7,inf,mid,0.05,2024,2160,0,0,0.0,380.0,19,57,19,38,2,40.0,0,1839,1.8025,0,0,0,0,0
can_tho,severe,Oracle,8,inf,mid,0.05,2024,2160,0,0,0.0,380.0,19,61,19,42,1,20.0,0,1831,2.3173,0,0,0,0,1
can_tho,severe,Oracle,9,inf,mid,0.05,2024,2160,0,0,0.0,380.0,19,34,19,15,2,40.0,0,1804,1.0541,0,0,0,0,0
can_tho,severe,TwinGate+T2+centre,0,inf,mid,0.05,2024,2160,0,0,0.0,340.0,20,52,17,32,1,20.0,70,1861,1.3608,10,0,10,214,618
can_tho,severe,TwinGate+T2+centre,1,inf,mid,0.05,2024,2160,0,0,0.0,360.0,23,72,18,49,3,60.0,67,1864,1.7263,13,0,13,233,666
can_tho,severe,TwinGate+T2+centre,2,inf,mid,0.05,2024,2160,0,0,0.0,360.0,17,54,18,37,4,80.0,73,1857,1.5498,10,0,10,124,480
can_tho,severe,TwinGate+T2+centre,3,inf,mid,0.05,2024,2160,9,0,0.0378,340.0,21,74,16,53,5,100.0,69,1824,2.0785,11,1,10,303,654
can_tho,severe,TwinGate+T2+centre,4,inf,mid,0.05,2024,2160,0,0,0.0,360.0,20,56,18,36,5,100.0,70,1831,1.7213,11,0,11,213,578
can_tho,severe,TwinGate+T2+centre,5,inf,mid,0.05,2024,2160,0,0,0.0,380.0,17,47,19,30,6,120.0,73,1826,1.6101,11,0,11,195,537
can_tho,severe,TwinGate+T2+centre,6,inf,mid,0.05,2024,2160,0,0,0.0,380.0,16,55,19,39,11,220.0,74,1835,1.9254,8,0,8,168,488
can_tho,severe,TwinGate+T2+centre,7,inf,mid,0.05,2024,2160,0,0,0.0,360.0,18,51,18,33,7,140.0,72,1839,1.7212,10,1,9,216,551
can_tho,severe,TwinGate+T2+centre,8,inf,mid,0.05,2024,2160,0,0,0.0,340.0,20,52,17,32,3,60.0,70,1831,1.1386,10,0,10,194,611
can_tho,severe,TwinGate+T2+centre,9,inf,mid,0.05,2024,2160,0,0,0.0,340.0,22,52,17,30,2,40.0,68,1804,1.61,9,0,9,205,574
can_tho,severe,TwinGate+T2,0,inf,narrow,0.1,2024,2160,0,0,0.0,320.0,21,52,16,31,2,40.0,69,1861,1.5516,15,1,14,472,873
can_tho,severe,TwinGate+T2,1,inf,narrow,0.1,2024,2160,0,0,0.0,340.0,20,57,17,37,3,60.0,70,1864,1.3652,14,1,13,456,822
can_tho,severe,TwinGate+T2,2,inf,narrow,0.1,2024,2160,0,0,0.0,340.0,17,60,17,43,3,60.0,73,1857,1.5516,14,1,13,430,810
can_tho,severe,TwinGate+T2,3,inf,narrow,0.1,2024,2160,83,0,2.7728,340.0,18,60,16,42,7,140.0,72,1824,1.8757,11,1,10,521,809
can_tho,severe,TwinGate+T2,4,inf,narrow,0.1,2024,2160,0,0,0.0,320.0,15,40,16,25,2,40.0,75,1831,1.291,15,0,14,969,776
can_tho,severe,TwinGate+T2,5,inf,narrow,0.1,2024,2160,0,0,0.0,340.0,14,38,17,24,5,100.0,76,1826,1.4311,13,0,13,320,664
can_tho,severe,TwinGate+T2,6,inf,narrow,0.1,2024,2160,0,0,0.0,340.0,17,56,17,39,8,160.0,73,1835,2.0674,12,0,12,371,739
can_tho,severe,TwinGate+T2,7,inf,narrow,0.1,2024,2160,81,0,2.6423,320.0,15,45,14,30,3,80.0,75,1839,1.8257,11,1,10,494,805
can_tho,severe,TwinGate+T2,8,inf,narrow,0.1,2024,2160,0,0,0.0,340.0,17,42,17,25,3,60.0,73,1831,1.0541,14,0,14,419,792
can_tho,severe,TwinGate+T2,9,inf,narrow,0.1,2024,2160,0,0,0.0,320.0,19,45,16,26,2,40.0,71,1804,1.4272,14,0,14,389,824
can_tho,severe,TwinGate+blindARQ,0,inf,narrow,0.1,2024,2160,0,0,0.0,320.0,13,58,16,45,3,60.0,77,1861,2.5464,14,0,13,974,793
can_tho,severe,TwinGate+blindARQ,1,inf,narrow,0.1,2024,2160,0,0,0.0,360.0,14,58,18,44,4,80.0,76,1864,2.1764,15,0,14,967,754
can_tho,severe,TwinGate+blindARQ,2,inf,narrow,0.1,2024,2160,0,0,0.0,420.0,12,77,21,65,9,180.0,78,1857,2.9704,12,0,12,328,672
can_tho,severe,TwinGate+blindARQ,3,inf,narrow,0.1,2024,2160,0,0,0.0,400.0,10,54,20,44,10,200.0,80,1824,2.2266,10,0,10,239,525
can_tho,severe,TwinGate+blindARQ,4,inf,narrow,0.1,2024,2160,0,0,0.0,360.0,12,70,18,58,6,120.0,78,1831,2.4067,12,0,12,315,641
can_tho,severe,TwinGate+blindARQ,5,inf,narrow,0.1,2024,2160,0,0,0.0,380.0,10,29,19,19,9,180.0,80,1826,1.3263,10,0,10,241,550
can_tho,severe,TwinGate+blindARQ,6,inf,narrow,0.1,2024,2160,0,0,0.0,500.0,10,82,25,72,15,300.0,80,1835,2.3322,10,0,10,231,513
can_tho,severe,TwinGate+blindARQ,7,inf,narrow,0.1,2024,2160,0,0,0.0,360.0,10,63,18,53,8,160.0,80,1839,2.4226,10,0,10,199,498
can_tho,severe,TwinGate+blindARQ,8,inf,narrow,0.1,2024,2160,0,0,0.0,340.0,14,42,17,28,3,60.0,76,1831,1.5515,14,0,14,381,743
can_tho,severe,TwinGate+blindARQ,9,inf,narrow,0.1,2024,2160,0,0,0.0,320.0,13,54,16,41,3,60.0,77,1804,2.5193,14,0,13,1008,765
can_tho,severe,Reactive+T2,0,inf,narrow,0.1,2024,2160,0,0,0.0,540.0,10,18,9,8,1,60.0,0,1861,1.5261,4,0,4,43,230
can_tho,severe,Reactive+T2,1,inf,narrow,0.1,2024,2160,0,0,0.0,600.0,13,34,10,21,1,60.0,0,1864,1.9937,4,0,4,73,260
can_tho,severe,Reactive+T2,2,inf,narrow,0.1,2024,2160,0,0,0.0,840.0,9,25,14,16,5,300.0,0,1857,2.0322,4,0,4,46,232
can_tho,severe,Reactive+T2,3,inf,narrow,0.1,2024,2160,9,0,0.0378,540.0,15,54,9,39,2,120.0,0,1824,3.6502,5,1,4,198,386
can_tho,severe,Reactive+T2,4,inf,narrow,0.1,2024,2160,0,0,0.0,600.0,11,29,10,18,1,60.0,0,1831,1.7611,3,0,3,58,242
can_tho,severe,Reactive+T2,5,inf,narrow,0.1,2024,2160,0,0,0.0,720.0,12,38,12,26,3,180.0,0,1826,2.3654,5,0,5,67,267
can_tho,severe,Reactive+T2,6,inf,narrow,0.1,2024,2160,0,0,0.0,780.0,12,38,13,26,4,240.0,0,1835,2.5881,5,0,5,65,264
can_tho,severe,Reactive+T2,7,inf,narrow,0.1,2024,2160,0,0,0.0,660.0,13,37,11,24,2,120.0,0,1839,2.3062,5,0,5,69,264
can_tho,severe,Reactive+T2,8,inf,narrow,0.1,2024,2160,0,0,0.0,600.0,10,19,10,9,1,60.0,0,1831,1.2959,4,0,4,67,255
can_tho,severe,Reactive+T2,9,inf,narrow,0.1,2024,2160,0,0,0.0,660.0,12,29,11,17,2,120.0,0,1804,2.0036,5,0,5,84,280
can_tho,severe,Reactive+blindARQ,0,inf,narrow,0.1,2024,2160,0,0,0.0,600.0,9,22,10,13,1,60.0,0,1861,1.5262,4,0,4,42,234
can_tho,severe,Reactive+blindARQ,1,inf,narrow,0.1,2024,2160,0,0,0.0,600.0,9,43,10,34,1,60.0,0,1864,3.2978,4,0,4,56,257
can_tho,severe,Reactive+blindARQ,2,inf,narrow,0.1,2024,2160,0,0,0.0,1020.0,9,52,17,43,8,480.0,0,1857,1.5323,3,0,3,33,214
can_tho,severe,Reactive+blindARQ,3,inf,narrow,0.1,2024,2160,0,0,0.0,1080.0,9,79,18,70,9,540.0,0,1824,4.745,3,0,3,27,224
can_tho,severe,Reactive+blindARQ,4,inf,narrow,0.1,2024,2160,0,0,0.0,780.0,9,31,13,22,4,240.0,0,1831,2.1488,4,0,4,44,238
can_tho,severe,Reactive+blindARQ,5,inf,narrow,0.1,2024,2160,0,0,0.0,1020.0,9,69,17,60,8,480.0,0,1826,2.8204,2,0,2,21,220
can_tho,severe,Reactive+blindARQ,6,inf,narrow,0.1,2024,2160,0,0,0.0,1320.0,9,71,22,62,13,780.0,0,1835,2.4591,2,0,2,24,200
can_tho,severe,Reactive+blindARQ,7,inf,narrow,0.1,2024,2160,0,0,0.0,900.0,9,67,15,58,6,360.0,0,1839,4.6307,2,0,2,36,244
can_tho,severe,Reactive+blindARQ,8,inf,narrow,0.1,2024,2160,0,0,0.0,600.0,9,20,10,11,1,60.0,0,1831,1.5973,4,0,4,48,236
can_tho,severe,Reactive+blindARQ,9,inf,narrow,0.1,2024,2160,0,0,0.0,660.0,9,27,11,18,2,120.0,0,1804,2.662,4,0,4,47,241
can_tho,severe,FixedSchedule,0,inf,narrow,0.1,2024,2160,0,0,0.0,1500.0,18,98,25,80,7,420.0,0,1861,3.4476,0,0,0,0,12
can_tho,severe,FixedSchedule,1,inf,narrow,0.1,2024,2160,0,0,0.0,1320.0,18,72,22,54,4,240.0,0,1864,2.2862,0,0,0,0,0
can_tho,severe,FixedSchedule,2,inf,narrow,0.1,2024,2160,0,0,0.0,1680.0,18,67,28,49,10,600.0,0,1857,1.8805,0,0,0,0,2
can_tho,severe,FixedSchedule,3,inf,narrow,0.1,2024,2160,0,0,0.0,2040.0,18,110,34,92,16,960.0,0,1824,3.8799,0,0,0,0,0
can_tho,severe,FixedSchedule,4,inf,narrow,0.1,2024,2160,0,0,0.0,1500.0,18,74,25,56,7,420.0,0,1831,2.3695,0,0,0,0,0
can_tho,severe,FixedSchedule,5,inf,narrow,0.1,2024,2160,0,0,0.0,1800.0,18,80,30,62,12,720.0,0,1826,2.9049,0,0,0,0,1
can_tho,severe,FixedSchedule,6,inf,narrow,0.1,2024,2160,0,0,0.0,2160.0,18,98,36,80,18,1080.0,0,1835,2.4304,0,0,0,0,1
can_tho,severe,FixedSchedule,7,inf,narrow,0.1,2024,2160,0,0,0.0,1560.0,18,96,26,78,8,480.0,0,1839,3.2389,0,0,0,0,0
can_tho,severe,FixedSchedule,8,inf,narrow,0.1,2024,2160,0,0,0.0,1260.0,18,56,21,38,3,180.0,0,1831,0.9291,0,0,0,0,2
can_tho,severe,FixedSchedule,9,inf,narrow,0.1,2024,2160,0,0,0.0,1260.0,18,62,21,44,3,180.0,0,1804,1.6567,0,0,0,0,2
can_tho,severe,Oracle,0,inf,narrow,0.1,2024,2160,0,0,0.0,380.0,19,73,19,54,1,20.0,0,1861,2.5589,0,0,0,0,3
can_tho,severe,Oracle,1,inf,narrow,0.1,2024,2160,0,0,0.0,380.0,19,44,19,25,3,60.0,0,1864,1.291,0,0,0,0,0
can_tho,severe,Oracle,2,inf,narrow,0.1,2024,2160,0,0,0.0,380.0,19,78,19,59,2,40.0,0,1857,2.6745,0,0,0,0,0
can_tho,severe,Oracle,3,inf,narrow,0.1,2024,2160,0,0,0.0,380.0,19,64,19,45,2,40.0,0,1824,2.1943,0,0,0,0,0
can_tho,severe,Oracle,4,inf,narrow,0.1,2024,2160,0,0,0.0,380.0,19,47,19,28,5,100.0,0,1831,1.743,0,0,0,0,0
can_tho,severe,Oracle,5,inf,narrow,0.1,2024,2160,0,0,0.0,380.0,19,45,19,26,4,80.0,0,1826,1.4786,0,0,0,0,0
can_tho,severe,Oracle,6,inf,narrow,0.1,2024,2160,0,0,0.0,380.0,19,77,19,58,4,80.0,0,1835,2.4499,0,0,0,0,0
can_tho,severe,Oracle,7,inf,narrow,0.1,2024,2160,0,0,0.0,380.0,19,57,19,38,2,40.0,0,1839,1.8025,0,0,0,0,0
can_tho,severe,Oracle,8,inf,narrow,0.1,2024,2160,0,0,0.0,380.0,19,61,19,42,1,20.0,0,1831,2.3173,0,0,0,0,1
can_tho,severe,Oracle,9,inf,narrow,0.1,2024,2160,0,0,0.0,380.0,19,34,19,15,2,40.0,0,1804,1.0541,0,0,0,0,0
can_tho,severe,TwinGate+T2+centre,0,inf,narrow,0.1,2024,2160,0,0,0.0,320.0,21,52,16,31,2,40.0,69,1861,1.5516,15,1,14,472,873
can_tho,severe,TwinGate+T2+centre,1,inf,narrow,0.1,2024,2160,0,0,0.0,340.0,20,57,17,37,3,60.0,70,1864,1.3652,14,1,13,456,822
can_tho,severe,TwinGate+T2+centre,2,inf,narrow,0.1,2024,2160,0,0,0.0,340.0,17,60,17,43,3,60.0,73,1857,1.5516,14,1,13,430,810
can_tho,severe,TwinGate+T2+centre,3,inf,narrow,0.1,2024,2160,83,0,2.7728,340.0,18,60,16,42,7,140.0,72,1824,1.8757,11,1,10,521,809
can_tho,severe,TwinGate+T2+centre,4,inf,narrow,0.1,2024,2160,0,0,0.0,320.0,15,40,16,25,2,40.0,75,1831,1.291,15,0,14,969,776
can_tho,severe,TwinGate+T2+centre,5,inf,narrow,0.1,2024,2160,0,0,0.0,340.0,14,38,17,24,5,100.0,76,1826,1.4311,13,0,13,320,664
can_tho,severe,TwinGate+T2+centre,6,inf,narrow,0.1,2024,2160,0,0,0.0,340.0,17,56,17,39,8,160.0,73,1835,2.0674,12,0,12,371,739
can_tho,severe,TwinGate+T2+centre,7,inf,narrow,0.1,2024,2160,81,0,2.6423,320.0,15,45,14,30,3,80.0,75,1839,1.8257,11,1,10,494,805
can_tho,severe,TwinGate+T2+centre,8,inf,narrow,0.1,2024,2160,0,0,0.0,340.0,17,42,17,25,3,60.0,73,1831,1.0541,14,0,14,419,792
can_tho,severe,TwinGate+T2+centre,9,inf,narrow,0.1,2024,2160,0,0,0.0,320.0,19,45,16,26,2,40.0,71,1804,1.4272,14,0,14,389,824
soc_trang,mild,TwinGate+T2,0,80.0,awd,0.02,2024,2160,723,0,81.4284,80.0,4,5,4,1,0,0.0,86,1861,0.6086,5,4,0,1867,1683
soc_trang,mild,TwinGate+T2,1,80.0,awd,0.02,2024,2160,771,0,87.8491,80.0,4,6,4,2,1,20.0,86,1864,0.6086,4,3,0,1805,1598
soc_trang,mild,TwinGate+T2,2,80.0,awd,0.02,2024,2160,770,0,87.3721,80.0,3,4,4,1,2,40.0,87,1857,0.0,4,3,0,1824,1621
soc_trang,mild,TwinGate+T2,3,80.0,awd,0.02,2024,2160,770,0,87.3721,80.0,3,4,4,1,2,40.0,87,1824,0.0,4,3,0,1824,1621
soc_trang,mild,TwinGate+T2,4,80.0,awd,0.02,2024,2160,770,0,87.4729,80.0,3,4,4,1,1,20.0,87,1831,0.0,4,3,0,1823,1600
soc_trang,mild,TwinGate+T2,5,80.0,awd,0.02,2024,2160,770,0,87.0998,80.0,4,6,4,2,1,20.0,86,1826,0.7451,4,3,0,1826,1616
soc_trang,mild,TwinGate+T2,6,80.0,awd,0.02,2024,2160,823,0,94.7189,80.0,2,4,4,2,3,60.0,88,1835,0.0,3,2,0,1761,1521
soc_trang,mild,TwinGate+T2,7,80.0,awd,0.02,2024,2160,770,0,87.348,80.0,4,7,4,3,1,20.0,86,1839,0.7454,4,3,0,1805,1597
soc_trang,mild,TwinGate+T2,8,80.0,awd,0.02,2024,2160,723,0,81.4284,80.0,4,4,4,0,0,0.0,86,1831,0.0,5,4,0,1866,1683
soc_trang,mild,TwinGate+T2,9,80.0,awd,0.02,2024,2160,723,0,81.3171,80.0,5,7,4,2,1,20.0,85,1804,1.3601,5,4,0,1865,1683
soc_trang,mild,TwinGate+blindARQ,0,80.0,awd,0.02,2024,2160,723,0,81.4284,80.0,4,5,4,1,0,0.0,86,1861,0.6086,5,4,0,1867,1683
soc_trang,mild,TwinGate+blindARQ,1,80.0,awd,0.02,2024,2160,772,0,88.1379,80.0,3,9,4,6,1,20.0,87,1864,1.6503,4,3,0,1824,1599
soc_trang,mild,TwinGate+blindARQ,2,80.0,awd,0.02,2024,2160,842,0,95.9042,80.0,2,4,4,2,2,40.0,88,1857,0.0,3,2,0,1768,1550
soc_trang,mild,TwinGate+blindARQ,3,80.0,awd,0.02,2024,2160,842,0,95.9042,80.0,2,4,4,2,2,40.0,88,1824,0.0,3,2,0,1768,1550
soc_trang,mild,TwinGate+blindARQ,4,80.0,awd,0.02,2024,2160,770,0,87.4729,80.0,3,4,4,1,1,20.0,87,1831,0.0,4,3,0,1823,1600
soc_trang,mild,TwinGate+blindARQ,5,80.0,awd,0.02,2024,2160,770,0,87.3698,80.0,3,6,4,3,1,20.0,87,1826,0.7451,4,3,0,1826,1621
soc_trang,mild,TwinGate+blindARQ,6,80.0,awd,0.02,2024,2160,968,0,113.0543,80.0,1,7,4,6,3,60.0,89,1835,0.0024,2,1,0,1802,1531
soc_trang,mild,TwinGate+blindARQ,7,80.0,awd,0.02,2024,2160,823,0,94.705,80.0,2,7,4,5,2,40.0,88,1839,0.7454,3,2,0,1762,1523
soc_trang,mild,TwinGate+blindARQ,8,80.0,awd,0.02,2024,2160,723,0,81.4284,80.0,4,4,4,0,0,0.0,86,1831,0.0,5,4,0,1866,1683
soc_trang,mild,TwinGate+blindARQ,9,80.0,awd,0.02,2024,2160,770,0,87.3677,80.0,3,10,4,7,1,20.0,87,1804,1.7051,4,3,0,1828,1623
soc_trang,mild,Reactive+T2,0,80.0,awd,0.02,2024,2160,1011,0,115.7084,80.0,2,2,2,0,0,0.0,0,1861,0.0,1,0,0,1739,1491
soc_trang,mild,Reactive+T2,1,80.0,awd,0.02,2024,2160,1006,0,114.8763,80.0,3,4,2,1,0,0.0,0,1864,0.6086,2,0,1,1753,1513
soc_trang,mild,Reactive+T2,2,80.0,awd,0.02,2024,2160,1011,0,115.7084,80.0,2,2,2,0,0,0.0,0,1857,0.0,1,0,0,1739,1491
soc_trang,mild,Reactive+T2,3,80.0,awd,0.02,2024,2160,1011,0,115.7084,80.0,2,2,2,0,0,0.0,0,1824,0.0,1,0,0,1739,1491
soc_trang,mild,Reactive+T2,4,80.0,awd,0.02,2024,2160,1011,0,115.7084,80.0,2,2,2,0,1,20.0,0,1831,0.0,1,0,0,1739,1491
soc_trang,mild,Reactive+T2,5,80.0,awd,0.02,2024,2160,1011,0,115.7084,80.0,2,2,2,0,0,0.0,0,1826,0.0,1,0,0,1739,1491
soc_trang,mild,Reactive+T2,6,80.0,awd,0.02,2024,2160,1011,0,115.7025,80.0,2,4,2,2,0,0.0,0,1835,0.9596,1,0,0,1739,1493
soc_trang,mild,Reactive+T2,7,80.0,awd,0.02,2024,2160,1011,0,115.7084,80.0,2,2,2,0,1,20.0,0,1839,0.0,1,0,0,1739,1491
soc_trang,mild,Reactive+T2,8,80.0,awd,0.02,2024,2160,1011,0,115.7084,80.0,2,2,2,0,0,0.0,0,1831,0.0,1,0,0,1739,1491
soc_trang,mild,Reactive+T2,9,80.0,awd,0.02,2024,2160,1011,0,115.7084,80.0,2,2,2,0,0,0.0,0,1804,0.0,1,0,0,1739,1491
soc_trang,mild,Reactive+blindARQ,0,80.0,awd,0.02,2024,2160,1011,0,115.7084,80.0,2,2,2,0,0,0.0,0,1861,0.0,1,0,0,1739,1491
soc_trang,mild,Reactive+blindARQ,1,80.0,awd,0.02,2024,2160,1011,0,115.7069,80.0,2,4,2,2,0,0.0,0,1864,0.6086,1,0,0,1739,1493
soc_trang,mild,Reactive+blindARQ,2,80.0,awd,0.02,2024,2160,1011,0,115.7084,80.0,2,2,2,0,0,0.0,0,1857,0.0,1,0,0,1739,1491
soc_trang,mild,Reactive+blindARQ,3,80.0,awd,0.02,2024,2160,1011,0,115.7084,80.0,2,2,2,0,0,0.0,0,1824,0.0,1,0,0,1739,1491
soc_trang,mild,Reactive+blindARQ,4,80.0,awd,0.02,2024,2160,1011,0,115.7084,80.0,2,2,2,0,1,20.0,0,1831,0.0,1,0,0,1739,1491
soc_trang,mild,Reactive+blindARQ,5,80.0,awd,0.02,2024,2160,1011,0,115.7084,80.0,2,2,2,0,0,0.0,0,1826,0.0,1,0,0,1739,1491
soc_trang,mild,Reactive+blindARQ,6,80.0,awd,0.02,2024,2160,1011,0,115.7025,80.0,2,4,2,2,0,0.0,0,1835,0.9596,1,0,0,1739,1493
soc_trang,mild,Reactive+blindARQ,7,80.0,awd,0.02,2024,2160,1011,0,115.7084,80.0,2,2,2,0,1,20.0,0,1839,0.0,1,0,0,1739,1491
soc_trang,mild,Reactive+blindARQ,8,80.0,awd,0.02,2024,2160,1011,0,115.7084,80.0,2,2,2,0,0,0.0,0,1831,0.0,1,0,0,1739,1491
soc_trang,mild,Reactive+blindARQ,9,80.0,awd,0.02,2024,2160,1011,0,115.7084,80.0,2,2,2,0,0,0.0,0,1804,0.0,1,0,0,1739,1491
soc_trang,mild,FixedSchedule,0,80.0,awd,0.02,2024,2160,1178,0,139.3612,80.0,2,2,2,0,0,0.0,0,1861,0.0,1,0,0,1906,1623
soc_trang,mild,FixedSchedule,1,80.0,awd,0.02,2024,2160,1178,0,139.3612,80.0,2,2,2,0,0,0.0,0,1864,0.0,1,0,0,1906,1623
soc_trang,mild,FixedSchedule,2,80.0,awd,0.02,2024,2160,1178,0,139.3612,80.0,2,2,2,0,0,0.0,0,1857,0.0,1,0,0,1906,1623
soc_trang,mild,FixedSchedule,3,80.0,awd,0.02,2024,2160,1178,0,139.3612,80.0,2,2,2,0,0,0.0,0,1824,0.0,1,0,0,1906,1623
soc_trang,mild,FixedSchedule,4,80.0,awd,0.02,2024,2160,1178,0,139.3612,80.0,2,2,2,0,1,20.0,0,1831,0.0,1,0,0,1906,1623
soc_trang,mild,FixedSchedule,5,80.0,awd,0.02,2024,2160,1178,0,139.3612,80.0,2,2,2,0,0,0.0,0,1826,0.0,1,0,0,1906,1623
soc_trang,mild,FixedSchedule,6,80.0,awd,0.02,2024,2160,1178,0,139.3603,80.0,2,3,2,1,0,0.0,0,1835,5.4801,1,0,0,1906,1624
soc_trang,mild,FixedSchedule,7,80.0,awd,0.02,2024,2160,1178,0,139.3612,80.0,2,2,2,0,1,20.0,0,1839,0.0,1,0,0,1906,1623
soc_trang,mild,FixedSchedule,8,80.0,awd,0.02,2024,2160,1178,0,139.3612,80.0,2,2,2,0,0,0.0,0,1831,0.0,1,0,0,1906,1623
soc_trang,mild,FixedSchedule,9,80.0,awd,0.02,2024,2160,1178,0,139.3612,80.0,2,2,2,0,0,0.0,0,1804,0.0,1,0,0,1906,1623
soc_trang,mild,Oracle,0,80.0,awd,0.02,2024,2160,700,0,78.7493,80.0,4,6,4,2,0,0.0,0,1861,0.6086,5,4,0,1887,1683
soc_trang,mild,Oracle,1,80.0,awd,0.02,2024,2160,700,0,78.7493,80.0,4,4,4,0,1,20.0,0,1864,0.0,5,4,0,1885,1683
soc_trang,mild,Oracle,2,80.0,awd,0.02,2024,2160,700,0,78.7476,80.0,4,6,4,2,1,20.0,0,1857,0.6086,5,4,0,1887,1683
soc_trang,mild,Oracle,3,80.0,awd,0.02,2024,2160,700,0,78.7493,80.0,4,7,4,3,1,20.0,0,1824,0.8607,5,4,0,1888,1683
soc_trang,mild,Oracle,4,80.0,awd,0.02,2024,2160,700,0,78.7493,80.0,4,4,4,0,1,20.0,0,1831,0.0,5,4,0,1885,1683
soc_trang,mild,Oracle,5,80.0,awd,0.02,2024,2160,700,0,78.7493,80.0,4,4,4,0,1,20.0,0,1826,0.0,5,4,0,1885,1683
soc_trang,mild,Oracle,6,80.0,awd,0.02,2024,2160,700,0,78.7493,80.0,4,4,4,0,3,60.0,0,1835,0.0,5,4,0,1885,1683
soc_trang,mild,Oracle,7,80.0,awd,0.02,2024,2160,700,0,78.7493,80.0,4,5,4,1,1,20.0,0,1839,0.4303,5,4,0,1886,1683
soc_trang,mild,Oracle,8,80.0,awd,0.02,2024,2160,700,0,78.7493,80.0,4,4,4,0,0,0.0,0,1831,0.0,5,4,0,1885,1683
soc_trang,mild,Oracle,9,80.0,awd,0.02,2024,2160,700,0,78.7493,80.0,4,4,4,0,1,20.0,0,1804,0.0,5,4,0,1885,1683
soc_trang,mild,TwinGate+T2+centre,0,80.0,awd,0.02,2024,2160,896,0,104.4721,80.0,4,4,4,0,0,0.0,86,1861,0.0,3,0,2,1684,1484
soc_trang,mild,TwinGate+T2+centre,1,80.0,awd,0.02,2024,2160,892,0,103.7029,80.0,4,6,4,2,1,20.0,86,1864,0.6086,3,0,2,1692,1466
soc_trang,mild,TwinGate+T2+centre,2,80.0,awd,0.02,2024,2160,910,0,104.648,80.0,3,4,4,1,2,40.0,87,1857,0.0,3,0,2,1685,1453
soc_trang,mild,TwinGate+T2+centre,3,80.0,awd,0.02,2024,2160,910,0,104.648,80.0,3,4,4,1,2,40.0,87,1824,0.0,3,0,2,1685,1453
soc_trang,mild,TwinGate+T2+centre,4,80.0,awd,0.02,2024,2160,911,0,104.9143,80.0,3,4,4,1,1,20.0,87,1831,0.0,2,0,1,1677,1453
soc_trang,mild,TwinGate+T2+centre,5,80.0,awd,0.02,2024,2160,893,0,103.9057,80.0,4,6,4,2,1,20.0,86,1826,0.7453,3,0,2,1689,1472
soc_trang,mild,TwinGate+T2+centre,6,80.0,awd,0.02,2024,2160,910,0,104.6475,80.0,3,5,4,2,3,60.0,87,1835,0.4303,3,0,2,1685,1454
soc_trang,mild,TwinGate+T2+centre,7,80.0,awd,0.02,2024,2160,911,0,105.0336,80.0,3,5,4,2,2,40.0,87,1839,0.4276,2,0,1,1676,1450
soc_trang,mild,TwinGate+T2+centre,8,80.0,awd,0.02,2024,2160,896,0,104.4721,80.0,4,4,4,0,0,0.0,86,1831,0.0,3,0,2,1684,1484
soc_trang,mild,TwinGate+T2+centre,9,80.0,awd,0.02,2024,2160,893,0,103.9057,80.0,4,6,4,2,1,20.0,86,1804,1.2907,3,0,2,1689,1472
soc_trang,mild,TwinGate+T2,0,80.0,mid,0.05,2024,2160,840,0,95.3173,80.0,5,6,4,1,0,0.0,85,1861,0.6086,5,0,4,1789,1627
soc_trang,mild,TwinGate+T2,1,80.0,mid,0.05,2024,2160,868,0,100.3934,80.0,3,4,4,1,1,20.0,87,1864,0.0,4,0,3,1733,1527
soc_trang,mild,TwinGate+T2,2,80.0,mid,0.05,2024,2160,869,0,100.5031,80.0,3,4,4,1,2,40.0,87,1857,0.0,4,0,3,1731,1529
soc_trang,mild,TwinGate+T2,3,80.0,mid,0.05,2024,2160,869,0,100.5031,80.0,3,4,4,1,2,40.0,87,1824,0.0,4,0,3,1731,1529
soc_trang,mild,TwinGate+T2,4,80.0,mid,0.05,2024,2160,863,0,98.0752,80.0,4,5,4,1,1,20.0,86,1831,0.4303,5,0,4,1749,1592
soc_trang,mild,TwinGate+T2,5,80.0,mid,0.05,2024,2160,869,0,100.5031,80.0,3,4,4,1,1,20.0,87,1826,0.0,4,0,3,1731,1529
soc_trang,mild,TwinGate+T2,6,80.0,mid,0.05,2024,2160,868,0,100.0479,80.0,3,6,4,3,2,40.0,87,1835,0.6086,3,1,1,1739,1494
soc_trang,mild,TwinGate+T2,7,80.0,mid,0.05,2024,2160,868,0,100.0479,80.0,3,6,4,3,2,40.0,87,1839,0.6086,3,1,1,1739,1494
soc_trang,mild,TwinGate+T2,8,80.0,mid,0.05,2024,2160,863,0,98.0744,80.0,4,5,4,1,0,0.0,86,1831,0.4303,5,0,4,1750,1593
soc_trang,mild,TwinGate+T2,9,80.0,mid,0.05,2024,2160,863,0,98.0752,80.0,4,5,4,1,1,20.0,86,1804,0.4303,5,0,4,1749,1592
soc_trang,mild,TwinGate+blindARQ,0,80.0,mid,0.05,2024,2160,863,0,98.0725,80.0,4,6,4,2,0,0.0,86,1861,0.6086,5,0,4,1751,1594
soc_trang,mild,TwinGate+blindARQ,1,80.0,mid,0.05,2024,2160,868,0,100.3934,80.0,3,4,4,1,1,20.0,87,1864,0.0,4,0,3,1733,1527
soc_trang,mild,TwinGate+blindARQ,2,80.0,mid,0.05,2024,2160,917,0,107.2196,80.0,2,4,4,2,2,40.0,88,1857,0.0,3,0,2,1748,1527
soc_trang,mild,TwinGate+blindARQ,3,80.0,mid,0.05,2024,2160,917,0,107.2196,80.0,2,4,4,2,2,40.0,88,1824,0.0,3,0,2,1748,1527
soc_trang,mild,TwinGate+blindARQ,4,80.0,mid,0.05,2024,2160,868,0,100.1341,80.0,3,5,4,2,1,20.0,87,1831,0.4303,4,0,3,1749,1529
soc_trang,mild,TwinGate+blindARQ,5,80.0,mid,0.05,2024,2160,869,0,100.5031,80.0,3,4,4,1,1,20.0,87,1826,0.0,4,0,3,1731,1529
soc_trang,mild,TwinGate+blindARQ,6,80.0,mid,0.05,2024,2160,1058,0,120.5156,80.0,1,4,4,3,3,60.0,89,1835,0.0,2,0,1,1803,1547
soc_trang,mild,TwinGate+blindARQ,7,80.0,mid,0.05,2024,2160,887,0,101.5655,80.0,2,8,4,6,2,40.0,88,1839,1.3222,3,0,2,1739,1494
soc_trang,mild,TwinGate+blindARQ,8,80.0,mid,0.05,2024,2160,863,0,98.0744,80.0,4,5,4,1,0,0.0,86,1831,0.4303,5,0,4,1750,1593
soc_trang,mild,TwinGate+blindARQ,9,80.0,mid,0.05,2024,2160,869,0,100.4949,80.0,3,7,4,4,1,20.0,87,1804,0.7454,4,0,3,1732,1530
soc_trang,mild,Reactive+T2,0,80.0,mid,0.05,2024,2160,1011,0,115.7084,80.0,2,2,2,0,0,0.0,0,1861,0.0,1,0,0,1739,1491
soc_trang,mild,Reactive+T2,1,80.0,mid,0.05,2024,2160,1006,0,114.8763,80.0,3,4,2,1,0,0.0,0,1864,0.6086,2,0,1,1753,1513
soc_trang,mild,Reactive+T2,2,80.0,mid,0.05,2024,2160,1011,0,115.7084,80.0,2,2,2,0,0,0.0,0,1857,0.0,1,0,0,1739,1491
soc_trang,mild,Reactive+T2,3,80.0,mid,0.05,2024,2160,1011,0,115.7084,80.0,2,2,2,0,0,0.0,0,1824,0.0,1,0,0,1739,1491
soc_trang,mild,Reactive+T2,4,80.0,mid,0.05,2024,2160,1011,0,115.7084,80.0,2,2,2,0,1,20.0,0,1831,0.0,1,0,0,1739,1491
soc_trang,mild,Reactive+T2,5,80.0,mid,0.05,2024,2160,1011,0,115.7084,80.0,2,2,2,0,0,0.0,0,1826,0.0,1,0,0,1739,1491
soc_trang,mild,Reactive+T2,6,80.0,mid,0.05,2024,2160,1011,0,115.7025,80.0,2,4,2,2,0,0.0,0,1835,0.9596,1,0,0,1739,1493
soc_trang,mild,Reactive+T2,7,80.0,mid,0.05,2024,2160,1011,0,115.7084,80.0,2,2,2,0,1,20.0,0,1839,0.0,1,0,0,1739,1491
soc_trang,mild,Reactive+T2,8,80.0,mid,0.05,2024,2160,1011,0,115.7084,80.0,2,2,2,0,0,0.0,0,1831,0.0,1,0,0,1739,1491
soc_trang,mild,Reactive+T2,9,80.0,mid,0.05,2024,2160,1011,0,115.7084,80.0,2,2,2,0,0,0.0,0,1804,0.0,1,0,0,1739,1491
soc_trang,mild,Reactive+blindARQ,0,80.0,mid,0.05,2024,2160,1011,0,115.7084,80.0,2,2,2,0,0,0.0,0,1861,0.0,1,0,0,1739,1491
soc_trang,mild,Reactive+blindARQ,1,80.0,mid,0.05,2024,2160,1011,0,115.7069,80.0,2,4,2,2,0,0.0,0,1864,0.6086,1,0,0,1739,1493
soc_trang,mild,Reactive+blindARQ,2,80.0,mid,0.05,2024,2160,1011,0,115.7084,80.0,2,2,2,0,0,0.0,0,1857,0.0,1,0,0,1739,1491
soc_trang,mild,Reactive+blindARQ,3,80.0,mid,0.05,2024,2160,1011,0,115.7084,80.0,2,2,2,0,0,0.0,0,1824,0.0,1,0,0,1739,1491
soc_trang,mild,Reactive+blindARQ,4,80.0,mid,0.05,2024,2160,1011,0,115.7084,80.0,2,2,2,0,1,20.0,0,1831,0.0,1,0,0,1739,1491
soc_trang,mild,Reactive+blindARQ,5,80.0,mid,0.05,2024,2160,1011,0,115.7084,80.0,2,2,2,0,0,0.0,0,1826,0.0,1,0,0,1739,1491
soc_trang,mild,Reactive+blindARQ,6,80.0,mid,0.05,2024,2160,1011,0,115.7025,80.0,2,4,2,2,0,0.0,0,1835,0.9596,1,0,0,1739,1493
soc_trang,mild,Reactive+blindARQ,7,80.0,mid,0.05,2024,2160,1011,0,115.7084,80.0,2,2,2,0,1,20.0,0,1839,0.0,1,0,0,1739,1491
soc_trang,mild,Reactive+blindARQ,8,80.0,mid,0.05,2024,2160,1011,0,115.7084,80.0,2,2,2,0,0,0.0,0,1831,0.0,1,0,0,1739,1491
soc_trang,mild,Reactive+blindARQ,9,80.0,mid,0.05,2024,2160,1011,0,115.7084,80.0,2,2,2,0,0,0.0,0,1804,0.0,1,0,0,1739,1491
soc_trang,mild,FixedSchedule,0,80.0,mid,0.05,2024,2160,1178,0,139.3612,80.0,2,2,2,0,0,0.0,0,1861,0.0,1,0,0,1906,1623
soc_trang,mild,FixedSchedule,1,80.0,mid,0.05,2024,2160,1178,0,139.3612,80.0,2,2,2,0,0,0.0,0,1864,0.0,1,0,0,1906,1623
soc_trang,mild,FixedSchedule,2,80.0,mid,0.05,2024,2160,1178,0,139.3612,80.0,2,2,2,0,0,0.0,0,1857,0.0,1,0,0,1906,1623
soc_trang,mild,FixedSchedule,3,80.0,mid,0.05,2024,2160,1178,0,139.3612,80.0,2,2,2,0,0,0.0,0,1824,0.0,1,0,0,1906,1623
soc_trang,mild,FixedSchedule,4,80.0,mid,0.05,2024,2160,1178,0,139.3612,80.0,2,2,2,0,1,20.0,0,1831,0.0,1,0,0,1906,1623
soc_trang,mild,FixedSchedule,5,80.0,mid,0.05,2024,2160,1178,0,139.3612,80.0,2,2,2,0,0,0.0,0,1826,0.0,1,0,0,1906,1623
soc_trang,mild,FixedSchedule,6,80.0,mid,0.05,2024,2160,1178,0,139.3603,80.0,2,3,2,1,0,0.0,0,1835,5.4801,1,0,0,1906,1624
soc_trang,mild,FixedSchedule,7,80.0,mid,0.05,2024,2160,1178,0,139.3612,80.0,2,2,2,0,1,20.0,0,1839,0.0,1,0,0,1906,1623
soc_trang,mild,FixedSchedule,8,80.0,mid,0.05,2024,2160,1178,0,139.3612,80.0,2,2,2,0,0,0.0,0,1831,0.0,1,0,0,1906,1623
soc_trang,mild,FixedSchedule,9,80.0,mid,0.05,2024,2160,1178,0,139.3612,80.0,2,2,2,0,0,0.0,0,1804,0.0,1,0,0,1906,1623
soc_trang,mild,Oracle,0,80.0,mid,0.05,2024,2160,700,0,78.7493,80.0,4,6,4,2,0,0.0,0,1861,0.6086,5,4,0,1887,1683
soc_trang,mild,Oracle,1,80.0,mid,0.05,2024,2160,700,0,78.7493,80.0,4,4,4,0,1,20.0,0,1864,0.0,5,4,0,1885,1683
soc_trang,mild,Oracle,2,80.0,mid,0.05,2024,2160,700,0,78.7476,80.0,4,6,4,2,1,20.0,0,1857,0.6086,5,4,0,1887,1683
soc_trang,mild,Oracle,3,80.0,mid,0.05,2024,2160,700,0,78.7493,80.0,4,7,4,3,1,20.0,0,1824,0.8607,5,4,0,1888,1683
soc_trang,mild,Oracle,4,80.0,mid,0.05,2024,2160,700,0,78.7493,80.0,4,4,4,0,1,20.0,0,1831,0.0,5,4,0,1885,1683
soc_trang,mild,Oracle,5,80.0,mid,0.05,2024,2160,700,0,78.7493,80.0,4,4,4,0,1,20.0,0,1826,0.0,5,4,0,1885,1683
soc_trang,mild,Oracle,6,80.0,mid,0.05,2024,2160,700,0,78.7493,80.0,4,4,4,0,3,60.0,0,1835,0.0,5,4,0,1885,1683
soc_trang,mild,Oracle,7,80.0,mid,0.05,2024,2160,700,0,78.7493,80.0,4,5,4,1,1,20.0,0,1839,0.4303,5,4,0,1886,1683
soc_trang,mild,Oracle,8,80.0,mid,0.05,2024,2160,700,0,78.7493,80.0,4,4,4,0,0,0.0,0,1831,0.0,5,4,0,1885,1683
soc_trang,mild,Oracle,9,80.0,mid,0.05,2024,2160,700,0,78.7493,80.0,4,4,4,0,1,20.0,0,1804,0.0,5,4,0,1885,1683
soc_trang,mild,TwinGate+T2+centre,0,80.0,mid,0.05,2024,2160,896,0,104.4721,80.0,4,4,4,0,0,0.0,86,1861,0.0,3,0,2,1684,1484
soc_trang,mild,TwinGate+T2+centre,1,80.0,mid,0.05,2024,2160,892,0,103.7029,80.0,4,6,4,2,1,20.0,86,1864,0.6086,3,0,2,1692,1466
soc_trang,mild,TwinGate+T2+centre,2,80.0,mid,0.05,2024,2160,910,0,104.648,80.0,3,4,4,1,2,40.0,87,1857,0.0,3,0,2,1685,1453
soc_trang,mild,TwinGate+T2+centre,3,80.0,mid,0.05,2024,2160,910,0,104.648,80.0,3,4,4,1,2,40.0,87,1824,0.0,3,0,2,1685,1453
soc_trang,mild,TwinGate+T2+centre,4,80.0,mid,0.05,2024,2160,911,0,104.9143,80.0,3,4,4,1,1,20.0,87,1831,0.0,2,0,1,1677,1453
soc_trang,mild,TwinGate+T2+centre,5,80.0,mid,0.05,2024,2160,893,0,103.9057,80.0,4,6,4,2,1,20.0,86,1826,0.7453,3,0,2,1689,1472
soc_trang,mild,TwinGate+T2+centre,6,80.0,mid,0.05,2024,2160,910,0,104.6475,80.0,3,5,4,2,3,60.0,87,1835,0.4303,3,0,2,1685,1454
soc_trang,mild,TwinGate+T2+centre,7,80.0,mid,0.05,2024,2160,911,0,105.0336,80.0,3,5,4,2,2,40.0,87,1839,0.4276,2,0,1,1676,1450
soc_trang,mild,TwinGate+T2+centre,8,80.0,mid,0.05,2024,2160,896,0,104.4721,80.0,4,4,4,0,0,0.0,86,1831,0.0,3,0,2,1684,1484
soc_trang,mild,TwinGate+T2+centre,9,80.0,mid,0.05,2024,2160,893,0,103.9057,80.0,4,6,4,2,1,20.0,86,1804,1.2907,3,0,2,1689,1472
soc_trang,mild,TwinGate+T2,0,80.0,narrow,0.1,2024,2160,869,0,100.7395,80.0,4,4,4,0,0,0.0,86,1861,0.0,5,0,4,1737,1558
soc_trang,mild,TwinGate+T2,1,80.0,narrow,0.1,2024,2160,890,0,102.5904,80.0,3,4,4,1,1,20.0,87,1864,0.0,4,0,3,1723,1502
soc_trang,mild,TwinGate+T2,2,80.0,narrow,0.1,2024,2160,890,0,102.5875,80.0,3,5,4,2,2,40.0,87,1857,0.4303,4,0,3,1724,1503
soc_trang,mild,TwinGate+T2,3,80.0,narrow,0.1,2024,2160,890,0,102.8164,80.0,3,4,4,1,2,40.0,87,1824,0.0,4,0,3,1705,1499
soc_trang,mild,TwinGate+T2,4,80.0,narrow,0.1,2024,2160,891,0,103.1664,80.0,3,4,4,1,1,20.0,87,1831,0.0,4,0,3,1703,1499
soc_trang,mild,TwinGate+T2,5,80.0,narrow,0.1,2024,2160,890,0,102.8164,80.0,3,4,4,1,1,20.0,87,1826,0.0,4,0,3,1705,1499
soc_trang,mild,TwinGate+T2,6,80.0,narrow,0.1,2024,2160,895,0,104.3837,80.0,2,4,4,2,3,60.0,88,1835,0.0,3,0,2,1685,1460
soc_trang,mild,TwinGate+T2,7,80.0,narrow,0.1,2024,2160,890,0,102.8142,80.0,2,4,4,2,2,40.0,88,1839,0.0,3,0,2,1715,1469
soc_trang,mild,TwinGate+T2,8,80.0,narrow,0.1,2024,2160,888,0,101.8545,80.0,4,4,4,0,0,0.0,86,1831,0.0,5,0,4,1733,1538
soc_trang,mild,TwinGate+T2,9,80.0,narrow,0.1,2024,2160,890,0,102.8164,80.0,3,4,4,1,1,20.0,87,1804,0.0,4,0,3,1705,1499
soc_trang,mild,TwinGate+blindARQ,0,80.0,narrow,0.1,2024,2160,869,0,100.7395,80.0,4,4,4,0,0,0.0,86,1861,0.0,5,0,4,1737,1558
soc_trang,mild,TwinGate+blindARQ,1,80.0,narrow,0.1,2024,2160,890,0,102.5904,80.0,3,4,4,1,1,20.0,87,1864,0.0,4,0,3,1723,1502
soc_trang,mild,TwinGate+blindARQ,2,80.0,narrow,0.1,2024,2160,959,0,109.9362,80.0,2,7,4,5,2,40.0,88,1857,0.63,3,0,2,1740,1495
soc_trang,mild,TwinGate+blindARQ,3,80.0,narrow,0.1,2024,2160,959,0,109.9556,80.0,2,4,4,2,2,40.0,88,1824,0.0,3,0,2,1739,1494
soc_trang,mild,TwinGate+blindARQ,4,80.0,narrow,0.1,2024,2160,891,0,103.1664,80.0,3,4,4,1,1,20.0,87,1831,0.0,4,0,3,1703,1499
soc_trang,mild,TwinGate+blindARQ,5,80.0,narrow,0.1,2024,2160,890,0,102.8164,80.0,3,4,4,1,1,20.0,87,1826,0.0,4,0,3,1705,1499
soc_trang,mild,TwinGate+blindARQ,6,80.0,narrow,0.1,2024,2160,1082,0,124.3348,80.0,1,4,4,3,3,60.0,89,1835,0.0,2,0,1,1803,1548
soc_trang,mild,TwinGate+blindARQ,7,80.0,narrow,0.1,2024,2160,890,0,102.8142,80.0,2,4,4,2,2,40.0,88,1839,0.0,3,0,2,1715,1469
soc_trang,mild,TwinGate+blindARQ,8,80.0,narrow,0.1,2024,2160,888,0,101.8545,80.0,4,4,4,0,0,0.0,86,1831,0.0,5,0,4,1733,1538
soc_trang,mild,TwinGate+blindARQ,9,80.0,narrow,0.1,2024,2160,890,0,102.8164,80.0,3,4,4,1,1,20.0,87,1804,0.0,4,0,3,1705,1499
soc_trang,mild,Reactive+T2,0,80.0,narrow,0.1,2024,2160,1011,0,115.7084,80.0,2,2,2,0,0,0.0,0,1861,0.0,1,0,0,1739,1491
soc_trang,mild,Reactive+T2,1,80.0,narrow,0.1,2024,2160,1006,0,114.8763,80.0,3,4,2,1,0,0.0,0,1864,0.6086,2,0,1,1753,1513
soc_trang,mild,Reactive+T2,2,80.0,narrow,0.1,2024,2160,1011,0,115.7084,80.0,2,2,2,0,0,0.0,0,1857,0.0,1,0,0,1739,1491
soc_trang,mild,Reactive+T2,3,80.0,narrow,0.1,2024,2160,1011,0,115.7084,80.0,2,2,2,0,0,0.0,0,1824,0.0,1,0,0,1739,1491
soc_trang,mild,Reactive+T2,4,80.0,narrow,0.1,2024,2160,1011,0,115.7084,80.0,2,2,2,0,1,20.0,0,1831,0.0,1,0,0,1739,1491
soc_trang,mild,Reactive+T2,5,80.0,narrow,0.1,2024,2160,1011,0,115.7084,80.0,2,2,2,0,0,0.0,0,1826,0.0,1,0,0,1739,1491
soc_trang,mild,Reactive+T2,6,80.0,narrow,0.1,2024,2160,1011,0,115.7025,80.0,2,4,2,2,0,0.0,0,1835,0.9596,1,0,0,1739,1493
soc_trang,mild,Reactive+T2,7,80.0,narrow,0.1,2024,2160,1011,0,115.7084,80.0,2,2,2,0,1,20.0,0,1839,0.0,1,0,0,1739,1491
soc_trang,mild,Reactive+T2,8,80.0,narrow,0.1,2024,2160,1011,0,115.7084,80.0,2,2,2,0,0,0.0,0,1831,0.0,1,0,0,1739,1491
soc_trang,mild,Reactive+T2,9,80.0,narrow,0.1,2024,2160,1011,0,115.7084,80.0,2,2,2,0,0,0.0,0,1804,0.0,1,0,0,1739,1491
soc_trang,mild,Reactive+blindARQ,0,80.0,narrow,0.1,2024,2160,1011,0,115.7084,80.0,2,2,2,0,0,0.0,0,1861,0.0,1,0,0,1739,1491
soc_trang,mild,Reactive+blindARQ,1,80.0,narrow,0.1,2024,2160,1011,0,115.7069,80.0,2,4,2,2,0,0.0,0,1864,0.6086,1,0,0,1739,1493
soc_trang,mild,Reactive+blindARQ,2,80.0,narrow,0.1,2024,2160,1011,0,115.7084,80.0,2,2,2,0,0,0.0,0,1857,0.0,1,0,0,1739,1491
soc_trang,mild,Reactive+blindARQ,3,80.0,narrow,0.1,2024,2160,1011,0,115.7084,80.0,2,2,2,0,0,0.0,0,1824,0.0,1,0,0,1739,1491
soc_trang,mild,Reactive+blindARQ,4,80.0,narrow,0.1,2024,2160,1011,0,115.7084,80.0,2,2,2,0,1,20.0,0,1831,0.0,1,0,0,1739,1491
soc_trang,mild,Reactive+blindARQ,5,80.0,narrow,0.1,2024,2160,1011,0,115.7084,80.0,2,2,2,0,0,0.0,0,1826,0.0,1,0,0,1739,1491
soc_trang,mild,Reactive+blindARQ,6,80.0,narrow,0.1,2024,2160,1011,0,115.7025,80.0,2,4,2,2,0,0.0,0,1835,0.9596,1,0,0,1739,1493
soc_trang,mild,Reactive+blindARQ,7,80.0,narrow,0.1,2024,2160,1011,0,115.7084,80.0,2,2,2,0,1,20.0,0,1839,0.0,1,0,0,1739,1491
soc_trang,mild,Reactive+blindARQ,8,80.0,narrow,0.1,2024,2160,1011,0,115.7084,80.0,2,2,2,0,0,0.0,0,1831,0.0,1,0,0,1739,1491
soc_trang,mild,Reactive+blindARQ,9,80.0,narrow,0.1,2024,2160,1011,0,115.7084,80.0,2,2,2,0,0,0.0,0,1804,0.0,1,0,0,1739,1491
soc_trang,mild,FixedSchedule,0,80.0,narrow,0.1,2024,2160,1178,0,139.3612,80.0,2,2,2,0,0,0.0,0,1861,0.0,1,0,0,1906,1623
soc_trang,mild,FixedSchedule,1,80.0,narrow,0.1,2024,2160,1178,0,139.3612,80.0,2,2,2,0,0,0.0,0,1864,0.0,1,0,0,1906,1623
soc_trang,mild,FixedSchedule,2,80.0,narrow,0.1,2024,2160,1178,0,139.3612,80.0,2,2,2,0,0,0.0,0,1857,0.0,1,0,0,1906,1623
soc_trang,mild,FixedSchedule,3,80.0,narrow,0.1,2024,2160,1178,0,139.3612,80.0,2,2,2,0,0,0.0,0,1824,0.0,1,0,0,1906,1623
soc_trang,mild,FixedSchedule,4,80.0,narrow,0.1,2024,2160,1178,0,139.3612,80.0,2,2,2,0,1,20.0,0,1831,0.0,1,0,0,1906,1623
soc_trang,mild,FixedSchedule,5,80.0,narrow,0.1,2024,2160,1178,0,139.3612,80.0,2,2,2,0,0,0.0,0,1826,0.0,1,0,0,1906,1623
soc_trang,mild,FixedSchedule,6,80.0,narrow,0.1,2024,2160,1178,0,139.3603,80.0,2,3,2,1,0,0.0,0,1835,5.4801,1,0,0,1906,1624
soc_trang,mild,FixedSchedule,7,80.0,narrow,0.1,2024,2160,1178,0,139.3612,80.0,2,2,2,0,1,20.0,0,1839,0.0,1,0,0,1906,1623
soc_trang,mild,FixedSchedule,8,80.0,narrow,0.1,2024,2160,1178,0,139.3612,80.0,2,2,2,0,0,0.0,0,1831,0.0,1,0,0,1906,1623
soc_trang,mild,FixedSchedule,9,80.0,narrow,0.1,2024,2160,1178,0,139.3612,80.0,2,2,2,0,0,0.0,0,1804,0.0,1,0,0,1906,1623
soc_trang,mild,Oracle,0,80.0,narrow,0.1,2024,2160,700,0,78.7493,80.0,4,6,4,2,0,0.0,0,1861,0.6086,5,4,0,1887,1683
soc_trang,mild,Oracle,1,80.0,narrow,0.1,2024,2160,700,0,78.7493,80.0,4,4,4,0,1,20.0,0,1864,0.0,5,4,0,1885,1683
soc_trang,mild,Oracle,2,80.0,narrow,0.1,2024,2160,700,0,78.7476,80.0,4,6,4,2,1,20.0,0,1857,0.6086,5,4,0,1887,1683
soc_trang,mild,Oracle,3,80.0,narrow,0.1,2024,2160,700,0,78.7493,80.0,4,7,4,3,1,20.0,0,1824,0.8607,5,4,0,1888,1683
soc_trang,mild,Oracle,4,80.0,narrow,0.1,2024,2160,700,0,78.7493,80.0,4,4,4,0,1,20.0,0,1831,0.0,5,4,0,1885,1683
soc_trang,mild,Oracle,5,80.0,narrow,0.1,2024,2160,700,0,78.7493,80.0,4,4,4,0,1,20.0,0,1826,0.0,5,4,0,1885,1683
soc_trang,mild,Oracle,6,80.0,narrow,0.1,2024,2160,700,0,78.7493,80.0,4,4,4,0,3,60.0,0,1835,0.0,5,4,0,1885,1683
soc_trang,mild,Oracle,7,80.0,narrow,0.1,2024,2160,700,0,78.7493,80.0,4,5,4,1,1,20.0,0,1839,0.4303,5,4,0,1886,1683
soc_trang,mild,Oracle,8,80.0,narrow,0.1,2024,2160,700,0,78.7493,80.0,4,4,4,0,0,0.0,0,1831,0.0,5,4,0,1885,1683
soc_trang,mild,Oracle,9,80.0,narrow,0.1,2024,2160,700,0,78.7493,80.0,4,4,4,0,1,20.0,0,1804,0.0,5,4,0,1885,1683
soc_trang,mild,TwinGate+T2+centre,0,80.0,narrow,0.1,2024,2160,869,0,100.7395,80.0,4,4,4,0,0,0.0,86,1861,0.0,5,0,4,1737,1558
soc_trang,mild,TwinGate+T2+centre,1,80.0,narrow,0.1,2024,2160,890,0,102.5904,80.0,3,4,4,1,1,20.0,87,1864,0.0,4,0,3,1723,1502
soc_trang,mild,TwinGate+T2+centre,2,80.0,narrow,0.1,2024,2160,890,0,102.5875,80.0,3,5,4,2,2,40.0,87,1857,0.4303,4,0,3,1724,1503
soc_trang,mild,TwinGate+T2+centre,3,80.0,narrow,0.1,2024,2160,890,0,102.8164,80.0,3,4,4,1,2,40.0,87,1824,0.0,4,0,3,1705,1499
soc_trang,mild,TwinGate+T2+centre,4,80.0,narrow,0.1,2024,2160,891,0,103.1664,80.0,3,4,4,1,1,20.0,87,1831,0.0,4,0,3,1703,1499
soc_trang,mild,TwinGate+T2+centre,5,80.0,narrow,0.1,2024,2160,890,0,102.8164,80.0,3,4,4,1,1,20.0,87,1826,0.0,4,0,3,1705,1499
soc_trang,mild,TwinGate+T2+centre,6,80.0,narrow,0.1,2024,2160,895,0,104.3837,80.0,2,4,4,2,3,60.0,88,1835,0.0,3,0,2,1685,1460
soc_trang,mild,TwinGate+T2+centre,7,80.0,narrow,0.1,2024,2160,890,0,102.8142,80.0,2,4,4,2,2,40.0,88,1839,0.0,3,0,2,1715,1469
soc_trang,mild,TwinGate+T2+centre,8,80.0,narrow,0.1,2024,2160,888,0,101.8545,80.0,4,4,4,0,0,0.0,86,1831,0.0,5,0,4,1733,1538
soc_trang,mild,TwinGate+T2+centre,9,80.0,narrow,0.1,2024,2160,890,0,102.8164,80.0,3,4,4,1,1,20.0,87,1804,0.0,4,0,3,1705,1499
soc_trang,mild,TwinGate+T2,0,160.0,awd,0.02,2024,2160,241,0,14.7067,160.0,8,9,8,1,0,0.0,82,1861,0.6086,9,8,0,1765,1683
soc_trang,mild,TwinGate+T2,1,160.0,awd,0.02,2024,2160,289,0,20.8498,160.0,8,11,8,3,1,20.0,82,1864,0.8606,8,7,0,1707,1598
soc_trang,mild,TwinGate+T2,2,160.0,awd,0.02,2024,2160,336,0,27.0264,160.0,6,9,8,3,4,80.0,84,1857,0.4303,7,6,0,1670,1540
soc_trang,mild,TwinGate+T2,3,160.0,awd,0.02,2024,2160,336,0,26.8799,160.0,6,9,8,3,4,80.0,84,1824,0.4303,7,6,0,1668,1542
soc_trang,mild,TwinGate+T2,4,160.0,awd,0.02,2024,2160,289,0,20.7419,160.0,7,10,8,3,2,40.0,83,1831,0.6086,8,7,0,1711,1600
soc_trang,mild,TwinGate+T2,5,160.0,awd,0.02,2024,2160,336,0,27.0164,160.0,7,10,8,3,3,60.0,83,1826,0.7451,7,6,0,1671,1534
soc_trang,mild,TwinGate+T2,6,160.0,awd,0.02,2024,2160,385,0,33.6198,160.0,5,8,8,3,5,100.0,85,1835,0.0,6,5,0,1606,1442
soc_trang,mild,TwinGate+T2,7,160.0,awd,0.02,2024,2160,288,0,20.4475,160.0,9,14,8,5,2,40.0,81,1839,1.0541,8,7,0,1693,1597
soc_trang,mild,TwinGate+T2,8,160.0,awd,0.02,2024,2160,288,0,20.4986,160.0,8,11,8,3,1,20.0,82,1831,0.7454,8,7,0,1711,1600
soc_trang,mild,TwinGate+T2,9,160.0,awd,0.02,2024,2160,275,0,16.9128,160.0,10,16,8,6,2,40.0,80,1804,1.6661,8,7,0,1718,1602
soc_trang,mild,TwinGate+blindARQ,0,160.0,awd,0.02,2024,2160,241,0,14.7067,160.0,8,9,8,1,0,0.0,82,1861,0.6086,9,8,0,1765,1683
soc_trang,mild,TwinGate+blindARQ,1,160.0,awd,0.02,2024,2160,289,0,20.8562,160.0,7,14,8,7,1,20.0,83,1864,1.7589,8,7,0,1726,1599
soc_trang,mild,TwinGate+blindARQ,2,160.0,awd,0.02,2024,2160,576,0,59.9676,160.0,3,8,8,5,5,100.0,87,1857,0.0,4,3,0,1589,1398
soc_trang,mild,TwinGate+blindARQ,3,160.0,awd,0.02,2024,2160,460,0,43.7883,160.0,4,11,8,7,4,80.0,86,1824,0.8607,5,4,0,1561,1401
soc_trang,mild,TwinGate+blindARQ,4,160.0,awd,0.02,2024,2160,335,0,26.7601,160.0,6,11,8,5,2,40.0,84,1831,0.7454,7,6,0,1656,1540
soc_trang,mild,TwinGate+blindARQ,5,160.0,awd,0.02,2024,2160,386,0,33.7103,160.0,5,10,8,5,3,60.0,85,1826,0.7451,6,5,0,1633,1484
soc_trang,mild,TwinGate+blindARQ,6,160.0,awd,0.02,2024,2160,596,0,62.8467,160.0,3,12,8,9,5,100.0,87,1835,0.4303,4,3,0,1587,1380
soc_trang,mild,TwinGate+blindARQ,7,160.0,awd,0.02,2024,2160,385,0,33.619,160.0,5,12,8,7,3,60.0,85,1839,0.8607,6,5,0,1608,1444
soc_trang,mild,TwinGate+blindARQ,8,160.0,awd,0.02,2024,2160,289,0,20.7904,160.0,7,12,8,5,1,20.0,83,1831,0.8607,8,7,0,1713,1600
soc_trang,mild,TwinGate+blindARQ,9,160.0,awd,0.02,2024,2160,336,0,26.9974,160.0,6,17,8,11,2,40.0,84,1804,2.0132,7,6,0,1684,1556
soc_trang,mild,Reactive+T2,0,160.0,awd,0.02,2024,2160,746,0,83.9252,160.0,3,3,3,0,0,0.0,0,1861,0.0,2,0,1,1485,1277
soc_trang,mild,Reactive+T2,1,160.0,awd,0.02,2024,2160,721,0,80.6928,160.0,4,5,3,1,0,0.0,0,1864,1.2646,3,0,2,1478,1264
soc_trang,mild,Reactive+T2,2,160.0,awd,0.02,2024,2160,746,0,83.9208,160.0,3,4,3,1,0,0.0,0,1857,0.8607,2,0,1,1486,1278
soc_trang,mild,Reactive+T2,3,160.0,awd,0.02,2024,2160,746,0,83.9252,160.0,3,3,3,0,1,40.0,0,1824,0.0,2,0,1,1485,1277
soc_trang,mild,Reactive+T2,4,160.0,awd,0.02,2024,2160,913,0,105.6118,160.0,2,3,3,1,1,60.0,0,1831,0.0,1,0,0,1666,1418
soc_trang,mild,Reactive+T2,5,160.0,awd,0.02,2024,2160,746,0,83.9252,160.0,3,3,3,0,1,40.0,0,1826,0.0,2,0,1,1485,1277
soc_trang,mild,Reactive+T2,6,160.0,awd,0.02,2024,2160,746,0,83.9217,160.0,3,5,3,2,1,40.0,0,1835,1.2388,2,0,1,1485,1279
soc_trang,mild,Reactive+T2,7,160.0,awd,0.02,2024,2160,746,0,83.9252,160.0,3,4,3,1,1,60.0,0,1839,0.0002,2,0,1,1485,1277
soc_trang,mild,Reactive+T2,8,160.0,awd,0.02,2024,2160,746,0,83.9252,160.0,3,3,3,0,0,0.0,0,1831,0.0,2,0,1,1485,1277
soc_trang,mild,Reactive+T2,9,160.0,awd,0.02,2024,2160,746,0,83.9252,160.0,3,3,3,0,1,40.0,0,1804,0.0,2,0,1,1485,1277
soc_trang,mild,Reactive+blindARQ,0,160.0,awd,0.02,2024,2160,746,0,83.9252,160.0,3,3,3,0,0,0.0,0,1861,0.0,2,0,1,1485,1277
soc_trang,mild,Reactive+blindARQ,1,160.0,awd,0.02,2024,2160,746,0,83.9149,160.0,3,6,3,3,0,0.0,0,1864,1.5297,2,0,1,1486,1279
soc_trang,mild,Reactive+blindARQ,2,160.0,awd,0.02,2024,2160,746,0,83.9208,160.0,3,4,3,1,0,0.0,0,1857,0.8607,2,0,1,1486,1278
soc_trang,mild,Reactive+blindARQ,3,160.0,awd,0.02,2024,2160,746,0,83.9252,160.0,3,3,3,0,1,40.0,0,1824,0.0,2,0,1,1485,1277
soc_trang,mild,Reactive+blindARQ,4,160.0,awd,0.02,2024,2160,913,0,105.6118,160.0,2,3,3,1,1,60.0,0,1831,0.0,1,0,0,1666,1418
soc_trang,mild,Reactive+blindARQ,5,160.0,awd,0.02,2024,2160,746,0,83.9252,160.0,3,3,3,0,1,40.0,0,1826,0.0,2,0,1,1485,1277
soc_trang,mild,Reactive+blindARQ,6,160.0,awd,0.02,2024,2160,913,0,105.5974,160.0,2,7,3,5,1,60.0,0,1835,1.215,1,0,0,1666,1420
soc_trang,mild,Reactive+blindARQ,7,160.0,awd,0.02,2024,2160,913,0,105.6065,160.0,2,4,3,2,1,60.0,0,1839,0.0002,1,0,0,1666,1418
soc_trang,mild,Reactive+blindARQ,8,160.0,awd,0.02,2024,2160,746,0,83.9252,160.0,3,3,3,0,0,0.0,0,1831,0.0,2,0,1,1485,1277
soc_trang,mild,Reactive+blindARQ,9,160.0,awd,0.02,2024,2160,746,0,83.9252,160.0,3,3,3,0,1,40.0,0,1804,0.0,2,0,1,1485,1277
soc_trang,mild,FixedSchedule,0,160.0,awd,0.02,2024,2160,961,0,110.8436,160.0,3,3,3,0,0,0.0,0,1861,0.0,1,0,0,1703,1445
soc_trang,mild,FixedSchedule,1,160.0,awd,0.02,2024,2160,961,0,110.8436,160.0,3,3,3,0,0,0.0,0,1864,0.0,1,0,0,1703,1445
soc_trang,mild,FixedSchedule,2,160.0,awd,0.02,2024,2160,961,0,110.8413,160.0,3,4,3,1,0,0.0,0,1857,1.0103,1,0,0,1702,1446
soc_trang,mild,FixedSchedule,3,160.0,awd,0.02,2024,2160,961,0,110.8436,160.0,3,3,3,0,1,40.0,0,1824,0.0,1,0,0,1703,1445
soc_trang,mild,FixedSchedule,4,160.0,awd,0.02,2024,2160,1106,0,128.1042,160.0,2,3,3,1,1,60.0,0,1831,0.0,1,0,0,1815,1550
soc_trang,mild,FixedSchedule,5,160.0,awd,0.02,2024,2160,961,0,110.8436,160.0,3,3,3,0,1,40.0,0,1826,0.0,1,0,0,1703,1445
soc_trang,mild,FixedSchedule,6,160.0,awd,0.02,2024,2160,1106,0,128.0976,160.0,2,4,3,2,1,60.0,0,1835,0.8566,1,0,0,1815,1551
soc_trang,mild,FixedSchedule,7,160.0,awd,0.02,2024,2160,1106,0,128.1042,160.0,2,3,3,1,1,60.0,0,1839,0.0,1,0,0,1815,1550
soc_trang,mild,FixedSchedule,8,160.0,awd,0.02,2024,2160,961,0,110.8436,160.0,3,3,3,0,0,0.0,0,1831,0.0,1,0,0,1703,1445
soc_trang,mild,FixedSchedule,9,160.0,awd,0.02,2024,2160,961,0,110.8436,160.0,3,3,3,0,1,40.0,0,1804,0.0,1,0,0,1703,1445
soc_trang,mild,Oracle,0,160.0,awd,0.02,2024,2160,216,0,11.7735,160.0,8,11,8,3,0,0.0,0,1861,0.7454,9,8,0,1796,1683
soc_trang,mild,Oracle,1,160.0,awd,0.02,2024,2160,216,0,11.7736,160.0,8,8,8,0,1,20.0,0,1864,0.0,9,8,0,1793,1683
soc_trang,mild,Oracle,2,160.0,awd,0.02,2024,2160,216,0,11.7715,160.0,8,11,8,3,3,60.0,0,1857,0.7454,9,8,0,1796,1683
soc_trang,mild,Oracle,3,160.0,awd,0.02,2024,2160,216,0,11.7736,160.0,8,11,8,3,3,60.0,0,1824,0.8607,9,8,0,1796,1683
soc_trang,mild,Oracle,4,160.0,awd,0.02,2024,2160,216,0,11.7736,160.0,8,8,8,0,2,40.0,0,1831,0.0,9,8,0,1793,1683
soc_trang,mild,Oracle,5,160.0,awd,0.02,2024,2160,216,0,11.7736,160.0,8,8,8,0,3,60.0,0,1826,0.0,9,8,0,1793,1683
soc_trang,mild,Oracle,6,160.0,awd,0.02,2024,2160,216,0,11.7736,160.0,8,8,8,0,5,100.0,0,1835,0.0,9,8,0,1793,1683
soc_trang,mild,Oracle,7,160.0,awd,0.02,2024,2160,216,0,11.7713,160.0,8,10,8,2,2,40.0,0,1839,0.7453,9,8,0,1795,1683
soc_trang,mild,Oracle,8,160.0,awd,0.02,2024,2160,216,0,11.7678,160.0,8,12,8,4,1,20.0,0,1831,0.8607,9,8,0,1797,1683
soc_trang,mild,Oracle,9,160.0,awd,0.02,2024,2160,216,0,11.7645,160.0,8,17,8,9,1,20.0,0,1804,1.6666,9,8,0,1802,1683
soc_trang,mild,TwinGate+T2+centre,0,160.0,awd,0.02,2024,2160,576,0,59.7834,160.0,10,12,8,2,0,0.0,80,1861,0.8607,7,0,6,1380,1293
soc_trang,mild,TwinGate+T2+centre,1,160.0,awd,0.02,2024,2160,578,0,60.6612,160.0,8,11,8,3,1,20.0,82,1864,0.7454,5,0,4,1352,1248
soc_trang,mild,TwinGate+T2+centre,2,160.0,awd,0.02,2024,2160,582,0,62.1446,160.0,6,9,8,3,5,100.0,84,1857,0.4303,5,0,4,1344,1201
soc_trang,mild,TwinGate+T2+centre,3,160.0,awd,0.02,2024,2160,583,0,62.4289,160.0,6,8,8,2,4,80.0,84,1824,0.0,4,0,3,1336,1181
soc_trang,mild,TwinGate+T2+centre,4,160.0,awd,0.02,2024,2160,581,0,61.9738,160.0,6,8,8,2,2,40.0,84,1831,0.0,5,0,4,1347,1205
soc_trang,mild,TwinGate+T2+centre,5,160.0,awd,0.02,2024,2160,580,0,61.5643,160.0,7,10,8,3,3,60.0,83,1826,0.7453,4,0,3,1350,1201
soc_trang,mild,TwinGate+T2+centre,6,160.0,awd,0.02,2024,2160,582,0,62.1458,160.0,6,10,8,4,4,80.0,84,1835,0.6086,5,0,4,1343,1202
soc_trang,mild,TwinGate+T2+centre,7,160.0,awd,0.02,2024,2160,583,0,62.3294,160.0,6,9,8,3,3,60.0,84,1839,0.4276,4,0,3,1335,1199
soc_trang,mild,TwinGate+T2+centre,8,160.0,awd,0.02,2024,2160,581,0,61.7736,160.0,7,8,8,1,1,20.0,83,1831,0.0,5,0,4,1346,1233
soc_trang,mild,TwinGate+T2+centre,9,160.0,awd,0.02,2024,2160,578,0,60.7504,160.0,8,11,8,3,2,40.0,82,1804,1.3605,5,0,4,1349,1255
soc_trang,mild,TwinGate+T2,0,160.0,mid,0.05,2024,2160,462,0,44.292,160.0,9,11,8,2,0,0.0,81,1861,0.7454,9,0,8,1574,1530
soc_trang,mild,TwinGate+T2,1,160.0,mid,0.05,2024,2160,508,0,50.5621,160.0,7,9,8,2,1,20.0,83,1864,0.6085,8,0,7,1497,1422
soc_trang,mild,TwinGate+T2,2,160.0,mid,0.05,2024,2160,535,0,55.2417,160.0,5,8,8,3,5,100.0,85,1857,0.0,6,0,5,1442,1291
soc_trang,mild,TwinGate+T2,3,160.0,mid,0.05,2024,2160,530,0,53.591,160.0,6,8,8,2,4,80.0,84,1824,0.0,7,0,6,1459,1334
soc_trang,mild,TwinGate+T2,4,160.0,mid,0.05,2024,2160,504,0,49.0184,160.0,7,9,8,2,2,40.0,83,1831,0.4303,8,0,7,1499,1436
soc_trang,mild,TwinGate+T2,5,160.0,mid,0.05,2024,2160,508,0,50.578,160.0,7,10,8,3,3,60.0,83,1826,0.6086,8,0,7,1494,1425
soc_trang,mild,TwinGate+T2,6,160.0,mid,0.05,2024,2160,510,0,51.2625,160.0,6,10,8,4,4,80.0,84,1835,0.6086,6,1,4,1486,1352
soc_trang,mild,TwinGate+T2,7,160.0,mid,0.05,2024,2160,487,0,48.0453,160.0,8,13,8,5,3,60.0,82,1839,0.9623,7,1,5,1524,1416
soc_trang,mild,TwinGate+T2,8,160.0,mid,0.05,2024,2160,504,0,48.9991,160.0,8,12,8,4,1,20.0,82,1831,0.8607,8,0,7,1500,1437
soc_trang,mild,TwinGate+T2,9,160.0,mid,0.05,2024,2160,484,0,47.1461,160.0,8,10,8,2,2,40.0,82,1804,0.6086,9,0,8,1516,1478
soc_trang,mild,TwinGate+blindARQ,0,160.0,mid,0.05,2024,2160,484,0,47.1458,160.0,8,10,8,2,0,0.0,82,1861,0.6086,9,0,8,1518,1480
soc_trang,mild,TwinGate+blindARQ,1,160.0,mid,0.05,2024,2160,508,0,50.5621,160.0,7,9,8,2,1,20.0,83,1864,0.6085,8,0,7,1497,1422
soc_trang,mild,TwinGate+blindARQ,2,160.0,mid,0.05,2024,2160,701,0,79.1689,160.0,3,8,8,5,5,100.0,87,1857,0.0,4,0,3,1564,1370
soc_trang,mild,TwinGate+blindARQ,3,160.0,mid,0.05,2024,2160,620,0,66.5672,160.0,4,8,8,4,4,80.0,86,1824,0.0,5,0,4,1507,1351
soc_trang,mild,TwinGate+blindARQ,4,160.0,mid,0.05,2024,2160,526,0,52.0579,160.0,6,9,8,3,2,40.0,84,1831,0.4303,7,0,6,1495,1371
soc_trang,mild,TwinGate+blindARQ,5,160.0,mid,0.05,2024,2160,579,0,60.9665,160.0,5,12,8,7,3,60.0,85,1826,0.8607,6,0,5,1496,1362
soc_trang,mild,TwinGate+blindARQ,6,160.0,mid,0.05,2024,2160,701,0,79.1689,160.0,3,8,8,5,5,100.0,87,1835,0.0,4,0,3,1573,1374
soc_trang,mild,TwinGate+blindARQ,7,160.0,mid,0.05,2024,2160,526,0,51.9227,160.0,5,18,8,13,3,60.0,85,1839,1.6909,6,0,5,1513,1345
soc_trang,mild,TwinGate+blindARQ,8,160.0,mid,0.05,2024,2160,507,0,50.4296,160.0,7,13,8,6,1,20.0,83,1831,0.9623,8,0,7,1482,1420
soc_trang,mild,TwinGate+blindARQ,9,160.0,mid,0.05,2024,2160,528,0,52.5723,160.0,6,11,8,5,2,40.0,84,1804,0.7454,7,0,6,1478,1371
soc_trang,mild,Reactive+T2,0,160.0,mid,0.05,2024,2160,746,0,83.9252,160.0,3,3,3,0,0,0.0,0,1861,0.0,2,0,1,1485,1277
soc_trang,mild,Reactive+T2,1,160.0,mid,0.05,2024,2160,721,0,80.6928,160.0,4,5,3,1,0,0.0,0,1864,1.2646,3,0,2,1478,1264
soc_trang,mild,Reactive+T2,2,160.0,mid,0.05,2024,2160,746,0,83.9208,160.0,3,4,3,1,0,0.0,0,1857,0.8607,2,0,1,1486,1278
soc_trang,mild,Reactive+T2,3,160.0,mid,0.05,2024,2160,746,0,83.9252,160.0,3,3,3,0,1,40.0,0,1824,0.0,2,0,1,1485,1277
soc_trang,mild,Reactive+T2,4,160.0,mid,0.05,2024,2160,913,0,105.6118,160.0,2,3,3,1,1,60.0,0,1831,0.0,1,0,0,1666,1418
soc_trang,mild,Reactive+T2,5,160.0,mid,0.05,2024,2160,746,0,83.9252,160.0,3,3,3,0,1,40.0,0,1826,0.0,2,0,1,1485,1277
soc_trang,mild,Reactive+T2,6,160.0,mid,0.05,2024,2160,746,0,83.9217,160.0,3,5,3,2,1,40.0,0,1835,1.2388,2,0,1,1485,1279
soc_trang,mild,Reactive+T2,7,160.0,mid,0.05,2024,2160,746,0,83.9252,160.0,3,4,3,1,1,60.0,0,1839,0.0002,2,0,1,1485,1277
soc_trang,mild,Reactive+T2,8,160.0,mid,0.05,2024,2160,746,0,83.9252,160.0,3,3,3,0,0,0.0,0,1831,0.0,2,0,1,1485,1277
soc_trang,mild,Reactive+T2,9,160.0,mid,0.05,2024,2160,746,0,83.9252,160.0,3,3,3,0,1,40.0,0,1804,0.0,2,0,1,1485,1277
soc_trang,mild,Reactive+blindARQ,0,160.0,mid,0.05,2024,2160,746,0,83.9252,160.0,3,3,3,0,0,0.0,0,1861,0.0,2,0,1,1485,1277
soc_trang,mild,Reactive+blindARQ,1,160.0,mid,0.05,2024,2160,746,0,83.9149,160.0,3,6,3,3,0,0.0,0,1864,1.5297,2,0,1,1486,1279
soc_trang,mild,Reactive+blindARQ,2,160.0,mid,0.05,2024,2160,746,0,83.9208,160.0,3,4,3,1,0,0.0,0,1857,0.8607,2,0,1,1486,1278
soc_trang,mild,Reactive+blindARQ,3,160.0,mid,0.05,2024,2160,746,0,83.9252,160.0,3,3,3,0,1,40.0,0,1824,0.0,2,0,1,1485,1277
soc_trang,mild,Reactive+blindARQ,4,160.0,mid,0.05,2024,2160,913,0,105.6118,160.0,2,3,3,1,1,60.0,0,1831,0.0,1,0,0,1666,1418
soc_trang,mild,Reactive+blindARQ,5,160.0,mid,0.05,2024,2160,746,0,83.9252,160.0,3,3,3,0,1,40.0,0,1826,0.0,2,0,1,1485,1277
soc_trang,mild,Reactive+blindARQ,6,160.0,mid,0.05,2024,2160,913,0,105.5974,160.0,2,7,3,5,1,60.0,0,1835,1.215,1,0,0,1666,1420
soc_trang,mild,Reactive+blindARQ,7,160.0,mid,0.05,2024,2160,913,0,105.6065,160.0,2,4,3,2,1,60.0,0,1839,0.0002,1,0,0,1666,1418
soc_trang,mild,Reactive+blindARQ,8,160.0,mid,0.05,2024,2160,746,0,83.9252,160.0,3,3,3,0,0,0.0,0,1831,0.0,2,0,1,1485,1277
soc_trang,mild,Reactive+blindARQ,9,160.0,mid,0.05,2024,2160,746,0,83.9252,160.0,3,3,3,0,1,40.0,0,1804,0.0,2,0,1,1485,1277
soc_trang,mild,FixedSchedule,0,160.0,mid,0.05,2024,2160,961,0,110.8436,160.0,3,3,3,0,0,0.0,0,1861,0.0,1,0,0,1703,1445
soc_trang,mild,FixedSchedule,1,160.0,mid,0.05,2024,2160,961,0,110.8436,160.0,3,3,3,0,0,0.0,0,1864,0.0,1,0,0,1703,1445
soc_trang,mild,FixedSchedule,2,160.0,mid,0.05,2024,2160,961,0,110.8413,160.0,3,4,3,1,0,0.0,0,1857,1.0103,1,0,0,1702,1446
soc_trang,mild,FixedSchedule,3,160.0,mid,0.05,2024,2160,961,0,110.8436,160.0,3,3,3,0,1,40.0,0,1824,0.0,1,0,0,1703,1445
soc_trang,mild,FixedSchedule,4,160.0,mid,0.05,2024,2160,1106,0,128.1042,160.0,2,3,3,1,1,60.0,0,1831,0.0,1,0,0,1815,1550
soc_trang,mild,FixedSchedule,5,160.0,mid,0.05,2024,2160,961,0,110.8436,160.0,3,3,3,0,1,40.0,0,1826,0.0,1,0,0,1703,1445
soc_trang,mild,FixedSchedule,6,160.0,mid,0.05,2024,2160,1106,0,128.0976,160.0,2,4,3,2,1,60.0,0,1835,0.8566,1,0,0,1815,1551
soc_trang,mild,FixedSchedule,7,160.0,mid,0.05,2024,2160,1106,0,128.1042,160.0,2,3,3,1,1,60.0,0,1839,0.0,1,0,0,1815,1550
soc_trang,mild,FixedSchedule,8,160.0,mid,0.05,2024,2160,961,0,110.8436,160.0,3,3,3,0,0,0.0,0,1831,0.0,1,0,0,1703,1445
soc_trang,mild,FixedSchedule,9,160.0,mid,0.05,2024,2160,961,0,110.8436,160.0,3,3,3,0,1,40.0,0,1804,0.0,1,0,0,1703,1445
soc_trang,mild,Oracle,0,160.0,mid,0.05,2024,2160,216,0,11.7735,160.0,8,11,8,3,0,0.0,0,1861,0.7454,9,8,0,1796,1683
soc_trang,mild,Oracle,1,160.0,mid,0.05,2024,2160,216,0,11.7736,160.0,8,8,8,0,1,20.0,0,1864,0.0,9,8,0,1793,1683
soc_trang,mild,Oracle,2,160.0,mid,0.05,2024,2160,216,0,11.7715,160.0,8,11,8,3,3,60.0,0,1857,0.7454,9,8,0,1796,1683
soc_trang,mild,Oracle,3,160.0,mid,0.05,2024,2160,216,0,11.7736,160.0,8,11,8,3,3,60.0,0,1824,0.8607,9,8,0,1796,1683
soc_trang,mild,Oracle,4,160.0,mid,0.05,2024,2160,216,0,11.7736,160.0,8,8,8,0,2,40.0,0,1831,0.0,9,8,0,1793,1683
soc_trang,mild,Oracle,5,160.0,mid,0.05,2024,2160,216,0,11.7736,160.0,8,8,8,0,3,60.0,0,1826,0.0,9,8,0,1793,1683
soc_trang,mild,Oracle,6,160.0,mid,0.05,2024,2160,216,0,11.7736,160.0,8,8,8,0,5,100.0,0,1835,0.0,9,8,0,1793,1683
soc_trang,mild,Oracle,7,160.0,mid,0.05,2024,2160,216,0,11.7713,160.0,8,10,8,2,2,40.0,0,1839,0.7453,9,8,0,1795,1683
soc_trang,mild,Oracle,8,160.0,mid,0.05,2024,2160,216,0,11.7678,160.0,8,12,8,4,1,20.0,0,1831,0.8607,9,8,0,1797,1683
soc_trang,mild,Oracle,9,160.0,mid,0.05,2024,2160,216,0,11.7645,160.0,8,17,8,9,1,20.0,0,1804,1.6666,9,8,0,1802,1683
soc_trang,mild,TwinGate+T2+centre,0,160.0,mid,0.05,2024,2160,576,0,59.7834,160.0,10,12,8,2,0,0.0,80,1861,0.8607,7,0,6,1380,1293
soc_trang,mild,TwinGate+T2+centre,1,160.0,mid,0.05,2024,2160,578,0,60.6612,160.0,8,11,8,3,1,20.0,82,1864,0.7454,5,0,4,1352,1248
soc_trang,mild,TwinGate+T2+centre,2,160.0,mid,0.05,2024,2160,582,0,62.1446,160.0,6,9,8,3,5,100.0,84,1857,0.4303,5,0,4,1344,1201
soc_trang,mild,TwinGate+T2+centre,3,160.0,mid,0.05,2024,2160,583,0,62.4289,160.0,6,8,8,2,4,80.0,84,1824,0.0,4,0,3,1336,1181
soc_trang,mild,TwinGate+T2+centre,4,160.0,mid,0.05,2024,2160,581,0,61.9738,160.0,6,8,8,2,2,40.0,84,1831,0.0,5,0,4,1347,1205
soc_trang,mild,TwinGate+T2+centre,5,160.0,mid,0.05,2024,2160,580,0,61.5643,160.0,7,10,8,3,3,60.0,83,1826,0.7453,4,0,3,1350,1201
soc_trang,mild,TwinGate+T2+centre,6,160.0,mid,0.05,2024,2160,582,0,62.1458,160.0,6,10,8,4,4,80.0,84,1835,0.6086,5,0,4,1343,1202
soc_trang,mild,TwinGate+T2+centre,7,160.0,mid,0.05,2024,2160,583,0,62.3294,160.0,6,9,8,3,3,60.0,84,1839,0.4276,4,0,3,1335,1199
soc_trang,mild,TwinGate+T2+centre,8,160.0,mid,0.05,2024,2160,581,0,61.7736,160.0,7,8,8,1,1,20.0,83,1831,0.0,5,0,4,1346,1233
soc_trang,mild,TwinGate+T2+centre,9,160.0,mid,0.05,2024,2160,578,0,60.7504,160.0,8,11,8,3,2,40.0,82,1804,1.3605,5,0,4,1349,1255
soc_trang,mild,TwinGate+T2,0,160.0,narrow,0.1,2024,2160,529,0,53.0416,160.0,8,10,8,2,0,0.0,82,1861,0.7454,9,0,8,1492,1417
soc_trang,mild,TwinGate+T2,1,160.0,narrow,0.1,2024,2160,549,0,55.759,160.0,7,8,8,1,1,20.0,83,1864,0.0,8,0,7,1470,1352
soc_trang,mild,TwinGate+T2,2,160.0,narrow,0.1,2024,2160,556,0,57.5551,160.0,6,10,8,4,5,100.0,84,1857,0.6086,7,0,6,1424,1294
soc_trang,mild,TwinGate+T2,3,160.0,narrow,0.1,2024,2160,553,0,57.0362,160.0,7,10,8,3,4,80.0,83,1824,0.6086,7,0,6,1409,1294
soc_trang,mild,TwinGate+T2,4,160.0,narrow,0.1,2024,2160,529,0,53.1709,160.0,9,13,8,4,2,40.0,81,1831,1.2171,8,1,6,1484,1380
soc_trang,mild,TwinGate+T2,5,160.0,narrow,0.1,2024,2160,553,0,56.7622,160.0,8,12,8,4,2,40.0,82,1826,0.8607,7,0,6,1410,1297
soc_trang,mild,TwinGate+T2,6,160.0,narrow,0.1,2024,2160,576,0,59.7978,160.0,5,9,8,4,5,100.0,85,1835,0.4303,6,0,5,1367,1255
soc_trang,mild,TwinGate+T2,7,160.0,narrow,0.1,2024,2160,557,0,58.0384,160.0,5,8,8,3,3,60.0,85,1839,0.0,6,0,5,1399,1259
soc_trang,mild,TwinGate+T2,8,160.0,narrow,0.1,2024,2160,534,0,55.113,160.0,9,11,8,2,1,20.0,81,1831,1.1385,9,0,8,1452,1387
soc_trang,mild,TwinGate+T2,9,160.0,narrow,0.1,2024,2160,574,0,59.164,160.0,6,8,8,2,2,40.0,84,1804,0.0,7,0,6,1381,1253
soc_trang,mild,TwinGate+blindARQ,0,160.0,narrow,0.1,2024,2160,529,0,53.0416,160.0,8,10,8,2,0,0.0,82,1861,0.7454,9,0,8,1492,1417
soc_trang,mild,TwinGate+blindARQ,1,160.0,narrow,0.1,2024,2160,549,0,55.759,160.0,7,8,8,1,1,20.0,83,1864,0.0,8,0,7,1470,1352
soc_trang,mild,TwinGate+blindARQ,2,160.0,narrow,0.1,2024,2160,766,0,85.7681,160.0,3,11,8,8,5,100.0,87,1857,0.63,4,0,3,1558,1341
soc_trang,mild,TwinGate+blindARQ,3,160.0,narrow,0.1,2024,2160,672,0,73.911,160.0,4,11,8,7,4,80.0,86,1824,0.8607,5,0,4,1498,1308
soc_trang,mild,TwinGate+blindARQ,4,160.0,narrow,0.1,2024,2160,554,0,57.2685,160.0,6,11,8,5,2,40.0,84,1831,1.054,7,0,6,1427,1300
soc_trang,mild,TwinGate+blindARQ,5,160.0,narrow,0.1,2024,2160,625,0,67.6873,160.0,5,8,8,3,3,60.0,85,1826,0.0,6,0,5,1458,1305
soc_trang,mild,TwinGate+blindARQ,6,160.0,narrow,0.1,2024,2160,766,0,85.7959,160.0,3,8,8,5,5,100.0,87,1835,0.0,4,0,3,1559,1357
soc_trang,mild,TwinGate+blindARQ,7,160.0,narrow,0.1,2024,2160,557,0,58.0384,160.0,5,8,8,3,3,60.0,85,1839,0.0,6,0,5,1399,1259
soc_trang,mild,TwinGate+blindARQ,8,160.0,narrow,0.1,2024,2160,551,0,55.995,160.0,7,13,8,6,1,20.0,83,1831,1.2581,8,0,7,1455,1336
soc_trang,mild,TwinGate+blindARQ,9,160.0,narrow,0.1,2024,2160,574,0,59.164,160.0,6,8,8,2,2,40.0,84,1804,0.0,7,0,6,1381,1253
soc_trang,mild,Reactive+T2,0,160.0,narrow,0.1,2024,2160,746,0,83.9252,160.0,3,3,3,0,0,0.0,0,1861,0.0,2,0,1,1485,1277
soc_trang,mild,Reactive+T2,1,160.0,narrow,0.1,2024,2160,721,0,80.6928,160.0,4,5,3,1,0,0.0,0,1864,1.2646,3,0,2,1478,1264
soc_trang,mild,Reactive+T2,2,160.0,narrow,0.1,2024,2160,746,0,83.9208,160.0,3,4,3,1,0,0.0,0,1857,0.8607,2,0,1,1486,1278
soc_trang,mild,Reactive+T2,3,160.0,narrow,0.1,2024,2160,746,0,83.9252,160.0,3,3,3,0,1,40.0,0,1824,0.0,2,0,1,1485,1277
soc_trang,mild,Reactive+T2,4,160.0,narrow,0.1,2024,2160,913,0,105.6118,160.0,2,3,3,1,1,60.0,0,1831,0.0,1,0,0,1666,1418
soc_trang,mild,Reactive+T2,5,160.0,narrow,0.1,2024,2160,746,0,83.9252,160.0,3,3,3,0,1,40.0,0,1826,0.0,2,0,1,1485,1277
soc_trang,mild,Reactive+T2,6,160.0,narrow,0.1,2024,2160,746,0,83.9217,160.0,3,5,3,2,1,40.0,0,1835,1.2388,2,0,1,1485,1279
soc_trang,mild,Reactive+T2,7,160.0,narrow,0.1,2024,2160,746,0,83.9252,160.0,3,4,3,1,1,60.0,0,1839,0.0002,2,0,1,1485,1277
soc_trang,mild,Reactive+T2,8,160.0,narrow,0.1,2024,2160,746,0,83.9252,160.0,3,3,3,0,0,0.0,0,1831,0.0,2,0,1,1485,1277
soc_trang,mild,Reactive+T2,9,160.0,narrow,0.1,2024,2160,746,0,83.9252,160.0,3,3,3,0,1,40.0,0,1804,0.0,2,0,1,1485,1277
soc_trang,mild,Reactive+blindARQ,0,160.0,narrow,0.1,2024,2160,746,0,83.9252,160.0,3,3,3,0,0,0.0,0,1861,0.0,2,0,1,1485,1277
soc_trang,mild,Reactive+blindARQ,1,160.0,narrow,0.1,2024,2160,746,0,83.9149,160.0,3,6,3,3,0,0.0,0,1864,1.5297,2,0,1,1486,1279
soc_trang,mild,Reactive+blindARQ,2,160.0,narrow,0.1,2024,2160,746,0,83.9208,160.0,3,4,3,1,0,0.0,0,1857,0.8607,2,0,1,1486,1278
soc_trang,mild,Reactive+blindARQ,3,160.0,narrow,0.1,2024,2160,746,0,83.9252,160.0,3,3,3,0,1,40.0,0,1824,0.0,2,0,1,1485,1277
soc_trang,mild,Reactive+blindARQ,4,160.0,narrow,0.1,2024,2160,913,0,105.6118,160.0,2,3,3,1,1,60.0,0,1831,0.0,1,0,0,1666,1418
soc_trang,mild,Reactive+blindARQ,5,160.0,narrow,0.1,2024,2160,746,0,83.9252,160.0,3,3,3,0,1,40.0,0,1826,0.0,2,0,1,1485,1277
soc_trang,mild,Reactive+blindARQ,6,160.0,narrow,0.1,2024,2160,913,0,105.5974,160.0,2,7,3,5,1,60.0,0,1835,1.215,1,0,0,1666,1420
soc_trang,mild,Reactive+blindARQ,7,160.0,narrow,0.1,2024,2160,913,0,105.6065,160.0,2,4,3,2,1,60.0,0,1839,0.0002,1,0,0,1666,1418
soc_trang,mild,Reactive+blindARQ,8,160.0,narrow,0.1,2024,2160,746,0,83.9252,160.0,3,3,3,0,0,0.0,0,1831,0.0,2,0,1,1485,1277
soc_trang,mild,Reactive+blindARQ,9,160.0,narrow,0.1,2024,2160,746,0,83.9252,160.0,3,3,3,0,1,40.0,0,1804,0.0,2,0,1,1485,1277
soc_trang,mild,FixedSchedule,0,160.0,narrow,0.1,2024,2160,961,0,110.8436,160.0,3,3,3,0,0,0.0,0,1861,0.0,1,0,0,1703,1445
soc_trang,mild,FixedSchedule,1,160.0,narrow,0.1,2024,2160,961,0,110.8436,160.0,3,3,3,0,0,0.0,0,1864,0.0,1,0,0,1703,1445
soc_trang,mild,FixedSchedule,2,160.0,narrow,0.1,2024,2160,961,0,110.8413,160.0,3,4,3,1,0,0.0,0,1857,1.0103,1,0,0,1702,1446
soc_trang,mild,FixedSchedule,3,160.0,narrow,0.1,2024,2160,961,0,110.8436,160.0,3,3,3,0,1,40.0,0,1824,0.0,1,0,0,1703,1445
soc_trang,mild,FixedSchedule,4,160.0,narrow,0.1,2024,2160,1106,0,128.1042,160.0,2,3,3,1,1,60.0,0,1831,0.0,1,0,0,1815,1550
soc_trang,mild,FixedSchedule,5,160.0,narrow,0.1,2024,2160,961,0,110.8436,160.0,3,3,3,0,1,40.0,0,1826,0.0,1,0,0,1703,1445
soc_trang,mild,FixedSchedule,6,160.0,narrow,0.1,2024,2160,1106,0,128.0976,160.0,2,4,3,2,1,60.0,0,1835,0.8566,1,0,0,1815,1551
soc_trang,mild,FixedSchedule,7,160.0,narrow,0.1,2024,2160,1106,0,128.1042,160.0,2,3,3,1,1,60.0,0,1839,0.0,1,0,0,1815,1550
soc_trang,mild,FixedSchedule,8,160.0,narrow,0.1,2024,2160,961,0,110.8436,160.0,3,3,3,0,0,0.0,0,1831,0.0,1,0,0,1703,1445
soc_trang,mild,FixedSchedule,9,160.0,narrow,0.1,2024,2160,961,0,110.8436,160.0,3,3,3,0,1,40.0,0,1804,0.0,1,0,0,1703,1445
soc_trang,mild,Oracle,0,160.0,narrow,0.1,2024,2160,216,0,11.7735,160.0,8,11,8,3,0,0.0,0,1861,0.7454,9,8,0,1796,1683
soc_trang,mild,Oracle,1,160.0,narrow,0.1,2024,2160,216,0,11.7736,160.0,8,8,8,0,1,20.0,0,1864,0.0,9,8,0,1793,1683
soc_trang,mild,Oracle,2,160.0,narrow,0.1,2024,2160,216,0,11.7715,160.0,8,11,8,3,3,60.0,0,1857,0.7454,9,8,0,1796,1683
soc_trang,mild,Oracle,3,160.0,narrow,0.1,2024,2160,216,0,11.7736,160.0,8,11,8,3,3,60.0,0,1824,0.8607,9,8,0,1796,1683
soc_trang,mild,Oracle,4,160.0,narrow,0.1,2024,2160,216,0,11.7736,160.0,8,8,8,0,2,40.0,0,1831,0.0,9,8,0,1793,1683
soc_trang,mild,Oracle,5,160.0,narrow,0.1,2024,2160,216,0,11.7736,160.0,8,8,8,0,3,60.0,0,1826,0.0,9,8,0,1793,1683
soc_trang,mild,Oracle,6,160.0,narrow,0.1,2024,2160,216,0,11.7736,160.0,8,8,8,0,5,100.0,0,1835,0.0,9,8,0,1793,1683
soc_trang,mild,Oracle,7,160.0,narrow,0.1,2024,2160,216,0,11.7713,160.0,8,10,8,2,2,40.0,0,1839,0.7453,9,8,0,1795,1683
soc_trang,mild,Oracle,8,160.0,narrow,0.1,2024,2160,216,0,11.7678,160.0,8,12,8,4,1,20.0,0,1831,0.8607,9,8,0,1797,1683
soc_trang,mild,Oracle,9,160.0,narrow,0.1,2024,2160,216,0,11.7645,160.0,8,17,8,9,1,20.0,0,1804,1.6666,9,8,0,1802,1683
soc_trang,mild,TwinGate+T2+centre,0,160.0,narrow,0.1,2024,2160,529,0,53.0416,160.0,8,10,8,2,0,0.0,82,1861,0.7454,9,0,8,1492,1417
soc_trang,mild,TwinGate+T2+centre,1,160.0,narrow,0.1,2024,2160,549,0,55.759,160.0,7,8,8,1,1,20.0,83,1864,0.0,8,0,7,1470,1352
soc_trang,mild,TwinGate+T2+centre,2,160.0,narrow,0.1,2024,2160,556,0,57.5551,160.0,6,10,8,4,5,100.0,84,1857,0.6086,7,0,6,1424,1294
soc_trang,mild,TwinGate+T2+centre,3,160.0,narrow,0.1,2024,2160,553,0,57.0362,160.0,7,10,8,3,4,80.0,83,1824,0.6086,7,0,6,1409,1294
soc_trang,mild,TwinGate+T2+centre,4,160.0,narrow,0.1,2024,2160,529,0,53.1709,160.0,9,13,8,4,2,40.0,81,1831,1.2171,8,1,6,1484,1380
soc_trang,mild,TwinGate+T2+centre,5,160.0,narrow,0.1,2024,2160,553,0,56.7622,160.0,8,12,8,4,2,40.0,82,1826,0.8607,7,0,6,1410,1297
soc_trang,mild,TwinGate+T2+centre,6,160.0,narrow,0.1,2024,2160,576,0,59.7978,160.0,5,9,8,4,5,100.0,85,1835,0.4303,6,0,5,1367,1255
soc_trang,mild,TwinGate+T2+centre,7,160.0,narrow,0.1,2024,2160,557,0,58.0384,160.0,5,8,8,3,3,60.0,85,1839,0.0,6,0,5,1399,1259
soc_trang,mild,TwinGate+T2+centre,8,160.0,narrow,0.1,2024,2160,534,0,55.113,160.0,9,11,8,2,1,20.0,81,1831,1.1385,9,0,8,1452,1387
soc_trang,mild,TwinGate+T2+centre,9,160.0,narrow,0.1,2024,2160,574,0,59.164,160.0,6,8,8,2,2,40.0,84,1804,0.0,7,0,6,1381,1253
soc_trang,mild,TwinGate+T2,0,240.0,awd,0.02,2024,2160,0,0,0.0,240.0,10,13,12,3,2,40.0,80,1861,0.6086,10,10,0,1010,1280
soc_trang,mild,TwinGate+T2,1,240.0,awd,0.02,2024,2160,0,0,0.0,220.0,12,16,11,4,1,20.0,78,1864,1.0541,11,10,0,1625,1563
soc_trang,mild,TwinGate+T2,2,240.0,awd,0.02,2024,2160,0,0,0.0,240.0,9,13,12,4,6,120.0,81,1857,0.4303,9,9,0,870,1395
soc_trang,mild,TwinGate+T2,3,240.0,awd,0.02,2024,2160,0,0,0.0,220.0,9,14,11,5,5,100.0,81,1824,0.7454,10,9,0,1572,1542
soc_trang,mild,TwinGate+T2,4,240.0,awd,0.02,2024,2160,0,0,0.0,240.0,10,14,12,4,3,60.0,80,1831,0.6086,10,10,0,977,1252
soc_trang,mild,TwinGate+T2,5,240.0,awd,0.02,2024,2160,0,0,0.0,240.0,9,14,12,5,5,100.0,81,1826,0.7451,9,8,0,1441,1373
soc_trang,mild,TwinGate+T2,6,240.0,awd,0.02,2024,2160,0,0,0.0,240.0,8,12,12,4,6,120.0,82,1835,0.0,9,8,0,1417,1371
soc_trang,mild,TwinGate+T2,7,240.0,awd,0.02,2024,2160,0,0,0.0,220.0,11,17,11,6,3,60.0,79,1839,1.0541,10,9,0,1551,1517
soc_trang,mild,TwinGate+T2,8,240.0,awd,0.02,2024,2160,0,0,0.0,240.0,11,15,12,4,2,40.0,79,1831,0.7454,10,10,0,977,1252
soc_trang,mild,TwinGate+T2,9,240.0,awd,0.02,2024,2160,12,0,0.1093,220.0,13,20,11,7,2,40.0,77,1804,1.7737,10,10,0,1008,1533
soc_trang,mild,TwinGate+blindARQ,0,240.0,awd,0.02,2024,2160,0,0,0.0,240.0,10,13,12,3,2,40.0,80,1861,0.6086,10,10,0,1010,1280
soc_trang,mild,TwinGate+blindARQ,1,240.0,awd,0.02,2024,2160,0,0,0.0,220.0,10,19,11,9,1,20.0,80,1864,1.8612,11,10,0,1631,1580
soc_trang,mild,TwinGate+blindARQ,2,240.0,awd,0.02,2024,2160,336,0,27.0502,240.0,5,13,12,8,7,140.0,85,1857,0.4303,6,5,0,1543,1398
soc_trang,mild,TwinGate+blindARQ,3,240.0,awd,0.02,2024,2160,0,0,0.0,240.0,7,15,12,8,5,100.0,83,1824,0.8607,8,7,0,1412,1338
soc_trang,mild,TwinGate+blindARQ,4,240.0,awd,0.02,2024,2160,0,0,0.0,240.0,9,15,12,6,3,60.0,81,1831,0.7454,9,9,0,874,1363
soc_trang,mild,TwinGate+blindARQ,5,240.0,awd,0.02,2024,2160,0,0,0.0,240.0,7,17,12,10,5,100.0,83,1826,1.5039,8,7,0,1406,1343
soc_trang,mild,TwinGate+blindARQ,6,240.0,awd,0.02,2024,2160,240,0,14.2956,240.0,6,16,12,10,6,120.0,84,1835,0.4303,7,6,0,1507,1380
soc_trang,mild,TwinGate+blindARQ,7,240.0,awd,0.02,2024,2160,0,0,0.0,240.0,8,17,12,9,4,80.0,82,1839,0.9623,9,8,0,1439,1381
soc_trang,mild,TwinGate+blindARQ,8,240.0,awd,0.02,2024,2160,0,0,0.0,240.0,10,16,12,6,2,40.0,80,1831,0.8607,10,10,0,979,1252
soc_trang,mild,TwinGate+blindARQ,9,240.0,awd,0.02,2024,2160,0,0,0.0,220.0,9,26,11,17,2,40.0,81,1804,2.505,10,9,0,1593,1556
soc_trang,mild,Reactive+T2,0,240.0,awd,0.02,2024,2160,553,0,56.7403,240.0,5,6,4,1,0,0.0,0,1861,1.2907,3,0,2,1302,1105
soc_trang,mild,Reactive+T2,1,240.0,awd,0.02,2024,2160,701,0,79.1689,240.0,4,6,4,2,1,60.0,0,1864,1.2646,3,0,2,1473,1260
soc_trang,mild,Reactive+T2,2,240.0,awd,0.02,2024,2160,726,0,82.3484,240.0,3,5,4,2,1,60.0,0,1857,0.9214,2,0,1,1482,1260
soc_trang,mild,Reactive+T2,3,240.0,awd,0.02,2024,2160,726,0,82.3673,240.0,3,4,4,1,2,120.0,0,1824,0.0,2,0,1,1481,1259
soc_trang,mild,Reactive+T2,4,240.0,awd,0.02,2024,2160,726,0,82.3673,240.0,3,4,4,1,1,60.0,0,1831,0.0,2,0,1,1481,1259
soc_trang,mild,Reactive+T2,5,240.0,awd,0.02,2024,2160,726,0,82.3673,240.0,3,4,4,1,1,60.0,0,1826,0.0,2,0,1,1481,1259
soc_trang,mild,Reactive+T2,6,240.0,awd,0.02,2024,2160,726,0,82.3484,240.0,3,6,4,3,2,120.0,0,1835,1.2388,2,0,1,1481,1261
soc_trang,mild,Reactive+T2,7,240.0,awd,0.02,2024,2160,726,0,82.3484,240.0,3,5,4,2,2,120.0,0,1839,0.0002,2,0,1,1481,1259
soc_trang,mild,Reactive+T2,8,240.0,awd,0.02,2024,2160,576,0,59.9676,240.0,4,4,4,0,0,0.0,0,1831,0.0,3,0,2,1302,1106
soc_trang,mild,Reactive+T2,9,240.0,awd,0.02,2024,2160,726,0,82.3673,240.0,3,4,4,1,1,60.0,0,1804,0.0,2,0,1,1481,1259
soc_trang,mild,Reactive+blindARQ,0,240.0,awd,0.02,2024,2160,576,0,59.9676,240.0,4,6,4,2,0,0.0,0,1861,1.2907,3,0,2,1304,1108
soc_trang,mild,Reactive+blindARQ,1,240.0,awd,0.02,2024,2160,726,0,82.3316,240.0,3,7,4,4,1,60.0,0,1864,1.5646,2,0,1,1482,1262
soc_trang,mild,Reactive+blindARQ,2,240.0,awd,0.02,2024,2160,911,0,104.8334,240.0,2,4,4,2,2,120.0,0,1857,0.0,1,0,0,1664,1416
soc_trang,mild,Reactive+blindARQ,3,240.0,awd,0.02,2024,2160,911,0,104.8334,240.0,2,4,4,2,2,120.0,0,1824,0.0,1,0,0,1664,1416
soc_trang,mild,Reactive+blindARQ,4,240.0,awd,0.02,2024,2160,726,0,82.3673,240.0,3,4,4,1,1,60.0,0,1831,0.0,2,0,1,1481,1259
soc_trang,mild,Reactive+blindARQ,5,240.0,awd,0.02,2024,2160,726,0,82.3673,240.0,3,4,4,1,1,60.0,0,1826,0.0,2,0,1,1481,1259
soc_trang,mild,Reactive+blindARQ,6,240.0,awd,0.02,2024,2160,1105,0,128.0423,240.0,1,7,4,6,3,180.0,0,1835,0.8577,1,0,0,1815,1551
soc_trang,mild,Reactive+blindARQ,7,240.0,awd,0.02,2024,2160,911,0,104.8363,240.0,2,5,4,3,2,120.0,0,1839,0.0002,1,0,0,1664,1416
soc_trang,mild,Reactive+blindARQ,8,240.0,awd,0.02,2024,2160,576,0,59.9676,240.0,4,4,4,0,0,0.0,0,1831,0.0,3,0,2,1302,1106
soc_trang,mild,Reactive+blindARQ,9,240.0,awd,0.02,2024,2160,726,0,82.3673,240.0,3,4,4,1,1,60.0,0,1804,0.0,2,0,1,1481,1259
soc_trang,mild,FixedSchedule,0,240.0,awd,0.02,2024,2160,888,0,101.8985,240.0,4,4,4,0,0,0.0,0,1861,0.0,1,0,0,1641,1343
soc_trang,mild,FixedSchedule,1,240.0,awd,0.02,2024,2160,1032,0,116.8256,240.0,3,4,4,1,1,60.0,0,1864,0.0,1,0,0,1741,1459
soc_trang,mild,FixedSchedule,2,240.0,awd,0.02,2024,2160,1136,0,134.1085,240.0,2,4,4,2,2,120.0,0,1857,0.0,1,0,0,1863,1580
soc_trang,mild,FixedSchedule,3,240.0,awd,0.02,2024,2160,1136,0,134.1085,240.0,2,4,4,2,2,120.0,0,1824,0.0,1,0,0,1863,1580
soc_trang,mild,FixedSchedule,4,240.0,awd,0.02,2024,2160,1032,0,116.841,240.0,3,6,4,3,1,60.0,0,1831,0.8993,1,0,0,1741,1459
soc_trang,mild,FixedSchedule,5,240.0,awd,0.02,2024,2160,1032,0,116.841,240.0,3,4,4,1,1,60.0,0,1826,0.0,1,0,0,1741,1459
soc_trang,mild,FixedSchedule,6,240.0,awd,0.02,2024,2160,1269,0,150.6759,240.0,1,4,4,3,3,180.0,0,1835,0.0,1,0,0,1980,1683
soc_trang,mild,FixedSchedule,7,240.0,awd,0.02,2024,2160,1136,0,134.1085,240.0,2,7,4,5,2,120.0,0,1839,0.6359,1,0,0,1863,1580
soc_trang,mild,FixedSchedule,8,240.0,awd,0.02,2024,2160,888,0,101.8985,240.0,4,4,4,0,0,0.0,0,1831,0.0,1,0,0,1641,1343
soc_trang,mild,FixedSchedule,9,240.0,awd,0.02,2024,2160,1032,0,116.841,240.0,3,4,4,1,1,60.0,0,1804,0.0,1,0,0,1741,1459
soc_trang,mild,Oracle,0,240.0,awd,0.02,2024,2160,0,0,0.0,200.0,10,14,10,4,1,20.0,0,1861,0.8607,11,10,0,1736,1683
soc_trang,mild,Oracle,1,240.0,awd,0.02,2024,2160,0,0,0.0,200.0,10,10,10,0,1,20.0,0,1864,0.0,11,10,0,1732,1683
soc_trang,mild,Oracle,2,240.0,awd,0.02,2024,2160,0,0,0.0,200.0,10,13,10,3,5,100.0,0,1857,0.7454,11,10,0,1732,1683
soc_trang,mild,Oracle,3,240.0,awd,0.02,2024,2160,0,0,0.0,200.0,10,14,10,4,3,60.0,0,1824,0.9623,11,10,0,1733,1683
soc_trang,mild,Oracle,4,240.0,awd,0.02,2024,2160,0,0,0.0,200.0,10,10,10,0,2,40.0,0,1831,0.0,11,10,0,1732,1683
soc_trang,mild,Oracle,5,240.0,awd,0.02,2024,2160,0,0,0.0,200.0,10,10,10,0,4,80.0,0,1826,0.0,11,10,0,1732,1683
soc_trang,mild,Oracle,6,240.0,awd,0.02,2024,2160,0,0,0.0,200.0,10,10,10,0,6,120.0,0,1835,0.0,11,10,0,1732,1683
soc_trang,mild,Oracle,7,240.0,awd,0.02,2024,2160,0,0,0.0,200.0,10,12,10,2,3,60.0,0,1839,0.7453,11,10,0,1731,1683
soc_trang,mild,Oracle,8,240.0,awd,0.02,2024,2160,0,0,0.0,200.0,10,14,10,4,1,20.0,0,1831,0.8607,11,10,0,1733,1683
soc_trang,mild,Oracle,9,240.0,awd,0.02,2024,2160,0,0,0.0,200.0,10,19,10,9,1,20.0,0,1804,1.6666,11,10,0,1738,1683
soc_trang,mild,TwinGate+T2+centre,0,240.0,awd,0.02,2024,2160,263,0,16.8131,240.0,12,16,12,4,2,40.0,78,1861,0.8607,9,0,8,1089,1051
soc_trang,mild,TwinGate+T2+centre,1,240.0,awd,0.02,2024,2160,262,0,16.7262,240.0,12,15,12,3,1,20.0,78,1864,0.7454,8,0,7,1070,1055
soc_trang,mild,TwinGate+T2+centre,2,240.0,awd,0.02,2024,2160,270,0,19.1835,240.0,9,13,12,4,7,140.0,81,1857,0.4303,5,0,4,1034,984
soc_trang,mild,TwinGate+T2+centre,3,240.0,awd,0.02,2024,2160,269,0,19.027,240.0,10,13,12,3,5,100.0,80,1824,0.4303,5,0,4,1035,981
soc_trang,mild,TwinGate+T2+centre,4,240.0,awd,0.02,2024,2160,268,0,18.8348,240.0,10,13,12,3,3,60.0,80,1831,0.4303,6,0,5,1046,987
soc_trang,mild,TwinGate+T2+centre,5,240.0,awd,0.02,2024,2160,269,0,19.0803,240.0,9,15,12,6,5,100.0,81,1826,0.8606,4,0,3,1047,938
soc_trang,mild,TwinGate+T2+centre,6,240.0,awd,0.02,2024,2160,268,0,18.9087,240.0,10,14,12,4,5,100.0,80,1835,0.6086,6,0,5,1042,991
soc_trang,mild,TwinGate+T2+centre,7,240.0,awd,0.02,2024,2160,270,0,19.2776,240.0,9,13,12,4,4,80.0,81,1839,0.4276,5,0,4,1029,984
soc_trang,mild,TwinGate+T2+centre,8,240.0,awd,0.02,2024,2160,268,0,18.9172,240.0,10,12,12,2,2,40.0,80,1831,0.0,6,0,5,1045,988
soc_trang,mild,TwinGate+T2+centre,9,240.0,awd,0.02,2024,2160,245,0,15.9917,240.0,13,18,12,5,2,40.0,77,1804,1.5513,6,0,5,1071,1075
soc_trang,mild,TwinGate+T2,0,240.0,mid,0.05,2024,2160,54,0,0.9693,240.0,13,20,12,7,2,40.0,77,1861,1.2172,11,1,9,1343,1368
soc_trang,mild,TwinGate+T2,1,240.0,mid,0.05,2024,2160,81,0,2.6148,240.0,11,13,12,2,1,20.0,79,1864,0.6085,12,0,11,1340,1367
soc_trang,mild,TwinGate+T2,2,240.0,mid,0.05,2024,2160,147,0,5.9755,240.0,10,15,12,5,5,100.0,80,1857,0.7454,10,0,9,1251,1199
soc_trang,mild,TwinGate+T2,3,240.0,mid,0.05,2024,2160,126,0,4.5101,240.0,10,14,12,4,5,100.0,80,1824,0.6086,11,0,10,1299,1276
soc_trang,mild,TwinGate+T2,4,240.0,mid,0.05,2024,2160,79,0,2.4223,240.0,12,16,12,4,3,60.0,78,1831,0.8607,12,0,11,1292,1359
soc_trang,mild,TwinGate+T2,5,240.0,mid,0.05,2024,2160,125,0,4.0592,240.0,11,17,12,6,5,100.0,79,1826,0.9623,11,0,10,1274,1292
soc_trang,mild,TwinGate+T2,6,240.0,mid,0.05,2024,2160,126,0,4.4915,240.0,9,14,12,5,5,100.0,81,1835,0.6086,9,1,7,1306,1236
soc_trang,mild,TwinGate+T2,7,240.0,mid,0.05,2024,2160,79,0,2.3798,240.0,12,18,12,6,4,80.0,78,1839,1.0541,11,1,9,1313,1333
soc_trang,mild,TwinGate+T2,8,240.0,mid,0.05,2024,2160,103,0,3.2286,240.0,12,19,12,7,2,40.0,78,1831,1.1386,11,0,10,1277,1302
soc_trang,mild,TwinGate+T2,9,240.0,mid,0.05,2024,2160,54,0,0.957,240.0,13,17,12,4,2,40.0,77,1804,1.2171,13,1,11,1343,1422
soc_trang,mild,TwinGate+blindARQ,0,240.0,mid,0.05,2024,2160,124,0,3.8232,240.0,10,14,12,4,2,40.0,80,1861,0.6086,11,0,10,1277,1303
soc_trang,mild,TwinGate+blindARQ,1,240.0,mid,0.05,2024,2160,81,0,2.6148,240.0,11,13,12,2,1,20.0,79,1864,0.6085,12,0,11,1340,1367
soc_trang,mild,TwinGate+blindARQ,2,240.0,mid,0.05,2024,2160,531,0,54.0557,240.0,5,13,12,8,7,140.0,85,1857,0.4303,6,0,5,1450,1334
soc_trang,mild,TwinGate+blindARQ,3,240.0,mid,0.05,2024,2160,264,0,17.3756,240.0,7,14,12,7,5,100.0,83,1824,0.6086,8,0,7,1281,1216
soc_trang,mild,TwinGate+blindARQ,4,240.0,mid,0.05,2024,2160,146,0,5.6173,240.0,9,15,12,6,3,60.0,81,1831,0.7454,10,0,9,1270,1221
soc_trang,mild,TwinGate+blindARQ,5,240.0,mid,0.05,2024,2160,241,0,14.3525,240.0,7,16,12,9,5,100.0,83,1826,0.8607,8,0,7,1253,1167
soc_trang,mild,TwinGate+blindARQ,6,240.0,mid,0.05,2024,2160,434,0,40.7685,240.0,6,13,12,7,6,120.0,84,1835,0.4303,7,0,6,1420,1323
soc_trang,mild,TwinGate+blindARQ,7,240.0,mid,0.05,2024,2160,148,0,6.3189,240.0,8,23,12,15,4,80.0,82,1839,1.7448,9,0,8,1272,1191
soc_trang,mild,TwinGate+blindARQ,8,240.0,mid,0.05,2024,2160,125,0,3.9837,240.0,10,21,12,11,2,40.0,80,1831,1.291,11,0,10,1280,1299
soc_trang,mild,TwinGate+blindARQ,9,240.0,mid,0.05,2024,2160,126,0,4.4421,240.0,10,18,12,8,2,40.0,80,1804,1.0541,11,0,10,1287,1309
soc_trang,mild,Reactive+T2,0,240.0,mid,0.05,2024,2160,553,0,56.7403,240.0,5,6,4,1,0,0.0,0,1861,1.2907,3,0,2,1302,1105
soc_trang,mild,Reactive+T2,1,240.0,mid,0.05,2024,2160,701,0,79.1689,240.0,4,6,4,2,1,60.0,0,1864,1.2646,3,0,2,1473,1260
soc_trang,mild,Reactive+T2,2,240.0,mid,0.05,2024,2160,726,0,82.3484,240.0,3,5,4,2,1,60.0,0,1857,0.9214,2,0,1,1482,1260
soc_trang,mild,Reactive+T2,3,240.0,mid,0.05,2024,2160,726,0,82.3673,240.0,3,4,4,1,2,120.0,0,1824,0.0,2,0,1,1481,1259
soc_trang,mild,Reactive+T2,4,240.0,mid,0.05,2024,2160,726,0,82.3673,240.0,3,4,4,1,1,60.0,0,1831,0.0,2,0,1,1481,1259
soc_trang,mild,Reactive+T2,5,240.0,mid,0.05,2024,2160,726,0,82.3673,240.0,3,4,4,1,1,60.0,0,1826,0.0,2,0,1,1481,1259
soc_trang,mild,Reactive+T2,6,240.0,mid,0.05,2024,2160,726,0,82.3484,240.0,3,6,4,3,2,120.0,0,1835,1.2388,2,0,1,1481,1261
soc_trang,mild,Reactive+T2,7,240.0,mid,0.05,2024,2160,726,0,82.3484,240.0,3,5,4,2,2,120.0,0,1839,0.0002,2,0,1,1481,1259
soc_trang,mild,Reactive+T2,8,240.0,mid,0.05,2024,2160,576,0,59.9676,240.0,4,4,4,0,0,0.0,0,1831,0.0,3,0,2,1302,1106
soc_trang,mild,Reactive+T2,9,240.0,mid,0.05,2024,2160,726,0,82.3673,240.0,3,4,4,1,1,60.0,0,1804,0.0,2,0,1,1481,1259
soc_trang,mild,Reactive+blindARQ,0,240.0,mid,0.05,2024,2160,576,0,59.9676,240.0,4,6,4,2,0,0.0,0,1861,1.2907,3,0,2,1304,1108
soc_trang,mild,Reactive+blindARQ,1,240.0,mid,0.05,2024,2160,726,0,82.3316,240.0,3,7,4,4,1,60.0,0,1864,1.5646,2,0,1,1482,1262
soc_trang,mild,Reactive+blindARQ,2,240.0,mid,0.05,2024,2160,911,0,104.8334,240.0,2,4,4,2,2,120.0,0,1857,0.0,1,0,0,1664,1416
soc_trang,mild,Reactive+blindARQ,3,240.0,mid,0.05,2024,2160,911,0,104.8334,240.0,2,4,4,2,2,120.0,0,1824,0.0,1,0,0,1664,1416
soc_trang,mild,Reactive+blindARQ,4,240.0,mid,0.05,2024,2160,726,0,82.3673,240.0,3,4,4,1,1,60.0,0,1831,0.0,2,0,1,1481,1259
soc_trang,mild,Reactive+blindARQ,5,240.0,mid,0.05,2024,2160,726,0,82.3673,240.0,3,4,4,1,1,60.0,0,1826,0.0,2,0,1,1481,1259
soc_trang,mild,Reactive+blindARQ,6,240.0,mid,0.05,2024,2160,1105,0,128.0423,240.0,1,7,4,6,3,180.0,0,1835,0.8577,1,0,0,1815,1551
soc_trang,mild,Reactive+blindARQ,7,240.0,mid,0.05,2024,2160,911,0,104.8363,240.0,2,5,4,3,2,120.0,0,1839,0.0002,1,0,0,1664,1416
soc_trang,mild,Reactive+blindARQ,8,240.0,mid,0.05,2024,2160,576,0,59.9676,240.0,4,4,4,0,0,0.0,0,1831,0.0,3,0,2,1302,1106
soc_trang,mild,Reactive+blindARQ,9,240.0,mid,0.05,2024,2160,726,0,82.3673,240.0,3,4,4,1,1,60.0,0,1804,0.0,2,0,1,1481,1259
soc_trang,mild,FixedSchedule,0,240.0,mid,0.05,2024,2160,888,0,101.8985,240.0,4,4,4,0,0,0.0,0,1861,0.0,1,0,0,1641,1343
soc_trang,mild,FixedSchedule,1,240.0,mid,0.05,2024,2160,1032,0,116.8256,240.0,3,4,4,1,1,60.0,0,1864,0.0,1,0,0,1741,1459
soc_trang,mild,FixedSchedule,2,240.0,mid,0.05,2024,2160,1136,0,134.1085,240.0,2,4,4,2,2,120.0,0,1857,0.0,1,0,0,1863,1580
soc_trang,mild,FixedSchedule,3,240.0,mid,0.05,2024,2160,1136,0,134.1085,240.0,2,4,4,2,2,120.0,0,1824,0.0,1,0,0,1863,1580
soc_trang,mild,FixedSchedule,4,240.0,mid,0.05,2024,2160,1032,0,116.841,240.0,3,6,4,3,1,60.0,0,1831,0.8993,1,0,0,1741,1459
soc_trang,mild,FixedSchedule,5,240.0,mid,0.05,2024,2160,1032,0,116.841,240.0,3,4,4,1,1,60.0,0,1826,0.0,1,0,0,1741,1459
soc_trang,mild,FixedSchedule,6,240.0,mid,0.05,2024,2160,1269,0,150.6759,240.0,1,4,4,3,3,180.0,0,1835,0.0,1,0,0,1980,1683
soc_trang,mild,FixedSchedule,7,240.0,mid,0.05,2024,2160,1136,0,134.1085,240.0,2,7,4,5,2,120.0,0,1839,0.6359,1,0,0,1863,1580
soc_trang,mild,FixedSchedule,8,240.0,mid,0.05,2024,2160,888,0,101.8985,240.0,4,4,4,0,0,0.0,0,1831,0.0,1,0,0,1641,1343
soc_trang,mild,FixedSchedule,9,240.0,mid,0.05,2024,2160,1032,0,116.841,240.0,3,4,4,1,1,60.0,0,1804,0.0,1,0,0,1741,1459
soc_trang,mild,Oracle,0,240.0,mid,0.05,2024,2160,0,0,0.0,200.0,10,14,10,4,1,20.0,0,1861,0.8607,11,10,0,1736,1683
soc_trang,mild,Oracle,1,240.0,mid,0.05,2024,2160,0,0,0.0,200.0,10,10,10,0,1,20.0,0,1864,0.0,11,10,0,1732,1683
soc_trang,mild,Oracle,2,240.0,mid,0.05,2024,2160,0,0,0.0,200.0,10,13,10,3,5,100.0,0,1857,0.7454,11,10,0,1732,1683
soc_trang,mild,Oracle,3,240.0,mid,0.05,2024,2160,0,0,0.0,200.0,10,14,10,4,3,60.0,0,1824,0.9623,11,10,0,1733,1683
soc_trang,mild,Oracle,4,240.0,mid,0.05,2024,2160,0,0,0.0,200.0,10,10,10,0,2,40.0,0,1831,0.0,11,10,0,1732,1683
soc_trang,mild,Oracle,5,240.0,mid,0.05,2024,2160,0,0,0.0,200.0,10,10,10,0,4,80.0,0,1826,0.0,11,10,0,1732,1683
soc_trang,mild,Oracle,6,240.0,mid,0.05,2024,2160,0,0,0.0,200.0,10,10,10,0,6,120.0,0,1835,0.0,11,10,0,1732,1683
soc_trang,mild,Oracle,7,240.0,mid,0.05,2024,2160,0,0,0.0,200.0,10,12,10,2,3,60.0,0,1839,0.7453,11,10,0,1731,1683
soc_trang,mild,Oracle,8,240.0,mid,0.05,2024,2160,0,0,0.0,200.0,10,14,10,4,1,20.0,0,1831,0.8607,11,10,0,1733,1683
soc_trang,mild,Oracle,9,240.0,mid,0.05,2024,2160,0,0,0.0,200.0,10,19,10,9,1,20.0,0,1804,1.6666,11,10,0,1738,1683
soc_trang,mild,TwinGate+T2+centre,0,240.0,mid,0.05,2024,2160,263,0,16.8131,240.0,12,16,12,4,2,40.0,78,1861,0.8607,9,0,8,1089,1051
soc_trang,mild,TwinGate+T2+centre,1,240.0,mid,0.05,2024,2160,262,0,16.7262,240.0,12,15,12,3,1,20.0,78,1864,0.7454,8,0,7,1070,1055
soc_trang,mild,TwinGate+T2+centre,2,240.0,mid,0.05,2024,2160,270,0,19.1835,240.0,9,13,12,4,7,140.0,81,1857,0.4303,5,0,4,1034,984
soc_trang,mild,TwinGate+T2+centre,3,240.0,mid,0.05,2024,2160,269,0,19.027,240.0,10,13,12,3,5,100.0,80,1824,0.4303,5,0,4,1035,981
soc_trang,mild,TwinGate+T2+centre,4,240.0,mid,0.05,2024,2160,268,0,18.8348,240.0,10,13,12,3,3,60.0,80,1831,0.4303,6,0,5,1046,987
soc_trang,mild,TwinGate+T2+centre,5,240.0,mid,0.05,2024,2160,269,0,19.0803,240.0,9,15,12,6,5,100.0,81,1826,0.8606,4,0,3,1047,938
soc_trang,mild,TwinGate+T2+centre,6,240.0,mid,0.05,2024,2160,268,0,18.9087,240.0,10,14,12,4,5,100.0,80,1835,0.6086,6,0,5,1042,991
soc_trang,mild,TwinGate+T2+centre,7,240.0,mid,0.05,2024,2160,270,0,19.2776,240.0,9,13,12,4,4,80.0,81,1839,0.4276,5,0,4,1029,984
soc_trang,mild,TwinGate+T2+centre,8,240.0,mid,0.05,2024,2160,268,0,18.9172,240.0,10,12,12,2,2,40.0,80,1831,0.0,6,0,5,1045,988
soc_trang,mild,TwinGate+T2+centre,9,240.0,mid,0.05,2024,2160,245,0,15.9917,240.0,13,18,12,5,2,40.0,77,1804,1.5513,6,0,5,1071,1075
soc_trang,mild,TwinGate+T2,0,240.0,narrow,0.1,2024,2160,145,0,5.5629,240.0,14,19,12,5,2,40.0,76,1861,1.2172,13,0,12,1287,1319
soc_trang,mild,TwinGate+T2,1,240.0,narrow,0.1,2024,2160,196,0,10.1325,240.0,11,12,12,1,1,20.0,79,1864,0.0,12,0,11,1214,1211
soc_trang,mild,TwinGate+T2,2,240.0,narrow,0.1,2024,2160,220,0,13.0017,240.0,9,14,12,5,7,140.0,81,1857,0.6086,10,0,9,1167,1097
soc_trang,mild,TwinGate+T2,3,240.0,narrow,0.1,2024,2160,219,0,12.8493,240.0,10,15,12,5,5,100.0,80,1824,0.7454,10,0,9,1152,1109
soc_trang,mild,TwinGate+T2,4,240.0,narrow,0.1,2024,2160,154,0,7.586,240.0,13,18,12,5,3,60.0,77,1831,1.2909,12,1,10,1242,1256
soc_trang,mild,TwinGate+T2,5,240.0,narrow,0.1,2024,2160,219,0,12.903,240.0,10,16,12,6,4,80.0,80,1826,0.8607,9,0,8,1143,1078
soc_trang,mild,TwinGate+T2,6,240.0,narrow,0.1,2024,2160,236,0,13.4072,240.0,9,13,12,4,6,120.0,81,1835,0.4303,10,0,9,1124,1113
soc_trang,mild,TwinGate+T2,7,240.0,narrow,0.1,2024,2160,214,0,11.2339,240.0,9,13,12,4,4,80.0,81,1839,0.4303,10,0,9,1162,1133
soc_trang,mild,TwinGate+T2,8,240.0,narrow,0.1,2024,2160,179,0,9.4521,240.0,14,18,12,4,2,40.0,76,1831,1.3608,13,0,12,1210,1246
soc_trang,mild,TwinGate+T2,9,240.0,narrow,0.1,2024,2160,213,0,10.9456,240.0,10,13,12,3,2,40.0,80,1804,0.4303,11,0,10,1166,1138
soc_trang,mild,TwinGate+blindARQ,0,240.0,narrow,0.1,2024,2160,177,0,9.1989,240.0,10,17,12,7,2,40.0,80,1861,1.0541,11,0,10,1216,1220
soc_trang,mild,TwinGate+blindARQ,1,240.0,narrow,0.1,2024,2160,196,0,10.1325,240.0,11,12,12,1,1,20.0,79,1864,0.0,12,0,11,1214,1211
soc_trang,mild,TwinGate+blindARQ,2,240.0,narrow,0.1,2024,2160,582,0,62.2181,240.0,5,15,12,10,7,140.0,85,1857,0.63,6,0,5,1434,1270
soc_trang,mild,TwinGate+blindARQ,3,240.0,narrow,0.1,2024,2160,340,0,28.1808,240.0,7,15,12,8,5,100.0,83,1824,0.8607,8,0,7,1225,1127
soc_trang,mild,TwinGate+blindARQ,4,240.0,narrow,0.1,2024,2160,218,0,12.7084,240.0,9,17,12,8,3,60.0,81,1831,1.2171,10,0,9,1173,1118
soc_trang,mild,TwinGate+blindARQ,5,240.0,narrow,0.1,2024,2160,306,0,22.7443,240.0,7,12,12,5,5,100.0,83,1826,0.0,8,0,7,1175,1071
soc_trang,mild,TwinGate+blindARQ,6,240.0,narrow,0.1,2024,2160,506,0,49.9343,240.0,6,18,12,12,6,120.0,84,1835,1.2172,7,0,6,1380,1256
soc_trang,mild,TwinGate+blindARQ,7,240.0,narrow,0.1,2024,2160,232,0,13.1427,240.0,8,14,12,6,4,80.0,82,1839,0.6086,9,0,8,1143,1063
soc_trang,mild,TwinGate+blindARQ,8,240.0,narrow,0.1,2024,2160,215,0,11.3094,240.0,10,24,12,14,2,40.0,80,1831,1.6968,11,0,10,1190,1159
soc_trang,mild,TwinGate+blindARQ,9,240.0,narrow,0.1,2024,2160,213,0,10.9456,240.0,10,13,12,3,2,40.0,80,1804,0.4303,11,0,10,1166,1138
soc_trang,mild,Reactive+T2,0,240.0,narrow,0.1,2024,2160,553,0,56.7403,240.0,5,6,4,1,0,0.0,0,1861,1.2907,3,0,2,1302,1105
soc_trang,mild,Reactive+T2,1,240.0,narrow,0.1,2024,2160,701,0,79.1689,240.0,4,6,4,2,1,60.0,0,1864,1.2646,3,0,2,1473,1260
soc_trang,mild,Reactive+T2,2,240.0,narrow,0.1,2024,2160,726,0,82.3484,240.0,3,5,4,2,1,60.0,0,1857,0.9214,2,0,1,1482,1260
soc_trang,mild,Reactive+T2,3,240.0,narrow,0.1,2024,2160,726,0,82.3673,240.0,3,4,4,1,2,120.0,0,1824,0.0,2,0,1,1481,1259
soc_trang,mild,Reactive+T2,4,240.0,narrow,0.1,2024,2160,726,0,82.3673,240.0,3,4,4,1,1,60.0,0,1831,0.0,2,0,1,1481,1259
soc_trang,mild,Reactive+T2,5,240.0,narrow,0.1,2024,2160,726,0,82.3673,240.0,3,4,4,1,1,60.0,0,1826,0.0,2,0,1,1481,1259
soc_trang,mild,Reactive+T2,6,240.0,narrow,0.1,2024,2160,726,0,82.3484,240.0,3,6,4,3,2,120.0,0,1835,1.2388,2,0,1,1481,1261
soc_trang,mild,Reactive+T2,7,240.0,narrow,0.1,2024,2160,726,0,82.3484,240.0,3,5,4,2,2,120.0,0,1839,0.0002,2,0,1,1481,1259
soc_trang,mild,Reactive+T2,8,240.0,narrow,0.1,2024,2160,576,0,59.9676,240.0,4,4,4,0,0,0.0,0,1831,0.0,3,0,2,1302,1106
soc_trang,mild,Reactive+T2,9,240.0,narrow,0.1,2024,2160,726,0,82.3673,240.0,3,4,4,1,1,60.0,0,1804,0.0,2,0,1,1481,1259
soc_trang,mild,Reactive+blindARQ,0,240.0,narrow,0.1,2024,2160,576,0,59.9676,240.0,4,6,4,2,0,0.0,0,1861,1.2907,3,0,2,1304,1108
soc_trang,mild,Reactive+blindARQ,1,240.0,narrow,0.1,2024,2160,726,0,82.3316,240.0,3,7,4,4,1,60.0,0,1864,1.5646,2,0,1,1482,1262
soc_trang,mild,Reactive+blindARQ,2,240.0,narrow,0.1,2024,2160,911,0,104.8334,240.0,2,4,4,2,2,120.0,0,1857,0.0,1,0,0,1664,1416
soc_trang,mild,Reactive+blindARQ,3,240.0,narrow,0.1,2024,2160,911,0,104.8334,240.0,2,4,4,2,2,120.0,0,1824,0.0,1,0,0,1664,1416
soc_trang,mild,Reactive+blindARQ,4,240.0,narrow,0.1,2024,2160,726,0,82.3673,240.0,3,4,4,1,1,60.0,0,1831,0.0,2,0,1,1481,1259
soc_trang,mild,Reactive+blindARQ,5,240.0,narrow,0.1,2024,2160,726,0,82.3673,240.0,3,4,4,1,1,60.0,0,1826,0.0,2,0,1,1481,1259
soc_trang,mild,Reactive+blindARQ,6,240.0,narrow,0.1,2024,2160,1105,0,128.0423,240.0,1,7,4,6,3,180.0,0,1835,0.8577,1,0,0,1815,1551
soc_trang,mild,Reactive+blindARQ,7,240.0,narrow,0.1,2024,2160,911,0,104.8363,240.0,2,5,4,3,2,120.0,0,1839,0.0002,1,0,0,1664,1416
soc_trang,mild,Reactive+blindARQ,8,240.0,narrow,0.1,2024,2160,576,0,59.9676,240.0,4,4,4,0,0,0.0,0,1831,0.0,3,0,2,1302,1106
soc_trang,mild,Reactive+blindARQ,9,240.0,narrow,0.1,2024,2160,726,0,82.3673,240.0,3,4,4,1,1,60.0,0,1804,0.0,2,0,1,1481,1259
soc_trang,mild,FixedSchedule,0,240.0,narrow,0.1,2024,2160,888,0,101.8985,240.0,4,4,4,0,0,0.0,0,1861,0.0,1,0,0,1641,1343
soc_trang,mild,FixedSchedule,1,240.0,narrow,0.1,2024,2160,1032,0,116.8256,240.0,3,4,4,1,1,60.0,0,1864,0.0,1,0,0,1741,1459
soc_trang,mild,FixedSchedule,2,240.0,narrow,0.1,2024,2160,1136,0,134.1085,240.0,2,4,4,2,2,120.0,0,1857,0.0,1,0,0,1863,1580
soc_trang,mild,FixedSchedule,3,240.0,narrow,0.1,2024,2160,1136,0,134.1085,240.0,2,4,4,2,2,120.0,0,1824,0.0,1,0,0,1863,1580
soc_trang,mild,FixedSchedule,4,240.0,narrow,0.1,2024,2160,1032,0,116.841,240.0,3,6,4,3,1,60.0,0,1831,0.8993,1,0,0,1741,1459
soc_trang,mild,FixedSchedule,5,240.0,narrow,0.1,2024,2160,1032,0,116.841,240.0,3,4,4,1,1,60.0,0,1826,0.0,1,0,0,1741,1459
soc_trang,mild,FixedSchedule,6,240.0,narrow,0.1,2024,2160,1269,0,150.6759,240.0,1,4,4,3,3,180.0,0,1835,0.0,1,0,0,1980,1683
soc_trang,mild,FixedSchedule,7,240.0,narrow,0.1,2024,2160,1136,0,134.1085,240.0,2,7,4,5,2,120.0,0,1839,0.6359,1,0,0,1863,1580
soc_trang,mild,FixedSchedule,8,240.0,narrow,0.1,2024,2160,888,0,101.8985,240.0,4,4,4,0,0,0.0,0,1831,0.0,1,0,0,1641,1343
soc_trang,mild,FixedSchedule,9,240.0,narrow,0.1,2024,2160,1032,0,116.841,240.0,3,4,4,1,1,60.0,0,1804,0.0,1,0,0,1741,1459
soc_trang,mild,Oracle,0,240.0,narrow,0.1,2024,2160,0,0,0.0,200.0,10,14,10,4,1,20.0,0,1861,0.8607,11,10,0,1736,1683
soc_trang,mild,Oracle,1,240.0,narrow,0.1,2024,2160,0,0,0.0,200.0,10,10,10,0,1,20.0,0,1864,0.0,11,10,0,1732,1683
soc_trang,mild,Oracle,2,240.0,narrow,0.1,2024,2160,0,0,0.0,200.0,10,13,10,3,5,100.0,0,1857,0.7454,11,10,0,1732,1683
soc_trang,mild,Oracle,3,240.0,narrow,0.1,2024,2160,0,0,0.0,200.0,10,14,10,4,3,60.0,0,1824,0.9623,11,10,0,1733,1683
soc_trang,mild,Oracle,4,240.0,narrow,0.1,2024,2160,0,0,0.0,200.0,10,10,10,0,2,40.0,0,1831,0.0,11,10,0,1732,1683
soc_trang,mild,Oracle,5,240.0,narrow,0.1,2024,2160,0,0,0.0,200.0,10,10,10,0,4,80.0,0,1826,0.0,11,10,0,1732,1683
soc_trang,mild,Oracle,6,240.0,narrow,0.1,2024,2160,0,0,0.0,200.0,10,10,10,0,6,120.0,0,1835,0.0,11,10,0,1732,1683
soc_trang,mild,Oracle,7,240.0,narrow,0.1,2024,2160,0,0,0.0,200.0,10,12,10,2,3,60.0,0,1839,0.7453,11,10,0,1731,1683
soc_trang,mild,Oracle,8,240.0,narrow,0.1,2024,2160,0,0,0.0,200.0,10,14,10,4,1,20.0,0,1831,0.8607,11,10,0,1733,1683
soc_trang,mild,Oracle,9,240.0,narrow,0.1,2024,2160,0,0,0.0,200.0,10,19,10,9,1,20.0,0,1804,1.6666,11,10,0,1738,1683
soc_trang,mild,TwinGate+T2+centre,0,240.0,narrow,0.1,2024,2160,145,0,5.5629,240.0,14,19,12,5,2,40.0,76,1861,1.2172,13,0,12,1287,1319
soc_trang,mild,TwinGate+T2+centre,1,240.0,narrow,0.1,2024,2160,196,0,10.1325,240.0,11,12,12,1,1,20.0,79,1864,0.0,12,0,11,1214,1211
soc_trang,mild,TwinGate+T2+centre,2,240.0,narrow,0.1,2024,2160,220,0,13.0017,240.0,9,14,12,5,7,140.0,81,1857,0.6086,10,0,9,1167,1097
soc_trang,mild,TwinGate+T2+centre,3,240.0,narrow,0.1,2024,2160,219,0,12.8493,240.0,10,15,12,5,5,100.0,80,1824,0.7454,10,0,9,1152,1109
soc_trang,mild,TwinGate+T2+centre,4,240.0,narrow,0.1,2024,2160,154,0,7.586,240.0,13,18,12,5,3,60.0,77,1831,1.2909,12,1,10,1242,1256
soc_trang,mild,TwinGate+T2+centre,5,240.0,narrow,0.1,2024,2160,219,0,12.903,240.0,10,16,12,6,4,80.0,80,1826,0.8607,9,0,8,1143,1078
soc_trang,mild,TwinGate+T2+centre,6,240.0,narrow,0.1,2024,2160,236,0,13.4072,240.0,9,13,12,4,6,120.0,81,1835,0.4303,10,0,9,1124,1113
soc_trang,mild,TwinGate+T2+centre,7,240.0,narrow,0.1,2024,2160,214,0,11.2339,240.0,9,13,12,4,4,80.0,81,1839,0.4303,10,0,9,1162,1133
soc_trang,mild,TwinGate+T2+centre,8,240.0,narrow,0.1,2024,2160,179,0,9.4521,240.0,14,18,12,4,2,40.0,76,1831,1.3608,13,0,12,1210,1246
soc_trang,mild,TwinGate+T2+centre,9,240.0,narrow,0.1,2024,2160,213,0,10.9456,240.0,10,13,12,3,2,40.0,80,1804,0.4303,11,0,10,1166,1138
soc_trang,mild,TwinGate+T2,0,320.0,awd,0.02,2024,2160,0,0,0.0,280.0,11,15,14,4,3,60.0,79,1861,0.6086,11,9,2,1070,1359
soc_trang,mild,TwinGate+T2,1,320.0,awd,0.02,2024,2160,0,0,0.0,240.0,13,17,12,4,1,20.0,77,1864,1.0541,11,8,3,885,1367
soc_trang,mild,TwinGate+T2,2,320.0,awd,0.02,2024,2160,0,0,0.0,280.0,10,15,14,5,7,140.0,80,1857,0.4303,10,9,1,1070,1342
soc_trang,mild,TwinGate+T2,3,320.0,awd,0.02,2024,2160,0,0,0.0,260.0,11,18,13,7,6,120.0,79,1824,0.9623,10,8,2,905,1203
soc_trang,mild,TwinGate+T2,4,320.0,awd,0.02,2024,2160,0,0,0.0,260.0,11,15,13,4,4,80.0,79,1831,0.6086,11,9,2,1076,1364
soc_trang,mild,TwinGate+T2,5,320.0,awd,0.02,2024,2160,0,0,0.0,280.0,10,16,14,6,7,140.0,80,1826,0.7451,9,9,0,890,1145
soc_trang,mild,TwinGate+T2,6,320.0,awd,0.02,2024,2160,0,0,0.0,260.0,8,13,13,5,7,140.0,82,1835,0.0,8,8,0,756,1032
soc_trang,mild,TwinGate+T2,7,320.0,awd,0.02,2024,2160,0,0,0.0,260.0,12,19,13,7,4,80.0,78,1839,1.0541,10,8,2,858,1154
soc_trang,mild,TwinGate+T2,8,320.0,awd,0.02,2024,2160,0,0,0.0,240.0,12,17,12,5,2,40.0,78,1831,0.9623,11,8,2,1483,1445
soc_trang,mild,TwinGate+T2,9,320.0,awd,0.02,2024,2160,12,0,0.1093,240.0,14,20,12,6,2,40.0,76,1804,1.6661,11,7,4,872,1362
soc_trang,mild,TwinGate+blindARQ,0,320.0,awd,0.02,2024,2160,0,0,0.0,280.0,11,15,14,4,3,60.0,79,1861,0.6086,11,9,2,1070,1359
soc_trang,mild,TwinGate+blindARQ,1,320.0,awd,0.02,2024,2160,0,0,0.0,240.0,11,20,12,9,1,20.0,79,1864,1.8612,11,8,3,924,1422
soc_trang,mild,TwinGate+blindARQ,2,320.0,awd,0.02,2024,2160,0,0,0.0,320.0,8,17,16,9,8,160.0,82,1857,0.4303,8,8,0,758,1249
soc_trang,mild,TwinGate+blindARQ,3,320.0,awd,0.02,2024,2160,0,0,0.0,320.0,8,20,16,12,8,160.0,82,1824,0.9623,8,8,0,872,1125
soc_trang,mild,TwinGate+blindARQ,4,320.0,awd,0.02,2024,2160,0,0,0.0,260.0,9,16,13,7,4,80.0,81,1831,0.7454,9,8,1,826,1186
soc_trang,mild,TwinGate+blindARQ,5,320.0,awd,0.02,2024,2160,0,0,0.0,280.0,7,19,14,12,7,140.0,83,1826,1.5039,8,7,0,1337,1270
soc_trang,mild,TwinGate+blindARQ,6,320.0,awd,0.02,2024,2160,0,0,0.0,320.0,7,20,16,13,9,180.0,83,1835,0.4303,8,7,0,1252,1107
soc_trang,mild,TwinGate+blindARQ,7,320.0,awd,0.02,2024,2160,0,0,0.0,260.0,8,18,13,10,5,100.0,82,1839,0.9623,8,8,0,783,1034
soc_trang,mild,TwinGate+blindARQ,8,320.0,awd,0.02,2024,2160,0,0,0.0,260.0,11,21,13,10,2,40.0,79,1831,1.2172,11,9,2,1082,1368
soc_trang,mild,TwinGate+blindARQ,9,320.0,awd,0.02,2024,2160,0,0,0.0,260.0,11,28,13,17,2,40.0,79,1804,2.505,11,9,2,1105,1399
soc_trang,mild,Reactive+T2,0,320.0,awd,0.02,2024,2160,314,0,24.763,320.0,7,8,6,1,0,0.0,0,1861,1.2907,3,0,2,1084,914
soc_trang,mild,Reactive+T2,1,320.0,awd,0.02,2024,2160,480,0,45.6995,320.0,6,9,6,3,1,60.0,0,1864,1.4031,4,0,3,1221,1046
soc_trang,mild,Reactive+T2,2,320.0,awd,0.02,2024,2160,504,0,49.016,320.0,5,8,6,3,1,60.0,0,1857,1.0169,3,0,2,1228,1047
soc_trang,mild,Reactive+T2,3,320.0,awd,0.02,2024,2160,480,0,45.7,320.0,6,8,6,2,3,140.0,0,1824,1.2907,3,0,2,1229,1044
soc_trang,mild,Reactive+T2,4,320.0,awd,0.02,2024,2160,504,0,49.0173,320.0,5,6,6,1,1,60.0,0,1831,0.0,3,0,2,1227,1045
soc_trang,mild,Reactive+T2,5,320.0,awd,0.02,2024,2160,504,0,49.0173,320.0,5,6,6,1,2,80.0,0,1826,0.0,3,0,2,1227,1045
soc_trang,mild,Reactive+T2,6,320.0,awd,0.02,2024,2160,504,0,49.0173,320.0,5,8,6,3,2,120.0,0,1835,1.2388,3,0,2,1227,1047
soc_trang,mild,Reactive+T2,7,320.0,awd,0.02,2024,2160,504,0,49.0173,320.0,5,8,6,3,2,120.0,0,1839,0.912,3,0,2,1228,1046
soc_trang,mild,Reactive+T2,8,320.0,awd,0.02,2024,2160,504,0,49.0173,320.0,5,6,6,1,1,60.0,0,1831,0.0,3,0,2,1227,1045
soc_trang,mild,Reactive+T2,9,320.0,awd,0.02,2024,2160,504,0,49.0173,320.0,5,6,6,1,1,60.0,0,1804,0.0,3,0,2,1227,1045
soc_trang,mild,Reactive+blindARQ,0,320.0,awd,0.02,2024,2160,339,0,28.0397,320.0,6,9,6,3,0,0.0,0,1861,1.5455,3,0,2,1086,917
soc_trang,mild,Reactive+blindARQ,1,320.0,awd,0.02,2024,2160,504,0,49.0173,320.0,5,9,6,4,1,60.0,0,1864,1.5646,3,0,2,1228,1048
soc_trang,mild,Reactive+blindARQ,2,320.0,awd,0.02,2024,2160,650,0,71.5494,320.0,4,7,6,3,3,140.0,0,1857,0.9213,3,0,2,1397,1202
soc_trang,mild,Reactive+blindARQ,3,320.0,awd,0.02,2024,2160,650,0,71.5645,320.0,4,9,6,5,2,120.0,0,1824,0.8607,3,0,2,1399,1204
soc_trang,mild,Reactive+blindARQ,4,320.0,awd,0.02,2024,2160,504,0,49.0173,320.0,5,6,6,1,1,60.0,0,1831,0.0,3,0,2,1227,1045
soc_trang,mild,Reactive+blindARQ,5,320.0,awd,0.02,2024,2160,504,0,49.0173,320.0,5,6,6,1,2,80.0,0,1826,0.0,3,0,2,1227,1045
soc_trang,mild,Reactive+blindARQ,6,320.0,awd,0.02,2024,2160,821,0,94.3382,320.0,3,10,6,7,3,180.0,0,1835,1.2377,2,0,1,1577,1360
soc_trang,mild,Reactive+blindARQ,7,320.0,awd,0.02,2024,2160,650,0,71.5645,320.0,4,8,6,4,2,120.0,0,1839,0.4303,3,0,2,1397,1202
soc_trang,mild,Reactive+blindARQ,8,320.0,awd,0.02,2024,2160,504,0,49.0173,320.0,5,6,6,1,1,60.0,0,1831,0.0,3,0,2,1227,1045
soc_trang,mild,Reactive+blindARQ,9,320.0,awd,0.02,2024,2160,504,0,49.0173,320.0,5,6,6,1,1,60.0,0,1804,0.0,3,0,2,1227,1045
soc_trang,mild,FixedSchedule,0,320.0,awd,0.02,2024,2160,676,0,75.2175,320.0,6,6,6,0,0,0.0,0,1861,0.0,1,0,0,1405,1138
soc_trang,mild,FixedSchedule,1,320.0,awd,0.02,2024,2160,796,0,91.233,320.0,5,6,6,1,1,60.0,0,1864,0.0,2,0,1,1555,1282
soc_trang,mild,FixedSchedule,2,320.0,awd,0.02,2024,2160,915,0,106.3076,320.0,4,6,6,2,3,140.0,0,1857,0.0,1,0,0,1668,1401
soc_trang,mild,FixedSchedule,3,320.0,awd,0.02,2024,2160,915,0,106.3076,320.0,4,6,6,2,3,140.0,0,1824,0.0,1,0,0,1668,1401
soc_trang,mild,FixedSchedule,4,320.0,awd,0.02,2024,2160,796,0,91.233,320.0,5,8,6,3,1,60.0,0,1831,0.8993,2,0,1,1555,1282
soc_trang,mild,FixedSchedule,5,320.0,awd,0.02,2024,2160,796,0,91.233,320.0,5,6,6,1,2,80.0,0,1826,0.0,2,0,1,1555,1282
soc_trang,mild,FixedSchedule,6,320.0,awd,0.02,2024,2160,1061,0,122.0654,320.0,3,6,6,3,3,180.0,0,1835,0.0,1,0,0,1785,1520
soc_trang,mild,FixedSchedule,7,320.0,awd,0.02,2024,2160,915,0,106.3076,320.0,4,13,6,9,2,120.0,0,1839,5.9049,1,0,0,1668,1405
soc_trang,mild,FixedSchedule,8,320.0,awd,0.02,2024,2160,796,0,91.233,320.0,5,7,6,2,1,60.0,0,1831,0.0,2,0,1,1555,1282
soc_trang,mild,FixedSchedule,9,320.0,awd,0.02,2024,2160,796,0,91.233,320.0,5,6,6,1,1,60.0,0,1804,0.0,2,0,1,1555,1282
soc_trang,mild,Oracle,0,320.0,awd,0.02,2024,2160,0,0,0.0,260.0,10,15,10,5,1,40.0,0,1861,1.4272,10,7,3,900,1165
soc_trang,mild,Oracle,1,320.0,awd,0.02,2024,2160,0,0,0.0,260.0,10,13,10,3,1,20.0,0,1864,1.291,10,7,3,898,1165
soc_trang,mild,Oracle,2,320.0,awd,0.02,2024,2160,0,0,0.0,260.0,10,13,10,3,5,160.0,0,1857,0.7454,10,7,3,898,1163
soc_trang,mild,Oracle,3,320.0,awd,0.02,2024,2160,0,0,0.0,260.0,10,16,10,6,4,120.0,0,1824,1.1386,10,7,3,901,1163
soc_trang,mild,Oracle,4,320.0,awd,0.02,2024,2160,0,0,0.0,260.0,10,10,10,0,2,60.0,0,1831,0.0,10,7,3,895,1163
soc_trang,mild,Oracle,5,320.0,awd,0.02,2024,2160,0,0,0.0,260.0,10,10,10,0,4,120.0,0,1826,0.0,10,7,3,895,1163
soc_trang,mild,Oracle,6,320.0,awd,0.02,2024,2160,0,0,0.0,260.0,10,10,10,0,6,180.0,0,1835,0.0,10,7,3,895,1163
soc_trang,mild,Oracle,7,320.0,awd,0.02,2024,2160,0,0,0.0,260.0,10,11,10,1,3,100.0,0,1839,0.4303,10,7,3,896,1163
soc_trang,mild,Oracle,8,320.0,awd,0.02,2024,2160,0,0,0.0,260.0,10,14,10,4,1,20.0,0,1831,1.5516,10,7,3,899,1166
soc_trang,mild,Oracle,9,320.0,awd,0.02,2024,2160,0,0,0.0,260.0,10,15,10,5,2,60.0,0,1804,0.9623,10,7,3,900,1163
soc_trang,mild,TwinGate+T2+centre,0,320.0,awd,0.02,2024,2160,0,0,0.0,320.0,15,21,16,6,3,60.0,75,1861,0.9623,10,0,9,785,817
soc_trang,mild,TwinGate+T2+centre,1,320.0,awd,0.02,2024,2160,0,0,0.0,320.0,14,19,16,5,4,80.0,76,1864,0.7454,9,0,8,766,789
soc_trang,mild,TwinGate+T2+centre,2,320.0,awd,0.02,2024,2160,0,0,0.0,320.0,12,17,16,5,8,160.0,78,1857,0.4303,7,0,6,726,767
soc_trang,mild,TwinGate+T2+centre,3,320.0,awd,0.02,2024,2160,0,0,0.0,320.0,13,19,16,6,7,140.0,77,1824,0.7454,7,0,6,726,767
soc_trang,mild,TwinGate+T2+centre,4,320.0,awd,0.02,2024,2160,0,0,0.0,320.0,12,17,16,5,5,100.0,78,1831,0.4303,7,0,6,735,722
soc_trang,mild,TwinGate+T2+centre,5,320.0,awd,0.02,2024,2160,0,0,0.0,320.0,13,20,16,7,7,140.0,77,1826,0.9622,6,0,5,737,726
soc_trang,mild,TwinGate+T2+centre,6,320.0,awd,0.02,2024,2160,0,0,0.0,320.0,12,18,16,6,8,160.0,78,1835,0.6086,7,0,6,733,726
soc_trang,mild,TwinGate+T2+centre,7,320.0,awd,0.02,2024,2160,0,0,0.0,320.0,12,18,16,6,6,120.0,78,1839,0.6066,6,0,5,721,750
soc_trang,mild,TwinGate+T2+centre,8,320.0,awd,0.02,2024,2160,0,0,0.0,320.0,14,16,16,2,2,40.0,76,1831,0.0,8,0,7,734,775
soc_trang,mild,TwinGate+T2+centre,9,320.0,awd,0.02,2024,2160,0,0,0.0,320.0,18,25,16,7,3,60.0,72,1804,1.9234,8,0,7,782,861
soc_trang,mild,TwinGate+T2,0,320.0,mid,0.05,2024,2160,0,0,0.0,280.0,14,22,14,8,3,60.0,76,1861,1.2172,12,1,10,1210,1241
soc_trang,mild,TwinGate+T2,1,320.0,mid,0.05,2024,2160,0,0,0.0,280.0,12,15,14,3,2,40.0,78,1864,0.6085,13,0,12,1209,1261
soc_trang,mild,TwinGate+T2,2,320.0,mid,0.05,2024,2160,0,0,0.0,300.0,12,18,15,6,6,120.0,78,1857,0.7454,11,0,11,449,978
soc_trang,mild,TwinGate+T2,3,320.0,mid,0.05,2024,2160,0,0,0.0,300.0,11,17,15,6,7,140.0,79,1824,0.6086,11,0,11,469,1003
soc_trang,mild,TwinGate+T2,4,320.0,mid,0.05,2024,2160,0,0,0.0,300.0,13,19,15,6,5,100.0,77,1831,0.8607,12,0,12,498,896
soc_trang,mild,TwinGate+T2,5,320.0,mid,0.05,2024,2160,0,0,0.0,300.0,13,20,15,7,7,140.0,77,1826,0.9623,12,0,12,495,935
soc_trang,mild,TwinGate+T2,6,320.0,mid,0.05,2024,2160,0,0,0.0,300.0,10,17,15,7,7,140.0,80,1835,0.6086,9,1,8,476,962
soc_trang,mild,TwinGate+T2,7,320.0,mid,0.05,2024,2160,0,0,0.0,300.0,13,21,15,8,6,120.0,77,1839,1.0541,11,1,10,520,864
soc_trang,mild,TwinGate+T2,8,320.0,mid,0.05,2024,2160,0,0,0.0,280.0,14,21,14,7,2,40.0,76,1831,1.1386,13,0,12,1160,1245
soc_trang,mild,TwinGate+T2,9,320.0,mid,0.05,2024,2160,0,0,0.0,300.0,15,20,15,5,3,60.0,75,1804,1.2171,14,1,13,615,1058
soc_trang,mild,TwinGate+blindARQ,0,320.0,mid,0.05,2024,2160,0,0,0.0,300.0,12,19,15,7,3,60.0,78,1861,0.8607,12,0,12,497,938
soc_trang,mild,TwinGate+blindARQ,1,320.0,mid,0.05,2024,2160,0,0,0.0,320.0,12,17,16,5,4,80.0,78,1864,0.6085,13,0,12,1159,1174
soc_trang,mild,TwinGate+blindARQ,2,320.0,mid,0.05,2024,2160,149,0,6.6513,320.0,8,18,16,10,8,160.0,82,1857,0.6086,9,0,8,1229,1218
soc_trang,mild,TwinGate+blindARQ,3,320.0,mid,0.05,2024,2160,0,0,0.0,320.0,8,19,16,11,8,160.0,82,1824,0.7454,9,0,8,1031,995
soc_trang,mild,TwinGate+blindARQ,4,320.0,mid,0.05,2024,2160,0,0,0.0,320.0,11,19,16,8,5,100.0,79,1831,0.7454,11,0,11,489,789
soc_trang,mild,TwinGate+blindARQ,5,320.0,mid,0.05,2024,2160,0,0,0.0,320.0,9,21,16,12,7,140.0,81,1826,0.9623,10,0,9,1129,1095
soc_trang,mild,TwinGate+blindARQ,6,320.0,mid,0.05,2024,2160,126,0,4.3603,320.0,7,17,16,10,9,180.0,83,1835,0.4303,8,0,7,1174,1116
soc_trang,mild,TwinGate+blindARQ,7,320.0,mid,0.05,2024,2160,0,0,0.0,300.0,9,28,15,19,6,120.0,81,1839,1.8479,10,0,9,1066,974
soc_trang,mild,TwinGate+blindARQ,8,320.0,mid,0.05,2024,2160,0,0,0.0,300.0,13,24,15,11,2,40.0,77,1831,1.291,13,0,13,543,952
soc_trang,mild,TwinGate+blindARQ,9,320.0,mid,0.05,2024,2160,0,0,0.0,300.0,12,25,15,13,3,60.0,78,1804,1.5515,12,0,12,531,946
soc_trang,mild,Reactive+T2,0,320.0,mid,0.05,2024,2160,314,0,24.763,320.0,7,8,6,1,0,0.0,0,1861,1.2907,3,0,2,1084,914
soc_trang,mild,Reactive+T2,1,320.0,mid,0.05,2024,2160,480,0,45.6995,320.0,6,9,6,3,1,60.0,0,1864,1.4031,4,0,3,1221,1046
soc_trang,mild,Reactive+T2,2,320.0,mid,0.05,2024,2160,504,0,49.016,320.0,5,8,6,3,1,60.0,0,1857,1.0169,3,0,2,1228,1047
soc_trang,mild,Reactive+T2,3,320.0,mid,0.05,2024,2160,480,0,45.7,320.0,6,8,6,2,3,140.0,0,1824,1.2907,3,0,2,1229,1044
soc_trang,mild,Reactive+T2,4,320.0,mid,0.05,2024,2160,504,0,49.0173,320.0,5,6,6,1,1,60.0,0,1831,0.0,3,0,2,1227,1045
soc_trang,mild,Reactive+T2,5,320.0,mid,0.05,2024,2160,504,0,49.0173,320.0,5,6,6,1,2,80.0,0,1826,0.0,3,0,2,1227,1045
soc_trang,mild,Reactive+T2,6,320.0,mid,0.05,2024,2160,504,0,49.0173,320.0,5,8,6,3,2,120.0,0,1835,1.2388,3,0,2,1227,1047
soc_trang,mild,Reactive+T2,7,320.0,mid,0.05,2024,2160,504,0,49.0173,320.0,5,8,6,3,2,120.0,0,1839,0.912,3,0,2,1228,1046
soc_trang,mild,Reactive+T2,8,320.0,mid,0.05,2024,2160,504,0,49.0173,320.0,5,6,6,1,1,60.0,0,1831,0.0,3,0,2,1227,1045
soc_trang,mild,Reactive+T2,9,320.0,mid,0.05,2024,2160,504,0,49.0173,320.0,5,6,6,1,1,60.0,0,1804,0.0,3,0,2,1227,1045
soc_trang,mild,Reactive+blindARQ,0,320.0,mid,0.05,2024,2160,339,0,28.0397,320.0,6,9,6,3,0,0.0,0,1861,1.5455,3,0,2,1086,917
soc_trang,mild,Reactive+blindARQ,1,320.0,mid,0.05,2024,2160,504,0,49.0173,320.0,5,9,6,4,1,60.0,0,1864,1.5646,3,0,2,1228,1048
soc_trang,mild,Reactive+blindARQ,2,320.0,mid,0.05,2024,2160,650,0,71.5494,320.0,4,7,6,3,3,140.0,0,1857,0.9213,3,0,2,1397,1202
soc_trang,mild,Reactive+blindARQ,3,320.0,mid,0.05,2024,2160,650,0,71.5645,320.0,4,9,6,5,2,120.0,0,1824,0.8607,3,0,2,1399,1204
soc_trang,mild,Reactive+blindARQ,4,320.0,mid,0.05,2024,2160,504,0,49.0173,320.0,5,6,6,1,1,60.0,0,1831,0.0,3,0,2,1227,1045
soc_trang,mild,Reactive+blindARQ,5,320.0,mid,0.05,2024,2160,504,0,49.0173,320.0,5,6,6,1,2,80.0,0,1826,0.0,3,0,2,1227,1045
soc_trang,mild,Reactive+blindARQ,6,320.0,mid,0.05,2024,2160,821,0,94.3382,320.0,3,10,6,7,3,180.0,0,1835,1.2377,2,0,1,1577,1360
soc_trang,mild,Reactive+blindARQ,7,320.0,mid,0.05,2024,2160,650,0,71.5645,320.0,4,8,6,4,2,120.0,0,1839,0.4303,3,0,2,1397,1202
soc_trang,mild,Reactive+blindARQ,8,320.0,mid,0.05,2024,2160,504,0,49.0173,320.0,5,6,6,1,1,60.0,0,1831,0.0,3,0,2,1227,1045
soc_trang,mild,Reactive+blindARQ,9,320.0,mid,0.05,2024,2160,504,0,49.0173,320.0,5,6,6,1,1,60.0,0,1804,0.0,3,0,2,1227,1045
soc_trang,mild,FixedSchedule,0,320.0,mid,0.05,2024,2160,676,0,75.2175,320.0,6,6,6,0,0,0.0,0,1861,0.0,1,0,0,1405,1138
soc_trang,mild,FixedSchedule,1,320.0,mid,0.05,2024,2160,796,0,91.233,320.0,5,6,6,1,1,60.0,0,1864,0.0,2,0,1,1555,1282
soc_trang,mild,FixedSchedule,2,320.0,mid,0.05,2024,2160,915,0,106.3076,320.0,4,6,6,2,3,140.0,0,1857,0.0,1,0,0,1668,1401
soc_trang,mild,FixedSchedule,3,320.0,mid,0.05,2024,2160,915,0,106.3076,320.0,4,6,6,2,3,140.0,0,1824,0.0,1,0,0,1668,1401
soc_trang,mild,FixedSchedule,4,320.0,mid,0.05,2024,2160,796,0,91.233,320.0,5,8,6,3,1,60.0,0,1831,0.8993,2,0,1,1555,1282
soc_trang,mild,FixedSchedule,5,320.0,mid,0.05,2024,2160,796,0,91.233,320.0,5,6,6,1,2,80.0,0,1826,0.0,2,0,1,1555,1282
soc_trang,mild,FixedSchedule,6,320.0,mid,0.05,2024,2160,1061,0,122.0654,320.0,3,6,6,3,3,180.0,0,1835,0.0,1,0,0,1785,1520
soc_trang,mild,FixedSchedule,7,320.0,mid,0.05,2024,2160,915,0,106.3076,320.0,4,13,6,9,2,120.0,0,1839,5.9049,1,0,0,1668,1405
soc_trang,mild,FixedSchedule,8,320.0,mid,0.05,2024,2160,796,0,91.233,320.0,5,7,6,2,1,60.0,0,1831,0.0,2,0,1,1555,1282
soc_trang,mild,FixedSchedule,9,320.0,mid,0.05,2024,2160,796,0,91.233,320.0,5,6,6,1,1,60.0,0,1804,0.0,2,0,1,1555,1282
soc_trang,mild,Oracle,0,320.0,mid,0.05,2024,2160,0,0,0.0,260.0,10,15,10,5,1,40.0,0,1861,1.4272,10,7,3,900,1165
soc_trang,mild,Oracle,1,320.0,mid,0.05,2024,2160,0,0,0.0,260.0,10,13,10,3,1,20.0,0,1864,1.291,10,7,3,898,1165
soc_trang,mild,Oracle,2,320.0,mid,0.05,2024,2160,0,0,0.0,260.0,10,13,10,3,5,160.0,0,1857,0.7454,10,7,3,898,1163
soc_trang,mild,Oracle,3,320.0,mid,0.05,2024,2160,0,0,0.0,260.0,10,16,10,6,4,120.0,0,1824,1.1386,10,7,3,901,1163
soc_trang,mild,Oracle,4,320.0,mid,0.05,2024,2160,0,0,0.0,260.0,10,10,10,0,2,60.0,0,1831,0.0,10,7,3,895,1163
soc_trang,mild,Oracle,5,320.0,mid,0.05,2024,2160,0,0,0.0,260.0,10,10,10,0,4,120.0,0,1826,0.0,10,7,3,895,1163
soc_trang,mild,Oracle,6,320.0,mid,0.05,2024,2160,0,0,0.0,260.0,10,10,10,0,6,180.0,0,1835,0.0,10,7,3,895,1163
soc_trang,mild,Oracle,7,320.0,mid,0.05,2024,2160,0,0,0.0,260.0,10,11,10,1,3,100.0,0,1839,0.4303,10,7,3,896,1163
soc_trang,mild,Oracle,8,320.0,mid,0.05,2024,2160,0,0,0.0,260.0,10,14,10,4,1,20.0,0,1831,1.5516,10,7,3,899,1166
soc_trang,mild,Oracle,9,320.0,mid,0.05,2024,2160,0,0,0.0,260.0,10,15,10,5,2,60.0,0,1804,0.9623,10,7,3,900,1163
soc_trang,mild,TwinGate+T2+centre,0,320.0,mid,0.05,2024,2160,0,0,0.0,320.0,15,21,16,6,3,60.0,75,1861,0.9623,10,0,9,785,817
soc_trang,mild,TwinGate+T2+centre,1,320.0,mid,0.05,2024,2160,0,0,0.0,320.0,14,19,16,5,4,80.0,76,1864,0.7454,9,0,8,766,789
soc_trang,mild,TwinGate+T2+centre,2,320.0,mid,0.05,2024,2160,0,0,0.0,320.0,12,17,16,5,8,160.0,78,1857,0.4303,7,0,6,726,767
soc_trang,mild,TwinGate+T2+centre,3,320.0,mid,0.05,2024,2160,0,0,0.0,320.0,13,19,16,6,7,140.0,77,1824,0.7454,7,0,6,726,767
soc_trang,mild,TwinGate+T2+centre,4,320.0,mid,0.05,2024,2160,0,0,0.0,320.0,12,17,16,5,5,100.0,78,1831,0.4303,7,0,6,735,722
soc_trang,mild,TwinGate+T2+centre,5,320.0,mid,0.05,2024,2160,0,0,0.0,320.0,13,20,16,7,7,140.0,77,1826,0.9622,6,0,5,737,726
soc_trang,mild,TwinGate+T2+centre,6,320.0,mid,0.05,2024,2160,0,0,0.0,320.0,12,18,16,6,8,160.0,78,1835,0.6086,7,0,6,733,726
soc_trang,mild,TwinGate+T2+centre,7,320.0,mid,0.05,2024,2160,0,0,0.0,320.0,12,18,16,6,6,120.0,78,1839,0.6066,6,0,5,721,750
soc_trang,mild,TwinGate+T2+centre,8,320.0,mid,0.05,2024,2160,0,0,0.0,320.0,14,16,16,2,2,40.0,76,1831,0.0,8,0,7,734,775
soc_trang,mild,TwinGate+T2+centre,9,320.0,mid,0.05,2024,2160,0,0,0.0,320.0,18,25,16,7,3,60.0,72,1804,1.9234,8,0,7,782,861
soc_trang,mild,TwinGate+T2,0,320.0,narrow,0.1,2024,2160,0,0,0.0,300.0,16,22,15,6,3,60.0,74,1861,1.2172,15,0,14,1051,1143
soc_trang,mild,TwinGate+T2,1,320.0,narrow,0.1,2024,2160,0,0,0.0,320.0,14,17,16,3,4,80.0,76,1864,0.4303,14,0,14,355,729
soc_trang,mild,TwinGate+T2,2,320.0,narrow,0.1,2024,2160,0,0,0.0,320.0,12,18,16,6,8,160.0,78,1857,0.6086,12,0,12,283,774
soc_trang,mild,TwinGate+T2,3,320.0,narrow,0.1,2024,2160,0,0,0.0,320.0,12,20,16,8,8,160.0,78,1824,0.8607,11,0,11,251,785
soc_trang,mild,TwinGate+T2,4,320.0,narrow,0.1,2024,2160,0,0,0.0,320.0,15,22,16,7,5,100.0,75,1831,1.2909,13,1,12,411,773
soc_trang,mild,TwinGate+T2,5,320.0,narrow,0.1,2024,2160,0,0,0.0,320.0,13,20,16,7,6,120.0,77,1826,0.8607,11,0,11,280,716
soc_trang,mild,TwinGate+T2,6,320.0,narrow,0.1,2024,2160,0,0,0.0,320.0,11,17,16,6,9,180.0,79,1835,0.4303,11,0,11,246,804
soc_trang,mild,TwinGate+T2,7,320.0,narrow,0.1,2024,2160,0,0,0.0,320.0,11,17,16,6,6,120.0,79,1839,0.4303,11,0,11,286,681
soc_trang,mild,TwinGate+T2,8,320.0,narrow,0.1,2024,2160,0,0,0.0,320.0,18,22,16,4,2,40.0,72,1831,1.3608,16,0,16,403,836
soc_trang,mild,TwinGate+T2,9,320.0,narrow,0.1,2024,2160,0,0,0.0,320.0,14,19,16,5,3,60.0,76,1804,1.054,13,0,13,327,672
soc_trang,mild,TwinGate+blindARQ,0,320.0,narrow,0.1,2024,2160,0,0,0.0,320.0,13,22,16,9,3,60.0,77,1861,1.1386,13,0,13,399,776
soc_trang,mild,TwinGate+blindARQ,1,320.0,narrow,0.1,2024,2160,0,0,0.0,320.0,12,17,16,5,4,80.0,78,1864,0.4303,13,0,12,1057,1078
soc_trang,mild,TwinGate+blindARQ,2,320.0,narrow,0.1,2024,2160,260,0,16.2857,320.0,8,22,16,14,8,160.0,82,1857,0.976,9,0,8,1186,1096
soc_trang,mild,TwinGate+blindARQ,3,320.0,narrow,0.1,2024,2160,47,0,0.2991,320.0,8,19,16,11,8,160.0,82,1824,0.8607,9,0,8,991,919
soc_trang,mild,TwinGate+blindARQ,4,320.0,narrow,0.1,2024,2160,0,0,0.0,320.0,11,21,16,10,5,100.0,79,1831,1.2171,12,0,11,937,948
soc_trang,mild,TwinGate+blindARQ,5,320.0,narrow,0.1,2024,2160,57,0,1.295,320.0,9,16,16,7,7,140.0,81,1826,0.0,10,0,9,1025,971
soc_trang,mild,TwinGate+blindARQ,6,320.0,narrow,0.1,2024,2160,243,0,15.2655,320.0,7,22,16,15,9,180.0,83,1835,1.2172,8,0,7,1151,1051
soc_trang,mild,TwinGate+blindARQ,7,320.0,narrow,0.1,2024,2160,0,0,0.0,320.0,10,18,16,8,6,120.0,80,1839,0.6086,10,0,10,265,750
soc_trang,mild,TwinGate+blindARQ,8,320.0,narrow,0.1,2024,2160,0,0,0.0,320.0,14,28,16,14,2,40.0,76,1831,1.6968,14,0,14,342,727
soc_trang,mild,TwinGate+blindARQ,9,320.0,narrow,0.1,2024,2160,0,0,0.0,320.0,13,24,16,11,3,60.0,77,1804,1.4272,13,0,13,324,687
soc_trang,mild,Reactive+T2,0,320.0,narrow,0.1,2024,2160,314,0,24.763,320.0,7,8,6,1,0,0.0,0,1861,1.2907,3,0,2,1084,914
soc_trang,mild,Reactive+T2,1,320.0,narrow,0.1,2024,2160,480,0,45.6995,320.0,6,9,6,3,1,60.0,0,1864,1.4031,4,0,3,1221,1046
soc_trang,mild,Reactive+T2,2,320.0,narrow,0.1,2024,2160,504,0,49.016,320.0,5,8,6,3,1,60.0,0,1857,1.0169,3,0,2,1228,1047
soc_trang,mild,Reactive+T2,3,320.0,narrow,0.1,2024,2160,480,0,45.7,320.0,6,8,6,2,3,140.0,0,1824,1.2907,3,0,2,1229,1044
soc_trang,mild,Reactive+T2,4,320.0,narrow,0.1,2024,2160,504,0,49.0173,320.0,5,6,6,1,1,60.0,0,1831,0.0,3,0,2,1227,1045
soc_trang,mild,Reactive+T2,5,320.0,narrow,0.1,2024,2160,504,0,49.0173,320.0,5,6,6,1,2,80.0,0,1826,0.0,3,0,2,1227,1045
soc_trang,mild,Reactive+T2,6,320.0,narrow,0.1,2024,2160,504,0,49.0173,320.0,5,8,6,3,2,120.0,0,1835,1.2388,3,0,2,1227,1047
soc_trang,mild,Reactive+T2,7,320.0,narrow,0.1,2024,2160,504,0,49.0173,320.0,5,8,6,3,2,120.0,0,1839,0.912,3,0,2,1228,1046
soc_trang,mild,Reactive+T2,8,320.0,narrow,0.1,2024,2160,504,0,49.0173,320.0,5,6,6,1,1,60.0,0,1831,0.0,3,0,2,1227,1045
soc_trang,mild,Reactive+T2,9,320.0,narrow,0.1,2024,2160,504,0,49.0173,320.0,5,6,6,1,1,60.0,0,1804,0.0,3,0,2,1227,1045
soc_trang,mild,Reactive+blindARQ,0,320.0,narrow,0.1,2024,2160,339,0,28.0397,320.0,6,9,6,3,0,0.0,0,1861,1.5455,3,0,2,1086,917
soc_trang,mild,Reactive+blindARQ,1,320.0,narrow,0.1,2024,2160,504,0,49.0173,320.0,5,9,6,4,1,60.0,0,1864,1.5646,3,0,2,1228,1048
soc_trang,mild,Reactive+blindARQ,2,320.0,narrow,0.1,2024,2160,650,0,71.5494,320.0,4,7,6,3,3,140.0,0,1857,0.9213,3,0,2,1397,1202
soc_trang,mild,Reactive+blindARQ,3,320.0,narrow,0.1,2024,2160,650,0,71.5645,320.0,4,9,6,5,2,120.0,0,1824,0.8607,3,0,2,1399,1204
soc_trang,mild,Reactive+blindARQ,4,320.0,narrow,0.1,2024,2160,504,0,49.0173,320.0,5,6,6,1,1,60.0,0,1831,0.0,3,0,2,1227,1045
soc_trang,mild,Reactive+blindARQ,5,320.0,narrow,0.1,2024,2160,504,0,49.0173,320.0,5,6,6,1,2,80.0,0,1826,0.0,3,0,2,1227,1045
soc_trang,mild,Reactive+blindARQ,6,320.0,narrow,0.1,2024,2160,821,0,94.3382,320.0,3,10,6,7,3,180.0,0,1835,1.2377,2,0,1,1577,1360
soc_trang,mild,Reactive+blindARQ,7,320.0,narrow,0.1,2024,2160,650,0,71.5645,320.0,4,8,6,4,2,120.0,0,1839,0.4303,3,0,2,1397,1202
soc_trang,mild,Reactive+blindARQ,8,320.0,narrow,0.1,2024,2160,504,0,49.0173,320.0,5,6,6,1,1,60.0,0,1831,0.0,3,0,2,1227,1045
soc_trang,mild,Reactive+blindARQ,9,320.0,narrow,0.1,2024,2160,504,0,49.0173,320.0,5,6,6,1,1,60.0,0,1804,0.0,3,0,2,1227,1045
soc_trang,mild,FixedSchedule,0,320.0,narrow,0.1,2024,2160,676,0,75.2175,320.0,6,6,6,0,0,0.0,0,1861,0.0,1,0,0,1405,1138
soc_trang,mild,FixedSchedule,1,320.0,narrow,0.1,2024,2160,796,0,91.233,320.0,5,6,6,1,1,60.0,0,1864,0.0,2,0,1,1555,1282
soc_trang,mild,FixedSchedule,2,320.0,narrow,0.1,2024,2160,915,0,106.3076,320.0,4,6,6,2,3,140.0,0,1857,0.0,1,0,0,1668,1401
soc_trang,mild,FixedSchedule,3,320.0,narrow,0.1,2024,2160,915,0,106.3076,320.0,4,6,6,2,3,140.0,0,1824,0.0,1,0,0,1668,1401
soc_trang,mild,FixedSchedule,4,320.0,narrow,0.1,2024,2160,796,0,91.233,320.0,5,8,6,3,1,60.0,0,1831,0.8993,2,0,1,1555,1282
soc_trang,mild,FixedSchedule,5,320.0,narrow,0.1,2024,2160,796,0,91.233,320.0,5,6,6,1,2,80.0,0,1826,0.0,2,0,1,1555,1282
soc_trang,mild,FixedSchedule,6,320.0,narrow,0.1,2024,2160,1061,0,122.0654,320.0,3,6,6,3,3,180.0,0,1835,0.0,1,0,0,1785,1520
soc_trang,mild,FixedSchedule,7,320.0,narrow,0.1,2024,2160,915,0,106.3076,320.0,4,13,6,9,2,120.0,0,1839,5.9049,1,0,0,1668,1405
soc_trang,mild,FixedSchedule,8,320.0,narrow,0.1,2024,2160,796,0,91.233,320.0,5,7,6,2,1,60.0,0,1831,0.0,2,0,1,1555,1282
soc_trang,mild,FixedSchedule,9,320.0,narrow,0.1,2024,2160,796,0,91.233,320.0,5,6,6,1,1,60.0,0,1804,0.0,2,0,1,1555,1282
soc_trang,mild,Oracle,0,320.0,narrow,0.1,2024,2160,0,0,0.0,260.0,10,15,10,5,1,40.0,0,1861,1.4272,10,7,3,900,1165
soc_trang,mild,Oracle,1,320.0,narrow,0.1,2024,2160,0,0,0.0,260.0,10,13,10,3,1,20.0,0,1864,1.291,10,7,3,898,1165
soc_trang,mild,Oracle,2,320.0,narrow,0.1,2024,2160,0,0,0.0,260.0,10,13,10,3,5,160.0,0,1857,0.7454,10,7,3,898,1163
soc_trang,mild,Oracle,3,320.0,narrow,0.1,2024,2160,0,0,0.0,260.0,10,16,10,6,4,120.0,0,1824,1.1386,10,7,3,901,1163
soc_trang,mild,Oracle,4,320.0,narrow,0.1,2024,2160,0,0,0.0,260.0,10,10,10,0,2,60.0,0,1831,0.0,10,7,3,895,1163
soc_trang,mild,Oracle,5,320.0,narrow,0.1,2024,2160,0,0,0.0,260.0,10,10,10,0,4,120.0,0,1826,0.0,10,7,3,895,1163
soc_trang,mild,Oracle,6,320.0,narrow,0.1,2024,2160,0,0,0.0,260.0,10,10,10,0,6,180.0,0,1835,0.0,10,7,3,895,1163
soc_trang,mild,Oracle,7,320.0,narrow,0.1,2024,2160,0,0,0.0,260.0,10,11,10,1,3,100.0,0,1839,0.4303,10,7,3,896,1163
soc_trang,mild,Oracle,8,320.0,narrow,0.1,2024,2160,0,0,0.0,260.0,10,14,10,4,1,20.0,0,1831,1.5516,10,7,3,899,1166
soc_trang,mild,Oracle,9,320.0,narrow,0.1,2024,2160,0,0,0.0,260.0,10,15,10,5,2,60.0,0,1804,0.9623,10,7,3,900,1163
soc_trang,mild,TwinGate+T2+centre,0,320.0,narrow,0.1,2024,2160,0,0,0.0,300.0,16,22,15,6,3,60.0,74,1861,1.2172,15,0,14,1051,1143
soc_trang,mild,TwinGate+T2+centre,1,320.0,narrow,0.1,2024,2160,0,0,0.0,320.0,14,17,16,3,4,80.0,76,1864,0.4303,14,0,14,355,729
soc_trang,mild,TwinGate+T2+centre,2,320.0,narrow,0.1,2024,2160,0,0,0.0,320.0,12,18,16,6,8,160.0,78,1857,0.6086,12,0,12,283,774
soc_trang,mild,TwinGate+T2+centre,3,320.0,narrow,0.1,2024,2160,0,0,0.0,320.0,12,20,16,8,8,160.0,78,1824,0.8607,11,0,11,251,785
soc_trang,mild,TwinGate+T2+centre,4,320.0,narrow,0.1,2024,2160,0,0,0.0,320.0,15,22,16,7,5,100.0,75,1831,1.2909,13,1,12,411,773
soc_trang,mild,TwinGate+T2+centre,5,320.0,narrow,0.1,2024,2160,0,0,0.0,320.0,13,20,16,7,6,120.0,77,1826,0.8607,11,0,11,280,716
soc_trang,mild,TwinGate+T2+centre,6,320.0,narrow,0.1,2024,2160,0,0,0.0,320.0,11,17,16,6,9,180.0,79,1835,0.4303,11,0,11,246,804
soc_trang,mild,TwinGate+T2+centre,7,320.0,narrow,0.1,2024,2160,0,0,0.0,320.0,11,17,16,6,6,120.0,79,1839,0.4303,11,0,11,286,681
soc_trang,mild,TwinGate+T2+centre,8,320.0,narrow,0.1,2024,2160,0,0,0.0,320.0,18,22,16,4,2,40.0,72,1831,1.3608,16,0,16,403,836
soc_trang,mild,TwinGate+T2+centre,9,320.0,narrow,0.1,2024,2160,0,0,0.0,320.0,14,19,16,5,3,60.0,76,1804,1.054,13,0,13,327,672
soc_trang,mild,TwinGate+T2,0,400.0,awd,0.02,2024,2160,0,0,0.0,320.0,17,24,16,7,3,60.0,73,1861,1.2172,11,1,10,355,794
soc_trang,mild,TwinGate+T2,1,400.0,awd,0.02,2024,2160,0,0,0.0,320.0,15,20,16,5,4,80.0,75,1864,1.0538,12,1,11,316,679
soc_trang,mild,TwinGate+T2,2,400.0,awd,0.02,2024,2160,0,0,0.0,320.0,14,21,16,7,6,120.0,76,1857,0.9623,9,2,7,328,653
soc_trang,mild,TwinGate+T2,3,400.0,awd,0.02,2024,2160,0,0,0.0,320.0,14,20,16,6,8,160.0,76,1824,1.1386,11,2,9,315,655
soc_trang,mild,TwinGate+T2,4,400.0,awd,0.02,2024,2160,0,0,0.0,320.0,13,18,16,5,5,100.0,77,1831,0.6086,12,2,10,322,647
soc_trang,mild,TwinGate+T2,5,400.0,awd,0.02,2024,2160,0,0,0.0,340.0,12,19,17,7,8,160.0,78,1826,0.7451,7,1,6,276,554
soc_trang,mild,TwinGate+T2,6,400.0,awd,0.02,2024,2160,0,0,0.0,340.0,10,18,17,8,10,200.0,80,1835,0.4303,7,2,5,268,540
soc_trang,mild,TwinGate+T2,7,400.0,awd,0.02,2024,2160,0,0,0.0,340.0,13,21,17,8,6,120.0,77,1839,1.1386,10,2,8,309,621
soc_trang,mild,TwinGate+T2,8,400.0,awd,0.02,2024,2160,0,0,0.0,340.0,15,20,17,5,3,60.0,75,1831,0.7454,12,1,11,326,716
soc_trang,mild,TwinGate+T2,9,400.0,awd,0.02,2024,2160,0,0,0.0,320.0,16,24,16,8,3,60.0,74,1804,1.8748,10,1,9,352,659
soc_trang,mild,TwinGate+blindARQ,0,400.0,awd,0.02,2024,2160,0,0,0.0,320.0,13,23,16,10,3,60.0,77,1861,1.1386,10,1,9,312,689
soc_trang,mild,TwinGate+blindARQ,1,400.0,awd,0.02,2024,2160,0,0,0.0,340.0,13,26,17,13,4,80.0,77,1864,1.9581,11,2,9,421,871
soc_trang,mild,TwinGate+blindARQ,2,400.0,awd,0.02,2024,2160,0,0,0.0,340.0,9,26,17,17,8,160.0,81,1857,1.291,9,8,1,863,1100
soc_trang,mild,TwinGate+blindARQ,3,400.0,awd,0.02,2024,2160,0,0,0.0,360.0,9,28,18,19,9,180.0,81,1824,1.5132,9,3,6,515,769
soc_trang,mild,TwinGate+blindARQ,4,400.0,awd,0.02,2024,2160,0,0,0.0,320.0,11,18,16,7,5,100.0,79,1831,0.4338,11,2,9,374,953
soc_trang,mild,TwinGate+blindARQ,5,400.0,awd,0.02,2024,2160,0,0,0.0,340.0,9,19,17,10,8,160.0,81,1826,0.7451,9,3,6,535,829
soc_trang,mild,TwinGate+blindARQ,6,400.0,awd,0.02,2024,2160,0,0,0.0,380.0,7,23,19,16,12,240.0,83,1835,0.4303,8,6,1,1257,1165
soc_trang,mild,TwinGate+blindARQ,7,400.0,awd,0.02,2024,2160,0,0,0.0,360.0,10,21,18,11,8,160.0,80,1839,0.7454,7,2,5,268,542
soc_trang,mild,TwinGate+blindARQ,8,400.0,awd,0.02,2024,2160,0,0,0.0,340.0,14,20,17,6,3,60.0,76,1831,0.7454,12,1,11,328,705
soc_trang,mild,TwinGate+blindARQ,9,400.0,awd,0.02,2024,2160,0,0,0.0,320.0,13,30,16,17,3,60.0,77,1804,2.2648,12,1,11,338,680
soc_trang,mild,Reactive+T2,0,400.0,awd,0.02,2024,2160,52,0,0.763,400.0,8,9,7,1,0,0.0,0,1861,1.2907,4,0,3,855,710
soc_trang,mild,Reactive+T2,1,400.0,awd,0.02,2024,2160,243,0,15.301,400.0,7,10,7,3,1,60.0,0,1864,1.529,4,0,3,1002,842
soc_trang,mild,Reactive+T2,2,400.0,awd,0.02,2024,2160,413,0,38.4648,400.0,5,9,7,4,2,120.0,0,1857,1.2537,3,0,2,1158,976
soc_trang,mild,Reactive+T2,3,400.0,awd,0.02,2024,2160,389,0,35.1436,400.0,6,9,7,3,4,220.0,0,1824,1.2907,3,0,2,1158,974
soc_trang,mild,Reactive+T2,4,400.0,awd,0.02,2024,2160,267,0,18.5267,400.0,6,7,7,1,1,60.0,0,1831,0.0,3,0,2,1011,841
soc_trang,mild,Reactive+T2,5,400.0,awd,0.02,2024,2160,267,0,18.5267,400.0,6,8,7,2,3,160.0,0,1826,0.0,3,0,2,1011,841
soc_trang,mild,Reactive+T2,6,400.0,awd,0.02,2024,2160,267,0,18.5267,400.0,6,9,7,3,3,160.0,0,1835,1.2388,3,0,2,1011,843
soc_trang,mild,Reactive+T2,7,400.0,awd,0.02,2024,2160,267,0,18.5267,400.0,6,9,7,3,3,160.0,0,1839,0.912,3,0,2,1012,842
soc_trang,mild,Reactive+T2,8,400.0,awd,0.02,2024,2160,267,0,18.5267,400.0,6,7,7,1,1,60.0,0,1831,0.0,3,0,2,1011,841
soc_trang,mild,Reactive+T2,9,400.0,awd,0.02,2024,2160,267,0,18.5107,400.0,6,8,7,2,1,60.0,0,1804,0.8415,3,0,2,1011,842
soc_trang,mild,Reactive+blindARQ,0,400.0,awd,0.02,2024,2160,76,0,1.9948,400.0,7,10,7,3,0,0.0,0,1861,1.5455,4,0,3,859,714
soc_trang,mild,Reactive+blindARQ,1,400.0,awd,0.02,2024,2160,267,0,18.5267,400.0,6,10,7,4,1,60.0,0,1864,1.5646,3,0,2,1012,844
soc_trang,mild,Reactive+blindARQ,2,400.0,awd,0.02,2024,2160,579,0,61.2154,400.0,4,9,7,5,4,220.0,0,1857,0.9213,3,0,2,1306,1126
soc_trang,mild,Reactive+blindARQ,3,400.0,awd,0.02,2024,2160,579,0,61.2408,400.0,4,10,7,6,3,180.0,0,1824,1.4916,3,0,2,1308,1128
soc_trang,mild,Reactive+blindARQ,4,400.0,awd,0.02,2024,2160,267,0,18.5267,400.0,6,7,7,1,1,60.0,0,1831,0.0,3,0,2,1011,841
soc_trang,mild,Reactive+blindARQ,5,400.0,awd,0.02,2024,2160,413,0,38.4732,400.0,5,11,7,6,3,160.0,0,1826,0.0,3,0,2,1157,974
soc_trang,mild,Reactive+blindARQ,6,400.0,awd,0.02,2024,2160,579,0,61.2563,400.0,4,11,7,7,4,220.0,0,1835,1.2377,3,0,2,1305,1127
soc_trang,mild,Reactive+blindARQ,7,400.0,awd,0.02,2024,2160,413,0,38.4732,400.0,5,9,7,4,3,160.0,0,1839,0.9126,3,0,2,1158,975
soc_trang,mild,Reactive+blindARQ,8,400.0,awd,0.02,2024,2160,267,0,18.5267,400.0,6,7,7,1,1,60.0,0,1831,0.0,3,0,2,1011,841
soc_trang,mild,Reactive+blindARQ,9,400.0,awd,0.02,2024,2160,267,0,18.5107,400.0,6,8,7,2,1,60.0,0,1804,0.8415,3,0,2,1011,842
soc_trang,mild,FixedSchedule,0,400.0,awd,0.02,2024,2160,508,0,50.8455,400.0,7,10,7,3,0,0.0,0,1861,1.0187,1,0,0,1213,944
soc_trang,mild,FixedSchedule,1,400.0,awd,0.02,2024,2160,605,0,65.7183,400.0,6,7,7,1,1,60.0,0,1864,0.0,1,0,0,1331,1047
soc_trang,mild,FixedSchedule,2,400.0,awd,0.02,2024,2160,843,0,96.3631,400.0,4,8,7,4,4,220.0,0,1857,0.0005,1,0,0,1592,1327
soc_trang,mild,FixedSchedule,3,400.0,awd,0.02,2024,2160,843,0,96.3726,400.0,4,7,7,3,4,220.0,0,1824,0.0,1,0,0,1592,1327
soc_trang,mild,FixedSchedule,4,400.0,awd,0.02,2024,2160,605,0,65.7041,400.0,6,12,7,6,1,60.0,0,1831,1.695,1,0,0,1331,1050
soc_trang,mild,FixedSchedule,5,400.0,awd,0.02,2024,2160,721,0,80.6928,400.0,5,7,7,2,3,160.0,0,1826,0.0,2,0,1,1462,1190
soc_trang,mild,FixedSchedule,6,400.0,awd,0.02,2024,2160,843,0,96.3834,400.0,4,9,7,5,3,180.0,0,1835,1.2639,1,0,0,1592,1329
soc_trang,mild,FixedSchedule,7,400.0,awd,0.02,2024,2160,721,0,80.6928,400.0,5,13,7,8,3,160.0,0,1839,1.2718,2,0,1,1462,1190
soc_trang,mild,FixedSchedule,8,400.0,awd,0.02,2024,2160,605,0,65.7073,400.0,6,10,7,4,1,60.0,0,1831,1.1729,1,0,0,1331,1049
soc_trang,mild,FixedSchedule,9,400.0,awd,0.02,2024,2160,602,0,64.4932,400.0,6,8,7,2,1,60.0,0,1804,0.6731,2,0,1,1336,1068
soc_trang,mild,Oracle,0,400.0,awd,0.02,2024,2160,0,0,0.0,340.0,12,17,12,5,2,40.0,0,1861,0.9623,6,1,5,245,555
soc_trang,mild,Oracle,1,400.0,awd,0.02,2024,2160,0,0,0.0,340.0,12,16,12,4,1,40.0,0,1864,1.1707,6,1,5,246,553
soc_trang,mild,Oracle,2,400.0,awd,0.02,2024,2160,0,0,0.0,340.0,12,19,12,7,7,180.0,0,1857,2.3916,6,1,5,252,555
soc_trang,mild,Oracle,3,400.0,awd,0.02,2024,2160,0,0,0.0,340.0,12,23,12,11,3,100.0,0,1824,1.4272,6,1,5,246,558
soc_trang,mild,Oracle,4,400.0,awd,0.02,2024,2160,0,0,0.0,340.0,12,12,12,0,3,80.0,0,1831,0.0,6,1,5,245,550
soc_trang,mild,Oracle,5,400.0,awd,0.02,2024,2160,0,0,0.0,340.0,12,12,12,0,5,120.0,0,1826,0.0,6,1,5,245,550
soc_trang,mild,Oracle,6,400.0,awd,0.02,2024,2160,0,0,0.0,340.0,12,18,12,6,4,100.0,0,1835,2.1578,6,1,5,251,556
soc_trang,mild,Oracle,7,400.0,awd,0.02,2024,2160,0,0,0.0,340.0,12,12,12,0,4,120.0,0,1839,0.0,6,1,5,245,550
soc_trang,mild,Oracle,8,400.0,awd,0.02,2024,2160,0,0,0.0,340.0,12,16,12,4,1,20.0,0,1831,1.1386,6,1,5,246,554
soc_trang,mild,Oracle,9,400.0,awd,0.02,2024,2160,0,0,0.0,340.0,12,16,12,4,2,60.0,0,1804,1.3608,6,1,5,247,552
soc_trang,mild,TwinGate+T2+centre,0,400.0,awd,0.02,2024,2160,0,0,0.0,340.0,16,22,17,6,3,60.0,74,1861,0.9623,10,0,10,138,493
soc_trang,mild,TwinGate+T2+centre,1,400.0,awd,0.02,2024,2160,0,0,0.0,340.0,15,20,17,5,4,80.0,75,1864,0.7454,9,0,9,119,465
soc_trang,mild,TwinGate+T2+centre,2,400.0,awd,0.02,2024,2160,0,0,0.0,340.0,13,18,17,5,8,160.0,77,1857,0.4303,6,0,6,64,449
soc_trang,mild,TwinGate+T2+centre,3,400.0,awd,0.02,2024,2160,0,0,0.0,360.0,15,23,18,8,8,160.0,75,1824,0.9623,7,0,7,79,443
soc_trang,mild,TwinGate+T2+centre,4,400.0,awd,0.02,2024,2160,0,0,0.0,360.0,13,19,18,6,6,120.0,77,1831,0.4303,7,0,7,64,374
soc_trang,mild,TwinGate+T2+centre,5,400.0,awd,0.02,2024,2160,0,0,0.0,340.0,13,21,17,8,8,160.0,77,1826,0.9622,5,0,5,76,394
soc_trang,mild,TwinGate+T2+centre,6,400.0,awd,0.02,2024,2160,0,0,0.0,360.0,13,21,18,8,10,200.0,77,1835,0.7439,7,0,7,62,378
soc_trang,mild,TwinGate+T2+centre,7,400.0,awd,0.02,2024,2160,0,0,0.0,360.0,13,21,18,8,8,160.0,77,1839,0.7423,6,0,6,50,402
soc_trang,mild,TwinGate+T2+centre,8,400.0,awd,0.02,2024,2160,0,0,0.0,340.0,14,17,17,3,3,60.0,76,1831,0.0,7,0,7,73,436
soc_trang,mild,TwinGate+T2+centre,9,400.0,awd,0.02,2024,2160,0,0,0.0,340.0,19,26,17,7,3,60.0,71,1804,1.9234,8,0,8,159,584
soc_trang,mild,TwinGate+T2,0,400.0,mid,0.05,2024,2160,0,0,0.0,320.0,19,27,16,8,3,60.0,71,1861,1.4272,12,0,12,387,821
soc_trang,mild,TwinGate+T2,1,400.0,mid,0.05,2024,2160,0,0,0.0,320.0,15,19,16,4,4,80.0,75,1864,0.7454,12,0,12,324,733
soc_trang,mild,TwinGate+T2,2,400.0,mid,0.05,2024,2160,0,0,0.0,320.0,12,17,16,5,7,140.0,78,1857,0.4303,11,0,11,295,696
soc_trang,mild,TwinGate+T2,3,400.0,mid,0.05,2024,2160,0,0,0.0,320.0,13,19,16,6,8,160.0,77,1824,0.7454,10,0,10,293,689
soc_trang,mild,TwinGate+T2,4,400.0,mid,0.05,2024,2160,0,0,0.0,320.0,14,19,16,5,5,100.0,76,1831,0.7454,11,0,11,296,723
soc_trang,mild,TwinGate+T2,5,400.0,mid,0.05,2024,2160,0,0,0.0,340.0,12,19,17,7,8,160.0,78,1826,0.6086,10,0,10,286,654
soc_trang,mild,TwinGate+T2,6,400.0,mid,0.05,2024,2160,0,0,0.0,340.0,11,19,17,8,9,180.0,79,1835,0.6086,9,1,8,292,589
soc_trang,mild,TwinGate+T2,7,400.0,mid,0.05,2024,2160,0,0,0.0,340.0,13,22,17,9,7,140.0,77,1839,0.9623,9,1,8,293,606
soc_trang,mild,TwinGate+T2,8,400.0,mid,0.05,2024,2160,0,0,0.0,340.0,16,22,17,6,3,60.0,74,1831,0.9623,13,0,13,309,744
soc_trang,mild,TwinGate+T2,9,400.0,mid,0.05,2024,2160,0,0,0.0,320.0,16,23,16,7,3,60.0,74,1804,1.4272,11,0,11,343,769
soc_trang,mild,TwinGate+blindARQ,0,400.0,mid,0.05,2024,2160,0,0,0.0,320.0,13,26,16,13,3,60.0,77,1861,1.3608,10,0,10,274,723
soc_trang,mild,TwinGate+blindARQ,1,400.0,mid,0.05,2024,2160,0,0,0.0,360.0,14,21,18,7,4,80.0,76,1864,0.7454,11,1,10,529,945
soc_trang,mild,TwinGate+blindARQ,2,400.0,mid,0.05,2024,2160,0,0,0.0,380.0,11,21,19,10,8,160.0,79,1857,0.6086,11,0,11,484,943
soc_trang,mild,TwinGate+blindARQ,3,400.0,mid,0.05,2024,2160,0,0,0.0,360.0,9,21,18,12,9,180.0,81,1824,0.7454,9,0,9,384,671
soc_trang,mild,TwinGate+blindARQ,4,400.0,mid,0.05,2024,2160,0,0,0.0,360.0,12,20,18,8,6,120.0,78,1831,0.6086,10,1,9,512,831
soc_trang,mild,TwinGate+blindARQ,5,400.0,mid,0.05,2024,2160,0,0,0.0,380.0,10,24,19,14,9,180.0,80,1826,0.9623,10,1,9,583,853
soc_trang,mild,TwinGate+blindARQ,6,400.0,mid,0.05,2024,2160,0,0,0.0,400.0,8,21,20,13,12,240.0,82,1835,0.4303,9,0,8,1132,1102
soc_trang,mild,TwinGate+blindARQ,7,400.0,mid,0.05,2024,2160,0,0,0.0,360.0,10,25,18,15,8,160.0,80,1839,1.5178,10,0,10,313,585
soc_trang,mild,TwinGate+blindARQ,8,400.0,mid,0.05,2024,2160,0,0,0.0,340.0,14,26,17,12,3,60.0,76,1831,1.288,9,0,9,271,674
soc_trang,mild,TwinGate+blindARQ,9,400.0,mid,0.05,2024,2160,0,0,0.0,320.0,13,22,16,9,3,60.0,77,1804,1.0541,8,0,8,292,709
soc_trang,mild,Reactive+T2,0,400.0,mid,0.05,2024,2160,52,0,0.763,400.0,8,9,7,1,0,0.0,0,1861,1.2907,4,0,3,855,710
soc_trang,mild,Reactive+T2,1,400.0,mid,0.05,2024,2160,243,0,15.301,400.0,7,10,7,3,1,60.0,0,1864,1.529,4,0,3,1002,842
soc_trang,mild,Reactive+T2,2,400.0,mid,0.05,2024,2160,413,0,38.4648,400.0,5,9,7,4,2,120.0,0,1857,1.2537,3,0,2,1158,976
soc_trang,mild,Reactive+T2,3,400.0,mid,0.05,2024,2160,389,0,35.1436,400.0,6,9,7,3,4,220.0,0,1824,1.2907,3,0,2,1158,974
soc_trang,mild,Reactive+T2,4,400.0,mid,0.05,2024,2160,267,0,18.5267,400.0,6,7,7,1,1,60.0,0,1831,0.0,3,0,2,1011,841
soc_trang,mild,Reactive+T2,5,400.0,mid,0.05,2024,2160,267,0,18.5267,400.0,6,8,7,2,3,160.0,0,1826,0.0,3,0,2,1011,841
soc_trang,mild,Reactive+T2,6,400.0,mid,0.05,2024,2160,267,0,18.5267,400.0,6,9,7,3,3,160.0,0,1835,1.2388,3,0,2,1011,843
soc_trang,mild,Reactive+T2,7,400.0,mid,0.05,2024,2160,267,0,18.5267,400.0,6,9,7,3,3,160.0,0,1839,0.912,3,0,2,1012,842
soc_trang,mild,Reactive+T2,8,400.0,mid,0.05,2024,2160,267,0,18.5267,400.0,6,7,7,1,1,60.0,0,1831,0.0,3,0,2,1011,841
soc_trang,mild,Reactive+T2,9,400.0,mid,0.05,2024,2160,267,0,18.5107,400.0,6,8,7,2,1,60.0,0,1804,0.8415,3,0,2,1011,842
soc_trang,mild,Reactive+blindARQ,0,400.0,mid,0.05,2024,2160,76,0,1.9948,400.0,7,10,7,3,0,0.0,0,1861,1.5455,4,0,3,859,714
soc_trang,mild,Reactive+blindARQ,1,400.0,mid,0.05,2024,2160,267,0,18.5267,400.0,6,10,7,4,1,60.0,0,1864,1.5646,3,0,2,1012,844
soc_trang,mild,Reactive+blindARQ,2,400.0,mid,0.05,2024,2160,579,0,61.2154,400.0,4,9,7,5,4,220.0,0,1857,0.9213,3,0,2,1306,1126
soc_trang,mild,Reactive+blindARQ,3,400.0,mid,0.05,2024,2160,579,0,61.2408,400.0,4,10,7,6,3,180.0,0,1824,1.4916,3,0,2,1308,1128
soc_trang,mild,Reactive+blindARQ,4,400.0,mid,0.05,2024,2160,267,0,18.5267,400.0,6,7,7,1,1,60.0,0,1831,0.0,3,0,2,1011,841
soc_trang,mild,Reactive+blindARQ,5,400.0,mid,0.05,2024,2160,413,0,38.4732,400.0,5,11,7,6,3,160.0,0,1826,0.0,3,0,2,1157,974
soc_trang,mild,Reactive+blindARQ,6,400.0,mid,0.05,2024,2160,579,0,61.2563,400.0,4,11,7,7,4,220.0,0,1835,1.2377,3,0,2,1305,1127
soc_trang,mild,Reactive+blindARQ,7,400.0,mid,0.05,2024,2160,413,0,38.4732,400.0,5,9,7,4,3,160.0,0,1839,0.9126,3,0,2,1158,975
soc_trang,mild,Reactive+blindARQ,8,400.0,mid,0.05,2024,2160,267,0,18.5267,400.0,6,7,7,1,1,60.0,0,1831,0.0,3,0,2,1011,841
soc_trang,mild,Reactive+blindARQ,9,400.0,mid,0.05,2024,2160,267,0,18.5107,400.0,6,8,7,2,1,60.0,0,1804,0.8415,3,0,2,1011,842
soc_trang,mild,FixedSchedule,0,400.0,mid,0.05,2024,2160,508,0,50.8455,400.0,7,10,7,3,0,0.0,0,1861,1.0187,1,0,0,1213,944
soc_trang,mild,FixedSchedule,1,400.0,mid,0.05,2024,2160,605,0,65.7183,400.0,6,7,7,1,1,60.0,0,1864,0.0,1,0,0,1331,1047
soc_trang,mild,FixedSchedule,2,400.0,mid,0.05,2024,2160,843,0,96.3631,400.0,4,8,7,4,4,220.0,0,1857,0.0005,1,0,0,1592,1327
soc_trang,mild,FixedSchedule,3,400.0,mid,0.05,2024,2160,843,0,96.3726,400.0,4,7,7,3,4,220.0,0,1824,0.0,1,0,0,1592,1327
soc_trang,mild,FixedSchedule,4,400.0,mid,0.05,2024,2160,605,0,65.7041,400.0,6,12,7,6,1,60.0,0,1831,1.695,1,0,0,1331,1050
soc_trang,mild,FixedSchedule,5,400.0,mid,0.05,2024,2160,721,0,80.6928,400.0,5,7,7,2,3,160.0,0,1826,0.0,2,0,1,1462,1190
soc_trang,mild,FixedSchedule,6,400.0,mid,0.05,2024,2160,843,0,96.3834,400.0,4,9,7,5,3,180.0,0,1835,1.2639,1,0,0,1592,1329
soc_trang,mild,FixedSchedule,7,400.0,mid,0.05,2024,2160,721,0,80.6928,400.0,5,13,7,8,3,160.0,0,1839,1.2718,2,0,1,1462,1190
soc_trang,mild,FixedSchedule,8,400.0,mid,0.05,2024,2160,605,0,65.7073,400.0,6,10,7,4,1,60.0,0,1831,1.1729,1,0,0,1331,1049
soc_trang,mild,FixedSchedule,9,400.0,mid,0.05,2024,2160,602,0,64.4932,400.0,6,8,7,2,1,60.0,0,1804,0.6731,2,0,1,1336,1068
soc_trang,mild,Oracle,0,400.0,mid,0.05,2024,2160,0,0,0.0,340.0,12,17,12,5,2,40.0,0,1861,0.9623,6,1,5,245,555
soc_trang,mild,Oracle,1,400.0,mid,0.05,2024,2160,0,0,0.0,340.0,12,16,12,4,1,40.0,0,1864,1.1707,6,1,5,246,553
soc_trang,mild,Oracle,2,400.0,mid,0.05,2024,2160,0,0,0.0,340.0,12,19,12,7,7,180.0,0,1857,2.3916,6,1,5,252,555
soc_trang,mild,Oracle,3,400.0,mid,0.05,2024,2160,0,0,0.0,340.0,12,23,12,11,3,100.0,0,1824,1.4272,6,1,5,246,558
soc_trang,mild,Oracle,4,400.0,mid,0.05,2024,2160,0,0,0.0,340.0,12,12,12,0,3,80.0,0,1831,0.0,6,1,5,245,550
soc_trang,mild,Oracle,5,400.0,mid,0.05,2024,2160,0,0,0.0,340.0,12,12,12,0,5,120.0,0,1826,0.0,6,1,5,245,550
soc_trang,mild,Oracle,6,400.0,mid,0.05,2024,2160,0,0,0.0,340.0,12,18,12,6,4,100.0,0,1835,2.1578,6,1,5,251,556
soc_trang,mild,Oracle,7,400.0,mid,0.05,2024,2160,0,0,0.0,340.0,12,12,12,0,4,120.0,0,1839,0.0,6,1,5,245,550
soc_trang,mild,Oracle,8,400.0,mid,0.05,2024,2160,0,0,0.0,340.0,12,16,12,4,1,20.0,0,1831,1.1386,6,1,5,246,554
soc_trang,mild,Oracle,9,400.0,mid,0.05,2024,2160,0,0,0.0,340.0,12,16,12,4,2,60.0,0,1804,1.3608,6,1,5,247,552
soc_trang,mild,TwinGate+T2+centre,0,400.0,mid,0.05,2024,2160,0,0,0.0,340.0,16,22,17,6,3,60.0,74,1861,0.9623,10,0,10,138,493
soc_trang,mild,TwinGate+T2+centre,1,400.0,mid,0.05,2024,2160,0,0,0.0,340.0,15,20,17,5,4,80.0,75,1864,0.7454,9,0,9,119,465
soc_trang,mild,TwinGate+T2+centre,2,400.0,mid,0.05,2024,2160,0,0,0.0,340.0,13,18,17,5,8,160.0,77,1857,0.4303,6,0,6,64,449
soc_trang,mild,TwinGate+T2+centre,3,400.0,mid,0.05,2024,2160,0,0,0.0,360.0,15,23,18,8,8,160.0,75,1824,0.9623,7,0,7,79,443
soc_trang,mild,TwinGate+T2+centre,4,400.0,mid,0.05,2024,2160,0,0,0.0,360.0,13,19,18,6,6,120.0,77,1831,0.4303,7,0,7,64,374
soc_trang,mild,TwinGate+T2+centre,5,400.0,mid,0.05,2024,2160,0,0,0.0,340.0,13,21,17,8,8,160.0,77,1826,0.9622,5,0,5,76,394
soc_trang,mild,TwinGate+T2+centre,6,400.0,mid,0.05,2024,2160,0,0,0.0,360.0,13,21,18,8,10,200.0,77,1835,0.7439,7,0,7,62,378
soc_trang,mild,TwinGate+T2+centre,7,400.0,mid,0.05,2024,2160,0,0,0.0,360.0,13,21,18,8,8,160.0,77,1839,0.7423,6,0,6,50,402
soc_trang,mild,TwinGate+T2+centre,8,400.0,mid,0.05,2024,2160,0,0,0.0,340.0,14,17,17,3,3,60.0,76,1831,0.0,7,0,7,73,436
soc_trang,mild,TwinGate+T2+centre,9,400.0,mid,0.05,2024,2160,0,0,0.0,340.0,19,26,17,7,3,60.0,71,1804,1.9234,8,0,8,159,584
soc_trang,mild,TwinGate+T2,0,400.0,narrow,0.1,2024,2160,0,0,0.0,300.0,16,22,15,6,3,60.0,74,1861,1.2172,15,0,14,1051,1143
soc_trang,mild,TwinGate+T2,1,400.0,narrow,0.1,2024,2160,0,0,0.0,320.0,14,17,16,3,4,80.0,76,1864,0.4303,14,0,14,355,729
soc_trang,mild,TwinGate+T2,2,400.0,narrow,0.1,2024,2160,0,0,0.0,320.0,12,18,16,6,8,160.0,78,1857,0.6086,12,0,12,283,774
soc_trang,mild,TwinGate+T2,3,400.0,narrow,0.1,2024,2160,0,0,0.0,320.0,12,20,16,8,8,160.0,78,1824,0.8607,11,0,11,251,785
soc_trang,mild,TwinGate+T2,4,400.0,narrow,0.1,2024,2160,0,0,0.0,320.0,15,22,16,7,5,100.0,75,1831,1.2909,13,1,12,411,773
soc_trang,mild,TwinGate+T2,5,400.0,narrow,0.1,2024,2160,0,0,0.0,340.0,13,21,17,8,7,140.0,77,1826,0.8607,11,0,11,280,590
soc_trang,mild,TwinGate+T2,6,400.0,narrow,0.1,2024,2160,0,0,0.0,340.0,11,18,17,7,10,200.0,79,1835,0.4303,11,0,11,246,584
soc_trang,mild,TwinGate+T2,7,400.0,narrow,0.1,2024,2160,0,0,0.0,340.0,11,18,17,7,7,140.0,79,1839,0.4303,11,0,11,286,610
soc_trang,mild,TwinGate+T2,8,400.0,narrow,0.1,2024,2160,0,0,0.0,340.0,18,23,17,5,3,60.0,72,1831,1.3608,16,0,16,403,836
soc_trang,mild,TwinGate+T2,9,400.0,narrow,0.1,2024,2160,0,0,0.0,320.0,14,19,16,5,3,60.0,76,1804,1.054,13,0,13,327,672
soc_trang,mild,TwinGate+blindARQ,0,400.0,narrow,0.1,2024,2160,0,0,0.0,320.0,13,22,16,9,3,60.0,77,1861,1.1386,13,0,13,399,776
soc_trang,mild,TwinGate+blindARQ,1,400.0,narrow,0.1,2024,2160,0,0,0.0,340.0,13,18,17,5,4,80.0,77,1864,0.4303,14,0,13,993,1019
soc_trang,mild,TwinGate+blindARQ,2,400.0,narrow,0.1,2024,2160,0,0,0.0,400.0,12,27,20,15,8,160.0,78,1857,1.1501,12,0,12,318,882
soc_trang,mild,TwinGate+blindARQ,3,400.0,narrow,0.1,2024,2160,0,0,0.0,360.0,9,21,18,12,9,180.0,81,1824,0.8607,10,0,9,836,781
soc_trang,mild,TwinGate+blindARQ,4,400.0,narrow,0.1,2024,2160,0,0,0.0,360.0,12,23,18,11,6,120.0,78,1831,1.2171,12,0,12,314,648
soc_trang,mild,TwinGate+blindARQ,5,400.0,narrow,0.1,2024,2160,0,0,0.0,380.0,10,19,19,9,9,180.0,80,1826,0.0,10,0,10,218,501
soc_trang,mild,TwinGate+blindARQ,6,400.0,narrow,0.1,2024,2160,144,0,5.3876,400.0,8,26,20,18,12,240.0,82,1835,1.2172,9,0,8,1091,1015
soc_trang,mild,TwinGate+blindARQ,7,400.0,narrow,0.1,2024,2160,0,0,0.0,360.0,10,20,18,10,8,160.0,80,1839,0.6086,10,0,10,265,532
soc_trang,mild,TwinGate+blindARQ,8,400.0,narrow,0.1,2024,2160,0,0,0.0,340.0,14,29,17,15,3,60.0,76,1831,1.6968,14,0,14,342,725
soc_trang,mild,TwinGate+blindARQ,9,400.0,narrow,0.1,2024,2160,0,0,0.0,320.0,13,24,16,11,3,60.0,77,1804,1.4272,13,0,13,324,687
soc_trang,mild,Reactive+T2,0,400.0,narrow,0.1,2024,2160,52,0,0.763,400.0,8,9,7,1,0,0.0,0,1861,1.2907,4,0,3,855,710
soc_trang,mild,Reactive+T2,1,400.0,narrow,0.1,2024,2160,243,0,15.301,400.0,7,10,7,3,1,60.0,0,1864,1.529,4,0,3,1002,842
soc_trang,mild,Reactive+T2,2,400.0,narrow,0.1,2024,2160,413,0,38.4648,400.0,5,9,7,4,2,120.0,0,1857,1.2537,3,0,2,1158,976
soc_trang,mild,Reactive+T2,3,400.0,narrow,0.1,2024,2160,389,0,35.1436,400.0,6,9,7,3,4,220.0,0,1824,1.2907,3,0,2,1158,974
soc_trang,mild,Reactive+T2,4,400.0,narrow,0.1,2024,2160,267,0,18.5267,400.0,6,7,7,1,1,60.0,0,1831,0.0,3,0,2,1011,841
soc_trang,mild,Reactive+T2,5,400.0,narrow,0.1,2024,2160,267,0,18.5267,400.0,6,8,7,2,3,160.0,0,1826,0.0,3,0,2,1011,841
soc_trang,mild,Reactive+T2,6,400.0,narrow,0.1,2024,2160,267,0,18.5267,400.0,6,9,7,3,3,160.0,0,1835,1.2388,3,0,2,1011,843
soc_trang,mild,Reactive+T2,7,400.0,narrow,0.1,2024,2160,267,0,18.5267,400.0,6,9,7,3,3,160.0,0,1839,0.912,3,0,2,1012,842
soc_trang,mild,Reactive+T2,8,400.0,narrow,0.1,2024,2160,267,0,18.5267,400.0,6,7,7,1,1,60.0,0,1831,0.0,3,0,2,1011,841
soc_trang,mild,Reactive+T2,9,400.0,narrow,0.1,2024,2160,267,0,18.5107,400.0,6,8,7,2,1,60.0,0,1804,0.8415,3,0,2,1011,842
soc_trang,mild,Reactive+blindARQ,0,400.0,narrow,0.1,2024,2160,76,0,1.9948,400.0,7,10,7,3,0,0.0,0,1861,1.5455,4,0,3,859,714
soc_trang,mild,Reactive+blindARQ,1,400.0,narrow,0.1,2024,2160,267,0,18.5267,400.0,6,10,7,4,1,60.0,0,1864,1.5646,3,0,2,1012,844
soc_trang,mild,Reactive+blindARQ,2,400.0,narrow,0.1,2024,2160,579,0,61.2154,400.0,4,9,7,5,4,220.0,0,1857,0.9213,3,0,2,1306,1126
soc_trang,mild,Reactive+blindARQ,3,400.0,narrow,0.1,2024,2160,579,0,61.2408,400.0,4,10,7,6,3,180.0,0,1824,1.4916,3,0,2,1308,1128
soc_trang,mild,Reactive+blindARQ,4,400.0,narrow,0.1,2024,2160,267,0,18.5267,400.0,6,7,7,1,1,60.0,0,1831,0.0,3,0,2,1011,841
soc_trang,mild,Reactive+blindARQ,5,400.0,narrow,0.1,2024,2160,413,0,38.4732,400.0,5,11,7,6,3,160.0,0,1826,0.0,3,0,2,1157,974
soc_trang,mild,Reactive+blindARQ,6,400.0,narrow,0.1,2024,2160,579,0,61.2563,400.0,4,11,7,7,4,220.0,0,1835,1.2377,3,0,2,1305,1127
soc_trang,mild,Reactive+blindARQ,7,400.0,narrow,0.1,2024,2160,413,0,38.4732,400.0,5,9,7,4,3,160.0,0,1839,0.9126,3,0,2,1158,975
soc_trang,mild,Reactive+blindARQ,8,400.0,narrow,0.1,2024,2160,267,0,18.5267,400.0,6,7,7,1,1,60.0,0,1831,0.0,3,0,2,1011,841
soc_trang,mild,Reactive+blindARQ,9,400.0,narrow,0.1,2024,2160,267,0,18.5107,400.0,6,8,7,2,1,60.0,0,1804,0.8415,3,0,2,1011,842
soc_trang,mild,FixedSchedule,0,400.0,narrow,0.1,2024,2160,508,0,50.8455,400.0,7,10,7,3,0,0.0,0,1861,1.0187,1,0,0,1213,944
soc_trang,mild,FixedSchedule,1,400.0,narrow,0.1,2024,2160,605,0,65.7183,400.0,6,7,7,1,1,60.0,0,1864,0.0,1,0,0,1331,1047
soc_trang,mild,FixedSchedule,2,400.0,narrow,0.1,2024,2160,843,0,96.3631,400.0,4,8,7,4,4,220.0,0,1857,0.0005,1,0,0,1592,1327
soc_trang,mild,FixedSchedule,3,400.0,narrow,0.1,2024,2160,843,0,96.3726,400.0,4,7,7,3,4,220.0,0,1824,0.0,1,0,0,1592,1327
soc_trang,mild,FixedSchedule,4,400.0,narrow,0.1,2024,2160,605,0,65.7041,400.0,6,12,7,6,1,60.0,0,1831,1.695,1,0,0,1331,1050
soc_trang,mild,FixedSchedule,5,400.0,narrow,0.1,2024,2160,721,0,80.6928,400.0,5,7,7,2,3,160.0,0,1826,0.0,2,0,1,1462,1190
soc_trang,mild,FixedSchedule,6,400.0,narrow,0.1,2024,2160,843,0,96.3834,400.0,4,9,7,5,3,180.0,0,1835,1.2639,1,0,0,1592,1329
soc_trang,mild,FixedSchedule,7,400.0,narrow,0.1,2024,2160,721,0,80.6928,400.0,5,13,7,8,3,160.0,0,1839,1.2718,2,0,1,1462,1190
soc_trang,mild,FixedSchedule,8,400.0,narrow,0.1,2024,2160,605,0,65.7073,400.0,6,10,7,4,1,60.0,0,1831,1.1729,1,0,0,1331,1049
soc_trang,mild,FixedSchedule,9,400.0,narrow,0.1,2024,2160,602,0,64.4932,400.0,6,8,7,2,1,60.0,0,1804,0.6731,2,0,1,1336,1068
soc_trang,mild,Oracle,0,400.0,narrow,0.1,2024,2160,0,0,0.0,340.0,12,17,12,5,2,40.0,0,1861,0.9623,6,1,5,245,555
soc_trang,mild,Oracle,1,400.0,narrow,0.1,2024,2160,0,0,0.0,340.0,12,16,12,4,1,40.0,0,1864,1.1707,6,1,5,246,553
soc_trang,mild,Oracle,2,400.0,narrow,0.1,2024,2160,0,0,0.0,340.0,12,19,12,7,7,180.0,0,1857,2.3916,6,1,5,252,555
soc_trang,mild,Oracle,3,400.0,narrow,0.1,2024,2160,0,0,0.0,340.0,12,23,12,11,3,100.0,0,1824,1.4272,6,1,5,246,558
soc_trang,mild,Oracle,4,400.0,narrow,0.1,2024,2160,0,0,0.0,340.0,12,12,12,0,3,80.0,0,1831,0.0,6,1,5,245,550
soc_trang,mild,Oracle,5,400.0,narrow,0.1,2024,2160,0,0,0.0,340.0,12,12,12,0,5,120.0,0,1826,0.0,6,1,5,245,550
soc_trang,mild,Oracle,6,400.0,narrow,0.1,2024,2160,0,0,0.0,340.0,12,18,12,6,4,100.0,0,1835,2.1578,6,1,5,251,556
soc_trang,mild,Oracle,7,400.0,narrow,0.1,2024,2160,0,0,0.0,340.0,12,12,12,0,4,120.0,0,1839,0.0,6,1,5,245,550
soc_trang,mild,Oracle,8,400.0,narrow,0.1,2024,2160,0,0,0.0,340.0,12,16,12,4,1,20.0,0,1831,1.1386,6,1,5,246,554
soc_trang,mild,Oracle,9,400.0,narrow,0.1,2024,2160,0,0,0.0,340.0,12,16,12,4,2,60.0,0,1804,1.3608,6,1,5,247,552
soc_trang,mild,TwinGate+T2+centre,0,400.0,narrow,0.1,2024,2160,0,0,0.0,300.0,16,22,15,6,3,60.0,74,1861,1.2172,15,0,14,1051,1143
soc_trang,mild,TwinGate+T2+centre,1,400.0,narrow,0.1,2024,2160,0,0,0.0,320.0,14,17,16,3,4,80.0,76,1864,0.4303,14,0,14,355,729
soc_trang,mild,TwinGate+T2+centre,2,400.0,narrow,0.1,2024,2160,0,0,0.0,320.0,12,18,16,6,8,160.0,78,1857,0.6086,12,0,12,283,774
soc_trang,mild,TwinGate+T2+centre,3,400.0,narrow,0.1,2024,2160,0,0,0.0,320.0,12,20,16,8,8,160.0,78,1824,0.8607,11,0,11,251,785
soc_trang,mild,TwinGate+T2+centre,4,400.0,narrow,0.1,2024,2160,0,0,0.0,320.0,15,22,16,7,5,100.0,75,1831,1.2909,13,1,12,411,773
soc_trang,mild,TwinGate+T2+centre,5,400.0,narrow,0.1,2024,2160,0,0,0.0,340.0,13,21,17,8,7,140.0,77,1826,0.8607,11,0,11,280,590
soc_trang,mild,TwinGate+T2+centre,6,400.0,narrow,0.1,2024,2160,0,0,0.0,340.0,11,18,17,7,10,200.0,79,1835,0.4303,11,0,11,246,584
soc_trang,mild,TwinGate+T2+centre,7,400.0,narrow,0.1,2024,2160,0,0,0.0,340.0,11,18,17,7,7,140.0,79,1839,0.4303,11,0,11,286,610
soc_trang,mild,TwinGate+T2+centre,8,400.0,narrow,0.1,2024,2160,0,0,0.0,340.0,18,23,17,5,3,60.0,72,1831,1.3608,16,0,16,403,836
soc_trang,mild,TwinGate+T2+centre,9,400.0,narrow,0.1,2024,2160,0,0,0.0,320.0,14,19,16,5,3,60.0,76,1804,1.054,13,0,13,327,672
soc_trang,mild,TwinGate+T2,0,inf,awd,0.02,2024,2160,0,0,0.0,340.0,16,22,17,6,3,60.0,74,1861,0.9623,10,0,10,138,493
soc_trang,mild,TwinGate+T2,1,inf,awd,0.02,2024,2160,0,0,0.0,340.0,15,20,17,5,4,80.0,75,1864,0.7454,9,0,9,119,465
soc_trang,mild,TwinGate+T2,2,inf,awd,0.02,2024,2160,0,0,0.0,340.0,13,18,17,5,8,160.0,77,1857,0.4303,6,0,6,64,449
soc_trang,mild,TwinGate+T2,3,inf,awd,0.02,2024,2160,0,0,0.0,360.0,15,23,18,8,8,160.0,75,1824,0.9623,7,0,7,79,443
soc_trang,mild,TwinGate+T2,4,inf,awd,0.02,2024,2160,0,0,0.0,360.0,13,19,18,6,6,120.0,77,1831,0.4303,7,0,7,64,374
soc_trang,mild,TwinGate+T2,5,inf,awd,0.02,2024,2160,0,0,0.0,340.0,13,21,17,8,8,160.0,77,1826,0.9622,5,0,5,76,394
soc_trang,mild,TwinGate+T2,6,inf,awd,0.02,2024,2160,0,0,0.0,360.0,13,21,18,8,10,200.0,77,1835,0.7439,7,0,7,62,378
soc_trang,mild,TwinGate+T2,7,inf,awd,0.02,2024,2160,0,0,0.0,360.0,13,21,18,8,8,160.0,77,1839,0.7423,6,0,6,50,402
soc_trang,mild,TwinGate+T2,8,inf,awd,0.02,2024,2160,0,0,0.0,340.0,14,17,17,3,3,60.0,76,1831,0.0,7,0,7,73,436
soc_trang,mild,TwinGate+T2,9,inf,awd,0.02,2024,2160,0,0,0.0,340.0,19,26,17,7,3,60.0,71,1804,1.9234,8,0,8,159,584
soc_trang,mild,TwinGate+blindARQ,0,inf,awd,0.02,2024,2160,0,0,0.0,340.0,14,26,17,12,3,60.0,76,1861,1.291,7,0,7,76,444
soc_trang,mild,TwinGate+blindARQ,1,inf,awd,0.02,2024,2160,0,0,0.0,380.0,15,29,19,14,4,80.0,75,1864,1.6578,8,0,8,86,447
soc_trang,mild,TwinGate+blindARQ,2,inf,awd,0.02,2024,2160,0,0,0.0,440.0,13,31,22,18,9,180.0,77,1857,0.9623,6,0,6,65,400
soc_trang,mild,TwinGate+blindARQ,3,inf,awd,0.02,2024,2160,0,0,0.0,400.0,10,22,20,12,10,200.0,80,1824,0.6086,4,0,4,44,288
soc_trang,mild,TwinGate+blindARQ,4,inf,awd,0.02,2024,2160,0,0,0.0,360.0,12,24,18,12,6,120.0,78,1831,0.9626,7,0,7,72,383
soc_trang,mild,TwinGate+blindARQ,5,inf,awd,0.02,2024,2160,0,0,0.0,400.0,11,26,20,15,9,180.0,79,1826,1.1385,7,0,7,79,352
soc_trang,mild,TwinGate+blindARQ,6,inf,awd,0.02,2024,2160,0,0,0.0,520.0,11,36,26,25,15,300.0,79,1835,1.4893,5,0,5,65,355
soc_trang,mild,TwinGate+blindARQ,7,inf,awd,0.02,2024,2160,0,0,0.0,360.0,10,24,18,14,8,160.0,80,1839,1.053,5,0,5,52,414
soc_trang,mild,TwinGate+blindARQ,8,inf,awd,0.02,2024,2160,0,0,0.0,340.0,14,17,17,3,3,60.0,76,1831,0.0,7,0,7,73,436
soc_trang,mild,TwinGate+blindARQ,9,inf,awd,0.02,2024,2160,0,0,0.0,340.0,14,36,17,22,3,60.0,76,1804,2.3496,8,0,8,83,424
soc_trang,mild,Reactive+T2,0,inf,awd,0.02,2024,2160,0,0,0.0,600.0,10,12,10,2,1,60.0,0,1861,1.2907,4,0,4,61,271
soc_trang,mild,Reactive+T2,1,inf,awd,0.02,2024,2160,0,0,0.0,600.0,11,15,10,4,1,60.0,0,1864,1.9543,6,1,5,160,356
soc_trang,mild,Reactive+T2,2,inf,awd,0.02,2024,2160,0,0,0.0,720.0,9,15,12,6,5,300.0,0,1857,1.5576,4,0,4,40,249
soc_trang,mild,Reactive+T2,3,inf,awd,0.02,2024,2160,0,0,0.0,660.0,10,15,11,5,5,300.0,0,1824,1.8358,4,0,4,85,353
soc_trang,mild,Reactive+T2,4,inf,awd,0.02,2024,2160,0,0,0.0,600.0,9,11,10,2,2,120.0,0,1831,0.0007,4,0,4,38,246
soc_trang,mild,Reactive+T2,5,inf,awd,0.02,2024,2160,0,0,0.0,840.0,9,15,14,6,7,420.0,0,1826,0.0,4,0,4,38,246
soc_trang,mild,Reactive+T2,6,inf,awd,0.02,2024,2160,0,0,0.0,660.0,9,14,11,5,5,300.0,0,1835,1.2388,4,0,4,38,248
soc_trang,mild,Reactive+T2,7,inf,awd,0.02,2024,2160,0,0,0.0,780.0,9,15,13,6,5,300.0,0,1839,0.912,4,0,4,39,247
soc_trang,mild,Reactive+T2,8,inf,awd,0.02,2024,2160,0,0,0.0,600.0,9,10,10,1,1,60.0,0,1831,0.0,4,0,4,38,246
soc_trang,mild,Reactive+T2,9,inf,awd,0.02,2024,2160,0,0,0.0,600.0,10,13,10,3,2,120.0,0,1804,1.5547,4,0,4,62,272
soc_trang,mild,Reactive+blindARQ,0,inf,awd,0.02,2024,2160,0,0,0.0,600.0,9,15,10,6,1,60.0,0,1861,1.5455,4,0,4,40,249
soc_trang,mild,Reactive+blindARQ,1,inf,awd,0.02,2024,2160,0,0,0.0,600.0,9,13,10,4,1,60.0,0,1864,1.5646,4,0,4,39,249
soc_trang,mild,Reactive+blindARQ,2,inf,awd,0.02,2024,2160,0,0,0.0,1020.0,9,22,17,13,8,480.0,0,1857,1.5575,4,0,4,34,249
soc_trang,mild,Reactive+blindARQ,3,inf,awd,0.02,2024,2160,0,0,0.0,1080.0,9,22,18,13,9,540.0,0,1824,1.8296,4,0,4,42,250
soc_trang,mild,Reactive+blindARQ,4,inf,awd,0.02,2024,2160,0,0,0.0,780.0,9,15,13,6,4,240.0,0,1831,0.0016,4,0,4,38,246
soc_trang,mild,Reactive+blindARQ,5,inf,awd,0.02,2024,2160,0,0,0.0,1020.0,9,25,17,16,8,480.0,0,1826,0.0013,4,0,4,38,245
soc_trang,mild,Reactive+blindARQ,6,inf,awd,0.02,2024,2160,0,0,0.0,1320.0,9,32,22,23,13,780.0,0,1835,1.2377,4,0,4,37,247
soc_trang,mild,Reactive+blindARQ,7,inf,awd,0.02,2024,2160,0,0,0.0,900.0,9,17,15,8,6,360.0,0,1839,0.9126,4,0,4,39,247
soc_trang,mild,Reactive+blindARQ,8,inf,awd,0.02,2024,2160,0,0,0.0,600.0,9,10,10,1,1,60.0,0,1831,0.0,4,0,4,38,246
soc_trang,mild,Reactive+blindARQ,9,inf,awd,0.02,2024,2160,0,0,0.0,660.0,9,18,11,9,2,120.0,0,1804,2.0314,4,0,4,41,251
soc_trang,mild,FixedSchedule,0,inf,awd,0.02,2024,2160,0,0,0.0,1500.0,18,30,25,12,7,420.0,0,1861,1.3658,0,0,0,0,0
soc_trang,mild,FixedSchedule,1,inf,awd,0.02,2024,2160,0,0,0.0,1320.0,18,23,22,5,4,240.0,0,1864,0.1363,0,0,0,0,0
soc_trang,mild,FixedSchedule,2,inf,awd,0.02,2024,2160,0,0,0.0,1680.0,18,37,28,19,10,600.0,0,1857,1.0633,0,0,0,0,0
soc_trang,mild,FixedSchedule,3,inf,awd,0.02,2024,2160,0,0,0.0,2040.0,18,45,34,27,16,960.0,0,1824,1.593,0,0,0,0,0
soc_trang,mild,FixedSchedule,4,inf,awd,0.02,2024,2160,0,0,0.0,1500.0,18,29,25,11,7,420.0,0,1831,0.8993,0,0,0,0,0
soc_trang,mild,FixedSchedule,5,inf,awd,0.02,2024,2160,0,0,0.0,1800.0,18,36,30,18,12,720.0,0,1826,1.2437,0,0,0,0,0
soc_trang,mild,FixedSchedule,6,inf,awd,0.02,2024,2160,0,0,0.0,2160.0,18,41,36,23,18,1080.0,0,1835,0.0022,0,0,0,0,0
soc_trang,mild,FixedSchedule,7,inf,awd,0.02,2024,2160,0,0,0.0,1560.0,18,34,26,16,8,480.0,0,1839,1.5834,0,0,0,0,0
soc_trang,mild,FixedSchedule,8,inf,awd,0.02,2024,2160,0,0,0.0,1260.0,18,30,21,12,3,180.0,0,1831,1.4187,0,0,0,0,0
soc_trang,mild,FixedSchedule,9,inf,awd,0.02,2024,2160,0,0,0.0,1260.0,18,31,21,13,3,180.0,0,1804,2.079,0,0,0,0,0
soc_trang,mild,Oracle,0,inf,awd,0.02,2024,2160,0,0,0.0,380.0,19,26,19,7,3,60.0,0,1861,1.1386,0,0,0,0,0
soc_trang,mild,Oracle,1,inf,awd,0.02,2024,2160,0,0,0.0,380.0,19,25,19,6,4,80.0,0,1864,1.1618,0,0,0,0,0
soc_trang,mild,Oracle,2,inf,awd,0.02,2024,2160,0,0,0.0,380.0,19,25,19,6,5,100.0,0,1857,1.0541,0,0,0,0,0
soc_trang,mild,Oracle,3,inf,awd,0.02,2024,2160,0,0,0.0,380.0,19,37,19,18,5,100.0,0,1824,1.893,0,0,0,0,0
soc_trang,mild,Oracle,4,inf,awd,0.02,2024,2160,0,0,0.0,380.0,19,20,19,1,6,120.0,0,1831,0.4303,0,0,0,0,0
soc_trang,mild,Oracle,5,inf,awd,0.02,2024,2160,0,0,0.0,380.0,19,25,19,6,8,160.0,0,1826,1.1184,0,0,0,0,0
soc_trang,mild,Oracle,6,inf,awd,0.02,2024,2160,0,0,0.0,380.0,19,21,19,2,10,200.0,0,1835,0.6086,0,0,0,0,0
soc_trang,mild,Oracle,7,inf,awd,0.02,2024,2160,0,0,0.0,380.0,19,26,19,7,6,120.0,0,1839,1.2197,0,0,0,0,0
soc_trang,mild,Oracle,8,inf,awd,0.02,2024,2160,0,0,0.0,380.0,19,26,19,7,3,60.0,0,1831,1.1386,0,0,0,0,0
soc_trang,mild,Oracle,9,inf,awd,0.02,2024,2160,0,0,0.0,380.0,19,29,19,10,2,40.0,0,1804,1.5007,0,0,0,0,0
soc_trang,mild,TwinGate+T2+centre,0,inf,awd,0.02,2024,2160,0,0,0.0,340.0,16,22,17,6,3,60.0,74,1861,0.9623,10,0,10,138,493
soc_trang,mild,TwinGate+T2+centre,1,inf,awd,0.02,2024,2160,0,0,0.0,340.0,15,20,17,5,4,80.0,75,1864,0.7454,9,0,9,119,465
soc_trang,mild,TwinGate+T2+centre,2,inf,awd,0.02,2024,2160,0,0,0.0,340.0,13,18,17,5,8,160.0,77,1857,0.4303,6,0,6,64,449
soc_trang,mild,TwinGate+T2+centre,3,inf,awd,0.02,2024,2160,0,0,0.0,360.0,15,23,18,8,8,160.0,75,1824,0.9623,7,0,7,79,443
soc_trang,mild,TwinGate+T2+centre,4,inf,awd,0.02,2024,2160,0,0,0.0,360.0,13,19,18,6,6,120.0,77,1831,0.4303,7,0,7,64,374
soc_trang,mild,TwinGate+T2+centre,5,inf,awd,0.02,2024,2160,0,0,0.0,340.0,13,21,17,8,8,160.0,77,1826,0.9622,5,0,5,76,394
soc_trang,mild,TwinGate+T2+centre,6,inf,awd,0.02,2024,2160,0,0,0.0,360.0,13,21,18,8,10,200.0,77,1835,0.7439,7,0,7,62,378
soc_trang,mild,TwinGate+T2+centre,7,inf,awd,0.02,2024,2160,0,0,0.0,360.0,13,21,18,8,8,160.0,77,1839,0.7423,6,0,6,50,402
soc_trang,mild,TwinGate+T2+centre,8,inf,awd,0.02,2024,2160,0,0,0.0,340.0,14,17,17,3,3,60.0,76,1831,0.0,7,0,7,73,436
soc_trang,mild,TwinGate+T2+centre,9,inf,awd,0.02,2024,2160,0,0,0.0,340.0,19,26,17,7,3,60.0,71,1804,1.9234,8,0,8,159,584
soc_trang,mild,TwinGate+T2,0,inf,mid,0.05,2024,2160,0,0,0.0,340.0,16,22,17,6,3,60.0,74,1861,0.9623,10,0,10,138,493
soc_trang,mild,TwinGate+T2,1,inf,mid,0.05,2024,2160,0,0,0.0,340.0,15,20,17,5,4,80.0,75,1864,0.7454,9,0,9,119,465
soc_trang,mild,TwinGate+T2,2,inf,mid,0.05,2024,2160,0,0,0.0,340.0,13,18,17,5,8,160.0,77,1857,0.4303,6,0,6,64,449
soc_trang,mild,TwinGate+T2,3,inf,mid,0.05,2024,2160,0,0,0.0,360.0,15,23,18,8,8,160.0,75,1824,0.9623,7,0,7,79,443
soc_trang,mild,TwinGate+T2,4,inf,mid,0.05,2024,2160,0,0,0.0,360.0,13,19,18,6,6,120.0,77,1831,0.4303,7,0,7,64,374
soc_trang,mild,TwinGate+T2,5,inf,mid,0.05,2024,2160,0,0,0.0,340.0,13,21,17,8,8,160.0,77,1826,0.9622,5,0,5,76,394
soc_trang,mild,TwinGate+T2,6,inf,mid,0.05,2024,2160,0,0,0.0,360.0,13,21,18,8,10,200.0,77,1835,0.7439,7,0,7,62,378
soc_trang,mild,TwinGate+T2,7,inf,mid,0.05,2024,2160,0,0,0.0,360.0,13,21,18,8,8,160.0,77,1839,0.7423,6,0,6,50,402
soc_trang,mild,TwinGate+T2,8,inf,mid,0.05,2024,2160,0,0,0.0,340.0,14,17,17,3,3,60.0,76,1831,0.0,7,0,7,73,436
soc_trang,mild,TwinGate+T2,9,inf,mid,0.05,2024,2160,0,0,0.0,340.0,19,26,17,7,3,60.0,71,1804,1.9234,8,0,8,159,584
soc_trang,mild,TwinGate+blindARQ,0,inf,mid,0.05,2024,2160,0,0,0.0,340.0,14,26,17,12,3,60.0,76,1861,1.291,7,0,7,76,444
soc_trang,mild,TwinGate+blindARQ,1,inf,mid,0.05,2024,2160,0,0,0.0,380.0,15,29,19,14,4,80.0,75,1864,1.6578,8,0,8,86,447
soc_trang,mild,TwinGate+blindARQ,2,inf,mid,0.05,2024,2160,0,0,0.0,440.0,13,31,22,18,9,180.0,77,1857,0.9623,6,0,6,65,400
soc_trang,mild,TwinGate+blindARQ,3,inf,mid,0.05,2024,2160,0,0,0.0,400.0,10,22,20,12,10,200.0,80,1824,0.6086,4,0,4,44,288
soc_trang,mild,TwinGate+blindARQ,4,inf,mid,0.05,2024,2160,0,0,0.0,360.0,12,24,18,12,6,120.0,78,1831,0.9626,7,0,7,72,383
soc_trang,mild,TwinGate+blindARQ,5,inf,mid,0.05,2024,2160,0,0,0.0,400.0,11,26,20,15,9,180.0,79,1826,1.1385,7,0,7,79,352
soc_trang,mild,TwinGate+blindARQ,6,inf,mid,0.05,2024,2160,0,0,0.0,520.0,11,36,26,25,15,300.0,79,1835,1.4893,5,0,5,65,355
soc_trang,mild,TwinGate+blindARQ,7,inf,mid,0.05,2024,2160,0,0,0.0,360.0,10,24,18,14,8,160.0,80,1839,1.053,5,0,5,52,414
soc_trang,mild,TwinGate+blindARQ,8,inf,mid,0.05,2024,2160,0,0,0.0,340.0,14,17,17,3,3,60.0,76,1831,0.0,7,0,7,73,436
soc_trang,mild,TwinGate+blindARQ,9,inf,mid,0.05,2024,2160,0,0,0.0,340.0,14,36,17,22,3,60.0,76,1804,2.3496,8,0,8,83,424
soc_trang,mild,Reactive+T2,0,inf,mid,0.05,2024,2160,0,0,0.0,600.0,10,12,10,2,1,60.0,0,1861,1.2907,4,0,4,61,271
soc_trang,mild,Reactive+T2,1,inf,mid,0.05,2024,2160,0,0,0.0,600.0,11,15,10,4,1,60.0,0,1864,1.9543,6,1,5,160,356
soc_trang,mild,Reactive+T2,2,inf,mid,0.05,2024,2160,0,0,0.0,720.0,9,15,12,6,5,300.0,0,1857,1.5576,4,0,4,40,249
soc_trang,mild,Reactive+T2,3,inf,mid,0.05,2024,2160,0,0,0.0,660.0,10,15,11,5,5,300.0,0,1824,1.8358,4,0,4,85,353
soc_trang,mild,Reactive+T2,4,inf,mid,0.05,2024,2160,0,0,0.0,600.0,9,11,10,2,2,120.0,0,1831,0.0007,4,0,4,38,246
soc_trang,mild,Reactive+T2,5,inf,mid,0.05,2024,2160,0,0,0.0,840.0,9,15,14,6,7,420.0,0,1826,0.0,4,0,4,38,246
soc_trang,mild,Reactive+T2,6,inf,mid,0.05,2024,2160,0,0,0.0,660.0,9,14,11,5,5,300.0,0,1835,1.2388,4,0,4,38,248
soc_trang,mild,Reactive+T2,7,inf,mid,0.05,2024,2160,0,0,0.0,780.0,9,15,13,6,5,300.0,0,1839,0.912,4,0,4,39,247
soc_trang,mild,Reactive+T2,8,inf,mid,0.05,2024,2160,0,0,0.0,600.0,9,10,10,1,1,60.0,0,1831,0.0,4,0,4,38,246
soc_trang,mild,Reactive+T2,9,inf,mid,0.05,2024,2160,0,0,0.0,600.0,10,13,10,3,2,120.0,0,1804,1.5547,4,0,4,62,272
soc_trang,mild,Reactive+blindARQ,0,inf,mid,0.05,2024,2160,0,0,0.0,600.0,9,15,10,6,1,60.0,0,1861,1.5455,4,0,4,40,249
soc_trang,mild,Reactive+blindARQ,1,inf,mid,0.05,2024,2160,0,0,0.0,600.0,9,13,10,4,1,60.0,0,1864,1.5646,4,0,4,39,249
soc_trang,mild,Reactive+blindARQ,2,inf,mid,0.05,2024,2160,0,0,0.0,1020.0,9,22,17,13,8,480.0,0,1857,1.5575,4,0,4,34,249
soc_trang,mild,Reactive+blindARQ,3,inf,mid,0.05,2024,2160,0,0,0.0,1080.0,9,22,18,13,9,540.0,0,1824,1.8296,4,0,4,42,250
soc_trang,mild,Reactive+blindARQ,4,inf,mid,0.05,2024,2160,0,0,0.0,780.0,9,15,13,6,4,240.0,0,1831,0.0016,4,0,4,38,246
soc_trang,mild,Reactive+blindARQ,5,inf,mid,0.05,2024,2160,0,0,0.0,1020.0,9,25,17,16,8,480.0,0,1826,0.0013,4,0,4,38,245
soc_trang,mild,Reactive+blindARQ,6,inf,mid,0.05,2024,2160,0,0,0.0,1320.0,9,32,22,23,13,780.0,0,1835,1.2377,4,0,4,37,247
soc_trang,mild,Reactive+blindARQ,7,inf,mid,0.05,2024,2160,0,0,0.0,900.0,9,17,15,8,6,360.0,0,1839,0.9126,4,0,4,39,247
soc_trang,mild,Reactive+blindARQ,8,inf,mid,0.05,2024,2160,0,0,0.0,600.0,9,10,10,1,1,60.0,0,1831,0.0,4,0,4,38,246
soc_trang,mild,Reactive+blindARQ,9,inf,mid,0.05,2024,2160,0,0,0.0,660.0,9,18,11,9,2,120.0,0,1804,2.0314,4,0,4,41,251
soc_trang,mild,FixedSchedule,0,inf,mid,0.05,2024,2160,0,0,0.0,1500.0,18,30,25,12,7,420.0,0,1861,1.3658,0,0,0,0,0
soc_trang,mild,FixedSchedule,1,inf,mid,0.05,2024,2160,0,0,0.0,1320.0,18,23,22,5,4,240.0,0,1864,0.1363,0,0,0,0,0
soc_trang,mild,FixedSchedule,2,inf,mid,0.05,2024,2160,0,0,0.0,1680.0,18,37,28,19,10,600.0,0,1857,1.0633,0,0,0,0,0
soc_trang,mild,FixedSchedule,3,inf,mid,0.05,2024,2160,0,0,0.0,2040.0,18,45,34,27,16,960.0,0,1824,1.593,0,0,0,0,0
soc_trang,mild,FixedSchedule,4,inf,mid,0.05,2024,2160,0,0,0.0,1500.0,18,29,25,11,7,420.0,0,1831,0.8993,0,0,0,0,0
soc_trang,mild,FixedSchedule,5,inf,mid,0.05,2024,2160,0,0,0.0,1800.0,18,36,30,18,12,720.0,0,1826,1.2437,0,0,0,0,0
soc_trang,mild,FixedSchedule,6,inf,mid,0.05,2024,2160,0,0,0.0,2160.0,18,41,36,23,18,1080.0,0,1835,0.0022,0,0,0,0,0
soc_trang,mild,FixedSchedule,7,inf,mid,0.05,2024,2160,0,0,0.0,1560.0,18,34,26,16,8,480.0,0,1839,1.5834,0,0,0,0,0
soc_trang,mild,FixedSchedule,8,inf,mid,0.05,2024,2160,0,0,0.0,1260.0,18,30,21,12,3,180.0,0,1831,1.4187,0,0,0,0,0
soc_trang,mild,FixedSchedule,9,inf,mid,0.05,2024,2160,0,0,0.0,1260.0,18,31,21,13,3,180.0,0,1804,2.079,0,0,0,0,0
soc_trang,mild,Oracle,0,inf,mid,0.05,2024,2160,0,0,0.0,380.0,19,26,19,7,3,60.0,0,1861,1.1386,0,0,0,0,0
soc_trang,mild,Oracle,1,inf,mid,0.05,2024,2160,0,0,0.0,380.0,19,25,19,6,4,80.0,0,1864,1.1618,0,0,0,0,0
soc_trang,mild,Oracle,2,inf,mid,0.05,2024,2160,0,0,0.0,380.0,19,25,19,6,5,100.0,0,1857,1.0541,0,0,0,0,0
soc_trang,mild,Oracle,3,inf,mid,0.05,2024,2160,0,0,0.0,380.0,19,37,19,18,5,100.0,0,1824,1.893,0,0,0,0,0
soc_trang,mild,Oracle,4,inf,mid,0.05,2024,2160,0,0,0.0,380.0,19,20,19,1,6,120.0,0,1831,0.4303,0,0,0,0,0
soc_trang,mild,Oracle,5,inf,mid,0.05,2024,2160,0,0,0.0,380.0,19,25,19,6,8,160.0,0,1826,1.1184,0,0,0,0,0
soc_trang,mild,Oracle,6,inf,mid,0.05,2024,2160,0,0,0.0,380.0,19,21,19,2,10,200.0,0,1835,0.6086,0,0,0,0,0
soc_trang,mild,Oracle,7,inf,mid,0.05,2024,2160,0,0,0.0,380.0,19,26,19,7,6,120.0,0,1839,1.2197,0,0,0,0,0
soc_trang,mild,Oracle,8,inf,mid,0.05,2024,2160,0,0,0.0,380.0,19,26,19,7,3,60.0,0,1831,1.1386,0,0,0,0,0
soc_trang,mild,Oracle,9,inf,mid,0.05,2024,2160,0,0,0.0,380.0,19,29,19,10,2,40.0,0,1804,1.5007,0,0,0,0,0
soc_trang,mild,TwinGate+T2+centre,0,inf,mid,0.05,2024,2160,0,0,0.0,340.0,16,22,17,6,3,60.0,74,1861,0.9623,10,0,10,138,493
soc_trang,mild,TwinGate+T2+centre,1,inf,mid,0.05,2024,2160,0,0,0.0,340.0,15,20,17,5,4,80.0,75,1864,0.7454,9,0,9,119,465
soc_trang,mild,TwinGate+T2+centre,2,inf,mid,0.05,2024,2160,0,0,0.0,340.0,13,18,17,5,8,160.0,77,1857,0.4303,6,0,6,64,449
soc_trang,mild,TwinGate+T2+centre,3,inf,mid,0.05,2024,2160,0,0,0.0,360.0,15,23,18,8,8,160.0,75,1824,0.9623,7,0,7,79,443
soc_trang,mild,TwinGate+T2+centre,4,inf,mid,0.05,2024,2160,0,0,0.0,360.0,13,19,18,6,6,120.0,77,1831,0.4303,7,0,7,64,374
soc_trang,mild,TwinGate+T2+centre,5,inf,mid,0.05,2024,2160,0,0,0.0,340.0,13,21,17,8,8,160.0,77,1826,0.9622,5,0,5,76,394
soc_trang,mild,TwinGate+T2+centre,6,inf,mid,0.05,2024,2160,0,0,0.0,360.0,13,21,18,8,10,200.0,77,1835,0.7439,7,0,7,62,378
soc_trang,mild,TwinGate+T2+centre,7,inf,mid,0.05,2024,2160,0,0,0.0,360.0,13,21,18,8,8,160.0,77,1839,0.7423,6,0,6,50,402
soc_trang,mild,TwinGate+T2+centre,8,inf,mid,0.05,2024,2160,0,0,0.0,340.0,14,17,17,3,3,60.0,76,1831,0.0,7,0,7,73,436
soc_trang,mild,TwinGate+T2+centre,9,inf,mid,0.05,2024,2160,0,0,0.0,340.0,19,26,17,7,3,60.0,71,1804,1.9234,8,0,8,159,584
soc_trang,mild,TwinGate+T2,0,inf,narrow,0.1,2024,2160,0,0,0.0,300.0,16,22,15,6,3,60.0,74,1861,1.2172,15,0,14,1051,1143
soc_trang,mild,TwinGate+T2,1,inf,narrow,0.1,2024,2160,0,0,0.0,320.0,14,17,16,3,4,80.0,76,1864,0.4303,14,0,14,355,729
soc_trang,mild,TwinGate+T2,2,inf,narrow,0.1,2024,2160,0,0,0.0,320.0,12,18,16,6,8,160.0,78,1857,0.6086,12,0,12,283,774
soc_trang,mild,TwinGate+T2,3,inf,narrow,0.1,2024,2160,0,0,0.0,320.0,12,20,16,8,8,160.0,78,1824,0.8607,11,0,11,251,785
soc_trang,mild,TwinGate+T2,4,inf,narrow,0.1,2024,2160,0,0,0.0,320.0,15,22,16,7,5,100.0,75,1831,1.2909,13,1,12,411,773
soc_trang,mild,TwinGate+T2,5,inf,narrow,0.1,2024,2160,0,0,0.0,340.0,13,21,17,8,7,140.0,77,1826,0.8607,11,0,11,280,590
soc_trang,mild,TwinGate+T2,6,inf,narrow,0.1,2024,2160,0,0,0.0,340.0,11,18,17,7,10,200.0,79,1835,0.4303,11,0,11,246,584
soc_trang,mild,TwinGate+T2,7,inf,narrow,0.1,2024,2160,0,0,0.0,340.0,11,18,17,7,7,140.0,79,1839,0.4303,11,0,11,286,610
soc_trang,mild,TwinGate+T2,8,inf,narrow,0.1,2024,2160,0,0,0.0,340.0,18,23,17,5,3,60.0,72,1831,1.3608,16,0,16,403,836
soc_trang,mild,TwinGate+T2,9,inf,narrow,0.1,2024,2160,0,0,0.0,320.0,14,19,16,5,3,60.0,76,1804,1.054,13,0,13,327,672
soc_trang,mild,TwinGate+blindARQ,0,inf,narrow,0.1,2024,2160,0,0,0.0,320.0,13,22,16,9,3,60.0,77,1861,1.1386,13,0,13,399,776
soc_trang,mild,TwinGate+blindARQ,1,inf,narrow,0.1,2024,2160,0,0,0.0,340.0,13,18,17,5,4,80.0,77,1864,0.4303,14,0,13,993,1019
soc_trang,mild,TwinGate+blindARQ,2,inf,narrow,0.1,2024,2160,0,0,0.0,420.0,12,28,21,16,9,180.0,78,1857,1.1501,12,0,12,318,644
soc_trang,mild,TwinGate+blindARQ,3,inf,narrow,0.1,2024,2160,0,0,0.0,360.0,9,21,18,12,9,180.0,81,1824,0.8607,10,0,9,836,781
soc_trang,mild,TwinGate+blindARQ,4,inf,narrow,0.1,2024,2160,0,0,0.0,360.0,12,23,18,11,6,120.0,78,1831,1.2171,12,0,12,314,648
soc_trang,mild,TwinGate+blindARQ,5,inf,narrow,0.1,2024,2160,0,0,0.0,380.0,10,19,19,9,9,180.0,80,1826,0.0,10,0,10,218,501
soc_trang,mild,TwinGate+blindARQ,6,inf,narrow,0.1,2024,2160,0,0,0.0,500.0,10,31,25,21,15,300.0,80,1835,1.2172,10,0,10,287,562
soc_trang,mild,TwinGate+blindARQ,7,inf,narrow,0.1,2024,2160,0,0,0.0,360.0,10,20,18,10,8,160.0,80,1839,0.6086,10,0,10,265,532
soc_trang,mild,TwinGate+blindARQ,8,inf,narrow,0.1,2024,2160,0,0,0.0,340.0,14,29,17,15,3,60.0,76,1831,1.6968,14,0,14,342,725
soc_trang,mild,TwinGate+blindARQ,9,inf,narrow,0.1,2024,2160,0,0,0.0,320.0,13,24,16,11,3,60.0,77,1804,1.4272,13,0,13,324,687
soc_trang,mild,Reactive+T2,0,inf,narrow,0.1,2024,2160,0,0,0.0,600.0,10,12,10,2,1,60.0,0,1861,1.2907,4,0,4,61,271
soc_trang,mild,Reactive+T2,1,inf,narrow,0.1,2024,2160,0,0,0.0,600.0,11,15,10,4,1,60.0,0,1864,1.9543,6,1,5,160,356
soc_trang,mild,Reactive+T2,2,inf,narrow,0.1,2024,2160,0,0,0.0,720.0,9,15,12,6,5,300.0,0,1857,1.5576,4,0,4,40,249
soc_trang,mild,Reactive+T2,3,inf,narrow,0.1,2024,2160,0,0,0.0,660.0,10,15,11,5,5,300.0,0,1824,1.8358,4,0,4,85,353
soc_trang,mild,Reactive+T2,4,inf,narrow,0.1,2024,2160,0,0,0.0,600.0,9,11,10,2,2,120.0,0,1831,0.0007,4,0,4,38,246
soc_trang,mild,Reactive+T2,5,inf,narrow,0.1,2024,2160,0,0,0.0,840.0,9,15,14,6,7,420.0,0,1826,0.0,4,0,4,38,246
soc_trang,mild,Reactive+T2,6,inf,narrow,0.1,2024,2160,0,0,0.0,660.0,9,14,11,5,5,300.0,0,1835,1.2388,4,0,4,38,248
soc_trang,mild,Reactive+T2,7,inf,narrow,0.1,2024,2160,0,0,0.0,780.0,9,15,13,6,5,300.0,0,1839,0.912,4,0,4,39,247
soc_trang,mild,Reactive+T2,8,inf,narrow,0.1,2024,2160,0,0,0.0,600.0,9,10,10,1,1,60.0,0,1831,0.0,4,0,4,38,246
soc_trang,mild,Reactive+T2,9,inf,narrow,0.1,2024,2160,0,0,0.0,600.0,10,13,10,3,2,120.0,0,1804,1.5547,4,0,4,62,272
soc_trang,mild,Reactive+blindARQ,0,inf,narrow,0.1,2024,2160,0,0,0.0,600.0,9,15,10,6,1,60.0,0,1861,1.5455,4,0,4,40,249
soc_trang,mild,Reactive+blindARQ,1,inf,narrow,0.1,2024,2160,0,0,0.0,600.0,9,13,10,4,1,60.0,0,1864,1.5646,4,0,4,39,249
soc_trang,mild,Reactive+blindARQ,2,inf,narrow,0.1,2024,2160,0,0,0.0,1020.0,9,22,17,13,8,480.0,0,1857,1.5575,4,0,4,34,249
soc_trang,mild,Reactive+blindARQ,3,inf,narrow,0.1,2024,2160,0,0,0.0,1080.0,9,22,18,13,9,540.0,0,1824,1.8296,4,0,4,42,250
soc_trang,mild,Reactive+blindARQ,4,inf,narrow,0.1,2024,2160,0,0,0.0,780.0,9,15,13,6,4,240.0,0,1831,0.0016,4,0,4,38,246
soc_trang,mild,Reactive+blindARQ,5,inf,narrow,0.1,2024,2160,0,0,0.0,1020.0,9,25,17,16,8,480.0,0,1826,0.0013,4,0,4,38,245
soc_trang,mild,Reactive+blindARQ,6,inf,narrow,0.1,2024,2160,0,0,0.0,1320.0,9,32,22,23,13,780.0,0,1835,1.2377,4,0,4,37,247
soc_trang,mild,Reactive+blindARQ,7,inf,narrow,0.1,2024,2160,0,0,0.0,900.0,9,17,15,8,6,360.0,0,1839,0.9126,4,0,4,39,247
soc_trang,mild,Reactive+blindARQ,8,inf,narrow,0.1,2024,2160,0,0,0.0,600.0,9,10,10,1,1,60.0,0,1831,0.0,4,0,4,38,246
soc_trang,mild,Reactive+blindARQ,9,inf,narrow,0.1,2024,2160,0,0,0.0,660.0,9,18,11,9,2,120.0,0,1804,2.0314,4,0,4,41,251
soc_trang,mild,FixedSchedule,0,inf,narrow,0.1,2024,2160,0,0,0.0,1500.0,18,30,25,12,7,420.0,0,1861,1.3658,0,0,0,0,0
soc_trang,mild,FixedSchedule,1,inf,narrow,0.1,2024,2160,0,0,0.0,1320.0,18,23,22,5,4,240.0,0,1864,0.1363,0,0,0,0,0
soc_trang,mild,FixedSchedule,2,inf,narrow,0.1,2024,2160,0,0,0.0,1680.0,18,37,28,19,10,600.0,0,1857,1.0633,0,0,0,0,0
soc_trang,mild,FixedSchedule,3,inf,narrow,0.1,2024,2160,0,0,0.0,2040.0,18,45,34,27,16,960.0,0,1824,1.593,0,0,0,0,0
soc_trang,mild,FixedSchedule,4,inf,narrow,0.1,2024,2160,0,0,0.0,1500.0,18,29,25,11,7,420.0,0,1831,0.8993,0,0,0,0,0
soc_trang,mild,FixedSchedule,5,inf,narrow,0.1,2024,2160,0,0,0.0,1800.0,18,36,30,18,12,720.0,0,1826,1.2437,0,0,0,0,0
soc_trang,mild,FixedSchedule,6,inf,narrow,0.1,2024,2160,0,0,0.0,2160.0,18,41,36,23,18,1080.0,0,1835,0.0022,0,0,0,0,0
soc_trang,mild,FixedSchedule,7,inf,narrow,0.1,2024,2160,0,0,0.0,1560.0,18,34,26,16,8,480.0,0,1839,1.5834,0,0,0,0,0
soc_trang,mild,FixedSchedule,8,inf,narrow,0.1,2024,2160,0,0,0.0,1260.0,18,30,21,12,3,180.0,0,1831,1.4187,0,0,0,0,0
soc_trang,mild,FixedSchedule,9,inf,narrow,0.1,2024,2160,0,0,0.0,1260.0,18,31,21,13,3,180.0,0,1804,2.079,0,0,0,0,0
soc_trang,mild,Oracle,0,inf,narrow,0.1,2024,2160,0,0,0.0,380.0,19,26,19,7,3,60.0,0,1861,1.1386,0,0,0,0,0
soc_trang,mild,Oracle,1,inf,narrow,0.1,2024,2160,0,0,0.0,380.0,19,25,19,6,4,80.0,0,1864,1.1618,0,0,0,0,0
soc_trang,mild,Oracle,2,inf,narrow,0.1,2024,2160,0,0,0.0,380.0,19,25,19,6,5,100.0,0,1857,1.0541,0,0,0,0,0
soc_trang,mild,Oracle,3,inf,narrow,0.1,2024,2160,0,0,0.0,380.0,19,37,19,18,5,100.0,0,1824,1.893,0,0,0,0,0
soc_trang,mild,Oracle,4,inf,narrow,0.1,2024,2160,0,0,0.0,380.0,19,20,19,1,6,120.0,0,1831,0.4303,0,0,0,0,0
soc_trang,mild,Oracle,5,inf,narrow,0.1,2024,2160,0,0,0.0,380.0,19,25,19,6,8,160.0,0,1826,1.1184,0,0,0,0,0
soc_trang,mild,Oracle,6,inf,narrow,0.1,2024,2160,0,0,0.0,380.0,19,21,19,2,10,200.0,0,1835,0.6086,0,0,0,0,0
soc_trang,mild,Oracle,7,inf,narrow,0.1,2024,2160,0,0,0.0,380.0,19,26,19,7,6,120.0,0,1839,1.2197,0,0,0,0,0
soc_trang,mild,Oracle,8,inf,narrow,0.1,2024,2160,0,0,0.0,380.0,19,26,19,7,3,60.0,0,1831,1.1386,0,0,0,0,0
soc_trang,mild,Oracle,9,inf,narrow,0.1,2024,2160,0,0,0.0,380.0,19,29,19,10,2,40.0,0,1804,1.5007,0,0,0,0,0
soc_trang,mild,TwinGate+T2+centre,0,inf,narrow,0.1,2024,2160,0,0,0.0,300.0,16,22,15,6,3,60.0,74,1861,1.2172,15,0,14,1051,1143
soc_trang,mild,TwinGate+T2+centre,1,inf,narrow,0.1,2024,2160,0,0,0.0,320.0,14,17,16,3,4,80.0,76,1864,0.4303,14,0,14,355,729
soc_trang,mild,TwinGate+T2+centre,2,inf,narrow,0.1,2024,2160,0,0,0.0,320.0,12,18,16,6,8,160.0,78,1857,0.6086,12,0,12,283,774
soc_trang,mild,TwinGate+T2+centre,3,inf,narrow,0.1,2024,2160,0,0,0.0,320.0,12,20,16,8,8,160.0,78,1824,0.8607,11,0,11,251,785
soc_trang,mild,TwinGate+T2+centre,4,inf,narrow,0.1,2024,2160,0,0,0.0,320.0,15,22,16,7,5,100.0,75,1831,1.2909,13,1,12,411,773
soc_trang,mild,TwinGate+T2+centre,5,inf,narrow,0.1,2024,2160,0,0,0.0,340.0,13,21,17,8,7,140.0,77,1826,0.8607,11,0,11,280,590
soc_trang,mild,TwinGate+T2+centre,6,inf,narrow,0.1,2024,2160,0,0,0.0,340.0,11,18,17,7,10,200.0,79,1835,0.4303,11,0,11,246,584
soc_trang,mild,TwinGate+T2+centre,7,inf,narrow,0.1,2024,2160,0,0,0.0,340.0,11,18,17,7,7,140.0,79,1839,0.4303,11,0,11,286,610
soc_trang,mild,TwinGate+T2+centre,8,inf,narrow,0.1,2024,2160,0,0,0.0,340.0,18,23,17,5,3,60.0,72,1831,1.3608,16,0,16,403,836
soc_trang,mild,TwinGate+T2+centre,9,inf,narrow,0.1,2024,2160,0,0,0.0,320.0,14,19,16,5,3,60.0,76,1804,1.054,13,0,13,327,672
soc_trang,severe,TwinGate+T2,0,80.0,awd,0.02,2024,2160,701,0,79.0913,80.0,5,13,4,8,0,0.0,85,1861,0.6085,5,4,0,1907,1683
soc_trang,severe,TwinGate+T2,1,80.0,awd,0.02,2024,2160,722,0,81.1262,80.0,5,12,4,7,0,0.0,85,1864,0.4303,5,4,0,1870,1683
soc_trang,severe,TwinGate+T2,2,80.0,awd,0.02,2024,2160,722,0,81.1262,80.0,5,17,4,12,1,20.0,85,1857,0.8607,5,4,0,1872,1683
soc_trang,severe,TwinGate+T2,3,80.0,awd,0.02,2024,2160,824,0,92.7045,80.0,4,13,4,9,2,40.0,86,1824,0.8607,3,2,0,1788,1550
soc_trang,severe,TwinGate+T2,4,80.0,awd,0.02,2024,2160,770,0,87.4629,80.0,3,7,4,4,1,20.0,87,1831,0.4303,4,3,0,1825,1601
soc_trang,severe,TwinGate+T2,5,80.0,awd,0.02,2024,2160,723,0,81.423,80.0,4,10,4,6,0,0.0,86,1826,0.7454,5,4,0,1869,1683
soc_trang,severe,TwinGate+T2,6,80.0,awd,0.02,2024,2160,970,0,113.0994,80.0,1,4,4,3,3,60.0,89,1835,0.6945,2,1,0,1802,1532
soc_trang,severe,TwinGate+T2,7,80.0,awd,0.02,2024,2160,772,0,88.1377,80.0,3,8,4,5,2,40.0,87,1839,0.8607,4,3,0,1820,1600
soc_trang,severe,TwinGate+T2,8,80.0,awd,0.02,2024,2160,710,0,76.864,80.0,7,17,4,10,0,0.0,83,1831,0.9623,5,4,0,1889,1683
soc_trang,severe,TwinGate+T2,9,80.0,awd,0.02,2024,2160,751,0,85.3782,80.0,4,8,4,4,1,20.0,86,1804,0.6086,4,3,0,1843,1621
soc_trang,severe,TwinGate+blindARQ,0,80.0,awd,0.02,2024,2160,723,0,81.42,80.0,4,16,4,12,0,0.0,86,1861,1.054,5,4,0,1878,1683
soc_trang,severe,TwinGate+blindARQ,1,80.0,awd,0.02,2024,2160,771,0,87.8863,80.0,3,18,4,15,1,20.0,87,1864,1.2172,4,3,0,1802,1601
soc_trang,severe,TwinGate+blindARQ,2,80.0,awd,0.02,2024,2160,822,0,94.4365,80.0,2,16,4,14,2,40.0,88,1857,1.3608,3,2,0,1771,1540
soc_trang,severe,TwinGate+blindARQ,3,80.0,awd,0.02,2024,2160,842,0,95.9042,80.0,2,15,4,13,2,40.0,88,1824,1.291,3,2,0,1777,1551
soc_trang,severe,TwinGate+blindARQ,4,80.0,awd,0.02,2024,2160,770,0,87.4629,80.0,3,7,4,4,1,20.0,87,1831,0.4303,4,3,0,1825,1601
soc_trang,severe,TwinGate+blindARQ,5,80.0,awd,0.02,2024,2160,770,0,87.3471,80.0,3,9,4,6,1,20.0,87,1826,0.7128,4,3,0,1826,1624
soc_trang,severe,TwinGate+blindARQ,6,80.0,awd,0.02,2024,2160,970,0,113.0994,80.0,1,4,4,3,3,60.0,89,1835,0.6945,2,1,0,1802,1532
soc_trang,severe,TwinGate+blindARQ,7,80.0,awd,0.02,2024,2160,822,0,94.5881,80.0,2,27,4,25,2,40.0,88,1839,2.5617,3,2,0,1761,1542
soc_trang,severe,TwinGate+blindARQ,8,80.0,awd,0.02,2024,2160,723,0,81.2335,80.0,4,21,4,17,0,0.0,86,1831,2.1972,5,4,0,1880,1683
soc_trang,severe,TwinGate+blindARQ,9,80.0,awd,0.02,2024,2160,770,0,87.1948,80.0,3,12,4,9,1,20.0,87,1804,1.0541,4,3,0,1832,1621
soc_trang,severe,Reactive+T2,0,80.0,awd,0.02,2024,2160,1011,0,115.7084,80.0,2,2,2,0,0,0.0,0,1861,0.0,1,0,0,1739,1491
soc_trang,severe,Reactive+T2,1,80.0,awd,0.02,2024,2160,965,0,112.4269,80.0,3,7,2,4,0,0.0,0,1864,0.8583,2,0,1,1728,1490
soc_trang,severe,Reactive+T2,2,80.0,awd,0.02,2024,2160,1011,0,115.7033,80.0,2,3,2,1,0,0.0,0,1857,0.4303,1,0,0,1739,1492
soc_trang,severe,Reactive+T2,3,80.0,awd,0.02,2024,2160,852,0,97.0528,80.0,8,26,2,18,0,0.0,0,1824,2.9162,2,1,0,1727,1487
soc_trang,severe,Reactive+T2,4,80.0,awd,0.02,2024,2160,1006,0,114.8668,80.0,3,10,2,7,0,0.0,0,1831,1.5473,2,0,1,1755,1517
soc_trang,severe,Reactive+T2,5,80.0,awd,0.02,2024,2160,1011,0,115.7069,80.0,2,4,2,2,0,0.0,0,1826,0.4303,1,0,0,1739,1493
soc_trang,severe,Reactive+T2,6,80.0,awd,0.02,2024,2160,1011,0,115.7019,80.0,2,5,2,3,0,0.0,0,1835,1.2873,1,0,0,1739,1494
soc_trang,severe,Reactive+T2,7,80.0,awd,0.02,2024,2160,1011,0,115.7065,80.0,2,5,2,3,0,0.0,0,1839,0.8577,1,0,0,1739,1494
soc_trang,severe,Reactive+T2,8,80.0,awd,0.02,2024,2160,1011,0,115.7075,80.0,2,3,2,1,0,0.0,0,1831,0.0,1,0,0,1739,1492
soc_trang,severe,Reactive+T2,9,80.0,awd,0.02,2024,2160,1011,0,115.6953,80.0,2,7,2,5,0,0.0,0,1804,0.0,1,0,0,1739,1496
soc_trang,severe,Reactive+blindARQ,0,80.0,awd,0.02,2024,2160,1011,0,115.7084,80.0,2,2,2,0,0,0.0,0,1861,0.0,1,0,0,1739,1491
soc_trang,severe,Reactive+blindARQ,1,80.0,awd,0.02,2024,2160,1008,0,115.334,80.0,2,13,2,11,0,0.0,0,1864,2.1073,1,0,0,1738,1499
soc_trang,severe,Reactive+blindARQ,2,80.0,awd,0.02,2024,2160,1011,0,115.7033,80.0,2,3,2,1,0,0.0,0,1857,0.4303,1,0,0,1739,1492
soc_trang,severe,Reactive+blindARQ,3,80.0,awd,0.02,2024,2160,1008,0,115.523,80.0,2,10,2,8,0,0.0,0,1824,1.9691,1,0,0,1739,1498
soc_trang,severe,Reactive+blindARQ,4,80.0,awd,0.02,2024,2160,1011,0,115.695,80.0,2,8,2,6,0,0.0,0,1831,1.5473,1,0,0,1739,1497
soc_trang,severe,Reactive+blindARQ,5,80.0,awd,0.02,2024,2160,1011,0,115.7069,80.0,2,4,2,2,0,0.0,0,1826,0.4303,1,0,0,1739,1493
soc_trang,severe,Reactive+blindARQ,6,80.0,awd,0.02,2024,2160,1011,0,115.7019,80.0,2,5,2,3,0,0.0,0,1835,1.2873,1,0,0,1739,1494
soc_trang,severe,Reactive+blindARQ,7,80.0,awd,0.02,2024,2160,1011,0,115.7065,80.0,2,5,2,3,0,0.0,0,1839,0.8577,1,0,0,1739,1494
soc_trang,severe,Reactive+blindARQ,8,80.0,awd,0.02,2024,2160,1011,0,115.7075,80.0,2,3,2,1,0,0.0,0,1831,0.0,1,0,0,1739,1492
soc_trang,severe,Reactive+blindARQ,9,80.0,awd,0.02,2024,2160,1011,0,115.6953,80.0,2,7,2,5,0,0.0,0,1804,0.0,1,0,0,1739,1496
soc_trang,severe,FixedSchedule,0,80.0,awd,0.02,2024,2160,1178,0,139.275,80.0,2,7,2,5,0,0.0,0,1861,0.0045,1,0,0,1906,1623
soc_trang,severe,FixedSchedule,1,80.0,awd,0.02,2024,2160,1178,0,139.279,80.0,2,12,2,10,0,0.0,0,1864,5.8808,1,0,0,1906,1632
soc_trang,severe,FixedSchedule,2,80.0,awd,0.02,2024,2160,1178,0,139.3298,80.0,2,5,2,3,0,0.0,0,1857,4.048,1,0,0,1906,1624
soc_trang,severe,FixedSchedule,3,80.0,awd,0.02,2024,2160,1178,0,139.2806,80.0,2,13,2,11,0,0.0,0,1824,5.7139,1,0,0,1906,1631
soc_trang,severe,FixedSchedule,4,80.0,awd,0.02,2024,2160,1178,0,139.3114,80.0,2,7,2,5,0,0.0,0,1831,0.0,1,0,0,1906,1625
soc_trang,severe,FixedSchedule,5,80.0,awd,0.02,2024,2160,1177,0,139.2206,80.0,2,9,2,7,0,0.0,0,1826,4.0831,1,0,0,1906,1622
soc_trang,severe,FixedSchedule,6,80.0,awd,0.02,2024,2160,1178,0,139.3603,80.0,2,3,2,1,0,0.0,0,1835,4.0489,1,0,0,1906,1624
soc_trang,severe,FixedSchedule,7,80.0,awd,0.02,2024,2160,1159,0,137.6595,80.0,2,18,2,16,0,0.0,0,1839,6.3027,2,0,1,1902,1644
soc_trang,severe,FixedSchedule,8,80.0,awd,0.02,2024,2160,1178,0,139.2578,80.0,2,8,2,6,0,0.0,0,1831,0.0062,1,0,0,1906,1623
soc_trang,severe,FixedSchedule,9,80.0,awd,0.02,2024,2160,1159,0,137.6821,80.0,2,13,2,11,0,0.0,0,1804,3.8754,2,0,1,1897,1639
soc_trang,severe,Oracle,0,80.0,awd,0.02,2024,2160,700,0,78.7493,80.0,4,6,4,2,0,0.0,0,1861,0.0,5,4,0,1887,1683
soc_trang,severe,Oracle,1,80.0,awd,0.02,2024,2160,700,0,78.7387,80.0,4,12,4,8,0,0.0,0,1864,0.8607,5,4,0,1893,1683
soc_trang,severe,Oracle,2,80.0,awd,0.02,2024,2160,700,0,78.7442,80.0,4,8,4,4,1,20.0,0,1857,0.4303,5,4,0,1889,1683
soc_trang,severe,Oracle,3,80.0,awd,0.02,2024,2160,700,0,78.748,80.0,4,10,4,6,2,40.0,0,1824,1.0541,5,4,0,1891,1683
soc_trang,severe,Oracle,4,80.0,awd,0.02,2024,2160,700,0,78.7261,80.0,4,15,4,11,0,0.0,0,1831,1.3606,5,4,0,1894,1683
soc_trang,severe,Oracle,5,80.0,awd,0.02,2024,2160,700,0,78.7458,80.0,4,10,4,6,0,0.0,0,1826,0.8606,5,4,0,1891,1683
soc_trang,severe,Oracle,6,80.0,awd,0.02,2024,2160,700,0,78.7455,80.0,4,7,4,3,2,40.0,0,1835,0.6086,5,4,0,1888,1683
soc_trang,severe,Oracle,7,80.0,awd,0.02,2024,2160,700,0,78.7463,80.0,4,7,4,3,1,20.0,0,1839,0.6086,5,4,0,1888,1683
soc_trang,severe,Oracle,8,80.0,awd,0.02,2024,2160,697,0,77.3558,80.0,4,25,4,21,0,0.0,0,1831,1.8744,5,4,0,1902,1683
soc_trang,severe,Oracle,9,80.0,awd,0.02,2024,2160,700,0,78.7468,80.0,4,8,4,4,0,0.0,0,1804,0.4303,5,4,0,1889,1683
soc_trang,severe,TwinGate+T2+centre,0,80.0,awd,0.02,2024,2160,896,0,104.4674,80.0,4,6,4,2,0,0.0,86,1861,0.0,3,0,2,1685,1486
soc_trang,severe,TwinGate+T2+centre,1,80.0,awd,0.02,2024,2160,893,0,104.0574,80.0,4,9,4,5,1,20.0,86,1864,0.6086,4,0,3,1682,1479
soc_trang,severe,TwinGate+T2+centre,2,80.0,awd,0.02,2024,2160,910,0,104.6305,80.0,3,10,4,7,1,20.0,87,1857,0.4303,3,0,2,1690,1459
soc_trang,severe,TwinGate+T2+centre,3,80.0,awd,0.02,2024,2160,850,0,96.4149,80.0,9,32,4,23,2,40.0,81,1824,1.3608,3,1,1,1736,1511
soc_trang,severe,TwinGate+T2+centre,4,80.0,awd,0.02,2024,2160,888,0,101.79,80.0,7,23,4,16,1,20.0,83,1831,0.9622,4,0,3,1725,1537
soc_trang,severe,TwinGate+T2+centre,5,80.0,awd,0.02,2024,2160,910,0,104.648,80.0,3,4,4,1,1,20.0,87,1826,0.4303,3,0,2,1685,1453
soc_trang,severe,TwinGate+T2+centre,6,80.0,awd,0.02,2024,2160,911,0,104.8974,80.0,3,12,4,9,1,20.0,87,1835,1.1366,2,0,1,1679,1459
soc_trang,severe,TwinGate+T2+centre,7,80.0,awd,0.02,2024,2160,911,0,104.9007,80.0,3,10,4,7,1,20.0,87,1839,0.4303,2,0,1,1678,1458
soc_trang,severe,TwinGate+T2+centre,8,80.0,awd,0.02,2024,2160,892,0,103.5743,80.0,5,9,4,4,0,0.0,85,1831,0.6086,3,0,2,1690,1493
soc_trang,severe,TwinGate+T2+centre,9,80.0,awd,0.02,2024,2160,910,0,104.647,80.0,3,7,4,4,1,20.0,87,1804,0.7451,3,0,2,1685,1455
soc_trang,severe,TwinGate+T2,0,80.0,mid,0.05,2024,2160,821,0,94.1658,80.0,6,12,4,6,0,0.0,84,1861,0.8606,5,1,3,1807,1626
soc_trang,severe,TwinGate+T2,1,80.0,mid,0.05,2024,2160,865,0,99.0312,80.0,4,13,4,9,1,20.0,86,1864,0.6086,4,0,3,1755,1549
soc_trang,severe,TwinGate+T2,2,80.0,mid,0.05,2024,2160,863,0,97.9868,80.0,4,11,4,7,1,20.0,86,1857,0.7452,4,0,3,1758,1553
soc_trang,severe,TwinGate+T2,3,80.0,mid,0.05,2024,2160,775,0,86.3152,80.0,10,34,4,24,1,20.0,80,1824,1.4271,5,2,2,1856,1650
soc_trang,severe,TwinGate+T2,4,80.0,mid,0.05,2024,2160,821,0,94.1531,80.0,6,19,4,13,1,20.0,84,1831,0.9621,4,1,2,1773,1541
soc_trang,severe,TwinGate+T2,5,80.0,mid,0.05,2024,2160,863,0,98.0502,80.0,4,11,4,7,1,20.0,86,1826,0.0,5,0,4,1756,1599
soc_trang,severe,TwinGate+T2,6,80.0,mid,0.05,2024,2160,868,0,100.3918,80.0,3,10,4,7,2,40.0,87,1835,0.7454,4,0,3,1736,1530
soc_trang,severe,TwinGate+T2,7,80.0,mid,0.05,2024,2160,846,0,97.3219,80.0,5,20,4,15,1,20.0,85,1839,1.1385,4,1,2,1761,1550
soc_trang,severe,TwinGate+T2,8,80.0,mid,0.05,2024,2160,819,0,93.6551,80.0,7,18,4,11,0,0.0,83,1831,1.054,5,1,3,1778,1621
soc_trang,severe,TwinGate+T2,9,80.0,mid,0.05,2024,2160,869,0,100.4988,80.0,3,6,4,3,1,20.0,87,1804,0.4303,4,0,3,1733,1531
soc_trang,severe,TwinGate+blindARQ,0,80.0,mid,0.05,2024,2160,844,0,96.6887,80.0,4,27,4,23,0,0.0,86,1861,2.4849,5,0,4,1768,1594
soc_trang,severe,TwinGate+blindARQ,1,80.0,mid,0.05,2024,2160,867,0,99.9846,80.0,3,19,4,16,1,20.0,87,1864,1.291,4,0,3,1746,1539
soc_trang,severe,TwinGate+blindARQ,2,80.0,mid,0.05,2024,2160,916,0,106.9376,80.0,2,15,4,13,2,40.0,88,1857,1.2171,3,0,2,1750,1520
soc_trang,severe,TwinGate+blindARQ,3,80.0,mid,0.05,2024,2160,917,0,107.2196,80.0,2,8,4,6,2,40.0,88,1824,0.7454,3,0,2,1752,1531
soc_trang,severe,TwinGate+blindARQ,4,80.0,mid,0.05,2024,2160,868,0,100.1179,80.0,3,11,4,8,1,20.0,87,1831,0.6086,4,0,3,1755,1535
soc_trang,severe,TwinGate+blindARQ,5,80.0,mid,0.05,2024,2160,869,0,100.491,80.0,3,14,4,11,1,20.0,87,1826,0.9623,4,0,3,1736,1533
soc_trang,severe,TwinGate+blindARQ,6,80.0,mid,0.05,2024,2160,1032,0,116.891,80.0,1,22,4,21,3,60.0,89,1835,1.7656,2,0,1,1779,1523
soc_trang,severe,TwinGate+blindARQ,7,80.0,mid,0.05,2024,2160,887,0,101.553,80.0,2,12,4,10,2,40.0,88,1839,1.1487,3,0,2,1739,1494
soc_trang,severe,TwinGate+blindARQ,8,80.0,mid,0.05,2024,2160,844,0,96.8684,80.0,4,24,4,20,0,0.0,86,1831,2.1013,5,0,4,1766,1592
soc_trang,severe,TwinGate+blindARQ,9,80.0,mid,0.05,2024,2160,869,0,100.4988,80.0,3,6,4,3,1,20.0,87,1804,0.4303,4,0,3,1733,1531
soc_trang,severe,Reactive+T2,0,80.0,mid,0.05,2024,2160,1011,0,115.7084,80.0,2,2,2,0,0,0.0,0,1861,0.0,1,0,0,1739,1491
soc_trang,severe,Reactive+T2,1,80.0,mid,0.05,2024,2160,965,0,112.4269,80.0,3,7,2,4,0,0.0,0,1864,0.8583,2,0,1,1728,1490
soc_trang,severe,Reactive+T2,2,80.0,mid,0.05,2024,2160,1011,0,115.7033,80.0,2,3,2,1,0,0.0,0,1857,0.4303,1,0,0,1739,1492
soc_trang,severe,Reactive+T2,3,80.0,mid,0.05,2024,2160,852,0,97.0528,80.0,8,26,2,18,0,0.0,0,1824,2.9162,2,1,0,1727,1487
soc_trang,severe,Reactive+T2,4,80.0,mid,0.05,2024,2160,1006,0,114.8668,80.0,3,10,2,7,0,0.0,0,1831,1.5473,2,0,1,1755,1517
soc_trang,severe,Reactive+T2,5,80.0,mid,0.05,2024,2160,1011,0,115.7069,80.0,2,4,2,2,0,0.0,0,1826,0.4303,1,0,0,1739,1493
soc_trang,severe,Reactive+T2,6,80.0,mid,0.05,2024,2160,1011,0,115.7019,80.0,2,5,2,3,0,0.0,0,1835,1.2873,1,0,0,1739,1494
soc_trang,severe,Reactive+T2,7,80.0,mid,0.05,2024,2160,1011,0,115.7065,80.0,2,5,2,3,0,0.0,0,1839,0.8577,1,0,0,1739,1494
soc_trang,severe,Reactive+T2,8,80.0,mid,0.05,2024,2160,1011,0,115.7075,80.0,2,3,2,1,0,0.0,0,1831,0.0,1,0,0,1739,1492
soc_trang,severe,Reactive+T2,9,80.0,mid,0.05,2024,2160,1011,0,115.6953,80.0,2,7,2,5,0,0.0,0,1804,0.0,1,0,0,1739,1496
soc_trang,severe,Reactive+blindARQ,0,80.0,mid,0.05,2024,2160,1011,0,115.7084,80.0,2,2,2,0,0,0.0,0,1861,0.0,1,0,0,1739,1491
soc_trang,severe,Reactive+blindARQ,1,80.0,mid,0.05,2024,2160,1008,0,115.334,80.0,2,13,2,11,0,0.0,0,1864,2.1073,1,0,0,1738,1499
soc_trang,severe,Reactive+blindARQ,2,80.0,mid,0.05,2024,2160,1011,0,115.7033,80.0,2,3,2,1,0,0.0,0,1857,0.4303,1,0,0,1739,1492
soc_trang,severe,Reactive+blindARQ,3,80.0,mid,0.05,2024,2160,1008,0,115.523,80.0,2,10,2,8,0,0.0,0,1824,1.9691,1,0,0,1739,1498
soc_trang,severe,Reactive+blindARQ,4,80.0,mid,0.05,2024,2160,1011,0,115.695,80.0,2,8,2,6,0,0.0,0,1831,1.5473,1,0,0,1739,1497
soc_trang,severe,Reactive+blindARQ,5,80.0,mid,0.05,2024,2160,1011,0,115.7069,80.0,2,4,2,2,0,0.0,0,1826,0.4303,1,0,0,1739,1493
soc_trang,severe,Reactive+blindARQ,6,80.0,mid,0.05,2024,2160,1011,0,115.7019,80.0,2,5,2,3,0,0.0,0,1835,1.2873,1,0,0,1739,1494
soc_trang,severe,Reactive+blindARQ,7,80.0,mid,0.05,2024,2160,1011,0,115.7065,80.0,2,5,2,3,0,0.0,0,1839,0.8577,1,0,0,1739,1494
soc_trang,severe,Reactive+blindARQ,8,80.0,mid,0.05,2024,2160,1011,0,115.7075,80.0,2,3,2,1,0,0.0,0,1831,0.0,1,0,0,1739,1492
soc_trang,severe,Reactive+blindARQ,9,80.0,mid,0.05,2024,2160,1011,0,115.6953,80.0,2,7,2,5,0,0.0,0,1804,0.0,1,0,0,1739,1496
soc_trang,severe,FixedSchedule,0,80.0,mid,0.05,2024,2160,1178,0,139.275,80.0,2,7,2,5,0,0.0,0,1861,0.0045,1,0,0,1906,1623
soc_trang,severe,FixedSchedule,1,80.0,mid,0.05,2024,2160,1178,0,139.279,80.0,2,12,2,10,0,0.0,0,1864,5.8808,1,0,0,1906,1632
soc_trang,severe,FixedSchedule,2,80.0,mid,0.05,2024,2160,1178,0,139.3298,80.0,2,5,2,3,0,0.0,0,1857,4.048,1,0,0,1906,1624
soc_trang,severe,FixedSchedule,3,80.0,mid,0.05,2024,2160,1178,0,139.2806,80.0,2,13,2,11,0,0.0,0,1824,5.7139,1,0,0,1906,1631
soc_trang,severe,FixedSchedule,4,80.0,mid,0.05,2024,2160,1178,0,139.3114,80.0,2,7,2,5,0,0.0,0,1831,0.0,1,0,0,1906,1625
soc_trang,severe,FixedSchedule,5,80.0,mid,0.05,2024,2160,1177,0,139.2206,80.0,2,9,2,7,0,0.0,0,1826,4.0831,1,0,0,1906,1622
soc_trang,severe,FixedSchedule,6,80.0,mid,0.05,2024,2160,1178,0,139.3603,80.0,2,3,2,1,0,0.0,0,1835,4.0489,1,0,0,1906,1624
soc_trang,severe,FixedSchedule,7,80.0,mid,0.05,2024,2160,1159,0,137.6595,80.0,2,18,2,16,0,0.0,0,1839,6.3027,2,0,1,1902,1644
soc_trang,severe,FixedSchedule,8,80.0,mid,0.05,2024,2160,1178,0,139.2578,80.0,2,8,2,6,0,0.0,0,1831,0.0062,1,0,0,1906,1623
soc_trang,severe,FixedSchedule,9,80.0,mid,0.05,2024,2160,1159,0,137.6821,80.0,2,13,2,11,0,0.0,0,1804,3.8754,2,0,1,1897,1639
soc_trang,severe,Oracle,0,80.0,mid,0.05,2024,2160,700,0,78.7493,80.0,4,6,4,2,0,0.0,0,1861,0.0,5,4,0,1887,1683
soc_trang,severe,Oracle,1,80.0,mid,0.05,2024,2160,700,0,78.7387,80.0,4,12,4,8,0,0.0,0,1864,0.8607,5,4,0,1893,1683
soc_trang,severe,Oracle,2,80.0,mid,0.05,2024,2160,700,0,78.7442,80.0,4,8,4,4,1,20.0,0,1857,0.4303,5,4,0,1889,1683
soc_trang,severe,Oracle,3,80.0,mid,0.05,2024,2160,700,0,78.748,80.0,4,10,4,6,2,40.0,0,1824,1.0541,5,4,0,1891,1683
soc_trang,severe,Oracle,4,80.0,mid,0.05,2024,2160,700,0,78.7261,80.0,4,15,4,11,0,0.0,0,1831,1.3606,5,4,0,1894,1683
soc_trang,severe,Oracle,5,80.0,mid,0.05,2024,2160,700,0,78.7458,80.0,4,10,4,6,0,0.0,0,1826,0.8606,5,4,0,1891,1683
soc_trang,severe,Oracle,6,80.0,mid,0.05,2024,2160,700,0,78.7455,80.0,4,7,4,3,2,40.0,0,1835,0.6086,5,4,0,1888,1683
soc_trang,severe,Oracle,7,80.0,mid,0.05,2024,2160,700,0,78.7463,80.0,4,7,4,3,1,20.0,0,1839,0.6086,5,4,0,1888,1683
soc_trang,severe,Oracle,8,80.0,mid,0.05,2024,2160,697,0,77.3558,80.0,4,25,4,21,0,0.0,0,1831,1.8744,5,4,0,1902,1683
soc_trang,severe,Oracle,9,80.0,mid,0.05,2024,2160,700,0,78.7468,80.0,4,8,4,4,0,0.0,0,1804,0.4303,5,4,0,1889,1683
soc_trang,severe,TwinGate+T2+centre,0,80.0,mid,0.05,2024,2160,896,0,104.4674,80.0,4,6,4,2,0,0.0,86,1861,0.0,3,0,2,1685,1486
soc_trang,severe,TwinGate+T2+centre,1,80.0,mid,0.05,2024,2160,893,0,104.0574,80.0,4,9,4,5,1,20.0,86,1864,0.6086,4,0,3,1682,1479
soc_trang,severe,TwinGate+T2+centre,2,80.0,mid,0.05,2024,2160,910,0,104.6305,80.0,3,10,4,7,1,20.0,87,1857,0.4303,3,0,2,1690,1459
soc_trang,severe,TwinGate+T2+centre,3,80.0,mid,0.05,2024,2160,850,0,96.4149,80.0,9,32,4,23,2,40.0,81,1824,1.3608,3,1,1,1736,1511
soc_trang,severe,TwinGate+T2+centre,4,80.0,mid,0.05,2024,2160,888,0,101.79,80.0,7,23,4,16,1,20.0,83,1831,0.9622,4,0,3,1725,1537
soc_trang,severe,TwinGate+T2+centre,5,80.0,mid,0.05,2024,2160,910,0,104.648,80.0,3,4,4,1,1,20.0,87,1826,0.4303,3,0,2,1685,1453
soc_trang,severe,TwinGate+T2+centre,6,80.0,mid,0.05,2024,2160,911,0,104.8974,80.0,3,12,4,9,1,20.0,87,1835,1.1366,2,0,1,1679,1459
soc_trang,severe,TwinGate+T2+centre,7,80.0,mid,0.05,2024,2160,911,0,104.9007,80.0,3,10,4,7,1,20.0,87,1839,0.4303,2,0,1,1678,1458
soc_trang,severe,TwinGate+T2+centre,8,80.0,mid,0.05,2024,2160,892,0,103.5743,80.0,5,9,4,4,0,0.0,85,1831,0.6086,3,0,2,1690,1493
soc_trang,severe,TwinGate+T2+centre,9,80.0,mid,0.05,2024,2160,910,0,104.647,80.0,3,7,4,4,1,20.0,87,1804,0.7451,3,0,2,1685,1455
soc_trang,severe,TwinGate+T2,0,80.0,narrow,0.1,2024,2160,869,0,100.7367,80.0,4,6,4,2,0,0.0,86,1861,0.0,5,0,4,1739,1560
soc_trang,severe,TwinGate+T2,1,80.0,narrow,0.1,2024,2160,888,0,101.8545,80.0,4,7,4,3,1,20.0,86,1864,0.6086,5,0,4,1733,1538
soc_trang,severe,TwinGate+T2,2,80.0,narrow,0.1,2024,2160,959,0,109.9556,80.0,2,4,4,2,2,40.0,88,1857,0.6086,3,0,2,1739,1494
soc_trang,severe,TwinGate+T2,3,80.0,narrow,0.1,2024,2160,871,0,89.8178,80.0,5,17,3,12,1,20.0,85,1824,1.0539,3,1,1,1762,1519
soc_trang,severe,TwinGate+T2,4,80.0,narrow,0.1,2024,2160,869,0,100.7161,80.0,5,17,4,12,0,0.0,85,1831,0.7454,5,0,4,1745,1565
soc_trang,severe,TwinGate+T2,5,80.0,narrow,0.1,2024,2160,890,0,102.8164,80.0,3,4,4,1,1,20.0,87,1826,0.4303,4,0,3,1705,1499
soc_trang,severe,TwinGate+T2,6,80.0,narrow,0.1,2024,2160,889,0,102.1088,80.0,4,16,4,12,3,60.0,86,1835,1.0541,4,0,3,1710,1517
soc_trang,severe,TwinGate+T2,7,80.0,narrow,0.1,2024,2160,945,0,99.3459,80.0,3,10,2,7,1,40.0,87,1839,1.1385,2,1,0,1801,1549
soc_trang,severe,TwinGate+T2,8,80.0,narrow,0.1,2024,2160,856,0,86.206,80.0,6,16,3,10,0,0.0,84,1831,0.7454,4,1,2,1774,1570
soc_trang,severe,TwinGate+T2,9,80.0,narrow,0.1,2024,2160,868,0,100.0126,80.0,5,11,4,6,0,0.0,85,1804,0.9623,5,0,4,1756,1562
soc_trang,severe,TwinGate+blindARQ,0,80.0,narrow,0.1,2024,2160,869,0,100.7367,80.0,4,6,4,2,0,0.0,86,1861,0.0,5,0,4,1739,1560
soc_trang,severe,TwinGate+blindARQ,1,80.0,narrow,0.1,2024,2160,890,0,102.5904,80.0,3,7,4,4,1,20.0,87,1864,0.6086,4,0,3,1723,1502
soc_trang,severe,TwinGate+blindARQ,2,80.0,narrow,0.1,2024,2160,959,0,109.9556,80.0,2,4,4,2,2,40.0,88,1857,0.6086,3,0,2,1739,1494
soc_trang,severe,TwinGate+blindARQ,3,80.0,narrow,0.1,2024,2160,958,0,109.6332,80.0,2,17,4,15,2,40.0,88,1824,1.2172,3,0,2,1751,1503
soc_trang,severe,TwinGate+blindARQ,4,80.0,narrow,0.1,2024,2160,891,0,103.1289,80.0,3,18,4,15,1,20.0,87,1831,1.2172,4,0,3,1712,1508
soc_trang,severe,TwinGate+blindARQ,5,80.0,narrow,0.1,2024,2160,890,0,102.8164,80.0,3,4,4,1,1,20.0,87,1826,0.4303,4,0,3,1705,1499
soc_trang,severe,TwinGate+blindARQ,6,80.0,narrow,0.1,2024,2160,1058,0,120.6977,80.0,1,20,4,19,3,60.0,89,1835,1.1453,2,0,1,1786,1530
soc_trang,severe,TwinGate+blindARQ,7,80.0,narrow,0.1,2024,2160,890,0,102.8001,80.0,2,13,4,11,2,40.0,88,1839,1.1487,3,0,2,1719,1473
soc_trang,severe,TwinGate+blindARQ,8,80.0,narrow,0.1,2024,2160,888,0,101.8518,80.0,4,9,4,5,0,0.0,86,1831,0.6086,5,0,4,1738,1543
soc_trang,severe,TwinGate+blindARQ,9,80.0,narrow,0.1,2024,2160,890,0,102.8164,80.0,3,13,4,10,1,20.0,87,1804,1.3476,4,0,3,1705,1499
soc_trang,severe,Reactive+T2,0,80.0,narrow,0.1,2024,2160,1011,0,115.7084,80.0,2,2,2,0,0,0.0,0,1861,0.0,1,0,0,1739,1491
soc_trang,severe,Reactive+T2,1,80.0,narrow,0.1,2024,2160,965,0,112.4269,80.0,3,7,2,4,0,0.0,0,1864,0.8583,2,0,1,1728,1490
soc_trang,severe,Reactive+T2,2,80.0,narrow,0.1,2024,2160,1011,0,115.7033,80.0,2,3,2,1,0,0.0,0,1857,0.4303,1,0,0,1739,1492
soc_trang,severe,Reactive+T2,3,80.0,narrow,0.1,2024,2160,852,0,97.0528,80.0,8,26,2,18,0,0.0,0,1824,2.9162,2,1,0,1727,1487
soc_trang,severe,Reactive+T2,4,80.0,narrow,0.1,2024,2160,1006,0,114.8668,80.0,3,10,2,7,0,0.0,0,1831,1.5473,2,0,1,1755,1517
soc_trang,severe,Reactive+T2,5,80.0,narrow,0.1,2024,2160,1011,0,115.7069,80.0,2,4,2,2,0,0.0,0,1826,0.4303,1,0,0,1739,1493
soc_trang,severe,Reactive+T2,6,80.0,narrow,0.1,2024,2160,1011,0,115.7019,80.0,2,5,2,3,0,0.0,0,1835,1.2873,1,0,0,1739,1494
soc_trang,severe,Reactive+T2,7,80.0,narrow,0.1,2024,2160,1011,0,115.7065,80.0,2,5,2,3,0,0.0,0,1839,0.8577,1,0,0,1739,1494
soc_trang,severe,Reactive+T2,8,80.0,narrow,0.1,2024,2160,1011,0,115.7075,80.0,2,3,2,1,0,0.0,0,1831,0.0,1,0,0,1739,1492
soc_trang,severe,Reactive+T2,9,80.0,narrow,0.1,2024,2160,1011,0,115.6953,80.0,2,7,2,5,0,0.0,0,1804,0.0,1,0,0,1739,1496
soc_trang,severe,Reactive+blindARQ,0,80.0,narrow,0.1,2024,2160,1011,0,115.7084,80.0,2,2,2,0,0,0.0,0,1861,0.0,1,0,0,1739,1491
soc_trang,severe,Reactive+blindARQ,1,80.0,narrow,0.1,2024,2160,1008,0,115.334,80.0,2,13,2,11,0,0.0,0,1864,2.1073,1,0,0,1738,1499
soc_trang,severe,Reactive+blindARQ,2,80.0,narrow,0.1,2024,2160,1011,0,115.7033,80.0,2,3,2,1,0,0.0,0,1857,0.4303,1,0,0,1739,1492
soc_trang,severe,Reactive+blindARQ,3,80.0,narrow,0.1,2024,2160,1008,0,115.523,80.0,2,10,2,8,0,0.0,0,1824,1.9691,1,0,0,1739,1498
soc_trang,severe,Reactive+blindARQ,4,80.0,narrow,0.1,2024,2160,1011,0,115.695,80.0,2,8,2,6,0,0.0,0,1831,1.5473,1,0,0,1739,1497
soc_trang,severe,Reactive+blindARQ,5,80.0,narrow,0.1,2024,2160,1011,0,115.7069,80.0,2,4,2,2,0,0.0,0,1826,0.4303,1,0,0,1739,1493
soc_trang,severe,Reactive+blindARQ,6,80.0,narrow,0.1,2024,2160,1011,0,115.7019,80.0,2,5,2,3,0,0.0,0,1835,1.2873,1,0,0,1739,1494
soc_trang,severe,Reactive+blindARQ,7,80.0,narrow,0.1,2024,2160,1011,0,115.7065,80.0,2,5,2,3,0,0.0,0,1839,0.8577,1,0,0,1739,1494
soc_trang,severe,Reactive+blindARQ,8,80.0,narrow,0.1,2024,2160,1011,0,115.7075,80.0,2,3,2,1,0,0.0,0,1831,0.0,1,0,0,1739,1492
soc_trang,severe,Reactive+blindARQ,9,80.0,narrow,0.1,2024,2160,1011,0,115.6953,80.0,2,7,2,5,0,0.0,0,1804,0.0,1,0,0,1739,1496
soc_trang,severe,FixedSchedule,0,80.0,narrow,0.1,2024,2160,1178,0,139.275,80.0,2,7,2,5,0,0.0,0,1861,0.0045,1,0,0,1906,1623
soc_trang,severe,FixedSchedule,1,80.0,narrow,0.1,2024,2160,1178,0,139.279,80.0,2,12,2,10,0,0.0,0,1864,5.8808,1,0,0,1906,1632
soc_trang,severe,FixedSchedule,2,80.0,narrow,0.1,2024,2160,1178,0,139.3298,80.0,2,5,2,3,0,0.0,0,1857,4.048,1,0,0,1906,1624
soc_trang,severe,FixedSchedule,3,80.0,narrow,0.1,2024,2160,1178,0,139.2806,80.0,2,13,2,11,0,0.0,0,1824,5.7139,1,0,0,1906,1631
soc_trang,severe,FixedSchedule,4,80.0,narrow,0.1,2024,2160,1178,0,139.3114,80.0,2,7,2,5,0,0.0,0,1831,0.0,1,0,0,1906,1625
soc_trang,severe,FixedSchedule,5,80.0,narrow,0.1,2024,2160,1177,0,139.2206,80.0,2,9,2,7,0,0.0,0,1826,4.0831,1,0,0,1906,1622
soc_trang,severe,FixedSchedule,6,80.0,narrow,0.1,2024,2160,1178,0,139.3603,80.0,2,3,2,1,0,0.0,0,1835,4.0489,1,0,0,1906,1624
soc_trang,severe,FixedSchedule,7,80.0,narrow,0.1,2024,2160,1159,0,137.6595,80.0,2,18,2,16,0,0.0,0,1839,6.3027,2,0,1,1902,1644
soc_trang,severe,FixedSchedule,8,80.0,narrow,0.1,2024,2160,1178,0,139.2578,80.0,2,8,2,6,0,0.0,0,1831,0.0062,1,0,0,1906,1623
soc_trang,severe,FixedSchedule,9,80.0,narrow,0.1,2024,2160,1159,0,137.6821,80.0,2,13,2,11,0,0.0,0,1804,3.8754,2,0,1,1897,1639
soc_trang,severe,Oracle,0,80.0,narrow,0.1,2024,2160,700,0,78.7493,80.0,4,6,4,2,0,0.0,0,1861,0.0,5,4,0,1887,1683
soc_trang,severe,Oracle,1,80.0,narrow,0.1,2024,2160,700,0,78.7387,80.0,4,12,4,8,0,0.0,0,1864,0.8607,5,4,0,1893,1683
soc_trang,severe,Oracle,2,80.0,narrow,0.1,2024,2160,700,0,78.7442,80.0,4,8,4,4,1,20.0,0,1857,0.4303,5,4,0,1889,1683
soc_trang,severe,Oracle,3,80.0,narrow,0.1,2024,2160,700,0,78.748,80.0,4,10,4,6,2,40.0,0,1824,1.0541,5,4,0,1891,1683
soc_trang,severe,Oracle,4,80.0,narrow,0.1,2024,2160,700,0,78.7261,80.0,4,15,4,11,0,0.0,0,1831,1.3606,5,4,0,1894,1683
soc_trang,severe,Oracle,5,80.0,narrow,0.1,2024,2160,700,0,78.7458,80.0,4,10,4,6,0,0.0,0,1826,0.8606,5,4,0,1891,1683
soc_trang,severe,Oracle,6,80.0,narrow,0.1,2024,2160,700,0,78.7455,80.0,4,7,4,3,2,40.0,0,1835,0.6086,5,4,0,1888,1683
soc_trang,severe,Oracle,7,80.0,narrow,0.1,2024,2160,700,0,78.7463,80.0,4,7,4,3,1,20.0,0,1839,0.6086,5,4,0,1888,1683
soc_trang,severe,Oracle,8,80.0,narrow,0.1,2024,2160,697,0,77.3558,80.0,4,25,4,21,0,0.0,0,1831,1.8744,5,4,0,1902,1683
soc_trang,severe,Oracle,9,80.0,narrow,0.1,2024,2160,700,0,78.7468,80.0,4,8,4,4,0,0.0,0,1804,0.4303,5,4,0,1889,1683
soc_trang,severe,TwinGate+T2+centre,0,80.0,narrow,0.1,2024,2160,869,0,100.7367,80.0,4,6,4,2,0,0.0,86,1861,0.0,5,0,4,1739,1560
soc_trang,severe,TwinGate+T2+centre,1,80.0,narrow,0.1,2024,2160,888,0,101.8545,80.0,4,7,4,3,1,20.0,86,1864,0.6086,5,0,4,1733,1538
soc_trang,severe,TwinGate+T2+centre,2,80.0,narrow,0.1,2024,2160,959,0,109.9556,80.0,2,4,4,2,2,40.0,88,1857,0.6086,3,0,2,1739,1494
soc_trang,severe,TwinGate+T2+centre,3,80.0,narrow,0.1,2024,2160,871,0,89.8178,80.0,5,17,3,12,1,20.0,85,1824,1.0539,3,1,1,1762,1519
soc_trang,severe,TwinGate+T2+centre,4,80.0,narrow,0.1,2024,2160,869,0,100.7161,80.0,5,17,4,12,0,0.0,85,1831,0.7454,5,0,4,1745,1565
soc_trang,severe,TwinGate+T2+centre,5,80.0,narrow,0.1,2024,2160,890,0,102.8164,80.0,3,4,4,1,1,20.0,87,1826,0.4303,4,0,3,1705,1499
soc_trang,severe,TwinGate+T2+centre,6,80.0,narrow,0.1,2024,2160,889,0,102.1088,80.0,4,16,4,12,3,60.0,86,1835,1.0541,4,0,3,1710,1517
soc_trang,severe,TwinGate+T2+centre,7,80.0,narrow,0.1,2024,2160,945,0,99.3459,80.0,3,10,2,7,1,40.0,87,1839,1.1385,2,1,0,1801,1549
soc_trang,severe,TwinGate+T2+centre,8,80.0,narrow,0.1,2024,2160,856,0,86.206,80.0,6,16,3,10,0,0.0,84,1831,0.7454,4,1,2,1774,1570
soc_trang,severe,TwinGate+T2+centre,9,80.0,narrow,0.1,2024,2160,868,0,100.0126,80.0,5,11,4,6,0,0.0,85,1804,0.9623,5,0,4,1756,1562
soc_trang,severe,TwinGate+T2,0,160.0,awd,0.02,2024,2160,241,0,14.6525,160.0,9,22,8,13,0,0.0,81,1861,0.7453,9,8,0,1798,1676
soc_trang,severe,TwinGate+T2,1,160.0,awd,0.02,2024,2160,241,0,14.6982,160.0,9,20,8,11,0,0.0,81,1864,0.4303,9,8,0,1769,1683
soc_trang,severe,TwinGate+T2,2,160.0,awd,0.02,2024,2160,462,0,44.2858,160.0,6,21,8,15,4,80.0,84,1857,1.1151,6,5,0,1711,1548
soc_trang,severe,TwinGate+T2,3,160.0,awd,0.02,2024,2160,402,0,33.7435,160.0,8,27,8,19,4,80.0,82,1824,1.291,5,4,0,1596,1414
soc_trang,severe,TwinGate+T2,4,160.0,awd,0.02,2024,2160,289,0,20.7403,160.0,7,16,8,9,1,20.0,83,1831,0.7454,8,7,0,1714,1601
soc_trang,severe,TwinGate+T2,5,160.0,awd,0.02,2024,2160,337,0,27.2439,160.0,6,15,8,9,2,40.0,84,1826,1.1385,7,6,0,1694,1549
soc_trang,severe,TwinGate+T2,6,160.0,awd,0.02,2024,2160,576,0,59.9676,160.0,4,12,8,8,5,100.0,86,1835,1.0797,4,3,0,1608,1380
soc_trang,severe,TwinGate+T2,7,160.0,awd,0.02,2024,2160,288,0,20.5556,160.0,8,22,8,14,2,40.0,82,1839,1.2172,8,7,0,1712,1600
soc_trang,severe,TwinGate+T2,8,160.0,awd,0.02,2024,2160,257,0,15.0627,160.0,11,32,8,21,1,20.0,79,1831,1.0541,8,7,0,1752,1604
soc_trang,severe,TwinGate+T2,9,160.0,awd,0.02,2024,2160,335,0,26.6275,160.0,7,16,8,9,2,40.0,83,1804,0.7454,7,6,0,1675,1559
soc_trang,severe,TwinGate+blindARQ,0,160.0,awd,0.02,2024,2160,241,0,14.7046,160.0,8,25,8,17,0,0.0,82,1861,1.1384,9,8,0,1781,1683
soc_trang,severe,TwinGate+blindARQ,1,160.0,awd,0.02,2024,2160,289,0,20.8136,160.0,7,37,8,30,1,20.0,83,1864,2.1571,8,7,0,1718,1601
soc_trang,severe,TwinGate+blindARQ,2,160.0,awd,0.02,2024,2160,576,0,59.9676,160.0,3,20,8,17,5,100.0,87,1857,1.527,4,3,0,1592,1388
soc_trang,severe,TwinGate+blindARQ,3,160.0,awd,0.02,2024,2160,460,0,43.7347,160.0,4,23,8,19,4,80.0,86,1824,1.4907,5,4,0,1571,1399
soc_trang,severe,TwinGate+blindARQ,4,160.0,awd,0.02,2024,2160,335,0,26.7543,160.0,6,18,8,12,2,40.0,84,1831,1.0541,7,6,0,1658,1545
soc_trang,severe,TwinGate+blindARQ,5,160.0,awd,0.02,2024,2160,386,0,33.707,160.0,5,17,8,12,3,60.0,85,1826,0.9372,6,5,0,1636,1491
soc_trang,severe,TwinGate+blindARQ,6,160.0,awd,0.02,2024,2160,596,0,62.8467,160.0,3,17,8,14,5,100.0,87,1835,1.1867,4,3,0,1594,1382
soc_trang,severe,TwinGate+blindARQ,7,160.0,awd,0.02,2024,2160,385,0,33.6124,160.0,5,31,8,26,3,60.0,85,1839,2.7022,6,5,0,1606,1463
soc_trang,severe,TwinGate+blindARQ,8,160.0,awd,0.02,2024,2160,289,0,20.7635,160.0,7,32,8,25,1,20.0,83,1831,2.3043,8,7,0,1728,1603
soc_trang,severe,TwinGate+blindARQ,9,160.0,awd,0.02,2024,2160,335,0,26.7342,160.0,6,20,8,14,2,40.0,84,1804,1.1386,7,6,0,1667,1560
soc_trang,severe,Reactive+T2,0,160.0,awd,0.02,2024,2160,725,0,81.8496,160.0,5,11,3,6,0,0.0,0,1861,1.4907,2,0,1,1512,1306
soc_trang,severe,Reactive+T2,1,160.0,awd,0.02,2024,2160,721,0,80.6868,160.0,4,11,3,7,0,0.0,0,1864,0.8583,3,0,2,1478,1266
soc_trang,severe,Reactive+T2,2,160.0,awd,0.02,2024,2160,746,0,83.9208,160.0,3,5,3,2,0,0.0,0,1857,1.2409,2,0,1,1486,1279
soc_trang,severe,Reactive+T2,3,160.0,awd,0.02,2024,2160,612,0,65.7251,160.0,9,27,3,18,1,40.0,0,1824,3.132,2,1,0,1464,1237
soc_trang,severe,Reactive+T2,4,160.0,awd,0.02,2024,2160,721,0,80.6928,160.0,4,12,3,8,0,0.0,0,1831,1.2392,3,0,2,1480,1268
soc_trang,severe,Reactive+T2,5,160.0,awd,0.02,2024,2160,746,0,83.9075,160.0,3,8,3,5,0,0.0,0,1826,0.8944,2,0,1,1488,1281
soc_trang,severe,Reactive+T2,6,160.0,awd,0.02,2024,2160,913,0,105.6052,160.0,2,6,3,4,1,60.0,0,1835,1.4876,1,0,0,1666,1421
soc_trang,severe,Reactive+T2,7,160.0,awd,0.02,2024,2160,913,0,105.6048,160.0,2,7,3,5,1,60.0,0,1839,0.8577,1,0,0,1666,1421
soc_trang,severe,Reactive+T2,8,160.0,awd,0.02,2024,2160,725,0,81.8445,160.0,5,13,3,8,0,0.0,0,1831,1.9243,2,0,1,1513,1308
soc_trang,severe,Reactive+T2,9,160.0,awd,0.02,2024,2160,746,0,83.9131,160.0,3,9,3,6,0,0.0,0,1804,0.0,2,0,1,1486,1282
soc_trang,severe,Reactive+blindARQ,0,160.0,awd,0.02,2024,2160,744,0,83.0397,160.0,3,20,3,17,0,0.0,0,1861,3.3373,2,0,1,1500,1278
soc_trang,severe,Reactive+blindARQ,1,160.0,awd,0.02,2024,2160,746,0,83.9149,160.0,3,15,3,12,0,0.0,0,1864,2.2763,2,0,1,1486,1286
soc_trang,severe,Reactive+blindARQ,2,160.0,awd,0.02,2024,2160,746,0,83.9208,160.0,3,5,3,2,0,0.0,0,1857,1.2409,2,0,1,1486,1279
soc_trang,severe,Reactive+blindARQ,3,160.0,awd,0.02,2024,2160,746,0,83.9208,160.0,3,12,3,9,0,0.0,0,1824,2.4413,2,0,1,1486,1285
soc_trang,severe,Reactive+blindARQ,4,160.0,awd,0.02,2024,2160,913,0,105.5962,160.0,2,10,3,8,1,60.0,0,1831,1.2154,1,0,0,1666,1424
soc_trang,severe,Reactive+blindARQ,5,160.0,awd,0.02,2024,2160,746,0,83.9075,160.0,3,8,3,5,0,0.0,0,1826,0.8944,2,0,1,1488,1281
soc_trang,severe,Reactive+blindARQ,6,160.0,awd,0.02,2024,2160,913,0,105.6052,160.0,2,6,3,4,1,60.0,0,1835,1.4876,1,0,0,1666,1421
soc_trang,severe,Reactive+blindARQ,7,160.0,awd,0.02,2024,2160,913,0,105.6048,160.0,2,7,3,5,1,60.0,0,1839,0.8577,1,0,0,1666,1421
soc_trang,severe,Reactive+blindARQ,8,160.0,awd,0.02,2024,2160,744,0,83.1668,160.0,3,19,3,16,0,0.0,0,1831,3.06,2,0,1,1498,1277
soc_trang,severe,Reactive+blindARQ,9,160.0,awd,0.02,2024,2160,746,0,83.9131,160.0,3,9,3,6,0,0.0,0,1804,0.0,2,0,1,1486,1282
soc_trang,severe,FixedSchedule,0,160.0,awd,0.02,2024,2160,961,0,110.8436,160.0,3,8,3,5,0,0.0,0,1861,0.0045,1,0,0,1703,1445
soc_trang,severe,FixedSchedule,1,160.0,awd,0.02,2024,2160,961,0,110.8436,160.0,3,5,3,2,0,0.0,0,1864,9.6015,1,0,0,1703,1445
soc_trang,severe,FixedSchedule,2,160.0,awd,0.02,2024,2160,961,0,110.5927,160.0,3,14,3,11,1,40.0,0,1857,9.7872,1,0,0,1696,1442
soc_trang,severe,FixedSchedule,3,160.0,awd,0.02,2024,2160,1105,0,127.8601,160.0,3,14,3,11,0,0.0,0,1824,4.5486,1,0,0,1814,1534
soc_trang,severe,FixedSchedule,4,160.0,awd,0.02,2024,2160,1106,0,128.0895,160.0,2,9,3,7,1,60.0,0,1831,0.0008,1,0,0,1815,1552
soc_trang,severe,FixedSchedule,5,160.0,awd,0.02,2024,2160,1106,0,128.1042,160.0,3,10,3,7,1,40.0,0,1826,4.3596,1,0,0,1815,1535
soc_trang,severe,FixedSchedule,6,160.0,awd,0.02,2024,2160,1106,0,128.0976,160.0,2,4,3,2,1,60.0,0,1835,9.4609,1,0,0,1815,1551
soc_trang,severe,FixedSchedule,7,160.0,awd,0.02,2024,2160,1085,0,125.8896,160.0,2,19,3,17,1,60.0,0,1839,1.5057,2,0,1,1824,1552
soc_trang,severe,FixedSchedule,8,160.0,awd,0.02,2024,2160,961,0,110.8413,160.0,3,10,3,7,0,0.0,0,1831,0.0062,1,0,0,1702,1446
soc_trang,severe,FixedSchedule,9,160.0,awd,0.02,2024,2160,1082,0,124.4039,160.0,3,14,3,11,1,40.0,0,1804,5.0653,1,0,0,1790,1509
soc_trang,severe,Oracle,0,160.0,awd,0.02,2024,2160,181,0,9.8356,160.0,8,24,8,16,0,0.0,0,1861,1.4249,9,8,0,1811,1683
soc_trang,severe,Oracle,1,160.0,awd,0.02,2024,2160,216,0,11.7657,160.0,8,21,8,13,0,0.0,0,1864,0.8607,9,8,0,1806,1683
soc_trang,severe,Oracle,2,160.0,awd,0.02,2024,2160,216,0,11.7696,160.0,8,17,8,9,3,60.0,0,1857,0.8607,9,8,0,1802,1683
soc_trang,severe,Oracle,3,160.0,awd,0.02,2024,2160,176,0,9.0442,160.0,8,40,8,32,2,40.0,0,1824,2.507,9,8,0,1822,1683
soc_trang,severe,Oracle,4,160.0,awd,0.02,2024,2160,216,0,11.7684,160.0,8,26,8,18,1,20.0,0,1831,1.427,9,8,0,1809,1683
soc_trang,severe,Oracle,5,160.0,awd,0.02,2024,2160,216,0,11.7684,160.0,8,24,8,16,2,40.0,0,1826,1.3608,9,8,0,1809,1683
soc_trang,severe,Oracle,6,160.0,awd,0.02,2024,2160,216,0,11.7714,160.0,8,12,8,4,4,80.0,0,1835,1.1384,9,8,0,1797,1683
soc_trang,severe,Oracle,7,160.0,awd,0.02,2024,2160,216,0,11.769,160.0,8,15,8,7,1,20.0,0,1839,1.1385,9,8,0,1800,1683
soc_trang,severe,Oracle,8,160.0,awd,0.02,2024,2160,176,0,9.1025,160.0,8,36,8,28,0,0.0,0,1831,1.9232,9,8,0,1818,1683
soc_trang,severe,Oracle,9,160.0,awd,0.02,2024,2160,216,0,11.7683,160.0,8,19,8,11,0,0.0,0,1804,1.2171,9,8,0,1804,1683
soc_trang,severe,TwinGate+T2+centre,0,160.0,awd,0.02,2024,2160,559,0,58.6653,160.0,11,26,8,15,0,0.0,79,1861,1.0541,6,0,5,1388,1318
soc_trang,severe,TwinGate+T2+centre,1,160.0,awd,0.02,2024,2160,555,0,57.4723,160.0,11,27,8,16,1,20.0,79,1864,0.9623,7,0,6,1383,1306
soc_trang,severe,TwinGate+T2+centre,2,160.0,awd,0.02,2024,2160,596,0,62.8467,160.0,5,18,8,13,3,60.0,85,1857,0.7454,4,0,3,1343,1156
soc_trang,severe,TwinGate+T2+centre,3,160.0,awd,0.02,2024,2160,516,0,51.1338,160.0,14,46,8,32,4,80.0,76,1824,1.7338,5,1,3,1426,1304
soc_trang,severe,TwinGate+T2+centre,4,160.0,awd,0.02,2024,2160,560,0,58.6814,160.0,10,27,8,17,2,40.0,80,1831,1.0541,7,0,6,1395,1284
soc_trang,severe,TwinGate+T2+centre,5,160.0,awd,0.02,2024,2160,578,0,60.4889,160.0,8,20,8,12,1,20.0,82,1826,0.8607,7,0,6,1373,1265
soc_trang,severe,TwinGate+T2+centre,6,160.0,awd,0.02,2024,2160,577,0,60.1331,160.0,8,27,8,19,3,60.0,82,1835,1.5502,4,0,3,1369,1249
soc_trang,severe,TwinGate+T2+centre,7,160.0,awd,0.02,2024,2160,574,0,59.1834,160.0,10,30,8,20,2,40.0,80,1839,1.054,5,0,4,1383,1291
soc_trang,severe,TwinGate+T2+centre,8,160.0,awd,0.02,2024,2160,577,0,60.0343,160.0,9,17,8,8,1,20.0,81,1831,0.8607,5,0,4,1372,1262
soc_trang,severe,TwinGate+T2+centre,9,160.0,awd,0.02,2024,2160,581,0,61.8467,160.0,6,16,8,10,2,40.0,84,1804,0.8604,6,0,5,1357,1211
soc_trang,severe,TwinGate+T2,0,160.0,mid,0.05,2024,2160,442,0,41.0949,160.0,11,21,8,10,0,0.0,79,1861,1.054,9,1,7,1617,1566
soc_trang,severe,TwinGate+T2,1,160.0,mid,0.05,2024,2160,461,0,44.0226,160.0,11,35,8,24,1,20.0,79,1864,0.9623,8,1,6,1562,1471
soc_trang,severe,TwinGate+T2,2,160.0,mid,0.05,2024,2160,553,0,56.7403,160.0,6,18,8,12,4,80.0,84,1857,1.1556,6,0,5,1524,1386
soc_trang,severe,TwinGate+T2,3,160.0,mid,0.05,2024,2160,417,0,37.4879,160.0,14,48,8,34,3,60.0,76,1824,1.7212,7,3,3,1640,1501
soc_trang,severe,TwinGate+T2,4,160.0,mid,0.05,2024,2160,461,0,43.8874,160.0,10,28,8,18,2,40.0,80,1831,0.9621,8,1,6,1547,1440
soc_trang,severe,TwinGate+T2,5,160.0,mid,0.05,2024,2160,490,0,48.2253,160.0,7,18,8,11,3,60.0,83,1826,0.7454,8,0,7,1524,1462
soc_trang,severe,TwinGate+T2,6,160.0,mid,0.05,2024,2160,576,0,59.9676,160.0,5,14,8,9,4,80.0,85,1835,0.9857,6,0,5,1494,1341
soc_trang,severe,TwinGate+T2,7,160.0,mid,0.05,2024,2160,484,0,47.3159,160.0,9,33,8,24,2,40.0,81,1839,1.3608,7,1,5,1520,1400
soc_trang,severe,TwinGate+T2,8,160.0,mid,0.05,2024,2160,432,0,40.123,160.0,13,35,8,22,1,20.0,77,1831,1.2909,9,2,6,1591,1549
soc_trang,severe,TwinGate+T2,9,160.0,mid,0.05,2024,2160,509,0,51.0322,160.0,7,16,8,9,2,40.0,83,1804,0.7454,7,0,6,1485,1393
soc_trang,severe,TwinGate+blindARQ,0,160.0,mid,0.05,2024,2160,463,0,44.6076,160.0,8,45,8,37,0,0.0,82,1861,3.1398,9,0,8,1565,1509
soc_trang,severe,TwinGate+blindARQ,1,160.0,mid,0.05,2024,2160,486,0,48.0337,160.0,7,32,8,25,1,20.0,83,1864,1.4272,8,0,7,1537,1469
soc_trang,severe,TwinGate+blindARQ,2,160.0,mid,0.05,2024,2160,701,0,79.1499,160.0,3,24,8,21,5,100.0,87,1857,1.4272,4,0,3,1566,1362
soc_trang,severe,TwinGate+blindARQ,3,160.0,mid,0.05,2024,2160,620,0,66.5672,160.0,4,17,8,13,4,80.0,86,1824,1.2172,5,0,4,1513,1357
soc_trang,severe,TwinGate+blindARQ,4,160.0,mid,0.05,2024,2160,526,0,52.0542,160.0,6,15,8,9,2,40.0,84,1831,0.7454,7,0,6,1501,1377
soc_trang,severe,TwinGate+blindARQ,5,160.0,mid,0.05,2024,2160,579,0,60.9684,160.0,5,22,8,17,3,60.0,85,1826,1.2426,6,0,5,1499,1364
soc_trang,severe,TwinGate+blindARQ,6,160.0,mid,0.05,2024,2160,694,0,76.4271,160.0,3,32,8,29,5,100.0,87,1835,1.8544,4,0,3,1556,1352
soc_trang,severe,TwinGate+blindARQ,7,160.0,mid,0.05,2024,2160,526,0,51.9185,160.0,5,24,8,19,3,60.0,85,1839,1.4354,6,0,5,1515,1346
soc_trang,severe,TwinGate+blindARQ,8,160.0,mid,0.05,2024,2160,485,0,47.5208,160.0,7,39,8,32,1,20.0,83,1831,2.5132,8,0,7,1511,1455
soc_trang,severe,TwinGate+blindARQ,9,160.0,mid,0.05,2024,2160,528,0,52.5594,160.0,6,21,8,15,2,40.0,84,1804,1.2172,7,0,6,1487,1380
soc_trang,severe,Reactive+T2,0,160.0,mid,0.05,2024,2160,725,0,81.8496,160.0,5,11,3,6,0,0.0,0,1861,1.4907,2,0,1,1512,1306
soc_trang,severe,Reactive+T2,1,160.0,mid,0.05,2024,2160,721,0,80.6868,160.0,4,11,3,7,0,0.0,0,1864,0.8583,3,0,2,1478,1266
soc_trang,severe,Reactive+T2,2,160.0,mid,0.05,2024,2160,746,0,83.9208,160.0,3,5,3,2,0,0.0,0,1857,1.2409,2,0,1,1486,1279
soc_trang,severe,Reactive+T2,3,160.0,mid,0.05,2024,2160,612,0,65.7251,160.0,9,27,3,18,1,40.0,0,1824,3.132,2,1,0,1464,1237
soc_trang,severe,Reactive+T2,4,160.0,mid,0.05,2024,2160,721,0,80.6928,160.0,4,12,3,8,0,0.0,0,1831,1.2392,3,0,2,1480,1268
soc_trang,severe,Reactive+T2,5,160.0,mid,0.05,2024,2160,746,0,83.9075,160.0,3,8,3,5,0,0.0,0,1826,0.8944,2,0,1,1488,1281
soc_trang,severe,Reactive+T2,6,160.0,mid,0.05,2024,2160,913,0,105.6052,160.0,2,6,3,4,1,60.0,0,1835,1.4876,1,0,0,1666,1421
soc_trang,severe,Reactive+T2,7,160.0,mid,0.05,2024,2160,913,0,105.6048,160.0,2,7,3,5,1,60.0,0,1839,0.8577,1,0,0,1666,1421
soc_trang,severe,Reactive+T2,8,160.0,mid,0.05,2024,2160,725,0,81.8445,160.0,5,13,3,8,0,0.0,0,1831,1.9243,2,0,1,1513,1308
soc_trang,severe,Reactive+T2,9,160.0,mid,0.05,2024,2160,746,0,83.9131,160.0,3,9,3,6,0,0.0,0,1804,0.0,2,0,1,1486,1282
soc_trang,severe,Reactive+blindARQ,0,160.0,mid,0.05,2024,2160,744,0,83.0397,160.0,3,20,3,17,0,0.0,0,1861,3.3373,2,0,1,1500,1278
soc_trang,severe,Reactive+blindARQ,1,160.0,mid,0.05,2024,2160,746,0,83.9149,160.0,3,15,3,12,0,0.0,0,1864,2.2763,2,0,1,1486,1286
soc_trang,severe,Reactive+blindARQ,2,160.0,mid,0.05,2024,2160,746,0,83.9208,160.0,3,5,3,2,0,0.0,0,1857,1.2409,2,0,1,1486,1279
soc_trang,severe,Reactive+blindARQ,3,160.0,mid,0.05,2024,2160,746,0,83.9208,160.0,3,12,3,9,0,0.0,0,1824,2.4413,2,0,1,1486,1285
soc_trang,severe,Reactive+blindARQ,4,160.0,mid,0.05,2024,2160,913,0,105.5962,160.0,2,10,3,8,1,60.0,0,1831,1.2154,1,0,0,1666,1424
soc_trang,severe,Reactive+blindARQ,5,160.0,mid,0.05,2024,2160,746,0,83.9075,160.0,3,8,3,5,0,0.0,0,1826,0.8944,2,0,1,1488,1281
soc_trang,severe,Reactive+blindARQ,6,160.0,mid,0.05,2024,2160,913,0,105.6052,160.0,2,6,3,4,1,60.0,0,1835,1.4876,1,0,0,1666,1421
soc_trang,severe,Reactive+blindARQ,7,160.0,mid,0.05,2024,2160,913,0,105.6048,160.0,2,7,3,5,1,60.0,0,1839,0.8577,1,0,0,1666,1421
soc_trang,severe,Reactive+blindARQ,8,160.0,mid,0.05,2024,2160,744,0,83.1668,160.0,3,19,3,16,0,0.0,0,1831,3.06,2,0,1,1498,1277
soc_trang,severe,Reactive+blindARQ,9,160.0,mid,0.05,2024,2160,746,0,83.9131,160.0,3,9,3,6,0,0.0,0,1804,0.0,2,0,1,1486,1282
soc_trang,severe,FixedSchedule,0,160.0,mid,0.05,2024,2160,961,0,110.8436,160.0,3,8,3,5,0,0.0,0,1861,0.0045,1,0,0,1703,1445
soc_trang,severe,FixedSchedule,1,160.0,mid,0.05,2024,2160,961,0,110.8436,160.0,3,5,3,2,0,0.0,0,1864,9.6015,1,0,0,1703,1445
soc_trang,severe,FixedSchedule,2,160.0,mid,0.05,2024,2160,961,0,110.5927,160.0,3,14,3,11,1,40.0,0,1857,9.7872,1,0,0,1696,1442
soc_trang,severe,FixedSchedule,3,160.0,mid,0.05,2024,2160,1105,0,127.8601,160.0,3,14,3,11,0,0.0,0,1824,4.5486,1,0,0,1814,1534
soc_trang,severe,FixedSchedule,4,160.0,mid,0.05,2024,2160,1106,0,128.0895,160.0,2,9,3,7,1,60.0,0,1831,0.0008,1,0,0,1815,1552
soc_trang,severe,FixedSchedule,5,160.0,mid,0.05,2024,2160,1106,0,128.1042,160.0,3,10,3,7,1,40.0,0,1826,4.3596,1,0,0,1815,1535
soc_trang,severe,FixedSchedule,6,160.0,mid,0.05,2024,2160,1106,0,128.0976,160.0,2,4,3,2,1,60.0,0,1835,9.4609,1,0,0,1815,1551
soc_trang,severe,FixedSchedule,7,160.0,mid,0.05,2024,2160,1085,0,125.8896,160.0,2,19,3,17,1,60.0,0,1839,1.5057,2,0,1,1824,1552
soc_trang,severe,FixedSchedule,8,160.0,mid,0.05,2024,2160,961,0,110.8413,160.0,3,10,3,7,0,0.0,0,1831,0.0062,1,0,0,1702,1446
soc_trang,severe,FixedSchedule,9,160.0,mid,0.05,2024,2160,1082,0,124.4039,160.0,3,14,3,11,1,40.0,0,1804,5.0653,1,0,0,1790,1509
soc_trang,severe,Oracle,0,160.0,mid,0.05,2024,2160,181,0,9.8356,160.0,8,24,8,16,0,0.0,0,1861,1.4249,9,8,0,1811,1683
soc_trang,severe,Oracle,1,160.0,mid,0.05,2024,2160,216,0,11.7657,160.0,8,21,8,13,0,0.0,0,1864,0.8607,9,8,0,1806,1683
soc_trang,severe,Oracle,2,160.0,mid,0.05,2024,2160,216,0,11.7696,160.0,8,17,8,9,3,60.0,0,1857,0.8607,9,8,0,1802,1683
soc_trang,severe,Oracle,3,160.0,mid,0.05,2024,2160,176,0,9.0442,160.0,8,40,8,32,2,40.0,0,1824,2.507,9,8,0,1822,1683
soc_trang,severe,Oracle,4,160.0,mid,0.05,2024,2160,216,0,11.7684,160.0,8,26,8,18,1,20.0,0,1831,1.427,9,8,0,1809,1683
soc_trang,severe,Oracle,5,160.0,mid,0.05,2024,2160,216,0,11.7684,160.0,8,24,8,16,2,40.0,0,1826,1.3608,9,8,0,1809,1683
soc_trang,severe,Oracle,6,160.0,mid,0.05,2024,2160,216,0,11.7714,160.0,8,12,8,4,4,80.0,0,1835,1.1384,9,8,0,1797,1683
soc_trang,severe,Oracle,7,160.0,mid,0.05,2024,2160,216,0,11.769,160.0,8,15,8,7,1,20.0,0,1839,1.1385,9,8,0,1800,1683
soc_trang,severe,Oracle,8,160.0,mid,0.05,2024,2160,176,0,9.1025,160.0,8,36,8,28,0,0.0,0,1831,1.9232,9,8,0,1818,1683
soc_trang,severe,Oracle,9,160.0,mid,0.05,2024,2160,216,0,11.7683,160.0,8,19,8,11,0,0.0,0,1804,1.2171,9,8,0,1804,1683
soc_trang,severe,TwinGate+T2+centre,0,160.0,mid,0.05,2024,2160,559,0,58.6653,160.0,11,26,8,15,0,0.0,79,1861,1.0541,6,0,5,1388,1318
soc_trang,severe,TwinGate+T2+centre,1,160.0,mid,0.05,2024,2160,555,0,57.4723,160.0,11,27,8,16,1,20.0,79,1864,0.9623,7,0,6,1383,1306
soc_trang,severe,TwinGate+T2+centre,2,160.0,mid,0.05,2024,2160,596,0,62.8467,160.0,5,18,8,13,3,60.0,85,1857,0.7454,4,0,3,1343,1156
soc_trang,severe,TwinGate+T2+centre,3,160.0,mid,0.05,2024,2160,516,0,51.1338,160.0,14,46,8,32,4,80.0,76,1824,1.7338,5,1,3,1426,1304
soc_trang,severe,TwinGate+T2+centre,4,160.0,mid,0.05,2024,2160,560,0,58.6814,160.0,10,27,8,17,2,40.0,80,1831,1.0541,7,0,6,1395,1284
soc_trang,severe,TwinGate+T2+centre,5,160.0,mid,0.05,2024,2160,578,0,60.4889,160.0,8,20,8,12,1,20.0,82,1826,0.8607,7,0,6,1373,1265
soc_trang,severe,TwinGate+T2+centre,6,160.0,mid,0.05,2024,2160,577,0,60.1331,160.0,8,27,8,19,3,60.0,82,1835,1.5502,4,0,3,1369,1249
soc_trang,severe,TwinGate+T2+centre,7,160.0,mid,0.05,2024,2160,574,0,59.1834,160.0,10,30,8,20,2,40.0,80,1839,1.054,5,0,4,1383,1291
soc_trang,severe,TwinGate+T2+centre,8,160.0,mid,0.05,2024,2160,577,0,60.0343,160.0,9,17,8,8,1,20.0,81,1831,0.8607,5,0,4,1372,1262
soc_trang,severe,TwinGate+T2+centre,9,160.0,mid,0.05,2024,2160,581,0,61.8467,160.0,6,16,8,10,2,40.0,84,1804,0.8604,6,0,5,1357,1211
soc_trang,severe,TwinGate+T2,0,160.0,narrow,0.1,2024,2160,487,0,48.1085,160.0,12,33,8,21,0,0.0,78,1861,0.9623,9,0,8,1534,1491
soc_trang,severe,TwinGate+T2,1,160.0,narrow,0.1,2024,2160,529,0,53.2318,160.0,9,23,8,14,1,20.0,81,1864,0.7454,9,0,8,1500,1407
soc_trang,severe,TwinGate+T2,2,160.0,narrow,0.1,2024,2160,605,0,65.7038,160.0,5,16,8,11,3,60.0,85,1857,1.1386,6,0,5,1444,1294
soc_trang,severe,TwinGate+T2,3,160.0,narrow,0.1,2024,2160,589,0,51.2703,160.0,7,21,7,14,4,80.0,83,1824,1.217,5,1,3,1530,1347
soc_trang,severe,TwinGate+T2,4,160.0,narrow,0.1,2024,2160,552,0,56.4397,160.0,8,24,8,16,1,20.0,82,1831,0.8607,8,0,7,1428,1339
soc_trang,severe,TwinGate+T2,5,160.0,narrow,0.1,2024,2160,557,0,58.1425,160.0,7,15,8,8,2,40.0,83,1826,0.7454,8,0,7,1396,1311
soc_trang,severe,TwinGate+T2,6,160.0,narrow,0.1,2024,2160,549,0,55.7445,160.0,8,26,8,18,5,100.0,82,1835,1.291,7,0,6,1444,1331
soc_trang,severe,TwinGate+T2,7,160.0,narrow,0.1,2024,2160,585,0,49.7314,160.0,8,23,6,15,1,40.0,82,1839,1.291,6,1,4,1567,1433
soc_trang,severe,TwinGate+T2,8,160.0,narrow,0.1,2024,2160,498,0,36.4945,160.0,12,36,7,24,1,20.0,78,1831,1.1386,7,1,5,1552,1422
soc_trang,severe,TwinGate+T2,9,160.0,narrow,0.1,2024,2160,532,0,54.2285,160.0,8,16,8,8,1,20.0,82,1804,1.0541,8,0,7,1475,1376
soc_trang,severe,TwinGate+blindARQ,0,160.0,narrow,0.1,2024,2160,529,0,53.04,160.0,8,20,8,12,0,0.0,82,1861,0.8607,9,0,8,1502,1427
soc_trang,severe,TwinGate+blindARQ,1,160.0,narrow,0.1,2024,2160,549,0,55.7494,160.0,7,25,8,18,1,20.0,83,1864,1.1386,8,0,7,1483,1365
soc_trang,severe,TwinGate+blindARQ,2,160.0,narrow,0.1,2024,2160,747,0,84.2285,160.0,3,17,8,14,5,100.0,87,1857,0.9008,4,0,3,1539,1336
soc_trang,severe,TwinGate+blindARQ,3,160.0,narrow,0.1,2024,2160,650,0,71.3423,160.0,4,37,8,33,4,80.0,86,1824,1.9175,5,0,4,1490,1294
soc_trang,severe,TwinGate+blindARQ,4,160.0,narrow,0.1,2024,2160,554,0,57.2596,160.0,6,25,8,19,2,40.0,84,1831,1.291,7,0,6,1436,1309
soc_trang,severe,TwinGate+blindARQ,5,160.0,narrow,0.1,2024,2160,625,0,67.6873,160.0,5,17,8,12,3,60.0,85,1826,0.6227,6,0,5,1465,1312
soc_trang,severe,TwinGate+blindARQ,6,160.0,narrow,0.1,2024,2160,746,0,83.7978,160.0,3,35,8,32,5,100.0,87,1835,1.5773,4,0,3,1523,1319
soc_trang,severe,TwinGate+blindARQ,7,160.0,narrow,0.1,2024,2160,557,0,58.0274,160.0,5,25,8,20,3,60.0,85,1839,1.4985,6,0,5,1409,1266
soc_trang,severe,TwinGate+blindARQ,8,160.0,narrow,0.1,2024,2160,551,0,55.9949,160.0,7,19,8,12,1,20.0,83,1831,0.7454,8,0,7,1464,1345
soc_trang,severe,TwinGate+blindARQ,9,160.0,narrow,0.1,2024,2160,573,0,59.1022,160.0,6,25,8,19,2,40.0,84,1804,1.7109,7,0,6,1389,1261
soc_trang,severe,Reactive+T2,0,160.0,narrow,0.1,2024,2160,725,0,81.8496,160.0,5,11,3,6,0,0.0,0,1861,1.4907,2,0,1,1512,1306
soc_trang,severe,Reactive+T2,1,160.0,narrow,0.1,2024,2160,721,0,80.6868,160.0,4,11,3,7,0,0.0,0,1864,0.8583,3,0,2,1478,1266
soc_trang,severe,Reactive+T2,2,160.0,narrow,0.1,2024,2160,746,0,83.9208,160.0,3,5,3,2,0,0.0,0,1857,1.2409,2,0,1,1486,1279
soc_trang,severe,Reactive+T2,3,160.0,narrow,0.1,2024,2160,612,0,65.7251,160.0,9,27,3,18,1,40.0,0,1824,3.132,2,1,0,1464,1237
soc_trang,severe,Reactive+T2,4,160.0,narrow,0.1,2024,2160,721,0,80.6928,160.0,4,12,3,8,0,0.0,0,1831,1.2392,3,0,2,1480,1268
soc_trang,severe,Reactive+T2,5,160.0,narrow,0.1,2024,2160,746,0,83.9075,160.0,3,8,3,5,0,0.0,0,1826,0.8944,2,0,1,1488,1281
soc_trang,severe,Reactive+T2,6,160.0,narrow,0.1,2024,2160,913,0,105.6052,160.0,2,6,3,4,1,60.0,0,1835,1.4876,1,0,0,1666,1421
soc_trang,severe,Reactive+T2,7,160.0,narrow,0.1,2024,2160,913,0,105.6048,160.0,2,7,3,5,1,60.0,0,1839,0.8577,1,0,0,1666,1421
soc_trang,severe,Reactive+T2,8,160.0,narrow,0.1,2024,2160,725,0,81.8445,160.0,5,13,3,8,0,0.0,0,1831,1.9243,2,0,1,1513,1308
soc_trang,severe,Reactive+T2,9,160.0,narrow,0.1,2024,2160,746,0,83.9131,160.0,3,9,3,6,0,0.0,0,1804,0.0,2,0,1,1486,1282
soc_trang,severe,Reactive+blindARQ,0,160.0,narrow,0.1,2024,2160,744,0,83.0397,160.0,3,20,3,17,0,0.0,0,1861,3.3373,2,0,1,1500,1278
soc_trang,severe,Reactive+blindARQ,1,160.0,narrow,0.1,2024,2160,746,0,83.9149,160.0,3,15,3,12,0,0.0,0,1864,2.2763,2,0,1,1486,1286
soc_trang,severe,Reactive+blindARQ,2,160.0,narrow,0.1,2024,2160,746,0,83.9208,160.0,3,5,3,2,0,0.0,0,1857,1.2409,2,0,1,1486,1279
soc_trang,severe,Reactive+blindARQ,3,160.0,narrow,0.1,2024,2160,746,0,83.9208,160.0,3,12,3,9,0,0.0,0,1824,2.4413,2,0,1,1486,1285
soc_trang,severe,Reactive+blindARQ,4,160.0,narrow,0.1,2024,2160,913,0,105.5962,160.0,2,10,3,8,1,60.0,0,1831,1.2154,1,0,0,1666,1424
soc_trang,severe,Reactive+blindARQ,5,160.0,narrow,0.1,2024,2160,746,0,83.9075,160.0,3,8,3,5,0,0.0,0,1826,0.8944,2,0,1,1488,1281
soc_trang,severe,Reactive+blindARQ,6,160.0,narrow,0.1,2024,2160,913,0,105.6052,160.0,2,6,3,4,1,60.0,0,1835,1.4876,1,0,0,1666,1421
soc_trang,severe,Reactive+blindARQ,7,160.0,narrow,0.1,2024,2160,913,0,105.6048,160.0,2,7,3,5,1,60.0,0,1839,0.8577,1,0,0,1666,1421
soc_trang,severe,Reactive+blindARQ,8,160.0,narrow,0.1,2024,2160,744,0,83.1668,160.0,3,19,3,16,0,0.0,0,1831,3.06,2,0,1,1498,1277
soc_trang,severe,Reactive+blindARQ,9,160.0,narrow,0.1,2024,2160,746,0,83.9131,160.0,3,9,3,6,0,0.0,0,1804,0.0,2,0,1,1486,1282
soc_trang,severe,FixedSchedule,0,160.0,narrow,0.1,2024,2160,961,0,110.8436,160.0,3,8,3,5,0,0.0,0,1861,0.0045,1,0,0,1703,1445
soc_trang,severe,FixedSchedule,1,160.0,narrow,0.1,2024,2160,961,0,110.8436,160.0,3,5,3,2,0,0.0,0,1864,9.6015,1,0,0,1703,1445
soc_trang,severe,FixedSchedule,2,160.0,narrow,0.1,2024,2160,961,0,110.5927,160.0,3,14,3,11,1,40.0,0,1857,9.7872,1,0,0,1696,1442
soc_trang,severe,FixedSchedule,3,160.0,narrow,0.1,2024,2160,1105,0,127.8601,160.0,3,14,3,11,0,0.0,0,1824,4.5486,1,0,0,1814,1534
soc_trang,severe,FixedSchedule,4,160.0,narrow,0.1,2024,2160,1106,0,128.0895,160.0,2,9,3,7,1,60.0,0,1831,0.0008,1,0,0,1815,1552
soc_trang,severe,FixedSchedule,5,160.0,narrow,0.1,2024,2160,1106,0,128.1042,160.0,3,10,3,7,1,40.0,0,1826,4.3596,1,0,0,1815,1535
soc_trang,severe,FixedSchedule,6,160.0,narrow,0.1,2024,2160,1106,0,128.0976,160.0,2,4,3,2,1,60.0,0,1835,9.4609,1,0,0,1815,1551
soc_trang,severe,FixedSchedule,7,160.0,narrow,0.1,2024,2160,1085,0,125.8896,160.0,2,19,3,17,1,60.0,0,1839,1.5057,2,0,1,1824,1552
soc_trang,severe,FixedSchedule,8,160.0,narrow,0.1,2024,2160,961,0,110.8413,160.0,3,10,3,7,0,0.0,0,1831,0.0062,1,0,0,1702,1446
soc_trang,severe,FixedSchedule,9,160.0,narrow,0.1,2024,2160,1082,0,124.4039,160.0,3,14,3,11,1,40.0,0,1804,5.0653,1,0,0,1790,1509
soc_trang,severe,Oracle,0,160.0,narrow,0.1,2024,2160,181,0,9.8356,160.0,8,24,8,16,0,0.0,0,1861,1.4249,9,8,0,1811,1683
soc_trang,severe,Oracle,1,160.0,narrow,0.1,2024,2160,216,0,11.7657,160.0,8,21,8,13,0,0.0,0,1864,0.8607,9,8,0,1806,1683
soc_trang,severe,Oracle,2,160.0,narrow,0.1,2024,2160,216,0,11.7696,160.0,8,17,8,9,3,60.0,0,1857,0.8607,9,8,0,1802,1683
soc_trang,severe,Oracle,3,160.0,narrow,0.1,2024,2160,176,0,9.0442,160.0,8,40,8,32,2,40.0,0,1824,2.507,9,8,0,1822,1683
soc_trang,severe,Oracle,4,160.0,narrow,0.1,2024,2160,216,0,11.7684,160.0,8,26,8,18,1,20.0,0,1831,1.427,9,8,0,1809,1683
soc_trang,severe,Oracle,5,160.0,narrow,0.1,2024,2160,216,0,11.7684,160.0,8,24,8,16,2,40.0,0,1826,1.3608,9,8,0,1809,1683
soc_trang,severe,Oracle,6,160.0,narrow,0.1,2024,2160,216,0,11.7714,160.0,8,12,8,4,4,80.0,0,1835,1.1384,9,8,0,1797,1683
soc_trang,severe,Oracle,7,160.0,narrow,0.1,2024,2160,216,0,11.769,160.0,8,15,8,7,1,20.0,0,1839,1.1385,9,8,0,1800,1683
soc_trang,severe,Oracle,8,160.0,narrow,0.1,2024,2160,176,0,9.1025,160.0,8,36,8,28,0,0.0,0,1831,1.9232,9,8,0,1818,1683
soc_trang,severe,Oracle,9,160.0,narrow,0.1,2024,2160,216,0,11.7683,160.0,8,19,8,11,0,0.0,0,1804,1.2171,9,8,0,1804,1683
soc_trang,severe,TwinGate+T2+centre,0,160.0,narrow,0.1,2024,2160,487,0,48.1085,160.0,12,33,8,21,0,0.0,78,1861,0.9623,9,0,8,1534,1491
soc_trang,severe,TwinGate+T2+centre,1,160.0,narrow,0.1,2024,2160,529,0,53.2318,160.0,9,23,8,14,1,20.0,81,1864,0.7454,9,0,8,1500,1407
soc_trang,severe,TwinGate+T2+centre,2,160.0,narrow,0.1,2024,2160,605,0,65.7038,160.0,5,16,8,11,3,60.0,85,1857,1.1386,6,0,5,1444,1294
soc_trang,severe,TwinGate+T2+centre,3,160.0,narrow,0.1,2024,2160,589,0,51.2703,160.0,7,21,7,14,4,80.0,83,1824,1.217,5,1,3,1530,1347
soc_trang,severe,TwinGate+T2+centre,4,160.0,narrow,0.1,2024,2160,552,0,56.4397,160.0,8,24,8,16,1,20.0,82,1831,0.8607,8,0,7,1428,1339
soc_trang,severe,TwinGate+T2+centre,5,160.0,narrow,0.1,2024,2160,557,0,58.1425,160.0,7,15,8,8,2,40.0,83,1826,0.7454,8,0,7,1396,1311
soc_trang,severe,TwinGate+T2+centre,6,160.0,narrow,0.1,2024,2160,549,0,55.7445,160.0,8,26,8,18,5,100.0,82,1835,1.291,7,0,6,1444,1331
soc_trang,severe,TwinGate+T2+centre,7,160.0,narrow,0.1,2024,2160,585,0,49.7314,160.0,8,23,6,15,1,40.0,82,1839,1.291,6,1,4,1567,1433
soc_trang,severe,TwinGate+T2+centre,8,160.0,narrow,0.1,2024,2160,498,0,36.4945,160.0,12,36,7,24,1,20.0,78,1831,1.1386,7,1,5,1552,1422
soc_trang,severe,TwinGate+T2+centre,9,160.0,narrow,0.1,2024,2160,532,0,54.2285,160.0,8,16,8,8,1,20.0,82,1804,1.0541,8,0,7,1475,1376
soc_trang,severe,TwinGate+T2,0,240.0,awd,0.02,2024,2160,0,0,0.0,240.0,11,27,12,16,2,40.0,79,1861,0.8606,10,10,0,1043,1274
soc_trang,severe,TwinGate+T2,1,240.0,awd,0.02,2024,2160,0,0,0.0,200.0,13,34,10,21,0,0.0,77,1864,0.8607,11,10,0,1730,1683
soc_trang,severe,TwinGate+T2,2,240.0,awd,0.02,2024,2160,0,0,0.0,240.0,10,31,12,21,6,120.0,80,1857,1.2704,9,8,0,1579,1483
soc_trang,severe,TwinGate+T2,3,240.0,awd,0.02,2024,2160,17,0,0.0464,240.0,12,36,12,24,5,100.0,78,1824,1.4272,8,7,0,1443,1336
soc_trang,severe,TwinGate+T2,4,240.0,awd,0.02,2024,2160,0,0,0.0,240.0,10,25,12,15,2,40.0,80,1831,0.8607,10,10,0,984,1254
soc_trang,severe,TwinGate+T2,5,240.0,awd,0.02,2024,2160,13,0,0.0989,240.0,11,36,12,25,4,80.0,79,1826,1.4272,8,8,0,879,1349
soc_trang,severe,TwinGate+T2,6,240.0,awd,0.02,2024,2160,215,0,11.6887,240.0,7,17,12,10,6,120.0,83,1835,1.2394,7,6,0,1531,1380
soc_trang,severe,TwinGate+T2,7,240.0,awd,0.02,2024,2160,0,0,0.0,220.0,11,31,11,20,3,60.0,79,1839,1.291,10,9,0,1590,1520
soc_trang,severe,TwinGate+T2,8,240.0,awd,0.02,2024,2160,15,0,0.2553,200.0,14,39,10,25,1,20.0,76,1831,1.1386,10,9,0,1707,1604
soc_trang,severe,TwinGate+T2,9,240.0,awd,0.02,2024,2160,10,0,0.0487,220.0,12,29,11,17,2,40.0,78,1804,1.0541,10,9,0,1618,1559
soc_trang,severe,TwinGate+blindARQ,0,240.0,awd,0.02,2024,2160,0,0,0.0,240.0,10,30,12,20,2,40.0,80,1861,1.2171,10,10,0,1026,1281
soc_trang,severe,TwinGate+blindARQ,1,240.0,awd,0.02,2024,2160,0,0,0.0,220.0,10,44,11,34,1,20.0,80,1864,2.1996,11,10,0,1625,1582
soc_trang,severe,TwinGate+blindARQ,2,240.0,awd,0.02,2024,2160,336,0,27.056,240.0,5,24,12,19,7,140.0,85,1857,1.527,6,5,0,1545,1388
soc_trang,severe,TwinGate+blindARQ,3,240.0,awd,0.02,2024,2160,0,0,0.0,240.0,7,37,12,30,5,100.0,83,1824,1.9345,8,7,0,1418,1344
soc_trang,severe,TwinGate+blindARQ,4,240.0,awd,0.02,2024,2160,0,0,0.0,240.0,9,29,12,20,3,60.0,81,1831,1.9656,9,9,0,883,1369
soc_trang,severe,TwinGate+blindARQ,5,240.0,awd,0.02,2024,2160,0,0,0.0,240.0,7,24,12,17,5,100.0,83,1826,1.0313,8,7,0,1408,1352
soc_trang,severe,TwinGate+blindARQ,6,240.0,awd,0.02,2024,2160,240,0,14.2894,240.0,6,28,12,22,6,120.0,84,1835,1.4659,7,6,0,1520,1382
soc_trang,severe,TwinGate+blindARQ,7,240.0,awd,0.02,2024,2160,0,0,0.0,240.0,8,35,12,27,4,80.0,82,1839,2.8031,9,8,0,1436,1400
soc_trang,severe,TwinGate+blindARQ,8,240.0,awd,0.02,2024,2160,0,0,0.0,240.0,10,56,12,46,2,40.0,80,1831,3.0303,10,10,0,1028,1288
soc_trang,severe,TwinGate+blindARQ,9,240.0,awd,0.02,2024,2160,0,0,0.0,220.0,9,34,11,25,2,40.0,81,1804,1.6666,10,9,0,1580,1560
soc_trang,severe,Reactive+T2,0,240.0,awd,0.02,2024,2160,508,0,50.8455,240.0,7,16,4,9,0,0.0,0,1861,1.9389,3,0,2,1303,1121
soc_trang,severe,Reactive+T2,1,240.0,awd,0.02,2024,2160,553,0,56.7403,240.0,5,12,4,7,1,60.0,0,1864,0.8583,4,0,3,1294,1108
soc_trang,severe,Reactive+T2,2,240.0,awd,0.02,2024,2160,726,0,82.3484,240.0,3,8,4,5,1,60.0,0,1857,0.8939,2,0,1,1482,1261
soc_trang,severe,Reactive+T2,3,240.0,awd,0.02,2024,2160,612,0,65.7109,240.0,9,33,4,24,2,120.0,0,1824,3.132,2,1,0,1464,1237
soc_trang,severe,Reactive+T2,4,240.0,awd,0.02,2024,2160,553,0,56.7403,240.0,5,13,4,8,0,0.0,0,1831,1.2392,4,0,3,1296,1110
soc_trang,severe,Reactive+T2,5,240.0,awd,0.02,2024,2160,576,0,59.9676,240.0,4,11,4,7,0,0.0,0,1826,0.8944,3,0,2,1306,1112
soc_trang,severe,Reactive+T2,6,240.0,awd,0.02,2024,2160,695,0,76.4816,240.0,5,17,4,12,1,60.0,0,1835,2.0388,2,0,1,1481,1262
soc_trang,severe,Reactive+T2,7,240.0,awd,0.02,2024,2160,701,0,79.1689,240.0,4,13,4,9,1,60.0,0,1839,1.5616,2,0,1,1481,1263
soc_trang,severe,Reactive+T2,8,240.0,awd,0.02,2024,2160,508,0,50.8388,240.0,7,19,4,12,0,0.0,0,1831,2.577,3,0,2,1305,1124
soc_trang,severe,Reactive+T2,9,240.0,awd,0.02,2024,2160,576,0,59.9676,240.0,4,11,4,7,0,0.0,0,1804,0.0,3,0,2,1304,1113
soc_trang,severe,Reactive+blindARQ,0,240.0,awd,0.02,2024,2160,533,0,54.8173,240.0,4,34,4,30,0,0.0,0,1861,4.6207,3,0,2,1288,1106
soc_trang,severe,Reactive+blindARQ,1,240.0,awd,0.02,2024,2160,726,0,82.3316,240.0,3,16,4,13,1,60.0,0,1864,2.3002,2,0,1,1482,1269
soc_trang,severe,Reactive+blindARQ,2,240.0,awd,0.02,2024,2160,911,0,104.8261,240.0,2,9,4,7,2,120.0,0,1857,0.8939,1,0,0,1664,1417
soc_trang,severe,Reactive+blindARQ,3,240.0,awd,0.02,2024,2160,911,0,104.8261,240.0,2,16,4,14,2,120.0,0,1824,2.1163,1,0,0,1664,1423
soc_trang,severe,Reactive+blindARQ,4,240.0,awd,0.02,2024,2160,726,0,82.3484,240.0,3,12,4,9,1,60.0,0,1831,1.239,2,0,1,1482,1266
soc_trang,severe,Reactive+blindARQ,5,240.0,awd,0.02,2024,2160,726,0,82.3174,240.0,3,15,4,12,1,60.0,0,1826,0.8944,2,0,1,1482,1263
soc_trang,severe,Reactive+blindARQ,6,240.0,awd,0.02,2024,2160,1104,0,127.2756,240.0,1,11,4,10,3,180.0,0,1835,1.2136,1,0,0,1813,1548
soc_trang,severe,Reactive+blindARQ,7,240.0,awd,0.02,2024,2160,896,0,104.4766,240.0,2,13,4,11,2,120.0,0,1839,0.8577,1,0,0,1662,1418
soc_trang,severe,Reactive+blindARQ,8,240.0,awd,0.02,2024,2160,553,0,56.7403,240.0,4,20,4,16,0,0.0,0,1831,3.4022,3,0,2,1294,1098
soc_trang,severe,Reactive+blindARQ,9,240.0,awd,0.02,2024,2160,726,0,82.3484,240.0,3,10,4,7,1,60.0,0,1804,0.0,2,0,1,1482,1265
soc_trang,severe,FixedSchedule,0,240.0,awd,0.02,2024,2160,888,0,101.8985,240.0,4,10,4,6,0,0.0,0,1861,0.0045,1,0,0,1641,1343
soc_trang,severe,FixedSchedule,1,240.0,awd,0.02,2024,2160,1013,0,116.0319,240.0,3,15,4,12,1,60.0,0,1864,0.8954,1,0,0,1740,1442
soc_trang,severe,FixedSchedule,2,240.0,awd,0.02,2024,2160,1128,0,131.4979,240.0,2,20,4,18,2,120.0,0,1857,1.5609,1,0,0,1855,1559
soc_trang,severe,FixedSchedule,3,240.0,awd,0.02,2024,2160,1134,0,133.785,240.0,2,14,4,12,2,120.0,0,1824,1.0989,1,0,0,1862,1578
soc_trang,severe,FixedSchedule,4,240.0,awd,0.02,2024,2160,1031,0,116.7463,240.0,3,15,4,12,1,60.0,0,1831,1.2665,1,0,0,1741,1459
soc_trang,severe,FixedSchedule,5,240.0,awd,0.02,2024,2160,1032,0,116.8256,240.0,3,14,4,11,1,60.0,0,1826,1.0919,1,0,0,1741,1459
soc_trang,severe,FixedSchedule,6,240.0,awd,0.02,2024,2160,1263,0,150.5619,240.0,1,8,4,7,3,180.0,0,1835,0.0034,1,0,0,1980,1682
soc_trang,severe,FixedSchedule,7,240.0,awd,0.02,2024,2160,1136,0,134.1085,240.0,2,18,4,16,2,120.0,0,1839,0.5745,1,0,0,1863,1580
soc_trang,severe,FixedSchedule,8,240.0,awd,0.02,2024,2160,888,0,101.8985,240.0,4,14,4,10,0,0.0,0,1831,0.0062,1,0,0,1641,1343
soc_trang,severe,FixedSchedule,9,240.0,awd,0.02,2024,2160,1032,0,116.841,240.0,3,15,4,12,1,60.0,0,1804,0.5911,1,0,0,1741,1459
soc_trang,severe,Oracle,0,240.0,awd,0.02,2024,2160,0,0,0.0,200.0,10,27,10,17,1,20.0,0,1861,1.4249,11,10,0,1783,1683
soc_trang,severe,Oracle,1,240.0,awd,0.02,2024,2160,0,0,0.0,200.0,10,28,10,18,0,0.0,0,1864,1.291,11,10,0,1747,1683
soc_trang,severe,Oracle,2,240.0,awd,0.02,2024,2160,0,0,0.0,200.0,10,24,10,14,3,60.0,0,1857,0.8607,11,10,0,1743,1683
soc_trang,severe,Oracle,3,240.0,awd,0.02,2024,2160,0,0,0.0,200.0,10,42,10,32,3,60.0,0,1824,2.507,11,10,0,1777,1683
soc_trang,severe,Oracle,4,240.0,awd,0.02,2024,2160,0,0,0.0,200.0,10,35,10,25,1,20.0,0,1831,2.104,11,10,0,1752,1683
soc_trang,severe,Oracle,5,240.0,awd,0.02,2024,2160,0,0,0.0,200.0,10,30,10,20,2,40.0,0,1826,1.3608,11,10,0,1749,1683
soc_trang,severe,Oracle,6,240.0,awd,0.02,2024,2160,0,0,0.0,200.0,10,16,10,6,4,80.0,0,1835,1.1384,11,10,0,1735,1683
soc_trang,severe,Oracle,7,240.0,awd,0.02,2024,2160,0,0,0.0,200.0,10,21,10,11,2,40.0,0,1839,1.2171,11,10,0,1740,1683
soc_trang,severe,Oracle,8,240.0,awd,0.02,2024,2160,0,0,0.0,200.0,10,39,10,29,0,0.0,0,1831,1.9232,11,10,0,1784,1683
soc_trang,severe,Oracle,9,240.0,awd,0.02,2024,2160,0,0,0.0,200.0,10,26,10,16,0,0.0,0,1804,1.3608,11,10,0,1745,1683
soc_trang,severe,TwinGate+T2+centre,0,240.0,awd,0.02,2024,2160,247,0,16.1725,240.0,13,30,12,17,2,40.0,77,1861,1.2171,6,0,5,1079,1071
soc_trang,severe,TwinGate+T2+centre,1,240.0,awd,0.02,2024,2160,206,0,10.1674,240.0,18,46,12,28,1,20.0,72,1864,1.2172,10,0,9,1137,1166
soc_trang,severe,TwinGate+T2+centre,2,240.0,awd,0.02,2024,2160,263,0,16.8188,240.0,11,39,12,28,3,60.0,79,1857,1.1386,7,0,6,1080,1013
soc_trang,severe,TwinGate+T2+centre,3,240.0,awd,0.02,2024,2160,183,0,9.0406,240.0,18,60,12,42,4,80.0,72,1824,1.8375,6,1,4,1127,1112
soc_trang,severe,TwinGate+T2+centre,4,240.0,awd,0.02,2024,2160,245,0,15.878,240.0,13,32,12,19,3,60.0,77,1831,1.2171,8,0,7,1095,1053
soc_trang,severe,TwinGate+T2+centre,5,240.0,awd,0.02,2024,2160,263,0,17.0673,240.0,11,26,12,15,3,60.0,79,1826,1.1386,9,0,8,1083,1040
soc_trang,severe,TwinGate+T2+centre,6,240.0,awd,0.02,2024,2160,334,0,26.3377,240.0,11,33,12,22,4,80.0,79,1835,1.6088,7,0,6,1162,1132
soc_trang,severe,TwinGate+T2+centre,7,240.0,awd,0.02,2024,2160,252,0,16.1839,240.0,13,34,12,21,3,60.0,77,1839,1.1385,7,0,6,1088,1077
soc_trang,severe,TwinGate+T2+centre,8,240.0,awd,0.02,2024,2160,244,0,15.538,240.0,13,27,12,14,2,40.0,77,1831,1.0541,8,0,7,1112,1077
soc_trang,severe,TwinGate+T2+centre,9,240.0,awd,0.02,2024,2160,264,0,17.1146,240.0,11,25,12,14,2,40.0,79,1804,0.962,10,0,9,1073,1028
soc_trang,severe,TwinGate+T2,0,240.0,mid,0.05,2024,2160,45,0,0.223,240.0,14,29,12,15,1,20.0,76,1861,1.054,12,1,10,1414,1455
soc_trang,severe,TwinGate+T2,1,240.0,mid,0.05,2024,2160,0,0,0.0,240.0,17,51,12,34,1,20.0,73,1864,1.291,12,2,9,1420,1433
soc_trang,severe,TwinGate+T2,2,240.0,mid,0.05,2024,2160,263,0,17.0005,240.0,10,30,12,20,5,100.0,80,1857,1.2331,9,0,8,1384,1330
soc_trang,severe,TwinGate+T2,3,240.0,mid,0.05,2024,2160,7,0,0.0069,240.0,18,55,12,37,4,80.0,72,1824,1.8257,11,3,7,1483,1447
soc_trang,severe,TwinGate+T2,4,240.0,mid,0.05,2024,2160,54,0,1.0052,240.0,13,35,12,22,3,60.0,77,1831,1.054,11,1,9,1339,1326
soc_trang,severe,TwinGate+T2,5,240.0,mid,0.05,2024,2160,117,0,3.3745,240.0,10,25,12,15,5,100.0,80,1826,1.2909,11,0,10,1297,1309
soc_trang,severe,TwinGate+T2,6,240.0,mid,0.05,2024,2160,293,0,22.3677,240.0,8,18,12,10,5,100.0,82,1835,1.1584,9,0,8,1340,1260
soc_trang,severe,TwinGate+T2,7,240.0,mid,0.05,2024,2160,56,0,1.2548,240.0,13,44,12,31,2,40.0,77,1839,1.4272,11,1,9,1352,1350
soc_trang,severe,TwinGate+T2,8,240.0,mid,0.05,2024,2160,22,0,0.0922,240.0,16,40,12,24,2,40.0,74,1831,1.4271,12,2,9,1380,1433
soc_trang,severe,TwinGate+T2,9,240.0,mid,0.05,2024,2160,84,0,2.7984,240.0,12,25,12,13,2,40.0,78,1804,0.8607,11,0,10,1315,1320
soc_trang,severe,TwinGate+blindARQ,0,240.0,mid,0.05,2024,2160,77,0,2.0774,240.0,10,64,12,54,2,40.0,80,1861,3.3948,11,0,10,1338,1335
soc_trang,severe,TwinGate+blindARQ,1,240.0,mid,0.05,2024,2160,79,0,2.3723,240.0,11,43,12,32,1,20.0,79,1864,1.6667,12,0,11,1333,1391
soc_trang,severe,TwinGate+blindARQ,2,240.0,mid,0.05,2024,2160,531,0,53.9157,240.0,5,31,12,26,7,140.0,85,1857,1.4272,6,0,5,1436,1300
soc_trang,severe,TwinGate+blindARQ,3,240.0,mid,0.05,2024,2160,264,0,17.3556,240.0,7,30,12,23,5,100.0,83,1824,1.291,8,0,7,1295,1229
soc_trang,severe,TwinGate+blindARQ,4,240.0,mid,0.05,2024,2160,146,0,5.6223,240.0,9,25,12,16,3,60.0,81,1831,1.2172,10,0,9,1280,1232
soc_trang,severe,TwinGate+blindARQ,5,240.0,mid,0.05,2024,2160,241,0,14.3531,240.0,7,26,12,19,5,100.0,83,1826,1.5715,8,0,7,1256,1169
soc_trang,severe,TwinGate+blindARQ,6,240.0,mid,0.05,2024,2160,410,0,37.441,240.0,6,41,12,35,6,120.0,84,1835,1.9037,7,0,6,1388,1303
soc_trang,severe,TwinGate+blindARQ,7,240.0,mid,0.05,2024,2160,148,0,6.3204,240.0,8,35,12,27,4,80.0,82,1839,1.9117,9,0,8,1273,1191
soc_trang,severe,TwinGate+blindARQ,8,240.0,mid,0.05,2024,2160,78,0,2.2873,240.0,10,51,12,41,2,40.0,80,1831,2.6565,11,0,10,1311,1346
soc_trang,severe,TwinGate+blindARQ,9,240.0,mid,0.05,2024,2160,126,0,4.3737,240.0,10,35,12,25,2,40.0,80,1804,1.8903,11,0,10,1292,1323
soc_trang,severe,Reactive+T2,0,240.0,mid,0.05,2024,2160,508,0,50.8455,240.0,7,16,4,9,0,0.0,0,1861,1.9389,3,0,2,1303,1121
soc_trang,severe,Reactive+T2,1,240.0,mid,0.05,2024,2160,553,0,56.7403,240.0,5,12,4,7,1,60.0,0,1864,0.8583,4,0,3,1294,1108
soc_trang,severe,Reactive+T2,2,240.0,mid,0.05,2024,2160,726,0,82.3484,240.0,3,8,4,5,1,60.0,0,1857,0.8939,2,0,1,1482,1261
soc_trang,severe,Reactive+T2,3,240.0,mid,0.05,2024,2160,612,0,65.7109,240.0,9,33,4,24,2,120.0,0,1824,3.132,2,1,0,1464,1237
soc_trang,severe,Reactive+T2,4,240.0,mid,0.05,2024,2160,553,0,56.7403,240.0,5,13,4,8,0,0.0,0,1831,1.2392,4,0,3,1296,1110
soc_trang,severe,Reactive+T2,5,240.0,mid,0.05,2024,2160,576,0,59.9676,240.0,4,11,4,7,0,0.0,0,1826,0.8944,3,0,2,1306,1112
soc_trang,severe,Reactive+T2,6,240.0,mid,0.05,2024,2160,695,0,76.4816,240.0,5,17,4,12,1,60.0,0,1835,2.0388,2,0,1,1481,1262
soc_trang,severe,Reactive+T2,7,240.0,mid,0.05,2024,2160,701,0,79.1689,240.0,4,13,4,9,1,60.0,0,1839,1.5616,2,0,1,1481,1263
soc_trang,severe,Reactive+T2,8,240.0,mid,0.05,2024,2160,508,0,50.8388,240.0,7,19,4,12,0,0.0,0,1831,2.577,3,0,2,1305,1124
soc_trang,severe,Reactive+T2,9,240.0,mid,0.05,2024,2160,576,0,59.9676,240.0,4,11,4,7,0,0.0,0,1804,0.0,3,0,2,1304,1113
soc_trang,severe,Reactive+blindARQ,0,240.0,mid,0.05,2024,2160,533,0,54.8173,240.0,4,34,4,30,0,0.0,0,1861,4.6207,3,0,2,1288,1106
soc_trang,severe,Reactive+blindARQ,1,240.0,mid,0.05,2024,2160,726,0,82.3316,240.0,3,16,4,13,1,60.0,0,1864,2.3002,2,0,1,1482,1269
soc_trang,severe,Reactive+blindARQ,2,240.0,mid,0.05,2024,2160,911,0,104.8261,240.0,2,9,4,7,2,120.0,0,1857,0.8939,1,0,0,1664,1417
soc_trang,severe,Reactive+blindARQ,3,240.0,mid,0.05,2024,2160,911,0,104.8261,240.0,2,16,4,14,2,120.0,0,1824,2.1163,1,0,0,1664,1423
soc_trang,severe,Reactive+blindARQ,4,240.0,mid,0.05,2024,2160,726,0,82.3484,240.0,3,12,4,9,1,60.0,0,1831,1.239,2,0,1,1482,1266
soc_trang,severe,Reactive+blindARQ,5,240.0,mid,0.05,2024,2160,726,0,82.3174,240.0,3,15,4,12,1,60.0,0,1826,0.8944,2,0,1,1482,1263
soc_trang,severe,Reactive+blindARQ,6,240.0,mid,0.05,2024,2160,1104,0,127.2756,240.0,1,11,4,10,3,180.0,0,1835,1.2136,1,0,0,1813,1548
soc_trang,severe,Reactive+blindARQ,7,240.0,mid,0.05,2024,2160,896,0,104.4766,240.0,2,13,4,11,2,120.0,0,1839,0.8577,1,0,0,1662,1418
soc_trang,severe,Reactive+blindARQ,8,240.0,mid,0.05,2024,2160,553,0,56.7403,240.0,4,20,4,16,0,0.0,0,1831,3.4022,3,0,2,1294,1098
soc_trang,severe,Reactive+blindARQ,9,240.0,mid,0.05,2024,2160,726,0,82.3484,240.0,3,10,4,7,1,60.0,0,1804,0.0,2,0,1,1482,1265
soc_trang,severe,FixedSchedule,0,240.0,mid,0.05,2024,2160,888,0,101.8985,240.0,4,10,4,6,0,0.0,0,1861,0.0045,1,0,0,1641,1343
soc_trang,severe,FixedSchedule,1,240.0,mid,0.05,2024,2160,1013,0,116.0319,240.0,3,15,4,12,1,60.0,0,1864,0.8954,1,0,0,1740,1442
soc_trang,severe,FixedSchedule,2,240.0,mid,0.05,2024,2160,1128,0,131.4979,240.0,2,20,4,18,2,120.0,0,1857,1.5609,1,0,0,1855,1559
soc_trang,severe,FixedSchedule,3,240.0,mid,0.05,2024,2160,1134,0,133.785,240.0,2,14,4,12,2,120.0,0,1824,1.0989,1,0,0,1862,1578
soc_trang,severe,FixedSchedule,4,240.0,mid,0.05,2024,2160,1031,0,116.7463,240.0,3,15,4,12,1,60.0,0,1831,1.2665,1,0,0,1741,1459
soc_trang,severe,FixedSchedule,5,240.0,mid,0.05,2024,2160,1032,0,116.8256,240.0,3,14,4,11,1,60.0,0,1826,1.0919,1,0,0,1741,1459
soc_trang,severe,FixedSchedule,6,240.0,mid,0.05,2024,2160,1263,0,150.5619,240.0,1,8,4,7,3,180.0,0,1835,0.0034,1,0,0,1980,1682
soc_trang,severe,FixedSchedule,7,240.0,mid,0.05,2024,2160,1136,0,134.1085,240.0,2,18,4,16,2,120.0,0,1839,0.5745,1,0,0,1863,1580
soc_trang,severe,FixedSchedule,8,240.0,mid,0.05,2024,2160,888,0,101.8985,240.0,4,14,4,10,0,0.0,0,1831,0.0062,1,0,0,1641,1343
soc_trang,severe,FixedSchedule,9,240.0,mid,0.05,2024,2160,1032,0,116.841,240.0,3,15,4,12,1,60.0,0,1804,0.5911,1,0,0,1741,1459
soc_trang,severe,Oracle,0,240.0,mid,0.05,2024,2160,0,0,0.0,200.0,10,27,10,17,1,20.0,0,1861,1.4249,11,10,0,1783,1683
soc_trang,severe,Oracle,1,240.0,mid,0.05,2024,2160,0,0,0.0,200.0,10,28,10,18,0,0.0,0,1864,1.291,11,10,0,1747,1683
soc_trang,severe,Oracle,2,240.0,mid,0.05,2024,2160,0,0,0.0,200.0,10,24,10,14,3,60.0,0,1857,0.8607,11,10,0,1743,1683
soc_trang,severe,Oracle,3,240.0,mid,0.05,2024,2160,0,0,0.0,200.0,10,42,10,32,3,60.0,0,1824,2.507,11,10,0,1777,1683
soc_trang,severe,Oracle,4,240.0,mid,0.05,2024,2160,0,0,0.0,200.0,10,35,10,25,1,20.0,0,1831,2.104,11,10,0,1752,1683
soc_trang,severe,Oracle,5,240.0,mid,0.05,2024,2160,0,0,0.0,200.0,10,30,10,20,2,40.0,0,1826,1.3608,11,10,0,1749,1683
soc_trang,severe,Oracle,6,240.0,mid,0.05,2024,2160,0,0,0.0,200.0,10,16,10,6,4,80.0,0,1835,1.1384,11,10,0,1735,1683
soc_trang,severe,Oracle,7,240.0,mid,0.05,2024,2160,0,0,0.0,200.0,10,21,10,11,2,40.0,0,1839,1.2171,11,10,0,1740,1683
soc_trang,severe,Oracle,8,240.0,mid,0.05,2024,2160,0,0,0.0,200.0,10,39,10,29,0,0.0,0,1831,1.9232,11,10,0,1784,1683
soc_trang,severe,Oracle,9,240.0,mid,0.05,2024,2160,0,0,0.0,200.0,10,26,10,16,0,0.0,0,1804,1.3608,11,10,0,1745,1683
soc_trang,severe,TwinGate+T2+centre,0,240.0,mid,0.05,2024,2160,247,0,16.1725,240.0,13,30,12,17,2,40.0,77,1861,1.2171,6,0,5,1079,1071
soc_trang,severe,TwinGate+T2+centre,1,240.0,mid,0.05,2024,2160,206,0,10.1674,240.0,18,46,12,28,1,20.0,72,1864,1.2172,10,0,9,1137,1166
soc_trang,severe,TwinGate+T2+centre,2,240.0,mid,0.05,2024,2160,263,0,16.8188,240.0,11,39,12,28,3,60.0,79,1857,1.1386,7,0,6,1080,1013
soc_trang,severe,TwinGate+T2+centre,3,240.0,mid,0.05,2024,2160,183,0,9.0406,240.0,18,60,12,42,4,80.0,72,1824,1.8375,6,1,4,1127,1112
soc_trang,severe,TwinGate+T2+centre,4,240.0,mid,0.05,2024,2160,245,0,15.878,240.0,13,32,12,19,3,60.0,77,1831,1.2171,8,0,7,1095,1053
soc_trang,severe,TwinGate+T2+centre,5,240.0,mid,0.05,2024,2160,263,0,17.0673,240.0,11,26,12,15,3,60.0,79,1826,1.1386,9,0,8,1083,1040
soc_trang,severe,TwinGate+T2+centre,6,240.0,mid,0.05,2024,2160,334,0,26.3377,240.0,11,33,12,22,4,80.0,79,1835,1.6088,7,0,6,1162,1132
soc_trang,severe,TwinGate+T2+centre,7,240.0,mid,0.05,2024,2160,252,0,16.1839,240.0,13,34,12,21,3,60.0,77,1839,1.1385,7,0,6,1088,1077
soc_trang,severe,TwinGate+T2+centre,8,240.0,mid,0.05,2024,2160,244,0,15.538,240.0,13,27,12,14,2,40.0,77,1831,1.0541,8,0,7,1112,1077
soc_trang,severe,TwinGate+T2+centre,9,240.0,mid,0.05,2024,2160,264,0,17.1146,240.0,11,25,12,14,2,40.0,79,1804,0.962,10,0,9,1073,1028
soc_trang,severe,TwinGate+T2,0,240.0,narrow,0.1,2024,2160,125,0,4.1441,240.0,16,45,12,29,2,40.0,74,1861,1.1386,12,0,11,1291,1337
soc_trang,severe,TwinGate+T2,1,240.0,narrow,0.1,2024,2160,154,0,7.5811,240.0,13,34,12,21,1,20.0,77,1864,0.7454,13,0,12,1264,1289
soc_trang,severe,TwinGate+T2,2,240.0,narrow,0.1,2024,2160,246,0,16.0149,240.0,10,29,12,19,4,80.0,80,1857,1.3608,10,0,9,1247,1198
soc_trang,severe,TwinGate+T2,3,240.0,narrow,0.1,2024,2160,206,0,6.7071,240.0,12,36,11,24,4,80.0,78,1824,1.4271,9,1,7,1317,1233
soc_trang,severe,TwinGate+T2,4,240.0,narrow,0.1,2024,2160,213,0,10.7681,240.0,12,33,12,21,2,40.0,78,1831,1.1386,11,0,10,1179,1163
soc_trang,severe,TwinGate+T2,5,240.0,narrow,0.1,2024,2160,241,0,14.4852,240.0,9,19,12,10,4,80.0,81,1826,0.9623,10,0,9,1099,1075
soc_trang,severe,TwinGate+T2,6,240.0,narrow,0.1,2024,2160,181,0,9.8616,240.0,11,32,12,21,6,120.0,79,1835,1.3608,10,0,9,1198,1178
soc_trang,severe,TwinGate+T2,7,240.0,narrow,0.1,2024,2160,188,0,6.2986,240.0,13,40,10,27,2,60.0,77,1839,1.6101,9,1,7,1338,1290
soc_trang,severe,TwinGate+T2,8,240.0,narrow,0.1,2024,2160,157,0,7.9093,240.0,18,52,11,34,1,20.0,72,1831,1.291,11,1,9,1323,1310
soc_trang,severe,TwinGate+T2,9,240.0,narrow,0.1,2024,2160,127,0,6.111,240.0,14,32,11,18,1,20.0,76,1804,1.291,11,1,9,1317,1292
soc_trang,severe,TwinGate+blindARQ,0,240.0,narrow,0.1,2024,2160,177,0,9.1982,240.0,10,28,12,18,2,40.0,80,1861,0.9623,11,0,10,1228,1232
soc_trang,severe,TwinGate+blindARQ,1,240.0,narrow,0.1,2024,2160,195,0,10.1095,240.0,11,38,12,27,1,20.0,79,1864,1.4272,12,0,11,1234,1233
soc_trang,severe,TwinGate+blindARQ,2,240.0,narrow,0.1,2024,2160,570,0,58.9328,240.0,5,32,12,27,7,140.0,85,1857,0.9097,6,0,5,1408,1243
soc_trang,severe,TwinGate+blindARQ,3,240.0,narrow,0.1,2024,2160,315,0,25.0078,240.0,7,51,12,44,5,100.0,83,1824,2.0573,8,0,7,1229,1136
soc_trang,severe,TwinGate+blindARQ,4,240.0,narrow,0.1,2024,2160,218,0,12.7058,240.0,9,33,12,24,3,60.0,81,1831,1.3608,10,0,9,1184,1129
soc_trang,severe,TwinGate+blindARQ,5,240.0,narrow,0.1,2024,2160,306,0,22.7443,240.0,7,28,12,21,5,100.0,83,1826,1.3041,8,0,7,1182,1078
soc_trang,severe,TwinGate+blindARQ,6,240.0,narrow,0.1,2024,2160,482,0,46.4752,240.0,6,55,12,49,6,120.0,84,1835,1.9936,7,0,6,1347,1219
soc_trang,severe,TwinGate+blindARQ,7,240.0,narrow,0.1,2024,2160,214,0,11.244,240.0,8,48,12,40,4,80.0,82,1839,2.8291,9,0,8,1176,1106
soc_trang,severe,TwinGate+blindARQ,8,240.0,narrow,0.1,2024,2160,214,0,11.2952,240.0,10,31,12,21,2,40.0,80,1831,0.9623,11,0,10,1204,1173
soc_trang,severe,TwinGate+blindARQ,9,240.0,narrow,0.1,2024,2160,213,0,10.9229,240.0,10,39,12,29,2,40.0,80,1804,2.0997,11,0,10,1183,1153
soc_trang,severe,Reactive+T2,0,240.0,narrow,0.1,2024,2160,508,0,50.8455,240.0,7,16,4,9,0,0.0,0,1861,1.9389,3,0,2,1303,1121
soc_trang,severe,Reactive+T2,1,240.0,narrow,0.1,2024,2160,553,0,56.7403,240.0,5,12,4,7,1,60.0,0,1864,0.8583,4,0,3,1294,1108
soc_trang,severe,Reactive+T2,2,240.0,narrow,0.1,2024,2160,726,0,82.3484,240.0,3,8,4,5,1,60.0,0,1857,0.8939,2,0,1,1482,1261
soc_trang,severe,Reactive+T2,3,240.0,narrow,0.1,2024,2160,612,0,65.7109,240.0,9,33,4,24,2,120.0,0,1824,3.132,2,1,0,1464,1237
soc_trang,severe,Reactive+T2,4,240.0,narrow,0.1,2024,2160,553,0,56.7403,240.0,5,13,4,8,0,0.0,0,1831,1.2392,4,0,3,1296,1110
soc_trang,severe,Reactive+T2,5,240.0,narrow,0.1,2024,2160,576,0,59.9676,240.0,4,11,4,7,0,0.0,0,1826,0.8944,3,0,2,1306,1112
soc_trang,severe,Reactive+T2,6,240.0,narrow,0.1,2024,2160,695,0,76.4816,240.0,5,17,4,12,1,60.0,0,1835,2.0388,2,0,1,1481,1262
soc_trang,severe,Reactive+T2,7,240.0,narrow,0.1,2024,2160,701,0,79.1689,240.0,4,13,4,9,1,60.0,0,1839,1.5616,2,0,1,1481,1263
soc_trang,severe,Reactive+T2,8,240.0,narrow,0.1,2024,2160,508,0,50.8388,240.0,7,19,4,12,0,0.0,0,1831,2.577,3,0,2,1305,1124
soc_trang,severe,Reactive+T2,9,240.0,narrow,0.1,2024,2160,576,0,59.9676,240.0,4,11,4,7,0,0.0,0,1804,0.0,3,0,2,1304,1113
soc_trang,severe,Reactive+blindARQ,0,240.0,narrow,0.1,2024,2160,533,0,54.8173,240.0,4,34,4,30,0,0.0,0,1861,4.6207,3,0,2,1288,1106
soc_trang,severe,Reactive+blindARQ,1,240.0,narrow,0.1,2024,2160,726,0,82.3316,240.0,3,16,4,13,1,60.0,0,1864,2.3002,2,0,1,1482,1269
soc_trang,severe,Reactive+blindARQ,2,240.0,narrow,0.1,2024,2160,911,0,104.8261,240.0,2,9,4,7,2,120.0,0,1857,0.8939,1,0,0,1664,1417
soc_trang,severe,Reactive+blindARQ,3,240.0,narrow,0.1,2024,2160,911,0,104.8261,240.0,2,16,4,14,2,120.0,0,1824,2.1163,1,0,0,1664,1423
soc_trang,severe,Reactive+blindARQ,4,240.0,narrow,0.1,2024,2160,726,0,82.3484,240.0,3,12,4,9,1,60.0,0,1831,1.239,2,0,1,1482,1266
soc_trang,severe,Reactive+blindARQ,5,240.0,narrow,0.1,2024,2160,726,0,82.3174,240.0,3,15,4,12,1,60.0,0,1826,0.8944,2,0,1,1482,1263
soc_trang,severe,Reactive+blindARQ,6,240.0,narrow,0.1,2024,2160,1104,0,127.2756,240.0,1,11,4,10,3,180.0,0,1835,1.2136,1,0,0,1813,1548
soc_trang,severe,Reactive+blindARQ,7,240.0,narrow,0.1,2024,2160,896,0,104.4766,240.0,2,13,4,11,2,120.0,0,1839,0.8577,1,0,0,1662,1418
soc_trang,severe,Reactive+blindARQ,8,240.0,narrow,0.1,2024,2160,553,0,56.7403,240.0,4,20,4,16,0,0.0,0,1831,3.4022,3,0,2,1294,1098
soc_trang,severe,Reactive+blindARQ,9,240.0,narrow,0.1,2024,2160,726,0,82.3484,240.0,3,10,4,7,1,60.0,0,1804,0.0,2,0,1,1482,1265
soc_trang,severe,FixedSchedule,0,240.0,narrow,0.1,2024,2160,888,0,101.8985,240.0,4,10,4,6,0,0.0,0,1861,0.0045,1,0,0,1641,1343
soc_trang,severe,FixedSchedule,1,240.0,narrow,0.1,2024,2160,1013,0,116.0319,240.0,3,15,4,12,1,60.0,0,1864,0.8954,1,0,0,1740,1442
soc_trang,severe,FixedSchedule,2,240.0,narrow,0.1,2024,2160,1128,0,131.4979,240.0,2,20,4,18,2,120.0,0,1857,1.5609,1,0,0,1855,1559
soc_trang,severe,FixedSchedule,3,240.0,narrow,0.1,2024,2160,1134,0,133.785,240.0,2,14,4,12,2,120.0,0,1824,1.0989,1,0,0,1862,1578
soc_trang,severe,FixedSchedule,4,240.0,narrow,0.1,2024,2160,1031,0,116.7463,240.0,3,15,4,12,1,60.0,0,1831,1.2665,1,0,0,1741,1459
soc_trang,severe,FixedSchedule,5,240.0,narrow,0.1,2024,2160,1032,0,116.8256,240.0,3,14,4,11,1,60.0,0,1826,1.0919,1,0,0,1741,1459
soc_trang,severe,FixedSchedule,6,240.0,narrow,0.1,2024,2160,1263,0,150.5619,240.0,1,8,4,7,3,180.0,0,1835,0.0034,1,0,0,1980,1682
soc_trang,severe,FixedSchedule,7,240.0,narrow,0.1,2024,2160,1136,0,134.1085,240.0,2,18,4,16,2,120.0,0,1839,0.5745,1,0,0,1863,1580
soc_trang,severe,FixedSchedule,8,240.0,narrow,0.1,2024,2160,888,0,101.8985,240.0,4,14,4,10,0,0.0,0,1831,0.0062,1,0,0,1641,1343
soc_trang,severe,FixedSchedule,9,240.0,narrow,0.1,2024,2160,1032,0,116.841,240.0,3,15,4,12,1,60.0,0,1804,0.5911,1,0,0,1741,1459
soc_trang,severe,Oracle,0,240.0,narrow,0.1,2024,2160,0,0,0.0,200.0,10,27,10,17,1,20.0,0,1861,1.4249,11,10,0,1783,1683
soc_trang,severe,Oracle,1,240.0,narrow,0.1,2024,2160,0,0,0.0,200.0,10,28,10,18,0,0.0,0,1864,1.291,11,10,0,1747,1683
soc_trang,severe,Oracle,2,240.0,narrow,0.1,2024,2160,0,0,0.0,200.0,10,24,10,14,3,60.0,0,1857,0.8607,11,10,0,1743,1683
soc_trang,severe,Oracle,3,240.0,narrow,0.1,2024,2160,0,0,0.0,200.0,10,42,10,32,3,60.0,0,1824,2.507,11,10,0,1777,1683
soc_trang,severe,Oracle,4,240.0,narrow,0.1,2024,2160,0,0,0.0,200.0,10,35,10,25,1,20.0,0,1831,2.104,11,10,0,1752,1683
soc_trang,severe,Oracle,5,240.0,narrow,0.1,2024,2160,0,0,0.0,200.0,10,30,10,20,2,40.0,0,1826,1.3608,11,10,0,1749,1683
soc_trang,severe,Oracle,6,240.0,narrow,0.1,2024,2160,0,0,0.0,200.0,10,16,10,6,4,80.0,0,1835,1.1384,11,10,0,1735,1683
soc_trang,severe,Oracle,7,240.0,narrow,0.1,2024,2160,0,0,0.0,200.0,10,21,10,11,2,40.0,0,1839,1.2171,11,10,0,1740,1683
soc_trang,severe,Oracle,8,240.0,narrow,0.1,2024,2160,0,0,0.0,200.0,10,39,10,29,0,0.0,0,1831,1.9232,11,10,0,1784,1683
soc_trang,severe,Oracle,9,240.0,narrow,0.1,2024,2160,0,0,0.0,200.0,10,26,10,16,0,0.0,0,1804,1.3608,11,10,0,1745,1683
soc_trang,severe,TwinGate+T2+centre,0,240.0,narrow,0.1,2024,2160,125,0,4.1441,240.0,16,45,12,29,2,40.0,74,1861,1.1386,12,0,11,1291,1337
soc_trang,severe,TwinGate+T2+centre,1,240.0,narrow,0.1,2024,2160,154,0,7.5811,240.0,13,34,12,21,1,20.0,77,1864,0.7454,13,0,12,1264,1289
soc_trang,severe,TwinGate+T2+centre,2,240.0,narrow,0.1,2024,2160,246,0,16.0149,240.0,10,29,12,19,4,80.0,80,1857,1.3608,10,0,9,1247,1198
soc_trang,severe,TwinGate+T2+centre,3,240.0,narrow,0.1,2024,2160,206,0,6.7071,240.0,12,36,11,24,4,80.0,78,1824,1.4271,9,1,7,1317,1233
soc_trang,severe,TwinGate+T2+centre,4,240.0,narrow,0.1,2024,2160,213,0,10.7681,240.0,12,33,12,21,2,40.0,78,1831,1.1386,11,0,10,1179,1163
soc_trang,severe,TwinGate+T2+centre,5,240.0,narrow,0.1,2024,2160,241,0,14.4852,240.0,9,19,12,10,4,80.0,81,1826,0.9623,10,0,9,1099,1075
soc_trang,severe,TwinGate+T2+centre,6,240.0,narrow,0.1,2024,2160,181,0,9.8616,240.0,11,32,12,21,6,120.0,79,1835,1.3608,10,0,9,1198,1178
soc_trang,severe,TwinGate+T2+centre,7,240.0,narrow,0.1,2024,2160,188,0,6.2986,240.0,13,40,10,27,2,60.0,77,1839,1.6101,9,1,7,1338,1290
soc_trang,severe,TwinGate+T2+centre,8,240.0,narrow,0.1,2024,2160,157,0,7.9093,240.0,18,52,11,34,1,20.0,72,1831,1.291,11,1,9,1323,1310
soc_trang,severe,TwinGate+T2+centre,9,240.0,narrow,0.1,2024,2160,127,0,6.111,240.0,14,32,11,18,1,20.0,76,1804,1.291,11,1,9,1317,1292
soc_trang,severe,TwinGate+T2,0,320.0,awd,0.02,2024,2160,0,0,0.0,240.0,12,32,12,20,1,20.0,78,1861,0.9622,11,8,3,934,1408
soc_trang,severe,TwinGate+T2,1,320.0,awd,0.02,2024,2160,0,0,0.0,240.0,16,41,12,25,0,0.0,74,1864,1.0541,12,9,3,985,1303
soc_trang,severe,TwinGate+T2,2,320.0,awd,0.02,2024,2160,0,0,0.0,280.0,12,37,14,25,7,140.0,78,1857,1.4086,9,9,0,1028,1255
soc_trang,severe,TwinGate+T2,3,320.0,awd,0.02,2024,2160,17,0,0.0464,260.0,12,37,13,25,6,120.0,78,1824,1.4272,7,7,0,805,1006
soc_trang,severe,TwinGate+T2,4,320.0,awd,0.02,2024,2160,0,0,0.0,260.0,12,29,13,17,3,60.0,78,1831,1.4906,10,8,2,903,1171
soc_trang,severe,TwinGate+T2,5,320.0,awd,0.02,2024,2160,13,0,0.0989,260.0,10,32,12,22,4,80.0,80,1826,1.3608,8,8,0,853,1081
soc_trang,severe,TwinGate+T2,6,320.0,awd,0.02,2024,2160,0,0,0.0,320.0,8,24,16,16,9,180.0,82,1835,1.4846,7,7,0,689,949
soc_trang,severe,TwinGate+T2,7,320.0,awd,0.02,2024,2160,0,0,0.0,260.0,12,34,13,22,4,80.0,78,1839,1.4906,10,8,2,901,1164
soc_trang,severe,TwinGate+T2,8,320.0,awd,0.02,2024,2160,15,0,0.2553,240.0,15,39,12,24,2,40.0,75,1831,1.0541,11,7,4,899,1340
soc_trang,severe,TwinGate+T2,9,320.0,awd,0.02,2024,2160,10,0,0.0487,240.0,13,33,11,20,2,40.0,77,1804,1.1385,9,8,1,887,1384
soc_trang,severe,TwinGate+blindARQ,0,320.0,awd,0.02,2024,2160,0,0,0.0,280.0,11,40,14,29,3,60.0,79,1861,1.4883,11,9,2,1090,1364
soc_trang,severe,TwinGate+blindARQ,1,320.0,awd,0.02,2024,2160,0,0,0.0,240.0,11,46,12,35,1,20.0,79,1864,2.362,11,8,3,919,1429
soc_trang,severe,TwinGate+blindARQ,2,320.0,awd,0.02,2024,2160,0,0,0.0,320.0,8,34,16,26,8,160.0,82,1857,1.5865,8,8,0,766,1241
soc_trang,severe,TwinGate+blindARQ,3,320.0,awd,0.02,2024,2160,0,0,0.0,320.0,8,43,16,35,8,160.0,82,1824,2.0282,8,8,0,880,1133
soc_trang,severe,TwinGate+blindARQ,4,320.0,awd,0.02,2024,2160,0,0,0.0,260.0,9,46,13,37,4,80.0,81,1831,2.5762,9,8,1,850,1117
soc_trang,severe,TwinGate+blindARQ,5,320.0,awd,0.02,2024,2160,0,0,0.0,280.0,7,28,14,21,7,140.0,83,1826,1.0883,8,7,0,1339,1277
soc_trang,severe,TwinGate+blindARQ,6,320.0,awd,0.02,2024,2160,0,0,0.0,320.0,7,33,16,26,9,180.0,83,1835,1.6558,8,7,0,1265,1110
soc_trang,severe,TwinGate+blindARQ,7,320.0,awd,0.02,2024,2160,0,0,0.0,260.0,8,36,13,28,5,100.0,82,1839,2.8031,8,8,0,780,1053
soc_trang,severe,TwinGate+blindARQ,8,320.0,awd,0.02,2024,2160,0,0,0.0,260.0,11,40,13,29,2,40.0,79,1831,2.3043,11,9,2,1096,1370
soc_trang,severe,TwinGate+blindARQ,9,320.0,awd,0.02,2024,2160,0,0,0.0,240.0,10,48,12,38,2,40.0,80,1804,2.2748,10,8,2,898,1432
soc_trang,severe,Reactive+T2,0,320.0,awd,0.02,2024,2160,264,0,17.1052,320.0,11,26,6,15,0,0.0,0,1861,2.0772,4,0,3,1101,961
soc_trang,severe,Reactive+T2,1,320.0,awd,0.02,2024,2160,314,0,24.7566,320.0,7,17,6,10,1,60.0,0,1864,0.8583,4,0,3,1076,920
soc_trang,severe,Reactive+T2,2,320.0,awd,0.02,2024,2160,504,0,49.015,320.0,5,12,6,7,1,60.0,0,1857,1.3476,3,0,2,1228,1049
soc_trang,severe,Reactive+T2,3,320.0,awd,0.02,2024,2160,392,0,33.3778,320.0,11,38,6,27,2,120.0,0,1824,3.274,3,1,1,1248,1064
soc_trang,severe,Reactive+T2,4,320.0,awd,0.02,2024,2160,314,0,24.7604,320.0,7,16,6,9,0,0.0,0,1831,1.2392,4,0,3,1078,920
soc_trang,severe,Reactive+T2,5,320.0,awd,0.02,2024,2160,339,0,28.0474,320.0,6,13,6,7,1,20.0,0,1826,1.3069,3,0,2,1088,920
soc_trang,severe,Reactive+T2,6,320.0,awd,0.02,2024,2160,414,0,38.8363,320.0,9,28,6,19,1,60.0,0,1835,2.3166,4,0,3,1245,1090
soc_trang,severe,Reactive+T2,7,320.0,awd,0.02,2024,2160,458,0,42.6286,320.0,7,21,6,14,1,60.0,0,1839,1.8582,3,0,2,1232,1055
soc_trang,severe,Reactive+T2,8,320.0,awd,0.02,2024,2160,431,0,39.6722,320.0,8,24,6,16,1,60.0,0,1831,2.577,3,0,2,1235,1072
soc_trang,severe,Reactive+T2,9,320.0,awd,0.02,2024,2160,339,0,28.0378,320.0,6,15,6,9,0,0.0,0,1804,0.0,3,0,2,1086,923
soc_trang,severe,Reactive+blindARQ,0,320.0,awd,0.02,2024,2160,291,0,21.7763,320.0,6,42,6,36,0,0.0,0,1861,4.6207,3,0,2,1065,922
soc_trang,severe,Reactive+blindARQ,1,320.0,awd,0.02,2024,2160,504,0,49.016,320.0,5,20,6,15,1,60.0,0,1864,2.3002,3,0,2,1229,1057
soc_trang,severe,Reactive+blindARQ,2,320.0,awd,0.02,2024,2160,650,0,71.5494,320.0,4,12,6,8,3,140.0,0,1857,1.3542,3,0,2,1397,1203
soc_trang,severe,Reactive+blindARQ,3,320.0,awd,0.02,2024,2160,650,0,71.5494,320.0,4,19,6,15,3,140.0,0,1824,2.5224,3,0,2,1397,1209
soc_trang,severe,Reactive+blindARQ,4,320.0,awd,0.02,2024,2160,503,0,48.8337,320.0,5,25,6,20,1,60.0,0,1831,2.1611,3,0,2,1228,1063
soc_trang,severe,Reactive+blindARQ,5,320.0,awd,0.02,2024,2160,504,0,49.0173,320.0,5,18,6,13,2,80.0,0,1826,1.3472,3,0,2,1229,1050
soc_trang,severe,Reactive+blindARQ,6,320.0,awd,0.02,2024,2160,821,0,94.2288,320.0,3,24,6,21,3,180.0,0,1835,1.7716,2,0,1,1585,1366
soc_trang,severe,Reactive+blindARQ,7,320.0,awd,0.02,2024,2160,650,0,71.4946,320.0,4,21,6,17,2,120.0,0,1839,1.8472,3,0,2,1399,1209
soc_trang,severe,Reactive+blindARQ,8,320.0,awd,0.02,2024,2160,480,0,45.6995,320.0,5,24,6,19,1,60.0,0,1831,3.4022,3,0,2,1221,1038
soc_trang,severe,Reactive+blindARQ,9,320.0,awd,0.02,2024,2160,504,0,49.016,320.0,5,14,6,9,1,60.0,0,1804,0.0,3,0,2,1229,1053
soc_trang,severe,FixedSchedule,0,320.0,awd,0.02,2024,2160,676,0,75.2175,320.0,6,12,6,6,0,0.0,0,1861,0.0045,1,0,0,1405,1138
soc_trang,severe,FixedSchedule,1,320.0,awd,0.02,2024,2160,796,0,91.2272,320.0,5,21,6,16,1,60.0,0,1864,0.8954,2,0,1,1558,1285
soc_trang,severe,FixedSchedule,2,320.0,awd,0.02,2024,2160,917,0,107.2256,320.0,4,22,6,18,3,140.0,0,1857,11.2232,1,0,0,1672,1387
soc_trang,severe,FixedSchedule,3,320.0,awd,0.02,2024,2160,915,0,106.2784,320.0,4,20,6,16,3,140.0,0,1824,4.1788,1,0,0,1668,1401
soc_trang,severe,FixedSchedule,4,320.0,awd,0.02,2024,2160,796,0,91.233,320.0,5,19,6,14,1,60.0,0,1831,1.2665,2,0,1,1555,1282
soc_trang,severe,FixedSchedule,5,320.0,awd,0.02,2024,2160,842,0,95.9042,320.0,5,16,6,11,2,80.0,0,1826,10.6552,1,0,0,1572,1294
soc_trang,severe,FixedSchedule,6,320.0,awd,0.02,2024,2160,1061,0,122.0654,320.0,3,13,6,10,3,180.0,0,1835,4.0956,1,0,0,1785,1520
soc_trang,severe,FixedSchedule,7,320.0,awd,0.02,2024,2160,915,0,106.1543,320.0,4,28,6,24,2,120.0,0,1839,4.2817,1,0,0,1668,1398
soc_trang,severe,FixedSchedule,8,320.0,awd,0.02,2024,2160,795,0,91.0089,320.0,5,30,6,25,1,60.0,0,1831,7.1694,2,0,1,1565,1292
soc_trang,severe,FixedSchedule,9,320.0,awd,0.02,2024,2160,796,0,91.233,320.0,5,18,6,13,1,60.0,0,1804,0.5911,2,0,1,1555,1282
soc_trang,severe,Oracle,0,320.0,awd,0.02,2024,2160,0,0,0.0,260.0,10,31,10,21,0,0.0,0,1861,2.7673,10,7,3,913,1163
soc_trang,severe,Oracle,1,320.0,awd,0.02,2024,2160,0,0,0.0,260.0,10,29,10,19,0,0.0,0,1864,1.5934,10,7,3,914,1167
soc_trang,severe,Oracle,2,320.0,awd,0.02,2024,2160,0,0,0.0,260.0,10,23,10,13,4,120.0,0,1857,1.7213,10,7,3,908,1164
soc_trang,severe,Oracle,3,320.0,awd,0.02,2024,2160,0,0,0.0,260.0,10,37,10,27,3,80.0,0,1824,2.5437,10,7,3,913,1145
soc_trang,severe,Oracle,4,320.0,awd,0.02,2024,2160,0,0,0.0,260.0,10,62,10,52,1,40.0,0,1831,3.9598,9,7,2,890,1181
soc_trang,severe,Oracle,5,320.0,awd,0.02,2024,2160,0,0,0.0,260.0,10,26,10,16,2,60.0,0,1826,1.4272,10,7,3,911,1166
soc_trang,severe,Oracle,6,320.0,awd,0.02,2024,2160,0,0,0.0,260.0,10,24,10,14,4,120.0,0,1835,2.0466,10,7,3,909,1164
soc_trang,severe,Oracle,7,320.0,awd,0.02,2024,2160,0,0,0.0,260.0,10,28,10,18,1,20.0,0,1839,2.4244,10,7,3,913,1175
soc_trang,severe,Oracle,8,320.0,awd,0.02,2024,2160,0,0,0.0,260.0,10,39,10,29,0,0.0,0,1831,1.8744,10,7,3,917,1148
soc_trang,severe,Oracle,9,320.0,awd,0.02,2024,2160,0,0,0.0,260.0,10,31,10,21,0,0.0,0,1804,2.9482,10,7,3,915,1174
soc_trang,severe,TwinGate+T2+centre,0,320.0,awd,0.02,2024,2160,0,0,0.0,320.0,18,41,16,23,3,60.0,72,1861,1.2909,9,0,8,797,862
soc_trang,severe,TwinGate+T2+centre,1,320.0,awd,0.02,2024,2160,0,0,0.0,320.0,22,62,16,40,3,60.0,68,1864,1.5535,12,0,11,927,1020
soc_trang,severe,TwinGate+T2+centre,2,320.0,awd,0.02,2024,2160,0,0,0.0,320.0,17,59,16,42,3,60.0,73,1857,1.4907,10,0,9,807,811
soc_trang,severe,TwinGate+T2+centre,3,320.0,awd,0.02,2024,2160,7,0,0.0069,320.0,21,70,16,49,6,120.0,69,1824,1.9357,6,1,5,239,601
soc_trang,severe,TwinGate+T2+centre,4,320.0,awd,0.02,2024,2160,0,0,0.0,320.0,18,49,16,31,4,80.0,72,1831,1.4275,11,0,10,801,858
soc_trang,severe,TwinGate+T2+centre,5,320.0,awd,0.02,2024,2160,0,0,0.0,320.0,15,38,16,23,5,100.0,75,1826,1.4295,11,0,10,793,830
soc_trang,severe,TwinGate+T2+centre,6,320.0,awd,0.02,2024,2160,0,0,0.0,320.0,13,39,16,26,7,140.0,77,1835,1.7731,8,0,7,860,872
soc_trang,severe,TwinGate+T2+centre,7,320.0,awd,0.02,2024,2160,0,0,0.0,320.0,15,42,16,27,5,100.0,75,1839,1.2171,8,0,7,784,816
soc_trang,severe,TwinGate+T2+centre,8,320.0,awd,0.02,2024,2160,0,0,0.0,320.0,17,33,16,16,2,40.0,73,1831,1.1386,10,0,9,801,842
soc_trang,severe,TwinGate+T2+centre,9,320.0,awd,0.02,2024,2160,0,0,0.0,320.0,14,31,16,17,3,60.0,76,1804,1.1383,11,0,10,769,798
soc_trang,severe,TwinGate+T2,0,320.0,mid,0.05,2024,2160,0,0,0.0,280.0,16,34,14,18,2,40.0,74,1861,1.054,13,1,12,712,1198
soc_trang,severe,TwinGate+T2,1,320.0,mid,0.05,2024,2160,0,0,0.0,300.0,20,63,15,43,2,40.0,70,1864,1.4907,13,4,9,933,1294
soc_trang,severe,TwinGate+T2,2,320.0,mid,0.05,2024,2160,0,0,0.0,320.0,14,45,16,31,5,100.0,76,1857,1.3751,12,0,12,578,1039
soc_trang,severe,TwinGate+T2,3,320.0,mid,0.05,2024,2160,7,0,0.0069,300.0,20,64,15,44,6,120.0,70,1824,2.0185,11,4,7,938,1224
soc_trang,severe,TwinGate+T2,4,320.0,mid,0.05,2024,2160,0,0,0.0,300.0,16,42,15,26,4,80.0,74,1831,1.2171,12,1,11,655,991
soc_trang,severe,TwinGate+T2,5,320.0,mid,0.05,2024,2160,0,0,0.0,300.0,12,34,15,22,6,120.0,78,1826,1.3046,13,0,12,1176,1225
soc_trang,severe,TwinGate+T2,6,320.0,mid,0.05,2024,2160,0,0,0.0,320.0,10,26,16,16,8,160.0,80,1835,1.5662,11,0,10,1125,1095
soc_trang,severe,TwinGate+T2,7,320.0,mid,0.05,2024,2160,0,0,0.0,280.0,16,56,14,40,2,40.0,74,1839,1.6101,12,2,10,673,1165
soc_trang,severe,TwinGate+T2,8,320.0,mid,0.05,2024,2160,0,0,0.0,280.0,18,43,14,25,2,40.0,72,1831,1.4271,13,2,11,676,1167
soc_trang,severe,TwinGate+T2,9,320.0,mid,0.05,2024,2160,0,0,0.0,300.0,14,29,15,15,3,60.0,76,1804,0.9623,12,0,12,538,893
soc_trang,severe,TwinGate+blindARQ,0,320.0,mid,0.05,2024,2160,0,0,0.0,280.0,11,66,14,55,3,60.0,79,1861,3.422,12,0,11,1206,1227
soc_trang,severe,TwinGate+blindARQ,1,320.0,mid,0.05,2024,2160,0,0,0.0,320.0,12,54,16,42,4,80.0,78,1864,1.9042,12,0,12,546,1165
soc_trang,severe,TwinGate+blindARQ,2,320.0,mid,0.05,2024,2160,149,0,6.6321,320.0,8,43,16,35,8,160.0,82,1857,1.6799,9,0,8,1216,1186
soc_trang,severe,TwinGate+blindARQ,3,320.0,mid,0.05,2024,2160,0,0,0.0,320.0,8,45,16,37,8,160.0,82,1824,1.9426,9,0,8,1042,1004
soc_trang,severe,TwinGate+blindARQ,4,320.0,mid,0.05,2024,2160,0,0,0.0,300.0,10,51,15,41,5,100.0,80,1831,2.2354,11,0,10,1104,1083
soc_trang,severe,TwinGate+blindARQ,5,320.0,mid,0.05,2024,2160,0,0,0.0,320.0,9,39,16,30,7,140.0,81,1826,1.8076,10,0,9,1140,1105
soc_trang,severe,TwinGate+blindARQ,6,320.0,mid,0.05,2024,2160,83,0,2.7048,320.0,7,51,16,44,9,180.0,83,1835,2.045,8,0,7,1156,1097
soc_trang,severe,TwinGate+blindARQ,7,320.0,mid,0.05,2024,2160,0,0,0.0,300.0,9,48,15,39,6,120.0,81,1839,2.183,10,0,9,1073,982
soc_trang,severe,TwinGate+blindARQ,8,320.0,mid,0.05,2024,2160,0,0,0.0,280.0,12,65,14,53,2,40.0,78,1831,2.9536,13,0,12,1206,1275
soc_trang,severe,TwinGate+blindARQ,9,320.0,mid,0.05,2024,2160,0,0,0.0,300.0,12,39,15,27,3,60.0,78,1804,1.9387,12,0,12,533,956
soc_trang,severe,Reactive+T2,0,320.0,mid,0.05,2024,2160,264,0,17.1052,320.0,11,26,6,15,0,0.0,0,1861,2.0772,4,0,3,1101,961
soc_trang,severe,Reactive+T2,1,320.0,mid,0.05,2024,2160,314,0,24.7566,320.0,7,17,6,10,1,60.0,0,1864,0.8583,4,0,3,1076,920
soc_trang,severe,Reactive+T2,2,320.0,mid,0.05,2024,2160,504,0,49.015,320.0,5,12,6,7,1,60.0,0,1857,1.3476,3,0,2,1228,1049
soc_trang,severe,Reactive+T2,3,320.0,mid,0.05,2024,2160,392,0,33.3778,320.0,11,38,6,27,2,120.0,0,1824,3.274,3,1,1,1248,1064
soc_trang,severe,Reactive+T2,4,320.0,mid,0.05,2024,2160,314,0,24.7604,320.0,7,16,6,9,0,0.0,0,1831,1.2392,4,0,3,1078,920
soc_trang,severe,Reactive+T2,5,320.0,mid,0.05,2024,2160,339,0,28.0474,320.0,6,13,6,7,1,20.0,0,1826,1.3069,3,0,2,1088,920
soc_trang,severe,Reactive+T2,6,320.0,mid,0.05,2024,2160,414,0,38.8363,320.0,9,28,6,19,1,60.0,0,1835,2.3166,4,0,3,1245,1090
soc_trang,severe,Reactive+T2,7,320.0,mid,0.05,2024,2160,458,0,42.6286,320.0,7,21,6,14,1,60.0,0,1839,1.8582,3,0,2,1232,1055
soc_trang,severe,Reactive+T2,8,320.0,mid,0.05,2024,2160,431,0,39.6722,320.0,8,24,6,16,1,60.0,0,1831,2.577,3,0,2,1235,1072
soc_trang,severe,Reactive+T2,9,320.0,mid,0.05,2024,2160,339,0,28.0378,320.0,6,15,6,9,0,0.0,0,1804,0.0,3,0,2,1086,923
soc_trang,severe,Reactive+blindARQ,0,320.0,mid,0.05,2024,2160,291,0,21.7763,320.0,6,42,6,36,0,0.0,0,1861,4.6207,3,0,2,1065,922
soc_trang,severe,Reactive+blindARQ,1,320.0,mid,0.05,2024,2160,504,0,49.016,320.0,5,20,6,15,1,60.0,0,1864,2.3002,3,0,2,1229,1057
soc_trang,severe,Reactive+blindARQ,2,320.0,mid,0.05,2024,2160,650,0,71.5494,320.0,4,12,6,8,3,140.0,0,1857,1.3542,3,0,2,1397,1203
soc_trang,severe,Reactive+blindARQ,3,320.0,mid,0.05,2024,2160,650,0,71.5494,320.0,4,19,6,15,3,140.0,0,1824,2.5224,3,0,2,1397,1209
soc_trang,severe,Reactive+blindARQ,4,320.0,mid,0.05,2024,2160,503,0,48.8337,320.0,5,25,6,20,1,60.0,0,1831,2.1611,3,0,2,1228,1063
soc_trang,severe,Reactive+blindARQ,5,320.0,mid,0.05,2024,2160,504,0,49.0173,320.0,5,18,6,13,2,80.0,0,1826,1.3472,3,0,2,1229,1050
soc_trang,severe,Reactive+blindARQ,6,320.0,mid,0.05,2024,2160,821,0,94.2288,320.0,3,24,6,21,3,180.0,0,1835,1.7716,2,0,1,1585,1366
soc_trang,severe,Reactive+blindARQ,7,320.0,mid,0.05,2024,2160,650,0,71.4946,320.0,4,21,6,17,2,120.0,0,1839,1.8472,3,0,2,1399,1209
soc_trang,severe,Reactive+blindARQ,8,320.0,mid,0.05,2024,2160,480,0,45.6995,320.0,5,24,6,19,1,60.0,0,1831,3.4022,3,0,2,1221,1038
soc_trang,severe,Reactive+blindARQ,9,320.0,mid,0.05,2024,2160,504,0,49.016,320.0,5,14,6,9,1,60.0,0,1804,0.0,3,0,2,1229,1053
soc_trang,severe,FixedSchedule,0,320.0,mid,0.05,2024,2160,676,0,75.2175,320.0,6,12,6,6,0,0.0,0,1861,0.0045,1,0,0,1405,1138
soc_trang,severe,FixedSchedule,1,320.0,mid,0.05,2024,2160,796,0,91.2272,320.0,5,21,6,16,1,60.0,0,1864,0.8954,2,0,1,1558,1285
soc_trang,severe,FixedSchedule,2,320.0,mid,0.05,2024,2160,917,0,107.2256,320.0,4,22,6,18,3,140.0,0,1857,11.2232,1,0,0,1672,1387
soc_trang,severe,FixedSchedule,3,320.0,mid,0.05,2024,2160,915,0,106.2784,320.0,4,20,6,16,3,140.0,0,1824,4.1788,1,0,0,1668,1401
soc_trang,severe,FixedSchedule,4,320.0,mid,0.05,2024,2160,796,0,91.233,320.0,5,19,6,14,1,60.0,0,1831,1.2665,2,0,1,1555,1282
soc_trang,severe,FixedSchedule,5,320.0,mid,0.05,2024,2160,842,0,95.9042,320.0,5,16,6,11,2,80.0,0,1826,10.6552,1,0,0,1572,1294
soc_trang,severe,FixedSchedule,6,320.0,mid,0.05,2024,2160,1061,0,122.0654,320.0,3,13,6,10,3,180.0,0,1835,4.0956,1,0,0,1785,1520
soc_trang,severe,FixedSchedule,7,320.0,mid,0.05,2024,2160,915,0,106.1543,320.0,4,28,6,24,2,120.0,0,1839,4.2817,1,0,0,1668,1398
soc_trang,severe,FixedSchedule,8,320.0,mid,0.05,2024,2160,795,0,91.0089,320.0,5,30,6,25,1,60.0,0,1831,7.1694,2,0,1,1565,1292
soc_trang,severe,FixedSchedule,9,320.0,mid,0.05,2024,2160,796,0,91.233,320.0,5,18,6,13,1,60.0,0,1804,0.5911,2,0,1,1555,1282
soc_trang,severe,Oracle,0,320.0,mid,0.05,2024,2160,0,0,0.0,260.0,10,31,10,21,0,0.0,0,1861,2.7673,10,7,3,913,1163
soc_trang,severe,Oracle,1,320.0,mid,0.05,2024,2160,0,0,0.0,260.0,10,29,10,19,0,0.0,0,1864,1.5934,10,7,3,914,1167
soc_trang,severe,Oracle,2,320.0,mid,0.05,2024,2160,0,0,0.0,260.0,10,23,10,13,4,120.0,0,1857,1.7213,10,7,3,908,1164
soc_trang,severe,Oracle,3,320.0,mid,0.05,2024,2160,0,0,0.0,260.0,10,37,10,27,3,80.0,0,1824,2.5437,10,7,3,913,1145
soc_trang,severe,Oracle,4,320.0,mid,0.05,2024,2160,0,0,0.0,260.0,10,62,10,52,1,40.0,0,1831,3.9598,9,7,2,890,1181
soc_trang,severe,Oracle,5,320.0,mid,0.05,2024,2160,0,0,0.0,260.0,10,26,10,16,2,60.0,0,1826,1.4272,10,7,3,911,1166
soc_trang,severe,Oracle,6,320.0,mid,0.05,2024,2160,0,0,0.0,260.0,10,24,10,14,4,120.0,0,1835,2.0466,10,7,3,909,1164
soc_trang,severe,Oracle,7,320.0,mid,0.05,2024,2160,0,0,0.0,260.0,10,28,10,18,1,20.0,0,1839,2.4244,10,7,3,913,1175
soc_trang,severe,Oracle,8,320.0,mid,0.05,2024,2160,0,0,0.0,260.0,10,39,10,29,0,0.0,0,1831,1.8744,10,7,3,917,1148
soc_trang,severe,Oracle,9,320.0,mid,0.05,2024,2160,0,0,0.0,260.0,10,31,10,21,0,0.0,0,1804,2.9482,10,7,3,915,1174
soc_trang,severe,TwinGate+T2+centre,0,320.0,mid,0.05,2024,2160,0,0,0.0,320.0,18,41,16,23,3,60.0,72,1861,1.2909,9,0,8,797,862
soc_trang,severe,TwinGate+T2+centre,1,320.0,mid,0.05,2024,2160,0,0,0.0,320.0,22,62,16,40,3,60.0,68,1864,1.5535,12,0,11,927,1020
soc_trang,severe,TwinGate+T2+centre,2,320.0,mid,0.05,2024,2160,0,0,0.0,320.0,17,59,16,42,3,60.0,73,1857,1.4907,10,0,9,807,811
soc_trang,severe,TwinGate+T2+centre,3,320.0,mid,0.05,2024,2160,7,0,0.0069,320.0,21,70,16,49,6,120.0,69,1824,1.9357,6,1,5,239,601
soc_trang,severe,TwinGate+T2+centre,4,320.0,mid,0.05,2024,2160,0,0,0.0,320.0,18,49,16,31,4,80.0,72,1831,1.4275,11,0,10,801,858
soc_trang,severe,TwinGate+T2+centre,5,320.0,mid,0.05,2024,2160,0,0,0.0,320.0,15,38,16,23,5,100.0,75,1826,1.4295,11,0,10,793,830
soc_trang,severe,TwinGate+T2+centre,6,320.0,mid,0.05,2024,2160,0,0,0.0,320.0,13,39,16,26,7,140.0,77,1835,1.7731,8,0,7,860,872
soc_trang,severe,TwinGate+T2+centre,7,320.0,mid,0.05,2024,2160,0,0,0.0,320.0,15,42,16,27,5,100.0,75,1839,1.2171,8,0,7,784,816
soc_trang,severe,TwinGate+T2+centre,8,320.0,mid,0.05,2024,2160,0,0,0.0,320.0,17,33,16,16,2,40.0,73,1831,1.1386,10,0,9,801,842
soc_trang,severe,TwinGate+T2+centre,9,320.0,mid,0.05,2024,2160,0,0,0.0,320.0,14,31,16,17,3,60.0,76,1804,1.1383,11,0,10,769,798
soc_trang,severe,TwinGate+T2,0,320.0,narrow,0.1,2024,2160,0,0,0.0,300.0,19,54,15,35,2,40.0,71,1861,1.291,14,0,14,526,996
soc_trang,severe,TwinGate+T2,1,320.0,narrow,0.1,2024,2160,0,0,0.0,320.0,15,39,16,24,4,80.0,75,1864,0.9623,14,0,14,418,995
soc_trang,severe,TwinGate+T2,2,320.0,narrow,0.1,2024,2160,0,0,0.0,320.0,14,38,16,24,5,100.0,76,1857,1.4907,13,0,13,399,973
soc_trang,severe,TwinGate+T2,3,320.0,narrow,0.1,2024,2160,103,0,3.4417,320.0,15,46,15,31,5,100.0,75,1824,1.6666,11,1,10,546,838
soc_trang,severe,TwinGate+T2,4,320.0,narrow,0.1,2024,2160,0,0,0.0,320.0,15,38,16,23,4,80.0,75,1831,1.2351,13,0,13,331,703
soc_trang,severe,TwinGate+T2,5,320.0,narrow,0.1,2024,2160,0,0,0.0,320.0,11,26,16,15,6,120.0,79,1826,0.9687,12,0,11,969,982
soc_trang,severe,TwinGate+T2,6,320.0,narrow,0.1,2024,2160,0,0,0.0,320.0,12,37,16,25,9,180.0,78,1835,1.5064,11,0,10,948,951
soc_trang,severe,TwinGate+T2,7,320.0,narrow,0.1,2024,2160,103,0,3.4417,300.0,16,47,13,31,2,60.0,74,1839,1.6101,11,1,10,555,899
soc_trang,severe,TwinGate+T2,8,320.0,narrow,0.1,2024,2160,157,0,7.9093,260.0,19,53,12,34,2,40.0,71,1831,1.291,11,1,10,652,1178
soc_trang,severe,TwinGate+T2,9,320.0,narrow,0.1,2024,2160,127,0,6.111,280.0,16,34,13,18,1,20.0,74,1804,1.291,12,1,11,633,956
soc_trang,severe,TwinGate+blindARQ,0,320.0,narrow,0.1,2024,2160,0,0,0.0,320.0,13,36,16,23,3,60.0,77,1861,1.1386,13,0,13,411,788
soc_trang,severe,TwinGate+blindARQ,1,320.0,narrow,0.1,2024,2160,0,0,0.0,320.0,12,50,16,38,4,80.0,78,1864,1.8413,13,0,12,1057,1097
soc_trang,severe,TwinGate+blindARQ,2,320.0,narrow,0.1,2024,2160,219,0,12.7271,320.0,8,50,16,42,8,160.0,82,1857,1.8477,9,0,8,1171,1080
soc_trang,severe,TwinGate+blindARQ,3,320.0,narrow,0.1,2024,2160,0,0,0.0,320.0,8,69,16,61,8,160.0,82,1824,2.5039,9,0,8,979,913
soc_trang,severe,TwinGate+blindARQ,4,320.0,narrow,0.1,2024,2160,0,0,0.0,320.0,11,49,16,38,5,100.0,79,1831,1.8262,12,0,11,953,964
soc_trang,severe,TwinGate+blindARQ,5,320.0,narrow,0.1,2024,2160,45,0,0.255,320.0,9,48,16,39,7,140.0,81,1826,1.6531,10,0,9,1014,960
soc_trang,severe,TwinGate+blindARQ,6,320.0,narrow,0.1,2024,2160,216,0,11.8545,320.0,7,71,16,64,9,180.0,83,1835,2.2958,8,0,7,1116,1020
soc_trang,severe,TwinGate+blindARQ,7,320.0,narrow,0.1,2024,2160,0,0,0.0,320.0,10,53,16,43,6,120.0,80,1839,2.8938,10,0,10,301,654
soc_trang,severe,TwinGate+blindARQ,8,320.0,narrow,0.1,2024,2160,0,0,0.0,320.0,14,37,16,23,2,40.0,76,1831,1.0541,14,0,14,358,743
soc_trang,severe,TwinGate+blindARQ,9,320.0,narrow,0.1,2024,2160,0,0,0.0,320.0,13,47,16,34,3,60.0,77,1804,2.1433,13,0,13,341,701
soc_trang,severe,Reactive+T2,0,320.0,narrow,0.1,2024,2160,264,0,17.1052,320.0,11,26,6,15,0,0.0,0,1861,2.0772,4,0,3,1101,961
soc_trang,severe,Reactive+T2,1,320.0,narrow,0.1,2024,2160,314,0,24.7566,320.0,7,17,6,10,1,60.0,0,1864,0.8583,4,0,3,1076,920
soc_trang,severe,Reactive+T2,2,320.0,narrow,0.1,2024,2160,504,0,49.015,320.0,5,12,6,7,1,60.0,0,1857,1.3476,3,0,2,1228,1049
soc_trang,severe,Reactive+T2,3,320.0,narrow,0.1,2024,2160,392,0,33.3778,320.0,11,38,6,27,2,120.0,0,1824,3.274,3,1,1,1248,1064
soc_trang,severe,Reactive+T2,4,320.0,narrow,0.1,2024,2160,314,0,24.7604,320.0,7,16,6,9,0,0.0,0,1831,1.2392,4,0,3,1078,920
soc_trang,severe,Reactive+T2,5,320.0,narrow,0.1,2024,2160,339,0,28.0474,320.0,6,13,6,7,1,20.0,0,1826,1.3069,3,0,2,1088,920
soc_trang,severe,Reactive+T2,6,320.0,narrow,0.1,2024,2160,414,0,38.8363,320.0,9,28,6,19,1,60.0,0,1835,2.3166,4,0,3,1245,1090
soc_trang,severe,Reactive+T2,7,320.0,narrow,0.1,2024,2160,458,0,42.6286,320.0,7,21,6,14,1,60.0,0,1839,1.8582,3,0,2,1232,1055
soc_trang,severe,Reactive+T2,8,320.0,narrow,0.1,2024,2160,431,0,39.6722,320.0,8,24,6,16,1,60.0,0,1831,2.577,3,0,2,1235,1072
soc_trang,severe,Reactive+T2,9,320.0,narrow,0.1,2024,2160,339,0,28.0378,320.0,6,15,6,9,0,0.0,0,1804,0.0,3,0,2,1086,923
soc_trang,severe,Reactive+blindARQ,0,320.0,narrow,0.1,2024,2160,291,0,21.7763,320.0,6,42,6,36,0,0.0,0,1861,4.6207,3,0,2,1065,922
soc_trang,severe,Reactive+blindARQ,1,320.0,narrow,0.1,2024,2160,504,0,49.016,320.0,5,20,6,15,1,60.0,0,1864,2.3002,3,0,2,1229,1057
soc_trang,severe,Reactive+blindARQ,2,320.0,narrow,0.1,2024,2160,650,0,71.5494,320.0,4,12,6,8,3,140.0,0,1857,1.3542,3,0,2,1397,1203
soc_trang,severe,Reactive+blindARQ,3,320.0,narrow,0.1,2024,2160,650,0,71.5494,320.0,4,19,6,15,3,140.0,0,1824,2.5224,3,0,2,1397,1209
soc_trang,severe,Reactive+blindARQ,4,320.0,narrow,0.1,2024,2160,503,0,48.8337,320.0,5,25,6,20,1,60.0,0,1831,2.1611,3,0,2,1228,1063
soc_trang,severe,Reactive+blindARQ,5,320.0,narrow,0.1,2024,2160,504,0,49.0173,320.0,5,18,6,13,2,80.0,0,1826,1.3472,3,0,2,1229,1050
soc_trang,severe,Reactive+blindARQ,6,320.0,narrow,0.1,2024,2160,821,0,94.2288,320.0,3,24,6,21,3,180.0,0,1835,1.7716,2,0,1,1585,1366
soc_trang,severe,Reactive+blindARQ,7,320.0,narrow,0.1,2024,2160,650,0,71.4946,320.0,4,21,6,17,2,120.0,0,1839,1.8472,3,0,2,1399,1209
soc_trang,severe,Reactive+blindARQ,8,320.0,narrow,0.1,2024,2160,480,0,45.6995,320.0,5,24,6,19,1,60.0,0,1831,3.4022,3,0,2,1221,1038
soc_trang,severe,Reactive+blindARQ,9,320.0,narrow,0.1,2024,2160,504,0,49.016,320.0,5,14,6,9,1,60.0,0,1804,0.0,3,0,2,1229,1053
soc_trang,severe,FixedSchedule,0,320.0,narrow,0.1,2024,2160,676,0,75.2175,320.0,6,12,6,6,0,0.0,0,1861,0.0045,1,0,0,1405,1138
soc_trang,severe,FixedSchedule,1,320.0,narrow,0.1,2024,2160,796,0,91.2272,320.0,5,21,6,16,1,60.0,0,1864,0.8954,2,0,1,1558,1285
soc_trang,severe,FixedSchedule,2,320.0,narrow,0.1,2024,2160,917,0,107.2256,320.0,4,22,6,18,3,140.0,0,1857,11.2232,1,0,0,1672,1387
soc_trang,severe,FixedSchedule,3,320.0,narrow,0.1,2024,2160,915,0,106.2784,320.0,4,20,6,16,3,140.0,0,1824,4.1788,1,0,0,1668,1401
soc_trang,severe,FixedSchedule,4,320.0,narrow,0.1,2024,2160,796,0,91.233,320.0,5,19,6,14,1,60.0,0,1831,1.2665,2,0,1,1555,1282
soc_trang,severe,FixedSchedule,5,320.0,narrow,0.1,2024,2160,842,0,95.9042,320.0,5,16,6,11,2,80.0,0,1826,10.6552,1,0,0,1572,1294
soc_trang,severe,FixedSchedule,6,320.0,narrow,0.1,2024,2160,1061,0,122.0654,320.0,3,13,6,10,3,180.0,0,1835,4.0956,1,0,0,1785,1520
soc_trang,severe,FixedSchedule,7,320.0,narrow,0.1,2024,2160,915,0,106.1543,320.0,4,28,6,24,2,120.0,0,1839,4.2817,1,0,0,1668,1398
soc_trang,severe,FixedSchedule,8,320.0,narrow,0.1,2024,2160,795,0,91.0089,320.0,5,30,6,25,1,60.0,0,1831,7.1694,2,0,1,1565,1292
soc_trang,severe,FixedSchedule,9,320.0,narrow,0.1,2024,2160,796,0,91.233,320.0,5,18,6,13,1,60.0,0,1804,0.5911,2,0,1,1555,1282
soc_trang,severe,Oracle,0,320.0,narrow,0.1,2024,2160,0,0,0.0,260.0,10,31,10,21,0,0.0,0,1861,2.7673,10,7,3,913,1163
soc_trang,severe,Oracle,1,320.0,narrow,0.1,2024,2160,0,0,0.0,260.0,10,29,10,19,0,0.0,0,1864,1.5934,10,7,3,914,1167
soc_trang,severe,Oracle,2,320.0,narrow,0.1,2024,2160,0,0,0.0,260.0,10,23,10,13,4,120.0,0,1857,1.7213,10,7,3,908,1164
soc_trang,severe,Oracle,3,320.0,narrow,0.1,2024,2160,0,0,0.0,260.0,10,37,10,27,3,80.0,0,1824,2.5437,10,7,3,913,1145
soc_trang,severe,Oracle,4,320.0,narrow,0.1,2024,2160,0,0,0.0,260.0,10,62,10,52,1,40.0,0,1831,3.9598,9,7,2,890,1181
soc_trang,severe,Oracle,5,320.0,narrow,0.1,2024,2160,0,0,0.0,260.0,10,26,10,16,2,60.0,0,1826,1.4272,10,7,3,911,1166
soc_trang,severe,Oracle,6,320.0,narrow,0.1,2024,2160,0,0,0.0,260.0,10,24,10,14,4,120.0,0,1835,2.0466,10,7,3,909,1164
soc_trang,severe,Oracle,7,320.0,narrow,0.1,2024,2160,0,0,0.0,260.0,10,28,10,18,1,20.0,0,1839,2.4244,10,7,3,913,1175
soc_trang,severe,Oracle,8,320.0,narrow,0.1,2024,2160,0,0,0.0,260.0,10,39,10,29,0,0.0,0,1831,1.8744,10,7,3,917,1148
soc_trang,severe,Oracle,9,320.0,narrow,0.1,2024,2160,0,0,0.0,260.0,10,31,10,21,0,0.0,0,1804,2.9482,10,7,3,915,1174
soc_trang,severe,TwinGate+T2+centre,0,320.0,narrow,0.1,2024,2160,0,0,0.0,300.0,19,54,15,35,2,40.0,71,1861,1.291,14,0,14,526,996
soc_trang,severe,TwinGate+T2+centre,1,320.0,narrow,0.1,2024,2160,0,0,0.0,320.0,15,39,16,24,4,80.0,75,1864,0.9623,14,0,14,418,995
soc_trang,severe,TwinGate+T2+centre,2,320.0,narrow,0.1,2024,2160,0,0,0.0,320.0,14,38,16,24,5,100.0,76,1857,1.4907,13,0,13,399,973
soc_trang,severe,TwinGate+T2+centre,3,320.0,narrow,0.1,2024,2160,103,0,3.4417,320.0,15,46,15,31,5,100.0,75,1824,1.6666,11,1,10,546,838
soc_trang,severe,TwinGate+T2+centre,4,320.0,narrow,0.1,2024,2160,0,0,0.0,320.0,15,38,16,23,4,80.0,75,1831,1.2351,13,0,13,331,703
soc_trang,severe,TwinGate+T2+centre,5,320.0,narrow,0.1,2024,2160,0,0,0.0,320.0,11,26,16,15,6,120.0,79,1826,0.9687,12,0,11,969,982
soc_trang,severe,TwinGate+T2+centre,6,320.0,narrow,0.1,2024,2160,0,0,0.0,320.0,12,37,16,25,9,180.0,78,1835,1.5064,11,0,10,948,951
soc_trang,severe,TwinGate+T2+centre,7,320.0,narrow,0.1,2024,2160,103,0,3.4417,300.0,16,47,13,31,2,60.0,74,1839,1.6101,11,1,10,555,899
soc_trang,severe,TwinGate+T2+centre,8,320.0,narrow,0.1,2024,2160,157,0,7.9093,260.0,19,53,12,34,2,40.0,71,1831,1.291,11,1,10,652,1178
soc_trang,severe,TwinGate+T2+centre,9,320.0,narrow,0.1,2024,2160,127,0,6.111,280.0,16,34,13,18,1,20.0,74,1804,1.291,12,1,11,633,956
soc_trang,severe,TwinGate+T2,0,400.0,awd,0.02,2024,2160,0,0,0.0,320.0,19,47,16,28,3,60.0,71,1861,1.291,12,2,10,404,809
soc_trang,severe,TwinGate+T2,1,400.0,awd,0.02,2024,2160,0,0,0.0,320.0,19,48,16,29,3,60.0,71,1864,1.4907,12,1,11,438,894
soc_trang,severe,TwinGate+T2,2,400.0,awd,0.02,2024,2160,0,0,0.0,320.0,11,27,16,16,8,160.0,79,1857,1.1695,11,4,7,576,1069
soc_trang,severe,TwinGate+T2,3,400.0,awd,0.02,2024,2160,7,0,0.0069,320.0,14,39,16,25,7,140.0,76,1824,1.6978,10,2,8,422,713
soc_trang,severe,TwinGate+T2,4,400.0,awd,0.02,2024,2160,0,0,0.0,320.0,14,29,16,15,4,80.0,76,1831,1.1395,10,2,8,319,634
soc_trang,severe,TwinGate+T2,5,400.0,awd,0.02,2024,2160,0,0,0.0,340.0,12,37,17,25,7,140.0,78,1826,1.6101,8,1,7,395,737
soc_trang,severe,TwinGate+T2,6,400.0,awd,0.02,2024,2160,0,0,0.0,340.0,9,27,17,18,10,200.0,81,1835,1.5726,8,6,2,628,909
soc_trang,severe,TwinGate+T2,7,400.0,awd,0.02,2024,2160,0,0,0.0,360.0,12,37,18,25,7,140.0,78,1839,1.7737,9,1,8,297,593
soc_trang,severe,TwinGate+T2,8,400.0,awd,0.02,2024,2160,0,0,0.0,340.0,19,46,17,27,2,40.0,71,1831,1.3608,10,1,9,393,777
soc_trang,severe,TwinGate+T2,9,400.0,awd,0.02,2024,2160,0,0,0.0,320.0,19,42,16,23,3,60.0,71,1804,1.3608,8,1,7,368,790
soc_trang,severe,TwinGate+blindARQ,0,400.0,awd,0.02,2024,2160,0,0,0.0,320.0,13,46,16,33,3,60.0,77,1861,1.6666,10,1,9,331,704
soc_trang,severe,TwinGate+blindARQ,1,400.0,awd,0.02,2024,2160,0,0,0.0,340.0,13,52,17,39,4,80.0,77,1864,1.6922,11,2,9,459,832
soc_trang,severe,TwinGate+blindARQ,2,400.0,awd,0.02,2024,2160,0,0,0.0,340.0,9,65,17,56,8,160.0,81,1857,3.2049,9,8,1,830,1062
soc_trang,severe,TwinGate+blindARQ,3,400.0,awd,0.02,2024,2160,0,0,0.0,360.0,9,55,18,46,9,180.0,81,1824,2.558,9,3,6,521,765
soc_trang,severe,TwinGate+blindARQ,4,400.0,awd,0.02,2024,2160,0,0,0.0,320.0,11,31,16,20,5,100.0,79,1831,1.7963,11,2,9,386,966
soc_trang,severe,TwinGate+blindARQ,5,400.0,awd,0.02,2024,2160,0,0,0.0,340.0,9,40,17,31,8,160.0,81,1826,2.0715,9,3,6,508,816
soc_trang,severe,TwinGate+blindARQ,6,400.0,awd,0.02,2024,2160,0,0,0.0,380.0,7,49,19,42,12,240.0,83,1835,2.1873,8,6,1,1249,1139
soc_trang,severe,TwinGate+blindARQ,7,400.0,awd,0.02,2024,2160,0,0,0.0,360.0,10,47,18,37,8,160.0,80,1839,2.7287,7,2,5,272,558
soc_trang,severe,TwinGate+blindARQ,8,400.0,awd,0.02,2024,2160,0,0,0.0,340.0,14,71,17,57,3,60.0,76,1831,3.1428,12,1,11,357,721
soc_trang,severe,TwinGate+blindARQ,9,400.0,awd,0.02,2024,2160,0,0,0.0,320.0,13,42,16,29,3,60.0,77,1804,1.6667,12,1,11,344,692
soc_trang,severe,Reactive+T2,0,400.0,awd,0.02,2024,2160,0,0,0.0,400.0,12,27,7,15,0,0.0,0,1861,2.4954,4,0,3,835,727
soc_trang,severe,Reactive+T2,1,400.0,awd,0.02,2024,2160,52,0,0.7483,400.0,8,20,7,12,1,60.0,0,1864,0.8583,5,0,4,849,718
soc_trang,severe,Reactive+T2,2,400.0,awd,0.02,2024,2160,413,0,38.4575,400.0,5,13,7,8,2,120.0,0,1857,1.5345,3,0,2,1158,978
soc_trang,severe,Reactive+T2,3,400.0,awd,0.02,2024,2160,133,0,4.3672,400.0,12,43,7,31,2,120.0,0,1824,3.3714,3,1,1,998,840
soc_trang,severe,Reactive+T2,4,400.0,awd,0.02,2024,2160,52,0,0.763,400.0,8,17,7,9,0,0.0,0,1831,1.5088,5,0,4,849,716
soc_trang,severe,Reactive+T2,5,400.0,awd,0.02,2024,2160,267,0,18.5267,400.0,6,15,7,9,2,100.0,0,1826,1.234,3,0,2,1015,847
soc_trang,severe,Reactive+T2,6,400.0,awd,0.02,2024,2160,150,0,6.7459,400.0,10,31,7,21,1,60.0,0,1835,2.7326,4,0,3,985,862
soc_trang,severe,Reactive+T2,7,400.0,awd,0.02,2024,2160,212,0,10.4608,400.0,10,30,7,20,1,60.0,0,1839,2.4978,4,0,3,1027,876
soc_trang,severe,Reactive+T2,8,400.0,awd,0.02,2024,2160,179,0,9.4354,400.0,9,26,7,17,1,60.0,0,1831,2.577,3,0,2,1010,866
soc_trang,severe,Reactive+T2,9,400.0,awd,0.02,2024,2160,76,0,1.9887,400.0,7,17,7,10,0,0.0,0,1804,1.2171,4,0,3,860,721
soc_trang,severe,Reactive+blindARQ,0,400.0,awd,0.02,2024,2160,1,0,0.0002,400.0,7,46,7,39,0,0.0,0,1861,4.6207,4,0,3,838,721
soc_trang,severe,Reactive+blindARQ,1,400.0,awd,0.02,2024,2160,267,0,18.3808,400.0,6,28,7,22,1,60.0,0,1864,2.8529,3,0,2,1012,859
soc_trang,severe,Reactive+blindARQ,2,400.0,awd,0.02,2024,2160,579,0,61.2154,400.0,4,14,7,10,4,220.0,0,1857,1.5457,3,0,2,1306,1127
soc_trang,severe,Reactive+blindARQ,3,400.0,awd,0.02,2024,2160,579,0,61.2154,400.0,4,21,7,17,4,220.0,0,1824,2.4854,3,0,2,1306,1133
soc_trang,severe,Reactive+blindARQ,4,400.0,awd,0.02,2024,2160,262,0,16.6215,400.0,6,26,7,20,1,60.0,0,1831,2.8558,4,0,3,1000,860
soc_trang,severe,Reactive+blindARQ,5,400.0,awd,0.02,2024,2160,413,0,38.4732,400.0,5,20,7,15,3,160.0,0,1826,1.2766,3,0,2,1159,979
soc_trang,severe,Reactive+blindARQ,6,400.0,awd,0.02,2024,2160,578,0,60.856,400.0,4,25,7,21,4,220.0,0,1835,2.7104,2,0,1,1304,1132
soc_trang,severe,Reactive+blindARQ,7,400.0,awd,0.02,2024,2160,413,0,38.4575,400.0,5,24,7,19,2,120.0,0,1839,2.0136,3,0,2,1160,984
soc_trang,severe,Reactive+blindARQ,8,400.0,awd,0.02,2024,2160,243,0,15.2043,400.0,6,31,7,25,1,60.0,0,1831,3.704,3,0,2,1002,840
soc_trang,severe,Reactive+blindARQ,9,400.0,awd,0.02,2024,2160,267,0,18.5107,400.0,6,16,7,10,1,60.0,0,1804,0.8418,3,0,2,1013,850
soc_trang,severe,FixedSchedule,0,400.0,awd,0.02,2024,2160,508,0,50.8455,400.0,7,13,7,6,0,0.0,0,1861,0.0045,1,0,0,1213,944
soc_trang,severe,FixedSchedule,1,400.0,awd,0.02,2024,2160,602,0,64.4016,400.0,6,26,7,20,1,60.0,0,1864,1.4757,2,0,1,1335,1069
soc_trang,severe,FixedSchedule,2,400.0,awd,0.02,2024,2160,917,0,107.2256,400.0,4,23,7,19,4,220.0,0,1857,11.225,1,0,0,1672,1387
soc_trang,severe,FixedSchedule,3,400.0,awd,0.02,2024,2160,822,0,94.5134,400.0,4,28,7,24,4,220.0,0,1824,1.2629,2,0,1,1580,1310
soc_trang,severe,FixedSchedule,4,400.0,awd,0.02,2024,2160,602,0,64.4746,400.0,6,23,7,17,1,60.0,0,1831,9.5013,2,0,1,1337,1069
soc_trang,severe,FixedSchedule,5,400.0,awd,0.02,2024,2160,721,0,80.6868,400.0,5,24,7,19,2,120.0,0,1826,1.5502,2,0,1,1465,1193
soc_trang,severe,FixedSchedule,6,400.0,awd,0.02,2024,2160,843,0,96.3163,400.0,4,21,7,17,4,220.0,0,1835,9.4738,1,0,0,1592,1326
soc_trang,severe,FixedSchedule,7,400.0,awd,0.02,2024,2160,842,0,95.9042,400.0,5,30,7,25,3,160.0,0,1839,4.5577,1,0,0,1572,1294
soc_trang,severe,FixedSchedule,8,400.0,awd,0.02,2024,2160,605,0,65.7183,400.0,6,20,7,14,1,60.0,0,1831,0.0062,1,0,0,1331,1047
soc_trang,severe,FixedSchedule,9,400.0,awd,0.02,2024,2160,605,0,65.7183,400.0,6,19,7,13,1,60.0,0,1804,9.6398,1,0,0,1331,1047
soc_trang,severe,Oracle,0,400.0,awd,0.02,2024,2160,0,0,0.0,340.0,12,41,12,29,0,0.0,0,1861,2.2776,6,1,5,254,574
soc_trang,severe,Oracle,1,400.0,awd,0.02,2024,2160,0,0,0.0,340.0,12,31,12,19,0,0.0,0,1864,1.7554,6,1,5,256,563
soc_trang,severe,Oracle,2,400.0,awd,0.02,2024,2160,0,0,0.0,340.0,12,34,12,22,2,40.0,0,1857,2.4721,6,1,5,257,552
soc_trang,severe,Oracle,3,400.0,awd,0.02,2024,2160,0,0,0.0,340.0,12,34,12,22,4,120.0,0,1824,2.9754,6,1,5,264,555
soc_trang,severe,Oracle,4,400.0,awd,0.02,2024,2160,0,0,0.0,340.0,12,48,12,36,1,20.0,0,1831,2.8713,7,1,6,255,565
soc_trang,severe,Oracle,5,400.0,awd,0.02,2024,2160,0,0,0.0,340.0,12,25,12,13,2,40.0,0,1826,1.6101,6,1,5,248,561
soc_trang,severe,Oracle,6,400.0,awd,0.02,2024,2160,0,0,0.0,340.0,12,28,12,16,2,60.0,0,1835,2.0424,6,1,5,248,557
soc_trang,severe,Oracle,7,400.0,awd,0.02,2024,2160,0,0,0.0,340.0,12,41,12,29,1,20.0,0,1839,2.315,6,1,5,259,575
soc_trang,severe,Oracle,8,400.0,awd,0.02,2024,2160,0,0,0.0,340.0,12,30,12,18,0,0.0,0,1831,2.2367,6,1,5,258,552
soc_trang,severe,Oracle,9,400.0,awd,0.02,2024,2160,0,0,0.0,340.0,12,47,12,35,0,0.0,0,1804,3.358,6,1,5,261,554
soc_trang,severe,TwinGate+T2+centre,0,400.0,awd,0.02,2024,2160,0,0,0.0,340.0,19,43,17,24,3,60.0,71,1861,1.2909,9,0,9,175,584
soc_trang,severe,TwinGate+T2+centre,1,400.0,awd,0.02,2024,2160,0,0,0.0,340.0,23,65,17,42,3,60.0,67,1864,1.5535,11,0,11,287,698
soc_trang,severe,TwinGate+T2+centre,2,400.0,awd,0.02,2024,2160,0,0,0.0,340.0,18,63,17,45,3,60.0,72,1857,1.4907,9,0,9,172,510
soc_trang,severe,TwinGate+T2+centre,3,400.0,awd,0.02,2024,2160,7,0,0.0069,320.0,21,70,16,49,6,120.0,69,1824,1.9357,6,1,5,239,601
soc_trang,severe,TwinGate+T2+centre,4,400.0,awd,0.02,2024,2160,0,0,0.0,360.0,19,52,18,33,5,100.0,71,1831,1.491,11,0,11,178,581
soc_trang,severe,TwinGate+T2+centre,5,400.0,awd,0.02,2024,2160,0,0,0.0,340.0,15,40,17,25,6,120.0,75,1826,1.4295,10,0,10,138,473
soc_trang,severe,TwinGate+T2+centre,6,400.0,awd,0.02,2024,2160,0,0,0.0,400.0,14,43,20,29,10,200.0,76,1835,1.8749,7,0,7,128,469
soc_trang,severe,TwinGate+T2+centre,7,400.0,awd,0.02,2024,2160,0,0,0.0,340.0,16,46,17,30,5,100.0,74,1839,1.3608,8,0,8,138,493
soc_trang,severe,TwinGate+T2+centre,8,400.0,awd,0.02,2024,2160,0,0,0.0,340.0,18,37,17,19,2,40.0,72,1831,1.2172,9,0,9,165,537
soc_trang,severe,TwinGate+T2+centre,9,400.0,awd,0.02,2024,2160,0,0,0.0,340.0,15,34,17,19,3,60.0,75,1804,1.1383,11,0,11,124,476
soc_trang,severe,TwinGate+T2,0,400.0,mid,0.05,2024,2160,0,0,0.0,320.0,19,43,16,24,3,60.0,71,1861,1.3608,12,1,11,403,773
soc_trang,severe,TwinGate+T2,1,400.0,mid,0.05,2024,2160,0,0,0.0,340.0,18,55,17,37,3,60.0,72,1864,1.4276,10,2,8,414,785
soc_trang,severe,TwinGate+T2,2,400.0,mid,0.05,2024,2160,0,0,0.0,320.0,15,44,16,29,6,120.0,75,1857,1.4317,12,1,11,576,1153
soc_trang,severe,TwinGate+T2,3,400.0,mid,0.05,2024,2160,7,0,0.0069,320.0,18,55,16,37,7,140.0,72,1824,1.9983,10,2,8,422,713
soc_trang,severe,TwinGate+T2,4,400.0,mid,0.05,2024,2160,0,0,0.0,320.0,16,37,16,21,4,80.0,74,1831,1.3617,11,1,10,329,619
soc_trang,severe,TwinGate+T2,5,400.0,mid,0.05,2024,2160,0,0,0.0,340.0,13,42,17,29,6,120.0,77,1826,1.2913,11,0,11,405,1058
soc_trang,severe,TwinGate+T2,6,400.0,mid,0.05,2024,2160,0,0,0.0,360.0,11,30,18,19,9,180.0,79,1835,1.6803,11,0,11,455,748
soc_trang,severe,TwinGate+T2,7,400.0,mid,0.05,2024,2160,0,0,0.0,360.0,14,47,18,33,7,140.0,76,1839,1.8834,9,1,8,284,609
soc_trang,severe,TwinGate+T2,8,400.0,mid,0.05,2024,2160,0,0,0.0,340.0,22,56,17,34,2,40.0,68,1831,1.6101,10,1,9,359,782
soc_trang,severe,TwinGate+T2,9,400.0,mid,0.05,2024,2160,0,0,0.0,320.0,14,30,16,16,3,60.0,76,1804,0.8607,10,0,10,326,695
soc_trang,severe,TwinGate+blindARQ,0,400.0,mid,0.05,2024,2160,0,0,0.0,320.0,13,71,16,58,3,60.0,77,1861,3.2686,8,0,8,282,693
soc_trang,severe,TwinGate+blindARQ,1,400.0,mid,0.05,2024,2160,0,0,0.0,360.0,14,58,18,44,4,80.0,76,1864,1.7208,11,1,10,558,971
soc_trang,severe,TwinGate+blindARQ,2,400.0,mid,0.05,2024,2160,0,0,0.0,380.0,11,54,19,43,8,160.0,79,1857,1.6799,11,0,11,479,918
soc_trang,severe,TwinGate+blindARQ,3,400.0,mid,0.05,2024,2160,0,0,0.0,360.0,9,47,18,38,9,180.0,81,1824,1.9897,9,0,9,395,680
soc_trang,severe,TwinGate+blindARQ,4,400.0,mid,0.05,2024,2160,0,0,0.0,360.0,12,39,18,27,6,120.0,78,1831,1.5118,10,1,9,517,840
soc_trang,severe,TwinGate+blindARQ,5,400.0,mid,0.05,2024,2160,0,0,0.0,380.0,10,47,19,37,9,180.0,80,1826,2.0587,10,1,9,594,863
soc_trang,severe,TwinGate+blindARQ,6,400.0,mid,0.05,2024,2160,0,0,0.0,400.0,8,58,20,50,12,240.0,82,1835,2.0899,9,0,8,1079,1054
soc_trang,severe,TwinGate+blindARQ,7,400.0,mid,0.05,2024,2160,0,0,0.0,360.0,10,38,18,28,8,160.0,80,1839,1.8997,10,0,10,322,593
soc_trang,severe,TwinGate+blindARQ,8,400.0,mid,0.05,2024,2160,0,0,0.0,340.0,14,77,17,63,3,60.0,76,1831,3.2531,12,0,12,331,713
soc_trang,severe,TwinGate+blindARQ,9,400.0,mid,0.05,2024,2160,0,0,0.0,320.0,13,39,16,26,3,60.0,77,1804,1.4907,8,0,8,300,724
soc_trang,severe,Reactive+T2,0,400.0,mid,0.05,2024,2160,0,0,0.0,400.0,12,27,7,15,0,0.0,0,1861,2.4954,4,0,3,835,727
soc_trang,severe,Reactive+T2,1,400.0,mid,0.05,2024,2160,52,0,0.7483,400.0,8,20,7,12,1,60.0,0,1864,0.8583,5,0,4,849,718
soc_trang,severe,Reactive+T2,2,400.0,mid,0.05,2024,2160,413,0,38.4575,400.0,5,13,7,8,2,120.0,0,1857,1.5345,3,0,2,1158,978
soc_trang,severe,Reactive+T2,3,400.0,mid,0.05,2024,2160,133,0,4.3672,400.0,12,43,7,31,2,120.0,0,1824,3.3714,3,1,1,998,840
soc_trang,severe,Reactive+T2,4,400.0,mid,0.05,2024,2160,52,0,0.763,400.0,8,17,7,9,0,0.0,0,1831,1.5088,5,0,4,849,716
soc_trang,severe,Reactive+T2,5,400.0,mid,0.05,2024,2160,267,0,18.5267,400.0,6,15,7,9,2,100.0,0,1826,1.234,3,0,2,1015,847
soc_trang,severe,Reactive+T2,6,400.0,mid,0.05,2024,2160,150,0,6.7459,400.0,10,31,7,21,1,60.0,0,1835,2.7326,4,0,3,985,862
soc_trang,severe,Reactive+T2,7,400.0,mid,0.05,2024,2160,212,0,10.4608,400.0,10,30,7,20,1,60.0,0,1839,2.4978,4,0,3,1027,876
soc_trang,severe,Reactive+T2,8,400.0,mid,0.05,2024,2160,179,0,9.4354,400.0,9,26,7,17,1,60.0,0,1831,2.577,3,0,2,1010,866
soc_trang,severe,Reactive+T2,9,400.0,mid,0.05,2024,2160,76,0,1.9887,400.0,7,17,7,10,0,0.0,0,1804,1.2171,4,0,3,860,721
soc_trang,severe,Reactive+blindARQ,0,400.0,mid,0.05,2024,2160,1,0,0.0002,400.0,7,46,7,39,0,0.0,0,1861,4.6207,4,0,3,838,721
soc_trang,severe,Reactive+blindARQ,1,400.0,mid,0.05,2024,2160,267,0,18.3808,400.0,6,28,7,22,1,60.0,0,1864,2.8529,3,0,2,1012,859
soc_trang,severe,Reactive+blindARQ,2,400.0,mid,0.05,2024,2160,579,0,61.2154,400.0,4,14,7,10,4,220.0,0,1857,1.5457,3,0,2,1306,1127
soc_trang,severe,Reactive+blindARQ,3,400.0,mid,0.05,2024,2160,579,0,61.2154,400.0,4,21,7,17,4,220.0,0,1824,2.4854,3,0,2,1306,1133
soc_trang,severe,Reactive+blindARQ,4,400.0,mid,0.05,2024,2160,262,0,16.6215,400.0,6,26,7,20,1,60.0,0,1831,2.8558,4,0,3,1000,860
soc_trang,severe,Reactive+blindARQ,5,400.0,mid,0.05,2024,2160,413,0,38.4732,400.0,5,20,7,15,3,160.0,0,1826,1.2766,3,0,2,1159,979
soc_trang,severe,Reactive+blindARQ,6,400.0,mid,0.05,2024,2160,578,0,60.856,400.0,4,25,7,21,4,220.0,0,1835,2.7104,2,0,1,1304,1132
soc_trang,severe,Reactive+blindARQ,7,400.0,mid,0.05,2024,2160,413,0,38.4575,400.0,5,24,7,19,2,120.0,0,1839,2.0136,3,0,2,1160,984
soc_trang,severe,Reactive+blindARQ,8,400.0,mid,0.05,2024,2160,243,0,15.2043,400.0,6,31,7,25,1,60.0,0,1831,3.704,3,0,2,1002,840
soc_trang,severe,Reactive+blindARQ,9,400.0,mid,0.05,2024,2160,267,0,18.5107,400.0,6,16,7,10,1,60.0,0,1804,0.8418,3,0,2,1013,850
soc_trang,severe,FixedSchedule,0,400.0,mid,0.05,2024,2160,508,0,50.8455,400.0,7,13,7,6,0,0.0,0,1861,0.0045,1,0,0,1213,944
soc_trang,severe,FixedSchedule,1,400.0,mid,0.05,2024,2160,602,0,64.4016,400.0,6,26,7,20,1,60.0,0,1864,1.4757,2,0,1,1335,1069
soc_trang,severe,FixedSchedule,2,400.0,mid,0.05,2024,2160,917,0,107.2256,400.0,4,23,7,19,4,220.0,0,1857,11.225,1,0,0,1672,1387
soc_trang,severe,FixedSchedule,3,400.0,mid,0.05,2024,2160,822,0,94.5134,400.0,4,28,7,24,4,220.0,0,1824,1.2629,2,0,1,1580,1310
soc_trang,severe,FixedSchedule,4,400.0,mid,0.05,2024,2160,602,0,64.4746,400.0,6,23,7,17,1,60.0,0,1831,9.5013,2,0,1,1337,1069
soc_trang,severe,FixedSchedule,5,400.0,mid,0.05,2024,2160,721,0,80.6868,400.0,5,24,7,19,2,120.0,0,1826,1.5502,2,0,1,1465,1193
soc_trang,severe,FixedSchedule,6,400.0,mid,0.05,2024,2160,843,0,96.3163,400.0,4,21,7,17,4,220.0,0,1835,9.4738,1,0,0,1592,1326
soc_trang,severe,FixedSchedule,7,400.0,mid,0.05,2024,2160,842,0,95.9042,400.0,5,30,7,25,3,160.0,0,1839,4.5577,1,0,0,1572,1294
soc_trang,severe,FixedSchedule,8,400.0,mid,0.05,2024,2160,605,0,65.7183,400.0,6,20,7,14,1,60.0,0,1831,0.0062,1,0,0,1331,1047
soc_trang,severe,FixedSchedule,9,400.0,mid,0.05,2024,2160,605,0,65.7183,400.0,6,19,7,13,1,60.0,0,1804,9.6398,1,0,0,1331,1047
soc_trang,severe,Oracle,0,400.0,mid,0.05,2024,2160,0,0,0.0,340.0,12,41,12,29,0,0.0,0,1861,2.2776,6,1,5,254,574
soc_trang,severe,Oracle,1,400.0,mid,0.05,2024,2160,0,0,0.0,340.0,12,31,12,19,0,0.0,0,1864,1.7554,6,1,5,256,563
soc_trang,severe,Oracle,2,400.0,mid,0.05,2024,2160,0,0,0.0,340.0,12,34,12,22,2,40.0,0,1857,2.4721,6,1,5,257,552
soc_trang,severe,Oracle,3,400.0,mid,0.05,2024,2160,0,0,0.0,340.0,12,34,12,22,4,120.0,0,1824,2.9754,6,1,5,264,555
soc_trang,severe,Oracle,4,400.0,mid,0.05,2024,2160,0,0,0.0,340.0,12,48,12,36,1,20.0,0,1831,2.8713,7,1,6,255,565
soc_trang,severe,Oracle,5,400.0,mid,0.05,2024,2160,0,0,0.0,340.0,12,25,12,13,2,40.0,0,1826,1.6101,6,1,5,248,561
soc_trang,severe,Oracle,6,400.0,mid,0.05,2024,2160,0,0,0.0,340.0,12,28,12,16,2,60.0,0,1835,2.0424,6,1,5,248,557
soc_trang,severe,Oracle,7,400.0,mid,0.05,2024,2160,0,0,0.0,340.0,12,41,12,29,1,20.0,0,1839,2.315,6,1,5,259,575
soc_trang,severe,Oracle,8,400.0,mid,0.05,2024,2160,0,0,0.0,340.0,12,30,12,18,0,0.0,0,1831,2.2367,6,1,5,258,552
soc_trang,severe,Oracle,9,400.0,mid,0.05,2024,2160,0,0,0.0,340.0,12,47,12,35,0,0.0,0,1804,3.358,6,1,5,261,554
soc_trang,severe,TwinGate+T2+centre,0,400.0,mid,0.05,2024,2160,0,0,0.0,340.0,19,43,17,24,3,60.0,71,1861,1.2909,9,0,9,175,584
soc_trang,severe,TwinGate+T2+centre,1,400.0,mid,0.05,2024,2160,0,0,0.0,340.0,23,65,17,42,3,60.0,67,1864,1.5535,11,0,11,287,698
soc_trang,severe,TwinGate+T2+centre,2,400.0,mid,0.05,2024,2160,0,0,0.0,340.0,18,63,17,45,3,60.0,72,1857,1.4907,9,0,9,172,510
soc_trang,severe,TwinGate+T2+centre,3,400.0,mid,0.05,2024,2160,7,0,0.0069,320.0,21,70,16,49,6,120.0,69,1824,1.9357,6,1,5,239,601
soc_trang,severe,TwinGate+T2+centre,4,400.0,mid,0.05,2024,2160,0,0,0.0,360.0,19,52,18,33,5,100.0,71,1831,1.491,11,0,11,178,581
soc_trang,severe,TwinGate+T2+centre,5,400.0,mid,0.05,2024,2160,0,0,0.0,340.0,15,40,17,25,6,120.0,75,1826,1.4295,10,0,10,138,473
soc_trang,severe,TwinGate+T2+centre,6,400.0,mid,0.05,2024,2160,0,0,0.0,400.0,14,43,20,29,10,200.0,76,1835,1.8749,7,0,7,128,469
soc_trang,severe,TwinGate+T2+centre,7,400.0,mid,0.05,2024,2160,0,0,0.0,340.0,16,46,17,30,5,100.0,74,1839,1.3608,8,0,8,138,493
soc_trang,severe,TwinGate+T2+centre,8,400.0,mid,0.05,2024,2160,0,0,0.0,340.0,18,37,17,19,2,40.0,72,1831,1.2172,9,0,9,165,537
soc_trang,severe,TwinGate+T2+centre,9,400.0,mid,0.05,2024,2160,0,0,0.0,340.0,15,34,17,19,3,60.0,75,1804,1.1383,11,0,11,124,476
soc_trang,severe,TwinGate+T2,0,400.0,narrow,0.1,2024,2160,0,0,0.0,300.0,19,54,15,35,2,40.0,71,1861,1.291,14,0,14,526,996
soc_trang,severe,TwinGate+T2,1,400.0,narrow,0.1,2024,2160,0,0,0.0,320.0,15,39,16,24,4,80.0,75,1864,0.9623,14,0,14,418,995
soc_trang,severe,TwinGate+T2,2,400.0,narrow,0.1,2024,2160,0,0,0.0,320.0,14,38,16,24,5,100.0,76,1857,1.4907,13,0,13,399,973
soc_trang,severe,TwinGate+T2,3,400.0,narrow,0.1,2024,2160,103,0,3.4417,340.0,15,47,16,32,6,120.0,75,1824,1.6666,11,1,10,546,838
soc_trang,severe,TwinGate+T2,4,400.0,narrow,0.1,2024,2160,0,0,0.0,320.0,15,38,16,23,4,80.0,75,1831,1.2351,13,0,13,331,703
soc_trang,severe,TwinGate+T2,5,400.0,narrow,0.1,2024,2160,0,0,0.0,380.0,15,38,19,23,7,140.0,75,1826,1.2957,13,0,13,290,664
soc_trang,severe,TwinGate+T2,6,400.0,narrow,0.1,2024,2160,0,0,0.0,380.0,13,41,19,28,11,220.0,77,1835,1.5591,11,0,11,326,667
soc_trang,severe,TwinGate+T2,7,400.0,narrow,0.1,2024,2160,103,0,3.4417,300.0,16,47,13,31,2,60.0,74,1839,1.6101,11,1,10,555,899
soc_trang,severe,TwinGate+T2,8,400.0,narrow,0.1,2024,2160,157,0,7.9093,260.0,19,53,12,34,2,40.0,71,1831,1.291,11,1,10,652,1178
soc_trang,severe,TwinGate+T2,9,400.0,narrow,0.1,2024,2160,127,0,6.111,280.0,16,34,13,18,1,20.0,74,1804,1.291,12,1,11,633,956
soc_trang,severe,TwinGate+blindARQ,0,400.0,narrow,0.1,2024,2160,0,0,0.0,320.0,13,36,16,23,3,60.0,77,1861,1.1386,13,0,13,411,788
soc_trang,severe,TwinGate+blindARQ,1,400.0,narrow,0.1,2024,2160,0,0,0.0,340.0,13,54,17,41,4,80.0,77,1864,1.8413,14,0,13,977,1034
soc_trang,severe,TwinGate+blindARQ,2,400.0,narrow,0.1,2024,2160,0,0,0.0,400.0,12,62,20,50,8,160.0,78,1857,1.8477,12,0,12,348,699
soc_trang,severe,TwinGate+blindARQ,3,400.0,narrow,0.1,2024,2160,0,0,0.0,360.0,9,75,18,66,9,180.0,81,1824,2.5406,9,0,9,239,541
soc_trang,severe,TwinGate+blindARQ,4,400.0,narrow,0.1,2024,2160,0,0,0.0,360.0,12,52,18,40,6,120.0,78,1831,1.8762,12,0,12,330,664
soc_trang,severe,TwinGate+blindARQ,5,400.0,narrow,0.1,2024,2160,0,0,0.0,380.0,10,56,19,46,9,180.0,80,1826,1.9154,10,0,10,229,514
soc_trang,severe,TwinGate+blindARQ,6,400.0,narrow,0.1,2024,2160,75,0,1.7776,400.0,8,88,20,80,12,240.0,82,1835,2.3373,9,0,8,1024,962
soc_trang,severe,TwinGate+blindARQ,7,400.0,narrow,0.1,2024,2160,0,0,0.0,360.0,10,58,18,48,8,160.0,80,1839,2.9326,10,0,10,301,583
soc_trang,severe,TwinGate+blindARQ,8,400.0,narrow,0.1,2024,2160,0,0,0.0,340.0,14,45,17,31,3,60.0,76,1831,1.5813,14,0,14,358,741
soc_trang,severe,TwinGate+blindARQ,9,400.0,narrow,0.1,2024,2160,0,0,0.0,320.0,13,47,16,34,3,60.0,77,1804,2.1433,13,0,13,341,701
soc_trang,severe,Reactive+T2,0,400.0,narrow,0.1,2024,2160,0,0,0.0,400.0,12,27,7,15,0,0.0,0,1861,2.4954,4,0,3,835,727
soc_trang,severe,Reactive+T2,1,400.0,narrow,0.1,2024,2160,52,0,0.7483,400.0,8,20,7,12,1,60.0,0,1864,0.8583,5,0,4,849,718
soc_trang,severe,Reactive+T2,2,400.0,narrow,0.1,2024,2160,413,0,38.4575,400.0,5,13,7,8,2,120.0,0,1857,1.5345,3,0,2,1158,978
soc_trang,severe,Reactive+T2,3,400.0,narrow,0.1,2024,2160,133,0,4.3672,400.0,12,43,7,31,2,120.0,0,1824,3.3714,3,1,1,998,840
soc_trang,severe,Reactive+T2,4,400.0,narrow,0.1,2024,2160,52,0,0.763,400.0,8,17,7,9,0,0.0,0,1831,1.5088,5,0,4,849,716
soc_trang,severe,Reactive+T2,5,400.0,narrow,0.1,2024,2160,267,0,18.5267,400.0,6,15,7,9,2,100.0,0,1826,1.234,3,0,2,1015,847
soc_trang,severe,Reactive+T2,6,400.0,narrow,0.1,2024,2160,150,0,6.7459,400.0,10,31,7,21,1,60.0,0,1835,2.7326,4,0,3,985,862
soc_trang,severe,Reactive+T2,7,400.0,narrow,0.1,2024,2160,212,0,10.4608,400.0,10,30,7,20,1,60.0,0,1839,2.4978,4,0,3,1027,876
soc_trang,severe,Reactive+T2,8,400.0,narrow,0.1,2024,2160,179,0,9.4354,400.0,9,26,7,17,1,60.0,0,1831,2.577,3,0,2,1010,866
soc_trang,severe,Reactive+T2,9,400.0,narrow,0.1,2024,2160,76,0,1.9887,400.0,7,17,7,10,0,0.0,0,1804,1.2171,4,0,3,860,721
soc_trang,severe,Reactive+blindARQ,0,400.0,narrow,0.1,2024,2160,1,0,0.0002,400.0,7,46,7,39,0,0.0,0,1861,4.6207,4,0,3,838,721
soc_trang,severe,Reactive+blindARQ,1,400.0,narrow,0.1,2024,2160,267,0,18.3808,400.0,6,28,7,22,1,60.0,0,1864,2.8529,3,0,2,1012,859
soc_trang,severe,Reactive+blindARQ,2,400.0,narrow,0.1,2024,2160,579,0,61.2154,400.0,4,14,7,10,4,220.0,0,1857,1.5457,3,0,2,1306,1127
soc_trang,severe,Reactive+blindARQ,3,400.0,narrow,0.1,2024,2160,579,0,61.2154,400.0,4,21,7,17,4,220.0,0,1824,2.4854,3,0,2,1306,1133
soc_trang,severe,Reactive+blindARQ,4,400.0,narrow,0.1,2024,2160,262,0,16.6215,400.0,6,26,7,20,1,60.0,0,1831,2.8558,4,0,3,1000,860
soc_trang,severe,Reactive+blindARQ,5,400.0,narrow,0.1,2024,2160,413,0,38.4732,400.0,5,20,7,15,3,160.0,0,1826,1.2766,3,0,2,1159,979
soc_trang,severe,Reactive+blindARQ,6,400.0,narrow,0.1,2024,2160,578,0,60.856,400.0,4,25,7,21,4,220.0,0,1835,2.7104,2,0,1,1304,1132
soc_trang,severe,Reactive+blindARQ,7,400.0,narrow,0.1,2024,2160,413,0,38.4575,400.0,5,24,7,19,2,120.0,0,1839,2.0136,3,0,2,1160,984
soc_trang,severe,Reactive+blindARQ,8,400.0,narrow,0.1,2024,2160,243,0,15.2043,400.0,6,31,7,25,1,60.0,0,1831,3.704,3,0,2,1002,840
soc_trang,severe,Reactive+blindARQ,9,400.0,narrow,0.1,2024,2160,267,0,18.5107,400.0,6,16,7,10,1,60.0,0,1804,0.8418,3,0,2,1013,850
soc_trang,severe,FixedSchedule,0,400.0,narrow,0.1,2024,2160,508,0,50.8455,400.0,7,13,7,6,0,0.0,0,1861,0.0045,1,0,0,1213,944
soc_trang,severe,FixedSchedule,1,400.0,narrow,0.1,2024,2160,602,0,64.4016,400.0,6,26,7,20,1,60.0,0,1864,1.4757,2,0,1,1335,1069
soc_trang,severe,FixedSchedule,2,400.0,narrow,0.1,2024,2160,917,0,107.2256,400.0,4,23,7,19,4,220.0,0,1857,11.225,1,0,0,1672,1387
soc_trang,severe,FixedSchedule,3,400.0,narrow,0.1,2024,2160,822,0,94.5134,400.0,4,28,7,24,4,220.0,0,1824,1.2629,2,0,1,1580,1310
soc_trang,severe,FixedSchedule,4,400.0,narrow,0.1,2024,2160,602,0,64.4746,400.0,6,23,7,17,1,60.0,0,1831,9.5013,2,0,1,1337,1069
soc_trang,severe,FixedSchedule,5,400.0,narrow,0.1,2024,2160,721,0,80.6868,400.0,5,24,7,19,2,120.0,0,1826,1.5502,2,0,1,1465,1193
soc_trang,severe,FixedSchedule,6,400.0,narrow,0.1,2024,2160,843,0,96.3163,400.0,4,21,7,17,4,220.0,0,1835,9.4738,1,0,0,1592,1326
soc_trang,severe,FixedSchedule,7,400.0,narrow,0.1,2024,2160,842,0,95.9042,400.0,5,30,7,25,3,160.0,0,1839,4.5577,1,0,0,1572,1294
soc_trang,severe,FixedSchedule,8,400.0,narrow,0.1,2024,2160,605,0,65.7183,400.0,6,20,7,14,1,60.0,0,1831,0.0062,1,0,0,1331,1047
soc_trang,severe,FixedSchedule,9,400.0,narrow,0.1,2024,2160,605,0,65.7183,400.0,6,19,7,13,1,60.0,0,1804,9.6398,1,0,0,1331,1047
soc_trang,severe,Oracle,0,400.0,narrow,0.1,2024,2160,0,0,0.0,340.0,12,41,12,29,0,0.0,0,1861,2.2776,6,1,5,254,574
soc_trang,severe,Oracle,1,400.0,narrow,0.1,2024,2160,0,0,0.0,340.0,12,31,12,19,0,0.0,0,1864,1.7554,6,1,5,256,563
soc_trang,severe,Oracle,2,400.0,narrow,0.1,2024,2160,0,0,0.0,340.0,12,34,12,22,2,40.0,0,1857,2.4721,6,1,5,257,552
soc_trang,severe,Oracle,3,400.0,narrow,0.1,2024,2160,0,0,0.0,340.0,12,34,12,22,4,120.0,0,1824,2.9754,6,1,5,264,555
soc_trang,severe,Oracle,4,400.0,narrow,0.1,2024,2160,0,0,0.0,340.0,12,48,12,36,1,20.0,0,1831,2.8713,7,1,6,255,565
soc_trang,severe,Oracle,5,400.0,narrow,0.1,2024,2160,0,0,0.0,340.0,12,25,12,13,2,40.0,0,1826,1.6101,6,1,5,248,561
soc_trang,severe,Oracle,6,400.0,narrow,0.1,2024,2160,0,0,0.0,340.0,12,28,12,16,2,60.0,0,1835,2.0424,6,1,5,248,557
soc_trang,severe,Oracle,7,400.0,narrow,0.1,2024,2160,0,0,0.0,340.0,12,41,12,29,1,20.0,0,1839,2.315,6,1,5,259,575
soc_trang,severe,Oracle,8,400.0,narrow,0.1,2024,2160,0,0,0.0,340.0,12,30,12,18,0,0.0,0,1831,2.2367,6,1,5,258,552
soc_trang,severe,Oracle,9,400.0,narrow,0.1,2024,2160,0,0,0.0,340.0,12,47,12,35,0,0.0,0,1804,3.358,6,1,5,261,554
soc_trang,severe,TwinGate+T2+centre,0,400.0,narrow,0.1,2024,2160,0,0,0.0,300.0,19,54,15,35,2,40.0,71,1861,1.291,14,0,14,526,996
soc_trang,severe,TwinGate+T2+centre,1,400.0,narrow,0.1,2024,2160,0,0,0.0,320.0,15,39,16,24,4,80.0,75,1864,0.9623,14,0,14,418,995
soc_trang,severe,TwinGate+T2+centre,2,400.0,narrow,0.1,2024,2160,0,0,0.0,320.0,14,38,16,24,5,100.0,76,1857,1.4907,13,0,13,399,973
soc_trang,severe,TwinGate+T2+centre,3,400.0,narrow,0.1,2024,2160,103,0,3.4417,340.0,15,47,16,32,6,120.0,75,1824,1.6666,11,1,10,546,838
soc_trang,severe,TwinGate+T2+centre,4,400.0,narrow,0.1,2024,2160,0,0,0.0,320.0,15,38,16,23,4,80.0,75,1831,1.2351,13,0,13,331,703
soc_trang,severe,TwinGate+T2+centre,5,400.0,narrow,0.1,2024,2160,0,0,0.0,380.0,15,38,19,23,7,140.0,75,1826,1.2957,13,0,13,290,664
soc_trang,severe,TwinGate+T2+centre,6,400.0,narrow,0.1,2024,2160,0,0,0.0,380.0,13,41,19,28,11,220.0,77,1835,1.5591,11,0,11,326,667
soc_trang,severe,TwinGate+T2+centre,7,400.0,narrow,0.1,2024,2160,103,0,3.4417,300.0,16,47,13,31,2,60.0,74,1839,1.6101,11,1,10,555,899
soc_trang,severe,TwinGate+T2+centre,8,400.0,narrow,0.1,2024,2160,157,0,7.9093,260.0,19,53,12,34,2,40.0,71,1831,1.291,11,1,10,652,1178
soc_trang,severe,TwinGate+T2+centre,9,400.0,narrow,0.1,2024,2160,127,0,6.111,280.0,16,34,13,18,1,20.0,74,1804,1.291,12,1,11,633,956
soc_trang,severe,TwinGate+T2,0,inf,awd,0.02,2024,2160,0,0,0.0,340.0,19,43,17,24,3,60.0,71,1861,1.2909,9,0,9,175,584
soc_trang,severe,TwinGate+T2,1,inf,awd,0.02,2024,2160,0,0,0.0,340.0,23,65,17,42,3,60.0,67,1864,1.5535,11,0,11,287,698
soc_trang,severe,TwinGate+T2,2,inf,awd,0.02,2024,2160,0,0,0.0,340.0,18,63,17,45,3,60.0,72,1857,1.4907,9,0,9,172,510
soc_trang,severe,TwinGate+T2,3,inf,awd,0.02,2024,2160,7,0,0.0069,320.0,21,70,16,49,6,120.0,69,1824,1.9357,6,1,5,239,601
soc_trang,severe,TwinGate+T2,4,inf,awd,0.02,2024,2160,0,0,0.0,360.0,19,52,18,33,5,100.0,71,1831,1.491,11,0,11,178,581
soc_trang,severe,TwinGate+T2,5,inf,awd,0.02,2024,2160,0,0,0.0,340.0,15,40,17,25,6,120.0,75,1826,1.4295,10,0,10,138,473
soc_trang,severe,TwinGate+T2,6,inf,awd,0.02,2024,2160,0,0,0.0,420.0,14,45,21,31,11,220.0,76,1835,1.8749,7,0,7,128,469
soc_trang,severe,TwinGate+T2,7,inf,awd,0.02,2024,2160,0,0,0.0,340.0,16,46,17,30,5,100.0,74,1839,1.3608,8,0,8,138,493
soc_trang,severe,TwinGate+T2,8,inf,awd,0.02,2024,2160,0,0,0.0,340.0,18,37,17,19,2,40.0,72,1831,1.2172,9,0,9,165,537
soc_trang,severe,TwinGate+T2,9,inf,awd,0.02,2024,2160,0,0,0.0,340.0,15,34,17,19,3,60.0,75,1804,1.1383,11,0,11,124,476
soc_trang,severe,TwinGate+blindARQ,0,inf,awd,0.02,2024,2160,0,0,0.0,340.0,14,48,17,34,3,60.0,76,1861,2.5687,9,0,9,119,495
soc_trang,severe,TwinGate+blindARQ,1,inf,awd,0.02,2024,2160,0,0,0.0,380.0,15,61,19,46,4,80.0,75,1864,2.0197,8,0,8,90,479
soc_trang,severe,TwinGate+blindARQ,2,inf,awd,0.02,2024,2160,0,0,0.0,440.0,13,99,22,86,9,180.0,77,1857,3.8578,6,0,6,88,415
soc_trang,severe,TwinGate+blindARQ,3,inf,awd,0.02,2024,2160,0,0,0.0,400.0,10,103,20,93,10,200.0,80,1824,3.597,7,0,7,102,368
soc_trang,severe,TwinGate+blindARQ,4,inf,awd,0.02,2024,2160,0,0,0.0,360.0,12,54,18,42,6,120.0,78,1831,2.6409,8,0,8,102,397
soc_trang,severe,TwinGate+blindARQ,5,inf,awd,0.02,2024,2160,0,0,0.0,400.0,11,48,20,37,9,180.0,79,1826,1.9245,8,0,8,84,366
soc_trang,severe,TwinGate+blindARQ,6,inf,awd,0.02,2024,2160,0,0,0.0,520.0,11,53,26,42,15,300.0,79,1835,1.7226,5,0,5,67,359
soc_trang,severe,TwinGate+blindARQ,7,inf,awd,0.02,2024,2160,0,0,0.0,360.0,10,60,18,50,8,160.0,80,1839,2.3309,5,0,5,62,357
soc_trang,severe,TwinGate+blindARQ,8,inf,awd,0.02,2024,2160,0,0,0.0,340.0,14,57,17,43,3,60.0,76,1831,2.2766,9,0,9,123,475
soc_trang,severe,TwinGate+blindARQ,9,inf,awd,0.02,2024,2160,0,0,0.0,340.0,14,40,17,26,3,60.0,76,1804,1.4271,8,0,8,87,433
soc_trang,severe,Reactive+T2,0,inf,awd,0.02,2024,2160,0,0,0.0,540.0,13,29,9,16,1,60.0,0,1861,2.65,3,0,3,128,352
soc_trang,severe,Reactive+T2,1,inf,awd,0.02,2024,2160,0,0,0.0,480.0,13,40,8,27,1,60.0,0,1864,2.7478,5,1,4,154,346
soc_trang,severe,Reactive+T2,2,inf,awd,0.02,2024,2160,0,0,0.0,720.0,10,31,12,21,4,240.0,0,1857,1.995,5,0,5,76,361
soc_trang,severe,Reactive+T2,3,inf,awd,0.02,2024,2160,7,0,0.0069,540.0,15,54,9,39,2,120.0,0,1824,3.6023,3,1,2,157,359
soc_trang,severe,Reactive+T2,4,inf,awd,0.02,2024,2160,0,0,0.0,540.0,10,25,9,15,0,0.0,0,1831,1.5443,5,0,5,58,280
soc_trang,severe,Reactive+T2,5,inf,awd,0.02,2024,2160,0,0,0.0,720.0,10,30,12,20,4,240.0,0,1826,2.2116,5,0,5,59,277
soc_trang,severe,Reactive+T2,6,inf,awd,0.02,2024,2160,0,0,0.0,660.0,12,36,11,24,3,180.0,0,1835,2.7323,4,0,4,116,333
soc_trang,severe,Reactive+T2,7,inf,awd,0.02,2024,2160,0,0,0.0,600.0,13,42,10,29,2,120.0,0,1839,2.8815,4,0,4,141,346
soc_trang,severe,Reactive+T2,8,inf,awd,0.02,2024,2160,0,0,0.0,540.0,11,28,9,17,1,60.0,0,1831,2.577,3,0,3,102,313
soc_trang,severe,Reactive+T2,9,inf,awd,0.02,2024,2160,0,0,0.0,600.0,9,23,10,14,1,60.0,0,1804,0.9244,4,0,4,42,259
soc_trang,severe,Reactive+blindARQ,0,inf,awd,0.02,2024,2160,0,0,0.0,540.0,8,51,9,43,1,60.0,0,1861,4.7109,4,0,4,70,364
soc_trang,severe,Reactive+blindARQ,1,inf,awd,0.02,2024,2160,0,0,0.0,600.0,9,34,10,25,1,60.0,0,1864,2.8529,4,0,4,40,267
soc_trang,severe,Reactive+blindARQ,2,inf,awd,0.02,2024,2160,0,0,0.0,1020.0,9,56,17,47,8,480.0,0,1857,3.8702,2,0,2,34,268
soc_trang,severe,Reactive+blindARQ,3,inf,awd,0.02,2024,2160,0,0,0.0,1080.0,9,40,18,31,9,540.0,0,1824,3.0845,4,0,4,39,258
soc_trang,severe,Reactive+blindARQ,4,inf,awd,0.02,2024,2160,0,0,0.0,780.0,9,42,13,33,4,240.0,0,1831,3.0002,5,0,5,50,290
soc_trang,severe,Reactive+blindARQ,5,inf,awd,0.02,2024,2160,0,0,0.0,1020.0,9,43,17,34,8,480.0,0,1826,2.381,4,0,4,40,257
soc_trang,severe,Reactive+blindARQ,6,inf,awd,0.02,2024,2160,0,0,0.0,1320.0,9,62,22,53,13,780.0,0,1835,3.0077,3,0,3,37,241
soc_trang,severe,Reactive+blindARQ,7,inf,awd,0.02,2024,2160,0,0,0.0,900.0,9,40,15,31,6,360.0,0,1839,2.5366,4,0,4,43,261
soc_trang,severe,Reactive+blindARQ,8,inf,awd,0.02,2024,2160,0,0,0.0,600.0,9,46,10,37,1,60.0,0,1831,4.6375,4,0,4,65,389
soc_trang,severe,Reactive+blindARQ,9,inf,awd,0.02,2024,2160,0,0,0.0,660.0,9,24,11,15,2,120.0,0,1804,0.8418,4,0,4,42,259
soc_trang,severe,FixedSchedule,0,inf,awd,0.02,2024,2160,0,0,0.0,1500.0,18,98,25,80,7,420.0,0,1861,3.3101,0,0,0,0,0
soc_trang,severe,FixedSchedule,1,inf,awd,0.02,2024,2160,0,0,0.0,1320.0,18,72,22,54,4,240.0,0,1864,2.1692,0,0,0,0,0
soc_trang,severe,FixedSchedule,2,inf,awd,0.02,2024,2160,0,0,0.0,1680.0,18,67,28,49,10,600.0,0,1857,1.911,0,0,0,0,0
soc_trang,severe,FixedSchedule,3,inf,awd,0.02,2024,2160,0,0,0.0,2040.0,18,110,34,92,16,960.0,0,1824,3.7803,0,0,0,0,0
soc_trang,severe,FixedSchedule,4,inf,awd,0.02,2024,2160,0,0,0.0,1500.0,18,74,25,56,7,420.0,0,1831,2.2653,0,0,0,0,0
soc_trang,severe,FixedSchedule,5,inf,awd,0.02,2024,2160,0,0,0.0,1800.0,18,80,30,62,12,720.0,0,1826,2.8232,0,0,0,0,0
soc_trang,severe,FixedSchedule,6,inf,awd,0.02,2024,2160,0,0,0.0,2160.0,18,98,36,80,18,1080.0,0,1835,2.326,0,0,0,0,0
soc_trang,severe,FixedSchedule,7,inf,awd,0.02,2024,2160,0,0,0.0,1560.0,18,96,26,78,8,480.0,0,1839,3.1639,0,0,0,0,0
soc_trang,severe,FixedSchedule,8,inf,awd,0.02,2024,2160,0,0,0.0,1260.0,18,56,21,38,3,180.0,0,1831,1.0694,0,0,0,0,0
soc_trang,severe,FixedSchedule,9,inf,awd,0.02,2024,2160,0,0,0.0,1260.0,18,62,21,44,3,180.0,0,1804,1.6072,0,0,0,0,0
soc_trang,severe,Oracle,0,inf,awd,0.02,2024,2160,0,0,0.0,380.0,19,74,19,55,1,20.0,0,1861,2.6768,0,0,0,0,0
soc_trang,severe,Oracle,1,inf,awd,0.02,2024,2160,0,0,0.0,380.0,19,69,19,50,1,20.0,0,1864,1.9288,0,0,0,0,0
soc_trang,severe,Oracle,2,inf,awd,0.02,2024,2160,0,0,0.0,380.0,19,58,19,39,3,60.0,0,1857,2.1045,0,0,0,0,0
soc_trang,severe,Oracle,3,inf,awd,0.02,2024,2160,0,0,0.0,380.0,19,74,19,55,4,80.0,0,1824,2.4649,0,0,0,0,0
soc_trang,severe,Oracle,4,inf,awd,0.02,2024,2160,0,0,0.0,380.0,19,81,19,62,3,60.0,0,1831,2.9675,0,0,0,0,0
soc_trang,severe,Oracle,5,inf,awd,0.02,2024,2160,0,0,0.0,380.0,19,49,19,30,3,60.0,0,1826,1.8257,0,0,0,0,0
soc_trang,severe,Oracle,6,inf,awd,0.02,2024,2160,0,0,0.0,380.0,19,57,19,38,7,140.0,0,1835,2.226,0,0,0,0,0
soc_trang,severe,Oracle,7,inf,awd,0.02,2024,2160,0,0,0.0,380.0,19,72,19,53,1,20.0,0,1839,2.146,0,0,0,0,0
soc_trang,severe,Oracle,8,inf,awd,0.02,2024,2160,0,0,0.0,380.0,19,75,19,56,0,0.0,0,1831,2.5357,0,0,0,0,0
soc_trang,severe,Oracle,9,inf,awd,0.02,2024,2160,0,0,0.0,380.0,19,88,19,69,1,20.0,0,1804,2.85,0,0,0,0,0
soc_trang,severe,TwinGate+T2+centre,0,inf,awd,0.02,2024,2160,0,0,0.0,340.0,19,43,17,24,3,60.0,71,1861,1.2909,9,0,9,175,584
soc_trang,severe,TwinGate+T2+centre,1,inf,awd,0.02,2024,2160,0,0,0.0,340.0,23,65,17,42,3,60.0,67,1864,1.5535,11,0,11,287,698
soc_trang,severe,TwinGate+T2+centre,2,inf,awd,0.02,2024,2160,0,0,0.0,340.0,18,63,17,45,3,60.0,72,1857,1.4907,9,0,9,172,510
soc_trang,severe,TwinGate+T2+centre,3,inf,awd,0.02,2024,2160,7,0,0.0069,320.0,21,70,16,49,6,120.0,69,1824,1.9357,6,1,5,239,601
soc_trang,severe,TwinGate+T2+centre,4,inf,awd,0.02,2024,2160,0,0,0.0,360.0,19,52,18,33,5,100.0,71,1831,1.491,11,0,11,178,581
soc_trang,severe,TwinGate+T2+centre,5,inf,awd,0.02,2024,2160,0,0,0.0,340.0,15,40,17,25,6,120.0,75,1826,1.4295,10,0,10,138,473
soc_trang,severe,TwinGate+T2+centre,6,inf,awd,0.02,2024,2160,0,0,0.0,420.0,14,45,21,31,11,220.0,76,1835,1.8749,7,0,7,128,469
soc_trang,severe,TwinGate+T2+centre,7,inf,awd,0.02,2024,2160,0,0,0.0,340.0,16,46,17,30,5,100.0,74,1839,1.3608,8,0,8,138,493
soc_trang,severe,TwinGate+T2+centre,8,inf,awd,0.02,2024,2160,0,0,0.0,340.0,18,37,17,19,2,40.0,72,1831,1.2172,9,0,9,165,537
soc_trang,severe,TwinGate+T2+centre,9,inf,awd,0.02,2024,2160,0,0,0.0,340.0,15,34,17,19,3,60.0,75,1804,1.1383,11,0,11,124,476
soc_trang,severe,TwinGate+T2,0,inf,mid,0.05,2024,2160,0,0,0.0,340.0,19,43,17,24,3,60.0,71,1861,1.2909,9,0,9,175,584
soc_trang,severe,TwinGate+T2,1,inf,mid,0.05,2024,2160,0,0,0.0,340.0,23,65,17,42,3,60.0,67,1864,1.5535,11,0,11,287,698
soc_trang,severe,TwinGate+T2,2,inf,mid,0.05,2024,2160,0,0,0.0,340.0,18,63,17,45,3,60.0,72,1857,1.4907,9,0,9,172,510
soc_trang,severe,TwinGate+T2,3,inf,mid,0.05,2024,2160,7,0,0.0069,320.0,21,70,16,49,6,120.0,69,1824,1.9357,6,1,5,239,601
soc_trang,severe,TwinGate+T2,4,inf,mid,0.05,2024,2160,0,0,0.0,360.0,19,52,18,33,5,100.0,71,1831,1.491,11,0,11,178,581
soc_trang,severe,TwinGate+T2,5,inf,mid,0.05,2024,2160,0,0,0.0,340.0,15,40,17,25,6,120.0,75,1826,1.4295,10,0,10,138,473
soc_trang,severe,TwinGate+T2,6,inf,mid,0.05,2024,2160,0,0,0.0,420.0,14,45,21,31,11,220.0,76,1835,1.8749,7,0,7,128,469
soc_trang,severe,TwinGate+T2,7,inf,mid,0.05,2024,2160,0,0,0.0,340.0,16,46,17,30,5,100.0,74,1839,1.3608,8,0,8,138,493
soc_trang,severe,TwinGate+T2,8,inf,mid,0.05,2024,2160,0,0,0.0,340.0,18,37,17,19,2,40.0,72,1831,1.2172,9,0,9,165,537
soc_trang,severe,TwinGate+T2,9,inf,mid,0.05,2024,2160,0,0,0.0,340.0,15,34,17,19,3,60.0,75,1804,1.1383,11,0,11,124,476
soc_trang,severe,TwinGate+blindARQ,0,inf,mid,0.05,2024,2160,0,0,0.0,340.0,14,48,17,34,3,60.0,76,1861,2.5687,9,0,9,119,495
soc_trang,severe,TwinGate+blindARQ,1,inf,mid,0.05,2024,2160,0,0,0.0,380.0,15,61,19,46,4,80.0,75,1864,2.0197,8,0,8,90,479
soc_trang,severe,TwinGate+blindARQ,2,inf,mid,0.05,2024,2160,0,0,0.0,440.0,13,99,22,86,9,180.0,77,1857,3.8578,6,0,6,88,415
soc_trang,severe,TwinGate+blindARQ,3,inf,mid,0.05,2024,2160,0,0,0.0,400.0,10,103,20,93,10,200.0,80,1824,3.597,7,0,7,102,368
soc_trang,severe,TwinGate+blindARQ,4,inf,mid,0.05,2024,2160,0,0,0.0,360.0,12,54,18,42,6,120.0,78,1831,2.6409,8,0,8,102,397
soc_trang,severe,TwinGate+blindARQ,5,inf,mid,0.05,2024,2160,0,0,0.0,400.0,11,48,20,37,9,180.0,79,1826,1.9245,8,0,8,84,366
soc_trang,severe,TwinGate+blindARQ,6,inf,mid,0.05,2024,2160,0,0,0.0,520.0,11,53,26,42,15,300.0,79,1835,1.7226,5,0,5,67,359
soc_trang,severe,TwinGate+blindARQ,7,inf,mid,0.05,2024,2160,0,0,0.0,360.0,10,60,18,50,8,160.0,80,1839,2.3309,5,0,5,62,357
soc_trang,severe,TwinGate+blindARQ,8,inf,mid,0.05,2024,2160,0,0,0.0,340.0,14,57,17,43,3,60.0,76,1831,2.2766,9,0,9,123,475
soc_trang,severe,TwinGate+blindARQ,9,inf,mid,0.05,2024,2160,0,0,0.0,340.0,14,40,17,26,3,60.0,76,1804,1.4271,8,0,8,87,433
soc_trang,severe,Reactive+T2,0,inf,mid,0.05,2024,2160,0,0,0.0,540.0,13,29,9,16,1,60.0,0,1861,2.65,3,0,3,128,352
soc_trang,severe,Reactive+T2,1,inf,mid,0.05,2024,2160,0,0,0.0,480.0,13,40,8,27,1,60.0,0,1864,2.7478,5,1,4,154,346
soc_trang,severe,Reactive+T2,2,inf,mid,0.05,2024,2160,0,0,0.0,720.0,10,31,12,21,4,240.0,0,1857,1.995,5,0,5,76,361
soc_trang,severe,Reactive+T2,3,inf,mid,0.05,2024,2160,7,0,0.0069,540.0,15,54,9,39,2,120.0,0,1824,3.6023,3,1,2,157,359
soc_trang,severe,Reactive+T2,4,inf,mid,0.05,2024,2160,0,0,0.0,540.0,10,25,9,15,0,0.0,0,1831,1.5443,5,0,5,58,280
soc_trang,severe,Reactive+T2,5,inf,mid,0.05,2024,2160,0,0,0.0,720.0,10,30,12,20,4,240.0,0,1826,2.2116,5,0,5,59,277
soc_trang,severe,Reactive+T2,6,inf,mid,0.05,2024,2160,0,0,0.0,660.0,12,36,11,24,3,180.0,0,1835,2.7323,4,0,4,116,333
soc_trang,severe,Reactive+T2,7,inf,mid,0.05,2024,2160,0,0,0.0,600.0,13,42,10,29,2,120.0,0,1839,2.8815,4,0,4,141,346
soc_trang,severe,Reactive+T2,8,inf,mid,0.05,2024,2160,0,0,0.0,540.0,11,28,9,17,1,60.0,0,1831,2.577,3,0,3,102,313
soc_trang,severe,Reactive+T2,9,inf,mid,0.05,2024,2160,0,0,0.0,600.0,9,23,10,14,1,60.0,0,1804,0.9244,4,0,4,42,259
soc_trang,severe,Reactive+blindARQ,0,inf,mid,0.05,2024,2160,0,0,0.0,540.0,8,51,9,43,1,60.0,0,1861,4.7109,4,0,4,70,364
soc_trang,severe,Reactive+blindARQ,1,inf,mid,0.05,2024,2160,0,0,0.0,600.0,9,34,10,25,1,60.0,0,1864,2.8529,4,0,4,40,267
soc_trang,severe,Reactive+blindARQ,2,inf,mid,0.05,2024,2160,0,0,0.0,1020.0,9,56,17,47,8,480.0,0,1857,3.8702,2,0,2,34,268
soc_trang,severe,Reactive+blindARQ,3,inf,mid,0.05,2024,2160,0,0,0.0,1080.0,9,40,18,31,9,540.0,0,1824,3.0845,4,0,4,39,258
soc_trang,severe,Reactive+blindARQ,4,inf,mid,0.05,2024,2160,0,0,0.0,780.0,9,42,13,33,4,240.0,0,1831,3.0002,5,0,5,50,290
soc_trang,severe,Reactive+blindARQ,5,inf,mid,0.05,2024,2160,0,0,0.0,1020.0,9,43,17,34,8,480.0,0,1826,2.381,4,0,4,40,257
soc_trang,severe,Reactive+blindARQ,6,inf,mid,0.05,2024,2160,0,0,0.0,1320.0,9,62,22,53,13,780.0,0,1835,3.0077,3,0,3,37,241
soc_trang,severe,Reactive+blindARQ,7,inf,mid,0.05,2024,2160,0,0,0.0,900.0,9,40,15,31,6,360.0,0,1839,2.5366,4,0,4,43,261
soc_trang,severe,Reactive+blindARQ,8,inf,mid,0.05,2024,2160,0,0,0.0,600.0,9,46,10,37,1,60.0,0,1831,4.6375,4,0,4,65,389
soc_trang,severe,Reactive+blindARQ,9,inf,mid,0.05,2024,2160,0,0,0.0,660.0,9,24,11,15,2,120.0,0,1804,0.8418,4,0,4,42,259
soc_trang,severe,FixedSchedule,0,inf,mid,0.05,2024,2160,0,0,0.0,1500.0,18,98,25,80,7,420.0,0,1861,3.3101,0,0,0,0,0
soc_trang,severe,FixedSchedule,1,inf,mid,0.05,2024,2160,0,0,0.0,1320.0,18,72,22,54,4,240.0,0,1864,2.1692,0,0,0,0,0
soc_trang,severe,FixedSchedule,2,inf,mid,0.05,2024,2160,0,0,0.0,1680.0,18,67,28,49,10,600.0,0,1857,1.911,0,0,0,0,0
soc_trang,severe,FixedSchedule,3,inf,mid,0.05,2024,2160,0,0,0.0,2040.0,18,110,34,92,16,960.0,0,1824,3.7803,0,0,0,0,0
soc_trang,severe,FixedSchedule,4,inf,mid,0.05,2024,2160,0,0,0.0,1500.0,18,74,25,56,7,420.0,0,1831,2.2653,0,0,0,0,0
soc_trang,severe,FixedSchedule,5,inf,mid,0.05,2024,2160,0,0,0.0,1800.0,18,80,30,62,12,720.0,0,1826,2.8232,0,0,0,0,0
soc_trang,severe,FixedSchedule,6,inf,mid,0.05,2024,2160,0,0,0.0,2160.0,18,98,36,80,18,1080.0,0,1835,2.326,0,0,0,0,0
soc_trang,severe,FixedSchedule,7,inf,mid,0.05,2024,2160,0,0,0.0,1560.0,18,96,26,78,8,480.0,0,1839,3.1639,0,0,0,0,0
soc_trang,severe,FixedSchedule,8,inf,mid,0.05,2024,2160,0,0,0.0,1260.0,18,56,21,38,3,180.0,0,1831,1.0694,0,0,0,0,0
soc_trang,severe,FixedSchedule,9,inf,mid,0.05,2024,2160,0,0,0.0,1260.0,18,62,21,44,3,180.0,0,1804,1.6072,0,0,0,0,0
soc_trang,severe,Oracle,0,inf,mid,0.05,2024,2160,0,0,0.0,380.0,19,74,19,55,1,20.0,0,1861,2.6768,0,0,0,0,0
soc_trang,severe,Oracle,1,inf,mid,0.05,2024,2160,0,0,0.0,380.0,19,69,19,50,1,20.0,0,1864,1.9288,0,0,0,0,0
soc_trang,severe,Oracle,2,inf,mid,0.05,2024,2160,0,0,0.0,380.0,19,58,19,39,3,60.0,0,1857,2.1045,0,0,0,0,0
soc_trang,severe,Oracle,3,inf,mid,0.05,2024,2160,0,0,0.0,380.0,19,74,19,55,4,80.0,0,1824,2.4649,0,0,0,0,0
soc_trang,severe,Oracle,4,inf,mid,0.05,2024,2160,0,0,0.0,380.0,19,81,19,62,3,60.0,0,1831,2.9675,0,0,0,0,0
soc_trang,severe,Oracle,5,inf,mid,0.05,2024,2160,0,0,0.0,380.0,19,49,19,30,3,60.0,0,1826,1.8257,0,0,0,0,0
soc_trang,severe,Oracle,6,inf,mid,0.05,2024,2160,0,0,0.0,380.0,19,57,19,38,7,140.0,0,1835,2.226,0,0,0,0,0
soc_trang,severe,Oracle,7,inf,mid,0.05,2024,2160,0,0,0.0,380.0,19,72,19,53,1,20.0,0,1839,2.146,0,0,0,0,0
soc_trang,severe,Oracle,8,inf,mid,0.05,2024,2160,0,0,0.0,380.0,19,75,19,56,0,0.0,0,1831,2.5357,0,0,0,0,0
soc_trang,severe,Oracle,9,inf,mid,0.05,2024,2160,0,0,0.0,380.0,19,88,19,69,1,20.0,0,1804,2.85,0,0,0,0,0
soc_trang,severe,TwinGate+T2+centre,0,inf,mid,0.05,2024,2160,0,0,0.0,340.0,19,43,17,24,3,60.0,71,1861,1.2909,9,0,9,175,584
soc_trang,severe,TwinGate+T2+centre,1,inf,mid,0.05,2024,2160,0,0,0.0,340.0,23,65,17,42,3,60.0,67,1864,1.5535,11,0,11,287,698
soc_trang,severe,TwinGate+T2+centre,2,inf,mid,0.05,2024,2160,0,0,0.0,340.0,18,63,17,45,3,60.0,72,1857,1.4907,9,0,9,172,510
soc_trang,severe,TwinGate+T2+centre,3,inf,mid,0.05,2024,2160,7,0,0.0069,320.0,21,70,16,49,6,120.0,69,1824,1.9357,6,1,5,239,601
soc_trang,severe,TwinGate+T2+centre,4,inf,mid,0.05,2024,2160,0,0,0.0,360.0,19,52,18,33,5,100.0,71,1831,1.491,11,0,11,178,581
soc_trang,severe,TwinGate+T2+centre,5,inf,mid,0.05,2024,2160,0,0,0.0,340.0,15,40,17,25,6,120.0,75,1826,1.4295,10,0,10,138,473
soc_trang,severe,TwinGate+T2+centre,6,inf,mid,0.05,2024,2160,0,0,0.0,420.0,14,45,21,31,11,220.0,76,1835,1.8749,7,0,7,128,469
soc_trang,severe,TwinGate+T2+centre,7,inf,mid,0.05,2024,2160,0,0,0.0,340.0,16,46,17,30,5,100.0,74,1839,1.3608,8,0,8,138,493
soc_trang,severe,TwinGate+T2+centre,8,inf,mid,0.05,2024,2160,0,0,0.0,340.0,18,37,17,19,2,40.0,72,1831,1.2172,9,0,9,165,537
soc_trang,severe,TwinGate+T2+centre,9,inf,mid,0.05,2024,2160,0,0,0.0,340.0,15,34,17,19,3,60.0,75,1804,1.1383,11,0,11,124,476
soc_trang,severe,TwinGate+T2,0,inf,narrow,0.1,2024,2160,0,0,0.0,300.0,19,54,15,35,2,40.0,71,1861,1.291,14,0,14,526,996
soc_trang,severe,TwinGate+T2,1,inf,narrow,0.1,2024,2160,0,0,0.0,320.0,15,39,16,24,4,80.0,75,1864,0.9623,14,0,14,418,995
soc_trang,severe,TwinGate+T2,2,inf,narrow,0.1,2024,2160,0,0,0.0,320.0,14,38,16,24,5,100.0,76,1857,1.4907,13,0,13,399,973
soc_trang,severe,TwinGate+T2,3,inf,narrow,0.1,2024,2160,103,0,3.4417,340.0,15,47,16,32,6,120.0,75,1824,1.6666,11,1,10,546,838
soc_trang,severe,TwinGate+T2,4,inf,narrow,0.1,2024,2160,0,0,0.0,320.0,15,38,16,23,4,80.0,75,1831,1.2351,13,0,13,331,703
soc_trang,severe,TwinGate+T2,5,inf,narrow,0.1,2024,2160,0,0,0.0,380.0,15,38,19,23,7,140.0,75,1826,1.2957,13,0,13,290,664
soc_trang,severe,TwinGate+T2,6,inf,narrow,0.1,2024,2160,0,0,0.0,380.0,13,41,19,28,11,220.0,77,1835,1.5591,11,0,11,326,667
soc_trang,severe,TwinGate+T2,7,inf,narrow,0.1,2024,2160,103,0,3.4417,300.0,16,47,13,31,2,60.0,74,1839,1.6101,11,1,10,555,899
soc_trang,severe,TwinGate+T2,8,inf,narrow,0.1,2024,2160,157,0,7.9093,260.0,19,53,12,34,2,40.0,71,1831,1.291,11,1,10,652,1178
soc_trang,severe,TwinGate+T2,9,inf,narrow,0.1,2024,2160,127,0,6.111,280.0,16,34,13,18,1,20.0,74,1804,1.291,12,1,11,633,956
soc_trang,severe,TwinGate+blindARQ,0,inf,narrow,0.1,2024,2160,0,0,0.0,320.0,13,36,16,23,3,60.0,77,1861,1.1386,13,0,13,411,788
soc_trang,severe,TwinGate+blindARQ,1,inf,narrow,0.1,2024,2160,0,0,0.0,340.0,13,54,17,41,4,80.0,77,1864,1.8413,14,0,13,977,1034
soc_trang,severe,TwinGate+blindARQ,2,inf,narrow,0.1,2024,2160,0,0,0.0,420.0,12,63,21,51,9,180.0,78,1857,1.8477,12,0,12,348,658
soc_trang,severe,TwinGate+blindARQ,3,inf,narrow,0.1,2024,2160,0,0,0.0,360.0,9,75,18,66,9,180.0,81,1824,2.5406,9,0,9,239,541
soc_trang,severe,TwinGate+blindARQ,4,inf,narrow,0.1,2024,2160,0,0,0.0,360.0,12,52,18,40,6,120.0,78,1831,1.8762,12,0,12,330,664
soc_trang,severe,TwinGate+blindARQ,5,inf,narrow,0.1,2024,2160,0,0,0.0,380.0,10,56,19,46,9,180.0,80,1826,1.9154,10,0,10,229,514
soc_trang,severe,TwinGate+blindARQ,6,inf,narrow,0.1,2024,2160,0,0,0.0,500.0,10,96,25,86,15,300.0,80,1835,2.4196,10,0,10,268,553
soc_trang,severe,TwinGate+blindARQ,7,inf,narrow,0.1,2024,2160,0,0,0.0,360.0,10,58,18,48,8,160.0,80,1839,2.9326,10,0,10,301,583
soc_trang,severe,TwinGate+blindARQ,8,inf,narrow,0.1,2024,2160,0,0,0.0,340.0,14,45,17,31,3,60.0,76,1831,1.5813,14,0,14,358,741
soc_trang,severe,TwinGate+blindARQ,9,inf,narrow,0.1,2024,2160,0,0,0.0,320.0,13,47,16,34,3,60.0,77,1804,2.1433,13,0,13,341,701
soc_trang,severe,Reactive+T2,0,inf,narrow,0.1,2024,2160,0,0,0.0,540.0,13,29,9,16,1,60.0,0,1861,2.65,3,0,3,128,352
soc_trang,severe,Reactive+T2,1,inf,narrow,0.1,2024,2160,0,0,0.0,480.0,13,40,8,27,1,60.0,0,1864,2.7478,5,1,4,154,346
soc_trang,severe,Reactive+T2,2,inf,narrow,0.1,2024,2160,0,0,0.0,720.0,10,31,12,21,4,240.0,0,1857,1.995,5,0,5,76,361
soc_trang,severe,Reactive+T2,3,inf,narrow,0.1,2024,2160,7,0,0.0069,540.0,15,54,9,39,2,120.0,0,1824,3.6023,3,1,2,157,359
soc_trang,severe,Reactive+T2,4,inf,narrow,0.1,2024,2160,0,0,0.0,540.0,10,25,9,15,0,0.0,0,1831,1.5443,5,0,5,58,280
soc_trang,severe,Reactive+T2,5,inf,narrow,0.1,2024,2160,0,0,0.0,720.0,10,30,12,20,4,240.0,0,1826,2.2116,5,0,5,59,277
soc_trang,severe,Reactive+T2,6,inf,narrow,0.1,2024,2160,0,0,0.0,660.0,12,36,11,24,3,180.0,0,1835,2.7323,4,0,4,116,333
soc_trang,severe,Reactive+T2,7,inf,narrow,0.1,2024,2160,0,0,0.0,600.0,13,42,10,29,2,120.0,0,1839,2.8815,4,0,4,141,346
soc_trang,severe,Reactive+T2,8,inf,narrow,0.1,2024,2160,0,0,0.0,540.0,11,28,9,17,1,60.0,0,1831,2.577,3,0,3,102,313
soc_trang,severe,Reactive+T2,9,inf,narrow,0.1,2024,2160,0,0,0.0,600.0,9,23,10,14,1,60.0,0,1804,0.9244,4,0,4,42,259
soc_trang,severe,Reactive+blindARQ,0,inf,narrow,0.1,2024,2160,0,0,0.0,540.0,8,51,9,43,1,60.0,0,1861,4.7109,4,0,4,70,364
soc_trang,severe,Reactive+blindARQ,1,inf,narrow,0.1,2024,2160,0,0,0.0,600.0,9,34,10,25,1,60.0,0,1864,2.8529,4,0,4,40,267
soc_trang,severe,Reactive+blindARQ,2,inf,narrow,0.1,2024,2160,0,0,0.0,1020.0,9,56,17,47,8,480.0,0,1857,3.8702,2,0,2,34,268
soc_trang,severe,Reactive+blindARQ,3,inf,narrow,0.1,2024,2160,0,0,0.0,1080.0,9,40,18,31,9,540.0,0,1824,3.0845,4,0,4,39,258
soc_trang,severe,Reactive+blindARQ,4,inf,narrow,0.1,2024,2160,0,0,0.0,780.0,9,42,13,33,4,240.0,0,1831,3.0002,5,0,5,50,290
soc_trang,severe,Reactive+blindARQ,5,inf,narrow,0.1,2024,2160,0,0,0.0,1020.0,9,43,17,34,8,480.0,0,1826,2.381,4,0,4,40,257
soc_trang,severe,Reactive+blindARQ,6,inf,narrow,0.1,2024,2160,0,0,0.0,1320.0,9,62,22,53,13,780.0,0,1835,3.0077,3,0,3,37,241
soc_trang,severe,Reactive+blindARQ,7,inf,narrow,0.1,2024,2160,0,0,0.0,900.0,9,40,15,31,6,360.0,0,1839,2.5366,4,0,4,43,261
soc_trang,severe,Reactive+blindARQ,8,inf,narrow,0.1,2024,2160,0,0,0.0,600.0,9,46,10,37,1,60.0,0,1831,4.6375,4,0,4,65,389
soc_trang,severe,Reactive+blindARQ,9,inf,narrow,0.1,2024,2160,0,0,0.0,660.0,9,24,11,15,2,120.0,0,1804,0.8418,4,0,4,42,259
soc_trang,severe,FixedSchedule,0,inf,narrow,0.1,2024,2160,0,0,0.0,1500.0,18,98,25,80,7,420.0,0,1861,3.3101,0,0,0,0,0
soc_trang,severe,FixedSchedule,1,inf,narrow,0.1,2024,2160,0,0,0.0,1320.0,18,72,22,54,4,240.0,0,1864,2.1692,0,0,0,0,0
soc_trang,severe,FixedSchedule,2,inf,narrow,0.1,2024,2160,0,0,0.0,1680.0,18,67,28,49,10,600.0,0,1857,1.911,0,0,0,0,0
soc_trang,severe,FixedSchedule,3,inf,narrow,0.1,2024,2160,0,0,0.0,2040.0,18,110,34,92,16,960.0,0,1824,3.7803,0,0,0,0,0
soc_trang,severe,FixedSchedule,4,inf,narrow,0.1,2024,2160,0,0,0.0,1500.0,18,74,25,56,7,420.0,0,1831,2.2653,0,0,0,0,0
soc_trang,severe,FixedSchedule,5,inf,narrow,0.1,2024,2160,0,0,0.0,1800.0,18,80,30,62,12,720.0,0,1826,2.8232,0,0,0,0,0
soc_trang,severe,FixedSchedule,6,inf,narrow,0.1,2024,2160,0,0,0.0,2160.0,18,98,36,80,18,1080.0,0,1835,2.326,0,0,0,0,0
soc_trang,severe,FixedSchedule,7,inf,narrow,0.1,2024,2160,0,0,0.0,1560.0,18,96,26,78,8,480.0,0,1839,3.1639,0,0,0,0,0
soc_trang,severe,FixedSchedule,8,inf,narrow,0.1,2024,2160,0,0,0.0,1260.0,18,56,21,38,3,180.0,0,1831,1.0694,0,0,0,0,0
soc_trang,severe,FixedSchedule,9,inf,narrow,0.1,2024,2160,0,0,0.0,1260.0,18,62,21,44,3,180.0,0,1804,1.6072,0,0,0,0,0
soc_trang,severe,Oracle,0,inf,narrow,0.1,2024,2160,0,0,0.0,380.0,19,74,19,55,1,20.0,0,1861,2.6768,0,0,0,0,0
soc_trang,severe,Oracle,1,inf,narrow,0.1,2024,2160,0,0,0.0,380.0,19,69,19,50,1,20.0,0,1864,1.9288,0,0,0,0,0
soc_trang,severe,Oracle,2,inf,narrow,0.1,2024,2160,0,0,0.0,380.0,19,58,19,39,3,60.0,0,1857,2.1045,0,0,0,0,0
soc_trang,severe,Oracle,3,inf,narrow,0.1,2024,2160,0,0,0.0,380.0,19,74,19,55,4,80.0,0,1824,2.4649,0,0,0,0,0
soc_trang,severe,Oracle,4,inf,narrow,0.1,2024,2160,0,0,0.0,380.0,19,81,19,62,3,60.0,0,1831,2.9675,0,0,0,0,0
soc_trang,severe,Oracle,5,inf,narrow,0.1,2024,2160,0,0,0.0,380.0,19,49,19,30,3,60.0,0,1826,1.8257,0,0,0,0,0
soc_trang,severe,Oracle,6,inf,narrow,0.1,2024,2160,0,0,0.0,380.0,19,57,19,38,7,140.0,0,1835,2.226,0,0,0,0,0
soc_trang,severe,Oracle,7,inf,narrow,0.1,2024,2160,0,0,0.0,380.0,19,72,19,53,1,20.0,0,1839,2.146,0,0,0,0,0
soc_trang,severe,Oracle,8,inf,narrow,0.1,2024,2160,0,0,0.0,380.0,19,75,19,56,0,0.0,0,1831,2.5357,0,0,0,0,0
soc_trang,severe,Oracle,9,inf,narrow,0.1,2024,2160,0,0,0.0,380.0,19,88,19,69,1,20.0,0,1804,2.85,0,0,0,0,0
soc_trang,severe,TwinGate+T2+centre,0,inf,narrow,0.1,2024,2160,0,0,0.0,300.0,19,54,15,35,2,40.0,71,1861,1.291,14,0,14,526,996
soc_trang,severe,TwinGate+T2+centre,1,inf,narrow,0.1,2024,2160,0,0,0.0,320.0,15,39,16,24,4,80.0,75,1864,0.9623,14,0,14,418,995
soc_trang,severe,TwinGate+T2+centre,2,inf,narrow,0.1,2024,2160,0,0,0.0,320.0,14,38,16,24,5,100.0,76,1857,1.4907,13,0,13,399,973
soc_trang,severe,TwinGate+T2+centre,3,inf,narrow,0.1,2024,2160,103,0,3.4417,340.0,15,47,16,32,6,120.0,75,1824,1.6666,11,1,10,546,838
soc_trang,severe,TwinGate+T2+centre,4,inf,narrow,0.1,2024,2160,0,0,0.0,320.0,15,38,16,23,4,80.0,75,1831,1.2351,13,0,13,331,703
soc_trang,severe,TwinGate+T2+centre,5,inf,narrow,0.1,2024,2160,0,0,0.0,380.0,15,38,19,23,7,140.0,75,1826,1.2957,13,0,13,290,664
soc_trang,severe,TwinGate+T2+centre,6,inf,narrow,0.1,2024,2160,0,0,0.0,380.0,13,41,19,28,11,220.0,77,1835,1.5591,11,0,11,326,667
soc_trang,severe,TwinGate+T2+centre,7,inf,narrow,0.1,2024,2160,103,0,3.4417,300.0,16,47,13,31,2,60.0,74,1839,1.6101,11,1,10,555,899
soc_trang,severe,TwinGate+T2+centre,8,inf,narrow,0.1,2024,2160,157,0,7.9093,260.0,19,53,12,34,2,40.0,71,1831,1.291,11,1,10,652,1178
soc_trang,severe,TwinGate+T2+centre,9,inf,narrow,0.1,2024,2160,127,0,6.111,280.0,16,34,13,18,1,20.0,74,1804,1.291,12,1,11,633,956
ca_mau,mild,TwinGate+T2,0,80.0,awd,0.02,2024,2160,670,0,64.6643,80.0,5,6,4,1,0,0.0,85,1861,0.6086,5,4,0,1859,1672
ca_mau,mild,TwinGate+T2,1,80.0,awd,0.02,2024,2160,668,0,64.1048,80.0,4,5,4,1,1,20.0,86,1864,0.4303,5,4,0,1860,1680
ca_mau,mild,TwinGate+T2,2,80.0,awd,0.02,2024,2160,721,0,72.6685,80.0,3,4,4,1,2,40.0,87,1857,0.0,4,3,0,1801,1596
ca_mau,mild,TwinGate+T2,3,80.0,awd,0.02,2024,2160,698,0,69.7096,80.0,3,5,4,2,2,40.0,87,1824,0.4303,4,3,0,1819,1598
ca_mau,mild,TwinGate+T2,4,80.0,awd,0.02,2024,2160,693,0,67.8141,80.0,5,8,4,3,1,20.0,85,1831,1.1384,4,3,0,1820,1597
ca_mau,mild,TwinGate+T2,5,80.0,awd,0.02,2024,2160,714,0,70.561,80.0,3,4,4,1,1,20.0,87,1826,0.0,4,3,0,1803,1616
ca_mau,mild,TwinGate+T2,6,80.0,awd,0.02,2024,2160,745,0,75.6262,80.0,2,4,4,2,3,60.0,88,1835,0.0,3,2,0,1757,1513
ca_mau,mild,TwinGate+T2,7,80.0,awd,0.02,2024,2160,745,0,75.6262,80.0,2,4,4,2,2,40.0,88,1839,0.0,3,2,0,1757,1513
ca_mau,mild,TwinGate+T2,8,80.0,awd,0.02,2024,2160,668,0,64.1048,80.0,4,4,4,0,0,0.0,86,1831,0.0,5,4,0,1860,1680
ca_mau,mild,TwinGate+T2,9,80.0,awd,0.02,2024,2160,668,0,64.1048,80.0,4,5,4,1,1,20.0,86,1804,0.4303,5,4,0,1860,1680
ca_mau,mild,TwinGate+blindARQ,0,80.0,awd,0.02,2024,2160,674,0,66.2248,80.0,4,6,4,2,0,0.0,86,1861,0.6086,5,4,0,1860,1672
ca_mau,mild,TwinGate+blindARQ,1,80.0,awd,0.02,2024,2160,698,0,69.7095,80.0,3,5,4,2,1,20.0,87,1864,0.4303,4,3,0,1819,1599
ca_mau,mild,TwinGate+blindARQ,2,80.0,awd,0.02,2024,2160,767,0,78.3186,80.0,2,4,4,2,2,40.0,88,1857,0.0,3,2,0,1762,1531
ca_mau,mild,TwinGate+blindARQ,3,80.0,awd,0.02,2024,2160,747,0,76.333,80.0,2,5,4,3,2,40.0,88,1824,0.4303,3,2,0,1765,1537
ca_mau,mild,TwinGate+blindARQ,4,80.0,awd,0.02,2024,2160,716,0,70.6914,80.0,3,7,4,4,1,20.0,87,1831,1.0539,4,3,0,1803,1597
ca_mau,mild,TwinGate+blindARQ,5,80.0,awd,0.02,2024,2160,714,0,70.561,80.0,3,4,4,1,1,20.0,87,1826,0.0,4,3,0,1803,1616
ca_mau,mild,TwinGate+blindARQ,6,80.0,awd,0.02,2024,2160,939,0,89.4337,80.0,1,4,4,3,3,60.0,89,1835,0.0,2,1,0,1798,1526
ca_mau,mild,TwinGate+blindARQ,7,80.0,awd,0.02,2024,2160,745,0,75.6262,80.0,2,4,4,2,2,40.0,88,1839,0.0,3,2,0,1757,1513
ca_mau,mild,TwinGate+blindARQ,8,80.0,awd,0.02,2024,2160,668,0,64.1048,80.0,4,4,4,0,0,0.0,86,1831,0.0,5,4,0,1860,1680
ca_mau,mild,TwinGate+blindARQ,9,80.0,awd,0.02,2024,2160,714,0,70.561,80.0,3,5,4,2,1,20.0,87,1804,0.4303,4,3,0,1803,1617
ca_mau,mild,Reactive+T2,0,80.0,awd,0.02,2024,2160,981,0,94.2809,80.0,2,2,2,0,0,0.0,0,1861,0.0,1,0,0,1736,1483
ca_mau,mild,Reactive+T2,1,80.0,awd,0.02,2024,2160,969,0,93.6716,80.0,3,4,2,1,0,0.0,0,1864,0.6086,2,0,1,1732,1505
ca_mau,mild,Reactive+T2,2,80.0,awd,0.02,2024,2160,981,0,94.2809,80.0,2,2,2,0,0,0.0,0,1857,0.0,1,0,0,1736,1483
ca_mau,mild,Reactive+T2,3,80.0,awd,0.02,2024,2160,981,0,94.2809,80.0,2,2,2,0,0,0.0,0,1824,0.0,1,0,0,1736,1483
ca_mau,mild,Reactive+T2,4,80.0,awd,0.02,2024,2160,981,0,94.2809,80.0,2,2,2,0,1,20.0,0,1831,0.0,1,0,0,1736,1483
ca_mau,mild,Reactive+T2,5,80.0,awd,0.02,2024,2160,981,0,94.2809,80.0,2,2,2,0,0,0.0,0,1826,0.0,1,0,0,1736,1483
ca_mau,mild,Reactive+T2,6,80.0,awd,0.02,2024,2160,981,0,94.2767,80.0,2,4,2,2,0,0.0,0,1835,0.9354,1,0,0,1736,1485
ca_mau,mild,Reactive+T2,7,80.0,awd,0.02,2024,2160,981,0,94.2809,80.0,2,2,2,0,1,20.0,0,1839,0.0,1,0,0,1736,1483
ca_mau,mild,Reactive+T2,8,80.0,awd,0.02,2024,2160,981,0,94.2809,80.0,2,2,2,0,0,0.0,0,1831,0.0,1,0,0,1736,1483
ca_mau,mild,Reactive+T2,9,80.0,awd,0.02,2024,2160,981,0,94.2809,80.0,2,2,2,0,0,0.0,0,1804,0.0,1,0,0,1736,1483
ca_mau,mild,Reactive+blindARQ,0,80.0,awd,0.02,2024,2160,981,0,94.2809,80.0,2,2,2,0,0,0.0,0,1861,0.0,1,0,0,1736,1483
ca_mau,mild,Reactive+blindARQ,1,80.0,awd,0.02,2024,2160,981,0,94.2798,80.0,2,4,2,2,0,0.0,0,1864,0.6086,1,0,0,1736,1485
ca_mau,mild,Reactive+blindARQ,2,80.0,awd,0.02,2024,2160,981,0,94.2809,80.0,2,2,2,0,0,0.0,0,1857,0.0,1,0,0,1736,1483
ca_mau,mild,Reactive+blindARQ,3,80.0,awd,0.02,2024,2160,981,0,94.2809,80.0,2,2,2,0,0,0.0,0,1824,0.0,1,0,0,1736,1483
ca_mau,mild,Reactive+blindARQ,4,80.0,awd,0.02,2024,2160,981,0,94.2809,80.0,2,2,2,0,1,20.0,0,1831,0.0,1,0,0,1736,1483
ca_mau,mild,Reactive+blindARQ,5,80.0,awd,0.02,2024,2160,981,0,94.2809,80.0,2,2,2,0,0,0.0,0,1826,0.0,1,0,0,1736,1483
ca_mau,mild,Reactive+blindARQ,6,80.0,awd,0.02,2024,2160,981,0,94.2767,80.0,2,4,2,2,0,0.0,0,1835,0.9354,1,0,0,1736,1485
ca_mau,mild,Reactive+blindARQ,7,80.0,awd,0.02,2024,2160,981,0,94.2809,80.0,2,2,2,0,1,20.0,0,1839,0.0,1,0,0,1736,1483
ca_mau,mild,Reactive+blindARQ,8,80.0,awd,0.02,2024,2160,981,0,94.2809,80.0,2,2,2,0,0,0.0,0,1831,0.0,1,0,0,1736,1483
ca_mau,mild,Reactive+blindARQ,9,80.0,awd,0.02,2024,2160,981,0,94.2809,80.0,2,2,2,0,0,0.0,0,1804,0.0,1,0,0,1736,1483
ca_mau,mild,FixedSchedule,0,80.0,awd,0.02,2024,2160,1153,0,114.6086,80.0,2,2,2,0,0,0.0,0,1861,0.0,1,0,0,1904,1618
ca_mau,mild,FixedSchedule,1,80.0,awd,0.02,2024,2160,1153,0,114.6086,80.0,2,2,2,0,0,0.0,0,1864,0.0,1,0,0,1904,1618
ca_mau,mild,FixedSchedule,2,80.0,awd,0.02,2024,2160,1153,0,114.6086,80.0,2,2,2,0,0,0.0,0,1857,0.0,1,0,0,1904,1618
ca_mau,mild,FixedSchedule,3,80.0,awd,0.02,2024,2160,1153,0,114.6086,80.0,2,2,2,0,0,0.0,0,1824,0.0,1,0,0,1904,1618
ca_mau,mild,FixedSchedule,4,80.0,awd,0.02,2024,2160,1153,0,114.6086,80.0,2,2,2,0,1,20.0,0,1831,0.0,1,0,0,1904,1618
ca_mau,mild,FixedSchedule,5,80.0,awd,0.02,2024,2160,1153,0,114.6086,80.0,2,2,2,0,0,0.0,0,1826,0.0,1,0,0,1904,1618
ca_mau,mild,FixedSchedule,6,80.0,awd,0.02,2024,2160,1153,0,114.6082,80.0,2,3,2,1,0,0.0,0,1835,5.2232,1,0,0,1904,1619
ca_mau,mild,FixedSchedule,7,80.0,awd,0.02,2024,2160,1153,0,114.6086,80.0,2,2,2,0,1,20.0,0,1839,0.0,1,0,0,1904,1618
ca_mau,mild,FixedSchedule,8,80.0,awd,0.02,2024,2160,1153,0,114.6086,80.0,2,2,2,0,0,0.0,0,1831,0.0,1,0,0,1904,1618
ca_mau,mild,FixedSchedule,9,80.0,awd,0.02,2024,2160,1153,0,114.6086,80.0,2,2,2,0,0,0.0,0,1804,0.0,1,0,0,1904,1618
ca_mau,mild,Oracle,0,80.0,awd,0.02,2024,2160,649,0,62.6067,80.0,4,4,4,0,0,0.0,0,1861,0.0,5,4,0,1862,1680
ca_mau,mild,Oracle,1,80.0,awd,0.02,2024,2160,649,0,62.6067,80.0,4,4,4,0,1,20.0,0,1864,0.0,5,4,0,1862,1680
ca_mau,mild,Oracle,2,80.0,awd,0.02,2024,2160,649,0,62.6067,80.0,4,5,4,1,2,40.0,0,1857,0.4303,5,4,0,1863,1680
ca_mau,mild,Oracle,3,80.0,awd,0.02,2024,2160,649,0,62.6067,80.0,4,4,4,0,2,40.0,0,1824,0.0,5,4,0,1862,1680
ca_mau,mild,Oracle,4,80.0,awd,0.02,2024,2160,649,0,62.6067,80.0,4,4,4,0,1,20.0,0,1831,0.0,5,4,0,1862,1680
ca_mau,mild,Oracle,5,80.0,awd,0.02,2024,2160,649,0,62.6067,80.0,4,4,4,0,1,20.0,0,1826,0.0,5,4,0,1862,1680
ca_mau,mild,Oracle,6,80.0,awd,0.02,2024,2160,649,0,62.6067,80.0,4,4,4,0,3,60.0,0,1835,0.0,5,4,0,1862,1680
ca_mau,mild,Oracle,7,80.0,awd,0.02,2024,2160,649,0,62.6056,80.0,4,6,4,2,2,40.0,0,1839,0.6086,5,4,0,1864,1680
ca_mau,mild,Oracle,8,80.0,awd,0.02,2024,2160,649,0,62.6067,80.0,4,4,4,0,0,0.0,0,1831,0.0,5,4,0,1862,1680
ca_mau,mild,Oracle,9,80.0,awd,0.02,2024,2160,649,0,62.6067,80.0,4,4,4,0,1,20.0,0,1804,0.0,5,4,0,1862,1680
ca_mau,mild,TwinGate+T2+centre,0,80.0,awd,0.02,2024,2160,884,0,83.2254,80.0,4,4,4,0,0,0.0,86,1861,0.0,3,0,2,1660,1463
ca_mau,mild,TwinGate+T2+centre,1,80.0,awd,0.02,2024,2160,880,0,82.7796,80.0,4,6,4,2,1,20.0,86,1864,0.6086,3,0,2,1664,1467
ca_mau,mild,TwinGate+T2+centre,2,80.0,awd,0.02,2024,2160,886,0,83.6011,80.0,3,4,4,1,2,40.0,87,1857,0.0,2,0,1,1653,1430
ca_mau,mild,TwinGate+T2+centre,3,80.0,awd,0.02,2024,2160,886,0,83.6011,80.0,3,4,4,1,2,40.0,87,1824,0.0,2,0,1,1653,1430
ca_mau,mild,TwinGate+T2+centre,4,80.0,awd,0.02,2024,2160,886,0,83.4433,80.0,3,4,4,1,1,20.0,87,1831,0.0,3,0,2,1662,1433
ca_mau,mild,TwinGate+T2+centre,5,80.0,awd,0.02,2024,2160,865,0,82.428,80.0,4,6,4,2,1,20.0,86,1826,0.7453,4,0,3,1661,1471
ca_mau,mild,TwinGate+T2+centre,6,80.0,awd,0.02,2024,2160,886,0,83.6208,80.0,2,4,4,2,3,60.0,88,1835,0.0,3,0,2,1663,1418
ca_mau,mild,TwinGate+T2+centre,7,80.0,awd,0.02,2024,2160,881,0,82.8169,80.0,3,6,4,3,2,40.0,87,1839,0.9623,3,0,2,1683,1440
ca_mau,mild,TwinGate+T2+centre,8,80.0,awd,0.02,2024,2160,884,0,83.2254,80.0,4,4,4,0,0,0.0,86,1831,0.0,3,0,2,1660,1463
ca_mau,mild,TwinGate+T2+centre,9,80.0,awd,0.02,2024,2160,865,0,82.428,80.0,4,6,4,2,1,20.0,86,1804,1.2908,4,0,3,1661,1471
ca_mau,mild,TwinGate+T2,0,80.0,mid,0.05,2024,2160,766,0,77.8742,80.0,5,6,4,1,0,0.0,85,1861,0.6086,5,0,4,1762,1592
ca_mau,mild,TwinGate+T2,1,80.0,mid,0.05,2024,2160,799,0,79.759,80.0,3,4,4,1,1,20.0,87,1864,0.0,4,0,3,1725,1513
ca_mau,mild,TwinGate+T2,2,80.0,mid,0.05,2024,2160,801,0,79.9504,80.0,3,5,4,2,1,20.0,87,1857,0.4303,4,0,3,1710,1520
ca_mau,mild,TwinGate+T2,3,80.0,mid,0.05,2024,2160,801,0,79.9545,80.0,3,4,4,1,2,40.0,87,1824,0.0,4,0,3,1709,1519
ca_mau,mild,TwinGate+T2,4,80.0,mid,0.05,2024,2160,767,0,78.2459,80.0,4,5,4,1,1,20.0,86,1831,0.4303,5,0,4,1758,1564
ca_mau,mild,TwinGate+T2,5,80.0,mid,0.05,2024,2160,801,0,79.9545,80.0,3,4,4,1,1,20.0,87,1826,0.0,4,0,3,1709,1519
ca_mau,mild,TwinGate+T2,6,80.0,mid,0.05,2024,2160,804,0,80.3522,80.0,3,6,4,3,2,40.0,87,1835,0.6086,3,0,2,1696,1483
ca_mau,mild,TwinGate+T2,7,80.0,mid,0.05,2024,2160,804,0,80.3522,80.0,3,6,4,3,2,40.0,87,1839,0.6086,3,0,2,1696,1483
ca_mau,mild,TwinGate+T2,8,80.0,mid,0.05,2024,2160,767,0,78.2456,80.0,4,5,4,1,0,0.0,86,1831,0.4303,5,0,4,1759,1565
ca_mau,mild,TwinGate+T2,9,80.0,mid,0.05,2024,2160,767,0,78.2459,80.0,4,5,4,1,1,20.0,86,1804,0.4303,5,0,4,1758,1564
ca_mau,mild,TwinGate+blindARQ,0,80.0,mid,0.05,2024,2160,767,0,78.2441,80.0,4,6,4,2,0,0.0,86,1861,0.6086,5,0,4,1760,1566
ca_mau,mild,TwinGate+blindARQ,1,80.0,mid,0.05,2024,2160,799,0,79.759,80.0,3,4,4,1,1,20.0,87,1864,0.0,4,0,3,1725,1513
ca_mau,mild,TwinGate+blindARQ,2,80.0,mid,0.05,2024,2160,914,0,86.9839,80.0,2,4,4,2,2,40.0,88,1857,0.0,3,0,2,1741,1493
ca_mau,mild,TwinGate+blindARQ,3,80.0,mid,0.05,2024,2160,914,0,86.9839,80.0,2,4,4,2,2,40.0,88,1824,0.0,3,0,2,1741,1493
ca_mau,mild,TwinGate+blindARQ,4,80.0,mid,0.05,2024,2160,799,0,79.811,80.0,3,5,4,2,1,20.0,87,1831,0.4303,4,0,3,1709,1531
ca_mau,mild,TwinGate+blindARQ,5,80.0,mid,0.05,2024,2160,801,0,79.9545,80.0,3,4,4,1,1,20.0,87,1826,0.0,4,0,3,1709,1519
ca_mau,mild,TwinGate+blindARQ,6,80.0,mid,0.05,2024,2160,1012,0,98.0547,80.0,1,4,4,3,3,60.0,89,1835,0.0,2,0,1,1798,1525
ca_mau,mild,TwinGate+blindARQ,7,80.0,mid,0.05,2024,2160,844,0,81.3818,80.0,2,8,4,6,2,40.0,88,1839,1.3018,3,0,2,1696,1467
ca_mau,mild,TwinGate+blindARQ,8,80.0,mid,0.05,2024,2160,767,0,78.2456,80.0,4,5,4,1,0,0.0,86,1831,0.4303,5,0,4,1759,1565
ca_mau,mild,TwinGate+blindARQ,9,80.0,mid,0.05,2024,2160,801,0,79.9545,80.0,3,6,4,3,1,20.0,87,1804,0.6086,4,0,3,1709,1519
ca_mau,mild,Reactive+T2,0,80.0,mid,0.05,2024,2160,981,0,94.2809,80.0,2,2,2,0,0,0.0,0,1861,0.0,1,0,0,1736,1483
ca_mau,mild,Reactive+T2,1,80.0,mid,0.05,2024,2160,969,0,93.6716,80.0,3,4,2,1,0,0.0,0,1864,0.6086,2,0,1,1732,1505
ca_mau,mild,Reactive+T2,2,80.0,mid,0.05,2024,2160,981,0,94.2809,80.0,2,2,2,0,0,0.0,0,1857,0.0,1,0,0,1736,1483
ca_mau,mild,Reactive+T2,3,80.0,mid,0.05,2024,2160,981,0,94.2809,80.0,2,2,2,0,0,0.0,0,1824,0.0,1,0,0,1736,1483
ca_mau,mild,Reactive+T2,4,80.0,mid,0.05,2024,2160,981,0,94.2809,80.0,2,2,2,0,1,20.0,0,1831,0.0,1,0,0,1736,1483
ca_mau,mild,Reactive+T2,5,80.0,mid,0.05,2024,2160,981,0,94.2809,80.0,2,2,2,0,0,0.0,0,1826,0.0,1,0,0,1736,1483
ca_mau,mild,Reactive+T2,6,80.0,mid,0.05,2024,2160,981,0,94.2767,80.0,2,4,2,2,0,0.0,0,1835,0.9354,1,0,0,1736,1485
ca_mau,mild,Reactive+T2,7,80.0,mid,0.05,2024,2160,981,0,94.2809,80.0,2,2,2,0,1,20.0,0,1839,0.0,1,0,0,1736,1483
ca_mau,mild,Reactive+T2,8,80.0,mid,0.05,2024,2160,981,0,94.2809,80.0,2,2,2,0,0,0.0,0,1831,0.0,1,0,0,1736,1483
ca_mau,mild,Reactive+T2,9,80.0,mid,0.05,2024,2160,981,0,94.2809,80.0,2,2,2,0,0,0.0,0,1804,0.0,1,0,0,1736,1483
ca_mau,mild,Reactive+blindARQ,0,80.0,mid,0.05,2024,2160,981,0,94.2809,80.0,2,2,2,0,0,0.0,0,1861,0.0,1,0,0,1736,1483
ca_mau,mild,Reactive+blindARQ,1,80.0,mid,0.05,2024,2160,981,0,94.2798,80.0,2,4,2,2,0,0.0,0,1864,0.6086,1,0,0,1736,1485
ca_mau,mild,Reactive+blindARQ,2,80.0,mid,0.05,2024,2160,981,0,94.2809,80.0,2,2,2,0,0,0.0,0,1857,0.0,1,0,0,1736,1483
ca_mau,mild,Reactive+blindARQ,3,80.0,mid,0.05,2024,2160,981,0,94.2809,80.0,2,2,2,0,0,0.0,0,1824,0.0,1,0,0,1736,1483
ca_mau,mild,Reactive+blindARQ,4,80.0,mid,0.05,2024,2160,981,0,94.2809,80.0,2,2,2,0,1,20.0,0,1831,0.0,1,0,0,1736,1483
ca_mau,mild,Reactive+blindARQ,5,80.0,mid,0.05,2024,2160,981,0,94.2809,80.0,2,2,2,0,0,0.0,0,1826,0.0,1,0,0,1736,1483
ca_mau,mild,Reactive+blindARQ,6,80.0,mid,0.05,2024,2160,981,0,94.2767,80.0,2,4,2,2,0,0.0,0,1835,0.9354,1,0,0,1736,1485
ca_mau,mild,Reactive+blindARQ,7,80.0,mid,0.05,2024,2160,981,0,94.2809,80.0,2,2,2,0,1,20.0,0,1839,0.0,1,0,0,1736,1483
ca_mau,mild,Reactive+blindARQ,8,80.0,mid,0.05,2024,2160,981,0,94.2809,80.0,2,2,2,0,0,0.0,0,1831,0.0,1,0,0,1736,1483
ca_mau,mild,Reactive+blindARQ,9,80.0,mid,0.05,2024,2160,981,0,94.2809,80.0,2,2,2,0,0,0.0,0,1804,0.0,1,0,0,1736,1483
ca_mau,mild,FixedSchedule,0,80.0,mid,0.05,2024,2160,1153,0,114.6086,80.0,2,2,2,0,0,0.0,0,1861,0.0,1,0,0,1904,1618
ca_mau,mild,FixedSchedule,1,80.0,mid,0.05,2024,2160,1153,0,114.6086,80.0,2,2,2,0,0,0.0,0,1864,0.0,1,0,0,1904,1618
ca_mau,mild,FixedSchedule,2,80.0,mid,0.05,2024,2160,1153,0,114.6086,80.0,2,2,2,0,0,0.0,0,1857,0.0,1,0,0,1904,1618
ca_mau,mild,FixedSchedule,3,80.0,mid,0.05,2024,2160,1153,0,114.6086,80.0,2,2,2,0,0,0.0,0,1824,0.0,1,0,0,1904,1618
ca_mau,mild,FixedSchedule,4,80.0,mid,0.05,2024,2160,1153,0,114.6086,80.0,2,2,2,0,1,20.0,0,1831,0.0,1,0,0,1904,1618
ca_mau,mild,FixedSchedule,5,80.0,mid,0.05,2024,2160,1153,0,114.6086,80.0,2,2,2,0,0,0.0,0,1826,0.0,1,0,0,1904,1618
ca_mau,mild,FixedSchedule,6,80.0,mid,0.05,2024,2160,1153,0,114.6082,80.0,2,3,2,1,0,0.0,0,1835,5.2232,1,0,0,1904,1619
ca_mau,mild,FixedSchedule,7,80.0,mid,0.05,2024,2160,1153,0,114.6086,80.0,2,2,2,0,1,20.0,0,1839,0.0,1,0,0,1904,1618
ca_mau,mild,FixedSchedule,8,80.0,mid,0.05,2024,2160,1153,0,114.6086,80.0,2,2,2,0,0,0.0,0,1831,0.0,1,0,0,1904,1618
ca_mau,mild,FixedSchedule,9,80.0,mid,0.05,2024,2160,1153,0,114.6086,80.0,2,2,2,0,0,0.0,0,1804,0.0,1,0,0,1904,1618
ca_mau,mild,Oracle,0,80.0,mid,0.05,2024,2160,649,0,62.6067,80.0,4,4,4,0,0,0.0,0,1861,0.0,5,4,0,1862,1680
ca_mau,mild,Oracle,1,80.0,mid,0.05,2024,2160,649,0,62.6067,80.0,4,4,4,0,1,20.0,0,1864,0.0,5,4,0,1862,1680
ca_mau,mild,Oracle,2,80.0,mid,0.05,2024,2160,649,0,62.6067,80.0,4,5,4,1,2,40.0,0,1857,0.4303,5,4,0,1863,1680
ca_mau,mild,Oracle,3,80.0,mid,0.05,2024,2160,649,0,62.6067,80.0,4,4,4,0,2,40.0,0,1824,0.0,5,4,0,1862,1680
ca_mau,mild,Oracle,4,80.0,mid,0.05,2024,2160,649,0,62.6067,80.0,4,4,4,0,1,20.0,0,1831,0.0,5,4,0,1862,1680
ca_mau,mild,Oracle,5,80.0,mid,0.05,2024,2160,649,0,62.6067,80.0,4,4,4,0,1,20.0,0,1826,0.0,5,4,0,1862,1680
ca_mau,mild,Oracle,6,80.0,mid,0.05,2024,2160,649,0,62.6067,80.0,4,4,4,0,3,60.0,0,1835,0.0,5,4,0,1862,1680
ca_mau,mild,Oracle,7,80.0,mid,0.05,2024,2160,649,0,62.6056,80.0,4,6,4,2,2,40.0,0,1839,0.6086,5,4,0,1864,1680
ca_mau,mild,Oracle,8,80.0,mid,0.05,2024,2160,649,0,62.6067,80.0,4,4,4,0,0,0.0,0,1831,0.0,5,4,0,1862,1680
ca_mau,mild,Oracle,9,80.0,mid,0.05,2024,2160,649,0,62.6067,80.0,4,4,4,0,1,20.0,0,1804,0.0,5,4,0,1862,1680
ca_mau,mild,TwinGate+T2+centre,0,80.0,mid,0.05,2024,2160,884,0,83.2254,80.0,4,4,4,0,0,0.0,86,1861,0.0,3,0,2,1660,1463
ca_mau,mild,TwinGate+T2+centre,1,80.0,mid,0.05,2024,2160,880,0,82.7796,80.0,4,6,4,2,1,20.0,86,1864,0.6086,3,0,2,1664,1467
ca_mau,mild,TwinGate+T2+centre,2,80.0,mid,0.05,2024,2160,886,0,83.6011,80.0,3,4,4,1,2,40.0,87,1857,0.0,2,0,1,1653,1430
ca_mau,mild,TwinGate+T2+centre,3,80.0,mid,0.05,2024,2160,886,0,83.6011,80.0,3,4,4,1,2,40.0,87,1824,0.0,2,0,1,1653,1430
ca_mau,mild,TwinGate+T2+centre,4,80.0,mid,0.05,2024,2160,886,0,83.4433,80.0,3,4,4,1,1,20.0,87,1831,0.0,3,0,2,1662,1433
ca_mau,mild,TwinGate+T2+centre,5,80.0,mid,0.05,2024,2160,865,0,82.428,80.0,4,6,4,2,1,20.0,86,1826,0.7453,4,0,3,1661,1471
ca_mau,mild,TwinGate+T2+centre,6,80.0,mid,0.05,2024,2160,886,0,83.6208,80.0,2,4,4,2,3,60.0,88,1835,0.0,3,0,2,1663,1418
ca_mau,mild,TwinGate+T2+centre,7,80.0,mid,0.05,2024,2160,881,0,82.8169,80.0,3,6,4,3,2,40.0,87,1839,0.9623,3,0,2,1683,1440
ca_mau,mild,TwinGate+T2+centre,8,80.0,mid,0.05,2024,2160,884,0,83.2254,80.0,4,4,4,0,0,0.0,86,1831,0.0,3,0,2,1660,1463
ca_mau,mild,TwinGate+T2+centre,9,80.0,mid,0.05,2024,2160,865,0,82.428,80.0,4,6,4,2,1,20.0,86,1804,1.2908,4,0,3,1661,1471
ca_mau,mild,TwinGate+T2,0,80.0,narrow,0.1,2024,2160,799,0,79.8043,80.0,5,6,4,1,0,0.0,85,1861,0.6086,5,0,4,1728,1548
ca_mau,mild,TwinGate+T2,1,80.0,narrow,0.1,2024,2160,846,0,81.7534,80.0,3,4,4,1,1,20.0,87,1864,0.0,4,0,3,1680,1467
ca_mau,mild,TwinGate+T2,2,80.0,narrow,0.1,2024,2160,846,0,81.7534,80.0,3,5,4,2,2,40.0,87,1857,0.4303,4,0,3,1681,1468
ca_mau,mild,TwinGate+T2,3,80.0,narrow,0.1,2024,2160,842,0,81.176,80.0,3,4,4,1,2,40.0,87,1824,0.0,4,0,3,1698,1478
ca_mau,mild,TwinGate+T2,4,80.0,narrow,0.1,2024,2160,810,0,80.7866,80.0,4,5,4,1,1,20.0,86,1831,0.4303,5,0,4,1682,1514
ca_mau,mild,TwinGate+T2,5,80.0,narrow,0.1,2024,2160,842,0,81.176,80.0,3,4,4,1,1,20.0,87,1826,0.0,4,0,3,1698,1478
ca_mau,mild,TwinGate+T2,6,80.0,narrow,0.1,2024,2160,863,0,82.2341,80.0,2,4,4,2,3,60.0,88,1835,0.0,3,0,2,1671,1457
ca_mau,mild,TwinGate+T2,7,80.0,narrow,0.1,2024,2160,863,0,82.2341,80.0,2,4,4,2,2,40.0,88,1839,0.0,3,0,2,1671,1457
ca_mau,mild,TwinGate+T2,8,80.0,narrow,0.1,2024,2160,810,0,80.7866,80.0,4,4,4,0,0,0.0,86,1831,0.0,5,0,4,1682,1514
ca_mau,mild,TwinGate+T2,9,80.0,narrow,0.1,2024,2160,842,0,81.1714,80.0,3,5,4,2,1,20.0,87,1804,0.4303,4,0,3,1699,1479
ca_mau,mild,TwinGate+blindARQ,0,80.0,narrow,0.1,2024,2160,809,0,80.783,80.0,4,6,4,2,0,0.0,86,1861,0.6086,5,0,4,1682,1516
ca_mau,mild,TwinGate+blindARQ,1,80.0,narrow,0.1,2024,2160,846,0,81.7534,80.0,3,4,4,1,1,20.0,87,1864,0.0,4,0,3,1680,1467
ca_mau,mild,TwinGate+blindARQ,2,80.0,narrow,0.1,2024,2160,939,0,89.4337,80.0,2,7,4,5,2,40.0,88,1857,0.6172,3,0,2,1740,1492
ca_mau,mild,TwinGate+blindARQ,3,80.0,narrow,0.1,2024,2160,939,0,89.4337,80.0,2,4,4,2,2,40.0,88,1824,0.0,3,0,2,1739,1491
ca_mau,mild,TwinGate+blindARQ,4,80.0,narrow,0.1,2024,2160,834,0,81.0606,80.0,3,5,4,2,1,20.0,87,1831,0.4303,4,0,3,1699,1496
ca_mau,mild,TwinGate+blindARQ,5,80.0,narrow,0.1,2024,2160,842,0,81.176,80.0,3,4,4,1,1,20.0,87,1826,0.0,4,0,3,1698,1478
ca_mau,mild,TwinGate+blindARQ,6,80.0,narrow,0.1,2024,2160,1012,0,98.0547,80.0,1,4,4,3,3,60.0,89,1835,0.0,2,0,1,1798,1525
ca_mau,mild,TwinGate+blindARQ,7,80.0,narrow,0.1,2024,2160,863,0,82.2341,80.0,2,4,4,2,2,40.0,88,1839,0.0,3,0,2,1671,1457
ca_mau,mild,TwinGate+blindARQ,8,80.0,narrow,0.1,2024,2160,810,0,80.7866,80.0,4,4,4,0,0,0.0,86,1831,0.0,5,0,4,1682,1514
ca_mau,mild,TwinGate+blindARQ,9,80.0,narrow,0.1,2024,2160,842,0,81.1714,80.0,3,5,4,2,1,20.0,87,1804,0.4303,4,0,3,1699,1479
ca_mau,mild,Reactive+T2,0,80.0,narrow,0.1,2024,2160,981,0,94.2809,80.0,2,2,2,0,0,0.0,0,1861,0.0,1,0,0,1736,1483
ca_mau,mild,Reactive+T2,1,80.0,narrow,0.1,2024,2160,969,0,93.6716,80.0,3,4,2,1,0,0.0,0,1864,0.6086,2,0,1,1732,1505
ca_mau,mild,Reactive+T2,2,80.0,narrow,0.1,2024,2160,981,0,94.2809,80.0,2,2,2,0,0,0.0,0,1857,0.0,1,0,0,1736,1483
ca_mau,mild,Reactive+T2,3,80.0,narrow,0.1,2024,2160,981,0,94.2809,80.0,2,2,2,0,0,0.0,0,1824,0.0,1,0,0,1736,1483
ca_mau,mild,Reactive+T2,4,80.0,narrow,0.1,2024,2160,981,0,94.2809,80.0,2,2,2,0,1,20.0,0,1831,0.0,1,0,0,1736,1483
ca_mau,mild,Reactive+T2,5,80.0,narrow,0.1,2024,2160,981,0,94.2809,80.0,2,2,2,0,0,0.0,0,1826,0.0,1,0,0,1736,1483
ca_mau,mild,Reactive+T2,6,80.0,narrow,0.1,2024,2160,981,0,94.2767,80.0,2,4,2,2,0,0.0,0,1835,0.9354,1,0,0,1736,1485
ca_mau,mild,Reactive+T2,7,80.0,narrow,0.1,2024,2160,981,0,94.2809,80.0,2,2,2,0,1,20.0,0,1839,0.0,1,0,0,1736,1483
ca_mau,mild,Reactive+T2,8,80.0,narrow,0.1,2024,2160,981,0,94.2809,80.0,2,2,2,0,0,0.0,0,1831,0.0,1,0,0,1736,1483
ca_mau,mild,Reactive+T2,9,80.0,narrow,0.1,2024,2160,981,0,94.2809,80.0,2,2,2,0,0,0.0,0,1804,0.0,1,0,0,1736,1483
ca_mau,mild,Reactive+blindARQ,0,80.0,narrow,0.1,2024,2160,981,0,94.2809,80.0,2,2,2,0,0,0.0,0,1861,0.0,1,0,0,1736,1483
ca_mau,mild,Reactive+blindARQ,1,80.0,narrow,0.1,2024,2160,981,0,94.2798,80.0,2,4,2,2,0,0.0,0,1864,0.6086,1,0,0,1736,1485
ca_mau,mild,Reactive+blindARQ,2,80.0,narrow,0.1,2024,2160,981,0,94.2809,80.0,2,2,2,0,0,0.0,0,1857,0.0,1,0,0,1736,1483
ca_mau,mild,Reactive+blindARQ,3,80.0,narrow,0.1,2024,2160,981,0,94.2809,80.0,2,2,2,0,0,0.0,0,1824,0.0,1,0,0,1736,1483
ca_mau,mild,Reactive+blindARQ,4,80.0,narrow,0.1,2024,2160,981,0,94.2809,80.0,2,2,2,0,1,20.0,0,1831,0.0,1,0,0,1736,1483
ca_mau,mild,Reactive+blindARQ,5,80.0,narrow,0.1,2024,2160,981,0,94.2809,80.0,2,2,2,0,0,0.0,0,1826,0.0,1,0,0,1736,1483
ca_mau,mild,Reactive+blindARQ,6,80.0,narrow,0.1,2024,2160,981,0,94.2767,80.0,2,4,2,2,0,0.0,0,1835,0.9354,1,0,0,1736,1485
ca_mau,mild,Reactive+blindARQ,7,80.0,narrow,0.1,2024,2160,981,0,94.2809,80.0,2,2,2,0,1,20.0,0,1839,0.0,1,0,0,1736,1483
ca_mau,mild,Reactive+blindARQ,8,80.0,narrow,0.1,2024,2160,981,0,94.2809,80.0,2,2,2,0,0,0.0,0,1831,0.0,1,0,0,1736,1483
ca_mau,mild,Reactive+blindARQ,9,80.0,narrow,0.1,2024,2160,981,0,94.2809,80.0,2,2,2,0,0,0.0,0,1804,0.0,1,0,0,1736,1483
ca_mau,mild,FixedSchedule,0,80.0,narrow,0.1,2024,2160,1153,0,114.6086,80.0,2,2,2,0,0,0.0,0,1861,0.0,1,0,0,1904,1618
ca_mau,mild,FixedSchedule,1,80.0,narrow,0.1,2024,2160,1153,0,114.6086,80.0,2,2,2,0,0,0.0,0,1864,0.0,1,0,0,1904,1618
ca_mau,mild,FixedSchedule,2,80.0,narrow,0.1,2024,2160,1153,0,114.6086,80.0,2,2,2,0,0,0.0,0,1857,0.0,1,0,0,1904,1618
ca_mau,mild,FixedSchedule,3,80.0,narrow,0.1,2024,2160,1153,0,114.6086,80.0,2,2,2,0,0,0.0,0,1824,0.0,1,0,0,1904,1618
ca_mau,mild,FixedSchedule,4,80.0,narrow,0.1,2024,2160,1153,0,114.6086,80.0,2,2,2,0,1,20.0,0,1831,0.0,1,0,0,1904,1618
ca_mau,mild,FixedSchedule,5,80.0,narrow,0.1,2024,2160,1153,0,114.6086,80.0,2,2,2,0,0,0.0,0,1826,0.0,1,0,0,1904,1618
ca_mau,mild,FixedSchedule,6,80.0,narrow,0.1,2024,2160,1153,0,114.6082,80.0,2,3,2,1,0,0.0,0,1835,5.2232,1,0,0,1904,1619
ca_mau,mild,FixedSchedule,7,80.0,narrow,0.1,2024,2160,1153,0,114.6086,80.0,2,2,2,0,1,20.0,0,1839,0.0,1,0,0,1904,1618
ca_mau,mild,FixedSchedule,8,80.0,narrow,0.1,2024,2160,1153,0,114.6086,80.0,2,2,2,0,0,0.0,0,1831,0.0,1,0,0,1904,1618
ca_mau,mild,FixedSchedule,9,80.0,narrow,0.1,2024,2160,1153,0,114.6086,80.0,2,2,2,0,0,0.0,0,1804,0.0,1,0,0,1904,1618
ca_mau,mild,Oracle,0,80.0,narrow,0.1,2024,2160,649,0,62.6067,80.0,4,4,4,0,0,0.0,0,1861,0.0,5,4,0,1862,1680
ca_mau,mild,Oracle,1,80.0,narrow,0.1,2024,2160,649,0,62.6067,80.0,4,4,4,0,1,20.0,0,1864,0.0,5,4,0,1862,1680
ca_mau,mild,Oracle,2,80.0,narrow,0.1,2024,2160,649,0,62.6067,80.0,4,5,4,1,2,40.0,0,1857,0.4303,5,4,0,1863,1680
ca_mau,mild,Oracle,3,80.0,narrow,0.1,2024,2160,649,0,62.6067,80.0,4,4,4,0,2,40.0,0,1824,0.0,5,4,0,1862,1680
ca_mau,mild,Oracle,4,80.0,narrow,0.1,2024,2160,649,0,62.6067,80.0,4,4,4,0,1,20.0,0,1831,0.0,5,4,0,1862,1680
ca_mau,mild,Oracle,5,80.0,narrow,0.1,2024,2160,649,0,62.6067,80.0,4,4,4,0,1,20.0,0,1826,0.0,5,4,0,1862,1680
ca_mau,mild,Oracle,6,80.0,narrow,0.1,2024,2160,649,0,62.6067,80.0,4,4,4,0,3,60.0,0,1835,0.0,5,4,0,1862,1680
ca_mau,mild,Oracle,7,80.0,narrow,0.1,2024,2160,649,0,62.6056,80.0,4,6,4,2,2,40.0,0,1839,0.6086,5,4,0,1864,1680
ca_mau,mild,Oracle,8,80.0,narrow,0.1,2024,2160,649,0,62.6067,80.0,4,4,4,0,0,0.0,0,1831,0.0,5,4,0,1862,1680
ca_mau,mild,Oracle,9,80.0,narrow,0.1,2024,2160,649,0,62.6067,80.0,4,4,4,0,1,20.0,0,1804,0.0,5,4,0,1862,1680
ca_mau,mild,TwinGate+T2+centre,0,80.0,narrow,0.1,2024,2160,799,0,79.8043,80.0,5,6,4,1,0,0.0,85,1861,0.6086,5,0,4,1728,1548
ca_mau,mild,TwinGate+T2+centre,1,80.0,narrow,0.1,2024,2160,846,0,81.7534,80.0,3,4,4,1,1,20.0,87,1864,0.0,4,0,3,1680,1467
ca_mau,mild,TwinGate+T2+centre,2,80.0,narrow,0.1,2024,2160,846,0,81.7534,80.0,3,5,4,2,2,40.0,87,1857,0.4303,4,0,3,1681,1468
ca_mau,mild,TwinGate+T2+centre,3,80.0,narrow,0.1,2024,2160,842,0,81.176,80.0,3,4,4,1,2,40.0,87,1824,0.0,4,0,3,1698,1478
ca_mau,mild,TwinGate+T2+centre,4,80.0,narrow,0.1,2024,2160,810,0,80.7866,80.0,4,5,4,1,1,20.0,86,1831,0.4303,5,0,4,1682,1514
ca_mau,mild,TwinGate+T2+centre,5,80.0,narrow,0.1,2024,2160,842,0,81.176,80.0,3,4,4,1,1,20.0,87,1826,0.0,4,0,3,1698,1478
ca_mau,mild,TwinGate+T2+centre,6,80.0,narrow,0.1,2024,2160,863,0,82.2341,80.0,2,4,4,2,3,60.0,88,1835,0.0,3,0,2,1671,1457
ca_mau,mild,TwinGate+T2+centre,7,80.0,narrow,0.1,2024,2160,863,0,82.2341,80.0,2,4,4,2,2,40.0,88,1839,0.0,3,0,2,1671,1457
ca_mau,mild,TwinGate+T2+centre,8,80.0,narrow,0.1,2024,2160,810,0,80.7866,80.0,4,4,4,0,0,0.0,86,1831,0.0,5,0,4,1682,1514
ca_mau,mild,TwinGate+T2+centre,9,80.0,narrow,0.1,2024,2160,842,0,81.1714,80.0,3,5,4,2,1,20.0,87,1804,0.4303,4,0,3,1699,1479
ca_mau,mild,TwinGate+T2,0,160.0,awd,0.02,2024,2160,121,0,2.404,160.0,11,16,8,5,0,0.0,79,1861,1.2172,9,8,0,1768,1657
ca_mau,mild,TwinGate+T2,1,160.0,awd,0.02,2024,2160,188,0,6.3453,160.0,8,9,8,1,1,20.0,82,1864,0.4303,9,8,0,1727,1667
ca_mau,mild,TwinGate+T2,2,160.0,awd,0.02,2024,2160,314,0,22.2435,160.0,5,8,8,3,5,100.0,85,1857,0.0,6,5,0,1587,1448
ca_mau,mild,TwinGate+T2,3,160.0,awd,0.02,2024,2160,241,0,12.7954,160.0,6,10,8,4,4,80.0,84,1824,0.6086,7,6,0,1665,1527
ca_mau,mild,TwinGate+T2,4,160.0,awd,0.02,2024,2160,244,0,13.7091,160.0,8,12,8,4,2,40.0,82,1831,1.1384,7,6,0,1663,1514
ca_mau,mild,TwinGate+T2,5,160.0,awd,0.02,2024,2160,261,0,14.5839,160.0,7,10,8,3,3,60.0,83,1826,0.6086,7,6,0,1630,1546
ca_mau,mild,TwinGate+T2,6,160.0,awd,0.02,2024,2160,312,0,21.2236,160.0,5,8,8,3,5,100.0,85,1835,0.0,6,5,0,1599,1435
ca_mau,mild,TwinGate+T2,7,160.0,awd,0.02,2024,2160,262,0,14.7513,160.0,7,11,8,4,3,60.0,83,1839,0.7454,7,6,0,1638,1513
ca_mau,mild,TwinGate+T2,8,160.0,awd,0.02,2024,2160,188,0,6.3436,160.0,8,10,8,2,1,20.0,82,1831,0.6086,9,8,0,1728,1667
ca_mau,mild,TwinGate+T2,9,160.0,awd,0.02,2024,2160,188,0,6.3436,160.0,8,11,8,3,2,40.0,82,1804,0.7454,9,8,0,1728,1667
ca_mau,mild,TwinGate+blindARQ,0,160.0,awd,0.02,2024,2160,190,0,6.3801,160.0,8,15,8,7,0,0.0,82,1861,1.1386,9,8,0,1749,1659
ca_mau,mild,TwinGate+blindARQ,1,160.0,awd,0.02,2024,2160,214,0,8.9772,160.0,7,9,8,2,1,20.0,83,1864,0.4303,8,7,0,1721,1596
ca_mau,mild,TwinGate+blindARQ,2,160.0,awd,0.02,2024,2160,530,0,49.2876,160.0,3,8,8,5,5,100.0,87,1857,0.0,4,3,0,1561,1371
ca_mau,mild,TwinGate+blindARQ,3,160.0,awd,0.02,2024,2160,382,0,29.7408,160.0,4,9,8,5,4,80.0,86,1824,0.4303,5,4,0,1563,1382
ca_mau,mild,TwinGate+blindARQ,4,160.0,awd,0.02,2024,2160,266,0,16.4578,160.0,6,11,8,5,2,40.0,84,1831,1.0539,7,6,0,1630,1515
ca_mau,mild,TwinGate+blindARQ,5,160.0,awd,0.02,2024,2160,332,0,23.362,160.0,5,14,8,9,3,60.0,85,1826,0.9413,6,5,0,1614,1485
ca_mau,mild,TwinGate+blindARQ,6,160.0,awd,0.02,2024,2160,521,0,47.1809,160.0,3,8,8,5,5,100.0,87,1835,0.0,4,3,0,1580,1369
ca_mau,mild,TwinGate+blindARQ,7,160.0,awd,0.02,2024,2160,312,0,21.2214,160.0,5,11,8,6,3,60.0,85,1839,0.7454,6,5,0,1602,1437
ca_mau,mild,TwinGate+blindARQ,8,160.0,awd,0.02,2024,2160,239,0,11.715,160.0,7,11,8,4,1,20.0,83,1831,0.7454,8,7,0,1666,1572
ca_mau,mild,TwinGate+blindARQ,9,160.0,awd,0.02,2024,2160,266,0,16.4512,160.0,6,13,8,7,2,40.0,84,1804,1.2172,7,6,0,1634,1535
ca_mau,mild,Reactive+T2,0,160.0,awd,0.02,2024,2160,698,0,69.9903,160.0,3,3,3,0,0,0.0,0,1861,0.0,1,0,0,1474,1255
ca_mau,mild,Reactive+T2,1,160.0,awd,0.02,2024,2160,692,0,67.5174,160.0,4,5,3,1,0,0.0,0,1864,1.2196,2,0,1,1460,1253
ca_mau,mild,Reactive+T2,2,160.0,awd,0.02,2024,2160,698,0,69.9884,160.0,3,4,3,1,0,0.0,0,1857,0.8607,1,0,0,1474,1256
ca_mau,mild,Reactive+T2,3,160.0,awd,0.02,2024,2160,698,0,69.9903,160.0,3,3,3,0,1,40.0,0,1824,0.0,1,0,0,1474,1255
ca_mau,mild,Reactive+T2,4,160.0,awd,0.02,2024,2160,890,0,85.0018,160.0,2,3,3,1,1,60.0,0,1831,0.0,1,0,0,1647,1409
ca_mau,mild,Reactive+T2,5,160.0,awd,0.02,2024,2160,698,0,69.9903,160.0,3,3,3,0,1,40.0,0,1826,0.0,1,0,0,1474,1255
ca_mau,mild,Reactive+T2,6,160.0,awd,0.02,2024,2160,698,0,69.9867,160.0,3,5,3,2,1,40.0,0,1835,1.1971,1,0,0,1474,1257
ca_mau,mild,Reactive+T2,7,160.0,awd,0.02,2024,2160,698,0,69.9903,160.0,3,4,3,1,1,60.0,0,1839,0.0002,1,0,0,1474,1255
ca_mau,mild,Reactive+T2,8,160.0,awd,0.02,2024,2160,698,0,69.9903,160.0,3,3,3,0,0,0.0,0,1831,0.0,1,0,0,1474,1255
ca_mau,mild,Reactive+T2,9,160.0,awd,0.02,2024,2160,698,0,69.9903,160.0,3,3,3,0,1,40.0,0,1804,0.0,1,0,0,1474,1255
ca_mau,mild,Reactive+blindARQ,0,160.0,awd,0.02,2024,2160,698,0,69.9903,160.0,3,3,3,0,0,0.0,0,1861,0.0,1,0,0,1474,1255
ca_mau,mild,Reactive+blindARQ,1,160.0,awd,0.02,2024,2160,698,0,69.9836,160.0,3,6,3,3,0,0.0,0,1864,1.4927,1,0,0,1474,1258
ca_mau,mild,Reactive+blindARQ,2,160.0,awd,0.02,2024,2160,698,0,69.9884,160.0,3,4,3,1,0,0.0,0,1857,0.8607,1,0,0,1474,1256
ca_mau,mild,Reactive+blindARQ,3,160.0,awd,0.02,2024,2160,698,0,69.9903,160.0,3,3,3,0,1,40.0,0,1824,0.0,1,0,0,1474,1255
ca_mau,mild,Reactive+blindARQ,4,160.0,awd,0.02,2024,2160,890,0,85.0018,160.0,2,3,3,1,1,60.0,0,1831,0.0,1,0,0,1647,1409
ca_mau,mild,Reactive+blindARQ,5,160.0,awd,0.02,2024,2160,698,0,69.9903,160.0,3,3,3,0,1,40.0,0,1826,0.0,1,0,0,1474,1255
ca_mau,mild,Reactive+blindARQ,6,160.0,awd,0.02,2024,2160,890,0,84.9958,160.0,2,7,3,5,1,60.0,0,1835,1.1961,1,0,0,1647,1411
ca_mau,mild,Reactive+blindARQ,7,160.0,awd,0.02,2024,2160,890,0,85.0,160.0,2,4,3,2,1,60.0,0,1839,0.0002,1,0,0,1647,1409
ca_mau,mild,Reactive+blindARQ,8,160.0,awd,0.02,2024,2160,698,0,69.9903,160.0,3,3,3,0,0,0.0,0,1831,0.0,1,0,0,1474,1255
ca_mau,mild,Reactive+blindARQ,9,160.0,awd,0.02,2024,2160,698,0,69.9903,160.0,3,3,3,0,1,40.0,0,1804,0.0,1,0,0,1474,1255
ca_mau,mild,FixedSchedule,0,160.0,awd,0.02,2024,2160,949,0,90.1214,160.0,3,3,3,0,0,0.0,0,1861,0.0,1,0,0,1693,1429
ca_mau,mild,FixedSchedule,1,160.0,awd,0.02,2024,2160,949,0,90.1214,160.0,3,3,3,0,0,0.0,0,1864,0.0,1,0,0,1693,1429
ca_mau,mild,FixedSchedule,2,160.0,awd,0.02,2024,2160,949,0,90.1214,160.0,3,4,3,1,0,0.0,0,1857,0.9773,1,0,0,1693,1430
ca_mau,mild,FixedSchedule,3,160.0,awd,0.02,2024,2160,949,0,90.1214,160.0,3,3,3,0,1,40.0,0,1824,0.0,1,0,0,1693,1429
ca_mau,mild,FixedSchedule,4,160.0,awd,0.02,2024,2160,1085,0,104.8231,160.0,2,3,3,1,1,60.0,0,1831,0.0,1,0,0,1812,1544
ca_mau,mild,FixedSchedule,5,160.0,awd,0.02,2024,2160,949,0,90.1214,160.0,3,3,3,0,1,40.0,0,1826,0.0,1,0,0,1693,1429
ca_mau,mild,FixedSchedule,6,160.0,awd,0.02,2024,2160,1085,0,104.8186,160.0,2,4,3,2,1,60.0,0,1835,0.8294,1,0,0,1812,1545
ca_mau,mild,FixedSchedule,7,160.0,awd,0.02,2024,2160,1085,0,104.8231,160.0,2,3,3,1,1,60.0,0,1839,0.0,1,0,0,1812,1544
ca_mau,mild,FixedSchedule,8,160.0,awd,0.02,2024,2160,949,0,90.1214,160.0,3,3,3,0,0,0.0,0,1831,0.0,1,0,0,1693,1429
ca_mau,mild,FixedSchedule,9,160.0,awd,0.02,2024,2160,949,0,90.1214,160.0,3,3,3,0,1,40.0,0,1804,0.0,1,0,0,1693,1429
ca_mau,mild,Oracle,0,160.0,awd,0.02,2024,2160,57,0,0.9309,160.0,8,8,8,0,0,0.0,0,1861,0.0,9,8,0,1797,1661
ca_mau,mild,Oracle,1,160.0,awd,0.02,2024,2160,57,0,0.9295,160.0,8,10,8,2,1,20.0,0,1864,0.7453,9,8,0,1799,1661
ca_mau,mild,Oracle,2,160.0,awd,0.02,2024,2160,57,0,0.9291,160.0,8,13,8,5,3,60.0,0,1857,1.054,9,8,0,1802,1661
ca_mau,mild,Oracle,3,160.0,awd,0.02,2024,2160,57,0,0.9305,160.0,8,9,8,1,3,60.0,0,1824,0.4303,9,8,0,1798,1661
ca_mau,mild,Oracle,4,160.0,awd,0.02,2024,2160,57,0,0.9309,160.0,8,8,8,0,2,40.0,0,1831,0.0,9,8,0,1797,1661
ca_mau,mild,Oracle,5,160.0,awd,0.02,2024,2160,57,0,0.9295,160.0,8,9,8,1,3,60.0,0,1826,0.4303,9,8,0,1798,1661
ca_mau,mild,Oracle,6,160.0,awd,0.02,2024,2160,57,0,0.9309,160.0,8,8,8,0,5,100.0,0,1835,0.0,9,8,0,1797,1661
ca_mau,mild,Oracle,7,160.0,awd,0.02,2024,2160,57,0,0.9308,160.0,8,13,8,5,3,60.0,0,1839,0.9623,9,8,0,1801,1661
ca_mau,mild,Oracle,8,160.0,awd,0.02,2024,2160,57,0,0.9306,160.0,8,13,8,5,0,0.0,0,1831,0.9623,9,8,0,1801,1661
ca_mau,mild,Oracle,9,160.0,awd,0.02,2024,2160,57,0,0.9309,160.0,8,8,8,0,2,40.0,0,1804,0.0,9,8,0,1797,1661
ca_mau,mild,TwinGate+T2+centre,0,160.0,awd,0.02,2024,2160,528,0,48.2551,160.0,8,8,8,0,0,0.0,82,1861,0.0,6,0,5,1308,1224
ca_mau,mild,TwinGate+T2+centre,1,160.0,awd,0.02,2024,2160,527,0,48.0937,160.0,8,11,8,3,1,20.0,82,1864,0.9621,6,0,5,1310,1210
ca_mau,mild,TwinGate+T2+centre,2,160.0,awd,0.02,2024,2160,531,0,49.6524,160.0,5,8,8,3,5,100.0,85,1857,0.0,3,0,2,1286,1135
ca_mau,mild,TwinGate+T2+centre,3,160.0,awd,0.02,2024,2160,526,0,47.9394,160.0,8,12,8,4,3,60.0,82,1824,0.8607,5,0,4,1325,1199
ca_mau,mild,TwinGate+T2+centre,4,160.0,awd,0.02,2024,2160,528,0,48.6151,160.0,6,8,8,2,2,40.0,84,1831,0.0,6,0,5,1315,1161
ca_mau,mild,TwinGate+T2+centre,5,160.0,awd,0.02,2024,2160,520,0,46.997,160.0,9,14,8,5,2,40.0,81,1826,1.1385,6,0,5,1339,1218
ca_mau,mild,TwinGate+T2+centre,6,160.0,awd,0.02,2024,2160,529,0,48.6837,160.0,5,9,8,4,5,100.0,85,1835,0.4303,6,0,5,1317,1149
ca_mau,mild,TwinGate+T2+centre,7,160.0,awd,0.02,2024,2160,528,0,48.536,160.0,6,10,8,4,3,60.0,84,1839,0.9623,5,0,4,1321,1165
ca_mau,mild,TwinGate+T2+centre,8,160.0,awd,0.02,2024,2160,529,0,48.92,160.0,7,8,8,1,1,20.0,83,1831,0.0,5,0,4,1302,1185
ca_mau,mild,TwinGate+T2+centre,9,160.0,awd,0.02,2024,2160,527,0,48.1536,160.0,7,10,8,3,2,40.0,83,1804,1.2908,6,0,5,1311,1193
ca_mau,mild,TwinGate+T2,0,160.0,mid,0.05,2024,2160,410,0,35.1896,160.0,9,11,8,2,0,0.0,81,1861,0.7454,9,0,8,1529,1493
ca_mau,mild,TwinGate+T2,1,160.0,mid,0.05,2024,2160,413,0,35.9108,160.0,7,9,8,2,1,20.0,83,1864,0.7449,8,0,7,1527,1439
ca_mau,mild,TwinGate+T2,2,160.0,mid,0.05,2024,2160,479,0,42.7016,160.0,5,9,8,4,4,80.0,85,1857,0.4303,6,0,5,1420,1284
ca_mau,mild,TwinGate+T2,3,160.0,mid,0.05,2024,2160,436,0,38.6749,160.0,6,8,8,2,4,80.0,84,1824,0.0,7,0,6,1477,1381
ca_mau,mild,TwinGate+T2,4,160.0,mid,0.05,2024,2160,433,0,37.9139,160.0,7,9,8,2,2,40.0,83,1831,0.4303,8,0,7,1513,1401
ca_mau,mild,TwinGate+T2,5,160.0,mid,0.05,2024,2160,436,0,38.6749,160.0,6,9,8,3,3,60.0,84,1826,0.4303,7,0,6,1478,1382
ca_mau,mild,TwinGate+T2,6,160.0,mid,0.05,2024,2160,459,0,40.8428,160.0,6,11,8,5,3,60.0,84,1835,0.7454,6,0,5,1427,1305
ca_mau,mild,TwinGate+T2,7,160.0,mid,0.05,2024,2160,459,0,40.8437,160.0,6,10,8,4,3,60.0,84,1839,0.6086,6,0,5,1426,1304
ca_mau,mild,TwinGate+T2,8,160.0,mid,0.05,2024,2160,435,0,38.2134,160.0,7,9,8,2,1,20.0,83,1831,0.4303,8,0,7,1486,1413
ca_mau,mild,TwinGate+T2,9,160.0,mid,0.05,2024,2160,433,0,37.9139,160.0,7,9,8,2,2,40.0,83,1804,0.4303,8,0,7,1513,1401
ca_mau,mild,TwinGate+blindARQ,0,160.0,mid,0.05,2024,2160,412,0,35.7381,160.0,8,11,8,3,0,0.0,82,1861,0.7454,9,0,8,1544,1469
ca_mau,mild,TwinGate+blindARQ,1,160.0,mid,0.05,2024,2160,413,0,35.9108,160.0,7,9,8,2,1,20.0,83,1864,0.7449,8,0,7,1527,1439
ca_mau,mild,TwinGate+blindARQ,2,160.0,mid,0.05,2024,2160,678,0,67.2256,160.0,3,8,8,5,5,100.0,87,1857,0.0,4,0,3,1542,1337
ca_mau,mild,TwinGate+blindARQ,3,160.0,mid,0.05,2024,2160,601,0,56.1589,160.0,4,8,8,4,4,80.0,86,1824,0.0,5,0,4,1480,1299
ca_mau,mild,TwinGate+blindARQ,4,160.0,mid,0.05,2024,2160,457,0,39.9361,160.0,6,10,8,4,2,40.0,84,1831,0.6086,7,0,6,1437,1374
ca_mau,mild,TwinGate+blindARQ,5,160.0,mid,0.05,2024,2160,503,0,45.959,160.0,5,8,8,3,3,60.0,85,1826,0.0,6,0,5,1446,1307
ca_mau,mild,TwinGate+blindARQ,6,160.0,mid,0.05,2024,2160,678,0,67.2256,160.0,3,8,8,5,5,100.0,87,1835,0.0,4,0,3,1541,1336
ca_mau,mild,TwinGate+blindARQ,7,160.0,mid,0.05,2024,2160,477,0,41.6718,160.0,5,13,8,8,3,60.0,85,1839,1.371,6,0,5,1442,1306
ca_mau,mild,TwinGate+blindARQ,8,160.0,mid,0.05,2024,2160,435,0,38.2134,160.0,7,9,8,2,1,20.0,83,1831,0.4303,8,0,7,1486,1413
ca_mau,mild,TwinGate+blindARQ,9,160.0,mid,0.05,2024,2160,457,0,39.9646,160.0,6,11,8,5,2,40.0,84,1804,0.7454,7,0,6,1439,1363
ca_mau,mild,Reactive+T2,0,160.0,mid,0.05,2024,2160,698,0,69.9903,160.0,3,3,3,0,0,0.0,0,1861,0.0,1,0,0,1474,1255
ca_mau,mild,Reactive+T2,1,160.0,mid,0.05,2024,2160,692,0,67.5174,160.0,4,5,3,1,0,0.0,0,1864,1.2196,2,0,1,1460,1253
ca_mau,mild,Reactive+T2,2,160.0,mid,0.05,2024,2160,698,0,69.9884,160.0,3,4,3,1,0,0.0,0,1857,0.8607,1,0,0,1474,1256
ca_mau,mild,Reactive+T2,3,160.0,mid,0.05,2024,2160,698,0,69.9903,160.0,3,3,3,0,1,40.0,0,1824,0.0,1,0,0,1474,1255
ca_mau,mild,Reactive+T2,4,160.0,mid,0.05,2024,2160,890,0,85.0018,160.0,2,3,3,1,1,60.0,0,1831,0.0,1,0,0,1647,1409
ca_mau,mild,Reactive+T2,5,160.0,mid,0.05,2024,2160,698,0,69.9903,160.0,3,3,3,0,1,40.0,0,1826,0.0,1,0,0,1474,1255
ca_mau,mild,Reactive+T2,6,160.0,mid,0.05,2024,2160,698,0,69.9867,160.0,3,5,3,2,1,40.0,0,1835,1.1971,1,0,0,1474,1257
ca_mau,mild,Reactive+T2,7,160.0,mid,0.05,2024,2160,698,0,69.9903,160.0,3,4,3,1,1,60.0,0,1839,0.0002,1,0,0,1474,1255
ca_mau,mild,Reactive+T2,8,160.0,mid,0.05,2024,2160,698,0,69.9903,160.0,3,3,3,0,0,0.0,0,1831,0.0,1,0,0,1474,1255
ca_mau,mild,Reactive+T2,9,160.0,mid,0.05,2024,2160,698,0,69.9903,160.0,3,3,3,0,1,40.0,0,1804,0.0,1,0,0,1474,1255
ca_mau,mild,Reactive+blindARQ,0,160.0,mid,0.05,2024,2160,698,0,69.9903,160.0,3,3,3,0,0,0.0,0,1861,0.0,1,0,0,1474,1255
ca_mau,mild,Reactive+blindARQ,1,160.0,mid,0.05,2024,2160,698,0,69.9836,160.0,3,6,3,3,0,0.0,0,1864,1.4927,1,0,0,1474,1258
ca_mau,mild,Reactive+blindARQ,2,160.0,mid,0.05,2024,2160,698,0,69.9884,160.0,3,4,3,1,0,0.0,0,1857,0.8607,1,0,0,1474,1256
ca_mau,mild,Reactive+blindARQ,3,160.0,mid,0.05,2024,2160,698,0,69.9903,160.0,3,3,3,0,1,40.0,0,1824,0.0,1,0,0,1474,1255
ca_mau,mild,Reactive+blindARQ,4,160.0,mid,0.05,2024,2160,890,0,85.0018,160.0,2,3,3,1,1,60.0,0,1831,0.0,1,0,0,1647,1409
ca_mau,mild,Reactive+blindARQ,5,160.0,mid,0.05,2024,2160,698,0,69.9903,160.0,3,3,3,0,1,40.0,0,1826,0.0,1,0,0,1474,1255
ca_mau,mild,Reactive+blindARQ,6,160.0,mid,0.05,2024,2160,890,0,84.9958,160.0,2,7,3,5,1,60.0,0,1835,1.1961,1,0,0,1647,1411
ca_mau,mild,Reactive+blindARQ,7,160.0,mid,0.05,2024,2160,890,0,85.0,160.0,2,4,3,2,1,60.0,0,1839,0.0002,1,0,0,1647,1409
ca_mau,mild,Reactive+blindARQ,8,160.0,mid,0.05,2024,2160,698,0,69.9903,160.0,3,3,3,0,0,0.0,0,1831,0.0,1,0,0,1474,1255
ca_mau,mild,Reactive+blindARQ,9,160.0,mid,0.05,2024,2160,698,0,69.9903,160.0,3,3,3,0,1,40.0,0,1804,0.0,1,0,0,1474,1255
ca_mau,mild,FixedSchedule,0,160.0,mid,0.05,2024,2160,949,0,90.1214,160.0,3,3,3,0,0,0.0,0,1861,0.0,1,0,0,1693,1429
ca_mau,mild,FixedSchedule,1,160.0,mid,0.05,2024,2160,949,0,90.1214,160.0,3,3,3,0,0,0.0,0,1864,0.0,1,0,0,1693,1429
ca_mau,mild,FixedSchedule,2,160.0,mid,0.05,2024,2160,949,0,90.1214,160.0,3,4,3,1,0,0.0,0,1857,0.9773,1,0,0,1693,1430
ca_mau,mild,FixedSchedule,3,160.0,mid,0.05,2024,2160,949,0,90.1214,160.0,3,3,3,0,1,40.0,0,1824,0.0,1,0,0,1693,1429
ca_mau,mild,FixedSchedule,4,160.0,mid,0.05,2024,2160,1085,0,104.8231,160.0,2,3,3,1,1,60.0,0,1831,0.0,1,0,0,1812,1544
ca_mau,mild,FixedSchedule,5,160.0,mid,0.05,2024,2160,949,0,90.1214,160.0,3,3,3,0,1,40.0,0,1826,0.0,1,0,0,1693,1429
ca_mau,mild,FixedSchedule,6,160.0,mid,0.05,2024,2160,1085,0,104.8186,160.0,2,4,3,2,1,60.0,0,1835,0.8294,1,0,0,1812,1545
ca_mau,mild,FixedSchedule,7,160.0,mid,0.05,2024,2160,1085,0,104.8231,160.0,2,3,3,1,1,60.0,0,1839,0.0,1,0,0,1812,1544
ca_mau,mild,FixedSchedule,8,160.0,mid,0.05,2024,2160,949,0,90.1214,160.0,3,3,3,0,0,0.0,0,1831,0.0,1,0,0,1693,1429
ca_mau,mild,FixedSchedule,9,160.0,mid,0.05,2024,2160,949,0,90.1214,160.0,3,3,3,0,1,40.0,0,1804,0.0,1,0,0,1693,1429
ca_mau,mild,Oracle,0,160.0,mid,0.05,2024,2160,57,0,0.9309,160.0,8,8,8,0,0,0.0,0,1861,0.0,9,8,0,1797,1661
ca_mau,mild,Oracle,1,160.0,mid,0.05,2024,2160,57,0,0.9295,160.0,8,10,8,2,1,20.0,0,1864,0.7453,9,8,0,1799,1661
ca_mau,mild,Oracle,2,160.0,mid,0.05,2024,2160,57,0,0.9291,160.0,8,13,8,5,3,60.0,0,1857,1.054,9,8,0,1802,1661
ca_mau,mild,Oracle,3,160.0,mid,0.05,2024,2160,57,0,0.9305,160.0,8,9,8,1,3,60.0,0,1824,0.4303,9,8,0,1798,1661
ca_mau,mild,Oracle,4,160.0,mid,0.05,2024,2160,57,0,0.9309,160.0,8,8,8,0,2,40.0,0,1831,0.0,9,8,0,1797,1661
ca_mau,mild,Oracle,5,160.0,mid,0.05,2024,2160,57,0,0.9295,160.0,8,9,8,1,3,60.0,0,1826,0.4303,9,8,0,1798,1661
ca_mau,mild,Oracle,6,160.0,mid,0.05,2024,2160,57,0,0.9309,160.0,8,8,8,0,5,100.0,0,1835,0.0,9,8,0,1797,1661
ca_mau,mild,Oracle,7,160.0,mid,0.05,2024,2160,57,0,0.9308,160.0,8,13,8,5,3,60.0,0,1839,0.9623,9,8,0,1801,1661
ca_mau,mild,Oracle,8,160.0,mid,0.05,2024,2160,57,0,0.9306,160.0,8,13,8,5,0,0.0,0,1831,0.9623,9,8,0,1801,1661
ca_mau,mild,Oracle,9,160.0,mid,0.05,2024,2160,57,0,0.9309,160.0,8,8,8,0,2,40.0,0,1804,0.0,9,8,0,1797,1661
ca_mau,mild,TwinGate+T2+centre,0,160.0,mid,0.05,2024,2160,528,0,48.2551,160.0,8,8,8,0,0,0.0,82,1861,0.0,6,0,5,1308,1224
ca_mau,mild,TwinGate+T2+centre,1,160.0,mid,0.05,2024,2160,527,0,48.0937,160.0,8,11,8,3,1,20.0,82,1864,0.9621,6,0,5,1310,1210
ca_mau,mild,TwinGate+T2+centre,2,160.0,mid,0.05,2024,2160,531,0,49.6524,160.0,5,8,8,3,5,100.0,85,1857,0.0,3,0,2,1286,1135
ca_mau,mild,TwinGate+T2+centre,3,160.0,mid,0.05,2024,2160,526,0,47.9394,160.0,8,12,8,4,3,60.0,82,1824,0.8607,5,0,4,1325,1199
ca_mau,mild,TwinGate+T2+centre,4,160.0,mid,0.05,2024,2160,528,0,48.6151,160.0,6,8,8,2,2,40.0,84,1831,0.0,6,0,5,1315,1161
ca_mau,mild,TwinGate+T2+centre,5,160.0,mid,0.05,2024,2160,520,0,46.997,160.0,9,14,8,5,2,40.0,81,1826,1.1385,6,0,5,1339,1218
ca_mau,mild,TwinGate+T2+centre,6,160.0,mid,0.05,2024,2160,529,0,48.6837,160.0,5,9,8,4,5,100.0,85,1835,0.4303,6,0,5,1317,1149
ca_mau,mild,TwinGate+T2+centre,7,160.0,mid,0.05,2024,2160,528,0,48.536,160.0,6,10,8,4,3,60.0,84,1839,0.9623,5,0,4,1321,1165
ca_mau,mild,TwinGate+T2+centre,8,160.0,mid,0.05,2024,2160,529,0,48.92,160.0,7,8,8,1,1,20.0,83,1831,0.0,5,0,4,1302,1185
ca_mau,mild,TwinGate+T2+centre,9,160.0,mid,0.05,2024,2160,527,0,48.1536,160.0,7,10,8,3,2,40.0,83,1804,1.2908,6,0,5,1311,1193
ca_mau,mild,TwinGate+T2,0,160.0,narrow,0.1,2024,2160,479,0,42.4902,160.0,9,11,8,2,0,0.0,81,1861,0.8607,9,0,8,1431,1376
ca_mau,mild,TwinGate+T2,1,160.0,narrow,0.1,2024,2160,480,0,42.9198,160.0,7,9,8,2,1,20.0,83,1864,0.6085,8,0,7,1416,1325
ca_mau,mild,TwinGate+T2,2,160.0,narrow,0.1,2024,2160,502,0,45.7548,160.0,5,9,8,4,5,100.0,85,1857,0.4303,6,0,5,1370,1220
ca_mau,mild,TwinGate+T2,3,160.0,narrow,0.1,2024,2160,484,0,44.6712,160.0,6,8,8,2,4,80.0,84,1824,0.0,7,0,6,1396,1269
ca_mau,mild,TwinGate+T2,4,160.0,narrow,0.1,2024,2160,479,0,42.4871,160.0,8,11,8,3,2,40.0,82,1831,0.7454,8,0,7,1391,1334
ca_mau,mild,TwinGate+T2,5,160.0,narrow,0.1,2024,2160,457,0,40.0375,160.0,9,14,8,5,1,20.0,81,1826,1.0541,8,1,6,1472,1359
ca_mau,mild,TwinGate+T2,6,160.0,narrow,0.1,2024,2160,514,0,46.7054,160.0,5,8,8,3,5,100.0,85,1835,0.0,6,0,5,1330,1220
ca_mau,mild,TwinGate+T2,7,160.0,narrow,0.1,2024,2160,514,0,46.7054,160.0,5,8,8,3,3,60.0,85,1839,0.0,6,0,5,1330,1220
ca_mau,mild,TwinGate+T2,8,160.0,narrow,0.1,2024,2160,483,0,44.402,160.0,7,8,8,1,1,20.0,83,1831,0.0,8,0,7,1373,1288
ca_mau,mild,TwinGate+T2,9,160.0,narrow,0.1,2024,2160,482,0,44.0778,160.0,6,9,8,3,2,40.0,84,1804,0.4303,7,0,6,1400,1292
ca_mau,mild,TwinGate+blindARQ,0,160.0,narrow,0.1,2024,2160,479,0,42.7417,160.0,8,11,8,3,0,0.0,82,1861,0.8607,9,0,8,1397,1367
ca_mau,mild,TwinGate+blindARQ,1,160.0,narrow,0.1,2024,2160,480,0,42.9198,160.0,7,9,8,2,1,20.0,83,1864,0.6085,8,0,7,1416,1325
ca_mau,mild,TwinGate+blindARQ,2,160.0,narrow,0.1,2024,2160,719,0,71.6313,160.0,3,11,8,8,5,100.0,87,1857,0.6172,4,0,3,1557,1336
ca_mau,mild,TwinGate+blindARQ,3,160.0,narrow,0.1,2024,2160,647,0,62.1386,160.0,4,11,8,7,4,80.0,86,1824,0.8607,5,0,4,1475,1301
ca_mau,mild,TwinGate+blindARQ,4,160.0,narrow,0.1,2024,2160,482,0,44.0486,160.0,6,13,8,7,2,40.0,84,1831,0.9623,7,0,6,1404,1313
ca_mau,mild,TwinGate+blindARQ,5,160.0,narrow,0.1,2024,2160,551,0,51.0818,160.0,5,12,8,7,3,60.0,85,1826,0.8607,6,0,5,1439,1290
ca_mau,mild,TwinGate+blindARQ,6,160.0,narrow,0.1,2024,2160,697,0,69.4223,160.0,3,8,8,5,5,100.0,87,1835,0.0,4,0,3,1557,1336
ca_mau,mild,TwinGate+blindARQ,7,160.0,narrow,0.1,2024,2160,514,0,46.7054,160.0,5,8,8,3,3,60.0,85,1839,0.0,6,0,5,1330,1220
ca_mau,mild,TwinGate+blindARQ,8,160.0,narrow,0.1,2024,2160,483,0,44.402,160.0,7,8,8,1,1,20.0,83,1831,0.0,8,0,7,1373,1288
ca_mau,mild,TwinGate+blindARQ,9,160.0,narrow,0.1,2024,2160,482,0,44.0778,160.0,6,9,8,3,2,40.0,84,1804,0.4303,7,0,6,1400,1292
ca_mau,mild,Reactive+T2,0,160.0,narrow,0.1,2024,2160,698,0,69.9903,160.0,3,3,3,0,0,0.0,0,1861,0.0,1,0,0,1474,1255
ca_mau,mild,Reactive+T2,1,160.0,narrow,0.1,2024,2160,692,0,67.5174,160.0,4,5,3,1,0,0.0,0,1864,1.2196,2,0,1,1460,1253
ca_mau,mild,Reactive+T2,2,160.0,narrow,0.1,2024,2160,698,0,69.9884,160.0,3,4,3,1,0,0.0,0,1857,0.8607,1,0,0,1474,1256
ca_mau,mild,Reactive+T2,3,160.0,narrow,0.1,2024,2160,698,0,69.9903,160.0,3,3,3,0,1,40.0,0,1824,0.0,1,0,0,1474,1255
ca_mau,mild,Reactive+T2,4,160.0,narrow,0.1,2024,2160,890,0,85.0018,160.0,2,3,3,1,1,60.0,0,1831,0.0,1,0,0,1647,1409
ca_mau,mild,Reactive+T2,5,160.0,narrow,0.1,2024,2160,698,0,69.9903,160.0,3,3,3,0,1,40.0,0,1826,0.0,1,0,0,1474,1255
ca_mau,mild,Reactive+T2,6,160.0,narrow,0.1,2024,2160,698,0,69.9867,160.0,3,5,3,2,1,40.0,0,1835,1.1971,1,0,0,1474,1257
ca_mau,mild,Reactive+T2,7,160.0,narrow,0.1,2024,2160,698,0,69.9903,160.0,3,4,3,1,1,60.0,0,1839,0.0002,1,0,0,1474,1255
ca_mau,mild,Reactive+T2,8,160.0,narrow,0.1,2024,2160,698,0,69.9903,160.0,3,3,3,0,0,0.0,0,1831,0.0,1,0,0,1474,1255
ca_mau,mild,Reactive+T2,9,160.0,narrow,0.1,2024,2160,698,0,69.9903,160.0,3,3,3,0,1,40.0,0,1804,0.0,1,0,0,1474,1255
ca_mau,mild,Reactive+blindARQ,0,160.0,narrow,0.1,2024,2160,698,0,69.9903,160.0,3,3,3,0,0,0.0,0,1861,0.0,1,0,0,1474,1255
ca_mau,mild,Reactive+blindARQ,1,160.0,narrow,0.1,2024,2160,698,0,69.9836,160.0,3,6,3,3,0,0.0,0,1864,1.4927,1,0,0,1474,1258
ca_mau,mild,Reactive+blindARQ,2,160.0,narrow,0.1,2024,2160,698,0,69.9884,160.0,3,4,3,1,0,0.0,0,1857,0.8607,1,0,0,1474,1256
ca_mau,mild,Reactive+blindARQ,3,160.0,narrow,0.1,2024,2160,698,0,69.9903,160.0,3,3,3,0,1,40.0,0,1824,0.0,1,0,0,1474,1255
ca_mau,mild,Reactive+blindARQ,4,160.0,narrow,0.1,2024,2160,890,0,85.0018,160.0,2,3,3,1,1,60.0,0,1831,0.0,1,0,0,1647,1409
ca_mau,mild,Reactive+blindARQ,5,160.0,narrow,0.1,2024,2160,698,0,69.9903,160.0,3,3,3,0,1,40.0,0,1826,0.0,1,0,0,1474,1255
ca_mau,mild,Reactive+blindARQ,6,160.0,narrow,0.1,2024,2160,890,0,84.9958,160.0,2,7,3,5,1,60.0,0,1835,1.1961,1,0,0,1647,1411
ca_mau,mild,Reactive+blindARQ,7,160.0,narrow,0.1,2024,2160,890,0,85.0,160.0,2,4,3,2,1,60.0,0,1839,0.0002,1,0,0,1647,1409
ca_mau,mild,Reactive+blindARQ,8,160.0,narrow,0.1,2024,2160,698,0,69.9903,160.0,3,3,3,0,0,0.0,0,1831,0.0,1,0,0,1474,1255
ca_mau,mild,Reactive+blindARQ,9,160.0,narrow,0.1,2024,2160,698,0,69.9903,160.0,3,3,3,0,1,40.0,0,1804,0.0,1,0,0,1474,1255
ca_mau,mild,FixedSchedule,0,160.0,narrow,0.1,2024,2160,949,0,90.1214,160.0,3,3,3,0,0,0.0,0,1861,0.0,1,0,0,1693,1429
ca_mau,mild,FixedSchedule,1,160.0,narrow,0.1,2024,2160,949,0,90.1214,160.0,3,3,3,0,0,0.0,0,1864,0.0,1,0,0,1693,1429
ca_mau,mild,FixedSchedule,2,160.0,narrow,0.1,2024,2160,949,0,90.1214,160.0,3,4,3,1,0,0.0,0,1857,0.9773,1,0,0,1693,1430
ca_mau,mild,FixedSchedule,3,160.0,narrow,0.1,2024,2160,949,0,90.1214,160.0,3,3,3,0,1,40.0,0,1824,0.0,1,0,0,1693,1429
ca_mau,mild,FixedSchedule,4,160.0,narrow,0.1,2024,2160,1085,0,104.8231,160.0,2,3,3,1,1,60.0,0,1831,0.0,1,0,0,1812,1544
ca_mau,mild,FixedSchedule,5,160.0,narrow,0.1,2024,2160,949,0,90.1214,160.0,3,3,3,0,1,40.0,0,1826,0.0,1,0,0,1693,1429
ca_mau,mild,FixedSchedule,6,160.0,narrow,0.1,2024,2160,1085,0,104.8186,160.0,2,4,3,2,1,60.0,0,1835,0.8294,1,0,0,1812,1545
ca_mau,mild,FixedSchedule,7,160.0,narrow,0.1,2024,2160,1085,0,104.8231,160.0,2,3,3,1,1,60.0,0,1839,0.0,1,0,0,1812,1544
ca_mau,mild,FixedSchedule,8,160.0,narrow,0.1,2024,2160,949,0,90.1214,160.0,3,3,3,0,0,0.0,0,1831,0.0,1,0,0,1693,1429
ca_mau,mild,FixedSchedule,9,160.0,narrow,0.1,2024,2160,949,0,90.1214,160.0,3,3,3,0,1,40.0,0,1804,0.0,1,0,0,1693,1429
ca_mau,mild,Oracle,0,160.0,narrow,0.1,2024,2160,57,0,0.9309,160.0,8,8,8,0,0,0.0,0,1861,0.0,9,8,0,1797,1661
ca_mau,mild,Oracle,1,160.0,narrow,0.1,2024,2160,57,0,0.9295,160.0,8,10,8,2,1,20.0,0,1864,0.7453,9,8,0,1799,1661
ca_mau,mild,Oracle,2,160.0,narrow,0.1,2024,2160,57,0,0.9291,160.0,8,13,8,5,3,60.0,0,1857,1.054,9,8,0,1802,1661
ca_mau,mild,Oracle,3,160.0,narrow,0.1,2024,2160,57,0,0.9305,160.0,8,9,8,1,3,60.0,0,1824,0.4303,9,8,0,1798,1661
ca_mau,mild,Oracle,4,160.0,narrow,0.1,2024,2160,57,0,0.9309,160.0,8,8,8,0,2,40.0,0,1831,0.0,9,8,0,1797,1661
ca_mau,mild,Oracle,5,160.0,narrow,0.1,2024,2160,57,0,0.9295,160.0,8,9,8,1,3,60.0,0,1826,0.4303,9,8,0,1798,1661
ca_mau,mild,Oracle,6,160.0,narrow,0.1,2024,2160,57,0,0.9309,160.0,8,8,8,0,5,100.0,0,1835,0.0,9,8,0,1797,1661
ca_mau,mild,Oracle,7,160.0,narrow,0.1,2024,2160,57,0,0.9308,160.0,8,13,8,5,3,60.0,0,1839,0.9623,9,8,0,1801,1661
ca_mau,mild,Oracle,8,160.0,narrow,0.1,2024,2160,57,0,0.9306,160.0,8,13,8,5,0,0.0,0,1831,0.9623,9,8,0,1801,1661
ca_mau,mild,Oracle,9,160.0,narrow,0.1,2024,2160,57,0,0.9309,160.0,8,8,8,0,2,40.0,0,1804,0.0,9,8,0,1797,1661
ca_mau,mild,TwinGate+T2+centre,0,160.0,narrow,0.1,2024,2160,479,0,42.4902,160.0,9,11,8,2,0,0.0,81,1861,0.8607,9,0,8,1431,1376
ca_mau,mild,TwinGate+T2+centre,1,160.0,narrow,0.1,2024,2160,480,0,42.9198,160.0,7,9,8,2,1,20.0,83,1864,0.6085,8,0,7,1416,1325
ca_mau,mild,TwinGate+T2+centre,2,160.0,narrow,0.1,2024,2160,502,0,45.7548,160.0,5,9,8,4,5,100.0,85,1857,0.4303,6,0,5,1370,1220
ca_mau,mild,TwinGate+T2+centre,3,160.0,narrow,0.1,2024,2160,484,0,44.6712,160.0,6,8,8,2,4,80.0,84,1824,0.0,7,0,6,1396,1269
ca_mau,mild,TwinGate+T2+centre,4,160.0,narrow,0.1,2024,2160,479,0,42.4871,160.0,8,11,8,3,2,40.0,82,1831,0.7454,8,0,7,1391,1334
ca_mau,mild,TwinGate+T2+centre,5,160.0,narrow,0.1,2024,2160,457,0,40.0375,160.0,9,14,8,5,1,20.0,81,1826,1.0541,8,1,6,1472,1359
ca_mau,mild,TwinGate+T2+centre,6,160.0,narrow,0.1,2024,2160,514,0,46.7054,160.0,5,8,8,3,5,100.0,85,1835,0.0,6,0,5,1330,1220
ca_mau,mild,TwinGate+T2+centre,7,160.0,narrow,0.1,2024,2160,514,0,46.7054,160.0,5,8,8,3,3,60.0,85,1839,0.0,6,0,5,1330,1220
ca_mau,mild,TwinGate+T2+centre,8,160.0,narrow,0.1,2024,2160,483,0,44.402,160.0,7,8,8,1,1,20.0,83,1831,0.0,8,0,7,1373,1288
ca_mau,mild,TwinGate+T2+centre,9,160.0,narrow,0.1,2024,2160,482,0,44.0778,160.0,6,9,8,3,2,40.0,84,1804,0.4303,7,0,6,1400,1292
ca_mau,mild,TwinGate+T2,0,240.0,awd,0.02,2024,2160,0,0,0.0,200.0,13,20,10,7,1,20.0,77,1861,1.3608,10,9,0,1635,1453
ca_mau,mild,TwinGate+T2,1,240.0,awd,0.02,2024,2160,0,0,0.0,200.0,10,11,10,1,1,20.0,80,1864,0.4303,11,10,0,1673,1608
ca_mau,mild,TwinGate+T2,2,240.0,awd,0.02,2024,2160,0,0,0.0,220.0,7,11,11,4,7,140.0,83,1857,0.0,8,7,0,1450,1361
ca_mau,mild,TwinGate+T2,3,240.0,awd,0.02,2024,2160,0,0,0.0,200.0,8,12,10,4,5,100.0,82,1824,0.6086,9,8,0,1615,1504
ca_mau,mild,TwinGate+T2,4,240.0,awd,0.02,2024,2160,0,0,0.0,200.0,10,14,10,4,2,40.0,80,1831,1.1384,9,8,0,1596,1492
ca_mau,mild,TwinGate+T2,5,240.0,awd,0.02,2024,2160,0,0,0.0,200.0,9,13,10,4,4,80.0,81,1826,0.7454,9,8,0,1564,1524
ca_mau,mild,TwinGate+T2,6,240.0,awd,0.02,2024,2160,0,0,0.0,220.0,7,11,11,4,6,120.0,83,1835,0.0,8,7,0,1445,1347
ca_mau,mild,TwinGate+T2,7,240.0,awd,0.02,2024,2160,0,0,0.0,220.0,9,14,11,5,4,80.0,81,1839,0.7454,9,8,0,1500,1360
ca_mau,mild,TwinGate+T2,8,240.0,awd,0.02,2024,2160,0,0,0.0,200.0,10,12,10,2,1,20.0,80,1831,0.6086,11,10,0,1674,1608
ca_mau,mild,TwinGate+T2,9,240.0,awd,0.02,2024,2160,0,0,0.0,200.0,11,15,10,4,2,40.0,79,1804,1.217,10,10,0,1067,1497
ca_mau,mild,TwinGate+blindARQ,0,240.0,awd,0.02,2024,2160,0,0,0.0,200.0,9,18,10,9,1,20.0,81,1861,1.2172,10,9,0,1643,1568
ca_mau,mild,TwinGate+blindARQ,1,240.0,awd,0.02,2024,2160,0,0,0.0,200.0,9,11,10,2,1,20.0,81,1864,0.4303,10,9,0,1655,1575
ca_mau,mild,TwinGate+blindARQ,2,240.0,awd,0.02,2024,2160,309,0,20.1763,240.0,5,12,12,7,7,140.0,85,1857,0.0,6,5,0,1494,1371
ca_mau,mild,TwinGate+blindARQ,3,240.0,awd,0.02,2024,2160,0,0,0.0,240.0,7,25,12,18,5,100.0,83,1824,1.5516,8,7,0,1395,1230
ca_mau,mild,TwinGate+blindARQ,4,240.0,awd,0.02,2024,2160,0,0,0.0,240.0,9,15,12,6,3,60.0,81,1831,1.0539,9,9,0,935,1191
ca_mau,mild,TwinGate+blindARQ,5,240.0,awd,0.02,2024,2160,0,0,0.0,240.0,7,18,12,11,5,100.0,83,1826,0.9413,8,7,0,1396,1253
ca_mau,mild,TwinGate+blindARQ,6,240.0,awd,0.02,2024,2160,145,0,4.127,240.0,6,12,12,6,6,120.0,84,1835,0.0,7,6,0,1481,1354
ca_mau,mild,TwinGate+blindARQ,7,240.0,awd,0.02,2024,2160,0,0,0.0,220.0,7,14,11,7,4,80.0,83,1839,0.7454,8,7,0,1448,1349
ca_mau,mild,TwinGate+blindARQ,8,240.0,awd,0.02,2024,2160,0,0,0.0,200.0,9,13,10,4,1,20.0,81,1831,0.7454,10,9,0,1600,1549
ca_mau,mild,TwinGate+blindARQ,9,240.0,awd,0.02,2024,2160,0,0,0.0,200.0,8,16,10,8,2,40.0,82,1804,1.3608,9,8,0,1587,1513
ca_mau,mild,Reactive+T2,0,240.0,awd,0.02,2024,2160,521,0,47.1809,240.0,5,6,4,1,0,0.0,0,1861,1.296,2,0,1,1289,1095
ca_mau,mild,Reactive+T2,1,240.0,awd,0.02,2024,2160,678,0,67.2256,240.0,4,6,4,2,1,60.0,0,1864,1.2196,2,0,1,1445,1252
ca_mau,mild,Reactive+T2,2,240.0,awd,0.02,2024,2160,697,0,69.4324,240.0,3,5,4,2,1,60.0,0,1857,0.891,1,0,0,1472,1254
ca_mau,mild,Reactive+T2,3,240.0,awd,0.02,2024,2160,697,0,69.4434,240.0,3,4,4,1,2,120.0,0,1824,0.0,1,0,0,1472,1253
ca_mau,mild,Reactive+T2,4,240.0,awd,0.02,2024,2160,697,0,69.4434,240.0,3,4,4,1,1,60.0,0,1831,0.0,1,0,0,1472,1253
ca_mau,mild,Reactive+T2,5,240.0,awd,0.02,2024,2160,697,0,69.4434,240.0,3,4,4,1,1,60.0,0,1826,0.0,1,0,0,1472,1253
ca_mau,mild,Reactive+T2,6,240.0,awd,0.02,2024,2160,697,0,69.4324,240.0,3,6,4,3,2,120.0,0,1835,1.1971,1,0,0,1472,1255
ca_mau,mild,Reactive+T2,7,240.0,awd,0.02,2024,2160,697,0,69.4324,240.0,3,5,4,2,2,120.0,0,1839,0.0002,1,0,0,1472,1253
ca_mau,mild,Reactive+T2,8,240.0,awd,0.02,2024,2160,530,0,49.2887,240.0,4,4,4,0,0,0.0,0,1831,0.0,2,0,1,1271,1092
ca_mau,mild,Reactive+T2,9,240.0,awd,0.02,2024,2160,697,0,69.4434,240.0,3,4,4,1,1,60.0,0,1804,0.0,1,0,0,1472,1253
ca_mau,mild,Reactive+blindARQ,0,240.0,awd,0.02,2024,2160,530,0,49.288,240.0,4,6,4,2,0,0.0,0,1861,1.296,2,0,1,1273,1094
ca_mau,mild,Reactive+blindARQ,1,240.0,awd,0.02,2024,2160,697,0,69.4223,240.0,3,7,4,4,1,60.0,0,1864,1.5104,1,0,0,1472,1256
ca_mau,mild,Reactive+blindARQ,2,240.0,awd,0.02,2024,2160,889,0,84.9648,240.0,2,4,4,2,2,120.0,0,1857,0.0,1,0,0,1647,1409
ca_mau,mild,Reactive+blindARQ,3,240.0,awd,0.02,2024,2160,889,0,84.9648,240.0,2,4,4,2,2,120.0,0,1824,0.0,1,0,0,1647,1409
ca_mau,mild,Reactive+blindARQ,4,240.0,awd,0.02,2024,2160,697,0,69.4434,240.0,3,4,4,1,1,60.0,0,1831,0.0,1,0,0,1472,1253
ca_mau,mild,Reactive+blindARQ,5,240.0,awd,0.02,2024,2160,697,0,69.4434,240.0,3,4,4,1,1,60.0,0,1826,0.0,1,0,0,1472,1253
ca_mau,mild,Reactive+blindARQ,6,240.0,awd,0.02,2024,2160,1085,0,104.8015,240.0,1,7,4,6,3,180.0,0,1835,0.8306,1,0,0,1812,1545
ca_mau,mild,Reactive+blindARQ,7,240.0,awd,0.02,2024,2160,889,0,84.9665,240.0,2,5,4,3,2,120.0,0,1839,0.0002,1,0,0,1647,1409
ca_mau,mild,Reactive+blindARQ,8,240.0,awd,0.02,2024,2160,530,0,49.2887,240.0,4,4,4,0,0,0.0,0,1831,0.0,2,0,1,1271,1092
ca_mau,mild,Reactive+blindARQ,9,240.0,awd,0.02,2024,2160,697,0,69.4434,240.0,3,4,4,1,1,60.0,0,1804,0.0,1,0,0,1472,1253
ca_mau,mild,FixedSchedule,0,240.0,awd,0.02,2024,2160,863,0,82.17,240.0,4,4,4,0,0,0.0,0,1861,0.0,1,0,0,1621,1340
ca_mau,mild,FixedSchedule,1,240.0,awd,0.02,2024,2160,997,0,95.1471,240.0,3,4,4,1,1,60.0,0,1864,0.0,1,0,0,1739,1441
ca_mau,mild,FixedSchedule,2,240.0,awd,0.02,2024,2160,1128,0,110.9091,240.0,2,4,4,2,2,120.0,0,1857,0.0,1,0,0,1862,1581
ca_mau,mild,FixedSchedule,3,240.0,awd,0.02,2024,2160,1128,0,110.9091,240.0,2,4,4,2,2,120.0,0,1824,0.0,1,0,0,1862,1581
ca_mau,mild,FixedSchedule,4,240.0,awd,0.02,2024,2160,997,0,95.1526,240.0,3,6,4,3,1,60.0,0,1831,0.8324,1,0,0,1739,1441
ca_mau,mild,FixedSchedule,5,240.0,awd,0.02,2024,2160,997,0,95.1526,240.0,3,4,4,1,1,60.0,0,1826,0.0,1,0,0,1739,1441
ca_mau,mild,FixedSchedule,6,240.0,awd,0.02,2024,2160,1227,0,124.7948,240.0,1,4,4,3,3,180.0,0,1835,0.0,1,0,0,1978,1680
ca_mau,mild,FixedSchedule,7,240.0,awd,0.02,2024,2160,1128,0,110.9091,240.0,2,7,4,5,2,120.0,0,1839,0.5886,1,0,0,1862,1581
ca_mau,mild,FixedSchedule,8,240.0,awd,0.02,2024,2160,863,0,82.17,240.0,4,4,4,0,0,0.0,0,1831,0.0,1,0,0,1621,1340
ca_mau,mild,FixedSchedule,9,240.0,awd,0.02,2024,2160,997,0,95.1526,240.0,3,4,4,1,1,60.0,0,1804,0.0,1,0,0,1739,1441
ca_mau,mild,Oracle,0,240.0,awd,0.02,2024,2160,0,0,0.0,200.0,10,11,10,1,0,0.0,0,1861,0.4303,10,10,0,1263,1500
ca_mau,mild,Oracle,1,240.0,awd,0.02,2024,2160,0,0,0.0,200.0,10,12,10,2,1,20.0,0,1864,0.7453,10,10,0,1264,1500
ca_mau,mild,Oracle,2,240.0,awd,0.02,2024,2160,0,0,0.0,200.0,10,15,10,5,5,100.0,0,1857,1.054,10,10,0,1267,1500
ca_mau,mild,Oracle,3,240.0,awd,0.02,2024,2160,0,0,0.0,200.0,10,11,10,1,4,80.0,0,1824,0.4303,10,10,0,1263,1500
ca_mau,mild,Oracle,4,240.0,awd,0.02,2024,2160,0,0,0.0,200.0,10,11,10,1,2,40.0,0,1831,0.4303,10,10,0,1263,1501
ca_mau,mild,Oracle,5,240.0,awd,0.02,2024,2160,0,0,0.0,200.0,10,12,10,2,4,80.0,0,1826,0.6086,10,10,0,1264,1501
ca_mau,mild,Oracle,6,240.0,awd,0.02,2024,2160,0,0,0.0,200.0,10,10,10,0,6,120.0,0,1835,0.0,10,10,0,1262,1500
ca_mau,mild,Oracle,7,240.0,awd,0.02,2024,2160,0,0,0.0,200.0,10,15,10,5,4,80.0,0,1839,0.9623,10,10,0,1266,1500
ca_mau,mild,Oracle,8,240.0,awd,0.02,2024,2160,0,0,0.0,200.0,10,15,10,5,0,0.0,0,1831,0.9623,10,10,0,1266,1500
ca_mau,mild,Oracle,9,240.0,awd,0.02,2024,2160,0,0,0.0,200.0,10,10,10,0,2,40.0,0,1804,0.0,10,10,0,1262,1500
ca_mau,mild,TwinGate+T2+centre,0,240.0,awd,0.02,2024,2160,213,0,8.6518,240.0,11,14,12,3,2,40.0,79,1861,0.6086,8,0,7,1020,984
ca_mau,mild,TwinGate+T2+centre,1,240.0,awd,0.02,2024,2160,215,0,9.0126,240.0,12,16,12,4,1,20.0,78,1864,1.0539,9,0,8,1008,1011
ca_mau,mild,TwinGate+T2+centre,2,240.0,awd,0.02,2024,2160,235,0,10.9342,240.0,8,12,12,4,7,140.0,82,1857,0.0,4,0,3,982,906
ca_mau,mild,TwinGate+T2+centre,3,240.0,awd,0.02,2024,2160,215,0,9.236,240.0,11,17,12,6,4,80.0,79,1824,0.9623,7,0,6,1016,969
ca_mau,mild,TwinGate+T2+centre,4,240.0,awd,0.02,2024,2160,216,0,9.4737,240.0,10,14,12,4,3,60.0,80,1831,0.6086,7,0,6,1029,930
ca_mau,mild,TwinGate+T2+centre,5,240.0,awd,0.02,2024,2160,213,0,8.6542,240.0,11,18,12,7,4,80.0,79,1826,1.1385,8,0,7,1027,954
ca_mau,mild,TwinGate+T2+centre,6,240.0,awd,0.02,2024,2160,216,0,9.4896,240.0,9,13,12,4,6,120.0,81,1835,0.4303,8,0,7,1019,949
ca_mau,mild,TwinGate+T2+centre,7,240.0,awd,0.02,2024,2160,215,0,9.1707,240.0,11,17,12,6,3,60.0,79,1839,1.2172,8,0,7,1021,968
ca_mau,mild,TwinGate+T2+centre,8,240.0,awd,0.02,2024,2160,217,0,9.8264,240.0,11,16,12,5,2,40.0,79,1831,0.8607,7,0,6,1012,971
ca_mau,mild,TwinGate+T2+centre,9,240.0,awd,0.02,2024,2160,215,0,9.0311,240.0,11,16,12,5,2,40.0,79,1804,1.4271,9,0,8,1010,996
ca_mau,mild,TwinGate+T2,0,240.0,mid,0.05,2024,2160,0,0,0.0,240.0,13,20,12,7,2,40.0,77,1861,1.2172,11,1,9,1309,1285
ca_mau,mild,TwinGate+T2,1,240.0,mid,0.05,2024,2160,0,0,0.0,240.0,12,15,12,3,1,20.0,78,1864,0.9619,12,0,11,1321,1341
ca_mau,mild,TwinGate+T2,2,240.0,mid,0.05,2024,2160,57,0,0.9628,240.0,8,13,12,5,6,120.0,82,1857,0.4303,9,0,8,1210,1130
ca_mau,mild,TwinGate+T2,3,240.0,mid,0.05,2024,2160,26,0,0.2508,240.0,9,12,12,3,5,100.0,81,1824,0.0,10,0,9,1229,1238
ca_mau,mild,TwinGate+T2,4,240.0,mid,0.05,2024,2160,23,0,0.1199,240.0,10,13,12,3,3,60.0,80,1831,0.4303,11,0,10,1268,1228
ca_mau,mild,TwinGate+T2,5,240.0,mid,0.05,2024,2160,2,0,0.0075,240.0,10,15,12,5,5,100.0,80,1826,0.9621,10,0,9,1256,1245
ca_mau,mild,TwinGate+T2,6,240.0,mid,0.05,2024,2160,26,0,0.2476,240.0,10,15,12,5,4,80.0,80,1835,0.7454,10,0,9,1213,1219
ca_mau,mild,TwinGate+T2,7,240.0,mid,0.05,2024,2160,26,0,0.2474,240.0,10,16,12,6,4,80.0,80,1839,0.9622,10,0,9,1213,1219
ca_mau,mild,TwinGate+T2,8,240.0,mid,0.05,2024,2160,23,0,0.129,240.0,10,14,12,4,2,40.0,80,1831,0.6086,11,0,10,1244,1255
ca_mau,mild,TwinGate+T2,9,240.0,mid,0.05,2024,2160,0,0,0.0,240.0,11,13,12,2,2,40.0,79,1804,0.4303,12,0,11,1286,1300
ca_mau,mild,TwinGate+blindARQ,0,240.0,mid,0.05,2024,2160,23,0,0.1182,240.0,10,19,12,9,2,40.0,80,1861,1.1386,11,0,10,1274,1241
ca_mau,mild,TwinGate+blindARQ,1,240.0,mid,0.05,2024,2160,0,0,0.0,240.0,11,15,12,4,1,20.0,79,1864,0.9619,12,0,11,1307,1357
ca_mau,mild,TwinGate+blindARQ,2,240.0,mid,0.05,2024,2160,482,0,43.7812,240.0,5,12,12,7,7,140.0,85,1857,0.0,6,0,5,1428,1304
ca_mau,mild,TwinGate+blindARQ,3,240.0,mid,0.05,2024,2160,239,0,12.0075,240.0,7,15,12,8,5,100.0,83,1824,0.7454,8,0,7,1224,1179
ca_mau,mild,TwinGate+blindARQ,4,240.0,mid,0.05,2024,2160,31,0,0.5998,240.0,9,15,12,6,3,60.0,81,1831,0.7454,10,0,9,1189,1185
ca_mau,mild,TwinGate+blindARQ,5,240.0,mid,0.05,2024,2160,170,0,5.5376,240.0,7,12,12,5,5,100.0,83,1826,0.0,8,0,7,1184,1079
ca_mau,mild,TwinGate+blindARQ,6,240.0,mid,0.05,2024,2160,389,0,32.4284,240.0,6,17,12,11,6,120.0,84,1835,1.2171,7,0,6,1375,1292
ca_mau,mild,TwinGate+blindARQ,7,240.0,mid,0.05,2024,2160,53,0,0.8263,240.0,8,18,12,10,4,80.0,82,1839,1.437,9,0,8,1190,1167
ca_mau,mild,TwinGate+blindARQ,8,240.0,mid,0.05,2024,2160,23,0,0.129,240.0,10,14,12,4,2,40.0,80,1831,0.6086,11,0,10,1244,1255
ca_mau,mild,TwinGate+blindARQ,9,240.0,mid,0.05,2024,2160,26,0,0.2291,240.0,10,22,12,12,2,40.0,80,1804,1.7213,11,0,10,1226,1251
ca_mau,mild,Reactive+T2,0,240.0,mid,0.05,2024,2160,521,0,47.1809,240.0,5,6,4,1,0,0.0,0,1861,1.296,2,0,1,1289,1095
ca_mau,mild,Reactive+T2,1,240.0,mid,0.05,2024,2160,678,0,67.2256,240.0,4,6,4,2,1,60.0,0,1864,1.2196,2,0,1,1445,1252
ca_mau,mild,Reactive+T2,2,240.0,mid,0.05,2024,2160,697,0,69.4324,240.0,3,5,4,2,1,60.0,0,1857,0.891,1,0,0,1472,1254
ca_mau,mild,Reactive+T2,3,240.0,mid,0.05,2024,2160,697,0,69.4434,240.0,3,4,4,1,2,120.0,0,1824,0.0,1,0,0,1472,1253
ca_mau,mild,Reactive+T2,4,240.0,mid,0.05,2024,2160,697,0,69.4434,240.0,3,4,4,1,1,60.0,0,1831,0.0,1,0,0,1472,1253
ca_mau,mild,Reactive+T2,5,240.0,mid,0.05,2024,2160,697,0,69.4434,240.0,3,4,4,1,1,60.0,0,1826,0.0,1,0,0,1472,1253
ca_mau,mild,Reactive+T2,6,240.0,mid,0.05,2024,2160,697,0,69.4324,240.0,3,6,4,3,2,120.0,0,1835,1.1971,1,0,0,1472,1255
ca_mau,mild,Reactive+T2,7,240.0,mid,0.05,2024,2160,697,0,69.4324,240.0,3,5,4,2,2,120.0,0,1839,0.0002,1,0,0,1472,1253
ca_mau,mild,Reactive+T2,8,240.0,mid,0.05,2024,2160,530,0,49.2887,240.0,4,4,4,0,0,0.0,0,1831,0.0,2,0,1,1271,1092
ca_mau,mild,Reactive+T2,9,240.0,mid,0.05,2024,2160,697,0,69.4434,240.0,3,4,4,1,1,60.0,0,1804,0.0,1,0,0,1472,1253
ca_mau,mild,Reactive+blindARQ,0,240.0,mid,0.05,2024,2160,530,0,49.288,240.0,4,6,4,2,0,0.0,0,1861,1.296,2,0,1,1273,1094
ca_mau,mild,Reactive+blindARQ,1,240.0,mid,0.05,2024,2160,697,0,69.4223,240.0,3,7,4,4,1,60.0,0,1864,1.5104,1,0,0,1472,1256
ca_mau,mild,Reactive+blindARQ,2,240.0,mid,0.05,2024,2160,889,0,84.9648,240.0,2,4,4,2,2,120.0,0,1857,0.0,1,0,0,1647,1409
ca_mau,mild,Reactive+blindARQ,3,240.0,mid,0.05,2024,2160,889,0,84.9648,240.0,2,4,4,2,2,120.0,0,1824,0.0,1,0,0,1647,1409
ca_mau,mild,Reactive+blindARQ,4,240.0,mid,0.05,2024,2160,697,0,69.4434,240.0,3,4,4,1,1,60.0,0,1831,0.0,1,0,0,1472,1253
ca_mau,mild,Reactive+blindARQ,5,240.0,mid,0.05,2024,2160,697,0,69.4434,240.0,3,4,4,1,1,60.0,0,1826,0.0,1,0,0,1472,1253
ca_mau,mild,Reactive+blindARQ,6,240.0,mid,0.05,2024,2160,1085,0,104.8015,240.0,1,7,4,6,3,180.0,0,1835,0.8306,1,0,0,1812,1545
ca_mau,mild,Reactive+blindARQ,7,240.0,mid,0.05,2024,2160,889,0,84.9665,240.0,2,5,4,3,2,120.0,0,1839,0.0002,1,0,0,1647,1409
ca_mau,mild,Reactive+blindARQ,8,240.0,mid,0.05,2024,2160,530,0,49.2887,240.0,4,4,4,0,0,0.0,0,1831,0.0,2,0,1,1271,1092
ca_mau,mild,Reactive+blindARQ,9,240.0,mid,0.05,2024,2160,697,0,69.4434,240.0,3,4,4,1,1,60.0,0,1804,0.0,1,0,0,1472,1253
ca_mau,mild,FixedSchedule,0,240.0,mid,0.05,2024,2160,863,0,82.17,240.0,4,4,4,0,0,0.0,0,1861,0.0,1,0,0,1621,1340
ca_mau,mild,FixedSchedule,1,240.0,mid,0.05,2024,2160,997,0,95.1471,240.0,3,4,4,1,1,60.0,0,1864,0.0,1,0,0,1739,1441
ca_mau,mild,FixedSchedule,2,240.0,mid,0.05,2024,2160,1128,0,110.9091,240.0,2,4,4,2,2,120.0,0,1857,0.0,1,0,0,1862,1581
ca_mau,mild,FixedSchedule,3,240.0,mid,0.05,2024,2160,1128,0,110.9091,240.0,2,4,4,2,2,120.0,0,1824,0.0,1,0,0,1862,1581
ca_mau,mild,FixedSchedule,4,240.0,mid,0.05,2024,2160,997,0,95.1526,240.0,3,6,4,3,1,60.0,0,1831,0.8324,1,0,0,1739,1441
ca_mau,mild,FixedSchedule,5,240.0,mid,0.05,2024,2160,997,0,95.1526,240.0,3,4,4,1,1,60.0,0,1826,0.0,1,0,0,1739,1441
ca_mau,mild,FixedSchedule,6,240.0,mid,0.05,2024,2160,1227,0,124.7948,240.0,1,4,4,3,3,180.0,0,1835,0.0,1,0,0,1978,1680
ca_mau,mild,FixedSchedule,7,240.0,mid,0.05,2024,2160,1128,0,110.9091,240.0,2,7,4,5,2,120.0,0,1839,0.5886,1,0,0,1862,1581
ca_mau,mild,FixedSchedule,8,240.0,mid,0.05,2024,2160,863,0,82.17,240.0,4,4,4,0,0,0.0,0,1831,0.0,1,0,0,1621,1340
ca_mau,mild,FixedSchedule,9,240.0,mid,0.05,2024,2160,997,0,95.1526,240.0,3,4,4,1,1,60.0,0,1804,0.0,1,0,0,1739,1441
ca_mau,mild,Oracle,0,240.0,mid,0.05,2024,2160,0,0,0.0,200.0,10,11,10,1,0,0.0,0,1861,0.4303,10,10,0,1263,1500
ca_mau,mild,Oracle,1,240.0,mid,0.05,2024,2160,0,0,0.0,200.0,10,12,10,2,1,20.0,0,1864,0.7453,10,10,0,1264,1500
ca_mau,mild,Oracle,2,240.0,mid,0.05,2024,2160,0,0,0.0,200.0,10,15,10,5,5,100.0,0,1857,1.054,10,10,0,1267,1500
ca_mau,mild,Oracle,3,240.0,mid,0.05,2024,2160,0,0,0.0,200.0,10,11,10,1,4,80.0,0,1824,0.4303,10,10,0,1263,1500
ca_mau,mild,Oracle,4,240.0,mid,0.05,2024,2160,0,0,0.0,200.0,10,11,10,1,2,40.0,0,1831,0.4303,10,10,0,1263,1501
ca_mau,mild,Oracle,5,240.0,mid,0.05,2024,2160,0,0,0.0,200.0,10,12,10,2,4,80.0,0,1826,0.6086,10,10,0,1264,1501
ca_mau,mild,Oracle,6,240.0,mid,0.05,2024,2160,0,0,0.0,200.0,10,10,10,0,6,120.0,0,1835,0.0,10,10,0,1262,1500
ca_mau,mild,Oracle,7,240.0,mid,0.05,2024,2160,0,0,0.0,200.0,10,15,10,5,4,80.0,0,1839,0.9623,10,10,0,1266,1500
ca_mau,mild,Oracle,8,240.0,mid,0.05,2024,2160,0,0,0.0,200.0,10,15,10,5,0,0.0,0,1831,0.9623,10,10,0,1266,1500
ca_mau,mild,Oracle,9,240.0,mid,0.05,2024,2160,0,0,0.0,200.0,10,10,10,0,2,40.0,0,1804,0.0,10,10,0,1262,1500
ca_mau,mild,TwinGate+T2+centre,0,240.0,mid,0.05,2024,2160,213,0,8.6518,240.0,11,14,12,3,2,40.0,79,1861,0.6086,8,0,7,1020,984
ca_mau,mild,TwinGate+T2+centre,1,240.0,mid,0.05,2024,2160,215,0,9.0126,240.0,12,16,12,4,1,20.0,78,1864,1.0539,9,0,8,1008,1011
ca_mau,mild,TwinGate+T2+centre,2,240.0,mid,0.05,2024,2160,235,0,10.9342,240.0,8,12,12,4,7,140.0,82,1857,0.0,4,0,3,982,906
ca_mau,mild,TwinGate+T2+centre,3,240.0,mid,0.05,2024,2160,215,0,9.236,240.0,11,17,12,6,4,80.0,79,1824,0.9623,7,0,6,1016,969
ca_mau,mild,TwinGate+T2+centre,4,240.0,mid,0.05,2024,2160,216,0,9.4737,240.0,10,14,12,4,3,60.0,80,1831,0.6086,7,0,6,1029,930
ca_mau,mild,TwinGate+T2+centre,5,240.0,mid,0.05,2024,2160,213,0,8.6542,240.0,11,18,12,7,4,80.0,79,1826,1.1385,8,0,7,1027,954
ca_mau,mild,TwinGate+T2+centre,6,240.0,mid,0.05,2024,2160,216,0,9.4896,240.0,9,13,12,4,6,120.0,81,1835,0.4303,8,0,7,1019,949
ca_mau,mild,TwinGate+T2+centre,7,240.0,mid,0.05,2024,2160,215,0,9.1707,240.0,11,17,12,6,3,60.0,79,1839,1.2172,8,0,7,1021,968
ca_mau,mild,TwinGate+T2+centre,8,240.0,mid,0.05,2024,2160,217,0,9.8264,240.0,11,16,12,5,2,40.0,79,1831,0.8607,7,0,6,1012,971
ca_mau,mild,TwinGate+T2+centre,9,240.0,mid,0.05,2024,2160,215,0,9.0311,240.0,11,16,12,5,2,40.0,79,1804,1.4271,9,0,8,1010,996
ca_mau,mild,TwinGate+T2,0,240.0,narrow,0.1,2024,2160,121,0,2.6136,240.0,12,16,12,4,2,40.0,78,1861,0.9623,12,0,11,1177,1184
ca_mau,mild,TwinGate+T2,1,240.0,narrow,0.1,2024,2160,121,0,2.5573,240.0,11,13,12,2,1,20.0,79,1864,0.6085,12,0,11,1168,1166
ca_mau,mild,TwinGate+T2,2,240.0,narrow,0.1,2024,2160,125,0,3.3465,240.0,10,16,12,6,5,100.0,80,1857,0.8607,10,0,9,1135,1086
ca_mau,mild,TwinGate+T2,3,240.0,narrow,0.1,2024,2160,122,0,2.7228,240.0,11,15,12,4,5,100.0,79,1824,0.7454,11,0,10,1160,1141
ca_mau,mild,TwinGate+T2,4,240.0,narrow,0.1,2024,2160,124,0,3.0086,240.0,11,15,12,4,3,60.0,79,1831,0.7454,11,0,10,1117,1136
ca_mau,mild,TwinGate+T2,5,240.0,narrow,0.1,2024,2160,81,0,1.3728,240.0,12,19,12,7,3,60.0,78,1826,1.1386,11,1,9,1213,1162
ca_mau,mild,TwinGate+T2,6,240.0,narrow,0.1,2024,2160,172,0,5.9275,240.0,8,12,12,4,6,120.0,82,1835,0.0,9,0,8,1075,1015
ca_mau,mild,TwinGate+T2,7,240.0,narrow,0.1,2024,2160,172,0,5.9261,240.0,8,13,12,5,4,80.0,82,1839,0.6085,9,0,8,1076,1016
ca_mau,mild,TwinGate+T2,8,240.0,narrow,0.1,2024,2160,151,0,4.5762,240.0,10,14,12,4,2,40.0,80,1831,0.6086,11,0,10,1099,1094
ca_mau,mild,TwinGate+T2,9,240.0,narrow,0.1,2024,2160,121,0,2.4427,240.0,11,17,12,6,2,40.0,79,1804,0.9623,11,0,10,1155,1154
ca_mau,mild,TwinGate+blindARQ,0,240.0,narrow,0.1,2024,2160,125,0,3.2398,240.0,10,18,12,8,2,40.0,80,1861,1.1386,11,0,10,1132,1140
ca_mau,mild,TwinGate+blindARQ,1,240.0,narrow,0.1,2024,2160,121,0,2.5573,240.0,11,13,12,2,1,20.0,79,1864,0.6085,12,0,11,1168,1166
ca_mau,mild,TwinGate+blindARQ,2,240.0,narrow,0.1,2024,2160,549,0,50.7623,240.0,5,15,12,10,7,140.0,85,1857,0.6172,6,0,5,1410,1262
ca_mau,mild,TwinGate+blindARQ,3,240.0,narrow,0.1,2024,2160,311,0,20.8867,240.0,7,16,12,9,5,100.0,83,1824,0.9622,8,0,7,1182,1096
ca_mau,mild,TwinGate+blindARQ,4,240.0,narrow,0.1,2024,2160,144,0,3.9495,240.0,9,19,12,10,3,60.0,81,1831,1.1422,10,0,9,1131,1108
ca_mau,mild,TwinGate+blindARQ,5,240.0,narrow,0.1,2024,2160,238,0,11.4127,240.0,7,20,12,13,5,100.0,83,1826,1.2172,8,0,7,1155,1057
ca_mau,mild,TwinGate+blindARQ,6,240.0,narrow,0.1,2024,2160,436,0,38.6466,240.0,6,13,12,7,6,120.0,84,1835,0.4303,7,0,6,1350,1206
ca_mau,mild,TwinGate+blindARQ,7,240.0,narrow,0.1,2024,2160,172,0,5.9261,240.0,8,13,12,5,4,80.0,82,1839,0.6085,9,0,8,1076,1016
ca_mau,mild,TwinGate+blindARQ,8,240.0,narrow,0.1,2024,2160,151,0,4.5762,240.0,10,14,12,4,2,40.0,80,1831,0.6086,11,0,10,1099,1094
ca_mau,mild,TwinGate+blindARQ,9,240.0,narrow,0.1,2024,2160,124,0,3.1394,240.0,10,15,12,5,2,40.0,80,1804,0.7454,11,0,10,1157,1136
ca_mau,mild,Reactive+T2,0,240.0,narrow,0.1,2024,2160,521,0,47.1809,240.0,5,6,4,1,0,0.0,0,1861,1.296,2,0,1,1289,1095
ca_mau,mild,Reactive+T2,1,240.0,narrow,0.1,2024,2160,678,0,67.2256,240.0,4,6,4,2,1,60.0,0,1864,1.2196,2,0,1,1445,1252
ca_mau,mild,Reactive+T2,2,240.0,narrow,0.1,2024,2160,697,0,69.4324,240.0,3,5,4,2,1,60.0,0,1857,0.891,1,0,0,1472,1254
ca_mau,mild,Reactive+T2,3,240.0,narrow,0.1,2024,2160,697,0,69.4434,240.0,3,4,4,1,2,120.0,0,1824,0.0,1,0,0,1472,1253
ca_mau,mild,Reactive+T2,4,240.0,narrow,0.1,2024,2160,697,0,69.4434,240.0,3,4,4,1,1,60.0,0,1831,0.0,1,0,0,1472,1253
ca_mau,mild,Reactive+T2,5,240.0,narrow,0.1,2024,2160,697,0,69.4434,240.0,3,4,4,1,1,60.0,0,1826,0.0,1,0,0,1472,1253
ca_mau,mild,Reactive+T2,6,240.0,narrow,0.1,2024,2160,697,0,69.4324,240.0,3,6,4,3,2,120.0,0,1835,1.1971,1,0,0,1472,1255
ca_mau,mild,Reactive+T2,7,240.0,narrow,0.1,2024,2160,697,0,69.4324,240.0,3,5,4,2,2,120.0,0,1839,0.0002,1,0,0,1472,1253
ca_mau,mild,Reactive+T2,8,240.0,narrow,0.1,2024,2160,530,0,49.2887,240.0,4,4,4,0,0,0.0,0,1831,0.0,2,0,1,1271,1092
ca_mau,mild,Reactive+T2,9,240.0,narrow,0.1,2024,2160,697,0,69.4434,240.0,3,4,4,1,1,60.0,0,1804,0.0,1,0,0,1472,1253
ca_mau,mild,Reactive+blindARQ,0,240.0,narrow,0.1,2024,2160,530,0,49.288,240.0,4,6,4,2,0,0.0,0,1861,1.296,2,0,1,1273,1094
ca_mau,mild,Reactive+blindARQ,1,240.0,narrow,0.1,2024,2160,697,0,69.4223,240.0,3,7,4,4,1,60.0,0,1864,1.5104,1,0,0,1472,1256
ca_mau,mild,Reactive+blindARQ,2,240.0,narrow,0.1,2024,2160,889,0,84.9648,240.0,2,4,4,2,2,120.0,0,1857,0.0,1,0,0,1647,1409
ca_mau,mild,Reactive+blindARQ,3,240.0,narrow,0.1,2024,2160,889,0,84.9648,240.0,2,4,4,2,2,120.0,0,1824,0.0,1,0,0,1647,1409
ca_mau,mild,Reactive+blindARQ,4,240.0,narrow,0.1,2024,2160,697,0,69.4434,240.0,3,4,4,1,1,60.0,0,1831,0.0,1,0,0,1472,1253
ca_mau,mild,Reactive+blindARQ,5,240.0,narrow,0.1,2024,2160,697,0,69.4434,240.0,3,4,4,1,1,60.0,0,1826,0.0,1,0,0,1472,1253
ca_mau,mild,Reactive+blindARQ,6,240.0,narrow,0.1,2024,2160,1085,0,104.8015,240.0,1,7,4,6,3,180.0,0,1835,0.8306,1,0,0,1812,1545
ca_mau,mild,Reactive+blindARQ,7,240.0,narrow,0.1,2024,2160,889,0,84.9665,240.0,2,5,4,3,2,120.0,0,1839,0.0002,1,0,0,1647,1409
ca_mau,mild,Reactive+blindARQ,8,240.0,narrow,0.1,2024,2160,530,0,49.2887,240.0,4,4,4,0,0,0.0,0,1831,0.0,2,0,1,1271,1092
ca_mau,mild,Reactive+blindARQ,9,240.0,narrow,0.1,2024,2160,697,0,69.4434,240.0,3,4,4,1,1,60.0,0,1804,0.0,1,0,0,1472,1253
ca_mau,mild,FixedSchedule,0,240.0,narrow,0.1,2024,2160,863,0,82.17,240.0,4,4,4,0,0,0.0,0,1861,0.0,1,0,0,1621,1340
ca_mau,mild,FixedSchedule,1,240.0,narrow,0.1,2024,2160,997,0,95.1471,240.0,3,4,4,1,1,60.0,0,1864,0.0,1,0,0,1739,1441
ca_mau,mild,FixedSchedule,2,240.0,narrow,0.1,2024,2160,1128,0,110.9091,240.0,2,4,4,2,2,120.0,0,1857,0.0,1,0,0,1862,1581
ca_mau,mild,FixedSchedule,3,240.0,narrow,0.1,2024,2160,1128,0,110.9091,240.0,2,4,4,2,2,120.0,0,1824,0.0,1,0,0,1862,1581
ca_mau,mild,FixedSchedule,4,240.0,narrow,0.1,2024,2160,997,0,95.1526,240.0,3,6,4,3,1,60.0,0,1831,0.8324,1,0,0,1739,1441
ca_mau,mild,FixedSchedule,5,240.0,narrow,0.1,2024,2160,997,0,95.1526,240.0,3,4,4,1,1,60.0,0,1826,0.0,1,0,0,1739,1441
ca_mau,mild,FixedSchedule,6,240.0,narrow,0.1,2024,2160,1227,0,124.7948,240.0,1,4,4,3,3,180.0,0,1835,0.0,1,0,0,1978,1680
ca_mau,mild,FixedSchedule,7,240.0,narrow,0.1,2024,2160,1128,0,110.9091,240.0,2,7,4,5,2,120.0,0,1839,0.5886,1,0,0,1862,1581
ca_mau,mild,FixedSchedule,8,240.0,narrow,0.1,2024,2160,863,0,82.17,240.0,4,4,4,0,0,0.0,0,1831,0.0,1,0,0,1621,1340
ca_mau,mild,FixedSchedule,9,240.0,narrow,0.1,2024,2160,997,0,95.1526,240.0,3,4,4,1,1,60.0,0,1804,0.0,1,0,0,1739,1441
ca_mau,mild,Oracle,0,240.0,narrow,0.1,2024,2160,0,0,0.0,200.0,10,11,10,1,0,0.0,0,1861,0.4303,10,10,0,1263,1500
ca_mau,mild,Oracle,1,240.0,narrow,0.1,2024,2160,0,0,0.0,200.0,10,12,10,2,1,20.0,0,1864,0.7453,10,10,0,1264,1500
ca_mau,mild,Oracle,2,240.0,narrow,0.1,2024,2160,0,0,0.0,200.0,10,15,10,5,5,100.0,0,1857,1.054,10,10,0,1267,1500
ca_mau,mild,Oracle,3,240.0,narrow,0.1,2024,2160,0,0,0.0,200.0,10,11,10,1,4,80.0,0,1824,0.4303,10,10,0,1263,1500
ca_mau,mild,Oracle,4,240.0,narrow,0.1,2024,2160,0,0,0.0,200.0,10,11,10,1,2,40.0,0,1831,0.4303,10,10,0,1263,1501
ca_mau,mild,Oracle,5,240.0,narrow,0.1,2024,2160,0,0,0.0,200.0,10,12,10,2,4,80.0,0,1826,0.6086,10,10,0,1264,1501
ca_mau,mild,Oracle,6,240.0,narrow,0.1,2024,2160,0,0,0.0,200.0,10,10,10,0,6,120.0,0,1835,0.0,10,10,0,1262,1500
ca_mau,mild,Oracle,7,240.0,narrow,0.1,2024,2160,0,0,0.0,200.0,10,15,10,5,4,80.0,0,1839,0.9623,10,10,0,1266,1500
ca_mau,mild,Oracle,8,240.0,narrow,0.1,2024,2160,0,0,0.0,200.0,10,15,10,5,0,0.0,0,1831,0.9623,10,10,0,1266,1500
ca_mau,mild,Oracle,9,240.0,narrow,0.1,2024,2160,0,0,0.0,200.0,10,10,10,0,2,40.0,0,1804,0.0,10,10,0,1262,1500
ca_mau,mild,TwinGate+T2+centre,0,240.0,narrow,0.1,2024,2160,121,0,2.6136,240.0,12,16,12,4,2,40.0,78,1861,0.9623,12,0,11,1177,1184
ca_mau,mild,TwinGate+T2+centre,1,240.0,narrow,0.1,2024,2160,121,0,2.5573,240.0,11,13,12,2,1,20.0,79,1864,0.6085,12,0,11,1168,1166
ca_mau,mild,TwinGate+T2+centre,2,240.0,narrow,0.1,2024,2160,125,0,3.3465,240.0,10,16,12,6,5,100.0,80,1857,0.8607,10,0,9,1135,1086
ca_mau,mild,TwinGate+T2+centre,3,240.0,narrow,0.1,2024,2160,122,0,2.7228,240.0,11,15,12,4,5,100.0,79,1824,0.7454,11,0,10,1160,1141
ca_mau,mild,TwinGate+T2+centre,4,240.0,narrow,0.1,2024,2160,124,0,3.0086,240.0,11,15,12,4,3,60.0,79,1831,0.7454,11,0,10,1117,1136
ca_mau,mild,TwinGate+T2+centre,5,240.0,narrow,0.1,2024,2160,81,0,1.3728,240.0,12,19,12,7,3,60.0,78,1826,1.1386,11,1,9,1213,1162
ca_mau,mild,TwinGate+T2+centre,6,240.0,narrow,0.1,2024,2160,172,0,5.9275,240.0,8,12,12,4,6,120.0,82,1835,0.0,9,0,8,1075,1015
ca_mau,mild,TwinGate+T2+centre,7,240.0,narrow,0.1,2024,2160,172,0,5.9261,240.0,8,13,12,5,4,80.0,82,1839,0.6085,9,0,8,1076,1016
ca_mau,mild,TwinGate+T2+centre,8,240.0,narrow,0.1,2024,2160,151,0,4.5762,240.0,10,14,12,4,2,40.0,80,1831,0.6086,11,0,10,1099,1094
ca_mau,mild,TwinGate+T2+centre,9,240.0,narrow,0.1,2024,2160,121,0,2.4427,240.0,11,17,12,6,2,40.0,79,1804,0.9623,11,0,10,1155,1154
ca_mau,mild,TwinGate+T2,0,320.0,awd,0.02,2024,2160,0,0,0.0,240.0,14,20,12,6,2,40.0,76,1861,1.2172,10,6,4,765,1179
ca_mau,mild,TwinGate+T2,1,320.0,awd,0.02,2024,2160,0,0,0.0,280.0,13,16,14,3,2,40.0,77,1864,0.6086,11,6,5,759,1142
ca_mau,mild,TwinGate+T2,2,320.0,awd,0.02,2024,2160,0,0,0.0,280.0,9,14,14,5,8,160.0,81,1857,0.0,9,6,3,735,1029
ca_mau,mild,TwinGate+T2,3,320.0,awd,0.02,2024,2160,0,0,0.0,260.0,10,16,13,6,6,120.0,80,1824,0.7454,8,5,3,757,1016
ca_mau,mild,TwinGate+T2,4,320.0,awd,0.02,2024,2160,0,0,0.0,260.0,12,17,13,5,4,80.0,78,1831,1.1384,9,6,3,763,1052
ca_mau,mild,TwinGate+T2,5,320.0,awd,0.02,2024,2160,0,0,0.0,280.0,10,17,14,7,7,140.0,80,1826,0.7454,9,5,4,736,1027
ca_mau,mild,TwinGate+T2,6,320.0,awd,0.02,2024,2160,0,0,0.0,260.0,9,14,13,5,7,140.0,81,1835,0.6086,9,6,3,730,1015
ca_mau,mild,TwinGate+T2,7,320.0,awd,0.02,2024,2160,0,0,0.0,260.0,11,18,13,7,5,100.0,79,1839,0.9623,8,5,3,754,1003
ca_mau,mild,TwinGate+T2,8,320.0,awd,0.02,2024,2160,0,0,0.0,260.0,12,15,13,3,2,40.0,78,1831,0.6086,11,6,5,759,1127
ca_mau,mild,TwinGate+T2,9,320.0,awd,0.02,2024,2160,0,0,0.0,260.0,12,15,13,3,2,40.0,78,1804,0.6086,10,6,4,752,1109
ca_mau,mild,TwinGate+blindARQ,0,320.0,awd,0.02,2024,2160,0,0,0.0,280.0,11,23,14,12,3,60.0,79,1861,1.291,10,6,4,770,1101
ca_mau,mild,TwinGate+blindARQ,1,320.0,awd,0.02,2024,2160,0,0,0.0,320.0,12,19,16,7,4,80.0,78,1864,0.6087,10,6,4,782,1103
ca_mau,mild,TwinGate+blindARQ,2,320.0,awd,0.02,2024,2160,0,0,0.0,300.0,7,15,15,8,8,160.0,83,1857,0.0,8,7,0,1354,1260
ca_mau,mild,TwinGate+blindARQ,3,320.0,awd,0.02,2024,2160,0,0,0.0,260.0,7,20,13,13,6,120.0,83,1824,1.1386,7,6,1,696,908
ca_mau,mild,TwinGate+blindARQ,4,320.0,awd,0.02,2024,2160,0,0,0.0,260.0,9,16,13,7,4,80.0,81,1831,1.0539,9,6,3,742,1095
ca_mau,mild,TwinGate+blindARQ,5,320.0,awd,0.02,2024,2160,0,0,0.0,280.0,7,20,14,13,7,140.0,83,1826,0.9413,7,6,1,715,1030
ca_mau,mild,TwinGate+blindARQ,6,320.0,awd,0.02,2024,2160,0,0,0.0,320.0,7,16,16,9,9,180.0,83,1835,0.0,7,7,0,712,919
ca_mau,mild,TwinGate+blindARQ,7,320.0,awd,0.02,2024,2160,0,0,0.0,260.0,8,18,13,10,5,100.0,82,1839,0.9623,8,6,2,708,962
ca_mau,mild,TwinGate+blindARQ,8,320.0,awd,0.02,2024,2160,0,0,0.0,260.0,11,16,13,5,2,40.0,79,1831,0.7454,10,6,4,733,1078
ca_mau,mild,TwinGate+blindARQ,9,320.0,awd,0.02,2024,2160,0,0,0.0,260.0,11,18,13,7,2,40.0,79,1804,1.2172,9,6,3,746,1113
ca_mau,mild,Reactive+T2,0,320.0,awd,0.02,2024,2160,268,0,17.0456,320.0,7,8,6,1,0,0.0,0,1861,1.296,4,0,3,1044,904
ca_mau,mild,Reactive+T2,1,320.0,awd,0.02,2024,2160,433,0,37.827,320.0,6,9,6,3,1,60.0,0,1864,1.2933,3,0,2,1195,1044
ca_mau,mild,Reactive+T2,2,320.0,awd,0.02,2024,2160,457,0,40.0065,320.0,5,7,6,2,2,80.0,0,1857,0.891,2,0,1,1197,1034
ca_mau,mild,Reactive+T2,3,320.0,awd,0.02,2024,2160,433,0,37.8274,320.0,6,8,6,2,3,140.0,0,1824,1.296,3,0,2,1214,1044
ca_mau,mild,Reactive+T2,4,320.0,awd,0.02,2024,2160,457,0,40.0065,320.0,5,6,6,1,1,60.0,0,1831,0.0,2,0,1,1197,1033
ca_mau,mild,Reactive+T2,5,320.0,awd,0.02,2024,2160,457,0,40.0065,320.0,5,6,6,1,2,80.0,0,1826,0.0,2,0,1,1197,1033
ca_mau,mild,Reactive+T2,6,320.0,awd,0.02,2024,2160,457,0,40.0065,320.0,5,8,6,3,2,120.0,0,1835,1.1971,2,0,1,1197,1035
ca_mau,mild,Reactive+T2,7,320.0,awd,0.02,2024,2160,453,0,39.3126,320.0,6,10,6,4,2,120.0,0,1839,1.0997,3,0,2,1212,1056
ca_mau,mild,Reactive+T2,8,320.0,awd,0.02,2024,2160,453,0,39.3118,320.0,6,9,6,3,1,60.0,0,1831,0.7454,3,0,2,1212,1056
ca_mau,mild,Reactive+T2,9,320.0,awd,0.02,2024,2160,457,0,40.0065,320.0,5,6,6,1,1,60.0,0,1804,0.0,2,0,1,1197,1033
ca_mau,mild,Reactive+blindARQ,0,320.0,awd,0.02,2024,2160,308,0,19.9372,320.0,6,8,6,2,0,0.0,0,1861,1.296,3,0,2,1040,904
ca_mau,mild,Reactive+blindARQ,1,320.0,awd,0.02,2024,2160,457,0,40.0057,320.0,5,10,6,5,1,60.0,0,1864,1.6284,2,0,1,1197,1037
ca_mau,mild,Reactive+blindARQ,2,320.0,awd,0.02,2024,2160,626,0,60.3006,320.0,4,7,6,3,3,140.0,0,1857,0.8909,2,0,1,1364,1192
ca_mau,mild,Reactive+blindARQ,3,320.0,awd,0.02,2024,2160,626,0,60.3101,320.0,4,9,6,5,2,120.0,0,1824,0.8607,2,0,1,1367,1194
ca_mau,mild,Reactive+blindARQ,4,320.0,awd,0.02,2024,2160,457,0,40.0065,320.0,5,6,6,1,1,60.0,0,1831,0.0,2,0,1,1197,1033
ca_mau,mild,Reactive+blindARQ,5,320.0,awd,0.02,2024,2160,457,0,40.0065,320.0,5,6,6,1,2,80.0,0,1826,0.0,2,0,1,1197,1033
ca_mau,mild,Reactive+blindARQ,6,320.0,awd,0.02,2024,2160,764,0,77.2573,320.0,3,10,6,7,3,180.0,0,1835,1.1967,1,0,0,1552,1350
ca_mau,mild,Reactive+blindARQ,7,320.0,awd,0.02,2024,2160,626,0,60.3102,320.0,4,8,6,4,2,120.0,0,1839,0.4303,2,0,1,1365,1192
ca_mau,mild,Reactive+blindARQ,8,320.0,awd,0.02,2024,2160,457,0,40.0036,320.0,5,10,6,5,1,60.0,0,1831,0.8607,2,0,1,1197,1037
ca_mau,mild,Reactive+blindARQ,9,320.0,awd,0.02,2024,2160,457,0,40.0065,320.0,5,6,6,1,1,60.0,0,1804,0.0,2,0,1,1197,1033
ca_mau,mild,FixedSchedule,0,320.0,awd,0.02,2024,2160,649,0,62.8398,320.0,6,7,6,1,0,0.0,0,1861,5.7522,2,0,1,1392,1142
ca_mau,mild,FixedSchedule,1,320.0,awd,0.02,2024,2160,744,0,75.2511,320.0,5,6,6,1,1,60.0,0,1864,0.0,1,0,0,1536,1277
ca_mau,mild,FixedSchedule,2,320.0,awd,0.02,2024,2160,892,0,85.688,320.0,4,6,6,2,3,140.0,0,1857,0.0,1,0,0,1664,1380
ca_mau,mild,FixedSchedule,3,320.0,awd,0.02,2024,2160,892,0,85.688,320.0,4,6,6,2,3,140.0,0,1824,0.0,1,0,0,1664,1380
ca_mau,mild,FixedSchedule,4,320.0,awd,0.02,2024,2160,744,0,75.2511,320.0,5,8,6,3,1,60.0,0,1831,0.8324,1,0,0,1536,1277
ca_mau,mild,FixedSchedule,5,320.0,awd,0.02,2024,2160,744,0,75.2511,320.0,5,6,6,1,2,80.0,0,1826,0.0,1,0,0,1536,1277
ca_mau,mild,FixedSchedule,6,320.0,awd,0.02,2024,2160,1044,0,99.7707,320.0,3,6,6,3,3,180.0,0,1835,0.0,1,0,0,1782,1519
ca_mau,mild,FixedSchedule,7,320.0,awd,0.02,2024,2160,892,0,85.688,320.0,4,13,6,9,2,120.0,0,1839,5.5133,1,0,0,1664,1384
ca_mau,mild,FixedSchedule,8,320.0,awd,0.02,2024,2160,744,0,75.2511,320.0,5,7,6,2,1,60.0,0,1831,0.0,1,0,0,1536,1277
ca_mau,mild,FixedSchedule,9,320.0,awd,0.02,2024,2160,744,0,75.2511,320.0,5,6,6,1,1,60.0,0,1804,0.0,1,0,0,1536,1277
ca_mau,mild,Oracle,0,320.0,awd,0.02,2024,2160,0,0,0.0,260.0,10,17,10,7,0,0.0,0,1861,2.1517,10,6,4,762,1024
ca_mau,mild,Oracle,1,320.0,awd,0.02,2024,2160,0,0,0.0,260.0,10,14,10,4,1,20.0,0,1864,1.2171,10,6,4,759,1020
ca_mau,mild,Oracle,2,320.0,awd,0.02,2024,2160,0,0,0.0,260.0,10,12,10,2,6,160.0,0,1857,0.9745,10,6,4,757,1018
ca_mau,mild,Oracle,3,320.0,awd,0.02,2024,2160,0,0,0.0,260.0,10,10,10,0,5,140.0,0,1824,0.0,10,6,4,755,1017
ca_mau,mild,Oracle,4,320.0,awd,0.02,2024,2160,0,0,0.0,260.0,10,12,10,2,2,60.0,0,1831,1.2172,10,6,4,757,1019
ca_mau,mild,Oracle,5,320.0,awd,0.02,2024,2160,0,0,0.0,260.0,10,11,10,1,4,120.0,0,1826,0.8607,10,6,4,756,1018
ca_mau,mild,Oracle,6,320.0,awd,0.02,2024,2160,0,0,0.0,260.0,10,10,10,0,6,160.0,0,1835,0.0,10,6,4,755,1017
ca_mau,mild,Oracle,7,320.0,awd,0.02,2024,2160,0,0,0.0,260.0,10,15,10,5,4,100.0,0,1839,0.9623,10,6,4,759,1017
ca_mau,mild,Oracle,8,320.0,awd,0.02,2024,2160,0,0,0.0,260.0,10,15,10,5,0,0.0,0,1831,1.2172,10,6,4,759,1018
ca_mau,mild,Oracle,9,320.0,awd,0.02,2024,2160,0,0,0.0,260.0,10,11,10,1,2,60.0,0,1804,0.8607,10,6,4,756,1018
ca_mau,mild,TwinGate+T2+centre,0,320.0,awd,0.02,2024,2160,0,0,0.0,320.0,15,20,16,5,3,60.0,75,1861,0.8607,9,0,9,142,475
ca_mau,mild,TwinGate+T2+centre,1,320.0,awd,0.02,2024,2160,0,0,0.0,320.0,14,20,16,6,4,80.0,76,1864,1.0539,9,0,9,93,486
ca_mau,mild,TwinGate+T2+centre,2,320.0,awd,0.02,2024,2160,0,0,0.0,320.0,11,16,16,5,8,160.0,79,1857,0.0,4,0,4,43,461
ca_mau,mild,TwinGate+T2+centre,3,320.0,awd,0.02,2024,2160,0,0,0.0,320.0,13,22,16,9,7,140.0,77,1824,1.0541,7,0,7,101,436
ca_mau,mild,TwinGate+T2+centre,4,320.0,awd,0.02,2024,2160,0,0,0.0,320.0,13,18,16,5,5,100.0,77,1831,0.6086,7,0,7,94,425
ca_mau,mild,TwinGate+T2+centre,5,320.0,awd,0.02,2024,2160,0,0,0.0,320.0,15,24,16,9,5,100.0,75,1826,1.4272,9,0,9,127,444
ca_mau,mild,TwinGate+T2+centre,6,320.0,awd,0.02,2024,2160,0,0,0.0,320.0,11,17,16,6,9,180.0,79,1835,0.4303,7,0,7,81,448
ca_mau,mild,TwinGate+T2+centre,7,320.0,awd,0.02,2024,2160,0,0,0.0,320.0,13,21,16,8,5,100.0,77,1839,1.2172,7,0,7,94,435
ca_mau,mild,TwinGate+T2+centre,8,320.0,awd,0.02,2024,2160,0,0,0.0,320.0,15,20,16,5,2,40.0,75,1831,0.8607,8,0,8,89,509
ca_mau,mild,TwinGate+T2+centre,9,320.0,awd,0.02,2024,2160,0,0,0.0,320.0,14,20,16,6,3,60.0,76,1804,1.4271,10,0,10,109,469
ca_mau,mild,TwinGate+T2,0,320.0,mid,0.05,2024,2160,0,0,0.0,280.0,15,23,14,8,3,60.0,75,1861,1.291,12,2,10,843,1175
ca_mau,mild,TwinGate+T2,1,320.0,mid,0.05,2024,2160,0,0,0.0,300.0,14,19,15,5,3,60.0,76,1864,1.0538,13,1,12,853,1221
ca_mau,mild,TwinGate+T2,2,320.0,mid,0.05,2024,2160,0,0,0.0,280.0,9,15,14,6,7,140.0,81,1857,0.4303,10,0,9,1078,977
ca_mau,mild,TwinGate+T2,3,320.0,mid,0.05,2024,2160,0,0,0.0,300.0,12,18,15,6,7,140.0,78,1824,0.7454,11,0,11,525,920
ca_mau,mild,TwinGate+T2,4,320.0,mid,0.05,2024,2160,0,0,0.0,300.0,12,16,15,4,5,100.0,78,1831,0.4303,12,0,12,563,906
ca_mau,mild,TwinGate+T2,5,320.0,mid,0.05,2024,2160,0,0,0.0,280.0,11,17,14,6,7,140.0,79,1826,0.9621,10,0,10,513,925
ca_mau,mild,TwinGate+T2,6,320.0,mid,0.05,2024,2160,0,0,0.0,300.0,11,18,15,7,6,120.0,79,1835,0.7454,10,0,10,429,778
ca_mau,mild,TwinGate+T2,7,320.0,mid,0.05,2024,2160,0,0,0.0,300.0,11,19,15,8,6,120.0,79,1839,0.9622,10,0,10,453,802
ca_mau,mild,TwinGate+T2,8,320.0,mid,0.05,2024,2160,0,0,0.0,280.0,12,16,14,4,2,40.0,78,1831,0.6086,12,0,12,539,966
ca_mau,mild,TwinGate+T2,9,320.0,mid,0.05,2024,2160,0,0,0.0,300.0,13,16,15,3,3,60.0,77,1804,0.4303,13,0,13,581,982
ca_mau,mild,TwinGate+blindARQ,0,320.0,mid,0.05,2024,2160,0,0,0.0,280.0,11,21,14,10,3,60.0,79,1861,1.1386,12,0,11,1095,985
ca_mau,mild,TwinGate+blindARQ,1,320.0,mid,0.05,2024,2160,0,0,0.0,320.0,12,20,16,8,4,80.0,78,1864,1.0538,12,0,12,588,983
ca_mau,mild,TwinGate+blindARQ,2,320.0,mid,0.05,2024,2160,104,0,2.0527,320.0,8,16,16,8,8,160.0,82,1857,0.0,9,0,8,1182,1134
ca_mau,mild,TwinGate+blindARQ,3,320.0,mid,0.05,2024,2160,0,0,0.0,320.0,8,20,16,12,8,160.0,82,1824,0.8607,9,0,8,972,898
ca_mau,mild,TwinGate+blindARQ,4,320.0,mid,0.05,2024,2160,0,0,0.0,300.0,10,18,15,8,5,100.0,80,1831,0.7454,10,0,10,417,817
ca_mau,mild,TwinGate+blindARQ,5,320.0,mid,0.05,2024,2160,0,0,0.0,320.0,9,16,16,7,7,140.0,81,1826,0.0,10,0,9,1041,965
ca_mau,mild,TwinGate+blindARQ,6,320.0,mid,0.05,2024,2160,60,0,1.0562,320.0,7,24,16,17,9,180.0,83,1835,1.2557,8,0,7,1143,1051
ca_mau,mild,TwinGate+blindARQ,7,320.0,mid,0.05,2024,2160,0,0,0.0,300.0,9,21,15,12,6,120.0,81,1839,1.437,9,0,9,392,702
ca_mau,mild,TwinGate+blindARQ,8,320.0,mid,0.05,2024,2160,0,0,0.0,280.0,12,16,14,4,2,40.0,78,1831,0.6086,12,0,12,539,966
ca_mau,mild,TwinGate+blindARQ,9,320.0,mid,0.05,2024,2160,0,0,0.0,300.0,12,25,15,13,3,60.0,78,1804,1.7213,12,0,12,498,908
ca_mau,mild,Reactive+T2,0,320.0,mid,0.05,2024,2160,268,0,17.0456,320.0,7,8,6,1,0,0.0,0,1861,1.296,4,0,3,1044,904
ca_mau,mild,Reactive+T2,1,320.0,mid,0.05,2024,2160,433,0,37.827,320.0,6,9,6,3,1,60.0,0,1864,1.2933,3,0,2,1195,1044
ca_mau,mild,Reactive+T2,2,320.0,mid,0.05,2024,2160,457,0,40.0065,320.0,5,7,6,2,2,80.0,0,1857,0.891,2,0,1,1197,1034
ca_mau,mild,Reactive+T2,3,320.0,mid,0.05,2024,2160,433,0,37.8274,320.0,6,8,6,2,3,140.0,0,1824,1.296,3,0,2,1214,1044
ca_mau,mild,Reactive+T2,4,320.0,mid,0.05,2024,2160,457,0,40.0065,320.0,5,6,6,1,1,60.0,0,1831,0.0,2,0,1,1197,1033
ca_mau,mild,Reactive+T2,5,320.0,mid,0.05,2024,2160,457,0,40.0065,320.0,5,6,6,1,2,80.0,0,1826,0.0,2,0,1,1197,1033
ca_mau,mild,Reactive+T2,6,320.0,mid,0.05,2024,2160,457,0,40.0065,320.0,5,8,6,3,2,120.0,0,1835,1.1971,2,0,1,1197,1035
ca_mau,mild,Reactive+T2,7,320.0,mid,0.05,2024,2160,453,0,39.3126,320.0,6,10,6,4,2,120.0,0,1839,1.0997,3,0,2,1212,1056
ca_mau,mild,Reactive+T2,8,320.0,mid,0.05,2024,2160,453,0,39.3118,320.0,6,9,6,3,1,60.0,0,1831,0.7454,3,0,2,1212,1056
ca_mau,mild,Reactive+T2,9,320.0,mid,0.05,2024,2160,457,0,40.0065,320.0,5,6,6,1,1,60.0,0,1804,0.0,2,0,1,1197,1033
ca_mau,mild,Reactive+blindARQ,0,320.0,mid,0.05,2024,2160,308,0,19.9372,320.0,6,8,6,2,0,0.0,0,1861,1.296,3,0,2,1040,904
ca_mau,mild,Reactive+blindARQ,1,320.0,mid,0.05,2024,2160,457,0,40.0057,320.0,5,10,6,5,1,60.0,0,1864,1.6284,2,0,1,1197,1037
ca_mau,mild,Reactive+blindARQ,2,320.0,mid,0.05,2024,2160,626,0,60.3006,320.0,4,7,6,3,3,140.0,0,1857,0.8909,2,0,1,1364,1192
ca_mau,mild,Reactive+blindARQ,3,320.0,mid,0.05,2024,2160,626,0,60.3101,320.0,4,9,6,5,2,120.0,0,1824,0.8607,2,0,1,1367,1194
ca_mau,mild,Reactive+blindARQ,4,320.0,mid,0.05,2024,2160,457,0,40.0065,320.0,5,6,6,1,1,60.0,0,1831,0.0,2,0,1,1197,1033
ca_mau,mild,Reactive+blindARQ,5,320.0,mid,0.05,2024,2160,457,0,40.0065,320.0,5,6,6,1,2,80.0,0,1826,0.0,2,0,1,1197,1033
ca_mau,mild,Reactive+blindARQ,6,320.0,mid,0.05,2024,2160,764,0,77.2573,320.0,3,10,6,7,3,180.0,0,1835,1.1967,1,0,0,1552,1350
ca_mau,mild,Reactive+blindARQ,7,320.0,mid,0.05,2024,2160,626,0,60.3102,320.0,4,8,6,4,2,120.0,0,1839,0.4303,2,0,1,1365,1192
ca_mau,mild,Reactive+blindARQ,8,320.0,mid,0.05,2024,2160,457,0,40.0036,320.0,5,10,6,5,1,60.0,0,1831,0.8607,2,0,1,1197,1037
ca_mau,mild,Reactive+blindARQ,9,320.0,mid,0.05,2024,2160,457,0,40.0065,320.0,5,6,6,1,1,60.0,0,1804,0.0,2,0,1,1197,1033
ca_mau,mild,FixedSchedule,0,320.0,mid,0.05,2024,2160,649,0,62.8398,320.0,6,7,6,1,0,0.0,0,1861,5.7522,2,0,1,1392,1142
ca_mau,mild,FixedSchedule,1,320.0,mid,0.05,2024,2160,744,0,75.2511,320.0,5,6,6,1,1,60.0,0,1864,0.0,1,0,0,1536,1277
ca_mau,mild,FixedSchedule,2,320.0,mid,0.05,2024,2160,892,0,85.688,320.0,4,6,6,2,3,140.0,0,1857,0.0,1,0,0,1664,1380
ca_mau,mild,FixedSchedule,3,320.0,mid,0.05,2024,2160,892,0,85.688,320.0,4,6,6,2,3,140.0,0,1824,0.0,1,0,0,1664,1380
ca_mau,mild,FixedSchedule,4,320.0,mid,0.05,2024,2160,744,0,75.2511,320.0,5,8,6,3,1,60.0,0,1831,0.8324,1,0,0,1536,1277
ca_mau,mild,FixedSchedule,5,320.0,mid,0.05,2024,2160,744,0,75.2511,320.0,5,6,6,1,2,80.0,0,1826,0.0,1,0,0,1536,1277
ca_mau,mild,FixedSchedule,6,320.0,mid,0.05,2024,2160,1044,0,99.7707,320.0,3,6,6,3,3,180.0,0,1835,0.0,1,0,0,1782,1519
ca_mau,mild,FixedSchedule,7,320.0,mid,0.05,2024,2160,892,0,85.688,320.0,4,13,6,9,2,120.0,0,1839,5.5133,1,0,0,1664,1384
ca_mau,mild,FixedSchedule,8,320.0,mid,0.05,2024,2160,744,0,75.2511,320.0,5,7,6,2,1,60.0,0,1831,0.0,1,0,0,1536,1277
ca_mau,mild,FixedSchedule,9,320.0,mid,0.05,2024,2160,744,0,75.2511,320.0,5,6,6,1,1,60.0,0,1804,0.0,1,0,0,1536,1277
ca_mau,mild,Oracle,0,320.0,mid,0.05,2024,2160,0,0,0.0,260.0,10,17,10,7,0,0.0,0,1861,2.1517,10,6,4,762,1024
ca_mau,mild,Oracle,1,320.0,mid,0.05,2024,2160,0,0,0.0,260.0,10,14,10,4,1,20.0,0,1864,1.2171,10,6,4,759,1020
ca_mau,mild,Oracle,2,320.0,mid,0.05,2024,2160,0,0,0.0,260.0,10,12,10,2,6,160.0,0,1857,0.9745,10,6,4,757,1018
ca_mau,mild,Oracle,3,320.0,mid,0.05,2024,2160,0,0,0.0,260.0,10,10,10,0,5,140.0,0,1824,0.0,10,6,4,755,1017
ca_mau,mild,Oracle,4,320.0,mid,0.05,2024,2160,0,0,0.0,260.0,10,12,10,2,2,60.0,0,1831,1.2172,10,6,4,757,1019
ca_mau,mild,Oracle,5,320.0,mid,0.05,2024,2160,0,0,0.0,260.0,10,11,10,1,4,120.0,0,1826,0.8607,10,6,4,756,1018
ca_mau,mild,Oracle,6,320.0,mid,0.05,2024,2160,0,0,0.0,260.0,10,10,10,0,6,160.0,0,1835,0.0,10,6,4,755,1017
ca_mau,mild,Oracle,7,320.0,mid,0.05,2024,2160,0,0,0.0,260.0,10,15,10,5,4,100.0,0,1839,0.9623,10,6,4,759,1017
ca_mau,mild,Oracle,8,320.0,mid,0.05,2024,2160,0,0,0.0,260.0,10,15,10,5,0,0.0,0,1831,1.2172,10,6,4,759,1018
ca_mau,mild,Oracle,9,320.0,mid,0.05,2024,2160,0,0,0.0,260.0,10,11,10,1,2,60.0,0,1804,0.8607,10,6,4,756,1018
ca_mau,mild,TwinGate+T2+centre,0,320.0,mid,0.05,2024,2160,0,0,0.0,320.0,15,20,16,5,3,60.0,75,1861,0.8607,9,0,9,142,475
ca_mau,mild,TwinGate+T2+centre,1,320.0,mid,0.05,2024,2160,0,0,0.0,320.0,14,20,16,6,4,80.0,76,1864,1.0539,9,0,9,93,486
ca_mau,mild,TwinGate+T2+centre,2,320.0,mid,0.05,2024,2160,0,0,0.0,320.0,11,16,16,5,8,160.0,79,1857,0.0,4,0,4,43,461
ca_mau,mild,TwinGate+T2+centre,3,320.0,mid,0.05,2024,2160,0,0,0.0,320.0,13,22,16,9,7,140.0,77,1824,1.0541,7,0,7,101,436
ca_mau,mild,TwinGate+T2+centre,4,320.0,mid,0.05,2024,2160,0,0,0.0,320.0,13,18,16,5,5,100.0,77,1831,0.6086,7,0,7,94,425
ca_mau,mild,TwinGate+T2+centre,5,320.0,mid,0.05,2024,2160,0,0,0.0,320.0,15,24,16,9,5,100.0,75,1826,1.4272,9,0,9,127,444
ca_mau,mild,TwinGate+T2+centre,6,320.0,mid,0.05,2024,2160,0,0,0.0,320.0,11,17,16,6,9,180.0,79,1835,0.4303,7,0,7,81,448
ca_mau,mild,TwinGate+T2+centre,7,320.0,mid,0.05,2024,2160,0,0,0.0,320.0,13,21,16,8,5,100.0,77,1839,1.2172,7,0,7,94,435
ca_mau,mild,TwinGate+T2+centre,8,320.0,mid,0.05,2024,2160,0,0,0.0,320.0,15,20,16,5,2,40.0,75,1831,0.8607,8,0,8,89,509
ca_mau,mild,TwinGate+T2+centre,9,320.0,mid,0.05,2024,2160,0,0,0.0,320.0,14,20,16,6,3,60.0,76,1804,1.4271,10,0,10,109,469
ca_mau,mild,TwinGate+T2,0,320.0,narrow,0.1,2024,2160,0,0,0.0,300.0,15,21,15,6,3,60.0,75,1861,1.1386,13,0,13,378,768
ca_mau,mild,TwinGate+T2,1,320.0,narrow,0.1,2024,2160,0,0,0.0,320.0,13,17,16,4,4,80.0,77,1864,0.6085,13,0,13,345,724
ca_mau,mild,TwinGate+T2,2,320.0,narrow,0.1,2024,2160,0,0,0.0,300.0,13,20,15,7,6,120.0,77,1857,1.0541,12,0,12,340,735
ca_mau,mild,TwinGate+T2,3,320.0,narrow,0.1,2024,2160,0,0,0.0,300.0,12,18,15,6,7,140.0,78,1824,0.7454,11,0,11,305,756
ca_mau,mild,TwinGate+T2,4,320.0,narrow,0.1,2024,2160,0,0,0.0,300.0,13,18,15,5,5,100.0,77,1831,0.7454,12,0,12,291,752
ca_mau,mild,TwinGate+T2,5,320.0,narrow,0.1,2024,2160,0,0,0.0,300.0,14,22,15,8,5,100.0,76,1826,1.1386,12,1,11,427,748
ca_mau,mild,TwinGate+T2,6,320.0,narrow,0.1,2024,2160,0,0,0.0,320.0,10,16,16,6,9,180.0,80,1835,0.0,10,0,10,246,547
ca_mau,mild,TwinGate+T2,7,320.0,narrow,0.1,2024,2160,0,0,0.0,300.0,12,19,15,7,6,120.0,78,1839,0.9622,11,0,11,264,763
ca_mau,mild,TwinGate+T2,8,320.0,narrow,0.1,2024,2160,0,0,0.0,300.0,13,17,15,4,2,40.0,77,1831,0.6086,13,0,13,263,804
ca_mau,mild,TwinGate+T2,9,320.0,narrow,0.1,2024,2160,0,0,0.0,300.0,13,20,15,7,3,60.0,77,1804,0.9623,12,0,12,352,738
ca_mau,mild,TwinGate+blindARQ,0,320.0,narrow,0.1,2024,2160,0,0,0.0,300.0,12,24,15,12,3,60.0,78,1861,1.3608,12,0,12,331,757
ca_mau,mild,TwinGate+blindARQ,1,320.0,narrow,0.1,2024,2160,0,0,0.0,320.0,12,17,16,5,4,80.0,78,1864,0.6085,13,0,12,989,988
ca_mau,mild,TwinGate+blindARQ,2,320.0,narrow,0.1,2024,2160,218,0,10.3034,320.0,8,20,16,12,8,160.0,82,1857,0.7524,9,0,8,1137,1081
ca_mau,mild,TwinGate+blindARQ,3,320.0,narrow,0.1,2024,2160,0,0,0.0,320.0,8,27,16,19,8,160.0,82,1824,1.4907,9,0,8,938,857
ca_mau,mild,TwinGate+blindARQ,4,320.0,narrow,0.1,2024,2160,0,0,0.0,320.0,11,23,16,12,5,100.0,79,1831,1.1422,11,0,11,301,697
ca_mau,mild,TwinGate+blindARQ,5,320.0,narrow,0.1,2024,2160,0,0,0.0,320.0,9,24,16,15,7,140.0,81,1826,1.2172,10,0,9,1003,956
ca_mau,mild,TwinGate+blindARQ,6,320.0,narrow,0.1,2024,2160,150,0,4.5299,320.0,7,19,16,12,9,180.0,83,1835,0.5203,8,0,7,1098,984
ca_mau,mild,TwinGate+blindARQ,7,320.0,narrow,0.1,2024,2160,0,0,0.0,320.0,10,17,16,7,6,120.0,80,1839,0.6085,10,0,10,247,548
ca_mau,mild,TwinGate+blindARQ,8,320.0,narrow,0.1,2024,2160,0,0,0.0,300.0,13,17,15,4,2,40.0,77,1831,0.6086,13,0,13,263,804
ca_mau,mild,TwinGate+blindARQ,9,320.0,narrow,0.1,2024,2160,0,0,0.0,300.0,12,18,15,6,3,60.0,78,1804,0.7454,12,0,12,331,755
ca_mau,mild,Reactive+T2,0,320.0,narrow,0.1,2024,2160,268,0,17.0456,320.0,7,8,6,1,0,0.0,0,1861,1.296,4,0,3,1044,904
ca_mau,mild,Reactive+T2,1,320.0,narrow,0.1,2024,2160,433,0,37.827,320.0,6,9,6,3,1,60.0,0,1864,1.2933,3,0,2,1195,1044
ca_mau,mild,Reactive+T2,2,320.0,narrow,0.1,2024,2160,457,0,40.0065,320.0,5,7,6,2,2,80.0,0,1857,0.891,2,0,1,1197,1034
ca_mau,mild,Reactive+T2,3,320.0,narrow,0.1,2024,2160,433,0,37.8274,320.0,6,8,6,2,3,140.0,0,1824,1.296,3,0,2,1214,1044
ca_mau,mild,Reactive+T2,4,320.0,narrow,0.1,2024,2160,457,0,40.0065,320.0,5,6,6,1,1,60.0,0,1831,0.0,2,0,1,1197,1033
ca_mau,mild,Reactive+T2,5,320.0,narrow,0.1,2024,2160,457,0,40.0065,320.0,5,6,6,1,2,80.0,0,1826,0.0,2,0,1,1197,1033
ca_mau,mild,Reactive+T2,6,320.0,narrow,0.1,2024,2160,457,0,40.0065,320.0,5,8,6,3,2,120.0,0,1835,1.1971,2,0,1,1197,1035
ca_mau,mild,Reactive+T2,7,320.0,narrow,0.1,2024,2160,453,0,39.3126,320.0,6,10,6,4,2,120.0,0,1839,1.0997,3,0,2,1212,1056
ca_mau,mild,Reactive+T2,8,320.0,narrow,0.1,2024,2160,453,0,39.3118,320.0,6,9,6,3,1,60.0,0,1831,0.7454,3,0,2,1212,1056
ca_mau,mild,Reactive+T2,9,320.0,narrow,0.1,2024,2160,457,0,40.0065,320.0,5,6,6,1,1,60.0,0,1804,0.0,2,0,1,1197,1033
ca_mau,mild,Reactive+blindARQ,0,320.0,narrow,0.1,2024,2160,308,0,19.9372,320.0,6,8,6,2,0,0.0,0,1861,1.296,3,0,2,1040,904
ca_mau,mild,Reactive+blindARQ,1,320.0,narrow,0.1,2024,2160,457,0,40.0057,320.0,5,10,6,5,1,60.0,0,1864,1.6284,2,0,1,1197,1037
ca_mau,mild,Reactive+blindARQ,2,320.0,narrow,0.1,2024,2160,626,0,60.3006,320.0,4,7,6,3,3,140.0,0,1857,0.8909,2,0,1,1364,1192
ca_mau,mild,Reactive+blindARQ,3,320.0,narrow,0.1,2024,2160,626,0,60.3101,320.0,4,9,6,5,2,120.0,0,1824,0.8607,2,0,1,1367,1194
ca_mau,mild,Reactive+blindARQ,4,320.0,narrow,0.1,2024,2160,457,0,40.0065,320.0,5,6,6,1,1,60.0,0,1831,0.0,2,0,1,1197,1033
ca_mau,mild,Reactive+blindARQ,5,320.0,narrow,0.1,2024,2160,457,0,40.0065,320.0,5,6,6,1,2,80.0,0,1826,0.0,2,0,1,1197,1033
ca_mau,mild,Reactive+blindARQ,6,320.0,narrow,0.1,2024,2160,764,0,77.2573,320.0,3,10,6,7,3,180.0,0,1835,1.1967,1,0,0,1552,1350
ca_mau,mild,Reactive+blindARQ,7,320.0,narrow,0.1,2024,2160,626,0,60.3102,320.0,4,8,6,4,2,120.0,0,1839,0.4303,2,0,1,1365,1192
ca_mau,mild,Reactive+blindARQ,8,320.0,narrow,0.1,2024,2160,457,0,40.0036,320.0,5,10,6,5,1,60.0,0,1831,0.8607,2,0,1,1197,1037
ca_mau,mild,Reactive+blindARQ,9,320.0,narrow,0.1,2024,2160,457,0,40.0065,320.0,5,6,6,1,1,60.0,0,1804,0.0,2,0,1,1197,1033
ca_mau,mild,FixedSchedule,0,320.0,narrow,0.1,2024,2160,649,0,62.8398,320.0,6,7,6,1,0,0.0,0,1861,5.7522,2,0,1,1392,1142
ca_mau,mild,FixedSchedule,1,320.0,narrow,0.1,2024,2160,744,0,75.2511,320.0,5,6,6,1,1,60.0,0,1864,0.0,1,0,0,1536,1277
ca_mau,mild,FixedSchedule,2,320.0,narrow,0.1,2024,2160,892,0,85.688,320.0,4,6,6,2,3,140.0,0,1857,0.0,1,0,0,1664,1380
ca_mau,mild,FixedSchedule,3,320.0,narrow,0.1,2024,2160,892,0,85.688,320.0,4,6,6,2,3,140.0,0,1824,0.0,1,0,0,1664,1380
ca_mau,mild,FixedSchedule,4,320.0,narrow,0.1,2024,2160,744,0,75.2511,320.0,5,8,6,3,1,60.0,0,1831,0.8324,1,0,0,1536,1277
ca_mau,mild,FixedSchedule,5,320.0,narrow,0.1,2024,2160,744,0,75.2511,320.0,5,6,6,1,2,80.0,0,1826,0.0,1,0,0,1536,1277
ca_mau,mild,FixedSchedule,6,320.0,narrow,0.1,2024,2160,1044,0,99.7707,320.0,3,6,6,3,3,180.0,0,1835,0.0,1,0,0,1782,1519
ca_mau,mild,FixedSchedule,7,320.0,narrow,0.1,2024,2160,892,0,85.688,320.0,4,13,6,9,2,120.0,0,1839,5.5133,1,0,0,1664,1384
ca_mau,mild,FixedSchedule,8,320.0,narrow,0.1,2024,2160,744,0,75.2511,320.0,5,7,6,2,1,60.0,0,1831,0.0,1,0,0,1536,1277
ca_mau,mild,FixedSchedule,9,320.0,narrow,0.1,2024,2160,744,0,75.2511,320.0,5,6,6,1,1,60.0,0,1804,0.0,1,0,0,1536,1277
ca_mau,mild,Oracle,0,320.0,narrow,0.1,2024,2160,0,0,0.0,260.0,10,17,10,7,0,0.0,0,1861,2.1517,10,6,4,762,1024
ca_mau,mild,Oracle,1,320.0,narrow,0.1,2024,2160,0,0,0.0,260.0,10,14,10,4,1,20.0,0,1864,1.2171,10,6,4,759,1020
ca_mau,mild,Oracle,2,320.0,narrow,0.1,2024,2160,0,0,0.0,260.0,10,12,10,2,6,160.0,0,1857,0.9745,10,6,4,757,1018
ca_mau,mild,Oracle,3,320.0,narrow,0.1,2024,2160,0,0,0.0,260.0,10,10,10,0,5,140.0,0,1824,0.0,10,6,4,755,1017
ca_mau,mild,Oracle,4,320.0,narrow,0.1,2024,2160,0,0,0.0,260.0,10,12,10,2,2,60.0,0,1831,1.2172,10,6,4,757,1019
ca_mau,mild,Oracle,5,320.0,narrow,0.1,2024,2160,0,0,0.0,260.0,10,11,10,1,4,120.0,0,1826,0.8607,10,6,4,756,1018
ca_mau,mild,Oracle,6,320.0,narrow,0.1,2024,2160,0,0,0.0,260.0,10,10,10,0,6,160.0,0,1835,0.0,10,6,4,755,1017
ca_mau,mild,Oracle,7,320.0,narrow,0.1,2024,2160,0,0,0.0,260.0,10,15,10,5,4,100.0,0,1839,0.9623,10,6,4,759,1017
ca_mau,mild,Oracle,8,320.0,narrow,0.1,2024,2160,0,0,0.0,260.0,10,15,10,5,0,0.0,0,1831,1.2172,10,6,4,759,1018
ca_mau,mild,Oracle,9,320.0,narrow,0.1,2024,2160,0,0,0.0,260.0,10,11,10,1,2,60.0,0,1804,0.8607,10,6,4,756,1018
ca_mau,mild,TwinGate+T2+centre,0,320.0,narrow,0.1,2024,2160,0,0,0.0,300.0,15,21,15,6,3,60.0,75,1861,1.1386,13,0,13,378,768
ca_mau,mild,TwinGate+T2+centre,1,320.0,narrow,0.1,2024,2160,0,0,0.0,320.0,13,17,16,4,4,80.0,77,1864,0.6085,13,0,13,345,724
ca_mau,mild,TwinGate+T2+centre,2,320.0,narrow,0.1,2024,2160,0,0,0.0,300.0,13,20,15,7,6,120.0,77,1857,1.0541,12,0,12,340,735
ca_mau,mild,TwinGate+T2+centre,3,320.0,narrow,0.1,2024,2160,0,0,0.0,300.0,12,18,15,6,7,140.0,78,1824,0.7454,11,0,11,305,756
ca_mau,mild,TwinGate+T2+centre,4,320.0,narrow,0.1,2024,2160,0,0,0.0,300.0,13,18,15,5,5,100.0,77,1831,0.7454,12,0,12,291,752
ca_mau,mild,TwinGate+T2+centre,5,320.0,narrow,0.1,2024,2160,0,0,0.0,300.0,14,22,15,8,5,100.0,76,1826,1.1386,12,1,11,427,748
ca_mau,mild,TwinGate+T2+centre,6,320.0,narrow,0.1,2024,2160,0,0,0.0,320.0,10,16,16,6,9,180.0,80,1835,0.0,10,0,10,246,547
ca_mau,mild,TwinGate+T2+centre,7,320.0,narrow,0.1,2024,2160,0,0,0.0,300.0,12,19,15,7,6,120.0,78,1839,0.9622,11,0,11,264,763
ca_mau,mild,TwinGate+T2+centre,8,320.0,narrow,0.1,2024,2160,0,0,0.0,300.0,13,17,15,4,2,40.0,77,1831,0.6086,13,0,13,263,804
ca_mau,mild,TwinGate+T2+centre,9,320.0,narrow,0.1,2024,2160,0,0,0.0,300.0,13,20,15,7,3,60.0,77,1804,0.9623,12,0,12,352,738
ca_mau,mild,TwinGate+T2,0,400.0,awd,0.02,2024,2160,0,0,0.0,320.0,18,25,16,7,3,60.0,72,1861,1.291,10,0,10,216,624
ca_mau,mild,TwinGate+T2,1,400.0,awd,0.02,2024,2160,0,0,0.0,320.0,15,20,16,5,4,80.0,75,1864,0.8607,9,0,9,160,488
ca_mau,mild,TwinGate+T2,2,400.0,awd,0.02,2024,2160,0,0,0.0,320.0,12,17,16,5,8,160.0,78,1857,0.4303,7,0,7,128,456
ca_mau,mild,TwinGate+T2,3,400.0,awd,0.02,2024,2160,0,0,0.0,320.0,11,17,16,6,8,160.0,79,1824,0.4303,7,0,7,129,433
ca_mau,mild,TwinGate+T2,4,400.0,awd,0.02,2024,2160,0,0,0.0,320.0,17,24,16,7,5,100.0,73,1831,1.4272,11,0,11,213,615
ca_mau,mild,TwinGate+T2,5,400.0,awd,0.02,2024,2160,0,0,0.0,340.0,11,17,17,6,8,160.0,79,1826,0.0,8,0,8,133,452
ca_mau,mild,TwinGate+T2,6,400.0,awd,0.02,2024,2160,0,0,0.0,340.0,11,19,17,8,9,180.0,79,1835,0.6086,8,0,8,118,442
ca_mau,mild,TwinGate+T2,7,400.0,awd,0.02,2024,2160,0,0,0.0,340.0,11,18,17,7,7,140.0,79,1839,0.4303,8,0,8,118,425
ca_mau,mild,TwinGate+T2,8,400.0,awd,0.02,2024,2160,0,0,0.0,340.0,16,21,17,5,3,60.0,74,1831,1.1385,11,0,11,185,596
ca_mau,mild,TwinGate+T2,9,400.0,awd,0.02,2024,2160,0,0,0.0,320.0,14,20,16,6,3,60.0,76,1804,0.8607,6,0,6,118,501
ca_mau,mild,TwinGate+blindARQ,0,400.0,awd,0.02,2024,2160,0,0,0.0,320.0,13,25,16,12,3,60.0,77,1861,1.291,8,0,8,146,531
ca_mau,mild,TwinGate+blindARQ,1,400.0,awd,0.02,2024,2160,0,0,0.0,340.0,13,21,17,8,4,80.0,77,1864,0.8607,10,1,9,243,646
ca_mau,mild,TwinGate+blindARQ,2,400.0,awd,0.02,2024,2160,0,0,0.0,340.0,9,19,17,10,8,160.0,81,1857,0.6086,9,5,4,699,957
ca_mau,mild,TwinGate+blindARQ,3,400.0,awd,0.02,2024,2160,0,0,0.0,360.0,9,22,18,13,9,180.0,81,1824,0.8607,9,0,9,334,617
ca_mau,mild,TwinGate+blindARQ,4,400.0,awd,0.02,2024,2160,0,0,0.0,360.0,12,24,18,12,6,120.0,78,1831,1.2909,10,0,10,213,536
ca_mau,mild,TwinGate+blindARQ,5,400.0,awd,0.02,2024,2160,0,0,0.0,340.0,9,24,17,15,8,160.0,81,1826,1.1386,8,2,6,409,748
ca_mau,mild,TwinGate+blindARQ,6,400.0,awd,0.02,2024,2160,0,0,0.0,380.0,7,20,19,13,12,240.0,83,1835,0.4303,8,4,3,1203,1081
ca_mau,mild,TwinGate+blindARQ,7,400.0,awd,0.02,2024,2160,0,0,0.0,360.0,10,20,18,10,8,160.0,80,1839,0.6086,5,0,5,84,354
ca_mau,mild,TwinGate+blindARQ,8,400.0,awd,0.02,2024,2160,0,0,0.0,340.0,14,28,17,14,3,60.0,76,1831,1.6101,8,0,8,145,538
ca_mau,mild,TwinGate+blindARQ,9,400.0,awd,0.02,2024,2160,0,0,0.0,320.0,13,21,16,8,3,60.0,77,1804,0.9623,7,0,7,122,474
ca_mau,mild,Reactive+T2,0,400.0,awd,0.02,2024,2160,0,0,0.0,400.0,9,11,7,2,0,0.0,0,1861,1.7779,5,0,4,831,696
ca_mau,mild,Reactive+T2,1,400.0,awd,0.02,2024,2160,194,0,7.9347,400.0,7,10,7,3,1,60.0,0,1864,1.5251,4,0,3,952,823
ca_mau,mild,Reactive+T2,2,400.0,awd,0.02,2024,2160,384,0,30.9095,400.0,5,8,7,3,3,160.0,0,1857,0.891,2,0,1,1123,962
ca_mau,mild,Reactive+T2,3,400.0,awd,0.02,2024,2160,363,0,28.4829,400.0,6,9,7,3,4,220.0,0,1824,1.296,3,0,2,1133,965
ca_mau,mild,Reactive+T2,4,400.0,awd,0.02,2024,2160,221,0,10.5868,400.0,6,7,7,1,1,60.0,0,1831,0.0,3,0,2,965,827
ca_mau,mild,Reactive+T2,5,400.0,awd,0.02,2024,2160,217,0,9.872,400.0,7,10,7,3,2,120.0,0,1826,1.2172,3,0,2,986,849
ca_mau,mild,Reactive+T2,6,400.0,awd,0.02,2024,2160,221,0,10.5868,400.0,6,9,7,3,3,160.0,0,1835,1.1971,3,0,2,965,829
ca_mau,mild,Reactive+T2,7,400.0,awd,0.02,2024,2160,194,0,7.9362,400.0,7,11,7,4,3,160.0,0,1839,1.5535,4,0,3,954,821
ca_mau,mild,Reactive+T2,8,400.0,awd,0.02,2024,2160,192,0,7.229,400.0,8,12,7,4,1,60.0,0,1831,2.0083,4,0,3,974,840
ca_mau,mild,Reactive+T2,9,400.0,awd,0.02,2024,2160,221,0,10.5868,400.0,6,7,7,1,1,60.0,0,1804,0.0,3,0,2,965,827
ca_mau,mild,Reactive+blindARQ,0,400.0,awd,0.02,2024,2160,0,0,0.0,400.0,7,9,7,2,0,0.0,0,1861,1.296,4,0,3,802,675
ca_mau,mild,Reactive+blindARQ,1,400.0,awd,0.02,2024,2160,220,0,10.5832,400.0,6,11,7,5,1,60.0,0,1864,1.7517,3,0,2,965,831
ca_mau,mild,Reactive+blindARQ,2,400.0,awd,0.02,2024,2160,546,0,50.3868,400.0,4,9,7,5,4,220.0,0,1857,0.8909,2,0,1,1290,1097
ca_mau,mild,Reactive+blindARQ,3,400.0,awd,0.02,2024,2160,546,0,50.4042,400.0,4,10,7,6,3,180.0,0,1824,1.4917,2,0,1,1293,1099
ca_mau,mild,Reactive+blindARQ,4,400.0,awd,0.02,2024,2160,221,0,10.5868,400.0,6,7,7,1,1,60.0,0,1831,0.0,3,0,2,965,827
ca_mau,mild,Reactive+blindARQ,5,400.0,awd,0.02,2024,2160,384,0,30.9091,400.0,5,11,7,6,3,160.0,0,1826,0.0001,2,0,1,1123,961
ca_mau,mild,Reactive+blindARQ,6,400.0,awd,0.02,2024,2160,546,0,50.4146,400.0,4,11,7,7,4,220.0,0,1835,1.1967,2,0,1,1290,1098
ca_mau,mild,Reactive+blindARQ,7,400.0,awd,0.02,2024,2160,384,0,30.9075,400.0,5,12,7,7,2,120.0,0,1839,1.7498,2,0,1,1124,965
ca_mau,mild,Reactive+blindARQ,8,400.0,awd,0.02,2024,2160,220,0,10.5772,400.0,6,11,7,5,1,60.0,0,1831,1.7749,3,0,2,965,831
ca_mau,mild,Reactive+blindARQ,9,400.0,awd,0.02,2024,2160,221,0,10.5868,400.0,6,7,7,1,1,60.0,0,1804,0.0,3,0,2,965,827
ca_mau,mild,FixedSchedule,0,400.0,awd,0.02,2024,2160,477,0,41.6855,400.0,7,10,7,3,0,0.0,0,1861,0.9997,1,0,0,1207,943
ca_mau,mild,FixedSchedule,1,400.0,awd,0.02,2024,2160,577,0,52.9808,400.0,6,7,7,1,1,60.0,0,1864,0.0,2,0,1,1313,1044
ca_mau,mild,FixedSchedule,2,400.0,awd,0.02,2024,2160,767,0,78.3186,400.0,4,8,7,4,4,220.0,0,1857,0.0002,1,0,0,1571,1300
ca_mau,mild,FixedSchedule,3,400.0,awd,0.02,2024,2160,767,0,78.3186,400.0,4,7,7,3,4,220.0,0,1824,0.0,1,0,0,1571,1300
ca_mau,mild,FixedSchedule,4,400.0,awd,0.02,2024,2160,577,0,52.9808,400.0,6,13,7,7,1,60.0,0,1831,2.1412,2,0,1,1317,1048
ca_mau,mild,FixedSchedule,5,400.0,awd,0.02,2024,2160,692,0,67.5174,400.0,5,7,7,2,3,160.0,0,1826,0.0,1,0,0,1447,1185
ca_mau,mild,FixedSchedule,6,400.0,awd,0.02,2024,2160,767,0,78.3186,400.0,4,9,7,5,3,180.0,0,1835,1.1884,1,0,0,1571,1302
ca_mau,mild,FixedSchedule,7,400.0,awd,0.02,2024,2160,692,0,67.5174,400.0,5,13,7,8,3,160.0,0,1839,1.1988,1,0,0,1447,1185
ca_mau,mild,FixedSchedule,8,400.0,awd,0.02,2024,2160,577,0,52.9808,400.0,6,8,7,2,1,60.0,0,1831,0.0,2,0,1,1313,1044
ca_mau,mild,FixedSchedule,9,400.0,awd,0.02,2024,2160,576,0,52.969,400.0,6,8,7,2,1,60.0,0,1804,0.6518,2,0,1,1313,1044
ca_mau,mild,Oracle,0,400.0,awd,0.02,2024,2160,0,0,0.0,340.0,14,23,14,9,2,40.0,0,1861,1.6667,5,0,5,87,396
ca_mau,mild,Oracle,1,400.0,awd,0.02,2024,2160,0,0,0.0,340.0,14,18,14,4,1,20.0,0,1864,0.8607,5,0,5,84,389
ca_mau,mild,Oracle,2,400.0,awd,0.02,2024,2160,0,0,0.0,340.0,14,17,14,3,6,120.0,0,1857,1.1358,5,0,5,85,390
ca_mau,mild,Oracle,3,400.0,awd,0.02,2024,2160,0,0,0.0,340.0,14,28,14,14,6,140.0,0,1824,1.6102,5,0,5,83,401
ca_mau,mild,Oracle,4,400.0,awd,0.02,2024,2160,0,0,0.0,340.0,14,16,14,2,4,100.0,0,1831,0.6086,5,0,5,85,389
ca_mau,mild,Oracle,5,400.0,awd,0.02,2024,2160,0,0,0.0,340.0,14,29,14,15,7,160.0,0,1826,1.8842,5,0,5,83,402
ca_mau,mild,Oracle,6,400.0,awd,0.02,2024,2160,0,0,0.0,340.0,14,15,14,1,7,180.0,0,1835,0.4303,5,0,5,84,388
ca_mau,mild,Oracle,7,400.0,awd,0.02,2024,2160,0,0,0.0,340.0,14,17,14,3,5,120.0,0,1839,0.7454,5,0,5,83,390
ca_mau,mild,Oracle,8,400.0,awd,0.02,2024,2160,0,0,0.0,340.0,14,16,14,2,2,40.0,0,1831,0.6086,5,0,5,85,389
ca_mau,mild,Oracle,9,400.0,awd,0.02,2024,2160,0,0,0.0,340.0,14,15,14,1,2,60.0,0,1804,0.4303,5,0,5,84,388
ca_mau,mild,TwinGate+T2+centre,0,400.0,awd,0.02,2024,2160,0,0,0.0,320.0,15,20,16,5,3,60.0,75,1861,0.8607,9,0,9,142,475
ca_mau,mild,TwinGate+T2+centre,1,400.0,awd,0.02,2024,2160,0,0,0.0,320.0,14,20,16,6,4,80.0,76,1864,1.0539,9,0,9,93,486
ca_mau,mild,TwinGate+T2+centre,2,400.0,awd,0.02,2024,2160,0,0,0.0,340.0,12,17,17,5,8,160.0,78,1857,0.0,4,0,4,43,378
ca_mau,mild,TwinGate+T2+centre,3,400.0,awd,0.02,2024,2160,0,0,0.0,320.0,13,22,16,9,7,140.0,77,1824,1.0541,7,0,7,101,436
ca_mau,mild,TwinGate+T2+centre,4,400.0,awd,0.02,2024,2160,0,0,0.0,320.0,13,18,16,5,5,100.0,77,1831,0.6086,7,0,7,94,425
ca_mau,mild,TwinGate+T2+centre,5,400.0,awd,0.02,2024,2160,0,0,0.0,340.0,15,25,17,10,6,120.0,75,1826,1.4272,9,0,9,127,442
ca_mau,mild,TwinGate+T2+centre,6,400.0,awd,0.02,2024,2160,0,0,0.0,340.0,11,18,17,7,10,200.0,79,1835,0.4303,7,0,7,81,371
ca_mau,mild,TwinGate+T2+centre,7,400.0,awd,0.02,2024,2160,0,0,0.0,340.0,13,22,17,9,6,120.0,77,1839,1.2172,7,0,7,94,377
ca_mau,mild,TwinGate+T2+centre,8,400.0,awd,0.02,2024,2160,0,0,0.0,340.0,15,21,17,6,3,60.0,75,1831,0.8607,8,0,8,89,459
ca_mau,mild,TwinGate+T2+centre,9,400.0,awd,0.02,2024,2160,0,0,0.0,320.0,14,20,16,6,3,60.0,76,1804,1.4271,10,0,10,109,469
ca_mau,mild,TwinGate+T2,0,400.0,mid,0.05,2024,2160,0,0,0.0,320.0,18,25,16,7,3,60.0,72,1861,1.291,10,0,10,216,624
ca_mau,mild,TwinGate+T2,1,400.0,mid,0.05,2024,2160,0,0,0.0,320.0,15,20,16,5,4,80.0,75,1864,0.8607,9,0,9,160,488
ca_mau,mild,TwinGate+T2,2,400.0,mid,0.05,2024,2160,0,0,0.0,320.0,12,17,16,5,8,160.0,78,1857,0.4303,7,0,7,128,456
ca_mau,mild,TwinGate+T2,3,400.0,mid,0.05,2024,2160,0,0,0.0,320.0,11,17,16,6,8,160.0,79,1824,0.4303,7,0,7,129,433
ca_mau,mild,TwinGate+T2,4,400.0,mid,0.05,2024,2160,0,0,0.0,320.0,17,24,16,7,5,100.0,73,1831,1.4272,11,0,11,213,615
ca_mau,mild,TwinGate+T2,5,400.0,mid,0.05,2024,2160,0,0,0.0,340.0,11,17,17,6,8,160.0,79,1826,0.0,8,0,8,133,452
ca_mau,mild,TwinGate+T2,6,400.0,mid,0.05,2024,2160,0,0,0.0,340.0,11,19,17,8,9,180.0,79,1835,0.6086,8,0,8,118,442
ca_mau,mild,TwinGate+T2,7,400.0,mid,0.05,2024,2160,0,0,0.0,340.0,11,18,17,7,7,140.0,79,1839,0.4303,8,0,8,118,425
ca_mau,mild,TwinGate+T2,8,400.0,mid,0.05,2024,2160,0,0,0.0,340.0,16,21,17,5,3,60.0,74,1831,1.1385,11,0,11,185,596
ca_mau,mild,TwinGate+T2,9,400.0,mid,0.05,2024,2160,0,0,0.0,320.0,14,20,16,6,3,60.0,76,1804,0.8607,6,0,6,118,501
ca_mau,mild,TwinGate+blindARQ,0,400.0,mid,0.05,2024,2160,0,0,0.0,320.0,13,25,16,12,3,60.0,77,1861,1.291,8,0,8,146,531
ca_mau,mild,TwinGate+blindARQ,1,400.0,mid,0.05,2024,2160,0,0,0.0,340.0,13,21,17,8,4,80.0,77,1864,0.8607,11,0,10,833,768
ca_mau,mild,TwinGate+blindARQ,2,400.0,mid,0.05,2024,2160,0,0,0.0,360.0,10,19,18,9,8,160.0,80,1857,0.4303,11,0,10,1066,1046
ca_mau,mild,TwinGate+blindARQ,3,400.0,mid,0.05,2024,2160,0,0,0.0,360.0,9,22,18,13,9,180.0,81,1824,0.8607,9,0,9,319,626
ca_mau,mild,TwinGate+blindARQ,4,400.0,mid,0.05,2024,2160,0,0,0.0,360.0,12,24,18,12,6,120.0,78,1831,1.2909,10,0,10,213,536
ca_mau,mild,TwinGate+blindARQ,5,400.0,mid,0.05,2024,2160,0,0,0.0,380.0,10,26,19,16,9,180.0,80,1826,1.1386,9,1,8,567,864
ca_mau,mild,TwinGate+blindARQ,6,400.0,mid,0.05,2024,2160,0,0,0.0,400.0,8,28,20,20,12,240.0,82,1835,1.2557,9,0,8,1097,1032
ca_mau,mild,TwinGate+blindARQ,7,400.0,mid,0.05,2024,2160,0,0,0.0,360.0,10,20,18,10,8,160.0,80,1839,0.6086,5,0,5,84,354
ca_mau,mild,TwinGate+blindARQ,8,400.0,mid,0.05,2024,2160,0,0,0.0,340.0,14,28,17,14,3,60.0,76,1831,1.6101,8,0,8,145,538
ca_mau,mild,TwinGate+blindARQ,9,400.0,mid,0.05,2024,2160,0,0,0.0,320.0,13,21,16,8,3,60.0,77,1804,0.9623,7,0,7,122,474
ca_mau,mild,Reactive+T2,0,400.0,mid,0.05,2024,2160,0,0,0.0,400.0,9,11,7,2,0,0.0,0,1861,1.7779,5,0,4,831,696
ca_mau,mild,Reactive+T2,1,400.0,mid,0.05,2024,2160,194,0,7.9347,400.0,7,10,7,3,1,60.0,0,1864,1.5251,4,0,3,952,823
ca_mau,mild,Reactive+T2,2,400.0,mid,0.05,2024,2160,384,0,30.9095,400.0,5,8,7,3,3,160.0,0,1857,0.891,2,0,1,1123,962
ca_mau,mild,Reactive+T2,3,400.0,mid,0.05,2024,2160,363,0,28.4829,400.0,6,9,7,3,4,220.0,0,1824,1.296,3,0,2,1133,965
ca_mau,mild,Reactive+T2,4,400.0,mid,0.05,2024,2160,221,0,10.5868,400.0,6,7,7,1,1,60.0,0,1831,0.0,3,0,2,965,827
ca_mau,mild,Reactive+T2,5,400.0,mid,0.05,2024,2160,217,0,9.872,400.0,7,10,7,3,2,120.0,0,1826,1.2172,3,0,2,986,849
ca_mau,mild,Reactive+T2,6,400.0,mid,0.05,2024,2160,221,0,10.5868,400.0,6,9,7,3,3,160.0,0,1835,1.1971,3,0,2,965,829
ca_mau,mild,Reactive+T2,7,400.0,mid,0.05,2024,2160,194,0,7.9362,400.0,7,11,7,4,3,160.0,0,1839,1.5535,4,0,3,954,821
ca_mau,mild,Reactive+T2,8,400.0,mid,0.05,2024,2160,192,0,7.229,400.0,8,12,7,4,1,60.0,0,1831,2.0083,4,0,3,974,840
ca_mau,mild,Reactive+T2,9,400.0,mid,0.05,2024,2160,221,0,10.5868,400.0,6,7,7,1,1,60.0,0,1804,0.0,3,0,2,965,827
ca_mau,mild,Reactive+blindARQ,0,400.0,mid,0.05,2024,2160,0,0,0.0,400.0,7,9,7,2,0,0.0,0,1861,1.296,4,0,3,802,675
ca_mau,mild,Reactive+blindARQ,1,400.0,mid,0.05,2024,2160,220,0,10.5832,400.0,6,11,7,5,1,60.0,0,1864,1.7517,3,0,2,965,831
ca_mau,mild,Reactive+blindARQ,2,400.0,mid,0.05,2024,2160,546,0,50.3868,400.0,4,9,7,5,4,220.0,0,1857,0.8909,2,0,1,1290,1097
ca_mau,mild,Reactive+blindARQ,3,400.0,mid,0.05,2024,2160,546,0,50.4042,400.0,4,10,7,6,3,180.0,0,1824,1.4917,2,0,1,1293,1099
ca_mau,mild,Reactive+blindARQ,4,400.0,mid,0.05,2024,2160,221,0,10.5868,400.0,6,7,7,1,1,60.0,0,1831,0.0,3,0,2,965,827
ca_mau,mild,Reactive+blindARQ,5,400.0,mid,0.05,2024,2160,384,0,30.9091,400.0,5,11,7,6,3,160.0,0,1826,0.0001,2,0,1,1123,961
ca_mau,mild,Reactive+blindARQ,6,400.0,mid,0.05,2024,2160,546,0,50.4146,400.0,4,11,7,7,4,220.0,0,1835,1.1967,2,0,1,1290,1098
ca_mau,mild,Reactive+blindARQ,7,400.0,mid,0.05,2024,2160,384,0,30.9075,400.0,5,12,7,7,2,120.0,0,1839,1.7498,2,0,1,1124,965
ca_mau,mild,Reactive+blindARQ,8,400.0,mid,0.05,2024,2160,220,0,10.5772,400.0,6,11,7,5,1,60.0,0,1831,1.7749,3,0,2,965,831
ca_mau,mild,Reactive+blindARQ,9,400.0,mid,0.05,2024,2160,221,0,10.5868,400.0,6,7,7,1,1,60.0,0,1804,0.0,3,0,2,965,827
ca_mau,mild,FixedSchedule,0,400.0,mid,0.05,2024,2160,477,0,41.6855,400.0,7,10,7,3,0,0.0,0,1861,0.9997,1,0,0,1207,943
ca_mau,mild,FixedSchedule,1,400.0,mid,0.05,2024,2160,577,0,52.9808,400.0,6,7,7,1,1,60.0,0,1864,0.0,2,0,1,1313,1044
ca_mau,mild,FixedSchedule,2,400.0,mid,0.05,2024,2160,767,0,78.3186,400.0,4,8,7,4,4,220.0,0,1857,0.0002,1,0,0,1571,1300
ca_mau,mild,FixedSchedule,3,400.0,mid,0.05,2024,2160,767,0,78.3186,400.0,4,7,7,3,4,220.0,0,1824,0.0,1,0,0,1571,1300
ca_mau,mild,FixedSchedule,4,400.0,mid,0.05,2024,2160,577,0,52.9808,400.0,6,13,7,7,1,60.0,0,1831,2.1412,2,0,1,1317,1048
ca_mau,mild,FixedSchedule,5,400.0,mid,0.05,2024,2160,692,0,67.5174,400.0,5,7,7,2,3,160.0,0,1826,0.0,1,0,0,1447,1185
ca_mau,mild,FixedSchedule,6,400.0,mid,0.05,2024,2160,767,0,78.3186,400.0,4,9,7,5,3,180.0,0,1835,1.1884,1,0,0,1571,1302
ca_mau,mild,FixedSchedule,7,400.0,mid,0.05,2024,2160,692,0,67.5174,400.0,5,13,7,8,3,160.0,0,1839,1.1988,1,0,0,1447,1185
ca_mau,mild,FixedSchedule,8,400.0,mid,0.05,2024,2160,577,0,52.9808,400.0,6,8,7,2,1,60.0,0,1831,0.0,2,0,1,1313,1044
ca_mau,mild,FixedSchedule,9,400.0,mid,0.05,2024,2160,576,0,52.969,400.0,6,8,7,2,1,60.0,0,1804,0.6518,2,0,1,1313,1044
ca_mau,mild,Oracle,0,400.0,mid,0.05,2024,2160,0,0,0.0,340.0,14,23,14,9,2,40.0,0,1861,1.6667,5,0,5,87,396
ca_mau,mild,Oracle,1,400.0,mid,0.05,2024,2160,0,0,0.0,340.0,14,18,14,4,1,20.0,0,1864,0.8607,5,0,5,84,389
ca_mau,mild,Oracle,2,400.0,mid,0.05,2024,2160,0,0,0.0,340.0,14,17,14,3,6,120.0,0,1857,1.1358,5,0,5,85,390
ca_mau,mild,Oracle,3,400.0,mid,0.05,2024,2160,0,0,0.0,340.0,14,28,14,14,6,140.0,0,1824,1.6102,5,0,5,83,401
ca_mau,mild,Oracle,4,400.0,mid,0.05,2024,2160,0,0,0.0,340.0,14,16,14,2,4,100.0,0,1831,0.6086,5,0,5,85,389
ca_mau,mild,Oracle,5,400.0,mid,0.05,2024,2160,0,0,0.0,340.0,14,29,14,15,7,160.0,0,1826,1.8842,5,0,5,83,402
ca_mau,mild,Oracle,6,400.0,mid,0.05,2024,2160,0,0,0.0,340.0,14,15,14,1,7,180.0,0,1835,0.4303,5,0,5,84,388
ca_mau,mild,Oracle,7,400.0,mid,0.05,2024,2160,0,0,0.0,340.0,14,17,14,3,5,120.0,0,1839,0.7454,5,0,5,83,390
ca_mau,mild,Oracle,8,400.0,mid,0.05,2024,2160,0,0,0.0,340.0,14,16,14,2,2,40.0,0,1831,0.6086,5,0,5,85,389
ca_mau,mild,Oracle,9,400.0,mid,0.05,2024,2160,0,0,0.0,340.0,14,15,14,1,2,60.0,0,1804,0.4303,5,0,5,84,388
ca_mau,mild,TwinGate+T2+centre,0,400.0,mid,0.05,2024,2160,0,0,0.0,320.0,15,20,16,5,3,60.0,75,1861,0.8607,9,0,9,142,475
ca_mau,mild,TwinGate+T2+centre,1,400.0,mid,0.05,2024,2160,0,0,0.0,320.0,14,20,16,6,4,80.0,76,1864,1.0539,9,0,9,93,486
ca_mau,mild,TwinGate+T2+centre,2,400.0,mid,0.05,2024,2160,0,0,0.0,340.0,12,17,17,5,8,160.0,78,1857,0.0,4,0,4,43,378
ca_mau,mild,TwinGate+T2+centre,3,400.0,mid,0.05,2024,2160,0,0,0.0,320.0,13,22,16,9,7,140.0,77,1824,1.0541,7,0,7,101,436
ca_mau,mild,TwinGate+T2+centre,4,400.0,mid,0.05,2024,2160,0,0,0.0,320.0,13,18,16,5,5,100.0,77,1831,0.6086,7,0,7,94,425
ca_mau,mild,TwinGate+T2+centre,5,400.0,mid,0.05,2024,2160,0,0,0.0,340.0,15,25,17,10,6,120.0,75,1826,1.4272,9,0,9,127,442
ca_mau,mild,TwinGate+T2+centre,6,400.0,mid,0.05,2024,2160,0,0,0.0,340.0,11,18,17,7,10,200.0,79,1835,0.4303,7,0,7,81,371
ca_mau,mild,TwinGate+T2+centre,7,400.0,mid,0.05,2024,2160,0,0,0.0,340.0,13,22,17,9,6,120.0,77,1839,1.2172,7,0,7,94,377
ca_mau,mild,TwinGate+T2+centre,8,400.0,mid,0.05,2024,2160,0,0,0.0,340.0,15,21,17,6,3,60.0,75,1831,0.8607,8,0,8,89,459
ca_mau,mild,TwinGate+T2+centre,9,400.0,mid,0.05,2024,2160,0,0,0.0,320.0,14,20,16,6,3,60.0,76,1804,1.4271,10,0,10,109,469
ca_mau,mild,TwinGate+T2,0,400.0,narrow,0.1,2024,2160,0,0,0.0,300.0,15,21,15,6,3,60.0,75,1861,1.1386,13,0,13,378,768
ca_mau,mild,TwinGate+T2,1,400.0,narrow,0.1,2024,2160,0,0,0.0,320.0,13,17,16,4,4,80.0,77,1864,0.6085,13,0,13,345,724
ca_mau,mild,TwinGate+T2,2,400.0,narrow,0.1,2024,2160,0,0,0.0,300.0,13,20,15,7,6,120.0,77,1857,1.0541,12,0,12,340,735
ca_mau,mild,TwinGate+T2,3,400.0,narrow,0.1,2024,2160,0,0,0.0,300.0,12,18,15,6,7,140.0,78,1824,0.7454,11,0,11,305,756
ca_mau,mild,TwinGate+T2,4,400.0,narrow,0.1,2024,2160,0,0,0.0,300.0,13,18,15,5,5,100.0,77,1831,0.7454,12,0,12,291,752
ca_mau,mild,TwinGate+T2,5,400.0,narrow,0.1,2024,2160,0,0,0.0,300.0,14,22,15,8,5,100.0,76,1826,1.1386,12,1,11,427,748
ca_mau,mild,TwinGate+T2,6,400.0,narrow,0.1,2024,2160,0,0,0.0,340.0,10,17,17,7,10,200.0,80,1835,0.0,10,0,10,246,547
ca_mau,mild,TwinGate+T2,7,400.0,narrow,0.1,2024,2160,0,0,0.0,300.0,12,19,15,7,6,120.0,78,1839,0.9622,11,0,11,264,763
ca_mau,mild,TwinGate+T2,8,400.0,narrow,0.1,2024,2160,0,0,0.0,300.0,13,17,15,4,2,40.0,77,1831,0.6086,13,0,13,263,804
ca_mau,mild,TwinGate+T2,9,400.0,narrow,0.1,2024,2160,0,0,0.0,300.0,13,20,15,7,3,60.0,77,1804,0.9623,12,0,12,352,738
ca_mau,mild,TwinGate+blindARQ,0,400.0,narrow,0.1,2024,2160,0,0,0.0,300.0,12,24,15,12,3,60.0,78,1861,1.3608,12,0,12,331,757
ca_mau,mild,TwinGate+blindARQ,1,400.0,narrow,0.1,2024,2160,0,0,0.0,340.0,13,18,17,5,4,80.0,77,1864,0.6085,13,0,13,342,717
ca_mau,mild,TwinGate+blindARQ,2,400.0,narrow,0.1,2024,2160,0,0,0.0,400.0,12,24,20,12,8,160.0,78,1857,0.7524,12,0,12,286,650
ca_mau,mild,TwinGate+blindARQ,3,400.0,narrow,0.1,2024,2160,0,0,0.0,360.0,9,29,18,20,9,180.0,81,1824,1.4907,9,0,9,195,461
ca_mau,mild,TwinGate+blindARQ,4,400.0,narrow,0.1,2024,2160,0,0,0.0,320.0,11,23,16,12,5,100.0,79,1831,1.1422,11,0,11,301,697
ca_mau,mild,TwinGate+blindARQ,5,400.0,narrow,0.1,2024,2160,0,0,0.0,380.0,10,27,19,17,9,180.0,80,1826,1.2172,10,0,10,280,563
ca_mau,mild,TwinGate+blindARQ,6,400.0,narrow,0.1,2024,2160,3,0,0.0076,400.0,8,26,20,18,12,240.0,82,1835,0.5204,9,0,8,1020,935
ca_mau,mild,TwinGate+blindARQ,7,400.0,narrow,0.1,2024,2160,0,0,0.0,360.0,10,19,18,9,8,160.0,80,1839,0.6085,10,0,10,247,548
ca_mau,mild,TwinGate+blindARQ,8,400.0,narrow,0.1,2024,2160,0,0,0.0,300.0,13,17,15,4,2,40.0,77,1831,0.6086,13,0,13,263,804
ca_mau,mild,TwinGate+blindARQ,9,400.0,narrow,0.1,2024,2160,0,0,0.0,300.0,12,18,15,6,3,60.0,78,1804,0.7454,12,0,12,331,755
ca_mau,mild,Reactive+T2,0,400.0,narrow,0.1,2024,2160,0,0,0.0,400.0,9,11,7,2,0,0.0,0,1861,1.7779,5,0,4,831,696
ca_mau,mild,Reactive+T2,1,400.0,narrow,0.1,2024,2160,194,0,7.9347,400.0,7,10,7,3,1,60.0,0,1864,1.5251,4,0,3,952,823
ca_mau,mild,Reactive+T2,2,400.0,narrow,0.1,2024,2160,384,0,30.9095,400.0,5,8,7,3,3,160.0,0,1857,0.891,2,0,1,1123,962
ca_mau,mild,Reactive+T2,3,400.0,narrow,0.1,2024,2160,363,0,28.4829,400.0,6,9,7,3,4,220.0,0,1824,1.296,3,0,2,1133,965
ca_mau,mild,Reactive+T2,4,400.0,narrow,0.1,2024,2160,221,0,10.5868,400.0,6,7,7,1,1,60.0,0,1831,0.0,3,0,2,965,827
ca_mau,mild,Reactive+T2,5,400.0,narrow,0.1,2024,2160,217,0,9.872,400.0,7,10,7,3,2,120.0,0,1826,1.2172,3,0,2,986,849
ca_mau,mild,Reactive+T2,6,400.0,narrow,0.1,2024,2160,221,0,10.5868,400.0,6,9,7,3,3,160.0,0,1835,1.1971,3,0,2,965,829
ca_mau,mild,Reactive+T2,7,400.0,narrow,0.1,2024,2160,194,0,7.9362,400.0,7,11,7,4,3,160.0,0,1839,1.5535,4,0,3,954,821
ca_mau,mild,Reactive+T2,8,400.0,narrow,0.1,2024,2160,192,0,7.229,400.0,8,12,7,4,1,60.0,0,1831,2.0083,4,0,3,974,840
ca_mau,mild,Reactive+T2,9,400.0,narrow,0.1,2024,2160,221,0,10.5868,400.0,6,7,7,1,1,60.0,0,1804,0.0,3,0,2,965,827
ca_mau,mild,Reactive+blindARQ,0,400.0,narrow,0.1,2024,2160,0,0,0.0,400.0,7,9,7,2,0,0.0,0,1861,1.296,4,0,3,802,675
ca_mau,mild,Reactive+blindARQ,1,400.0,narrow,0.1,2024,2160,220,0,10.5832,400.0,6,11,7,5,1,60.0,0,1864,1.7517,3,0,2,965,831
ca_mau,mild,Reactive+blindARQ,2,400.0,narrow,0.1,2024,2160,546,0,50.3868,400.0,4,9,7,5,4,220.0,0,1857,0.8909,2,0,1,1290,1097
ca_mau,mild,Reactive+blindARQ,3,400.0,narrow,0.1,2024,2160,546,0,50.4042,400.0,4,10,7,6,3,180.0,0,1824,1.4917,2,0,1,1293,1099
ca_mau,mild,Reactive+blindARQ,4,400.0,narrow,0.1,2024,2160,221,0,10.5868,400.0,6,7,7,1,1,60.0,0,1831,0.0,3,0,2,965,827
ca_mau,mild,Reactive+blindARQ,5,400.0,narrow,0.1,2024,2160,384,0,30.9091,400.0,5,11,7,6,3,160.0,0,1826,0.0001,2,0,1,1123,961
ca_mau,mild,Reactive+blindARQ,6,400.0,narrow,0.1,2024,2160,546,0,50.4146,400.0,4,11,7,7,4,220.0,0,1835,1.1967,2,0,1,1290,1098
ca_mau,mild,Reactive+blindARQ,7,400.0,narrow,0.1,2024,2160,384,0,30.9075,400.0,5,12,7,7,2,120.0,0,1839,1.7498,2,0,1,1124,965
ca_mau,mild,Reactive+blindARQ,8,400.0,narrow,0.1,2024,2160,220,0,10.5772,400.0,6,11,7,5,1,60.0,0,1831,1.7749,3,0,2,965,831
ca_mau,mild,Reactive+blindARQ,9,400.0,narrow,0.1,2024,2160,221,0,10.5868,400.0,6,7,7,1,1,60.0,0,1804,0.0,3,0,2,965,827
ca_mau,mild,FixedSchedule,0,400.0,narrow,0.1,2024,2160,477,0,41.6855,400.0,7,10,7,3,0,0.0,0,1861,0.9997,1,0,0,1207,943
ca_mau,mild,FixedSchedule,1,400.0,narrow,0.1,2024,2160,577,0,52.9808,400.0,6,7,7,1,1,60.0,0,1864,0.0,2,0,1,1313,1044
ca_mau,mild,FixedSchedule,2,400.0,narrow,0.1,2024,2160,767,0,78.3186,400.0,4,8,7,4,4,220.0,0,1857,0.0002,1,0,0,1571,1300
ca_mau,mild,FixedSchedule,3,400.0,narrow,0.1,2024,2160,767,0,78.3186,400.0,4,7,7,3,4,220.0,0,1824,0.0,1,0,0,1571,1300
ca_mau,mild,FixedSchedule,4,400.0,narrow,0.1,2024,2160,577,0,52.9808,400.0,6,13,7,7,1,60.0,0,1831,2.1412,2,0,1,1317,1048
ca_mau,mild,FixedSchedule,5,400.0,narrow,0.1,2024,2160,692,0,67.5174,400.0,5,7,7,2,3,160.0,0,1826,0.0,1,0,0,1447,1185
ca_mau,mild,FixedSchedule,6,400.0,narrow,0.1,2024,2160,767,0,78.3186,400.0,4,9,7,5,3,180.0,0,1835,1.1884,1,0,0,1571,1302
ca_mau,mild,FixedSchedule,7,400.0,narrow,0.1,2024,2160,692,0,67.5174,400.0,5,13,7,8,3,160.0,0,1839,1.1988,1,0,0,1447,1185
ca_mau,mild,FixedSchedule,8,400.0,narrow,0.1,2024,2160,577,0,52.9808,400.0,6,8,7,2,1,60.0,0,1831,0.0,2,0,1,1313,1044
ca_mau,mild,FixedSchedule,9,400.0,narrow,0.1,2024,2160,576,0,52.969,400.0,6,8,7,2,1,60.0,0,1804,0.6518,2,0,1,1313,1044
ca_mau,mild,Oracle,0,400.0,narrow,0.1,2024,2160,0,0,0.0,340.0,14,23,14,9,2,40.0,0,1861,1.6667,5,0,5,87,396
ca_mau,mild,Oracle,1,400.0,narrow,0.1,2024,2160,0,0,0.0,340.0,14,18,14,4,1,20.0,0,1864,0.8607,5,0,5,84,389
ca_mau,mild,Oracle,2,400.0,narrow,0.1,2024,2160,0,0,0.0,340.0,14,17,14,3,6,120.0,0,1857,1.1358,5,0,5,85,390
ca_mau,mild,Oracle,3,400.0,narrow,0.1,2024,2160,0,0,0.0,340.0,14,28,14,14,6,140.0,0,1824,1.6102,5,0,5,83,401
ca_mau,mild,Oracle,4,400.0,narrow,0.1,2024,2160,0,0,0.0,340.0,14,16,14,2,4,100.0,0,1831,0.6086,5,0,5,85,389
ca_mau,mild,Oracle,5,400.0,narrow,0.1,2024,2160,0,0,0.0,340.0,14,29,14,15,7,160.0,0,1826,1.8842,5,0,5,83,402
ca_mau,mild,Oracle,6,400.0,narrow,0.1,2024,2160,0,0,0.0,340.0,14,15,14,1,7,180.0,0,1835,0.4303,5,0,5,84,388
ca_mau,mild,Oracle,7,400.0,narrow,0.1,2024,2160,0,0,0.0,340.0,14,17,14,3,5,120.0,0,1839,0.7454,5,0,5,83,390
ca_mau,mild,Oracle,8,400.0,narrow,0.1,2024,2160,0,0,0.0,340.0,14,16,14,2,2,40.0,0,1831,0.6086,5,0,5,85,389
ca_mau,mild,Oracle,9,400.0,narrow,0.1,2024,2160,0,0,0.0,340.0,14,15,14,1,2,60.0,0,1804,0.4303,5,0,5,84,388
ca_mau,mild,TwinGate+T2+centre,0,400.0,narrow,0.1,2024,2160,0,0,0.0,300.0,15,21,15,6,3,60.0,75,1861,1.1386,13,0,13,378,768
ca_mau,mild,TwinGate+T2+centre,1,400.0,narrow,0.1,2024,2160,0,0,0.0,320.0,13,17,16,4,4,80.0,77,1864,0.6085,13,0,13,345,724
ca_mau,mild,TwinGate+T2+centre,2,400.0,narrow,0.1,2024,2160,0,0,0.0,300.0,13,20,15,7,6,120.0,77,1857,1.0541,12,0,12,340,735
ca_mau,mild,TwinGate+T2+centre,3,400.0,narrow,0.1,2024,2160,0,0,0.0,300.0,12,18,15,6,7,140.0,78,1824,0.7454,11,0,11,305,756
ca_mau,mild,TwinGate+T2+centre,4,400.0,narrow,0.1,2024,2160,0,0,0.0,300.0,13,18,15,5,5,100.0,77,1831,0.7454,12,0,12,291,752
ca_mau,mild,TwinGate+T2+centre,5,400.0,narrow,0.1,2024,2160,0,0,0.0,300.0,14,22,15,8,5,100.0,76,1826,1.1386,12,1,11,427,748
ca_mau,mild,TwinGate+T2+centre,6,400.0,narrow,0.1,2024,2160,0,0,0.0,340.0,10,17,17,7,10,200.0,80,1835,0.0,10,0,10,246,547
ca_mau,mild,TwinGate+T2+centre,7,400.0,narrow,0.1,2024,2160,0,0,0.0,300.0,12,19,15,7,6,120.0,78,1839,0.9622,11,0,11,264,763
ca_mau,mild,TwinGate+T2+centre,8,400.0,narrow,0.1,2024,2160,0,0,0.0,300.0,13,17,15,4,2,40.0,77,1831,0.6086,13,0,13,263,804
ca_mau,mild,TwinGate+T2+centre,9,400.0,narrow,0.1,2024,2160,0,0,0.0,300.0,13,20,15,7,3,60.0,77,1804,0.9623,12,0,12,352,738
ca_mau,mild,TwinGate+T2,0,inf,awd,0.02,2024,2160,0,0,0.0,320.0,15,20,16,5,3,60.0,75,1861,0.8607,9,0,9,142,475
ca_mau,mild,TwinGate+T2,1,inf,awd,0.02,2024,2160,0,0,0.0,320.0,14,20,16,6,4,80.0,76,1864,1.0539,9,0,9,93,486
ca_mau,mild,TwinGate+T2,2,inf,awd,0.02,2024,2160,0,0,0.0,340.0,12,17,17,5,8,160.0,78,1857,0.0,4,0,4,43,378
ca_mau,mild,TwinGate+T2,3,inf,awd,0.02,2024,2160,0,0,0.0,320.0,13,22,16,9,7,140.0,77,1824,1.0541,7,0,7,101,436
ca_mau,mild,TwinGate+T2,4,inf,awd,0.02,2024,2160,0,0,0.0,320.0,13,18,16,5,5,100.0,77,1831,0.6086,7,0,7,94,425
ca_mau,mild,TwinGate+T2,5,inf,awd,0.02,2024,2160,0,0,0.0,340.0,15,25,17,10,6,120.0,75,1826,1.4272,9,0,9,127,442
ca_mau,mild,TwinGate+T2,6,inf,awd,0.02,2024,2160,0,0,0.0,340.0,11,18,17,7,10,200.0,79,1835,0.4303,7,0,7,81,371
ca_mau,mild,TwinGate+T2,7,inf,awd,0.02,2024,2160,0,0,0.0,340.0,13,22,17,9,6,120.0,77,1839,1.2172,7,0,7,94,377
ca_mau,mild,TwinGate+T2,8,inf,awd,0.02,2024,2160,0,0,0.0,340.0,15,21,17,6,3,60.0,75,1831,0.8607,8,0,8,89,459
ca_mau,mild,TwinGate+T2,9,inf,awd,0.02,2024,2160,0,0,0.0,320.0,14,20,16,6,3,60.0,76,1804,1.4271,10,0,10,109,469
ca_mau,mild,TwinGate+blindARQ,0,inf,awd,0.02,2024,2160,0,0,0.0,320.0,13,18,16,5,3,60.0,77,1861,0.6086,7,0,7,72,495
ca_mau,mild,TwinGate+blindARQ,1,inf,awd,0.02,2024,2160,0,0,0.0,360.0,14,25,18,11,4,80.0,76,1864,1.687,10,0,10,103,486
ca_mau,mild,TwinGate+blindARQ,2,inf,awd,0.02,2024,2160,0,0,0.0,420.0,12,26,21,14,9,180.0,78,1857,1.2171,6,0,6,73,403
ca_mau,mild,TwinGate+blindARQ,3,inf,awd,0.02,2024,2160,0,0,0.0,400.0,10,27,20,17,10,200.0,80,1824,1.1386,6,0,6,70,331
ca_mau,mild,TwinGate+blindARQ,4,inf,awd,0.02,2024,2160,0,0,0.0,360.0,12,22,18,10,6,120.0,78,1831,0.8651,8,0,8,84,386
ca_mau,mild,TwinGate+blindARQ,5,inf,awd,0.02,2024,2160,0,0,0.0,380.0,10,25,19,15,9,180.0,80,1826,1.1385,5,0,5,55,333
ca_mau,mild,TwinGate+blindARQ,6,inf,awd,0.02,2024,2160,0,0,0.0,500.0,10,29,25,19,15,300.0,80,1835,0.8692,6,0,6,60,302
ca_mau,mild,TwinGate+blindARQ,7,inf,awd,0.02,2024,2160,0,0,0.0,360.0,10,23,18,13,8,160.0,80,1839,1.2172,8,0,8,87,361
ca_mau,mild,TwinGate+blindARQ,8,inf,awd,0.02,2024,2160,0,0,0.0,340.0,14,22,17,8,3,60.0,76,1831,0.9623,8,0,8,80,450
ca_mau,mild,TwinGate+blindARQ,9,inf,awd,0.02,2024,2160,0,0,0.0,320.0,13,27,16,14,3,60.0,77,1804,1.8165,7,0,7,75,460
ca_mau,mild,Reactive+T2,0,inf,awd,0.02,2024,2160,0,0,0.0,480.0,10,13,8,3,0,0.0,0,1861,2.0341,4,0,4,79,298
ca_mau,mild,Reactive+T2,1,inf,awd,0.02,2024,2160,0,0,0.0,540.0,10,14,9,4,1,60.0,0,1864,1.9935,4,0,4,60,297
ca_mau,mild,Reactive+T2,2,inf,awd,0.02,2024,2160,0,0,0.0,720.0,8,13,12,5,6,360.0,0,1857,0.891,4,0,4,28,250
ca_mau,mild,Reactive+T2,3,inf,awd,0.02,2024,2160,0,0,0.0,600.0,9,13,10,4,5,300.0,0,1824,1.296,5,0,5,64,274
ca_mau,mild,Reactive+T2,4,inf,awd,0.02,2024,2160,0,0,0.0,600.0,8,10,10,2,2,120.0,0,1831,0.0,4,0,4,28,249
ca_mau,mild,Reactive+T2,5,inf,awd,0.02,2024,2160,0,0,0.0,720.0,9,15,12,6,5,300.0,0,1826,1.3061,4,0,4,58,272
ca_mau,mild,Reactive+T2,6,inf,awd,0.02,2024,2160,0,0,0.0,660.0,8,13,11,5,5,300.0,0,1835,1.1971,4,0,4,28,251
ca_mau,mild,Reactive+T2,7,inf,awd,0.02,2024,2160,0,0,0.0,540.0,9,15,9,6,4,240.0,0,1839,1.5535,5,0,5,47,272
ca_mau,mild,Reactive+T2,8,inf,awd,0.02,2024,2160,0,0,0.0,540.0,10,14,9,4,1,60.0,0,1831,2.0487,4,0,4,63,295
ca_mau,mild,Reactive+T2,9,inf,awd,0.02,2024,2160,0,0,0.0,600.0,8,10,10,2,2,120.0,0,1804,0.0,4,0,4,28,249
ca_mau,mild,Reactive+blindARQ,0,inf,awd,0.02,2024,2160,0,0,0.0,540.0,8,11,9,3,1,60.0,0,1861,1.296,4,0,4,30,251
ca_mau,mild,Reactive+blindARQ,1,inf,awd,0.02,2024,2160,0,0,0.0,540.0,8,13,9,5,1,60.0,0,1864,1.7517,4,0,4,28,253
ca_mau,mild,Reactive+blindARQ,2,inf,awd,0.02,2024,2160,0,0,0.0,960.0,8,19,16,11,8,480.0,0,1857,0.8909,4,0,4,27,250
ca_mau,mild,Reactive+blindARQ,3,inf,awd,0.02,2024,2160,0,0,0.0,960.0,8,27,16,19,8,480.0,0,1824,2.8783,3,0,3,31,258
ca_mau,mild,Reactive+blindARQ,4,inf,awd,0.02,2024,2160,0,0,0.0,600.0,8,10,10,2,2,120.0,0,1831,0.0,4,0,4,28,249
ca_mau,mild,Reactive+blindARQ,5,inf,awd,0.02,2024,2160,0,0,0.0,900.0,8,29,15,21,7,420.0,0,1826,2.4226,3,0,3,28,255
ca_mau,mild,Reactive+blindARQ,6,inf,awd,0.02,2024,2160,0,0,0.0,1260.0,8,29,21,21,13,780.0,0,1835,1.1967,4,0,4,27,251
ca_mau,mild,Reactive+blindARQ,7,inf,awd,0.02,2024,2160,0,0,0.0,780.0,8,21,13,13,5,300.0,0,1839,2.0051,4,0,4,29,254
ca_mau,mild,Reactive+blindARQ,8,inf,awd,0.02,2024,2160,0,0,0.0,540.0,8,13,9,5,1,60.0,0,1831,1.7749,4,0,4,28,253
ca_mau,mild,Reactive+blindARQ,9,inf,awd,0.02,2024,2160,0,0,0.0,600.0,8,10,10,2,2,120.0,0,1804,0.0,4,0,4,28,249
ca_mau,mild,FixedSchedule,0,inf,awd,0.02,2024,2160,0,0,0.0,1500.0,18,30,25,12,7,420.0,0,1861,1.3088,0,0,0,0,0
ca_mau,mild,FixedSchedule,1,inf,awd,0.02,2024,2160,0,0,0.0,1320.0,18,23,22,5,4,240.0,0,1864,0.161,0,0,0,0,0
ca_mau,mild,FixedSchedule,2,inf,awd,0.02,2024,2160,0,0,0.0,1680.0,18,37,28,19,10,600.0,0,1857,1.0351,0,0,0,0,0
ca_mau,mild,FixedSchedule,3,inf,awd,0.02,2024,2160,0,0,0.0,2040.0,18,45,34,27,16,960.0,0,1824,1.5386,0,0,0,0,0
ca_mau,mild,FixedSchedule,4,inf,awd,0.02,2024,2160,0,0,0.0,1500.0,18,29,25,11,7,420.0,0,1831,0.8324,0,0,0,0,0
ca_mau,mild,FixedSchedule,5,inf,awd,0.02,2024,2160,0,0,0.0,1800.0,18,36,30,18,12,720.0,0,1826,1.1607,0,0,0,0,0
ca_mau,mild,FixedSchedule,6,inf,awd,0.02,2024,2160,0,0,0.0,2160.0,18,41,36,23,18,1080.0,0,1835,0.0007,0,0,0,0,0
ca_mau,mild,FixedSchedule,7,inf,awd,0.02,2024,2160,0,0,0.0,1560.0,18,34,26,16,8,480.0,0,1839,1.5197,0,0,0,0,0
ca_mau,mild,FixedSchedule,8,inf,awd,0.02,2024,2160,0,0,0.0,1260.0,18,30,21,12,3,180.0,0,1831,1.3177,0,0,0,0,0
ca_mau,mild,FixedSchedule,9,inf,awd,0.02,2024,2160,0,0,0.0,1260.0,18,31,21,13,3,180.0,0,1804,2.0686,0,0,0,0,0
ca_mau,mild,Oracle,0,inf,awd,0.02,2024,2160,0,0,0.0,360.0,18,25,18,7,3,60.0,0,1861,1.1386,0,0,0,0,0
ca_mau,mild,Oracle,1,inf,awd,0.02,2024,2160,0,0,0.0,360.0,18,20,18,2,4,80.0,0,1864,0.6814,0,0,0,0,0
ca_mau,mild,Oracle,2,inf,awd,0.02,2024,2160,0,0,0.0,360.0,18,28,18,10,6,120.0,0,1857,1.435,0,0,0,0,0
ca_mau,mild,Oracle,3,inf,awd,0.02,2024,2160,0,0,0.0,360.0,18,29,18,11,7,140.0,0,1824,1.4709,0,0,0,0,0
ca_mau,mild,Oracle,4,inf,awd,0.02,2024,2160,0,0,0.0,360.0,18,20,18,2,6,120.0,0,1831,0.6086,0,0,0,0,0
ca_mau,mild,Oracle,5,inf,awd,0.02,2024,2160,0,0,0.0,360.0,18,25,18,7,6,120.0,0,1826,1.1386,0,0,0,0,0
ca_mau,mild,Oracle,6,inf,awd,0.02,2024,2160,0,0,0.0,360.0,18,19,18,1,10,200.0,0,1835,0.4303,0,0,0,0,0
ca_mau,mild,Oracle,7,inf,awd,0.02,2024,2160,0,0,0.0,360.0,18,27,18,9,7,140.0,0,1839,1.3435,0,0,0,0,0
ca_mau,mild,Oracle,8,inf,awd,0.02,2024,2160,0,0,0.0,360.0,18,23,18,5,3,60.0,0,1831,0.9623,0,0,0,0,0
ca_mau,mild,Oracle,9,inf,awd,0.02,2024,2160,0,0,0.0,360.0,18,31,18,13,2,40.0,0,1804,1.6833,0,0,0,0,0
ca_mau,mild,TwinGate+T2+centre,0,inf,awd,0.02,2024,2160,0,0,0.0,320.0,15,20,16,5,3,60.0,75,1861,0.8607,9,0,9,142,475
ca_mau,mild,TwinGate+T2+centre,1,inf,awd,0.02,2024,2160,0,0,0.0,320.0,14,20,16,6,4,80.0,76,1864,1.0539,9,0,9,93,486
ca_mau,mild,TwinGate+T2+centre,2,inf,awd,0.02,2024,2160,0,0,0.0,340.0,12,17,17,5,8,160.0,78,1857,0.0,4,0,4,43,378
ca_mau,mild,TwinGate+T2+centre,3,inf,awd,0.02,2024,2160,0,0,0.0,320.0,13,22,16,9,7,140.0,77,1824,1.0541,7,0,7,101,436
ca_mau,mild,TwinGate+T2+centre,4,inf,awd,0.02,2024,2160,0,0,0.0,320.0,13,18,16,5,5,100.0,77,1831,0.6086,7,0,7,94,425
ca_mau,mild,TwinGate+T2+centre,5,inf,awd,0.02,2024,2160,0,0,0.0,340.0,15,25,17,10,6,120.0,75,1826,1.4272,9,0,9,127,442
ca_mau,mild,TwinGate+T2+centre,6,inf,awd,0.02,2024,2160,0,0,0.0,340.0,11,18,17,7,10,200.0,79,1835,0.4303,7,0,7,81,371
ca_mau,mild,TwinGate+T2+centre,7,inf,awd,0.02,2024,2160,0,0,0.0,340.0,13,22,17,9,6,120.0,77,1839,1.2172,7,0,7,94,377
ca_mau,mild,TwinGate+T2+centre,8,inf,awd,0.02,2024,2160,0,0,0.0,340.0,15,21,17,6,3,60.0,75,1831,0.8607,8,0,8,89,459
ca_mau,mild,TwinGate+T2+centre,9,inf,awd,0.02,2024,2160,0,0,0.0,320.0,14,20,16,6,3,60.0,76,1804,1.4271,10,0,10,109,469
ca_mau,mild,TwinGate+T2,0,inf,mid,0.05,2024,2160,0,0,0.0,320.0,15,20,16,5,3,60.0,75,1861,0.8607,9,0,9,142,475
ca_mau,mild,TwinGate+T2,1,inf,mid,0.05,2024,2160,0,0,0.0,320.0,14,20,16,6,4,80.0,76,1864,1.0539,9,0,9,93,486
ca_mau,mild,TwinGate+T2,2,inf,mid,0.05,2024,2160,0,0,0.0,340.0,12,17,17,5,8,160.0,78,1857,0.0,4,0,4,43,378
ca_mau,mild,TwinGate+T2,3,inf,mid,0.05,2024,2160,0,0,0.0,320.0,13,22,16,9,7,140.0,77,1824,1.0541,7,0,7,101,436
ca_mau,mild,TwinGate+T2,4,inf,mid,0.05,2024,2160,0,0,0.0,320.0,13,18,16,5,5,100.0,77,1831,0.6086,7,0,7,94,425
ca_mau,mild,TwinGate+T2,5,inf,mid,0.05,2024,2160,0,0,0.0,340.0,15,25,17,10,6,120.0,75,1826,1.4272,9,0,9,127,442
ca_mau,mild,TwinGate+T2,6,inf,mid,0.05,2024,2160,0,0,0.0,340.0,11,18,17,7,10,200.0,79,1835,0.4303,7,0,7,81,371
ca_mau,mild,TwinGate+T2,7,inf,mid,0.05,2024,2160,0,0,0.0,340.0,13,22,17,9,6,120.0,77,1839,1.2172,7,0,7,94,377
ca_mau,mild,TwinGate+T2,8,inf,mid,0.05,2024,2160,0,0,0.0,340.0,15,21,17,6,3,60.0,75,1831,0.8607,8,0,8,89,459
ca_mau,mild,TwinGate+T2,9,inf,mid,0.05,2024,2160,0,0,0.0,320.0,14,20,16,6,3,60.0,76,1804,1.4271,10,0,10,109,469
ca_mau,mild,TwinGate+blindARQ,0,inf,mid,0.05,2024,2160,0,0,0.0,320.0,13,18,16,5,3,60.0,77,1861,0.6086,7,0,7,72,495
ca_mau,mild,TwinGate+blindARQ,1,inf,mid,0.05,2024,2160,0,0,0.0,360.0,14,25,18,11,4,80.0,76,1864,1.687,10,0,10,103,486
ca_mau,mild,TwinGate+blindARQ,2,inf,mid,0.05,2024,2160,0,0,0.0,420.0,12,26,21,14,9,180.0,78,1857,1.2171,6,0,6,73,403
ca_mau,mild,TwinGate+blindARQ,3,inf,mid,0.05,2024,2160,0,0,0.0,400.0,10,27,20,17,10,200.0,80,1824,1.1386,6,0,6,70,331
ca_mau,mild,TwinGate+blindARQ,4,inf,mid,0.05,2024,2160,0,0,0.0,360.0,12,22,18,10,6,120.0,78,1831,0.8651,8,0,8,84,386
ca_mau,mild,TwinGate+blindARQ,5,inf,mid,0.05,2024,2160,0,0,0.0,380.0,10,25,19,15,9,180.0,80,1826,1.1385,5,0,5,55,333
ca_mau,mild,TwinGate+blindARQ,6,inf,mid,0.05,2024,2160,0,0,0.0,500.0,10,29,25,19,15,300.0,80,1835,0.8692,6,0,6,60,302
ca_mau,mild,TwinGate+blindARQ,7,inf,mid,0.05,2024,2160,0,0,0.0,360.0,10,23,18,13,8,160.0,80,1839,1.2172,8,0,8,87,361
ca_mau,mild,TwinGate+blindARQ,8,inf,mid,0.05,2024,2160,0,0,0.0,340.0,14,22,17,8,3,60.0,76,1831,0.9623,8,0,8,80,450
ca_mau,mild,TwinGate+blindARQ,9,inf,mid,0.05,2024,2160,0,0,0.0,320.0,13,27,16,14,3,60.0,77,1804,1.8165,7,0,7,75,460
ca_mau,mild,Reactive+T2,0,inf,mid,0.05,2024,2160,0,0,0.0,480.0,10,13,8,3,0,0.0,0,1861,2.0341,4,0,4,79,298
ca_mau,mild,Reactive+T2,1,inf,mid,0.05,2024,2160,0,0,0.0,540.0,10,14,9,4,1,60.0,0,1864,1.9935,4,0,4,60,297
ca_mau,mild,Reactive+T2,2,inf,mid,0.05,2024,2160,0,0,0.0,720.0,8,13,12,5,6,360.0,0,1857,0.891,4,0,4,28,250
ca_mau,mild,Reactive+T2,3,inf,mid,0.05,2024,2160,0,0,0.0,600.0,9,13,10,4,5,300.0,0,1824,1.296,5,0,5,64,274
ca_mau,mild,Reactive+T2,4,inf,mid,0.05,2024,2160,0,0,0.0,600.0,8,10,10,2,2,120.0,0,1831,0.0,4,0,4,28,249
ca_mau,mild,Reactive+T2,5,inf,mid,0.05,2024,2160,0,0,0.0,720.0,9,15,12,6,5,300.0,0,1826,1.3061,4,0,4,58,272
ca_mau,mild,Reactive+T2,6,inf,mid,0.05,2024,2160,0,0,0.0,660.0,8,13,11,5,5,300.0,0,1835,1.1971,4,0,4,28,251
ca_mau,mild,Reactive+T2,7,inf,mid,0.05,2024,2160,0,0,0.0,540.0,9,15,9,6,4,240.0,0,1839,1.5535,5,0,5,47,272
ca_mau,mild,Reactive+T2,8,inf,mid,0.05,2024,2160,0,0,0.0,540.0,10,14,9,4,1,60.0,0,1831,2.0487,4,0,4,63,295
ca_mau,mild,Reactive+T2,9,inf,mid,0.05,2024,2160,0,0,0.0,600.0,8,10,10,2,2,120.0,0,1804,0.0,4,0,4,28,249
ca_mau,mild,Reactive+blindARQ,0,inf,mid,0.05,2024,2160,0,0,0.0,540.0,8,11,9,3,1,60.0,0,1861,1.296,4,0,4,30,251
ca_mau,mild,Reactive+blindARQ,1,inf,mid,0.05,2024,2160,0,0,0.0,540.0,8,13,9,5,1,60.0,0,1864,1.7517,4,0,4,28,253
ca_mau,mild,Reactive+blindARQ,2,inf,mid,0.05,2024,2160,0,0,0.0,960.0,8,19,16,11,8,480.0,0,1857,0.8909,4,0,4,27,250
ca_mau,mild,Reactive+blindARQ,3,inf,mid,0.05,2024,2160,0,0,0.0,960.0,8,27,16,19,8,480.0,0,1824,2.8783,3,0,3,31,258
ca_mau,mild,Reactive+blindARQ,4,inf,mid,0.05,2024,2160,0,0,0.0,600.0,8,10,10,2,2,120.0,0,1831,0.0,4,0,4,28,249
ca_mau,mild,Reactive+blindARQ,5,inf,mid,0.05,2024,2160,0,0,0.0,900.0,8,29,15,21,7,420.0,0,1826,2.4226,3,0,3,28,255
ca_mau,mild,Reactive+blindARQ,6,inf,mid,0.05,2024,2160,0,0,0.0,1260.0,8,29,21,21,13,780.0,0,1835,1.1967,4,0,4,27,251
ca_mau,mild,Reactive+blindARQ,7,inf,mid,0.05,2024,2160,0,0,0.0,780.0,8,21,13,13,5,300.0,0,1839,2.0051,4,0,4,29,254
ca_mau,mild,Reactive+blindARQ,8,inf,mid,0.05,2024,2160,0,0,0.0,540.0,8,13,9,5,1,60.0,0,1831,1.7749,4,0,4,28,253
ca_mau,mild,Reactive+blindARQ,9,inf,mid,0.05,2024,2160,0,0,0.0,600.0,8,10,10,2,2,120.0,0,1804,0.0,4,0,4,28,249
ca_mau,mild,FixedSchedule,0,inf,mid,0.05,2024,2160,0,0,0.0,1500.0,18,30,25,12,7,420.0,0,1861,1.3088,0,0,0,0,0
ca_mau,mild,FixedSchedule,1,inf,mid,0.05,2024,2160,0,0,0.0,1320.0,18,23,22,5,4,240.0,0,1864,0.161,0,0,0,0,0
ca_mau,mild,FixedSchedule,2,inf,mid,0.05,2024,2160,0,0,0.0,1680.0,18,37,28,19,10,600.0,0,1857,1.0351,0,0,0,0,0
ca_mau,mild,FixedSchedule,3,inf,mid,0.05,2024,2160,0,0,0.0,2040.0,18,45,34,27,16,960.0,0,1824,1.5386,0,0,0,0,0
ca_mau,mild,FixedSchedule,4,inf,mid,0.05,2024,2160,0,0,0.0,1500.0,18,29,25,11,7,420.0,0,1831,0.8324,0,0,0,0,0
ca_mau,mild,FixedSchedule,5,inf,mid,0.05,2024,2160,0,0,0.0,1800.0,18,36,30,18,12,720.0,0,1826,1.1607,0,0,0,0,0
ca_mau,mild,FixedSchedule,6,inf,mid,0.05,2024,2160,0,0,0.0,2160.0,18,41,36,23,18,1080.0,0,1835,0.0007,0,0,0,0,0
ca_mau,mild,FixedSchedule,7,inf,mid,0.05,2024,2160,0,0,0.0,1560.0,18,34,26,16,8,480.0,0,1839,1.5197,0,0,0,0,0
ca_mau,mild,FixedSchedule,8,inf,mid,0.05,2024,2160,0,0,0.0,1260.0,18,30,21,12,3,180.0,0,1831,1.3177,0,0,0,0,0
ca_mau,mild,FixedSchedule,9,inf,mid,0.05,2024,2160,0,0,0.0,1260.0,18,31,21,13,3,180.0,0,1804,2.0686,0,0,0,0,0
ca_mau,mild,Oracle,0,inf,mid,0.05,2024,2160,0,0,0.0,360.0,18,25,18,7,3,60.0,0,1861,1.1386,0,0,0,0,0
ca_mau,mild,Oracle,1,inf,mid,0.05,2024,2160,0,0,0.0,360.0,18,20,18,2,4,80.0,0,1864,0.6814,0,0,0,0,0
ca_mau,mild,Oracle,2,inf,mid,0.05,2024,2160,0,0,0.0,360.0,18,28,18,10,6,120.0,0,1857,1.435,0,0,0,0,0
ca_mau,mild,Oracle,3,inf,mid,0.05,2024,2160,0,0,0.0,360.0,18,29,18,11,7,140.0,0,1824,1.4709,0,0,0,0,0
ca_mau,mild,Oracle,4,inf,mid,0.05,2024,2160,0,0,0.0,360.0,18,20,18,2,6,120.0,0,1831,0.6086,0,0,0,0,0
ca_mau,mild,Oracle,5,inf,mid,0.05,2024,2160,0,0,0.0,360.0,18,25,18,7,6,120.0,0,1826,1.1386,0,0,0,0,0
ca_mau,mild,Oracle,6,inf,mid,0.05,2024,2160,0,0,0.0,360.0,18,19,18,1,10,200.0,0,1835,0.4303,0,0,0,0,0
ca_mau,mild,Oracle,7,inf,mid,0.05,2024,2160,0,0,0.0,360.0,18,27,18,9,7,140.0,0,1839,1.3435,0,0,0,0,0
ca_mau,mild,Oracle,8,inf,mid,0.05,2024,2160,0,0,0.0,360.0,18,23,18,5,3,60.0,0,1831,0.9623,0,0,0,0,0
ca_mau,mild,Oracle,9,inf,mid,0.05,2024,2160,0,0,0.0,360.0,18,31,18,13,2,40.0,0,1804,1.6833,0,0,0,0,0
ca_mau,mild,TwinGate+T2+centre,0,inf,mid,0.05,2024,2160,0,0,0.0,320.0,15,20,16,5,3,60.0,75,1861,0.8607,9,0,9,142,475
ca_mau,mild,TwinGate+T2+centre,1,inf,mid,0.05,2024,2160,0,0,0.0,320.0,14,20,16,6,4,80.0,76,1864,1.0539,9,0,9,93,486
ca_mau,mild,TwinGate+T2+centre,2,inf,mid,0.05,2024,2160,0,0,0.0,340.0,12,17,17,5,8,160.0,78,1857,0.0,4,0,4,43,378
ca_mau,mild,TwinGate+T2+centre,3,inf,mid,0.05,2024,2160,0,0,0.0,320.0,13,22,16,9,7,140.0,77,1824,1.0541,7,0,7,101,436
ca_mau,mild,TwinGate+T2+centre,4,inf,mid,0.05,2024,2160,0,0,0.0,320.0,13,18,16,5,5,100.0,77,1831,0.6086,7,0,7,94,425
ca_mau,mild,TwinGate+T2+centre,5,inf,mid,0.05,2024,2160,0,0,0.0,340.0,15,25,17,10,6,120.0,75,1826,1.4272,9,0,9,127,442
ca_mau,mild,TwinGate+T2+centre,6,inf,mid,0.05,2024,2160,0,0,0.0,340.0,11,18,17,7,10,200.0,79,1835,0.4303,7,0,7,81,371
ca_mau,mild,TwinGate+T2+centre,7,inf,mid,0.05,2024,2160,0,0,0.0,340.0,13,22,17,9,6,120.0,77,1839,1.2172,7,0,7,94,377
ca_mau,mild,TwinGate+T2+centre,8,inf,mid,0.05,2024,2160,0,0,0.0,340.0,15,21,17,6,3,60.0,75,1831,0.8607,8,0,8,89,459
ca_mau,mild,TwinGate+T2+centre,9,inf,mid,0.05,2024,2160,0,0,0.0,320.0,14,20,16,6,3,60.0,76,1804,1.4271,10,0,10,109,469
ca_mau,mild,TwinGate+T2,0,inf,narrow,0.1,2024,2160,0,0,0.0,300.0,15,21,15,6,3,60.0,75,1861,1.1386,13,0,13,378,768
ca_mau,mild,TwinGate+T2,1,inf,narrow,0.1,2024,2160,0,0,0.0,320.0,13,17,16,4,4,80.0,77,1864,0.6085,13,0,13,345,724
ca_mau,mild,TwinGate+T2,2,inf,narrow,0.1,2024,2160,0,0,0.0,300.0,13,20,15,7,6,120.0,77,1857,1.0541,12,0,12,340,735
ca_mau,mild,TwinGate+T2,3,inf,narrow,0.1,2024,2160,0,0,0.0,300.0,12,18,15,6,7,140.0,78,1824,0.7454,11,0,11,305,756
ca_mau,mild,TwinGate+T2,4,inf,narrow,0.1,2024,2160,0,0,0.0,300.0,13,18,15,5,5,100.0,77,1831,0.7454,12,0,12,291,752
ca_mau,mild,TwinGate+T2,5,inf,narrow,0.1,2024,2160,0,0,0.0,300.0,14,22,15,8,5,100.0,76,1826,1.1386,12,1,11,427,748
ca_mau,mild,TwinGate+T2,6,inf,narrow,0.1,2024,2160,0,0,0.0,340.0,10,17,17,7,10,200.0,80,1835,0.0,10,0,10,246,547
ca_mau,mild,TwinGate+T2,7,inf,narrow,0.1,2024,2160,0,0,0.0,300.0,12,19,15,7,6,120.0,78,1839,0.9622,11,0,11,264,763
ca_mau,mild,TwinGate+T2,8,inf,narrow,0.1,2024,2160,0,0,0.0,300.0,13,17,15,4,2,40.0,77,1831,0.6086,13,0,13,263,804
ca_mau,mild,TwinGate+T2,9,inf,narrow,0.1,2024,2160,0,0,0.0,300.0,13,20,15,7,3,60.0,77,1804,0.9623,12,0,12,352,738
ca_mau,mild,TwinGate+blindARQ,0,inf,narrow,0.1,2024,2160,0,0,0.0,300.0,12,24,15,12,3,60.0,78,1861,1.3608,12,0,12,331,757
ca_mau,mild,TwinGate+blindARQ,1,inf,narrow,0.1,2024,2160,0,0,0.0,340.0,13,18,17,5,4,80.0,77,1864,0.6085,13,0,13,342,717
ca_mau,mild,TwinGate+blindARQ,2,inf,narrow,0.1,2024,2160,0,0,0.0,420.0,12,25,21,13,9,180.0,78,1857,0.7524,12,0,12,286,650
ca_mau,mild,TwinGate+blindARQ,3,inf,narrow,0.1,2024,2160,0,0,0.0,360.0,9,29,18,20,9,180.0,81,1824,1.4907,9,0,9,195,461
ca_mau,mild,TwinGate+blindARQ,4,inf,narrow,0.1,2024,2160,0,0,0.0,320.0,11,23,16,12,5,100.0,79,1831,1.1422,11,0,11,301,697
ca_mau,mild,TwinGate+blindARQ,5,inf,narrow,0.1,2024,2160,0,0,0.0,380.0,10,27,19,17,9,180.0,80,1826,1.2172,10,0,10,280,563
ca_mau,mild,TwinGate+blindARQ,6,inf,narrow,0.1,2024,2160,0,0,0.0,440.0,9,28,22,19,13,260.0,81,1835,0.5204,9,0,9,258,633
ca_mau,mild,TwinGate+blindARQ,7,inf,narrow,0.1,2024,2160,0,0,0.0,360.0,10,19,18,9,8,160.0,80,1839,0.6085,10,0,10,247,548
ca_mau,mild,TwinGate+blindARQ,8,inf,narrow,0.1,2024,2160,0,0,0.0,300.0,13,17,15,4,2,40.0,77,1831,0.6086,13,0,13,263,804
ca_mau,mild,TwinGate+blindARQ,9,inf,narrow,0.1,2024,2160,0,0,0.0,300.0,12,18,15,6,3,60.0,78,1804,0.7454,12,0,12,331,755
ca_mau,mild,Reactive+T2,0,inf,narrow,0.1,2024,2160,0,0,0.0,480.0,10,13,8,3,0,0.0,0,1861,2.0341,4,0,4,79,298
ca_mau,mild,Reactive+T2,1,inf,narrow,0.1,2024,2160,0,0,0.0,540.0,10,14,9,4,1,60.0,0,1864,1.9935,4,0,4,60,297
ca_mau,mild,Reactive+T2,2,inf,narrow,0.1,2024,2160,0,0,0.0,720.0,8,13,12,5,6,360.0,0,1857,0.891,4,0,4,28,250
ca_mau,mild,Reactive+T2,3,inf,narrow,0.1,2024,2160,0,0,0.0,600.0,9,13,10,4,5,300.0,0,1824,1.296,5,0,5,64,274
ca_mau,mild,Reactive+T2,4,inf,narrow,0.1,2024,2160,0,0,0.0,600.0,8,10,10,2,2,120.0,0,1831,0.0,4,0,4,28,249
ca_mau,mild,Reactive+T2,5,inf,narrow,0.1,2024,2160,0,0,0.0,720.0,9,15,12,6,5,300.0,0,1826,1.3061,4,0,4,58,272
ca_mau,mild,Reactive+T2,6,inf,narrow,0.1,2024,2160,0,0,0.0,660.0,8,13,11,5,5,300.0,0,1835,1.1971,4,0,4,28,251
ca_mau,mild,Reactive+T2,7,inf,narrow,0.1,2024,2160,0,0,0.0,540.0,9,15,9,6,4,240.0,0,1839,1.5535,5,0,5,47,272
ca_mau,mild,Reactive+T2,8,inf,narrow,0.1,2024,2160,0,0,0.0,540.0,10,14,9,4,1,60.0,0,1831,2.0487,4,0,4,63,295
ca_mau,mild,Reactive+T2,9,inf,narrow,0.1,2024,2160,0,0,0.0,600.0,8,10,10,2,2,120.0,0,1804,0.0,4,0,4,28,249
ca_mau,mild,Reactive+blindARQ,0,inf,narrow,0.1,2024,2160,0,0,0.0,540.0,8,11,9,3,1,60.0,0,1861,1.296,4,0,4,30,251
ca_mau,mild,Reactive+blindARQ,1,inf,narrow,0.1,2024,2160,0,0,0.0,540.0,8,13,9,5,1,60.0,0,1864,1.7517,4,0,4,28,253
ca_mau,mild,Reactive+blindARQ,2,inf,narrow,0.1,2024,2160,0,0,0.0,960.0,8,19,16,11,8,480.0,0,1857,0.8909,4,0,4,27,250
ca_mau,mild,Reactive+blindARQ,3,inf,narrow,0.1,2024,2160,0,0,0.0,960.0,8,27,16,19,8,480.0,0,1824,2.8783,3,0,3,31,258
ca_mau,mild,Reactive+blindARQ,4,inf,narrow,0.1,2024,2160,0,0,0.0,600.0,8,10,10,2,2,120.0,0,1831,0.0,4,0,4,28,249
ca_mau,mild,Reactive+blindARQ,5,inf,narrow,0.1,2024,2160,0,0,0.0,900.0,8,29,15,21,7,420.0,0,1826,2.4226,3,0,3,28,255
ca_mau,mild,Reactive+blindARQ,6,inf,narrow,0.1,2024,2160,0,0,0.0,1260.0,8,29,21,21,13,780.0,0,1835,1.1967,4,0,4,27,251
ca_mau,mild,Reactive+blindARQ,7,inf,narrow,0.1,2024,2160,0,0,0.0,780.0,8,21,13,13,5,300.0,0,1839,2.0051,4,0,4,29,254
ca_mau,mild,Reactive+blindARQ,8,inf,narrow,0.1,2024,2160,0,0,0.0,540.0,8,13,9,5,1,60.0,0,1831,1.7749,4,0,4,28,253
ca_mau,mild,Reactive+blindARQ,9,inf,narrow,0.1,2024,2160,0,0,0.0,600.0,8,10,10,2,2,120.0,0,1804,0.0,4,0,4,28,249
ca_mau,mild,FixedSchedule,0,inf,narrow,0.1,2024,2160,0,0,0.0,1500.0,18,30,25,12,7,420.0,0,1861,1.3088,0,0,0,0,0
ca_mau,mild,FixedSchedule,1,inf,narrow,0.1,2024,2160,0,0,0.0,1320.0,18,23,22,5,4,240.0,0,1864,0.161,0,0,0,0,0
ca_mau,mild,FixedSchedule,2,inf,narrow,0.1,2024,2160,0,0,0.0,1680.0,18,37,28,19,10,600.0,0,1857,1.0351,0,0,0,0,0
ca_mau,mild,FixedSchedule,3,inf,narrow,0.1,2024,2160,0,0,0.0,2040.0,18,45,34,27,16,960.0,0,1824,1.5386,0,0,0,0,0
ca_mau,mild,FixedSchedule,4,inf,narrow,0.1,2024,2160,0,0,0.0,1500.0,18,29,25,11,7,420.0,0,1831,0.8324,0,0,0,0,0
ca_mau,mild,FixedSchedule,5,inf,narrow,0.1,2024,2160,0,0,0.0,1800.0,18,36,30,18,12,720.0,0,1826,1.1607,0,0,0,0,0
ca_mau,mild,FixedSchedule,6,inf,narrow,0.1,2024,2160,0,0,0.0,2160.0,18,41,36,23,18,1080.0,0,1835,0.0007,0,0,0,0,0
ca_mau,mild,FixedSchedule,7,inf,narrow,0.1,2024,2160,0,0,0.0,1560.0,18,34,26,16,8,480.0,0,1839,1.5197,0,0,0,0,0
ca_mau,mild,FixedSchedule,8,inf,narrow,0.1,2024,2160,0,0,0.0,1260.0,18,30,21,12,3,180.0,0,1831,1.3177,0,0,0,0,0
ca_mau,mild,FixedSchedule,9,inf,narrow,0.1,2024,2160,0,0,0.0,1260.0,18,31,21,13,3,180.0,0,1804,2.0686,0,0,0,0,0
ca_mau,mild,Oracle,0,inf,narrow,0.1,2024,2160,0,0,0.0,360.0,18,25,18,7,3,60.0,0,1861,1.1386,0,0,0,0,0
ca_mau,mild,Oracle,1,inf,narrow,0.1,2024,2160,0,0,0.0,360.0,18,20,18,2,4,80.0,0,1864,0.6814,0,0,0,0,0
ca_mau,mild,Oracle,2,inf,narrow,0.1,2024,2160,0,0,0.0,360.0,18,28,18,10,6,120.0,0,1857,1.435,0,0,0,0,0
ca_mau,mild,Oracle,3,inf,narrow,0.1,2024,2160,0,0,0.0,360.0,18,29,18,11,7,140.0,0,1824,1.4709,0,0,0,0,0
ca_mau,mild,Oracle,4,inf,narrow,0.1,2024,2160,0,0,0.0,360.0,18,20,18,2,6,120.0,0,1831,0.6086,0,0,0,0,0
ca_mau,mild,Oracle,5,inf,narrow,0.1,2024,2160,0,0,0.0,360.0,18,25,18,7,6,120.0,0,1826,1.1386,0,0,0,0,0
ca_mau,mild,Oracle,6,inf,narrow,0.1,2024,2160,0,0,0.0,360.0,18,19,18,1,10,200.0,0,1835,0.4303,0,0,0,0,0
ca_mau,mild,Oracle,7,inf,narrow,0.1,2024,2160,0,0,0.0,360.0,18,27,18,9,7,140.0,0,1839,1.3435,0,0,0,0,0
ca_mau,mild,Oracle,8,inf,narrow,0.1,2024,2160,0,0,0.0,360.0,18,23,18,5,3,60.0,0,1831,0.9623,0,0,0,0,0
ca_mau,mild,Oracle,9,inf,narrow,0.1,2024,2160,0,0,0.0,360.0,18,31,18,13,2,40.0,0,1804,1.6833,0,0,0,0,0
ca_mau,mild,TwinGate+T2+centre,0,inf,narrow,0.1,2024,2160,0,0,0.0,300.0,15,21,15,6,3,60.0,75,1861,1.1386,13,0,13,378,768
ca_mau,mild,TwinGate+T2+centre,1,inf,narrow,0.1,2024,2160,0,0,0.0,320.0,13,17,16,4,4,80.0,77,1864,0.6085,13,0,13,345,724
ca_mau,mild,TwinGate+T2+centre,2,inf,narrow,0.1,2024,2160,0,0,0.0,300.0,13,20,15,7,6,120.0,77,1857,1.0541,12,0,12,340,735
ca_mau,mild,TwinGate+T2+centre,3,inf,narrow,0.1,2024,2160,0,0,0.0,300.0,12,18,15,6,7,140.0,78,1824,0.7454,11,0,11,305,756
ca_mau,mild,TwinGate+T2+centre,4,inf,narrow,0.1,2024,2160,0,0,0.0,300.0,13,18,15,5,5,100.0,77,1831,0.7454,12,0,12,291,752
ca_mau,mild,TwinGate+T2+centre,5,inf,narrow,0.1,2024,2160,0,0,0.0,300.0,14,22,15,8,5,100.0,76,1826,1.1386,12,1,11,427,748
ca_mau,mild,TwinGate+T2+centre,6,inf,narrow,0.1,2024,2160,0,0,0.0,340.0,10,17,17,7,10,200.0,80,1835,0.0,10,0,10,246,547
ca_mau,mild,TwinGate+T2+centre,7,inf,narrow,0.1,2024,2160,0,0,0.0,300.0,12,19,15,7,6,120.0,78,1839,0.9622,11,0,11,264,763
ca_mau,mild,TwinGate+T2+centre,8,inf,narrow,0.1,2024,2160,0,0,0.0,300.0,13,17,15,4,2,40.0,77,1831,0.6086,13,0,13,263,804
ca_mau,mild,TwinGate+T2+centre,9,inf,narrow,0.1,2024,2160,0,0,0.0,300.0,13,20,15,7,3,60.0,77,1804,0.9623,12,0,12,352,738
ca_mau,severe,TwinGate+T2,0,80.0,awd,0.02,2024,2160,674,0,66.2248,80.0,4,6,4,2,0,0.0,86,1861,0.0,5,4,0,1860,1672
ca_mau,severe,TwinGate+T2,1,80.0,awd,0.02,2024,2160,668,0,64.1035,80.0,4,7,4,3,1,20.0,86,1864,0.0,5,4,0,1863,1680
ca_mau,severe,TwinGate+T2,2,80.0,awd,0.02,2024,2160,718,0,71.3365,80.0,4,14,4,10,1,20.0,86,1857,0.7454,4,3,0,1807,1590
ca_mau,severe,TwinGate+T2,3,80.0,awd,0.02,2024,2160,747,0,76.333,80.0,3,9,4,6,2,40.0,87,1824,0.7454,3,2,0,1781,1537
ca_mau,severe,TwinGate+T2,4,80.0,awd,0.02,2024,2160,642,0,60.4675,80.0,6,17,4,11,0,0.0,84,1831,0.8606,5,4,0,1871,1680
ca_mau,severe,TwinGate+T2,5,80.0,awd,0.02,2024,2160,696,0,69.1857,80.0,4,8,4,4,1,20.0,86,1826,0.7453,4,3,0,1819,1616
ca_mau,severe,TwinGate+T2,6,80.0,awd,0.02,2024,2160,668,0,64.1047,80.0,4,15,4,11,1,20.0,86,1835,0.8607,5,4,0,1865,1680
ca_mau,severe,TwinGate+T2,7,80.0,awd,0.02,2024,2160,649,0,62.6047,80.0,5,17,4,12,0,0.0,85,1839,1.0541,5,4,0,1868,1680
ca_mau,severe,TwinGate+T2,8,80.0,awd,0.02,2024,2160,662,0,63.8761,80.0,5,9,4,4,0,0.0,85,1831,0.6086,5,4,0,1862,1680
ca_mau,severe,TwinGate+T2,9,80.0,awd,0.02,2024,2160,714,0,70.561,80.0,3,4,4,1,1,20.0,87,1804,0.4303,4,3,0,1803,1616
ca_mau,severe,TwinGate+blindARQ,0,80.0,awd,0.02,2024,2160,674,0,66.2248,80.0,4,6,4,2,0,0.0,86,1861,0.0,5,4,0,1860,1672
ca_mau,severe,TwinGate+blindARQ,1,80.0,awd,0.02,2024,2160,698,0,69.7065,80.0,3,7,4,4,1,20.0,87,1864,0.0,4,3,0,1822,1601
ca_mau,severe,TwinGate+blindARQ,2,80.0,awd,0.02,2024,2160,765,0,77.4572,80.0,2,16,4,14,2,40.0,88,1857,1.3608,3,2,0,1765,1528
ca_mau,severe,TwinGate+blindARQ,3,80.0,awd,0.02,2024,2160,747,0,76.333,80.0,2,11,4,9,2,40.0,88,1824,1.0541,3,2,0,1771,1537
ca_mau,severe,TwinGate+blindARQ,4,80.0,awd,0.02,2024,2160,715,0,70.6643,80.0,3,34,4,31,1,20.0,87,1831,2.8566,4,3,0,1802,1625
ca_mau,severe,TwinGate+blindARQ,5,80.0,awd,0.02,2024,2160,714,0,70.5459,80.0,3,9,4,6,1,20.0,87,1826,1.054,4,3,0,1808,1616
ca_mau,severe,TwinGate+blindARQ,6,80.0,awd,0.02,2024,2160,933,0,88.4006,80.0,1,13,4,12,3,60.0,89,1835,1.1399,2,1,0,1795,1528
ca_mau,severe,TwinGate+blindARQ,7,80.0,awd,0.02,2024,2160,745,0,75.5958,80.0,2,17,4,15,2,40.0,88,1839,1.6337,3,2,0,1764,1526
ca_mau,severe,TwinGate+blindARQ,8,80.0,awd,0.02,2024,2160,668,0,64.1042,80.0,4,10,4,6,0,0.0,86,1831,0.7454,5,4,0,1866,1680
ca_mau,severe,TwinGate+blindARQ,9,80.0,awd,0.02,2024,2160,714,0,70.561,80.0,3,4,4,1,1,20.0,87,1804,0.4303,4,3,0,1803,1616
ca_mau,severe,Reactive+T2,0,80.0,awd,0.02,2024,2160,981,0,94.2809,80.0,2,2,2,0,0,0.0,0,1861,0.0,1,0,0,1736,1483
ca_mau,severe,Reactive+T2,1,80.0,awd,0.02,2024,2160,959,0,91.4756,80.0,3,7,2,4,0,0.0,0,1864,0.8309,2,0,1,1723,1466
ca_mau,severe,Reactive+T2,2,80.0,awd,0.02,2024,2160,981,0,94.2775,80.0,2,3,2,1,0,0.0,0,1857,0.4303,1,0,0,1736,1484
ca_mau,severe,Reactive+T2,3,80.0,awd,0.02,2024,2160,768,0,78.7728,80.0,8,26,2,18,0,0.0,0,1824,2.8637,2,1,0,1715,1465
ca_mau,severe,Reactive+T2,4,80.0,awd,0.02,2024,2160,968,0,93.6673,80.0,3,10,2,7,0,0.0,0,1831,1.502,2,0,1,1734,1509
ca_mau,severe,Reactive+T2,5,80.0,awd,0.02,2024,2160,981,0,94.2798,80.0,2,4,2,2,0,0.0,0,1826,0.4303,1,0,0,1736,1485
ca_mau,severe,Reactive+T2,6,80.0,awd,0.02,2024,2160,981,0,94.2764,80.0,2,5,2,3,0,0.0,0,1835,1.2512,1,0,0,1736,1486
ca_mau,severe,Reactive+T2,7,80.0,awd,0.02,2024,2160,981,0,94.2798,80.0,2,5,2,3,0,0.0,0,1839,0.8306,1,0,0,1736,1486
ca_mau,severe,Reactive+T2,8,80.0,awd,0.02,2024,2160,981,0,94.28,80.0,2,3,2,1,0,0.0,0,1831,0.0,1,0,0,1736,1484
ca_mau,severe,Reactive+T2,9,80.0,awd,0.02,2024,2160,981,0,94.2745,80.0,2,7,2,5,0,0.0,0,1804,0.0,1,0,0,1736,1488
ca_mau,severe,Reactive+blindARQ,0,80.0,awd,0.02,2024,2160,981,0,94.2809,80.0,2,2,2,0,0,0.0,0,1861,0.0,1,0,0,1736,1483
ca_mau,severe,Reactive+blindARQ,1,80.0,awd,0.02,2024,2160,980,0,93.9978,80.0,2,13,2,11,0,0.0,0,1864,2.0387,1,0,0,1735,1491
ca_mau,severe,Reactive+blindARQ,2,80.0,awd,0.02,2024,2160,981,0,94.2775,80.0,2,3,2,1,0,0.0,0,1857,0.4303,1,0,0,1736,1484
ca_mau,severe,Reactive+blindARQ,3,80.0,awd,0.02,2024,2160,981,0,94.1518,80.0,2,10,2,8,0,0.0,0,1824,1.9082,1,0,0,1735,1491
ca_mau,severe,Reactive+blindARQ,4,80.0,awd,0.02,2024,2160,981,0,94.2745,80.0,2,8,2,6,0,0.0,0,1831,1.502,1,0,0,1736,1489
ca_mau,severe,Reactive+blindARQ,5,80.0,awd,0.02,2024,2160,981,0,94.2798,80.0,2,4,2,2,0,0.0,0,1826,0.4303,1,0,0,1736,1485
ca_mau,severe,Reactive+blindARQ,6,80.0,awd,0.02,2024,2160,981,0,94.2764,80.0,2,5,2,3,0,0.0,0,1835,1.2512,1,0,0,1736,1486
ca_mau,severe,Reactive+blindARQ,7,80.0,awd,0.02,2024,2160,981,0,94.2798,80.0,2,5,2,3,0,0.0,0,1839,0.8306,1,0,0,1736,1486
ca_mau,severe,Reactive+blindARQ,8,80.0,awd,0.02,2024,2160,981,0,94.28,80.0,2,3,2,1,0,0.0,0,1831,0.0,1,0,0,1736,1484
ca_mau,severe,Reactive+blindARQ,9,80.0,awd,0.02,2024,2160,981,0,94.2745,80.0,2,7,2,5,0,0.0,0,1804,0.0,1,0,0,1736,1488
ca_mau,severe,FixedSchedule,0,80.0,awd,0.02,2024,2160,1151,0,114.0134,80.0,2,9,2,7,0,0.0,0,1861,0.0035,2,0,1,1900,1642
ca_mau,severe,FixedSchedule,1,80.0,awd,0.02,2024,2160,1152,0,114.5573,80.0,2,12,2,10,0,0.0,0,1864,5.6057,1,0,0,1903,1627
ca_mau,severe,FixedSchedule,2,80.0,awd,0.02,2024,2160,1153,0,114.5856,80.0,2,5,2,3,0,0.0,0,1857,4.1585,1,0,0,1903,1619
ca_mau,severe,FixedSchedule,3,80.0,awd,0.02,2024,2160,1152,0,114.5602,80.0,2,13,2,11,0,0.0,0,1824,5.4484,1,0,0,1903,1626
ca_mau,severe,FixedSchedule,4,80.0,awd,0.02,2024,2160,1153,0,114.5764,80.0,2,7,2,5,0,0.0,0,1831,0.0,1,0,0,1903,1620
ca_mau,severe,FixedSchedule,5,80.0,awd,0.02,2024,2160,1151,0,113.9813,80.0,2,9,2,7,0,0.0,0,1826,3.883,2,0,1,1898,1640
ca_mau,severe,FixedSchedule,6,80.0,awd,0.02,2024,2160,1153,0,114.6082,80.0,2,3,2,1,0,0.0,0,1835,4.1605,1,0,0,1904,1619
ca_mau,severe,FixedSchedule,7,80.0,awd,0.02,2024,2160,1150,0,113.2689,80.0,2,18,2,16,0,0.0,0,1839,6.1445,2,0,1,1896,1626
ca_mau,severe,FixedSchedule,8,80.0,awd,0.02,2024,2160,1151,0,114.0078,80.0,2,8,2,6,0,0.0,0,1831,0.005,2,0,1,1898,1640
ca_mau,severe,FixedSchedule,9,80.0,awd,0.02,2024,2160,1150,0,113.2832,80.0,2,13,2,11,0,0.0,0,1804,3.9554,2,0,1,1891,1621
ca_mau,severe,Oracle,0,80.0,awd,0.02,2024,2160,649,0,62.6035,80.0,4,15,4,11,0,0.0,0,1861,0.9623,5,4,0,1873,1680
ca_mau,severe,Oracle,1,80.0,awd,0.02,2024,2160,649,0,62.604,80.0,4,9,4,5,0,0.0,0,1864,0.0,5,4,0,1867,1680
ca_mau,severe,Oracle,2,80.0,awd,0.02,2024,2160,649,0,62.6034,80.0,4,12,4,8,0,0.0,0,1857,0.4303,5,4,0,1870,1680
ca_mau,severe,Oracle,3,80.0,awd,0.02,2024,2160,649,0,62.6035,80.0,4,21,4,17,0,0.0,0,1824,1.3608,5,4,0,1879,1680
ca_mau,severe,Oracle,4,80.0,awd,0.02,2024,2160,649,0,62.5952,80.0,4,16,4,12,0,0.0,0,1831,1.3608,5,4,0,1873,1680
ca_mau,severe,Oracle,5,80.0,awd,0.02,2024,2160,649,0,62.6046,80.0,4,8,4,4,1,20.0,0,1826,0.6086,5,4,0,1866,1680
ca_mau,severe,Oracle,6,80.0,awd,0.02,2024,2160,649,0,62.5892,80.0,4,14,4,10,1,20.0,0,1835,1.0541,5,4,0,1872,1680
ca_mau,severe,Oracle,7,80.0,awd,0.02,2024,2160,649,0,62.6047,80.0,4,10,4,6,0,0.0,0,1839,0.6086,5,4,0,1868,1680
ca_mau,severe,Oracle,8,80.0,awd,0.02,2024,2160,649,0,62.6041,80.0,4,14,4,10,0,0.0,0,1831,0.7454,5,4,0,1872,1680
ca_mau,severe,Oracle,9,80.0,awd,0.02,2024,2160,649,0,62.6059,80.0,4,5,4,1,1,20.0,0,1804,0.4303,5,4,0,1863,1680
ca_mau,severe,TwinGate+T2+centre,0,80.0,awd,0.02,2024,2160,846,0,81.6781,80.0,5,13,4,8,0,0.0,85,1861,0.4303,4,0,3,1679,1496
ca_mau,severe,TwinGate+T2+centre,1,80.0,awd,0.02,2024,2160,886,0,83.3711,80.0,3,5,4,2,1,20.0,87,1864,0.4303,3,0,2,1662,1450
ca_mau,severe,TwinGate+T2+centre,2,80.0,awd,0.02,2024,2160,886,0,83.5979,80.0,3,9,4,6,1,20.0,87,1857,0.4303,2,0,1,1653,1435
ca_mau,severe,TwinGate+T2+centre,3,80.0,awd,0.02,2024,2160,766,0,77.7341,80.0,8,28,4,20,2,40.0,82,1824,1.291,4,1,2,1719,1491
ca_mau,severe,TwinGate+T2+centre,4,80.0,awd,0.02,2024,2160,846,0,81.6699,80.0,5,15,4,10,1,20.0,85,1831,0.7454,4,0,3,1682,1497
ca_mau,severe,TwinGate+T2+centre,5,80.0,awd,0.02,2024,2160,886,0,83.6011,80.0,3,4,4,1,1,20.0,87,1826,0.4303,2,0,1,1653,1430
ca_mau,severe,TwinGate+T2+centre,6,80.0,awd,0.02,2024,2160,961,0,92.239,80.0,3,11,4,8,3,60.0,87,1835,0.9623,2,0,1,1750,1490
ca_mau,severe,TwinGate+T2+centre,7,80.0,awd,0.02,2024,2160,804,0,80.4302,80.0,6,21,4,15,1,20.0,84,1839,1.2171,2,1,0,1681,1474
ca_mau,severe,TwinGate+T2+centre,8,80.0,awd,0.02,2024,2160,867,0,82.6304,80.0,5,11,4,6,0,0.0,85,1831,0.6086,4,0,3,1658,1488
ca_mau,severe,TwinGate+T2+centre,9,80.0,awd,0.02,2024,2160,886,0,83.6011,80.0,3,5,4,2,1,20.0,87,1804,0.7452,2,0,1,1653,1430
ca_mau,severe,TwinGate+T2,0,80.0,mid,0.05,2024,2160,764,0,77.1822,80.0,6,12,4,6,0,0.0,84,1861,0.8606,5,0,4,1753,1602
ca_mau,severe,TwinGate+T2,1,80.0,mid,0.05,2024,2160,799,0,79.7543,80.0,3,9,4,6,1,20.0,87,1864,0.4303,4,0,3,1728,1515
ca_mau,severe,TwinGate+T2,2,80.0,mid,0.05,2024,2160,775,0,79.2584,80.0,4,11,4,7,1,20.0,86,1857,0.7452,4,0,3,1746,1524
ca_mau,severe,TwinGate+T2,3,80.0,mid,0.05,2024,2160,720,0,72.0027,80.0,10,34,4,24,1,20.0,80,1824,1.4272,5,2,2,1812,1640
ca_mau,severe,TwinGate+T2,4,80.0,mid,0.05,2024,2160,747,0,76.4521,80.0,6,20,4,14,1,20.0,84,1831,0.9622,4,1,2,1754,1551
ca_mau,severe,TwinGate+T2,5,80.0,mid,0.05,2024,2160,767,0,78.2389,80.0,4,11,4,7,1,20.0,86,1826,0.0,5,0,4,1765,1571
ca_mau,severe,TwinGate+T2,6,80.0,mid,0.05,2024,2160,765,0,77.3834,80.0,5,17,4,12,0,0.0,85,1835,0.7454,5,1,3,1781,1590
ca_mau,severe,TwinGate+T2,7,80.0,mid,0.05,2024,2160,765,0,77.5421,80.0,5,17,4,12,1,20.0,85,1839,1.2171,4,1,2,1751,1550
ca_mau,severe,TwinGate+T2,8,80.0,mid,0.05,2024,2160,750,0,76.8788,80.0,6,14,4,8,0,0.0,84,1831,0.9622,5,1,3,1766,1588
ca_mau,severe,TwinGate+T2,9,80.0,mid,0.05,2024,2160,801,0,79.9468,80.0,3,7,4,4,1,20.0,87,1804,0.4303,4,0,3,1712,1521
ca_mau,severe,TwinGate+blindARQ,0,80.0,mid,0.05,2024,2160,767,0,78.2387,80.0,4,14,4,10,0,0.0,86,1861,1.3608,5,0,4,1768,1574
ca_mau,severe,TwinGate+blindARQ,1,80.0,mid,0.05,2024,2160,799,0,79.7543,80.0,3,9,4,6,1,20.0,87,1864,0.4303,4,0,3,1728,1515
ca_mau,severe,TwinGate+blindARQ,2,80.0,mid,0.05,2024,2160,913,0,86.7571,80.0,2,15,4,13,2,40.0,88,1857,1.2171,3,0,2,1744,1496
ca_mau,severe,TwinGate+blindARQ,3,80.0,mid,0.05,2024,2160,914,0,86.9839,80.0,2,8,4,6,2,40.0,88,1824,0.7454,3,0,2,1745,1497
ca_mau,severe,TwinGate+blindARQ,4,80.0,mid,0.05,2024,2160,799,0,79.807,80.0,3,10,4,7,1,20.0,87,1831,0.6086,4,0,3,1714,1536
ca_mau,severe,TwinGate+blindARQ,5,80.0,mid,0.05,2024,2160,801,0,79.9404,80.0,3,16,4,13,1,20.0,87,1826,0.9623,4,0,3,1716,1525
ca_mau,severe,TwinGate+blindARQ,6,80.0,mid,0.05,2024,2160,998,0,95.1886,80.0,1,22,4,21,3,60.0,89,1835,1.7492,2,0,1,1774,1501
ca_mau,severe,TwinGate+blindARQ,7,80.0,mid,0.05,2024,2160,844,0,81.37,80.0,2,12,4,10,2,40.0,88,1839,1.1391,3,0,2,1696,1467
ca_mau,severe,TwinGate+blindARQ,8,80.0,mid,0.05,2024,2160,766,0,77.9738,80.0,4,21,4,17,0,0.0,86,1831,2.1161,5,0,4,1774,1579
ca_mau,severe,TwinGate+blindARQ,9,80.0,mid,0.05,2024,2160,801,0,79.9468,80.0,3,7,4,4,1,20.0,87,1804,0.4303,4,0,3,1712,1521
ca_mau,severe,Reactive+T2,0,80.0,mid,0.05,2024,2160,981,0,94.2809,80.0,2,2,2,0,0,0.0,0,1861,0.0,1,0,0,1736,1483
ca_mau,severe,Reactive+T2,1,80.0,mid,0.05,2024,2160,959,0,91.4756,80.0,3,7,2,4,0,0.0,0,1864,0.8309,2,0,1,1723,1466
ca_mau,severe,Reactive+T2,2,80.0,mid,0.05,2024,2160,981,0,94.2775,80.0,2,3,2,1,0,0.0,0,1857,0.4303,1,0,0,1736,1484
ca_mau,severe,Reactive+T2,3,80.0,mid,0.05,2024,2160,768,0,78.7728,80.0,8,26,2,18,0,0.0,0,1824,2.8637,2,1,0,1715,1465
ca_mau,severe,Reactive+T2,4,80.0,mid,0.05,2024,2160,968,0,93.6673,80.0,3,10,2,7,0,0.0,0,1831,1.502,2,0,1,1734,1509
ca_mau,severe,Reactive+T2,5,80.0,mid,0.05,2024,2160,981,0,94.2798,80.0,2,4,2,2,0,0.0,0,1826,0.4303,1,0,0,1736,1485
ca_mau,severe,Reactive+T2,6,80.0,mid,0.05,2024,2160,981,0,94.2764,80.0,2,5,2,3,0,0.0,0,1835,1.2512,1,0,0,1736,1486
ca_mau,severe,Reactive+T2,7,80.0,mid,0.05,2024,2160,981,0,94.2798,80.0,2,5,2,3,0,0.0,0,1839,0.8306,1,0,0,1736,1486
ca_mau,severe,Reactive+T2,8,80.0,mid,0.05,2024,2160,981,0,94.28,80.0,2,3,2,1,0,0.0,0,1831,0.0,1,0,0,1736,1484
ca_mau,severe,Reactive+T2,9,80.0,mid,0.05,2024,2160,981,0,94.2745,80.0,2,7,2,5,0,0.0,0,1804,0.0,1,0,0,1736,1488
ca_mau,severe,Reactive+blindARQ,0,80.0,mid,0.05,2024,2160,981,0,94.2809,80.0,2,2,2,0,0,0.0,0,1861,0.0,1,0,0,1736,1483
ca_mau,severe,Reactive+blindARQ,1,80.0,mid,0.05,2024,2160,980,0,93.9978,80.0,2,13,2,11,0,0.0,0,1864,2.0387,1,0,0,1735,1491
ca_mau,severe,Reactive+blindARQ,2,80.0,mid,0.05,2024,2160,981,0,94.2775,80.0,2,3,2,1,0,0.0,0,1857,0.4303,1,0,0,1736,1484
ca_mau,severe,Reactive+blindARQ,3,80.0,mid,0.05,2024,2160,981,0,94.1518,80.0,2,10,2,8,0,0.0,0,1824,1.9082,1,0,0,1735,1491
ca_mau,severe,Reactive+blindARQ,4,80.0,mid,0.05,2024,2160,981,0,94.2745,80.0,2,8,2,6,0,0.0,0,1831,1.502,1,0,0,1736,1489
ca_mau,severe,Reactive+blindARQ,5,80.0,mid,0.05,2024,2160,981,0,94.2798,80.0,2,4,2,2,0,0.0,0,1826,0.4303,1,0,0,1736,1485
ca_mau,severe,Reactive+blindARQ,6,80.0,mid,0.05,2024,2160,981,0,94.2764,80.0,2,5,2,3,0,0.0,0,1835,1.2512,1,0,0,1736,1486
ca_mau,severe,Reactive+blindARQ,7,80.0,mid,0.05,2024,2160,981,0,94.2798,80.0,2,5,2,3,0,0.0,0,1839,0.8306,1,0,0,1736,1486
ca_mau,severe,Reactive+blindARQ,8,80.0,mid,0.05,2024,2160,981,0,94.28,80.0,2,3,2,1,0,0.0,0,1831,0.0,1,0,0,1736,1484
ca_mau,severe,Reactive+blindARQ,9,80.0,mid,0.05,2024,2160,981,0,94.2745,80.0,2,7,2,5,0,0.0,0,1804,0.0,1,0,0,1736,1488
ca_mau,severe,FixedSchedule,0,80.0,mid,0.05,2024,2160,1151,0,114.0134,80.0,2,9,2,7,0,0.0,0,1861,0.0035,2,0,1,1900,1642
ca_mau,severe,FixedSchedule,1,80.0,mid,0.05,2024,2160,1152,0,114.5573,80.0,2,12,2,10,0,0.0,0,1864,5.6057,1,0,0,1903,1627
ca_mau,severe,FixedSchedule,2,80.0,mid,0.05,2024,2160,1153,0,114.5856,80.0,2,5,2,3,0,0.0,0,1857,4.1585,1,0,0,1903,1619
ca_mau,severe,FixedSchedule,3,80.0,mid,0.05,2024,2160,1152,0,114.5602,80.0,2,13,2,11,0,0.0,0,1824,5.4484,1,0,0,1903,1626
ca_mau,severe,FixedSchedule,4,80.0,mid,0.05,2024,2160,1153,0,114.5764,80.0,2,7,2,5,0,0.0,0,1831,0.0,1,0,0,1903,1620
ca_mau,severe,FixedSchedule,5,80.0,mid,0.05,2024,2160,1151,0,113.9813,80.0,2,9,2,7,0,0.0,0,1826,3.883,2,0,1,1898,1640
ca_mau,severe,FixedSchedule,6,80.0,mid,0.05,2024,2160,1153,0,114.6082,80.0,2,3,2,1,0,0.0,0,1835,4.1605,1,0,0,1904,1619
ca_mau,severe,FixedSchedule,7,80.0,mid,0.05,2024,2160,1150,0,113.2689,80.0,2,18,2,16,0,0.0,0,1839,6.1445,2,0,1,1896,1626
ca_mau,severe,FixedSchedule,8,80.0,mid,0.05,2024,2160,1151,0,114.0078,80.0,2,8,2,6,0,0.0,0,1831,0.005,2,0,1,1898,1640
ca_mau,severe,FixedSchedule,9,80.0,mid,0.05,2024,2160,1150,0,113.2832,80.0,2,13,2,11,0,0.0,0,1804,3.9554,2,0,1,1891,1621
ca_mau,severe,Oracle,0,80.0,mid,0.05,2024,2160,649,0,62.6035,80.0,4,15,4,11,0,0.0,0,1861,0.9623,5,4,0,1873,1680
ca_mau,severe,Oracle,1,80.0,mid,0.05,2024,2160,649,0,62.604,80.0,4,9,4,5,0,0.0,0,1864,0.0,5,4,0,1867,1680
ca_mau,severe,Oracle,2,80.0,mid,0.05,2024,2160,649,0,62.6034,80.0,4,12,4,8,0,0.0,0,1857,0.4303,5,4,0,1870,1680
ca_mau,severe,Oracle,3,80.0,mid,0.05,2024,2160,649,0,62.6035,80.0,4,21,4,17,0,0.0,0,1824,1.3608,5,4,0,1879,1680
ca_mau,severe,Oracle,4,80.0,mid,0.05,2024,2160,649,0,62.5952,80.0,4,16,4,12,0,0.0,0,1831,1.3608,5,4,0,1873,1680
ca_mau,severe,Oracle,5,80.0,mid,0.05,2024,2160,649,0,62.6046,80.0,4,8,4,4,1,20.0,0,1826,0.6086,5,4,0,1866,1680
ca_mau,severe,Oracle,6,80.0,mid,0.05,2024,2160,649,0,62.5892,80.0,4,14,4,10,1,20.0,0,1835,1.0541,5,4,0,1872,1680
ca_mau,severe,Oracle,7,80.0,mid,0.05,2024,2160,649,0,62.6047,80.0,4,10,4,6,0,0.0,0,1839,0.6086,5,4,0,1868,1680
ca_mau,severe,Oracle,8,80.0,mid,0.05,2024,2160,649,0,62.6041,80.0,4,14,4,10,0,0.0,0,1831,0.7454,5,4,0,1872,1680
ca_mau,severe,Oracle,9,80.0,mid,0.05,2024,2160,649,0,62.6059,80.0,4,5,4,1,1,20.0,0,1804,0.4303,5,4,0,1863,1680
ca_mau,severe,TwinGate+T2+centre,0,80.0,mid,0.05,2024,2160,846,0,81.6781,80.0,5,13,4,8,0,0.0,85,1861,0.4303,4,0,3,1679,1496
ca_mau,severe,TwinGate+T2+centre,1,80.0,mid,0.05,2024,2160,886,0,83.3711,80.0,3,5,4,2,1,20.0,87,1864,0.4303,3,0,2,1662,1450
ca_mau,severe,TwinGate+T2+centre,2,80.0,mid,0.05,2024,2160,886,0,83.5979,80.0,3,9,4,6,1,20.0,87,1857,0.4303,2,0,1,1653,1435
ca_mau,severe,TwinGate+T2+centre,3,80.0,mid,0.05,2024,2160,766,0,77.7341,80.0,8,28,4,20,2,40.0,82,1824,1.291,4,1,2,1719,1491
ca_mau,severe,TwinGate+T2+centre,4,80.0,mid,0.05,2024,2160,846,0,81.6699,80.0,5,15,4,10,1,20.0,85,1831,0.7454,4,0,3,1682,1497
ca_mau,severe,TwinGate+T2+centre,5,80.0,mid,0.05,2024,2160,886,0,83.6011,80.0,3,4,4,1,1,20.0,87,1826,0.4303,2,0,1,1653,1430
ca_mau,severe,TwinGate+T2+centre,6,80.0,mid,0.05,2024,2160,961,0,92.239,80.0,3,11,4,8,3,60.0,87,1835,0.9623,2,0,1,1750,1490
ca_mau,severe,TwinGate+T2+centre,7,80.0,mid,0.05,2024,2160,804,0,80.4302,80.0,6,21,4,15,1,20.0,84,1839,1.2171,2,1,0,1681,1474
ca_mau,severe,TwinGate+T2+centre,8,80.0,mid,0.05,2024,2160,867,0,82.6304,80.0,5,11,4,6,0,0.0,85,1831,0.6086,4,0,3,1658,1488
ca_mau,severe,TwinGate+T2+centre,9,80.0,mid,0.05,2024,2160,886,0,83.6011,80.0,3,5,4,2,1,20.0,87,1804,0.7452,2,0,1,1653,1430
ca_mau,severe,TwinGate+T2,0,80.0,narrow,0.1,2024,2160,810,0,80.7866,80.0,4,4,4,0,0,0.0,86,1861,0.0,5,0,4,1682,1514
ca_mau,severe,TwinGate+T2,1,80.0,narrow,0.1,2024,2160,801,0,79.9803,80.0,5,15,4,10,0,0.0,85,1864,0.7454,5,0,4,1702,1538
ca_mau,severe,TwinGate+T2,2,80.0,narrow,0.1,2024,2160,768,0,78.7677,80.0,6,19,4,13,0,0.0,84,1857,1.054,5,0,4,1759,1580
ca_mau,severe,TwinGate+T2,3,80.0,narrow,0.1,2024,2160,781,0,72.0852,80.0,6,18,3,12,1,20.0,84,1824,1.1385,4,1,2,1740,1568
ca_mau,severe,TwinGate+T2,4,80.0,narrow,0.1,2024,2160,828,0,81.0524,80.0,3,9,4,6,1,20.0,87,1831,0.4303,4,0,3,1703,1500
ca_mau,severe,TwinGate+T2,5,80.0,narrow,0.1,2024,2160,842,0,81.1682,80.0,3,6,4,3,1,20.0,87,1826,0.4303,4,0,3,1700,1480
ca_mau,severe,TwinGate+T2,6,80.0,narrow,0.1,2024,2160,846,0,81.7534,80.0,3,12,4,9,3,60.0,87,1835,0.9623,4,0,3,1680,1467
ca_mau,severe,TwinGate+T2,7,80.0,narrow,0.1,2024,2160,768,0,78.7643,80.0,6,24,4,18,1,20.0,84,1839,1.2171,4,1,2,1732,1530
ca_mau,severe,TwinGate+T2,8,80.0,narrow,0.1,2024,2160,762,0,77.005,80.0,9,26,4,17,0,0.0,81,1831,1.2909,5,1,3,1748,1569
ca_mau,severe,TwinGate+T2,9,80.0,narrow,0.1,2024,2160,804,0,80.3444,80.0,5,13,4,8,0,0.0,85,1804,0.9623,5,0,4,1699,1520
ca_mau,severe,TwinGate+blindARQ,0,80.0,narrow,0.1,2024,2160,810,0,80.7866,80.0,4,4,4,0,0,0.0,86,1861,0.0,5,0,4,1682,1514
ca_mau,severe,TwinGate+blindARQ,1,80.0,narrow,0.1,2024,2160,846,0,81.7449,80.0,3,10,4,7,1,20.0,87,1864,0.6086,4,0,3,1682,1469
ca_mau,severe,TwinGate+blindARQ,2,80.0,narrow,0.1,2024,2160,939,0,89.4337,80.0,2,8,4,6,2,40.0,88,1857,0.8606,3,0,2,1743,1495
ca_mau,severe,TwinGate+blindARQ,3,80.0,narrow,0.1,2024,2160,937,0,89.1492,80.0,2,15,4,13,2,40.0,88,1824,1.0541,3,0,2,1749,1500
ca_mau,severe,TwinGate+blindARQ,4,80.0,narrow,0.1,2024,2160,828,0,81.0524,80.0,3,9,4,6,1,20.0,87,1831,0.4303,4,0,3,1703,1500
ca_mau,severe,TwinGate+blindARQ,5,80.0,narrow,0.1,2024,2160,842,0,81.1682,80.0,3,6,4,3,1,20.0,87,1826,0.4303,4,0,3,1700,1480
ca_mau,severe,TwinGate+blindARQ,6,80.0,narrow,0.1,2024,2160,998,0,95.1886,80.0,1,22,4,21,3,60.0,89,1835,1.7492,2,0,1,1774,1501
ca_mau,severe,TwinGate+blindARQ,7,80.0,narrow,0.1,2024,2160,863,0,82.219,80.0,2,13,4,11,2,40.0,88,1839,1.1391,3,0,2,1675,1461
ca_mau,severe,TwinGate+blindARQ,8,80.0,narrow,0.1,2024,2160,810,0,80.7866,80.0,4,9,4,5,0,0.0,86,1831,0.6086,5,0,4,1687,1519
ca_mau,severe,TwinGate+blindARQ,9,80.0,narrow,0.1,2024,2160,842,0,81.1702,80.0,3,15,4,12,1,20.0,87,1804,1.2956,4,0,3,1700,1480
ca_mau,severe,Reactive+T2,0,80.0,narrow,0.1,2024,2160,981,0,94.2809,80.0,2,2,2,0,0,0.0,0,1861,0.0,1,0,0,1736,1483
ca_mau,severe,Reactive+T2,1,80.0,narrow,0.1,2024,2160,959,0,91.4756,80.0,3,7,2,4,0,0.0,0,1864,0.8309,2,0,1,1723,1466
ca_mau,severe,Reactive+T2,2,80.0,narrow,0.1,2024,2160,981,0,94.2775,80.0,2,3,2,1,0,0.0,0,1857,0.4303,1,0,0,1736,1484
ca_mau,severe,Reactive+T2,3,80.0,narrow,0.1,2024,2160,768,0,78.7728,80.0,8,26,2,18,0,0.0,0,1824,2.8637,2,1,0,1715,1465
ca_mau,severe,Reactive+T2,4,80.0,narrow,0.1,2024,2160,968,0,93.6673,80.0,3,10,2,7,0,0.0,0,1831,1.502,2,0,1,1734,1509
ca_mau,severe,Reactive+T2,5,80.0,narrow,0.1,2024,2160,981,0,94.2798,80.0,2,4,2,2,0,0.0,0,1826,0.4303,1,0,0,1736,1485
ca_mau,severe,Reactive+T2,6,80.0,narrow,0.1,2024,2160,981,0,94.2764,80.0,2,5,2,3,0,0.0,0,1835,1.2512,1,0,0,1736,1486
ca_mau,severe,Reactive+T2,7,80.0,narrow,0.1,2024,2160,981,0,94.2798,80.0,2,5,2,3,0,0.0,0,1839,0.8306,1,0,0,1736,1486
ca_mau,severe,Reactive+T2,8,80.0,narrow,0.1,2024,2160,981,0,94.28,80.0,2,3,2,1,0,0.0,0,1831,0.0,1,0,0,1736,1484
ca_mau,severe,Reactive+T2,9,80.0,narrow,0.1,2024,2160,981,0,94.2745,80.0,2,7,2,5,0,0.0,0,1804,0.0,1,0,0,1736,1488
ca_mau,severe,Reactive+blindARQ,0,80.0,narrow,0.1,2024,2160,981,0,94.2809,80.0,2,2,2,0,0,0.0,0,1861,0.0,1,0,0,1736,1483
ca_mau,severe,Reactive+blindARQ,1,80.0,narrow,0.1,2024,2160,980,0,93.9978,80.0,2,13,2,11,0,0.0,0,1864,2.0387,1,0,0,1735,1491
ca_mau,severe,Reactive+blindARQ,2,80.0,narrow,0.1,2024,2160,981,0,94.2775,80.0,2,3,2,1,0,0.0,0,1857,0.4303,1,0,0,1736,1484
ca_mau,severe,Reactive+blindARQ,3,80.0,narrow,0.1,2024,2160,981,0,94.1518,80.0,2,10,2,8,0,0.0,0,1824,1.9082,1,0,0,1735,1491
ca_mau,severe,Reactive+blindARQ,4,80.0,narrow,0.1,2024,2160,981,0,94.2745,80.0,2,8,2,6,0,0.0,0,1831,1.502,1,0,0,1736,1489
ca_mau,severe,Reactive+blindARQ,5,80.0,narrow,0.1,2024,2160,981,0,94.2798,80.0,2,4,2,2,0,0.0,0,1826,0.4303,1,0,0,1736,1485
ca_mau,severe,Reactive+blindARQ,6,80.0,narrow,0.1,2024,2160,981,0,94.2764,80.0,2,5,2,3,0,0.0,0,1835,1.2512,1,0,0,1736,1486
ca_mau,severe,Reactive+blindARQ,7,80.0,narrow,0.1,2024,2160,981,0,94.2798,80.0,2,5,2,3,0,0.0,0,1839,0.8306,1,0,0,1736,1486
ca_mau,severe,Reactive+blindARQ,8,80.0,narrow,0.1,2024,2160,981,0,94.28,80.0,2,3,2,1,0,0.0,0,1831,0.0,1,0,0,1736,1484
ca_mau,severe,Reactive+blindARQ,9,80.0,narrow,0.1,2024,2160,981,0,94.2745,80.0,2,7,2,5,0,0.0,0,1804,0.0,1,0,0,1736,1488
ca_mau,severe,FixedSchedule,0,80.0,narrow,0.1,2024,2160,1151,0,114.0134,80.0,2,9,2,7,0,0.0,0,1861,0.0035,2,0,1,1900,1642
ca_mau,severe,FixedSchedule,1,80.0,narrow,0.1,2024,2160,1152,0,114.5573,80.0,2,12,2,10,0,0.0,0,1864,5.6057,1,0,0,1903,1627
ca_mau,severe,FixedSchedule,2,80.0,narrow,0.1,2024,2160,1153,0,114.5856,80.0,2,5,2,3,0,0.0,0,1857,4.1585,1,0,0,1903,1619
ca_mau,severe,FixedSchedule,3,80.0,narrow,0.1,2024,2160,1152,0,114.5602,80.0,2,13,2,11,0,0.0,0,1824,5.4484,1,0,0,1903,1626
ca_mau,severe,FixedSchedule,4,80.0,narrow,0.1,2024,2160,1153,0,114.5764,80.0,2,7,2,5,0,0.0,0,1831,0.0,1,0,0,1903,1620
ca_mau,severe,FixedSchedule,5,80.0,narrow,0.1,2024,2160,1151,0,113.9813,80.0,2,9,2,7,0,0.0,0,1826,3.883,2,0,1,1898,1640
ca_mau,severe,FixedSchedule,6,80.0,narrow,0.1,2024,2160,1153,0,114.6082,80.0,2,3,2,1,0,0.0,0,1835,4.1605,1,0,0,1904,1619
ca_mau,severe,FixedSchedule,7,80.0,narrow,0.1,2024,2160,1150,0,113.2689,80.0,2,18,2,16,0,0.0,0,1839,6.1445,2,0,1,1896,1626
ca_mau,severe,FixedSchedule,8,80.0,narrow,0.1,2024,2160,1151,0,114.0078,80.0,2,8,2,6,0,0.0,0,1831,0.005,2,0,1,1898,1640
ca_mau,severe,FixedSchedule,9,80.0,narrow,0.1,2024,2160,1150,0,113.2832,80.0,2,13,2,11,0,0.0,0,1804,3.9554,2,0,1,1891,1621
ca_mau,severe,Oracle,0,80.0,narrow,0.1,2024,2160,649,0,62.6035,80.0,4,15,4,11,0,0.0,0,1861,0.9623,5,4,0,1873,1680
ca_mau,severe,Oracle,1,80.0,narrow,0.1,2024,2160,649,0,62.604,80.0,4,9,4,5,0,0.0,0,1864,0.0,5,4,0,1867,1680
ca_mau,severe,Oracle,2,80.0,narrow,0.1,2024,2160,649,0,62.6034,80.0,4,12,4,8,0,0.0,0,1857,0.4303,5,4,0,1870,1680
ca_mau,severe,Oracle,3,80.0,narrow,0.1,2024,2160,649,0,62.6035,80.0,4,21,4,17,0,0.0,0,1824,1.3608,5,4,0,1879,1680
ca_mau,severe,Oracle,4,80.0,narrow,0.1,2024,2160,649,0,62.5952,80.0,4,16,4,12,0,0.0,0,1831,1.3608,5,4,0,1873,1680
ca_mau,severe,Oracle,5,80.0,narrow,0.1,2024,2160,649,0,62.6046,80.0,4,8,4,4,1,20.0,0,1826,0.6086,5,4,0,1866,1680
ca_mau,severe,Oracle,6,80.0,narrow,0.1,2024,2160,649,0,62.5892,80.0,4,14,4,10,1,20.0,0,1835,1.0541,5,4,0,1872,1680
ca_mau,severe,Oracle,7,80.0,narrow,0.1,2024,2160,649,0,62.6047,80.0,4,10,4,6,0,0.0,0,1839,0.6086,5,4,0,1868,1680
ca_mau,severe,Oracle,8,80.0,narrow,0.1,2024,2160,649,0,62.6041,80.0,4,14,4,10,0,0.0,0,1831,0.7454,5,4,0,1872,1680
ca_mau,severe,Oracle,9,80.0,narrow,0.1,2024,2160,649,0,62.6059,80.0,4,5,4,1,1,20.0,0,1804,0.4303,5,4,0,1863,1680
ca_mau,severe,TwinGate+T2+centre,0,80.0,narrow,0.1,2024,2160,810,0,80.7866,80.0,4,4,4,0,0,0.0,86,1861,0.0,5,0,4,1682,1514
ca_mau,severe,TwinGate+T2+centre,1,80.0,narrow,0.1,2024,2160,801,0,79.9803,80.0,5,15,4,10,0,0.0,85,1864,0.7454,5,0,4,1702,1538
ca_mau,severe,TwinGate+T2+centre,2,80.0,narrow,0.1,2024,2160,768,0,78.7677,80.0,6,19,4,13,0,0.0,84,1857,1.054,5,0,4,1759,1580
ca_mau,severe,TwinGate+T2+centre,3,80.0,narrow,0.1,2024,2160,781,0,72.0852,80.0,6,18,3,12,1,20.0,84,1824,1.1385,4,1,2,1740,1568
ca_mau,severe,TwinGate+T2+centre,4,80.0,narrow,0.1,2024,2160,828,0,81.0524,80.0,3,9,4,6,1,20.0,87,1831,0.4303,4,0,3,1703,1500
ca_mau,severe,TwinGate+T2+centre,5,80.0,narrow,0.1,2024,2160,842,0,81.1682,80.0,3,6,4,3,1,20.0,87,1826,0.4303,4,0,3,1700,1480
ca_mau,severe,TwinGate+T2+centre,6,80.0,narrow,0.1,2024,2160,846,0,81.7534,80.0,3,12,4,9,3,60.0,87,1835,0.9623,4,0,3,1680,1467
ca_mau,severe,TwinGate+T2+centre,7,80.0,narrow,0.1,2024,2160,768,0,78.7643,80.0,6,24,4,18,1,20.0,84,1839,1.2171,4,1,2,1732,1530
ca_mau,severe,TwinGate+T2+centre,8,80.0,narrow,0.1,2024,2160,762,0,77.005,80.0,9,26,4,17,0,0.0,81,1831,1.2909,5,1,3,1748,1569
ca_mau,severe,TwinGate+T2+centre,9,80.0,narrow,0.1,2024,2160,804,0,80.3444,80.0,5,13,4,8,0,0.0,85,1804,0.9623,5,0,4,1699,1520
ca_mau,severe,TwinGate+T2,0,160.0,awd,0.02,2024,2160,124,0,3.0266,160.0,10,19,8,9,0,0.0,80,1861,0.7454,9,8,0,1782,1657
ca_mau,severe,TwinGate+T2,1,160.0,awd,0.02,2024,2160,57,0,0.9612,160.0,11,28,8,17,1,20.0,79,1864,0.7454,9,8,0,1795,1661
ca_mau,severe,TwinGate+T2,2,160.0,awd,0.02,2024,2160,436,0,38.6503,160.0,5,18,8,13,4,80.0,85,1857,1.0217,5,4,0,1649,1456
ca_mau,severe,TwinGate+T2,3,160.0,awd,0.02,2024,2160,359,0,27.0214,160.0,6,21,8,15,4,80.0,84,1824,1.0541,5,4,0,1574,1386
ca_mau,severe,TwinGate+T2,4,160.0,awd,0.02,2024,2160,70,0,1.1386,160.0,11,28,8,17,1,20.0,79,1831,1.2171,9,8,0,1790,1661
ca_mau,severe,TwinGate+T2,5,160.0,awd,0.02,2024,2160,287,0,17.6644,160.0,7,17,8,10,3,60.0,83,1826,1.1385,6,5,0,1626,1486
ca_mau,severe,TwinGate+T2,6,160.0,awd,0.02,2024,2160,216,0,9.6872,160.0,7,24,8,17,3,60.0,83,1835,1.1385,8,7,0,1712,1599
ca_mau,severe,TwinGate+T2,7,160.0,awd,0.02,2024,2160,175,0,6.2527,160.0,9,26,8,17,1,20.0,81,1839,1.4271,8,7,0,1715,1587
ca_mau,severe,TwinGate+T2,8,160.0,awd,0.02,2024,2160,215,0,9.0505,160.0,8,16,8,8,1,20.0,82,1831,0.6086,8,7,0,1692,1573
ca_mau,severe,TwinGate+T2,9,160.0,awd,0.02,2024,2160,180,0,5.9236,160.0,10,24,8,14,1,20.0,80,1804,1.1385,8,7,0,1715,1603
ca_mau,severe,TwinGate+blindARQ,0,160.0,awd,0.02,2024,2160,189,0,6.3735,160.0,8,18,8,10,0,0.0,82,1861,0.4303,9,8,0,1752,1659
ca_mau,severe,TwinGate+blindARQ,1,160.0,awd,0.02,2024,2160,214,0,8.969,160.0,7,16,8,9,1,20.0,83,1864,0.0,8,7,0,1729,1598
ca_mau,severe,TwinGate+blindARQ,2,160.0,awd,0.02,2024,2160,530,0,49.2876,160.0,3,20,8,17,5,100.0,87,1857,1.5247,4,3,0,1564,1367
ca_mau,severe,TwinGate+blindARQ,3,160.0,awd,0.02,2024,2160,382,0,29.6899,160.0,4,22,8,18,4,80.0,86,1824,1.3608,5,4,0,1563,1388
ca_mau,severe,TwinGate+blindARQ,4,160.0,awd,0.02,2024,2160,266,0,16.4555,160.0,6,44,8,38,2,40.0,84,1831,2.9522,7,6,0,1632,1547
ca_mau,severe,TwinGate+blindARQ,5,160.0,awd,0.02,2024,2160,332,0,23.4246,160.0,5,14,8,9,3,60.0,85,1826,1.3607,6,5,0,1618,1483
ca_mau,severe,TwinGate+blindARQ,6,160.0,awd,0.02,2024,2160,482,0,43.7427,160.0,3,28,8,25,5,100.0,87,1835,1.6162,4,3,0,1564,1372
ca_mau,severe,TwinGate+blindARQ,7,160.0,awd,0.02,2024,2160,312,0,21.1583,160.0,5,35,8,30,3,60.0,85,1839,2.2112,6,5,0,1610,1459
ca_mau,severe,TwinGate+blindARQ,8,160.0,awd,0.02,2024,2160,238,0,11.7097,160.0,7,21,8,14,1,20.0,83,1831,0.7454,8,7,0,1678,1573
ca_mau,severe,TwinGate+blindARQ,9,160.0,awd,0.02,2024,2160,266,0,16.4512,160.0,6,16,8,10,2,40.0,84,1804,0.9623,7,6,0,1636,1536
ca_mau,severe,Reactive+T2,0,160.0,awd,0.02,2024,2160,695,0,68.6343,160.0,5,11,3,6,0,0.0,0,1861,1.4907,2,0,1,1494,1297
ca_mau,severe,Reactive+T2,1,160.0,awd,0.02,2024,2160,692,0,67.5143,160.0,4,11,3,7,0,0.0,0,1864,0.8309,2,0,1,1458,1240
ca_mau,severe,Reactive+T2,2,160.0,awd,0.02,2024,2160,698,0,69.9884,160.0,3,5,3,2,0,0.0,0,1857,1.2182,1,0,0,1474,1257
ca_mau,severe,Reactive+T2,3,160.0,awd,0.02,2024,2160,577,0,52.9808,160.0,9,27,3,18,1,40.0,0,1824,3.0849,3,1,1,1444,1215
ca_mau,severe,Reactive+T2,4,160.0,awd,0.02,2024,2160,692,0,67.5174,160.0,4,12,3,8,0,0.0,0,1831,1.1975,2,0,1,1462,1257
ca_mau,severe,Reactive+T2,5,160.0,awd,0.02,2024,2160,698,0,69.9802,160.0,3,8,3,5,0,0.0,0,1826,0.8626,1,0,0,1474,1260
ca_mau,severe,Reactive+T2,6,160.0,awd,0.02,2024,2160,890,0,84.999,160.0,2,6,3,4,1,60.0,0,1835,1.4564,1,0,0,1647,1412
ca_mau,severe,Reactive+T2,7,160.0,awd,0.02,2024,2160,890,0,84.999,160.0,2,7,3,5,1,60.0,0,1839,0.8306,1,0,0,1647,1412
ca_mau,severe,Reactive+T2,8,160.0,awd,0.02,2024,2160,695,0,68.6286,160.0,5,13,3,8,0,0.0,0,1831,1.9244,2,0,1,1495,1299
ca_mau,severe,Reactive+T2,9,160.0,awd,0.02,2024,2160,698,0,69.9836,160.0,3,9,3,6,0,0.0,0,1804,0.0,1,0,0,1474,1261
ca_mau,severe,Reactive+blindARQ,0,160.0,awd,0.02,2024,2160,697,0,69.4731,160.0,3,20,3,17,0,0.0,0,1861,3.3002,2,0,1,1481,1270
ca_mau,severe,Reactive+blindARQ,1,160.0,awd,0.02,2024,2160,698,0,69.9836,160.0,3,15,3,12,0,0.0,0,1864,2.2129,1,0,0,1474,1265
ca_mau,severe,Reactive+blindARQ,2,160.0,awd,0.02,2024,2160,698,0,69.9884,160.0,3,5,3,2,0,0.0,0,1857,1.2182,1,0,0,1474,1257
ca_mau,severe,Reactive+blindARQ,3,160.0,awd,0.02,2024,2160,698,0,69.9884,160.0,3,12,3,9,0,0.0,0,1824,2.3813,1,0,0,1474,1264
ca_mau,severe,Reactive+blindARQ,4,160.0,awd,0.02,2024,2160,890,0,84.9955,160.0,2,10,3,8,1,60.0,0,1831,1.1962,1,0,0,1647,1415
ca_mau,severe,Reactive+blindARQ,5,160.0,awd,0.02,2024,2160,698,0,69.9802,160.0,3,8,3,5,0,0.0,0,1826,0.8626,1,0,0,1474,1260
ca_mau,severe,Reactive+blindARQ,6,160.0,awd,0.02,2024,2160,890,0,84.999,160.0,2,6,3,4,1,60.0,0,1835,1.4564,1,0,0,1647,1412
ca_mau,severe,Reactive+blindARQ,7,160.0,awd,0.02,2024,2160,890,0,84.999,160.0,2,7,3,5,1,60.0,0,1839,0.8306,1,0,0,1647,1412
ca_mau,severe,Reactive+blindARQ,8,160.0,awd,0.02,2024,2160,697,0,69.5552,160.0,3,19,3,16,0,0.0,0,1831,3.0284,2,0,1,1480,1270
ca_mau,severe,Reactive+blindARQ,9,160.0,awd,0.02,2024,2160,698,0,69.9836,160.0,3,9,3,6,0,0.0,0,1804,0.0,1,0,0,1474,1261
ca_mau,severe,FixedSchedule,0,160.0,awd,0.02,2024,2160,949,0,90.1214,160.0,3,8,3,5,0,0.0,0,1861,0.0035,1,0,0,1693,1429
ca_mau,severe,FixedSchedule,1,160.0,awd,0.02,2024,2160,949,0,90.1214,160.0,3,5,3,2,0,0.0,0,1864,9.7174,1,0,0,1693,1429
ca_mau,severe,FixedSchedule,2,160.0,awd,0.02,2024,2160,941,0,89.8915,160.0,3,14,3,11,1,40.0,0,1857,9.8858,1,0,0,1693,1426
ca_mau,severe,FixedSchedule,3,160.0,awd,0.02,2024,2160,1084,0,104.6492,160.0,3,14,3,11,0,0.0,0,1824,4.2276,1,0,0,1812,1532
ca_mau,severe,FixedSchedule,4,160.0,awd,0.02,2024,2160,1078,0,103.4276,160.0,2,9,3,7,1,60.0,0,1831,0.0006,2,0,1,1822,1551
ca_mau,severe,FixedSchedule,5,160.0,awd,0.02,2024,2160,1058,0,101.4615,160.0,3,10,3,7,1,40.0,0,1826,5.0412,1,0,0,1787,1491
ca_mau,severe,FixedSchedule,6,160.0,awd,0.02,2024,2160,1085,0,104.8186,160.0,2,4,3,2,1,60.0,0,1835,9.3155,1,0,0,1812,1545
ca_mau,severe,FixedSchedule,7,160.0,awd,0.02,2024,2160,1062,0,102.2785,160.0,2,19,3,17,1,60.0,0,1839,1.3473,1,0,0,1789,1545
ca_mau,severe,FixedSchedule,8,160.0,awd,0.02,2024,2160,949,0,90.1214,160.0,3,10,3,7,0,0.0,0,1831,0.005,1,0,0,1693,1430
ca_mau,severe,FixedSchedule,9,160.0,awd,0.02,2024,2160,1058,0,101.4615,160.0,3,14,3,11,1,40.0,0,1804,4.6731,1,0,0,1787,1491
ca_mau,severe,Oracle,0,160.0,awd,0.02,2024,2160,57,0,0.9307,160.0,8,25,8,17,0,0.0,0,1861,1.291,9,8,0,1812,1661
ca_mau,severe,Oracle,1,160.0,awd,0.02,2024,2160,57,0,0.9291,160.0,8,17,8,9,0,0.0,0,1864,0.0,9,8,0,1806,1661
ca_mau,severe,Oracle,2,160.0,awd,0.02,2024,2160,61,0,0.8466,160.0,8,45,8,37,1,20.0,0,1857,3.0263,9,8,0,1803,1661
ca_mau,severe,Oracle,3,160.0,awd,0.02,2024,2160,57,0,0.9301,160.0,8,32,8,24,0,0.0,0,1824,1.6102,9,8,0,1820,1661
ca_mau,severe,Oracle,4,160.0,awd,0.02,2024,2160,57,0,0.9308,160.0,8,21,8,13,1,20.0,0,1831,1.4272,9,8,0,1808,1661
ca_mau,severe,Oracle,5,160.0,awd,0.02,2024,2160,57,0,0.9257,160.0,8,18,8,10,3,60.0,0,1826,1.2909,9,8,0,1807,1661
ca_mau,severe,Oracle,6,160.0,awd,0.02,2024,2160,57,0,0.9268,160.0,8,23,8,15,2,40.0,0,1835,1.3608,9,8,0,1811,1661
ca_mau,severe,Oracle,7,160.0,awd,0.02,2024,2160,57,0,0.9267,160.0,8,25,8,17,0,0.0,0,1839,1.217,9,8,0,1813,1661
ca_mau,severe,Oracle,8,160.0,awd,0.02,2024,2160,57,0,0.9251,160.0,8,33,8,25,0,0.0,0,1831,1.2172,9,8,0,1822,1661
ca_mau,severe,Oracle,9,160.0,awd,0.02,2024,2160,57,0,0.929,160.0,8,13,8,5,1,20.0,0,1804,0.7453,9,8,0,1802,1661
ca_mau,severe,TwinGate+T2+centre,0,160.0,awd,0.02,2024,2160,502,0,45.7871,160.0,12,30,8,18,0,0.0,78,1861,1.1385,7,0,6,1352,1280
ca_mau,severe,TwinGate+T2+centre,1,160.0,awd,0.02,2024,2160,503,0,46.1414,160.0,9,24,8,15,1,20.0,81,1864,0.7454,7,0,6,1357,1264
ca_mau,severe,TwinGate+T2+centre,2,160.0,awd,0.02,2024,2160,529,0,48.6718,160.0,6,19,8,13,3,60.0,84,1857,1.1386,5,0,4,1308,1166
ca_mau,severe,TwinGate+T2+centre,3,160.0,awd,0.02,2024,2160,456,0,39.7632,160.0,13,44,8,31,3,60.0,77,1824,1.6743,7,1,5,1419,1287
ca_mau,severe,TwinGate+T2+centre,4,160.0,awd,0.02,2024,2160,523,0,47.7094,160.0,8,19,8,11,2,40.0,82,1831,0.8607,4,0,3,1321,1214
ca_mau,severe,TwinGate+T2+centre,5,160.0,awd,0.02,2024,2160,528,0,48.3711,160.0,7,15,8,8,2,40.0,83,1826,0.7454,5,0,4,1310,1199
ca_mau,severe,TwinGate+T2+centre,6,160.0,awd,0.02,2024,2160,607,0,57.5986,160.0,7,24,8,17,4,80.0,83,1835,1.2172,4,0,3,1395,1239
ca_mau,severe,TwinGate+T2+centre,7,160.0,awd,0.02,2024,2160,500,0,45.2639,160.0,10,30,8,20,2,40.0,80,1839,1.4907,3,1,1,1349,1216
ca_mau,severe,TwinGate+T2+centre,8,160.0,awd,0.02,2024,2160,523,0,47.6752,160.0,9,21,8,12,1,20.0,81,1831,0.7454,5,0,4,1328,1215
ca_mau,severe,TwinGate+T2+centre,9,160.0,awd,0.02,2024,2160,527,0,48.0222,160.0,7,13,8,6,2,40.0,83,1804,0.9621,4,0,3,1316,1178
ca_mau,severe,TwinGate+T2,0,160.0,mid,0.05,2024,2160,410,0,35.0931,160.0,10,17,8,7,0,0.0,80,1861,0.9622,9,0,8,1518,1484
ca_mau,severe,TwinGate+T2,1,160.0,mid,0.05,2024,2160,410,0,35.1414,160.0,9,28,8,19,1,20.0,81,1864,0.7454,8,1,6,1525,1436
ca_mau,severe,TwinGate+T2,2,160.0,mid,0.05,2024,2160,413,0,35.8564,160.0,8,24,8,16,2,40.0,82,1857,1.2171,8,0,7,1551,1453
ca_mau,severe,TwinGate+T2,3,160.0,mid,0.05,2024,2160,388,0,32.103,160.0,14,48,8,34,3,60.0,76,1824,1.7213,7,3,3,1576,1469
ca_mau,severe,TwinGate+T2,4,160.0,mid,0.05,2024,2160,404,0,32.8002,160.0,10,27,8,17,2,40.0,80,1831,1.1385,8,1,6,1532,1451
ca_mau,severe,TwinGate+T2,5,160.0,mid,0.05,2024,2160,411,0,35.429,160.0,9,25,8,16,2,40.0,81,1826,0.7454,9,1,7,1537,1475
ca_mau,severe,TwinGate+T2,6,160.0,mid,0.05,2024,2160,477,0,41.6798,160.0,8,26,8,18,2,40.0,82,1835,1.0541,7,2,4,1565,1444
ca_mau,severe,TwinGate+T2,7,160.0,mid,0.05,2024,2160,385,0,31.1919,160.0,11,35,8,24,2,40.0,79,1839,1.5515,7,3,3,1534,1442
ca_mau,severe,TwinGate+T2,8,160.0,mid,0.05,2024,2160,404,0,32.8513,160.0,10,23,8,13,1,20.0,80,1831,1.054,9,1,7,1551,1491
ca_mau,severe,TwinGate+T2,9,160.0,mid,0.05,2024,2160,412,0,35.7332,160.0,8,19,8,11,2,40.0,82,1804,0.8607,8,1,6,1515,1449
ca_mau,severe,TwinGate+blindARQ,0,160.0,mid,0.05,2024,2160,412,0,35.737,160.0,8,25,8,17,0,0.0,82,1861,1.6101,9,0,8,1557,1483
ca_mau,severe,TwinGate+blindARQ,1,160.0,mid,0.05,2024,2160,413,0,35.8901,160.0,7,24,8,17,1,20.0,83,1864,0.8607,8,0,7,1540,1451
ca_mau,severe,TwinGate+blindARQ,2,160.0,mid,0.05,2024,2160,677,0,67.1923,160.0,3,24,8,21,5,100.0,87,1857,1.4272,4,0,3,1544,1340
ca_mau,severe,TwinGate+blindARQ,3,160.0,mid,0.05,2024,2160,601,0,56.1589,160.0,4,17,8,13,4,80.0,86,1824,1.2172,5,0,4,1486,1305
ca_mau,severe,TwinGate+blindARQ,4,160.0,mid,0.05,2024,2160,457,0,39.932,160.0,6,17,8,11,2,40.0,84,1831,0.6086,7,0,6,1445,1382
ca_mau,severe,TwinGate+blindARQ,5,160.0,mid,0.05,2024,2160,483,0,44.3045,160.0,5,29,8,24,3,60.0,85,1826,1.6101,6,0,5,1458,1331
ca_mau,severe,TwinGate+blindARQ,6,160.0,mid,0.05,2024,2160,645,0,61.669,160.0,3,37,8,34,5,100.0,87,1835,1.9872,4,0,3,1492,1301
ca_mau,severe,TwinGate+blindARQ,7,160.0,mid,0.05,2024,2160,477,0,41.6656,160.0,5,21,8,16,3,60.0,85,1839,1.3613,6,0,5,1446,1310
ca_mau,severe,TwinGate+blindARQ,8,160.0,mid,0.05,2024,2160,413,0,35.8958,160.0,7,35,8,28,1,20.0,83,1831,2.2435,8,0,7,1550,1452
ca_mau,severe,TwinGate+blindARQ,9,160.0,mid,0.05,2024,2160,435,0,38.228,160.0,6,23,8,17,2,40.0,84,1804,1.2172,7,0,6,1490,1396
ca_mau,severe,Reactive+T2,0,160.0,mid,0.05,2024,2160,695,0,68.6343,160.0,5,11,3,6,0,0.0,0,1861,1.4907,2,0,1,1494,1297
ca_mau,severe,Reactive+T2,1,160.0,mid,0.05,2024,2160,692,0,67.5143,160.0,4,11,3,7,0,0.0,0,1864,0.8309,2,0,1,1458,1240
ca_mau,severe,Reactive+T2,2,160.0,mid,0.05,2024,2160,698,0,69.9884,160.0,3,5,3,2,0,0.0,0,1857,1.2182,1,0,0,1474,1257
ca_mau,severe,Reactive+T2,3,160.0,mid,0.05,2024,2160,577,0,52.9808,160.0,9,27,3,18,1,40.0,0,1824,3.0849,3,1,1,1444,1215
ca_mau,severe,Reactive+T2,4,160.0,mid,0.05,2024,2160,692,0,67.5174,160.0,4,12,3,8,0,0.0,0,1831,1.1975,2,0,1,1462,1257
ca_mau,severe,Reactive+T2,5,160.0,mid,0.05,2024,2160,698,0,69.9802,160.0,3,8,3,5,0,0.0,0,1826,0.8626,1,0,0,1474,1260
ca_mau,severe,Reactive+T2,6,160.0,mid,0.05,2024,2160,890,0,84.999,160.0,2,6,3,4,1,60.0,0,1835,1.4564,1,0,0,1647,1412
ca_mau,severe,Reactive+T2,7,160.0,mid,0.05,2024,2160,890,0,84.999,160.0,2,7,3,5,1,60.0,0,1839,0.8306,1,0,0,1647,1412
ca_mau,severe,Reactive+T2,8,160.0,mid,0.05,2024,2160,695,0,68.6286,160.0,5,13,3,8,0,0.0,0,1831,1.9244,2,0,1,1495,1299
ca_mau,severe,Reactive+T2,9,160.0,mid,0.05,2024,2160,698,0,69.9836,160.0,3,9,3,6,0,0.0,0,1804,0.0,1,0,0,1474,1261
ca_mau,severe,Reactive+blindARQ,0,160.0,mid,0.05,2024,2160,697,0,69.4731,160.0,3,20,3,17,0,0.0,0,1861,3.3002,2,0,1,1481,1270
ca_mau,severe,Reactive+blindARQ,1,160.0,mid,0.05,2024,2160,698,0,69.9836,160.0,3,15,3,12,0,0.0,0,1864,2.2129,1,0,0,1474,1265
ca_mau,severe,Reactive+blindARQ,2,160.0,mid,0.05,2024,2160,698,0,69.9884,160.0,3,5,3,2,0,0.0,0,1857,1.2182,1,0,0,1474,1257
ca_mau,severe,Reactive+blindARQ,3,160.0,mid,0.05,2024,2160,698,0,69.9884,160.0,3,12,3,9,0,0.0,0,1824,2.3813,1,0,0,1474,1264
ca_mau,severe,Reactive+blindARQ,4,160.0,mid,0.05,2024,2160,890,0,84.9955,160.0,2,10,3,8,1,60.0,0,1831,1.1962,1,0,0,1647,1415
ca_mau,severe,Reactive+blindARQ,5,160.0,mid,0.05,2024,2160,698,0,69.9802,160.0,3,8,3,5,0,0.0,0,1826,0.8626,1,0,0,1474,1260
ca_mau,severe,Reactive+blindARQ,6,160.0,mid,0.05,2024,2160,890,0,84.999,160.0,2,6,3,4,1,60.0,0,1835,1.4564,1,0,0,1647,1412
ca_mau,severe,Reactive+blindARQ,7,160.0,mid,0.05,2024,2160,890,0,84.999,160.0,2,7,3,5,1,60.0,0,1839,0.8306,1,0,0,1647,1412
ca_mau,severe,Reactive+blindARQ,8,160.0,mid,0.05,2024,2160,697,0,69.5552,160.0,3,19,3,16,0,0.0,0,1831,3.0284,2,0,1,1480,1270
ca_mau,severe,Reactive+blindARQ,9,160.0,mid,0.05,2024,2160,698,0,69.9836,160.0,3,9,3,6,0,0.0,0,1804,0.0,1,0,0,1474,1261
ca_mau,severe,FixedSchedule,0,160.0,mid,0.05,2024,2160,949,0,90.1214,160.0,3,8,3,5,0,0.0,0,1861,0.0035,1,0,0,1693,1429
ca_mau,severe,FixedSchedule,1,160.0,mid,0.05,2024,2160,949,0,90.1214,160.0,3,5,3,2,0,0.0,0,1864,9.7174,1,0,0,1693,1429
ca_mau,severe,FixedSchedule,2,160.0,mid,0.05,2024,2160,941,0,89.8915,160.0,3,14,3,11,1,40.0,0,1857,9.8858,1,0,0,1693,1426
ca_mau,severe,FixedSchedule,3,160.0,mid,0.05,2024,2160,1084,0,104.6492,160.0,3,14,3,11,0,0.0,0,1824,4.2276,1,0,0,1812,1532
ca_mau,severe,FixedSchedule,4,160.0,mid,0.05,2024,2160,1078,0,103.4276,160.0,2,9,3,7,1,60.0,0,1831,0.0006,2,0,1,1822,1551
ca_mau,severe,FixedSchedule,5,160.0,mid,0.05,2024,2160,1058,0,101.4615,160.0,3,10,3,7,1,40.0,0,1826,5.0412,1,0,0,1787,1491
ca_mau,severe,FixedSchedule,6,160.0,mid,0.05,2024,2160,1085,0,104.8186,160.0,2,4,3,2,1,60.0,0,1835,9.3155,1,0,0,1812,1545
ca_mau,severe,FixedSchedule,7,160.0,mid,0.05,2024,2160,1062,0,102.2785,160.0,2,19,3,17,1,60.0,0,1839,1.3473,1,0,0,1789,1545
ca_mau,severe,FixedSchedule,8,160.0,mid,0.05,2024,2160,949,0,90.1214,160.0,3,10,3,7,0,0.0,0,1831,0.005,1,0,0,1693,1430
ca_mau,severe,FixedSchedule,9,160.0,mid,0.05,2024,2160,1058,0,101.4615,160.0,3,14,3,11,1,40.0,0,1804,4.6731,1,0,0,1787,1491
ca_mau,severe,Oracle,0,160.0,mid,0.05,2024,2160,57,0,0.9307,160.0,8,25,8,17,0,0.0,0,1861,1.291,9,8,0,1812,1661
ca_mau,severe,Oracle,1,160.0,mid,0.05,2024,2160,57,0,0.9291,160.0,8,17,8,9,0,0.0,0,1864,0.0,9,8,0,1806,1661
ca_mau,severe,Oracle,2,160.0,mid,0.05,2024,2160,61,0,0.8466,160.0,8,45,8,37,1,20.0,0,1857,3.0263,9,8,0,1803,1661
ca_mau,severe,Oracle,3,160.0,mid,0.05,2024,2160,57,0,0.9301,160.0,8,32,8,24,0,0.0,0,1824,1.6102,9,8,0,1820,1661
ca_mau,severe,Oracle,4,160.0,mid,0.05,2024,2160,57,0,0.9308,160.0,8,21,8,13,1,20.0,0,1831,1.4272,9,8,0,1808,1661
ca_mau,severe,Oracle,5,160.0,mid,0.05,2024,2160,57,0,0.9257,160.0,8,18,8,10,3,60.0,0,1826,1.2909,9,8,0,1807,1661
ca_mau,severe,Oracle,6,160.0,mid,0.05,2024,2160,57,0,0.9268,160.0,8,23,8,15,2,40.0,0,1835,1.3608,9,8,0,1811,1661
ca_mau,severe,Oracle,7,160.0,mid,0.05,2024,2160,57,0,0.9267,160.0,8,25,8,17,0,0.0,0,1839,1.217,9,8,0,1813,1661
ca_mau,severe,Oracle,8,160.0,mid,0.05,2024,2160,57,0,0.9251,160.0,8,33,8,25,0,0.0,0,1831,1.2172,9,8,0,1822,1661
ca_mau,severe,Oracle,9,160.0,mid,0.05,2024,2160,57,0,0.929,160.0,8,13,8,5,1,20.0,0,1804,0.7453,9,8,0,1802,1661
ca_mau,severe,TwinGate+T2+centre,0,160.0,mid,0.05,2024,2160,502,0,45.7871,160.0,12,30,8,18,0,0.0,78,1861,1.1385,7,0,6,1352,1280
ca_mau,severe,TwinGate+T2+centre,1,160.0,mid,0.05,2024,2160,503,0,46.1414,160.0,9,24,8,15,1,20.0,81,1864,0.7454,7,0,6,1357,1264
ca_mau,severe,TwinGate+T2+centre,2,160.0,mid,0.05,2024,2160,529,0,48.6718,160.0,6,19,8,13,3,60.0,84,1857,1.1386,5,0,4,1308,1166
ca_mau,severe,TwinGate+T2+centre,3,160.0,mid,0.05,2024,2160,456,0,39.7632,160.0,13,44,8,31,3,60.0,77,1824,1.6743,7,1,5,1419,1287
ca_mau,severe,TwinGate+T2+centre,4,160.0,mid,0.05,2024,2160,523,0,47.7094,160.0,8,19,8,11,2,40.0,82,1831,0.8607,4,0,3,1321,1214
ca_mau,severe,TwinGate+T2+centre,5,160.0,mid,0.05,2024,2160,528,0,48.3711,160.0,7,15,8,8,2,40.0,83,1826,0.7454,5,0,4,1310,1199
ca_mau,severe,TwinGate+T2+centre,6,160.0,mid,0.05,2024,2160,607,0,57.5986,160.0,7,24,8,17,4,80.0,83,1835,1.2172,4,0,3,1395,1239
ca_mau,severe,TwinGate+T2+centre,7,160.0,mid,0.05,2024,2160,500,0,45.2639,160.0,10,30,8,20,2,40.0,80,1839,1.4907,3,1,1,1349,1216
ca_mau,severe,TwinGate+T2+centre,8,160.0,mid,0.05,2024,2160,523,0,47.6752,160.0,9,21,8,12,1,20.0,81,1831,0.7454,5,0,4,1328,1215
ca_mau,severe,TwinGate+T2+centre,9,160.0,mid,0.05,2024,2160,527,0,48.0222,160.0,7,13,8,6,2,40.0,83,1804,0.9621,4,0,3,1316,1178
ca_mau,severe,TwinGate+T2,0,160.0,narrow,0.1,2024,2160,458,0,40.5615,160.0,11,27,8,16,0,0.0,79,1861,0.7454,9,0,8,1431,1400
ca_mau,severe,TwinGate+T2,1,160.0,narrow,0.1,2024,2160,383,0,20.5261,160.0,13,41,7,28,0,0.0,77,1864,1.2172,8,2,5,1541,1457
ca_mau,severe,TwinGate+T2,2,160.0,narrow,0.1,2024,2160,531,0,49.5953,160.0,8,24,8,16,3,60.0,82,1857,1.2959,7,0,6,1476,1382
ca_mau,severe,TwinGate+T2,3,160.0,narrow,0.1,2024,2160,445,0,30.1835,160.0,10,35,7,25,2,40.0,80,1824,1.4272,7,1,5,1471,1390
ca_mau,severe,TwinGate+T2,4,160.0,narrow,0.1,2024,2160,482,0,44.0464,160.0,6,14,8,8,2,40.0,84,1831,0.6086,7,0,6,1404,1314
ca_mau,severe,TwinGate+T2,5,160.0,narrow,0.1,2024,2160,484,0,44.6674,160.0,6,15,8,9,2,40.0,84,1826,0.8745,7,0,6,1401,1274
ca_mau,severe,TwinGate+T2,6,160.0,narrow,0.1,2024,2160,485,0,44.7991,160.0,6,21,8,15,4,80.0,84,1835,1.0541,7,0,6,1382,1261
ca_mau,severe,TwinGate+T2,7,160.0,narrow,0.1,2024,2160,453,0,39.3416,160.0,11,41,8,30,2,40.0,79,1839,1.4907,7,1,5,1464,1353
ca_mau,severe,TwinGate+T2,8,160.0,narrow,0.1,2024,2160,408,0,34.3352,160.0,16,47,8,31,0,0.0,74,1831,1.5515,9,1,7,1529,1456
ca_mau,severe,TwinGate+T2,9,160.0,narrow,0.1,2024,2160,480,0,42.8204,160.0,8,18,8,10,1,20.0,82,1804,1.0541,8,0,7,1402,1332
ca_mau,severe,TwinGate+blindARQ,0,160.0,narrow,0.1,2024,2160,479,0,42.7354,160.0,8,28,8,20,0,0.0,82,1861,1.4272,9,0,8,1416,1384
ca_mau,severe,TwinGate+blindARQ,1,160.0,narrow,0.1,2024,2160,480,0,42.9187,160.0,7,21,8,14,1,20.0,83,1864,0.6086,8,0,7,1423,1333
ca_mau,severe,TwinGate+blindARQ,2,160.0,narrow,0.1,2024,2160,715,0,70.5928,160.0,3,21,8,18,5,100.0,87,1857,1.0755,4,0,3,1542,1337
ca_mau,severe,TwinGate+blindARQ,3,160.0,narrow,0.1,2024,2160,625,0,60.1188,160.0,4,35,8,31,4,80.0,86,1824,1.7954,5,0,4,1465,1288
ca_mau,severe,TwinGate+blindARQ,4,160.0,narrow,0.1,2024,2160,482,0,44.0464,160.0,6,14,8,8,2,40.0,84,1831,0.6086,7,0,6,1404,1314
ca_mau,severe,TwinGate+blindARQ,5,160.0,narrow,0.1,2024,2160,551,0,51.0831,160.0,5,14,8,9,3,60.0,85,1826,0.8881,6,0,5,1439,1290
ca_mau,severe,TwinGate+blindARQ,6,160.0,narrow,0.1,2024,2160,674,0,66.4985,160.0,3,36,8,33,5,100.0,87,1835,1.9997,4,0,3,1522,1326
ca_mau,severe,TwinGate+blindARQ,7,160.0,narrow,0.1,2024,2160,513,0,46.6933,160.0,5,24,8,19,3,60.0,85,1839,1.4911,6,0,5,1339,1229
ca_mau,severe,TwinGate+blindARQ,8,160.0,narrow,0.1,2024,2160,483,0,44.3961,160.0,7,28,8,21,1,20.0,83,1831,1.291,8,0,7,1386,1301
ca_mau,severe,TwinGate+blindARQ,9,160.0,narrow,0.1,2024,2160,482,0,44.0665,160.0,6,29,8,23,2,40.0,84,1804,1.7248,7,0,6,1408,1300
ca_mau,severe,Reactive+T2,0,160.0,narrow,0.1,2024,2160,695,0,68.6343,160.0,5,11,3,6,0,0.0,0,1861,1.4907,2,0,1,1494,1297
ca_mau,severe,Reactive+T2,1,160.0,narrow,0.1,2024,2160,692,0,67.5143,160.0,4,11,3,7,0,0.0,0,1864,0.8309,2,0,1,1458,1240
ca_mau,severe,Reactive+T2,2,160.0,narrow,0.1,2024,2160,698,0,69.9884,160.0,3,5,3,2,0,0.0,0,1857,1.2182,1,0,0,1474,1257
ca_mau,severe,Reactive+T2,3,160.0,narrow,0.1,2024,2160,577,0,52.9808,160.0,9,27,3,18,1,40.0,0,1824,3.0849,3,1,1,1444,1215
ca_mau,severe,Reactive+T2,4,160.0,narrow,0.1,2024,2160,692,0,67.5174,160.0,4,12,3,8,0,0.0,0,1831,1.1975,2,0,1,1462,1257
ca_mau,severe,Reactive+T2,5,160.0,narrow,0.1,2024,2160,698,0,69.9802,160.0,3,8,3,5,0,0.0,0,1826,0.8626,1,0,0,1474,1260
ca_mau,severe,Reactive+T2,6,160.0,narrow,0.1,2024,2160,890,0,84.999,160.0,2,6,3,4,1,60.0,0,1835,1.4564,1,0,0,1647,1412
ca_mau,severe,Reactive+T2,7,160.0,narrow,0.1,2024,2160,890,0,84.999,160.0,2,7,3,5,1,60.0,0,1839,0.8306,1,0,0,1647,1412
ca_mau,severe,Reactive+T2,8,160.0,narrow,0.1,2024,2160,695,0,68.6286,160.0,5,13,3,8,0,0.0,0,1831,1.9244,2,0,1,1495,1299
ca_mau,severe,Reactive+T2,9,160.0,narrow,0.1,2024,2160,698,0,69.9836,160.0,3,9,3,6,0,0.0,0,1804,0.0,1,0,0,1474,1261
ca_mau,severe,Reactive+blindARQ,0,160.0,narrow,0.1,2024,2160,697,0,69.4731,160.0,3,20,3,17,0,0.0,0,1861,3.3002,2,0,1,1481,1270
ca_mau,severe,Reactive+blindARQ,1,160.0,narrow,0.1,2024,2160,698,0,69.9836,160.0,3,15,3,12,0,0.0,0,1864,2.2129,1,0,0,1474,1265
ca_mau,severe,Reactive+blindARQ,2,160.0,narrow,0.1,2024,2160,698,0,69.9884,160.0,3,5,3,2,0,0.0,0,1857,1.2182,1,0,0,1474,1257
ca_mau,severe,Reactive+blindARQ,3,160.0,narrow,0.1,2024,2160,698,0,69.9884,160.0,3,12,3,9,0,0.0,0,1824,2.3813,1,0,0,1474,1264
ca_mau,severe,Reactive+blindARQ,4,160.0,narrow,0.1,2024,2160,890,0,84.9955,160.0,2,10,3,8,1,60.0,0,1831,1.1962,1,0,0,1647,1415
ca_mau,severe,Reactive+blindARQ,5,160.0,narrow,0.1,2024,2160,698,0,69.9802,160.0,3,8,3,5,0,0.0,0,1826,0.8626,1,0,0,1474,1260
ca_mau,severe,Reactive+blindARQ,6,160.0,narrow,0.1,2024,2160,890,0,84.999,160.0,2,6,3,4,1,60.0,0,1835,1.4564,1,0,0,1647,1412
ca_mau,severe,Reactive+blindARQ,7,160.0,narrow,0.1,2024,2160,890,0,84.999,160.0,2,7,3,5,1,60.0,0,1839,0.8306,1,0,0,1647,1412
ca_mau,severe,Reactive+blindARQ,8,160.0,narrow,0.1,2024,2160,697,0,69.5552,160.0,3,19,3,16,0,0.0,0,1831,3.0284,2,0,1,1480,1270
ca_mau,severe,Reactive+blindARQ,9,160.0,narrow,0.1,2024,2160,698,0,69.9836,160.0,3,9,3,6,0,0.0,0,1804,0.0,1,0,0,1474,1261
ca_mau,severe,FixedSchedule,0,160.0,narrow,0.1,2024,2160,949,0,90.1214,160.0,3,8,3,5,0,0.0,0,1861,0.0035,1,0,0,1693,1429
ca_mau,severe,FixedSchedule,1,160.0,narrow,0.1,2024,2160,949,0,90.1214,160.0,3,5,3,2,0,0.0,0,1864,9.7174,1,0,0,1693,1429
ca_mau,severe,FixedSchedule,2,160.0,narrow,0.1,2024,2160,941,0,89.8915,160.0,3,14,3,11,1,40.0,0,1857,9.8858,1,0,0,1693,1426
ca_mau,severe,FixedSchedule,3,160.0,narrow,0.1,2024,2160,1084,0,104.6492,160.0,3,14,3,11,0,0.0,0,1824,4.2276,1,0,0,1812,1532
ca_mau,severe,FixedSchedule,4,160.0,narrow,0.1,2024,2160,1078,0,103.4276,160.0,2,9,3,7,1,60.0,0,1831,0.0006,2,0,1,1822,1551
ca_mau,severe,FixedSchedule,5,160.0,narrow,0.1,2024,2160,1058,0,101.4615,160.0,3,10,3,7,1,40.0,0,1826,5.0412,1,0,0,1787,1491
ca_mau,severe,FixedSchedule,6,160.0,narrow,0.1,2024,2160,1085,0,104.8186,160.0,2,4,3,2,1,60.0,0,1835,9.3155,1,0,0,1812,1545
ca_mau,severe,FixedSchedule,7,160.0,narrow,0.1,2024,2160,1062,0,102.2785,160.0,2,19,3,17,1,60.0,0,1839,1.3473,1,0,0,1789,1545
ca_mau,severe,FixedSchedule,8,160.0,narrow,0.1,2024,2160,949,0,90.1214,160.0,3,10,3,7,0,0.0,0,1831,0.005,1,0,0,1693,1430
ca_mau,severe,FixedSchedule,9,160.0,narrow,0.1,2024,2160,1058,0,101.4615,160.0,3,14,3,11,1,40.0,0,1804,4.6731,1,0,0,1787,1491
ca_mau,severe,Oracle,0,160.0,narrow,0.1,2024,2160,57,0,0.9307,160.0,8,25,8,17,0,0.0,0,1861,1.291,9,8,0,1812,1661
ca_mau,severe,Oracle,1,160.0,narrow,0.1,2024,2160,57,0,0.9291,160.0,8,17,8,9,0,0.0,0,1864,0.0,9,8,0,1806,1661
ca_mau,severe,Oracle,2,160.0,narrow,0.1,2024,2160,61,0,0.8466,160.0,8,45,8,37,1,20.0,0,1857,3.0263,9,8,0,1803,1661
ca_mau,severe,Oracle,3,160.0,narrow,0.1,2024,2160,57,0,0.9301,160.0,8,32,8,24,0,0.0,0,1824,1.6102,9,8,0,1820,1661
ca_mau,severe,Oracle,4,160.0,narrow,0.1,2024,2160,57,0,0.9308,160.0,8,21,8,13,1,20.0,0,1831,1.4272,9,8,0,1808,1661
ca_mau,severe,Oracle,5,160.0,narrow,0.1,2024,2160,57,0,0.9257,160.0,8,18,8,10,3,60.0,0,1826,1.2909,9,8,0,1807,1661
ca_mau,severe,Oracle,6,160.0,narrow,0.1,2024,2160,57,0,0.9268,160.0,8,23,8,15,2,40.0,0,1835,1.3608,9,8,0,1811,1661
ca_mau,severe,Oracle,7,160.0,narrow,0.1,2024,2160,57,0,0.9267,160.0,8,25,8,17,0,0.0,0,1839,1.217,9,8,0,1813,1661
ca_mau,severe,Oracle,8,160.0,narrow,0.1,2024,2160,57,0,0.9251,160.0,8,33,8,25,0,0.0,0,1831,1.2172,9,8,0,1822,1661
ca_mau,severe,Oracle,9,160.0,narrow,0.1,2024,2160,57,0,0.929,160.0,8,13,8,5,1,20.0,0,1804,0.7453,9,8,0,1802,1661
ca_mau,severe,TwinGate+T2+centre,0,160.0,narrow,0.1,2024,2160,458,0,40.5615,160.0,11,27,8,16,0,0.0,79,1861,0.7454,9,0,8,1431,1400
ca_mau,severe,TwinGate+T2+centre,1,160.0,narrow,0.1,2024,2160,383,0,20.5261,160.0,13,41,7,28,0,0.0,77,1864,1.2172,8,2,5,1541,1457
ca_mau,severe,TwinGate+T2+centre,2,160.0,narrow,0.1,2024,2160,531,0,49.5953,160.0,8,24,8,16,3,60.0,82,1857,1.2959,7,0,6,1476,1382
ca_mau,severe,TwinGate+T2+centre,3,160.0,narrow,0.1,2024,2160,445,0,30.1835,160.0,10,35,7,25,2,40.0,80,1824,1.4272,7,1,5,1471,1390
ca_mau,severe,TwinGate+T2+centre,4,160.0,narrow,0.1,2024,2160,482,0,44.0464,160.0,6,14,8,8,2,40.0,84,1831,0.6086,7,0,6,1404,1314
ca_mau,severe,TwinGate+T2+centre,5,160.0,narrow,0.1,2024,2160,484,0,44.6674,160.0,6,15,8,9,2,40.0,84,1826,0.8745,7,0,6,1401,1274
ca_mau,severe,TwinGate+T2+centre,6,160.0,narrow,0.1,2024,2160,485,0,44.7991,160.0,6,21,8,15,4,80.0,84,1835,1.0541,7,0,6,1382,1261
ca_mau,severe,TwinGate+T2+centre,7,160.0,narrow,0.1,2024,2160,453,0,39.3416,160.0,11,41,8,30,2,40.0,79,1839,1.4907,7,1,5,1464,1353
ca_mau,severe,TwinGate+T2+centre,8,160.0,narrow,0.1,2024,2160,408,0,34.3352,160.0,16,47,8,31,0,0.0,74,1831,1.5515,9,1,7,1529,1456
ca_mau,severe,TwinGate+T2+centre,9,160.0,narrow,0.1,2024,2160,480,0,42.8204,160.0,8,18,8,10,1,20.0,82,1804,1.0541,8,0,7,1402,1332
ca_mau,severe,TwinGate+T2,0,240.0,awd,0.02,2024,2160,0,0,0.0,200.0,12,26,10,14,0,0.0,78,1861,0.8607,10,10,0,1120,1435
ca_mau,severe,TwinGate+T2,1,240.0,awd,0.02,2024,2160,0,0,0.0,200.0,15,41,10,26,1,20.0,75,1864,1.0541,10,10,0,1355,1560
ca_mau,severe,TwinGate+T2,2,240.0,awd,0.02,2024,2160,0,0,0.0,240.0,9,28,12,19,6,120.0,81,1857,1.1893,8,7,0,1497,1351
ca_mau,severe,TwinGate+T2,3,240.0,awd,0.02,2024,2160,0,0,0.0,220.0,9,28,11,19,4,80.0,81,1824,1.0541,8,7,0,1483,1363
ca_mau,severe,TwinGate+T2,4,240.0,awd,0.02,2024,2160,16,0,0.2484,200.0,13,30,10,17,1,20.0,77,1831,1.2171,10,10,0,1254,1500
ca_mau,severe,TwinGate+T2,5,240.0,awd,0.02,2024,2160,0,0,0.0,200.0,10,28,10,18,4,80.0,80,1826,1.291,8,7,0,1563,1464
ca_mau,severe,TwinGate+T2,6,240.0,awd,0.02,2024,2160,0,0,0.0,200.0,8,28,10,20,4,80.0,82,1835,1.1385,9,8,0,1590,1517
ca_mau,severe,TwinGate+T2,7,240.0,awd,0.02,2024,2160,0,0,0.0,200.0,10,32,10,22,2,40.0,80,1839,1.4271,9,8,0,1610,1492
ca_mau,severe,TwinGate+T2,8,240.0,awd,0.02,2024,2160,0,0,0.0,200.0,10,19,10,9,1,20.0,80,1831,0.6086,10,9,0,1627,1552
ca_mau,severe,TwinGate+T2,9,240.0,awd,0.02,2024,2160,9,0,0.0329,200.0,12,27,10,15,1,20.0,78,1804,1.1385,10,9,0,1652,1543
ca_mau,severe,TwinGate+blindARQ,0,240.0,awd,0.02,2024,2160,0,0,0.0,200.0,9,23,10,14,1,20.0,81,1861,0.4303,10,9,0,1648,1571
ca_mau,severe,TwinGate+blindARQ,1,240.0,awd,0.02,2024,2160,0,0,0.0,200.0,9,23,10,14,1,20.0,81,1864,0.9623,10,9,0,1668,1577
ca_mau,severe,TwinGate+blindARQ,2,240.0,awd,0.02,2024,2160,309,0,20.1641,240.0,5,28,12,23,7,140.0,85,1857,1.5247,6,5,0,1501,1367
ca_mau,severe,TwinGate+blindARQ,3,240.0,awd,0.02,2024,2160,0,0,0.0,240.0,7,33,12,26,5,100.0,83,1824,1.6102,8,7,0,1404,1238
ca_mau,severe,TwinGate+blindARQ,4,240.0,awd,0.02,2024,2160,0,0,0.0,200.0,8,66,10,58,2,40.0,82,1831,3.4435,9,8,0,1599,1525
ca_mau,severe,TwinGate+blindARQ,5,240.0,awd,0.02,2024,2160,0,0,0.0,240.0,7,39,12,32,5,100.0,83,1826,2.7379,8,7,0,1418,1196
ca_mau,severe,TwinGate+blindARQ,6,240.0,awd,0.02,2024,2160,47,0,0.7777,240.0,6,51,12,45,6,120.0,84,1835,1.8821,7,6,0,1480,1336
ca_mau,severe,TwinGate+blindARQ,7,240.0,awd,0.02,2024,2160,0,0,0.0,220.0,7,44,11,37,4,80.0,83,1839,2.2112,8,7,0,1464,1370
ca_mau,severe,TwinGate+blindARQ,8,240.0,awd,0.02,2024,2160,0,0,0.0,200.0,9,28,10,19,1,20.0,81,1831,0.9623,10,9,0,1617,1550
ca_mau,severe,TwinGate+blindARQ,9,240.0,awd,0.02,2024,2160,0,0,0.0,200.0,8,31,10,23,2,40.0,82,1804,1.8221,9,8,0,1597,1514
ca_mau,severe,Reactive+T2,0,240.0,awd,0.02,2024,2160,480,0,43.2358,240.0,7,16,4,9,0,0.0,0,1861,1.8732,3,0,2,1267,1101
ca_mau,severe,Reactive+T2,1,240.0,awd,0.02,2024,2160,521,0,47.1809,240.0,5,12,4,7,1,60.0,0,1864,0.8309,2,0,1,1267,1081
ca_mau,severe,Reactive+T2,2,240.0,awd,0.02,2024,2160,697,0,69.4324,240.0,3,8,4,5,1,60.0,0,1857,0.8622,1,0,0,1472,1255
ca_mau,severe,Reactive+T2,3,240.0,awd,0.02,2024,2160,555,0,51.8186,240.0,9,31,4,22,2,120.0,0,1824,3.1003,3,1,1,1425,1211
ca_mau,severe,Reactive+T2,4,240.0,awd,0.02,2024,2160,521,0,47.1809,240.0,5,13,4,8,0,0.0,0,1831,1.1975,2,0,1,1271,1098
ca_mau,severe,Reactive+T2,5,240.0,awd,0.02,2024,2160,530,0,49.288,240.0,4,11,4,7,0,0.0,0,1826,0.8626,2,0,1,1272,1098
ca_mau,severe,Reactive+T2,6,240.0,awd,0.02,2024,2160,671,0,65.102,240.0,5,17,4,12,1,60.0,0,1835,1.9701,2,0,1,1446,1257
ca_mau,severe,Reactive+T2,7,240.0,awd,0.02,2024,2160,678,0,67.2256,240.0,4,13,4,9,1,60.0,0,1839,1.5106,2,0,1,1449,1257
ca_mau,severe,Reactive+T2,8,240.0,awd,0.02,2024,2160,480,0,43.2322,240.0,7,19,4,12,0,0.0,0,1831,2.4851,3,0,2,1269,1104
ca_mau,severe,Reactive+T2,9,240.0,awd,0.02,2024,2160,530,0,49.288,240.0,4,11,4,7,0,0.0,0,1804,0.0,2,0,1,1272,1099
ca_mau,severe,Reactive+blindARQ,0,240.0,awd,0.02,2024,2160,502,0,45.5948,240.0,4,34,4,30,0,0.0,0,1861,4.4937,3,0,2,1250,1081
ca_mau,severe,Reactive+blindARQ,1,240.0,awd,0.02,2024,2160,697,0,69.4223,240.0,3,16,4,13,1,60.0,0,1864,2.2251,1,0,0,1472,1263
ca_mau,severe,Reactive+blindARQ,2,240.0,awd,0.02,2024,2160,889,0,84.9648,240.0,2,9,4,7,2,120.0,0,1857,0.8622,1,0,0,1647,1410
ca_mau,severe,Reactive+blindARQ,3,240.0,awd,0.02,2024,2160,889,0,84.9648,240.0,2,16,4,14,2,120.0,0,1824,2.0468,1,0,0,1647,1417
ca_mau,severe,Reactive+blindARQ,4,240.0,awd,0.02,2024,2160,697,0,69.4324,240.0,3,12,4,9,1,60.0,0,1831,1.1973,1,0,0,1472,1260
ca_mau,severe,Reactive+blindARQ,5,240.0,awd,0.02,2024,2160,697,0,69.4134,240.0,3,15,4,12,1,60.0,0,1826,0.8626,1,0,0,1472,1256
ca_mau,severe,Reactive+blindARQ,6,240.0,awd,0.02,2024,2160,1081,0,104.1557,240.0,1,11,4,10,3,180.0,0,1835,1.175,1,0,0,1811,1528
ca_mau,severe,Reactive+blindARQ,7,240.0,awd,0.02,2024,2160,889,0,84.6762,240.0,2,13,4,11,2,120.0,0,1839,0.8306,1,0,0,1646,1410
ca_mau,severe,Reactive+blindARQ,8,240.0,awd,0.02,2024,2160,526,0,47.9493,240.0,4,34,4,30,0,0.0,0,1831,4.2393,2,0,1,1265,1080
ca_mau,severe,Reactive+blindARQ,9,240.0,awd,0.02,2024,2160,697,0,69.4324,240.0,3,10,4,7,1,60.0,0,1804,0.0,1,0,0,1472,1259
ca_mau,severe,FixedSchedule,0,240.0,awd,0.02,2024,2160,863,0,82.17,240.0,4,10,4,6,0,0.0,0,1861,0.0035,1,0,0,1621,1340
ca_mau,severe,FixedSchedule,1,240.0,awd,0.02,2024,2160,982,0,94.6111,240.0,3,15,4,12,1,60.0,0,1864,0.9147,1,0,0,1737,1440
ca_mau,severe,FixedSchedule,2,240.0,awd,0.02,2024,2160,1107,0,108.2795,240.0,2,20,4,18,2,120.0,0,1857,1.4465,1,0,0,1839,1558
ca_mau,severe,FixedSchedule,3,240.0,awd,0.02,2024,2160,1128,0,110.6002,240.0,2,14,4,12,2,120.0,0,1824,1.018,1,0,0,1861,1579
ca_mau,severe,FixedSchedule,4,240.0,awd,0.02,2024,2160,996,0,95.0923,240.0,3,15,4,12,1,60.0,0,1831,1.2938,1,0,0,1738,1441
ca_mau,severe,FixedSchedule,5,240.0,awd,0.02,2024,2160,997,0,95.1471,240.0,3,14,4,11,1,60.0,0,1826,1.0119,1,0,0,1739,1441
ca_mau,severe,FixedSchedule,6,240.0,awd,0.02,2024,2160,1227,0,124.7148,240.0,1,8,4,7,3,180.0,0,1835,0.0027,1,0,0,1978,1680
ca_mau,severe,FixedSchedule,7,240.0,awd,0.02,2024,2160,1128,0,110.9091,240.0,2,18,4,16,2,120.0,0,1839,0.5318,1,0,0,1862,1581
ca_mau,severe,FixedSchedule,8,240.0,awd,0.02,2024,2160,863,0,82.17,240.0,4,14,4,10,0,0.0,0,1831,0.005,1,0,0,1621,1340
ca_mau,severe,FixedSchedule,9,240.0,awd,0.02,2024,2160,997,0,95.1526,240.0,3,15,4,12,1,60.0,0,1804,0.5485,1,0,0,1739,1441
ca_mau,severe,Oracle,0,240.0,awd,0.02,2024,2160,0,0,0.0,200.0,10,31,10,21,0,0.0,0,1861,1.291,10,10,0,1281,1501
ca_mau,severe,Oracle,1,240.0,awd,0.02,2024,2160,0,0,0.0,200.0,10,29,10,19,0,0.0,0,1864,0.8607,10,10,0,1280,1503
ca_mau,severe,Oracle,2,240.0,awd,0.02,2024,2160,7,0,0.0076,200.0,10,50,10,40,1,20.0,0,1857,3.0567,10,10,0,1273,1501
ca_mau,severe,Oracle,3,240.0,awd,0.02,2024,2160,0,0,0.0,200.0,10,37,10,27,0,0.0,0,1824,1.6102,10,10,0,1288,1500
ca_mau,severe,Oracle,4,240.0,awd,0.02,2024,2160,0,0,0.0,200.0,10,23,10,13,1,20.0,0,1831,1.4272,10,10,0,1273,1500
ca_mau,severe,Oracle,5,240.0,awd,0.02,2024,2160,0,0,0.0,200.0,10,27,10,17,3,60.0,0,1826,1.3608,10,10,0,1278,1503
ca_mau,severe,Oracle,6,240.0,awd,0.02,2024,2160,0,0,0.0,200.0,10,29,10,19,2,40.0,0,1835,1.4272,10,10,0,1280,1500
ca_mau,severe,Oracle,7,240.0,awd,0.02,2024,2160,0,0,0.0,200.0,10,30,10,20,0,0.0,0,1839,1.217,10,10,0,1281,1500
ca_mau,severe,Oracle,8,240.0,awd,0.02,2024,2160,0,0,0.0,200.0,10,35,10,25,0,0.0,0,1831,1.2172,10,10,0,1287,1500
ca_mau,severe,Oracle,9,240.0,awd,0.02,2024,2160,0,0,0.0,200.0,10,16,10,6,1,20.0,0,1804,0.7453,10,10,0,1268,1500
ca_mau,severe,TwinGate+T2+centre,0,240.0,awd,0.02,2024,2160,173,0,6.1344,240.0,17,47,12,30,1,20.0,73,1861,1.4907,8,0,7,1059,1046
ca_mau,severe,TwinGate+T2+centre,1,240.0,awd,0.02,2024,2160,171,0,5.8559,240.0,15,41,12,26,1,20.0,75,1864,0.9623,10,0,9,1085,1087
ca_mau,severe,TwinGate+T2+centre,2,240.0,awd,0.02,2024,2160,362,0,28.1403,240.0,8,24,12,16,5,100.0,82,1857,1.1406,6,0,5,1147,1053
ca_mau,severe,TwinGate+T2+centre,3,240.0,awd,0.02,2024,2160,99,0,1.7399,240.0,17,58,12,41,4,80.0,73,1824,1.7814,9,1,7,1132,1070
ca_mau,severe,TwinGate+T2+centre,4,240.0,awd,0.02,2024,2160,195,0,8.0976,240.0,13,30,12,17,2,40.0,77,1831,1.2906,7,0,6,1037,1015
ca_mau,severe,TwinGate+T2+centre,5,240.0,awd,0.02,2024,2160,217,0,9.9954,240.0,9,19,12,10,4,80.0,81,1826,0.9623,6,0,5,1008,951
ca_mau,severe,TwinGate+T2+centre,6,240.0,awd,0.02,2024,2160,287,0,17.6811,240.0,12,34,12,22,4,80.0,78,1835,1.4907,7,0,6,1093,1050
ca_mau,severe,TwinGate+T2+centre,7,240.0,awd,0.02,2024,2160,175,0,6.2412,240.0,14,42,12,28,3,60.0,76,1839,1.6667,6,1,4,1053,1012
ca_mau,severe,TwinGate+T2+centre,8,240.0,awd,0.02,2024,2160,195,0,8.259,240.0,13,34,12,21,2,40.0,77,1831,0.9623,7,0,6,1043,991
ca_mau,severe,TwinGate+T2+centre,9,240.0,awd,0.02,2024,2160,191,0,6.7278,240.0,13,27,12,14,2,40.0,77,1804,1.2171,7,0,6,1043,1015
ca_mau,severe,TwinGate+T2,0,240.0,mid,0.05,2024,2160,0,0,0.0,240.0,13,25,12,12,1,20.0,77,1861,0.9622,12,0,11,1274,1304
ca_mau,severe,TwinGate+T2,1,240.0,mid,0.05,2024,2160,0,0,0.0,240.0,14,39,12,25,1,20.0,76,1864,0.8607,12,1,10,1318,1324
ca_mau,severe,TwinGate+T2,2,240.0,mid,0.05,2024,2160,0,0,0.0,240.0,11,37,12,26,3,60.0,79,1857,1.3608,11,0,10,1312,1291
ca_mau,severe,TwinGate+T2,3,240.0,mid,0.05,2024,2160,0,0,0.0,240.0,18,55,12,37,4,80.0,72,1824,1.8257,11,3,7,1352,1385
ca_mau,severe,TwinGate+T2,4,240.0,mid,0.05,2024,2160,0,0,0.0,240.0,16,46,12,30,2,40.0,74,1831,1.4272,12,1,10,1345,1343
ca_mau,severe,TwinGate+T2,5,240.0,mid,0.05,2024,2160,22,0,0.0993,240.0,11,30,12,19,4,80.0,79,1826,1.4905,11,1,9,1275,1226
ca_mau,severe,TwinGate+T2,6,240.0,mid,0.05,2024,2160,36,0,0.7475,240.0,12,31,12,19,2,40.0,78,1835,1.1386,11,2,8,1332,1321
ca_mau,severe,TwinGate+T2,7,240.0,mid,0.05,2024,2160,0,0,0.0,240.0,16,50,12,34,3,60.0,74,1839,1.6666,11,4,6,1380,1373
ca_mau,severe,TwinGate+T2,8,240.0,mid,0.05,2024,2160,0,0,0.0,240.0,13,32,12,19,2,40.0,77,1831,1.2171,12,1,10,1313,1351
ca_mau,severe,TwinGate+T2,9,240.0,mid,0.05,2024,2160,0,0,0.0,240.0,13,30,12,17,2,40.0,77,1804,0.9623,12,1,10,1310,1353
ca_mau,severe,TwinGate+blindARQ,0,240.0,mid,0.05,2024,2160,23,0,0.1172,240.0,10,32,12,22,2,40.0,80,1861,1.6101,11,0,10,1286,1254
ca_mau,severe,TwinGate+blindARQ,1,240.0,mid,0.05,2024,2160,0,0,0.0,240.0,11,38,12,27,1,20.0,79,1864,1.2172,12,0,11,1327,1377
ca_mau,severe,TwinGate+blindARQ,2,240.0,mid,0.05,2024,2160,481,0,43.6422,240.0,5,32,12,27,7,140.0,85,1857,1.4272,6,0,5,1431,1294
ca_mau,severe,TwinGate+blindARQ,3,240.0,mid,0.05,2024,2160,239,0,11.9968,240.0,7,33,12,26,5,100.0,83,1824,1.3608,8,0,7,1240,1195
ca_mau,severe,TwinGate+blindARQ,4,240.0,mid,0.05,2024,2160,31,0,0.5997,240.0,9,27,12,18,3,60.0,81,1831,1.0541,10,0,9,1197,1193
ca_mau,severe,TwinGate+blindARQ,5,240.0,mid,0.05,2024,2160,127,0,3.6233,240.0,7,38,12,31,5,100.0,83,1826,1.8257,8,0,7,1198,1119
ca_mau,severe,TwinGate+blindARQ,6,240.0,mid,0.05,2024,2160,358,0,26.3435,240.0,6,50,12,44,6,120.0,84,1835,2.1664,7,0,6,1338,1237
ca_mau,severe,TwinGate+blindARQ,7,240.0,mid,0.05,2024,2160,53,0,0.8242,240.0,8,37,12,29,4,80.0,82,1839,1.7746,9,0,8,1198,1178
ca_mau,severe,TwinGate+blindARQ,8,240.0,mid,0.05,2024,2160,0,0,0.0,240.0,10,40,12,30,2,40.0,80,1831,2.3245,11,0,10,1310,1312
ca_mau,severe,TwinGate+blindARQ,9,240.0,mid,0.05,2024,2160,0,0,0.0,240.0,10,46,12,36,2,40.0,80,1804,2.1999,11,0,10,1282,1314
ca_mau,severe,Reactive+T2,0,240.0,mid,0.05,2024,2160,480,0,43.2358,240.0,7,16,4,9,0,0.0,0,1861,1.8732,3,0,2,1267,1101
ca_mau,severe,Reactive+T2,1,240.0,mid,0.05,2024,2160,521,0,47.1809,240.0,5,12,4,7,1,60.0,0,1864,0.8309,2,0,1,1267,1081
ca_mau,severe,Reactive+T2,2,240.0,mid,0.05,2024,2160,697,0,69.4324,240.0,3,8,4,5,1,60.0,0,1857,0.8622,1,0,0,1472,1255
ca_mau,severe,Reactive+T2,3,240.0,mid,0.05,2024,2160,555,0,51.8186,240.0,9,31,4,22,2,120.0,0,1824,3.1003,3,1,1,1425,1211
ca_mau,severe,Reactive+T2,4,240.0,mid,0.05,2024,2160,521,0,47.1809,240.0,5,13,4,8,0,0.0,0,1831,1.1975,2,0,1,1271,1098
ca_mau,severe,Reactive+T2,5,240.0,mid,0.05,2024,2160,530,0,49.288,240.0,4,11,4,7,0,0.0,0,1826,0.8626,2,0,1,1272,1098
ca_mau,severe,Reactive+T2,6,240.0,mid,0.05,2024,2160,671,0,65.102,240.0,5,17,4,12,1,60.0,0,1835,1.9701,2,0,1,1446,1257
ca_mau,severe,Reactive+T2,7,240.0,mid,0.05,2024,2160,678,0,67.2256,240.0,4,13,4,9,1,60.0,0,1839,1.5106,2,0,1,1449,1257
ca_mau,severe,Reactive+T2,8,240.0,mid,0.05,2024,2160,480,0,43.2322,240.0,7,19,4,12,0,0.0,0,1831,2.4851,3,0,2,1269,1104
ca_mau,severe,Reactive+T2,9,240.0,mid,0.05,2024,2160,530,0,49.288,240.0,4,11,4,7,0,0.0,0,1804,0.0,2,0,1,1272,1099
ca_mau,severe,Reactive+blindARQ,0,240.0,mid,0.05,2024,2160,502,0,45.5948,240.0,4,34,4,30,0,0.0,0,1861,4.4937,3,0,2,1250,1081
ca_mau,severe,Reactive+blindARQ,1,240.0,mid,0.05,2024,2160,697,0,69.4223,240.0,3,16,4,13,1,60.0,0,1864,2.2251,1,0,0,1472,1263
ca_mau,severe,Reactive+blindARQ,2,240.0,mid,0.05,2024,2160,889,0,84.9648,240.0,2,9,4,7,2,120.0,0,1857,0.8622,1,0,0,1647,1410
ca_mau,severe,Reactive+blindARQ,3,240.0,mid,0.05,2024,2160,889,0,84.9648,240.0,2,16,4,14,2,120.0,0,1824,2.0468,1,0,0,1647,1417
ca_mau,severe,Reactive+blindARQ,4,240.0,mid,0.05,2024,2160,697,0,69.4324,240.0,3,12,4,9,1,60.0,0,1831,1.1973,1,0,0,1472,1260
ca_mau,severe,Reactive+blindARQ,5,240.0,mid,0.05,2024,2160,697,0,69.4134,240.0,3,15,4,12,1,60.0,0,1826,0.8626,1,0,0,1472,1256
ca_mau,severe,Reactive+blindARQ,6,240.0,mid,0.05,2024,2160,1081,0,104.1557,240.0,1,11,4,10,3,180.0,0,1835,1.175,1,0,0,1811,1528
ca_mau,severe,Reactive+blindARQ,7,240.0,mid,0.05,2024,2160,889,0,84.6762,240.0,2,13,4,11,2,120.0,0,1839,0.8306,1,0,0,1646,1410
ca_mau,severe,Reactive+blindARQ,8,240.0,mid,0.05,2024,2160,526,0,47.9493,240.0,4,34,4,30,0,0.0,0,1831,4.2393,2,0,1,1265,1080
ca_mau,severe,Reactive+blindARQ,9,240.0,mid,0.05,2024,2160,697,0,69.4324,240.0,3,10,4,7,1,60.0,0,1804,0.0,1,0,0,1472,1259
ca_mau,severe,FixedSchedule,0,240.0,mid,0.05,2024,2160,863,0,82.17,240.0,4,10,4,6,0,0.0,0,1861,0.0035,1,0,0,1621,1340
ca_mau,severe,FixedSchedule,1,240.0,mid,0.05,2024,2160,982,0,94.6111,240.0,3,15,4,12,1,60.0,0,1864,0.9147,1,0,0,1737,1440
ca_mau,severe,FixedSchedule,2,240.0,mid,0.05,2024,2160,1107,0,108.2795,240.0,2,20,4,18,2,120.0,0,1857,1.4465,1,0,0,1839,1558
ca_mau,severe,FixedSchedule,3,240.0,mid,0.05,2024,2160,1128,0,110.6002,240.0,2,14,4,12,2,120.0,0,1824,1.018,1,0,0,1861,1579
ca_mau,severe,FixedSchedule,4,240.0,mid,0.05,2024,2160,996,0,95.0923,240.0,3,15,4,12,1,60.0,0,1831,1.2938,1,0,0,1738,1441
ca_mau,severe,FixedSchedule,5,240.0,mid,0.05,2024,2160,997,0,95.1471,240.0,3,14,4,11,1,60.0,0,1826,1.0119,1,0,0,1739,1441
ca_mau,severe,FixedSchedule,6,240.0,mid,0.05,2024,2160,1227,0,124.7148,240.0,1,8,4,7,3,180.0,0,1835,0.0027,1,0,0,1978,1680
ca_mau,severe,FixedSchedule,7,240.0,mid,0.05,2024,2160,1128,0,110.9091,240.0,2,18,4,16,2,120.0,0,1839,0.5318,1,0,0,1862,1581
ca_mau,severe,FixedSchedule,8,240.0,mid,0.05,2024,2160,863,0,82.17,240.0,4,14,4,10,0,0.0,0,1831,0.005,1,0,0,1621,1340
ca_mau,severe,FixedSchedule,9,240.0,mid,0.05,2024,2160,997,0,95.1526,240.0,3,15,4,12,1,60.0,0,1804,0.5485,1,0,0,1739,1441
ca_mau,severe,Oracle,0,240.0,mid,0.05,2024,2160,0,0,0.0,200.0,10,31,10,21,0,0.0,0,1861,1.291,10,10,0,1281,1501
ca_mau,severe,Oracle,1,240.0,mid,0.05,2024,2160,0,0,0.0,200.0,10,29,10,19,0,0.0,0,1864,0.8607,10,10,0,1280,1503
ca_mau,severe,Oracle,2,240.0,mid,0.05,2024,2160,7,0,0.0076,200.0,10,50,10,40,1,20.0,0,1857,3.0567,10,10,0,1273,1501
ca_mau,severe,Oracle,3,240.0,mid,0.05,2024,2160,0,0,0.0,200.0,10,37,10,27,0,0.0,0,1824,1.6102,10,10,0,1288,1500
ca_mau,severe,Oracle,4,240.0,mid,0.05,2024,2160,0,0,0.0,200.0,10,23,10,13,1,20.0,0,1831,1.4272,10,10,0,1273,1500
ca_mau,severe,Oracle,5,240.0,mid,0.05,2024,2160,0,0,0.0,200.0,10,27,10,17,3,60.0,0,1826,1.3608,10,10,0,1278,1503
ca_mau,severe,Oracle,6,240.0,mid,0.05,2024,2160,0,0,0.0,200.0,10,29,10,19,2,40.0,0,1835,1.4272,10,10,0,1280,1500
ca_mau,severe,Oracle,7,240.0,mid,0.05,2024,2160,0,0,0.0,200.0,10,30,10,20,0,0.0,0,1839,1.217,10,10,0,1281,1500
ca_mau,severe,Oracle,8,240.0,mid,0.05,2024,2160,0,0,0.0,200.0,10,35,10,25,0,0.0,0,1831,1.2172,10,10,0,1287,1500
ca_mau,severe,Oracle,9,240.0,mid,0.05,2024,2160,0,0,0.0,200.0,10,16,10,6,1,20.0,0,1804,0.7453,10,10,0,1268,1500
ca_mau,severe,TwinGate+T2+centre,0,240.0,mid,0.05,2024,2160,173,0,6.1344,240.0,17,47,12,30,1,20.0,73,1861,1.4907,8,0,7,1059,1046
ca_mau,severe,TwinGate+T2+centre,1,240.0,mid,0.05,2024,2160,171,0,5.8559,240.0,15,41,12,26,1,20.0,75,1864,0.9623,10,0,9,1085,1087
ca_mau,severe,TwinGate+T2+centre,2,240.0,mid,0.05,2024,2160,362,0,28.1403,240.0,8,24,12,16,5,100.0,82,1857,1.1406,6,0,5,1147,1053
ca_mau,severe,TwinGate+T2+centre,3,240.0,mid,0.05,2024,2160,99,0,1.7399,240.0,17,58,12,41,4,80.0,73,1824,1.7814,9,1,7,1132,1070
ca_mau,severe,TwinGate+T2+centre,4,240.0,mid,0.05,2024,2160,195,0,8.0976,240.0,13,30,12,17,2,40.0,77,1831,1.2906,7,0,6,1037,1015
ca_mau,severe,TwinGate+T2+centre,5,240.0,mid,0.05,2024,2160,217,0,9.9954,240.0,9,19,12,10,4,80.0,81,1826,0.9623,6,0,5,1008,951
ca_mau,severe,TwinGate+T2+centre,6,240.0,mid,0.05,2024,2160,287,0,17.6811,240.0,12,34,12,22,4,80.0,78,1835,1.4907,7,0,6,1093,1050
ca_mau,severe,TwinGate+T2+centre,7,240.0,mid,0.05,2024,2160,175,0,6.2412,240.0,14,42,12,28,3,60.0,76,1839,1.6667,6,1,4,1053,1012
ca_mau,severe,TwinGate+T2+centre,8,240.0,mid,0.05,2024,2160,195,0,8.259,240.0,13,34,12,21,2,40.0,77,1831,0.9623,7,0,6,1043,991
ca_mau,severe,TwinGate+T2+centre,9,240.0,mid,0.05,2024,2160,191,0,6.7278,240.0,13,27,12,14,2,40.0,77,1804,1.2171,7,0,6,1043,1015
ca_mau,severe,TwinGate+T2,0,240.0,narrow,0.1,2024,2160,36,0,0.729,240.0,16,40,12,24,2,40.0,74,1861,1.1385,12,1,10,1181,1219
ca_mau,severe,TwinGate+T2,1,240.0,narrow,0.1,2024,2160,116,0,3.7296,240.0,18,53,11,35,0,0.0,72,1864,1.3608,12,2,9,1281,1226
ca_mau,severe,TwinGate+T2,2,240.0,narrow,0.1,2024,2160,246,0,13.9428,240.0,12,38,12,26,5,100.0,78,1857,1.495,9,1,7,1303,1242
ca_mau,severe,TwinGate+T2,3,240.0,narrow,0.1,2024,2160,86,0,3.3156,240.0,13,40,11,27,3,60.0,77,1824,1.4907,10,1,8,1194,1185
ca_mau,severe,TwinGate+T2,4,240.0,narrow,0.1,2024,2160,143,0,3.9482,240.0,9,20,12,11,3,60.0,81,1831,0.9623,10,0,9,1133,1111
ca_mau,severe,TwinGate+T2,5,240.0,narrow,0.1,2024,2160,141,0,3.7786,240.0,10,28,12,18,3,60.0,80,1826,1.3695,10,0,9,1144,1082
ca_mau,severe,TwinGate+T2,6,240.0,narrow,0.1,2024,2160,124,0,3.085,240.0,11,30,12,19,4,80.0,79,1835,1.2172,11,0,10,1151,1136
ca_mau,severe,TwinGate+T2,7,240.0,narrow,0.1,2024,2160,29,0,0.5287,240.0,16,56,12,40,2,40.0,74,1839,1.6667,11,1,9,1226,1197
ca_mau,severe,TwinGate+T2,8,240.0,narrow,0.1,2024,2160,0,0,0.0,240.0,21,59,12,38,1,20.0,69,1831,1.8257,13,1,11,1288,1307
ca_mau,severe,TwinGate+T2,9,240.0,narrow,0.1,2024,2160,80,0,1.3429,240.0,13,28,12,15,1,20.0,77,1804,1.1386,12,0,11,1174,1196
ca_mau,severe,TwinGate+blindARQ,0,240.0,narrow,0.1,2024,2160,123,0,2.8563,240.0,10,58,12,48,2,40.0,80,1861,2.5357,11,0,10,1163,1168
ca_mau,severe,TwinGate+blindARQ,1,240.0,narrow,0.1,2024,2160,121,0,2.5439,240.0,11,40,12,29,1,20.0,79,1864,1.1386,12,0,11,1190,1189
ca_mau,severe,TwinGate+blindARQ,2,240.0,narrow,0.1,2024,2160,528,0,48.3562,240.0,5,39,12,34,7,140.0,85,1857,1.081,6,0,5,1395,1228
ca_mau,severe,TwinGate+blindARQ,3,240.0,narrow,0.1,2024,2160,290,0,18.9316,240.0,7,41,12,34,5,100.0,83,1824,1.8957,8,0,7,1206,1085
ca_mau,severe,TwinGate+blindARQ,4,240.0,narrow,0.1,2024,2160,143,0,3.9482,240.0,9,20,12,11,3,60.0,81,1831,0.9623,10,0,9,1133,1111
ca_mau,severe,TwinGate+blindARQ,5,240.0,narrow,0.1,2024,2160,238,0,11.4141,240.0,7,18,12,11,5,100.0,83,1826,1.0766,8,0,7,1151,1053
ca_mau,severe,TwinGate+blindARQ,6,240.0,narrow,0.1,2024,2160,409,0,34.6404,240.0,6,44,12,38,6,120.0,84,1835,2.0455,7,0,6,1326,1236
ca_mau,severe,TwinGate+blindARQ,7,240.0,narrow,0.1,2024,2160,171,0,5.9221,240.0,8,30,12,22,4,80.0,82,1839,1.6105,9,0,8,1086,1026
ca_mau,severe,TwinGate+blindARQ,8,240.0,narrow,0.1,2024,2160,151,0,4.5723,240.0,10,40,12,30,2,40.0,80,1831,1.5516,11,0,10,1118,1113
ca_mau,severe,TwinGate+blindARQ,9,240.0,narrow,0.1,2024,2160,124,0,3.0888,240.0,10,47,12,37,2,40.0,80,1804,2.3965,11,0,10,1173,1156
ca_mau,severe,Reactive+T2,0,240.0,narrow,0.1,2024,2160,480,0,43.2358,240.0,7,16,4,9,0,0.0,0,1861,1.8732,3,0,2,1267,1101
ca_mau,severe,Reactive+T2,1,240.0,narrow,0.1,2024,2160,521,0,47.1809,240.0,5,12,4,7,1,60.0,0,1864,0.8309,2,0,1,1267,1081
ca_mau,severe,Reactive+T2,2,240.0,narrow,0.1,2024,2160,697,0,69.4324,240.0,3,8,4,5,1,60.0,0,1857,0.8622,1,0,0,1472,1255
ca_mau,severe,Reactive+T2,3,240.0,narrow,0.1,2024,2160,555,0,51.8186,240.0,9,31,4,22,2,120.0,0,1824,3.1003,3,1,1,1425,1211
ca_mau,severe,Reactive+T2,4,240.0,narrow,0.1,2024,2160,521,0,47.1809,240.0,5,13,4,8,0,0.0,0,1831,1.1975,2,0,1,1271,1098
ca_mau,severe,Reactive+T2,5,240.0,narrow,0.1,2024,2160,530,0,49.288,240.0,4,11,4,7,0,0.0,0,1826,0.8626,2,0,1,1272,1098
ca_mau,severe,Reactive+T2,6,240.0,narrow,0.1,2024,2160,671,0,65.102,240.0,5,17,4,12,1,60.0,0,1835,1.9701,2,0,1,1446,1257
ca_mau,severe,Reactive+T2,7,240.0,narrow,0.1,2024,2160,678,0,67.2256,240.0,4,13,4,9,1,60.0,0,1839,1.5106,2,0,1,1449,1257
ca_mau,severe,Reactive+T2,8,240.0,narrow,0.1,2024,2160,480,0,43.2322,240.0,7,19,4,12,0,0.0,0,1831,2.4851,3,0,2,1269,1104
ca_mau,severe,Reactive+T2,9,240.0,narrow,0.1,2024,2160,530,0,49.288,240.0,4,11,4,7,0,0.0,0,1804,0.0,2,0,1,1272,1099
ca_mau,severe,Reactive+blindARQ,0,240.0,narrow,0.1,2024,2160,502,0,45.5948,240.0,4,34,4,30,0,0.0,0,1861,4.4937,3,0,2,1250,1081
ca_mau,severe,Reactive+blindARQ,1,240.0,narrow,0.1,2024,2160,697,0,69.4223,240.0,3,16,4,13,1,60.0,0,1864,2.2251,1,0,0,1472,1263
ca_mau,severe,Reactive+blindARQ,2,240.0,narrow,0.1,2024,2160,889,0,84.9648,240.0,2,9,4,7,2,120.0,0,1857,0.8622,1,0,0,1647,1410
ca_mau,severe,Reactive+blindARQ,3,240.0,narrow,0.1,2024,2160,889,0,84.9648,240.0,2,16,4,14,2,120.0,0,1824,2.0468,1,0,0,1647,1417
ca_mau,severe,Reactive+blindARQ,4,240.0,narrow,0.1,2024,2160,697,0,69.4324,240.0,3,12,4,9,1,60.0,0,1831,1.1973,1,0,0,1472,1260
ca_mau,severe,Reactive+blindARQ,5,240.0,narrow,0.1,2024,2160,697,0,69.4134,240.0,3,15,4,12,1,60.0,0,1826,0.8626,1,0,0,1472,1256
ca_mau,severe,Reactive+blindARQ,6,240.0,narrow,0.1,2024,2160,1081,0,104.1557,240.0,1,11,4,10,3,180.0,0,1835,1.175,1,0,0,1811,1528
ca_mau,severe,Reactive+blindARQ,7,240.0,narrow,0.1,2024,2160,889,0,84.6762,240.0,2,13,4,11,2,120.0,0,1839,0.8306,1,0,0,1646,1410
ca_mau,severe,Reactive+blindARQ,8,240.0,narrow,0.1,2024,2160,526,0,47.9493,240.0,4,34,4,30,0,0.0,0,1831,4.2393,2,0,1,1265,1080
ca_mau,severe,Reactive+blindARQ,9,240.0,narrow,0.1,2024,2160,697,0,69.4324,240.0,3,10,4,7,1,60.0,0,1804,0.0,1,0,0,1472,1259
ca_mau,severe,FixedSchedule,0,240.0,narrow,0.1,2024,2160,863,0,82.17,240.0,4,10,4,6,0,0.0,0,1861,0.0035,1,0,0,1621,1340
ca_mau,severe,FixedSchedule,1,240.0,narrow,0.1,2024,2160,982,0,94.6111,240.0,3,15,4,12,1,60.0,0,1864,0.9147,1,0,0,1737,1440
ca_mau,severe,FixedSchedule,2,240.0,narrow,0.1,2024,2160,1107,0,108.2795,240.0,2,20,4,18,2,120.0,0,1857,1.4465,1,0,0,1839,1558
ca_mau,severe,FixedSchedule,3,240.0,narrow,0.1,2024,2160,1128,0,110.6002,240.0,2,14,4,12,2,120.0,0,1824,1.018,1,0,0,1861,1579
ca_mau,severe,FixedSchedule,4,240.0,narrow,0.1,2024,2160,996,0,95.0923,240.0,3,15,4,12,1,60.0,0,1831,1.2938,1,0,0,1738,1441
ca_mau,severe,FixedSchedule,5,240.0,narrow,0.1,2024,2160,997,0,95.1471,240.0,3,14,4,11,1,60.0,0,1826,1.0119,1,0,0,1739,1441
ca_mau,severe,FixedSchedule,6,240.0,narrow,0.1,2024,2160,1227,0,124.7148,240.0,1,8,4,7,3,180.0,0,1835,0.0027,1,0,0,1978,1680
ca_mau,severe,FixedSchedule,7,240.0,narrow,0.1,2024,2160,1128,0,110.9091,240.0,2,18,4,16,2,120.0,0,1839,0.5318,1,0,0,1862,1581
ca_mau,severe,FixedSchedule,8,240.0,narrow,0.1,2024,2160,863,0,82.17,240.0,4,14,4,10,0,0.0,0,1831,0.005,1,0,0,1621,1340
ca_mau,severe,FixedSchedule,9,240.0,narrow,0.1,2024,2160,997,0,95.1526,240.0,3,15,4,12,1,60.0,0,1804,0.5485,1,0,0,1739,1441
ca_mau,severe,Oracle,0,240.0,narrow,0.1,2024,2160,0,0,0.0,200.0,10,31,10,21,0,0.0,0,1861,1.291,10,10,0,1281,1501
ca_mau,severe,Oracle,1,240.0,narrow,0.1,2024,2160,0,0,0.0,200.0,10,29,10,19,0,0.0,0,1864,0.8607,10,10,0,1280,1503
ca_mau,severe,Oracle,2,240.0,narrow,0.1,2024,2160,7,0,0.0076,200.0,10,50,10,40,1,20.0,0,1857,3.0567,10,10,0,1273,1501
ca_mau,severe,Oracle,3,240.0,narrow,0.1,2024,2160,0,0,0.0,200.0,10,37,10,27,0,0.0,0,1824,1.6102,10,10,0,1288,1500
ca_mau,severe,Oracle,4,240.0,narrow,0.1,2024,2160,0,0,0.0,200.0,10,23,10,13,1,20.0,0,1831,1.4272,10,10,0,1273,1500
ca_mau,severe,Oracle,5,240.0,narrow,0.1,2024,2160,0,0,0.0,200.0,10,27,10,17,3,60.0,0,1826,1.3608,10,10,0,1278,1503
ca_mau,severe,Oracle,6,240.0,narrow,0.1,2024,2160,0,0,0.0,200.0,10,29,10,19,2,40.0,0,1835,1.4272,10,10,0,1280,1500
ca_mau,severe,Oracle,7,240.0,narrow,0.1,2024,2160,0,0,0.0,200.0,10,30,10,20,0,0.0,0,1839,1.217,10,10,0,1281,1500
ca_mau,severe,Oracle,8,240.0,narrow,0.1,2024,2160,0,0,0.0,200.0,10,35,10,25,0,0.0,0,1831,1.2172,10,10,0,1287,1500
ca_mau,severe,Oracle,9,240.0,narrow,0.1,2024,2160,0,0,0.0,200.0,10,16,10,6,1,20.0,0,1804,0.7453,10,10,0,1268,1500
ca_mau,severe,TwinGate+T2+centre,0,240.0,narrow,0.1,2024,2160,36,0,0.729,240.0,16,40,12,24,2,40.0,74,1861,1.1385,12,1,10,1181,1219
ca_mau,severe,TwinGate+T2+centre,1,240.0,narrow,0.1,2024,2160,116,0,3.7296,240.0,18,53,11,35,0,0.0,72,1864,1.3608,12,2,9,1281,1226
ca_mau,severe,TwinGate+T2+centre,2,240.0,narrow,0.1,2024,2160,246,0,13.9428,240.0,12,38,12,26,5,100.0,78,1857,1.495,9,1,7,1303,1242
ca_mau,severe,TwinGate+T2+centre,3,240.0,narrow,0.1,2024,2160,86,0,3.3156,240.0,13,40,11,27,3,60.0,77,1824,1.4907,10,1,8,1194,1185
ca_mau,severe,TwinGate+T2+centre,4,240.0,narrow,0.1,2024,2160,143,0,3.9482,240.0,9,20,12,11,3,60.0,81,1831,0.9623,10,0,9,1133,1111
ca_mau,severe,TwinGate+T2+centre,5,240.0,narrow,0.1,2024,2160,141,0,3.7786,240.0,10,28,12,18,3,60.0,80,1826,1.3695,10,0,9,1144,1082
ca_mau,severe,TwinGate+T2+centre,6,240.0,narrow,0.1,2024,2160,124,0,3.085,240.0,11,30,12,19,4,80.0,79,1835,1.2172,11,0,10,1151,1136
ca_mau,severe,TwinGate+T2+centre,7,240.0,narrow,0.1,2024,2160,29,0,0.5287,240.0,16,56,12,40,2,40.0,74,1839,1.6667,11,1,9,1226,1197
ca_mau,severe,TwinGate+T2+centre,8,240.0,narrow,0.1,2024,2160,0,0,0.0,240.0,21,59,12,38,1,20.0,69,1831,1.8257,13,1,11,1288,1307
ca_mau,severe,TwinGate+T2+centre,9,240.0,narrow,0.1,2024,2160,80,0,1.3429,240.0,13,28,12,15,1,20.0,77,1804,1.1386,12,0,11,1174,1196
ca_mau,severe,TwinGate+T2,0,320.0,awd,0.02,2024,2160,0,0,0.0,240.0,11,22,12,11,2,40.0,79,1861,0.7454,11,6,4,1357,1225
ca_mau,severe,TwinGate+T2,1,320.0,awd,0.02,2024,2160,0,0,0.0,240.0,20,58,12,38,1,20.0,70,1864,1.4907,12,6,6,864,1221
ca_mau,severe,TwinGate+T2,2,320.0,awd,0.02,2024,2160,0,0,0.0,260.0,10,32,13,22,6,120.0,80,1857,1.4035,8,8,0,875,1077
ca_mau,severe,TwinGate+T2,3,320.0,awd,0.02,2024,2160,0,0,0.0,260.0,10,29,13,19,5,100.0,80,1824,1.1386,8,6,2,740,977
ca_mau,severe,TwinGate+T2,4,320.0,awd,0.02,2024,2160,16,0,0.2484,260.0,14,35,13,21,2,40.0,76,1831,1.1385,11,5,6,748,1088
ca_mau,severe,TwinGate+T2,5,320.0,awd,0.02,2024,2160,0,0,0.0,260.0,12,38,13,26,4,80.0,78,1826,1.4907,8,5,3,768,1029
ca_mau,severe,TwinGate+T2,6,320.0,awd,0.02,2024,2160,0,0,0.0,240.0,12,41,12,29,3,60.0,78,1835,1.4272,9,6,3,791,1190
ca_mau,severe,TwinGate+T2,7,320.0,awd,0.02,2024,2160,0,0,0.0,260.0,18,59,13,41,2,40.0,72,1839,1.8757,10,6,4,832,1133
ca_mau,severe,TwinGate+T2,8,320.0,awd,0.02,2024,2160,0,0,0.0,240.0,14,31,12,17,2,40.0,76,1831,0.8607,10,6,4,784,1158
ca_mau,severe,TwinGate+T2,9,320.0,awd,0.02,2024,2160,0,0,0.0,260.0,13,29,13,16,2,40.0,77,1804,0.8607,9,7,2,762,1096
ca_mau,severe,TwinGate+blindARQ,0,320.0,awd,0.02,2024,2160,0,0,0.0,280.0,11,24,14,13,3,60.0,79,1861,0.7454,10,6,4,767,1104
ca_mau,severe,TwinGate+blindARQ,1,320.0,awd,0.02,2024,2160,0,0,0.0,320.0,12,44,16,32,4,80.0,78,1864,1.9087,10,6,4,804,1125
ca_mau,severe,TwinGate+blindARQ,2,320.0,awd,0.02,2024,2160,0,0,0.0,300.0,7,37,15,30,8,160.0,83,1857,1.6972,8,7,0,1365,1262
ca_mau,severe,TwinGate+blindARQ,3,320.0,awd,0.02,2024,2160,0,0,0.0,260.0,7,36,13,29,6,120.0,83,1824,1.6102,7,6,1,710,918
ca_mau,severe,TwinGate+blindARQ,4,320.0,awd,0.02,2024,2160,0,0,0.0,260.0,9,72,13,63,4,80.0,81,1831,3.4496,9,6,3,749,1039
ca_mau,severe,TwinGate+blindARQ,5,320.0,awd,0.02,2024,2160,0,0,0.0,280.0,7,61,14,54,7,140.0,83,1826,3.0807,7,6,1,734,937
ca_mau,severe,TwinGate+blindARQ,6,320.0,awd,0.02,2024,2160,0,0,0.0,320.0,7,59,16,52,9,180.0,83,1835,2.1138,7,7,0,757,960
ca_mau,severe,TwinGate+blindARQ,7,320.0,awd,0.02,2024,2160,0,0,0.0,260.0,8,47,13,39,5,100.0,82,1839,2.2527,8,6,2,723,985
ca_mau,severe,TwinGate+blindARQ,8,320.0,awd,0.02,2024,2160,0,0,0.0,260.0,11,48,13,37,2,40.0,79,1831,2.0331,10,6,4,760,1096
ca_mau,severe,TwinGate+blindARQ,9,320.0,awd,0.02,2024,2160,0,0,0.0,260.0,11,31,13,20,2,40.0,79,1804,1.1386,9,6,3,756,1124
ca_mau,severe,Reactive+T2,0,320.0,awd,0.02,2024,2160,243,0,13.4988,320.0,10,22,6,12,0,0.0,0,1861,1.922,4,0,3,1059,931
ca_mau,severe,Reactive+T2,1,320.0,awd,0.02,2024,2160,260,0,14.3175,320.0,8,20,6,12,1,60.0,0,1864,1.2366,4,0,3,1028,892
ca_mau,severe,Reactive+T2,2,320.0,awd,0.02,2024,2160,457,0,40.0047,320.0,5,13,6,8,1,60.0,0,1857,1.2578,2,0,1,1197,1038
ca_mau,severe,Reactive+T2,3,320.0,awd,0.02,2024,2160,317,0,22.9307,320.0,11,34,6,23,2,120.0,0,1824,3.2504,4,1,2,1194,1023
ca_mau,severe,Reactive+T2,4,320.0,awd,0.02,2024,2160,266,0,16.2734,320.0,8,20,6,12,0,0.0,0,1831,1.2724,4,0,3,1049,929
ca_mau,severe,Reactive+T2,5,320.0,awd,0.02,2024,2160,308,0,19.9372,320.0,6,13,6,7,1,20.0,0,1826,1.5822,3,0,2,1039,908
ca_mau,severe,Reactive+T2,6,320.0,awd,0.02,2024,2160,406,0,33.4083,320.0,9,28,6,19,1,60.0,0,1835,2.246,4,0,3,1205,1070
ca_mau,severe,Reactive+T2,7,320.0,awd,0.02,2024,2160,426,0,36.0794,320.0,7,21,6,14,1,60.0,0,1839,1.8104,3,0,2,1195,1042
ca_mau,severe,Reactive+T2,8,320.0,awd,0.02,2024,2160,408,0,34.0595,320.0,8,24,6,16,1,60.0,0,1831,2.4851,3,0,2,1196,1050
ca_mau,severe,Reactive+T2,9,320.0,awd,0.02,2024,2160,308,0,19.9299,320.0,6,15,6,9,0,0.0,0,1804,0.0,3,0,2,1039,911
ca_mau,severe,Reactive+blindARQ,0,320.0,awd,0.02,2024,2160,268,0,16.8992,320.0,6,49,6,43,0,0.0,0,1861,4.7146,4,0,3,1027,902
ca_mau,severe,Reactive+blindARQ,1,320.0,awd,0.02,2024,2160,457,0,40.0059,320.0,5,19,6,14,1,60.0,0,1864,2.2251,2,0,1,1198,1044
ca_mau,severe,Reactive+blindARQ,2,320.0,awd,0.02,2024,2160,626,0,60.3006,320.0,4,12,6,8,3,140.0,0,1857,1.3127,2,0,1,1364,1193
ca_mau,severe,Reactive+blindARQ,3,320.0,awd,0.02,2024,2160,626,0,60.3006,320.0,4,19,6,15,3,140.0,0,1824,2.4421,2,0,1,1364,1200
ca_mau,severe,Reactive+blindARQ,4,320.0,awd,0.02,2024,2160,457,0,40.0057,320.0,5,15,6,10,1,60.0,0,1831,1.1973,2,0,1,1197,1041
ca_mau,severe,Reactive+blindARQ,5,320.0,awd,0.02,2024,2160,457,0,40.0059,320.0,5,18,6,13,2,80.0,0,1826,1.3971,2,0,1,1198,1037
ca_mau,severe,Reactive+blindARQ,6,320.0,awd,0.02,2024,2160,764,0,77.2015,320.0,3,24,6,21,3,180.0,0,1835,1.7455,1,0,0,1551,1343
ca_mau,severe,Reactive+blindARQ,7,320.0,awd,0.02,2024,2160,626,0,60.2634,320.0,4,21,6,17,2,120.0,0,1839,1.7901,2,0,1,1364,1198
ca_mau,severe,Reactive+blindARQ,8,320.0,awd,0.02,2024,2160,433,0,37.8439,320.0,5,48,6,43,1,60.0,0,1831,4.3899,3,0,2,1196,1035
ca_mau,severe,Reactive+blindARQ,9,320.0,awd,0.02,2024,2160,457,0,40.0044,320.0,5,15,6,10,1,60.0,0,1804,0.0,2,0,1,1198,1042
ca_mau,severe,FixedSchedule,0,320.0,awd,0.02,2024,2160,649,0,62.8398,320.0,6,16,6,10,0,0.0,0,1861,5.7037,2,0,1,1395,1145
ca_mau,severe,FixedSchedule,1,320.0,awd,0.02,2024,2160,744,0,75.2485,320.0,5,21,6,16,1,60.0,0,1864,0.9147,1,0,0,1535,1280
ca_mau,severe,FixedSchedule,2,320.0,awd,0.02,2024,2160,914,0,86.9899,320.0,4,22,6,18,3,140.0,0,1857,11.1953,1,0,0,1669,1371
ca_mau,severe,FixedSchedule,3,320.0,awd,0.02,2024,2160,891,0,85.6753,320.0,4,20,6,16,3,140.0,0,1824,4.2946,1,0,0,1664,1380
ca_mau,severe,FixedSchedule,4,320.0,awd,0.02,2024,2160,744,0,75.2511,320.0,5,19,6,14,1,60.0,0,1831,1.2938,1,0,0,1536,1277
ca_mau,severe,FixedSchedule,5,320.0,awd,0.02,2024,2160,767,0,78.3186,320.0,5,16,6,11,2,80.0,0,1826,10.3296,1,0,0,1571,1287
ca_mau,severe,FixedSchedule,6,320.0,awd,0.02,2024,2160,1044,0,99.7707,320.0,3,13,6,10,3,180.0,0,1835,4.1309,1,0,0,1782,1519
ca_mau,severe,FixedSchedule,7,320.0,awd,0.02,2024,2160,891,0,85.6038,320.0,4,28,6,24,2,120.0,0,1839,4.4134,1,0,0,1664,1380
ca_mau,severe,FixedSchedule,8,320.0,awd,0.02,2024,2160,744,0,75.1157,320.0,5,30,6,25,1,60.0,0,1831,6.6659,1,0,0,1528,1288
ca_mau,severe,FixedSchedule,9,320.0,awd,0.02,2024,2160,744,0,75.2511,320.0,5,18,6,13,1,60.0,0,1804,0.5485,1,0,0,1536,1277
ca_mau,severe,Oracle,0,320.0,awd,0.02,2024,2160,0,0,0.0,260.0,10,28,10,18,1,20.0,0,1861,1.4907,10,5,5,771,1018
ca_mau,severe,Oracle,1,320.0,awd,0.02,2024,2160,0,0,0.0,260.0,10,33,10,23,0,0.0,0,1864,2.1047,10,6,4,777,1035
ca_mau,severe,Oracle,2,320.0,awd,0.02,2024,2160,0,0,0.0,260.0,10,26,10,16,1,40.0,0,1857,2.0184,10,6,4,770,1022
ca_mau,severe,Oracle,3,320.0,awd,0.02,2024,2160,0,0,0.0,260.0,10,42,10,32,0,0.0,0,1824,2.0184,10,6,4,786,1027
ca_mau,severe,Oracle,4,320.0,awd,0.02,2024,2160,0,0,0.0,260.0,10,25,10,15,1,40.0,0,1831,1.6101,10,6,4,768,1019
ca_mau,severe,Oracle,5,320.0,awd,0.02,2024,2160,0,0,0.0,260.0,10,21,10,11,3,100.0,0,1826,2.1136,10,6,4,766,1024
ca_mau,severe,Oracle,6,320.0,awd,0.02,2024,2160,0,0,0.0,260.0,10,33,10,23,2,40.0,0,1835,2.1997,10,6,4,777,1029
ca_mau,severe,Oracle,7,320.0,awd,0.02,2024,2160,0,0,0.0,260.0,10,43,10,33,1,40.0,0,1839,3.4265,9,6,3,734,1016
ca_mau,severe,Oracle,8,320.0,awd,0.02,2024,2160,0,0,0.0,260.0,10,29,10,19,0,0.0,0,1831,1.4272,10,6,4,774,1025
ca_mau,severe,Oracle,9,320.0,awd,0.02,2024,2160,0,0,0.0,260.0,10,23,10,13,1,20.0,0,1804,2.2775,10,6,4,765,1027
ca_mau,severe,TwinGate+T2+centre,0,320.0,awd,0.02,2024,2160,0,0,0.0,320.0,22,61,16,39,2,40.0,68,1861,1.6667,10,0,10,192,584
ca_mau,severe,TwinGate+T2+centre,1,320.0,awd,0.02,2024,2160,0,0,0.0,320.0,19,57,16,38,3,60.0,71,1864,1.359,11,0,10,883,862
ca_mau,severe,TwinGate+T2+centre,2,320.0,awd,0.02,2024,2160,0,0,0.0,320.0,11,33,16,22,6,120.0,79,1857,1.2191,8,0,7,840,809
ca_mau,severe,TwinGate+T2+centre,3,320.0,awd,0.02,2024,2160,0,0,0.0,300.0,18,65,15,47,6,120.0,72,1824,1.8327,9,1,8,294,626
ca_mau,severe,TwinGate+T2+centre,4,320.0,awd,0.02,2024,2160,0,0,0.0,320.0,17,42,16,25,4,80.0,73,1831,1.6098,8,0,8,158,526
ca_mau,severe,TwinGate+T2+centre,5,320.0,awd,0.02,2024,2160,0,0,0.0,320.0,12,31,16,19,6,120.0,78,1826,1.0546,8,0,7,859,838
ca_mau,severe,TwinGate+T2+centre,6,320.0,awd,0.02,2024,2160,0,0,0.0,320.0,14,41,16,27,7,140.0,76,1835,1.8247,7,0,6,868,838
ca_mau,severe,TwinGate+T2+centre,7,320.0,awd,0.02,2024,2160,0,0,0.0,320.0,16,46,16,30,5,100.0,74,1839,1.8757,5,1,4,152,450
ca_mau,severe,TwinGate+T2+centre,8,320.0,awd,0.02,2024,2160,0,0,0.0,320.0,17,41,16,24,2,40.0,73,1831,1.0541,8,0,8,138,495
ca_mau,severe,TwinGate+T2+centre,9,320.0,awd,0.02,2024,2160,0,0,0.0,320.0,17,39,16,22,3,60.0,73,1804,1.3608,8,0,8,169,520
ca_mau,severe,TwinGate+T2,0,320.0,mid,0.05,2024,2160,0,0,0.0,280.0,15,30,14,15,2,40.0,75,1861,0.9622,13,0,13,572,988
ca_mau,severe,TwinGate+T2,1,320.0,mid,0.05,2024,2160,0,0,0.0,260.0,17,51,13,34,1,20.0,73,1864,1.1386,13,1,11,1282,1266
ca_mau,severe,TwinGate+T2,2,320.0,mid,0.05,2024,2160,0,0,0.0,280.0,12,41,14,29,4,80.0,78,1857,1.4272,11,0,11,571,946
ca_mau,severe,TwinGate+T2,3,320.0,mid,0.05,2024,2160,0,0,0.0,320.0,19,59,16,40,7,140.0,71,1824,1.9245,11,4,7,868,1207
ca_mau,severe,TwinGate+T2,4,320.0,mid,0.05,2024,2160,0,0,0.0,260.0,17,48,13,31,2,40.0,73,1831,1.4272,12,1,11,675,1158
ca_mau,severe,TwinGate+T2,5,320.0,mid,0.05,2024,2160,0,0,0.0,280.0,12,33,14,21,5,100.0,78,1826,1.3725,12,1,10,1185,1149
ca_mau,severe,TwinGate+T2,6,320.0,mid,0.05,2024,2160,0,0,0.0,320.0,13,36,16,23,5,100.0,77,1835,1.4294,11,2,9,538,855
ca_mau,severe,TwinGate+T2,7,320.0,mid,0.05,2024,2160,0,0,0.0,260.0,17,52,13,35,3,60.0,73,1839,1.6666,11,4,7,734,1080
ca_mau,severe,TwinGate+T2,8,320.0,mid,0.05,2024,2160,0,0,0.0,280.0,15,35,14,20,2,40.0,75,1831,1.2171,13,2,11,847,1233
ca_mau,severe,TwinGate+T2,9,320.0,mid,0.05,2024,2160,0,0,0.0,260.0,15,35,13,20,2,40.0,75,1804,1.0541,13,1,11,1250,1281
ca_mau,severe,TwinGate+blindARQ,0,320.0,mid,0.05,2024,2160,0,0,0.0,280.0,11,37,14,26,3,60.0,79,1861,1.7213,12,0,11,1109,1000
ca_mau,severe,TwinGate+blindARQ,1,320.0,mid,0.05,2024,2160,0,0,0.0,320.0,12,58,16,46,4,80.0,78,1864,1.6777,12,0,12,613,1008
ca_mau,severe,TwinGate+blindARQ,2,320.0,mid,0.05,2024,2160,99,0,1.7791,320.0,8,50,16,42,8,160.0,82,1857,2.1501,9,0,8,1196,1119
ca_mau,severe,TwinGate+blindARQ,3,320.0,mid,0.05,2024,2160,0,0,0.0,320.0,8,43,16,35,8,160.0,82,1824,1.6667,9,0,8,987,899
ca_mau,severe,TwinGate+blindARQ,4,320.0,mid,0.05,2024,2160,0,0,0.0,300.0,10,35,15,25,5,100.0,80,1831,1.3173,10,0,10,405,785
ca_mau,severe,TwinGate+blindARQ,5,320.0,mid,0.05,2024,2160,0,0,0.0,320.0,9,44,16,35,7,140.0,81,1826,1.8757,10,0,9,1051,972
ca_mau,severe,TwinGate+blindARQ,6,320.0,mid,0.05,2024,2160,1,0,0.0007,320.0,7,56,16,49,9,180.0,83,1835,2.2502,8,0,7,1105,992
ca_mau,severe,TwinGate+blindARQ,7,320.0,mid,0.05,2024,2160,0,0,0.0,300.0,9,44,15,35,6,120.0,81,1839,1.8261,9,0,9,407,717
ca_mau,severe,TwinGate+blindARQ,8,320.0,mid,0.05,2024,2160,0,0,0.0,280.0,12,43,14,31,2,40.0,78,1831,2.3245,12,0,12,605,992
ca_mau,severe,TwinGate+blindARQ,9,320.0,mid,0.05,2024,2160,0,0,0.0,300.0,12,67,15,55,3,60.0,78,1804,2.9106,12,0,12,580,999
ca_mau,severe,Reactive+T2,0,320.0,mid,0.05,2024,2160,243,0,13.4988,320.0,10,22,6,12,0,0.0,0,1861,1.922,4,0,3,1059,931
ca_mau,severe,Reactive+T2,1,320.0,mid,0.05,2024,2160,260,0,14.3175,320.0,8,20,6,12,1,60.0,0,1864,1.2366,4,0,3,1028,892
ca_mau,severe,Reactive+T2,2,320.0,mid,0.05,2024,2160,457,0,40.0047,320.0,5,13,6,8,1,60.0,0,1857,1.2578,2,0,1,1197,1038
ca_mau,severe,Reactive+T2,3,320.0,mid,0.05,2024,2160,317,0,22.9307,320.0,11,34,6,23,2,120.0,0,1824,3.2504,4,1,2,1194,1023
ca_mau,severe,Reactive+T2,4,320.0,mid,0.05,2024,2160,266,0,16.2734,320.0,8,20,6,12,0,0.0,0,1831,1.2724,4,0,3,1049,929
ca_mau,severe,Reactive+T2,5,320.0,mid,0.05,2024,2160,308,0,19.9372,320.0,6,13,6,7,1,20.0,0,1826,1.5822,3,0,2,1039,908
ca_mau,severe,Reactive+T2,6,320.0,mid,0.05,2024,2160,406,0,33.4083,320.0,9,28,6,19,1,60.0,0,1835,2.246,4,0,3,1205,1070
ca_mau,severe,Reactive+T2,7,320.0,mid,0.05,2024,2160,426,0,36.0794,320.0,7,21,6,14,1,60.0,0,1839,1.8104,3,0,2,1195,1042
ca_mau,severe,Reactive+T2,8,320.0,mid,0.05,2024,2160,408,0,34.0595,320.0,8,24,6,16,1,60.0,0,1831,2.4851,3,0,2,1196,1050
ca_mau,severe,Reactive+T2,9,320.0,mid,0.05,2024,2160,308,0,19.9299,320.0,6,15,6,9,0,0.0,0,1804,0.0,3,0,2,1039,911
ca_mau,severe,Reactive+blindARQ,0,320.0,mid,0.05,2024,2160,268,0,16.8992,320.0,6,49,6,43,0,0.0,0,1861,4.7146,4,0,3,1027,902
ca_mau,severe,Reactive+blindARQ,1,320.0,mid,0.05,2024,2160,457,0,40.0059,320.0,5,19,6,14,1,60.0,0,1864,2.2251,2,0,1,1198,1044
ca_mau,severe,Reactive+blindARQ,2,320.0,mid,0.05,2024,2160,626,0,60.3006,320.0,4,12,6,8,3,140.0,0,1857,1.3127,2,0,1,1364,1193
ca_mau,severe,Reactive+blindARQ,3,320.0,mid,0.05,2024,2160,626,0,60.3006,320.0,4,19,6,15,3,140.0,0,1824,2.4421,2,0,1,1364,1200
ca_mau,severe,Reactive+blindARQ,4,320.0,mid,0.05,2024,2160,457,0,40.0057,320.0,5,15,6,10,1,60.0,0,1831,1.1973,2,0,1,1197,1041
ca_mau,severe,Reactive+blindARQ,5,320.0,mid,0.05,2024,2160,457,0,40.0059,320.0,5,18,6,13,2,80.0,0,1826,1.3971,2,0,1,1198,1037
ca_mau,severe,Reactive+blindARQ,6,320.0,mid,0.05,2024,2160,764,0,77.2015,320.0,3,24,6,21,3,180.0,0,1835,1.7455,1,0,0,1551,1343
ca_mau,severe,Reactive+blindARQ,7,320.0,mid,0.05,2024,2160,626,0,60.2634,320.0,4,21,6,17,2,120.0,0,1839,1.7901,2,0,1,1364,1198
ca_mau,severe,Reactive+blindARQ,8,320.0,mid,0.05,2024,2160,433,0,37.8439,320.0,5,48,6,43,1,60.0,0,1831,4.3899,3,0,2,1196,1035
ca_mau,severe,Reactive+blindARQ,9,320.0,mid,0.05,2024,2160,457,0,40.0044,320.0,5,15,6,10,1,60.0,0,1804,0.0,2,0,1,1198,1042
ca_mau,severe,FixedSchedule,0,320.0,mid,0.05,2024,2160,649,0,62.8398,320.0,6,16,6,10,0,0.0,0,1861,5.7037,2,0,1,1395,1145
ca_mau,severe,FixedSchedule,1,320.0,mid,0.05,2024,2160,744,0,75.2485,320.0,5,21,6,16,1,60.0,0,1864,0.9147,1,0,0,1535,1280
ca_mau,severe,FixedSchedule,2,320.0,mid,0.05,2024,2160,914,0,86.9899,320.0,4,22,6,18,3,140.0,0,1857,11.1953,1,0,0,1669,1371
ca_mau,severe,FixedSchedule,3,320.0,mid,0.05,2024,2160,891,0,85.6753,320.0,4,20,6,16,3,140.0,0,1824,4.2946,1,0,0,1664,1380
ca_mau,severe,FixedSchedule,4,320.0,mid,0.05,2024,2160,744,0,75.2511,320.0,5,19,6,14,1,60.0,0,1831,1.2938,1,0,0,1536,1277
ca_mau,severe,FixedSchedule,5,320.0,mid,0.05,2024,2160,767,0,78.3186,320.0,5,16,6,11,2,80.0,0,1826,10.3296,1,0,0,1571,1287
ca_mau,severe,FixedSchedule,6,320.0,mid,0.05,2024,2160,1044,0,99.7707,320.0,3,13,6,10,3,180.0,0,1835,4.1309,1,0,0,1782,1519
ca_mau,severe,FixedSchedule,7,320.0,mid,0.05,2024,2160,891,0,85.6038,320.0,4,28,6,24,2,120.0,0,1839,4.4134,1,0,0,1664,1380
ca_mau,severe,FixedSchedule,8,320.0,mid,0.05,2024,2160,744,0,75.1157,320.0,5,30,6,25,1,60.0,0,1831,6.6659,1,0,0,1528,1288
ca_mau,severe,FixedSchedule,9,320.0,mid,0.05,2024,2160,744,0,75.2511,320.0,5,18,6,13,1,60.0,0,1804,0.5485,1,0,0,1536,1277
ca_mau,severe,Oracle,0,320.0,mid,0.05,2024,2160,0,0,0.0,260.0,10,28,10,18,1,20.0,0,1861,1.4907,10,5,5,771,1018
ca_mau,severe,Oracle,1,320.0,mid,0.05,2024,2160,0,0,0.0,260.0,10,33,10,23,0,0.0,0,1864,2.1047,10,6,4,777,1035
ca_mau,severe,Oracle,2,320.0,mid,0.05,2024,2160,0,0,0.0,260.0,10,26,10,16,1,40.0,0,1857,2.0184,10,6,4,770,1022
ca_mau,severe,Oracle,3,320.0,mid,0.05,2024,2160,0,0,0.0,260.0,10,42,10,32,0,0.0,0,1824,2.0184,10,6,4,786,1027
ca_mau,severe,Oracle,4,320.0,mid,0.05,2024,2160,0,0,0.0,260.0,10,25,10,15,1,40.0,0,1831,1.6101,10,6,4,768,1019
ca_mau,severe,Oracle,5,320.0,mid,0.05,2024,2160,0,0,0.0,260.0,10,21,10,11,3,100.0,0,1826,2.1136,10,6,4,766,1024
ca_mau,severe,Oracle,6,320.0,mid,0.05,2024,2160,0,0,0.0,260.0,10,33,10,23,2,40.0,0,1835,2.1997,10,6,4,777,1029
ca_mau,severe,Oracle,7,320.0,mid,0.05,2024,2160,0,0,0.0,260.0,10,43,10,33,1,40.0,0,1839,3.4265,9,6,3,734,1016
ca_mau,severe,Oracle,8,320.0,mid,0.05,2024,2160,0,0,0.0,260.0,10,29,10,19,0,0.0,0,1831,1.4272,10,6,4,774,1025
ca_mau,severe,Oracle,9,320.0,mid,0.05,2024,2160,0,0,0.0,260.0,10,23,10,13,1,20.0,0,1804,2.2775,10,6,4,765,1027
ca_mau,severe,TwinGate+T2+centre,0,320.0,mid,0.05,2024,2160,0,0,0.0,320.0,22,61,16,39,2,40.0,68,1861,1.6667,10,0,10,192,584
ca_mau,severe,TwinGate+T2+centre,1,320.0,mid,0.05,2024,2160,0,0,0.0,320.0,19,57,16,38,3,60.0,71,1864,1.359,11,0,10,883,862
ca_mau,severe,TwinGate+T2+centre,2,320.0,mid,0.05,2024,2160,0,0,0.0,320.0,11,33,16,22,6,120.0,79,1857,1.2191,8,0,7,840,809
ca_mau,severe,TwinGate+T2+centre,3,320.0,mid,0.05,2024,2160,0,0,0.0,300.0,18,65,15,47,6,120.0,72,1824,1.8327,9,1,8,294,626
ca_mau,severe,TwinGate+T2+centre,4,320.0,mid,0.05,2024,2160,0,0,0.0,320.0,17,42,16,25,4,80.0,73,1831,1.6098,8,0,8,158,526
ca_mau,severe,TwinGate+T2+centre,5,320.0,mid,0.05,2024,2160,0,0,0.0,320.0,12,31,16,19,6,120.0,78,1826,1.0546,8,0,7,859,838
ca_mau,severe,TwinGate+T2+centre,6,320.0,mid,0.05,2024,2160,0,0,0.0,320.0,14,41,16,27,7,140.0,76,1835,1.8247,7,0,6,868,838
ca_mau,severe,TwinGate+T2+centre,7,320.0,mid,0.05,2024,2160,0,0,0.0,320.0,16,46,16,30,5,100.0,74,1839,1.8757,5,1,4,152,450
ca_mau,severe,TwinGate+T2+centre,8,320.0,mid,0.05,2024,2160,0,0,0.0,320.0,17,41,16,24,2,40.0,73,1831,1.0541,8,0,8,138,495
ca_mau,severe,TwinGate+T2+centre,9,320.0,mid,0.05,2024,2160,0,0,0.0,320.0,17,39,16,22,3,60.0,73,1804,1.3608,8,0,8,169,520
ca_mau,severe,TwinGate+T2,0,320.0,narrow,0.1,2024,2160,0,0,0.0,280.0,19,49,14,30,3,60.0,71,1861,1.3608,14,1,12,1056,1097
ca_mau,severe,TwinGate+T2,1,320.0,narrow,0.1,2024,2160,116,0,3.7296,240.0,18,53,11,35,0,0.0,72,1864,1.3608,12,2,9,1281,1226
ca_mau,severe,TwinGate+T2,2,320.0,narrow,0.1,2024,2160,0,0,0.0,320.0,15,48,16,33,6,120.0,75,1857,1.5557,12,1,10,997,902
ca_mau,severe,TwinGate+T2,3,320.0,narrow,0.1,2024,2160,86,0,3.3156,280.0,14,44,13,30,4,80.0,76,1824,1.5516,10,1,9,477,813
ca_mau,severe,TwinGate+T2,4,320.0,narrow,0.1,2024,2160,0,0,0.0,300.0,12,28,15,16,5,100.0,78,1831,1.1385,11,0,11,329,749
ca_mau,severe,TwinGate+T2,5,320.0,narrow,0.1,2024,2160,0,0,0.0,320.0,14,41,16,27,5,100.0,76,1826,1.8351,11,0,11,359,679
ca_mau,severe,TwinGate+T2,6,320.0,narrow,0.1,2024,2160,0,0,0.0,320.0,12,35,16,23,7,140.0,78,1835,1.4347,11,0,11,311,636
ca_mau,severe,TwinGate+T2,7,320.0,narrow,0.1,2024,2160,0,0,0.0,280.0,18,65,14,47,3,60.0,72,1839,1.8758,12,1,10,1096,1047
ca_mau,severe,TwinGate+T2,8,320.0,narrow,0.1,2024,2160,0,0,0.0,280.0,23,64,14,41,1,20.0,67,1831,1.8257,14,1,13,539,984
ca_mau,severe,TwinGate+T2,9,320.0,narrow,0.1,2024,2160,0,0,0.0,300.0,16,37,15,21,1,20.0,74,1804,1.291,14,0,14,390,821
ca_mau,severe,TwinGate+blindARQ,0,320.0,narrow,0.1,2024,2160,0,0,0.0,300.0,12,66,15,54,3,60.0,78,1861,2.6483,12,0,12,344,777
ca_mau,severe,TwinGate+blindARQ,1,320.0,narrow,0.1,2024,2160,0,0,0.0,320.0,12,51,16,39,4,80.0,78,1864,1.4908,13,0,12,1010,984
ca_mau,severe,TwinGate+blindARQ,2,320.0,narrow,0.1,2024,2160,195,0,8.1477,320.0,8,44,16,36,8,160.0,82,1857,1.1635,9,0,8,1119,1039
ca_mau,severe,TwinGate+blindARQ,3,320.0,narrow,0.1,2024,2160,0,0,0.0,320.0,8,47,16,39,8,160.0,82,1824,1.9439,9,0,8,973,856
ca_mau,severe,TwinGate+blindARQ,4,320.0,narrow,0.1,2024,2160,0,0,0.0,320.0,11,41,16,30,5,100.0,79,1831,1.6471,11,0,11,309,646
ca_mau,severe,TwinGate+blindARQ,5,320.0,narrow,0.1,2024,2160,0,0,0.0,320.0,9,25,16,16,7,140.0,81,1826,1.0813,10,0,9,1002,955
ca_mau,severe,TwinGate+blindARQ,6,320.0,narrow,0.1,2024,2160,120,0,2.2958,320.0,7,55,16,48,9,180.0,83,1835,2.2192,8,0,7,1082,1002
ca_mau,severe,TwinGate+blindARQ,7,320.0,narrow,0.1,2024,2160,0,0,0.0,320.0,10,42,16,32,6,120.0,80,1839,1.9246,10,0,10,264,565
ca_mau,severe,TwinGate+blindARQ,8,320.0,narrow,0.1,2024,2160,0,0,0.0,300.0,13,60,15,47,2,40.0,77,1831,2.1082,13,0,13,298,826
ca_mau,severe,TwinGate+blindARQ,9,320.0,narrow,0.1,2024,2160,0,0,0.0,300.0,12,69,15,57,3,60.0,78,1804,2.9495,12,0,12,365,765
ca_mau,severe,Reactive+T2,0,320.0,narrow,0.1,2024,2160,243,0,13.4988,320.0,10,22,6,12,0,0.0,0,1861,1.922,4,0,3,1059,931
ca_mau,severe,Reactive+T2,1,320.0,narrow,0.1,2024,2160,260,0,14.3175,320.0,8,20,6,12,1,60.0,0,1864,1.2366,4,0,3,1028,892
ca_mau,severe,Reactive+T2,2,320.0,narrow,0.1,2024,2160,457,0,40.0047,320.0,5,13,6,8,1,60.0,0,1857,1.2578,2,0,1,1197,1038
ca_mau,severe,Reactive+T2,3,320.0,narrow,0.1,2024,2160,317,0,22.9307,320.0,11,34,6,23,2,120.0,0,1824,3.2504,4,1,2,1194,1023
ca_mau,severe,Reactive+T2,4,320.0,narrow,0.1,2024,2160,266,0,16.2734,320.0,8,20,6,12,0,0.0,0,1831,1.2724,4,0,3,1049,929
ca_mau,severe,Reactive+T2,5,320.0,narrow,0.1,2024,2160,308,0,19.9372,320.0,6,13,6,7,1,20.0,0,1826,1.5822,3,0,2,1039,908
ca_mau,severe,Reactive+T2,6,320.0,narrow,0.1,2024,2160,406,0,33.4083,320.0,9,28,6,19,1,60.0,0,1835,2.246,4,0,3,1205,1070
ca_mau,severe,Reactive+T2,7,320.0,narrow,0.1,2024,2160,426,0,36.0794,320.0,7,21,6,14,1,60.0,0,1839,1.8104,3,0,2,1195,1042
ca_mau,severe,Reactive+T2,8,320.0,narrow,0.1,2024,2160,408,0,34.0595,320.0,8,24,6,16,1,60.0,0,1831,2.4851,3,0,2,1196,1050
ca_mau,severe,Reactive+T2,9,320.0,narrow,0.1,2024,2160,308,0,19.9299,320.0,6,15,6,9,0,0.0,0,1804,0.0,3,0,2,1039,911
ca_mau,severe,Reactive+blindARQ,0,320.0,narrow,0.1,2024,2160,268,0,16.8992,320.0,6,49,6,43,0,0.0,0,1861,4.7146,4,0,3,1027,902
ca_mau,severe,Reactive+blindARQ,1,320.0,narrow,0.1,2024,2160,457,0,40.0059,320.0,5,19,6,14,1,60.0,0,1864,2.2251,2,0,1,1198,1044
ca_mau,severe,Reactive+blindARQ,2,320.0,narrow,0.1,2024,2160,626,0,60.3006,320.0,4,12,6,8,3,140.0,0,1857,1.3127,2,0,1,1364,1193
ca_mau,severe,Reactive+blindARQ,3,320.0,narrow,0.1,2024,2160,626,0,60.3006,320.0,4,19,6,15,3,140.0,0,1824,2.4421,2,0,1,1364,1200
ca_mau,severe,Reactive+blindARQ,4,320.0,narrow,0.1,2024,2160,457,0,40.0057,320.0,5,15,6,10,1,60.0,0,1831,1.1973,2,0,1,1197,1041
ca_mau,severe,Reactive+blindARQ,5,320.0,narrow,0.1,2024,2160,457,0,40.0059,320.0,5,18,6,13,2,80.0,0,1826,1.3971,2,0,1,1198,1037
ca_mau,severe,Reactive+blindARQ,6,320.0,narrow,0.1,2024,2160,764,0,77.2015,320.0,3,24,6,21,3,180.0,0,1835,1.7455,1,0,0,1551,1343
ca_mau,severe,Reactive+blindARQ,7,320.0,narrow,0.1,2024,2160,626,0,60.2634,320.0,4,21,6,17,2,120.0,0,1839,1.7901,2,0,1,1364,1198
ca_mau,severe,Reactive+blindARQ,8,320.0,narrow,0.1,2024,2160,433,0,37.8439,320.0,5,48,6,43,1,60.0,0,1831,4.3899,3,0,2,1196,1035
ca_mau,severe,Reactive+blindARQ,9,320.0,narrow,0.1,2024,2160,457,0,40.0044,320.0,5,15,6,10,1,60.0,0,1804,0.0,2,0,1,1198,1042
ca_mau,severe,FixedSchedule,0,320.0,narrow,0.1,2024,2160,649,0,62.8398,320.0,6,16,6,10,0,0.0,0,1861,5.7037,2,0,1,1395,1145
ca_mau,severe,FixedSchedule,1,320.0,narrow,0.1,2024,2160,744,0,75.2485,320.0,5,21,6,16,1,60.0,0,1864,0.9147,1,0,0,1535,1280
ca_mau,severe,FixedSchedule,2,320.0,narrow,0.1,2024,2160,914,0,86.9899,320.0,4,22,6,18,3,140.0,0,1857,11.1953,1,0,0,1669,1371
ca_mau,severe,FixedSchedule,3,320.0,narrow,0.1,2024,2160,891,0,85.6753,320.0,4,20,6,16,3,140.0,0,1824,4.2946,1,0,0,1664,1380
ca_mau,severe,FixedSchedule,4,320.0,narrow,0.1,2024,2160,744,0,75.2511,320.0,5,19,6,14,1,60.0,0,1831,1.2938,1,0,0,1536,1277
ca_mau,severe,FixedSchedule,5,320.0,narrow,0.1,2024,2160,767,0,78.3186,320.0,5,16,6,11,2,80.0,0,1826,10.3296,1,0,0,1571,1287
ca_mau,severe,FixedSchedule,6,320.0,narrow,0.1,2024,2160,1044,0,99.7707,320.0,3,13,6,10,3,180.0,0,1835,4.1309,1,0,0,1782,1519
ca_mau,severe,FixedSchedule,7,320.0,narrow,0.1,2024,2160,891,0,85.6038,320.0,4,28,6,24,2,120.0,0,1839,4.4134,1,0,0,1664,1380
ca_mau,severe,FixedSchedule,8,320.0,narrow,0.1,2024,2160,744,0,75.1157,320.0,5,30,6,25,1,60.0,0,1831,6.6659,1,0,0,1528,1288
ca_mau,severe,FixedSchedule,9,320.0,narrow,0.1,2024,2160,744,0,75.2511,320.0,5,18,6,13,1,60.0,0,1804,0.5485,1,0,0,1536,1277
ca_mau,severe,Oracle,0,320.0,narrow,0.1,2024,2160,0,0,0.0,260.0,10,28,10,18,1,20.0,0,1861,1.4907,10,5,5,771,1018
ca_mau,severe,Oracle,1,320.0,narrow,0.1,2024,2160,0,0,0.0,260.0,10,33,10,23,0,0.0,0,1864,2.1047,10,6,4,777,1035
ca_mau,severe,Oracle,2,320.0,narrow,0.1,2024,2160,0,0,0.0,260.0,10,26,10,16,1,40.0,0,1857,2.0184,10,6,4,770,1022
ca_mau,severe,Oracle,3,320.0,narrow,0.1,2024,2160,0,0,0.0,260.0,10,42,10,32,0,0.0,0,1824,2.0184,10,6,4,786,1027
ca_mau,severe,Oracle,4,320.0,narrow,0.1,2024,2160,0,0,0.0,260.0,10,25,10,15,1,40.0,0,1831,1.6101,10,6,4,768,1019
ca_mau,severe,Oracle,5,320.0,narrow,0.1,2024,2160,0,0,0.0,260.0,10,21,10,11,3,100.0,0,1826,2.1136,10,6,4,766,1024
ca_mau,severe,Oracle,6,320.0,narrow,0.1,2024,2160,0,0,0.0,260.0,10,33,10,23,2,40.0,0,1835,2.1997,10,6,4,777,1029
ca_mau,severe,Oracle,7,320.0,narrow,0.1,2024,2160,0,0,0.0,260.0,10,43,10,33,1,40.0,0,1839,3.4265,9,6,3,734,1016
ca_mau,severe,Oracle,8,320.0,narrow,0.1,2024,2160,0,0,0.0,260.0,10,29,10,19,0,0.0,0,1831,1.4272,10,6,4,774,1025
ca_mau,severe,Oracle,9,320.0,narrow,0.1,2024,2160,0,0,0.0,260.0,10,23,10,13,1,20.0,0,1804,2.2775,10,6,4,765,1027
ca_mau,severe,TwinGate+T2+centre,0,320.0,narrow,0.1,2024,2160,0,0,0.0,280.0,19,49,14,30,3,60.0,71,1861,1.3608,14,1,12,1056,1097
ca_mau,severe,TwinGate+T2+centre,1,320.0,narrow,0.1,2024,2160,116,0,3.7296,240.0,18,53,11,35,0,0.0,72,1864,1.3608,12,2,9,1281,1226
ca_mau,severe,TwinGate+T2+centre,2,320.0,narrow,0.1,2024,2160,0,0,0.0,320.0,15,48,16,33,6,120.0,75,1857,1.5557,12,1,10,997,902
ca_mau,severe,TwinGate+T2+centre,3,320.0,narrow,0.1,2024,2160,86,0,3.3156,280.0,14,44,13,30,4,80.0,76,1824,1.5516,10,1,9,477,813
ca_mau,severe,TwinGate+T2+centre,4,320.0,narrow,0.1,2024,2160,0,0,0.0,300.0,12,28,15,16,5,100.0,78,1831,1.1385,11,0,11,329,749
ca_mau,severe,TwinGate+T2+centre,5,320.0,narrow,0.1,2024,2160,0,0,0.0,320.0,14,41,16,27,5,100.0,76,1826,1.8351,11,0,11,359,679
ca_mau,severe,TwinGate+T2+centre,6,320.0,narrow,0.1,2024,2160,0,0,0.0,320.0,12,35,16,23,7,140.0,78,1835,1.4347,11,0,11,311,636
ca_mau,severe,TwinGate+T2+centre,7,320.0,narrow,0.1,2024,2160,0,0,0.0,280.0,18,65,14,47,3,60.0,72,1839,1.8758,12,1,10,1096,1047
ca_mau,severe,TwinGate+T2+centre,8,320.0,narrow,0.1,2024,2160,0,0,0.0,280.0,23,64,14,41,1,20.0,67,1831,1.8257,14,1,13,539,984
ca_mau,severe,TwinGate+T2+centre,9,320.0,narrow,0.1,2024,2160,0,0,0.0,300.0,16,37,15,21,1,20.0,74,1804,1.291,14,0,14,390,821
ca_mau,severe,TwinGate+T2,0,400.0,awd,0.02,2024,2160,0,0,0.0,320.0,18,35,16,17,3,60.0,72,1861,1.291,9,0,9,201,610
ca_mau,severe,TwinGate+T2,1,400.0,awd,0.02,2024,2160,0,0,0.0,340.0,18,57,17,39,2,40.0,72,1864,1.4278,12,0,12,230,676
ca_mau,severe,TwinGate+T2,2,400.0,awd,0.02,2024,2160,0,0,0.0,320.0,14,45,16,31,4,80.0,76,1857,1.3608,8,0,8,170,553
ca_mau,severe,TwinGate+T2,3,400.0,awd,0.02,2024,2160,0,0,0.0,300.0,17,61,15,44,6,120.0,73,1824,1.7814,9,1,8,294,626
ca_mau,severe,TwinGate+T2,4,400.0,awd,0.02,2024,2160,0,0,0.0,320.0,14,34,16,20,5,100.0,76,1831,1.3,10,0,10,193,513
ca_mau,severe,TwinGate+T2,5,400.0,awd,0.02,2024,2160,0,0,0.0,340.0,15,47,17,32,7,140.0,75,1826,1.6152,10,0,10,211,577
ca_mau,severe,TwinGate+T2,6,400.0,awd,0.02,2024,2160,0,0,0.0,360.0,13,41,18,28,9,180.0,77,1835,1.6673,7,0,7,180,477
ca_mau,severe,TwinGate+T2,7,400.0,awd,0.02,2024,2160,0,0,0.0,320.0,14,47,16,33,5,100.0,76,1839,1.6667,9,1,8,205,498
ca_mau,severe,TwinGate+T2,8,400.0,awd,0.02,2024,2160,0,0,0.0,300.0,20,52,15,32,2,40.0,70,1831,1.291,10,1,9,274,776
ca_mau,severe,TwinGate+T2,9,400.0,awd,0.02,2024,2160,0,0,0.0,320.0,16,38,16,22,2,40.0,74,1804,1.1385,9,0,9,184,602
ca_mau,severe,TwinGate+blindARQ,0,400.0,awd,0.02,2024,2160,0,0,0.0,320.0,13,54,16,41,3,60.0,77,1861,2.2966,8,0,8,154,553
ca_mau,severe,TwinGate+blindARQ,1,400.0,awd,0.02,2024,2160,0,0,0.0,340.0,13,56,17,43,4,80.0,77,1864,1.6684,9,1,8,256,675
ca_mau,severe,TwinGate+blindARQ,2,400.0,awd,0.02,2024,2160,0,0,0.0,340.0,9,43,17,34,8,160.0,81,1857,1.3797,9,5,4,713,963
ca_mau,severe,TwinGate+blindARQ,3,400.0,awd,0.02,2024,2160,0,0,0.0,360.0,9,54,18,45,9,180.0,81,1824,2.2171,9,0,9,345,612
ca_mau,severe,TwinGate+blindARQ,4,400.0,awd,0.02,2024,2160,0,0,0.0,360.0,12,40,18,28,6,120.0,78,1831,1.449,10,0,10,219,543
ca_mau,severe,TwinGate+blindARQ,5,400.0,awd,0.02,2024,2160,0,0,0.0,340.0,9,46,17,37,8,160.0,81,1826,1.515,8,2,6,384,708
ca_mau,severe,TwinGate+blindARQ,6,400.0,awd,0.02,2024,2160,0,0,0.0,380.0,7,100,19,93,12,240.0,83,1835,3.0284,8,3,4,1141,985
ca_mau,severe,TwinGate+blindARQ,7,400.0,awd,0.02,2024,2160,0,0,0.0,360.0,10,69,18,59,8,160.0,80,1839,3.6321,7,0,7,129,417
ca_mau,severe,TwinGate+blindARQ,8,400.0,awd,0.02,2024,2160,0,0,0.0,340.0,14,47,17,33,3,60.0,76,1831,1.824,8,0,8,151,554
ca_mau,severe,TwinGate+blindARQ,9,400.0,awd,0.02,2024,2160,0,0,0.0,320.0,13,59,16,46,3,60.0,77,1804,2.5478,6,0,6,119,499
ca_mau,severe,Reactive+T2,0,400.0,awd,0.02,2024,2160,0,0,0.0,400.0,11,23,7,12,0,0.0,0,1861,2.0868,5,0,4,802,679
ca_mau,severe,Reactive+T2,1,400.0,awd,0.02,2024,2160,0,0,0.0,400.0,9,21,7,12,1,60.0,0,1864,1.2366,5,0,4,794,662
ca_mau,severe,Reactive+T2,2,400.0,awd,0.02,2024,2160,384,0,30.9075,400.0,5,14,7,9,2,120.0,0,1857,1.2578,2,0,1,1123,966
ca_mau,severe,Reactive+T2,3,400.0,awd,0.02,2024,2160,7,0,0.0252,400.0,12,38,7,26,3,160.0,0,1824,3.349,5,1,3,958,793
ca_mau,severe,Reactive+T2,4,400.0,awd,0.02,2024,2160,0,0,0.0,400.0,10,25,7,15,0,0.0,0,1831,1.9336,5,0,4,815,698
ca_mau,severe,Reactive+T2,5,400.0,awd,0.02,2024,2160,0,0,0.0,400.0,7,18,7,11,1,60.0,0,1826,1.7809,4,0,3,802,680
ca_mau,severe,Reactive+T2,6,400.0,awd,0.02,2024,2160,122,0,2.7139,400.0,11,33,7,22,1,60.0,0,1835,2.7995,5,0,4,970,847
ca_mau,severe,Reactive+T2,7,400.0,awd,0.02,2024,2160,192,0,7.229,400.0,9,26,7,17,1,60.0,0,1839,2.2952,4,0,3,984,850
ca_mau,severe,Reactive+T2,8,400.0,awd,0.02,2024,2160,167,0,4.8979,400.0,10,30,7,20,1,60.0,0,1831,2.6299,4,0,3,988,851
ca_mau,severe,Reactive+T2,9,400.0,awd,0.02,2024,2160,0,0,0.0,400.0,8,21,7,13,0,0.0,0,1804,1.2172,4,0,3,823,704
ca_mau,severe,Reactive+blindARQ,0,400.0,awd,0.02,2024,2160,0,0,0.0,400.0,7,55,7,48,0,0.0,0,1861,5.2419,4,0,3,784,674
ca_mau,severe,Reactive+blindARQ,1,400.0,awd,0.02,2024,2160,221,0,10.5863,400.0,6,22,7,16,1,60.0,0,1864,2.2251,3,0,2,968,840
ca_mau,severe,Reactive+blindARQ,2,400.0,awd,0.02,2024,2160,546,0,50.3868,400.0,4,14,7,10,4,220.0,0,1857,1.5095,2,0,1,1290,1098
ca_mau,severe,Reactive+blindARQ,3,400.0,awd,0.02,2024,2160,546,0,50.3868,400.0,4,21,7,17,4,220.0,0,1824,2.4039,2,0,1,1290,1105
ca_mau,severe,Reactive+blindARQ,4,400.0,awd,0.02,2024,2160,220,0,10.583,400.0,6,17,7,11,1,60.0,0,1831,1.4746,3,0,2,966,836
ca_mau,severe,Reactive+blindARQ,5,400.0,awd,0.02,2024,2160,384,0,30.9091,400.0,5,20,7,15,3,160.0,0,1826,1.2576,2,0,1,1124,965
ca_mau,severe,Reactive+blindARQ,6,400.0,awd,0.02,2024,2160,533,0,50.118,400.0,4,25,7,21,4,220.0,0,1835,2.6302,1,0,0,1280,1090
ca_mau,severe,Reactive+blindARQ,7,400.0,awd,0.02,2024,2160,384,0,30.9072,400.0,5,28,7,23,2,120.0,0,1839,2.4652,2,0,1,1123,974
ca_mau,severe,Reactive+blindARQ,8,400.0,awd,0.02,2024,2160,194,0,7.9105,400.0,6,50,7,44,1,60.0,0,1831,4.6194,4,0,3,952,814
ca_mau,severe,Reactive+blindARQ,9,400.0,awd,0.02,2024,2160,220,0,10.5806,400.0,6,16,7,10,1,60.0,0,1804,0.8607,3,0,2,966,836
ca_mau,severe,FixedSchedule,0,400.0,awd,0.02,2024,2160,477,0,41.6798,400.0,7,18,7,11,0,0.0,0,1861,1.1808,1,0,0,1207,949
ca_mau,severe,FixedSchedule,1,400.0,awd,0.02,2024,2160,575,0,52.9109,400.0,6,26,7,20,1,60.0,0,1864,1.4564,2,0,1,1313,1044
ca_mau,severe,FixedSchedule,2,400.0,awd,0.02,2024,2160,914,0,86.9899,400.0,4,23,7,19,4,220.0,0,1857,11.1961,1,0,0,1669,1371
ca_mau,severe,FixedSchedule,3,400.0,awd,0.02,2024,2160,761,0,76.98,400.0,4,28,7,24,4,220.0,0,1824,1.2001,2,0,1,1554,1304
ca_mau,severe,FixedSchedule,4,400.0,awd,0.02,2024,2160,576,0,52.9586,400.0,6,23,7,17,1,60.0,0,1831,9.8129,2,0,1,1314,1045
ca_mau,severe,FixedSchedule,5,400.0,awd,0.02,2024,2160,692,0,67.5143,400.0,5,24,7,19,2,120.0,0,1826,1.4539,1,0,0,1447,1188
ca_mau,severe,FixedSchedule,6,400.0,awd,0.02,2024,2160,767,0,78.3186,400.0,4,21,7,17,4,220.0,0,1835,9.4682,1,0,0,1571,1300
ca_mau,severe,FixedSchedule,7,400.0,awd,0.02,2024,2160,767,0,78.3186,400.0,5,30,7,25,3,160.0,0,1839,4.3762,1,0,0,1571,1287
ca_mau,severe,FixedSchedule,8,400.0,awd,0.02,2024,2160,577,0,52.9808,400.0,6,22,7,16,1,60.0,0,1831,0.005,2,0,1,1315,1046
ca_mau,severe,FixedSchedule,9,400.0,awd,0.02,2024,2160,577,0,52.9808,400.0,6,19,7,13,1,60.0,0,1804,9.7747,2,0,1,1313,1044
ca_mau,severe,Oracle,0,400.0,awd,0.02,2024,2160,0,0,0.0,340.0,14,39,14,25,2,40.0,0,1861,1.9692,6,0,6,85,403
ca_mau,severe,Oracle,1,400.0,awd,0.02,2024,2160,0,0,0.0,340.0,14,56,14,42,1,20.0,0,1864,2.4825,5,0,5,101,427
ca_mau,severe,Oracle,2,400.0,awd,0.02,2024,2160,0,0,0.0,340.0,14,30,14,16,2,40.0,0,1857,1.8842,5,0,5,89,402
ca_mau,severe,Oracle,3,400.0,awd,0.02,2024,2160,0,0,0.0,340.0,14,45,14,31,2,60.0,0,1824,2.1319,5,0,5,90,414
ca_mau,severe,Oracle,4,400.0,awd,0.02,2024,2160,0,0,0.0,340.0,14,27,14,13,0,0.0,0,1831,1.1386,5,0,5,86,400
ca_mau,severe,Oracle,5,400.0,awd,0.02,2024,2160,0,0,0.0,340.0,14,31,14,17,4,80.0,0,1826,2.1526,5,0,5,89,404
ca_mau,severe,Oracle,6,400.0,awd,0.02,2024,2160,0,0,0.0,340.0,14,44,14,30,3,100.0,0,1835,2.3944,5,0,5,82,415
ca_mau,severe,Oracle,7,400.0,awd,0.02,2024,2160,0,0,0.0,340.0,14,61,14,47,2,60.0,0,1839,3.3847,5,0,5,99,415
ca_mau,severe,Oracle,8,400.0,awd,0.02,2024,2160,0,0,0.0,340.0,14,48,14,34,0,0.0,0,1831,2.0638,5,0,5,96,418
ca_mau,severe,Oracle,9,400.0,awd,0.02,2024,2160,0,0,0.0,340.0,15,62,15,47,2,40.0,0,1804,3.1091,5,0,5,100,457
ca_mau,severe,TwinGate+T2+centre,0,400.0,awd,0.02,2024,2160,0,0,0.0,320.0,22,61,16,39,2,40.0,68,1861,1.6667,10,0,10,192,584
ca_mau,severe,TwinGate+T2+centre,1,400.0,awd,0.02,2024,2160,0,0,0.0,340.0,20,60,17,40,3,60.0,70,1864,1.359,10,0,10,245,616
ca_mau,severe,TwinGate+T2+centre,2,400.0,awd,0.02,2024,2160,0,0,0.0,360.0,13,37,18,24,6,120.0,77,1857,1.2191,8,0,8,94,428
ca_mau,severe,TwinGate+T2+centre,3,400.0,awd,0.02,2024,2160,0,0,0.0,300.0,18,65,15,47,6,120.0,72,1824,1.8327,9,1,8,294,626
ca_mau,severe,TwinGate+T2+centre,4,400.0,awd,0.02,2024,2160,0,0,0.0,320.0,17,42,16,25,4,80.0,73,1831,1.6098,8,0,8,158,526
ca_mau,severe,TwinGate+T2+centre,5,400.0,awd,0.02,2024,2160,0,0,0.0,380.0,14,39,19,25,7,140.0,76,1826,1.1391,9,0,9,109,459
ca_mau,severe,TwinGate+T2+centre,6,400.0,awd,0.02,2024,2160,0,0,0.0,380.0,15,45,19,30,10,200.0,75,1835,1.9235,7,0,7,101,445
ca_mau,severe,TwinGate+T2+centre,7,400.0,awd,0.02,2024,2160,0,0,0.0,360.0,16,48,18,32,7,140.0,74,1839,2.0164,5,1,4,152,450
ca_mau,severe,TwinGate+T2+centre,8,400.0,awd,0.02,2024,2160,0,0,0.0,340.0,17,42,17,25,3,60.0,73,1831,1.0541,8,0,8,138,494
ca_mau,severe,TwinGate+T2+centre,9,400.0,awd,0.02,2024,2160,0,0,0.0,320.0,17,39,16,22,3,60.0,73,1804,1.3608,8,0,8,169,520
ca_mau,severe,TwinGate+T2,0,400.0,mid,0.05,2024,2160,0,0,0.0,320.0,18,35,16,17,3,60.0,72,1861,1.291,9,0,9,201,610
ca_mau,severe,TwinGate+T2,1,400.0,mid,0.05,2024,2160,0,0,0.0,340.0,18,57,17,39,2,40.0,72,1864,1.4278,12,0,12,230,676
ca_mau,severe,TwinGate+T2,2,400.0,mid,0.05,2024,2160,0,0,0.0,320.0,14,45,16,31,4,80.0,76,1857,1.3608,8,0,8,170,553
ca_mau,severe,TwinGate+T2,3,400.0,mid,0.05,2024,2160,0,0,0.0,300.0,17,61,15,44,6,120.0,73,1824,1.7814,9,1,8,294,626
ca_mau,severe,TwinGate+T2,4,400.0,mid,0.05,2024,2160,0,0,0.0,320.0,14,34,16,20,5,100.0,76,1831,1.3,10,0,10,193,513
ca_mau,severe,TwinGate+T2,5,400.0,mid,0.05,2024,2160,0,0,0.0,340.0,15,47,17,32,7,140.0,75,1826,1.6152,10,0,10,211,577
ca_mau,severe,TwinGate+T2,6,400.0,mid,0.05,2024,2160,0,0,0.0,360.0,13,41,18,28,9,180.0,77,1835,1.6673,7,0,7,180,477
ca_mau,severe,TwinGate+T2,7,400.0,mid,0.05,2024,2160,0,0,0.0,320.0,14,47,16,33,5,100.0,76,1839,1.6667,9,1,8,205,498
ca_mau,severe,TwinGate+T2,8,400.0,mid,0.05,2024,2160,0,0,0.0,300.0,20,52,15,32,2,40.0,70,1831,1.291,10,1,9,274,776
ca_mau,severe,TwinGate+T2,9,400.0,mid,0.05,2024,2160,0,0,0.0,320.0,16,38,16,22,2,40.0,74,1804,1.1385,9,0,9,184,602
ca_mau,severe,TwinGate+blindARQ,0,400.0,mid,0.05,2024,2160,0,0,0.0,320.0,13,54,16,41,3,60.0,77,1861,2.2966,8,0,8,154,553
ca_mau,severe,TwinGate+blindARQ,1,400.0,mid,0.05,2024,2160,0,0,0.0,340.0,13,57,17,44,4,80.0,77,1864,1.6684,10,0,9,847,800
ca_mau,severe,TwinGate+blindARQ,2,400.0,mid,0.05,2024,2160,0,0,0.0,360.0,10,68,18,58,8,160.0,80,1857,2.8835,11,0,10,1091,1015
ca_mau,severe,TwinGate+blindARQ,3,400.0,mid,0.05,2024,2160,0,0,0.0,360.0,9,49,18,40,9,180.0,81,1824,1.9674,9,0,9,331,622
ca_mau,severe,TwinGate+blindARQ,4,400.0,mid,0.05,2024,2160,0,0,0.0,360.0,12,40,18,28,6,120.0,78,1831,1.449,10,0,10,219,543
ca_mau,severe,TwinGate+blindARQ,5,400.0,mid,0.05,2024,2160,0,0,0.0,380.0,10,82,19,72,9,180.0,80,1826,3.266,9,1,8,547,828
ca_mau,severe,TwinGate+blindARQ,6,400.0,mid,0.05,2024,2160,0,0,0.0,400.0,8,64,20,56,12,240.0,82,1835,2.291,9,0,8,1051,979
ca_mau,severe,TwinGate+blindARQ,7,400.0,mid,0.05,2024,2160,0,0,0.0,360.0,10,69,18,59,8,160.0,80,1839,3.6321,7,0,7,129,417
ca_mau,severe,TwinGate+blindARQ,8,400.0,mid,0.05,2024,2160,0,0,0.0,340.0,14,47,17,33,3,60.0,76,1831,1.824,8,0,8,151,554
ca_mau,severe,TwinGate+blindARQ,9,400.0,mid,0.05,2024,2160,0,0,0.0,320.0,13,59,16,46,3,60.0,77,1804,2.5478,6,0,6,119,499
ca_mau,severe,Reactive+T2,0,400.0,mid,0.05,2024,2160,0,0,0.0,400.0,11,23,7,12,0,0.0,0,1861,2.0868,5,0,4,802,679
ca_mau,severe,Reactive+T2,1,400.0,mid,0.05,2024,2160,0,0,0.0,400.0,9,21,7,12,1,60.0,0,1864,1.2366,5,0,4,794,662
ca_mau,severe,Reactive+T2,2,400.0,mid,0.05,2024,2160,384,0,30.9075,400.0,5,14,7,9,2,120.0,0,1857,1.2578,2,0,1,1123,966
ca_mau,severe,Reactive+T2,3,400.0,mid,0.05,2024,2160,7,0,0.0252,400.0,12,38,7,26,3,160.0,0,1824,3.349,5,1,3,958,793
ca_mau,severe,Reactive+T2,4,400.0,mid,0.05,2024,2160,0,0,0.0,400.0,10,25,7,15,0,0.0,0,1831,1.9336,5,0,4,815,698
ca_mau,severe,Reactive+T2,5,400.0,mid,0.05,2024,2160,0,0,0.0,400.0,7,18,7,11,1,60.0,0,1826,1.7809,4,0,3,802,680
ca_mau,severe,Reactive+T2,6,400.0,mid,0.05,2024,2160,122,0,2.7139,400.0,11,33,7,22,1,60.0,0,1835,2.7995,5,0,4,970,847
ca_mau,severe,Reactive+T2,7,400.0,mid,0.05,2024,2160,192,0,7.229,400.0,9,26,7,17,1,60.0,0,1839,2.2952,4,0,3,984,850
ca_mau,severe,Reactive+T2,8,400.0,mid,0.05,2024,2160,167,0,4.8979,400.0,10,30,7,20,1,60.0,0,1831,2.6299,4,0,3,988,851
ca_mau,severe,Reactive+T2,9,400.0,mid,0.05,2024,2160,0,0,0.0,400.0,8,21,7,13,0,0.0,0,1804,1.2172,4,0,3,823,704
ca_mau,severe,Reactive+blindARQ,0,400.0,mid,0.05,2024,2160,0,0,0.0,400.0,7,55,7,48,0,0.0,0,1861,5.2419,4,0,3,784,674
ca_mau,severe,Reactive+blindARQ,1,400.0,mid,0.05,2024,2160,221,0,10.5863,400.0,6,22,7,16,1,60.0,0,1864,2.2251,3,0,2,968,840
ca_mau,severe,Reactive+blindARQ,2,400.0,mid,0.05,2024,2160,546,0,50.3868,400.0,4,14,7,10,4,220.0,0,1857,1.5095,2,0,1,1290,1098
ca_mau,severe,Reactive+blindARQ,3,400.0,mid,0.05,2024,2160,546,0,50.3868,400.0,4,21,7,17,4,220.0,0,1824,2.4039,2,0,1,1290,1105
ca_mau,severe,Reactive+blindARQ,4,400.0,mid,0.05,2024,2160,220,0,10.583,400.0,6,17,7,11,1,60.0,0,1831,1.4746,3,0,2,966,836
ca_mau,severe,Reactive+blindARQ,5,400.0,mid,0.05,2024,2160,384,0,30.9091,400.0,5,20,7,15,3,160.0,0,1826,1.2576,2,0,1,1124,965
ca_mau,severe,Reactive+blindARQ,6,400.0,mid,0.05,2024,2160,533,0,50.118,400.0,4,25,7,21,4,220.0,0,1835,2.6302,1,0,0,1280,1090
ca_mau,severe,Reactive+blindARQ,7,400.0,mid,0.05,2024,2160,384,0,30.9072,400.0,5,28,7,23,2,120.0,0,1839,2.4652,2,0,1,1123,974
ca_mau,severe,Reactive+blindARQ,8,400.0,mid,0.05,2024,2160,194,0,7.9105,400.0,6,50,7,44,1,60.0,0,1831,4.6194,4,0,3,952,814
ca_mau,severe,Reactive+blindARQ,9,400.0,mid,0.05,2024,2160,220,0,10.5806,400.0,6,16,7,10,1,60.0,0,1804,0.8607,3,0,2,966,836
ca_mau,severe,FixedSchedule,0,400.0,mid,0.05,2024,2160,477,0,41.6798,400.0,7,18,7,11,0,0.0,0,1861,1.1808,1,0,0,1207,949
ca_mau,severe,FixedSchedule,1,400.0,mid,0.05,2024,2160,575,0,52.9109,400.0,6,26,7,20,1,60.0,0,1864,1.4564,2,0,1,1313,1044
ca_mau,severe,FixedSchedule,2,400.0,mid,0.05,2024,2160,914,0,86.9899,400.0,4,23,7,19,4,220.0,0,1857,11.1961,1,0,0,1669,1371
ca_mau,severe,FixedSchedule,3,400.0,mid,0.05,2024,2160,761,0,76.98,400.0,4,28,7,24,4,220.0,0,1824,1.2001,2,0,1,1554,1304
ca_mau,severe,FixedSchedule,4,400.0,mid,0.05,2024,2160,576,0,52.9586,400.0,6,23,7,17,1,60.0,0,1831,9.8129,2,0,1,1314,1045
ca_mau,severe,FixedSchedule,5,400.0,mid,0.05,2024,2160,692,0,67.5143,400.0,5,24,7,19,2,120.0,0,1826,1.4539,1,0,0,1447,1188
ca_mau,severe,FixedSchedule,6,400.0,mid,0.05,2024,2160,767,0,78.3186,400.0,4,21,7,17,4,220.0,0,1835,9.4682,1,0,0,1571,1300
ca_mau,severe,FixedSchedule,7,400.0,mid,0.05,2024,2160,767,0,78.3186,400.0,5,30,7,25,3,160.0,0,1839,4.3762,1,0,0,1571,1287
ca_mau,severe,FixedSchedule,8,400.0,mid,0.05,2024,2160,577,0,52.9808,400.0,6,22,7,16,1,60.0,0,1831,0.005,2,0,1,1315,1046
ca_mau,severe,FixedSchedule,9,400.0,mid,0.05,2024,2160,577,0,52.9808,400.0,6,19,7,13,1,60.0,0,1804,9.7747,2,0,1,1313,1044
ca_mau,severe,Oracle,0,400.0,mid,0.05,2024,2160,0,0,0.0,340.0,14,39,14,25,2,40.0,0,1861,1.9692,6,0,6,85,403
ca_mau,severe,Oracle,1,400.0,mid,0.05,2024,2160,0,0,0.0,340.0,14,56,14,42,1,20.0,0,1864,2.4825,5,0,5,101,427
ca_mau,severe,Oracle,2,400.0,mid,0.05,2024,2160,0,0,0.0,340.0,14,30,14,16,2,40.0,0,1857,1.8842,5,0,5,89,402
ca_mau,severe,Oracle,3,400.0,mid,0.05,2024,2160,0,0,0.0,340.0,14,45,14,31,2,60.0,0,1824,2.1319,5,0,5,90,414
ca_mau,severe,Oracle,4,400.0,mid,0.05,2024,2160,0,0,0.0,340.0,14,27,14,13,0,0.0,0,1831,1.1386,5,0,5,86,400
ca_mau,severe,Oracle,5,400.0,mid,0.05,2024,2160,0,0,0.0,340.0,14,31,14,17,4,80.0,0,1826,2.1526,5,0,5,89,404
ca_mau,severe,Oracle,6,400.0,mid,0.05,2024,2160,0,0,0.0,340.0,14,44,14,30,3,100.0,0,1835,2.3944,5,0,5,82,415
ca_mau,severe,Oracle,7,400.0,mid,0.05,2024,2160,0,0,0.0,340.0,14,61,14,47,2,60.0,0,1839,3.3847,5,0,5,99,415
ca_mau,severe,Oracle,8,400.0,mid,0.05,2024,2160,0,0,0.0,340.0,14,48,14,34,0,0.0,0,1831,2.0638,5,0,5,96,418
ca_mau,severe,Oracle,9,400.0,mid,0.05,2024,2160,0,0,0.0,340.0,15,62,15,47,2,40.0,0,1804,3.1091,5,0,5,100,457
ca_mau,severe,TwinGate+T2+centre,0,400.0,mid,0.05,2024,2160,0,0,0.0,320.0,22,61,16,39,2,40.0,68,1861,1.6667,10,0,10,192,584
ca_mau,severe,TwinGate+T2+centre,1,400.0,mid,0.05,2024,2160,0,0,0.0,340.0,20,60,17,40,3,60.0,70,1864,1.359,10,0,10,245,616
ca_mau,severe,TwinGate+T2+centre,2,400.0,mid,0.05,2024,2160,0,0,0.0,360.0,13,37,18,24,6,120.0,77,1857,1.2191,8,0,8,94,428
ca_mau,severe,TwinGate+T2+centre,3,400.0,mid,0.05,2024,2160,0,0,0.0,300.0,18,65,15,47,6,120.0,72,1824,1.8327,9,1,8,294,626
ca_mau,severe,TwinGate+T2+centre,4,400.0,mid,0.05,2024,2160,0,0,0.0,320.0,17,42,16,25,4,80.0,73,1831,1.6098,8,0,8,158,526
ca_mau,severe,TwinGate+T2+centre,5,400.0,mid,0.05,2024,2160,0,0,0.0,380.0,14,39,19,25,7,140.0,76,1826,1.1391,9,0,9,109,459
ca_mau,severe,TwinGate+T2+centre,6,400.0,mid,0.05,2024,2160,0,0,0.0,380.0,15,45,19,30,10,200.0,75,1835,1.9235,7,0,7,101,445
ca_mau,severe,TwinGate+T2+centre,7,400.0,mid,0.05,2024,2160,0,0,0.0,360.0,16,48,18,32,7,140.0,74,1839,2.0164,5,1,4,152,450
ca_mau,severe,TwinGate+T2+centre,8,400.0,mid,0.05,2024,2160,0,0,0.0,340.0,17,42,17,25,3,60.0,73,1831,1.0541,8,0,8,138,494
ca_mau,severe,TwinGate+T2+centre,9,400.0,mid,0.05,2024,2160,0,0,0.0,320.0,17,39,16,22,3,60.0,73,1804,1.3608,8,0,8,169,520
ca_mau,severe,TwinGate+T2,0,400.0,narrow,0.1,2024,2160,0,0,0.0,280.0,19,49,14,30,3,60.0,71,1861,1.3608,14,1,12,1056,1097
ca_mau,severe,TwinGate+T2,1,400.0,narrow,0.1,2024,2160,116,0,3.7296,240.0,18,53,11,35,0,0.0,72,1864,1.3608,12,2,9,1281,1226
ca_mau,severe,TwinGate+T2,2,400.0,narrow,0.1,2024,2160,0,0,0.0,320.0,15,48,16,33,6,120.0,75,1857,1.5557,12,1,10,997,902
ca_mau,severe,TwinGate+T2,3,400.0,narrow,0.1,2024,2160,86,0,3.3156,280.0,14,44,13,30,4,80.0,76,1824,1.5516,10,1,9,477,813
ca_mau,severe,TwinGate+T2,4,400.0,narrow,0.1,2024,2160,0,0,0.0,300.0,12,28,15,16,5,100.0,78,1831,1.1385,11,0,11,329,749
ca_mau,severe,TwinGate+T2,5,400.0,narrow,0.1,2024,2160,0,0,0.0,340.0,14,42,17,28,6,120.0,76,1826,1.8351,11,0,11,359,679
ca_mau,severe,TwinGate+T2,6,400.0,narrow,0.1,2024,2160,0,0,0.0,320.0,12,35,16,23,7,140.0,78,1835,1.4347,11,0,11,311,636
ca_mau,severe,TwinGate+T2,7,400.0,narrow,0.1,2024,2160,0,0,0.0,280.0,18,65,14,47,3,60.0,72,1839,1.8758,12,1,10,1096,1047
ca_mau,severe,TwinGate+T2,8,400.0,narrow,0.1,2024,2160,0,0,0.0,280.0,23,64,14,41,1,20.0,67,1831,1.8257,14,1,13,539,984
ca_mau,severe,TwinGate+T2,9,400.0,narrow,0.1,2024,2160,0,0,0.0,300.0,16,37,15,21,1,20.0,74,1804,1.291,14,0,14,390,821
ca_mau,severe,TwinGate+blindARQ,0,400.0,narrow,0.1,2024,2160,0,0,0.0,300.0,12,66,15,54,3,60.0,78,1861,2.6483,12,0,12,344,777
ca_mau,severe,TwinGate+blindARQ,1,400.0,narrow,0.1,2024,2160,0,0,0.0,340.0,13,54,17,41,4,80.0,77,1864,1.4908,13,0,13,365,728
ca_mau,severe,TwinGate+blindARQ,2,400.0,narrow,0.1,2024,2160,0,0,0.0,400.0,12,65,20,53,8,160.0,78,1857,2.2874,12,0,12,346,673
ca_mau,severe,TwinGate+blindARQ,3,400.0,narrow,0.1,2024,2160,0,0,0.0,360.0,9,51,18,42,9,180.0,81,1824,1.991,9,0,9,256,484
ca_mau,severe,TwinGate+blindARQ,4,400.0,narrow,0.1,2024,2160,0,0,0.0,320.0,11,41,16,30,5,100.0,79,1831,1.6471,11,0,11,309,646
ca_mau,severe,TwinGate+blindARQ,5,400.0,narrow,0.1,2024,2160,0,0,0.0,380.0,10,33,19,23,9,180.0,80,1826,1.2408,10,0,10,284,567
ca_mau,severe,TwinGate+blindARQ,6,400.0,narrow,0.1,2024,2160,0,0,0.0,400.0,8,65,20,57,12,240.0,82,1835,2.2648,9,0,8,1015,938
ca_mau,severe,TwinGate+blindARQ,7,400.0,narrow,0.1,2024,2160,0,0,0.0,360.0,10,44,18,34,8,160.0,80,1839,1.9246,10,0,10,264,565
ca_mau,severe,TwinGate+blindARQ,8,400.0,narrow,0.1,2024,2160,0,0,0.0,300.0,13,60,15,47,2,40.0,77,1831,2.1082,13,0,13,298,826
ca_mau,severe,TwinGate+blindARQ,9,400.0,narrow,0.1,2024,2160,0,0,0.0,300.0,12,69,15,57,3,60.0,78,1804,2.9495,12,0,12,365,765
ca_mau,severe,Reactive+T2,0,400.0,narrow,0.1,2024,2160,0,0,0.0,400.0,11,23,7,12,0,0.0,0,1861,2.0868,5,0,4,802,679
ca_mau,severe,Reactive+T2,1,400.0,narrow,0.1,2024,2160,0,0,0.0,400.0,9,21,7,12,1,60.0,0,1864,1.2366,5,0,4,794,662
ca_mau,severe,Reactive+T2,2,400.0,narrow,0.1,2024,2160,384,0,30.9075,400.0,5,14,7,9,2,120.0,0,1857,1.2578,2,0,1,1123,966
ca_mau,severe,Reactive+T2,3,400.0,narrow,0.1,2024,2160,7,0,0.0252,400.0,12,38,7,26,3,160.0,0,1824,3.349,5,1,3,958,793
ca_mau,severe,Reactive+T2,4,400.0,narrow,0.1,2024,2160,0,0,0.0,400.0,10,25,7,15,0,0.0,0,1831,1.9336,5,0,4,815,698
ca_mau,severe,Reactive+T2,5,400.0,narrow,0.1,2024,2160,0,0,0.0,400.0,7,18,7,11,1,60.0,0,1826,1.7809,4,0,3,802,680
ca_mau,severe,Reactive+T2,6,400.0,narrow,0.1,2024,2160,122,0,2.7139,400.0,11,33,7,22,1,60.0,0,1835,2.7995,5,0,4,970,847
ca_mau,severe,Reactive+T2,7,400.0,narrow,0.1,2024,2160,192,0,7.229,400.0,9,26,7,17,1,60.0,0,1839,2.2952,4,0,3,984,850
ca_mau,severe,Reactive+T2,8,400.0,narrow,0.1,2024,2160,167,0,4.8979,400.0,10,30,7,20,1,60.0,0,1831,2.6299,4,0,3,988,851
ca_mau,severe,Reactive+T2,9,400.0,narrow,0.1,2024,2160,0,0,0.0,400.0,8,21,7,13,0,0.0,0,1804,1.2172,4,0,3,823,704
ca_mau,severe,Reactive+blindARQ,0,400.0,narrow,0.1,2024,2160,0,0,0.0,400.0,7,55,7,48,0,0.0,0,1861,5.2419,4,0,3,784,674
ca_mau,severe,Reactive+blindARQ,1,400.0,narrow,0.1,2024,2160,221,0,10.5863,400.0,6,22,7,16,1,60.0,0,1864,2.2251,3,0,2,968,840
ca_mau,severe,Reactive+blindARQ,2,400.0,narrow,0.1,2024,2160,546,0,50.3868,400.0,4,14,7,10,4,220.0,0,1857,1.5095,2,0,1,1290,1098
ca_mau,severe,Reactive+blindARQ,3,400.0,narrow,0.1,2024,2160,546,0,50.3868,400.0,4,21,7,17,4,220.0,0,1824,2.4039,2,0,1,1290,1105
ca_mau,severe,Reactive+blindARQ,4,400.0,narrow,0.1,2024,2160,220,0,10.583,400.0,6,17,7,11,1,60.0,0,1831,1.4746,3,0,2,966,836
ca_mau,severe,Reactive+blindARQ,5,400.0,narrow,0.1,2024,2160,384,0,30.9091,400.0,5,20,7,15,3,160.0,0,1826,1.2576,2,0,1,1124,965
ca_mau,severe,Reactive+blindARQ,6,400.0,narrow,0.1,2024,2160,533,0,50.118,400.0,4,25,7,21,4,220.0,0,1835,2.6302,1,0,0,1280,1090
ca_mau,severe,Reactive+blindARQ,7,400.0,narrow,0.1,2024,2160,384,0,30.9072,400.0,5,28,7,23,2,120.0,0,1839,2.4652,2,0,1,1123,974
ca_mau,severe,Reactive+blindARQ,8,400.0,narrow,0.1,2024,2160,194,0,7.9105,400.0,6,50,7,44,1,60.0,0,1831,4.6194,4,0,3,952,814
ca_mau,severe,Reactive+blindARQ,9,400.0,narrow,0.1,2024,2160,220,0,10.5806,400.0,6,16,7,10,1,60.0,0,1804,0.8607,3,0,2,966,836
ca_mau,severe,FixedSchedule,0,400.0,narrow,0.1,2024,2160,477,0,41.6798,400.0,7,18,7,11,0,0.0,0,1861,1.1808,1,0,0,1207,949
ca_mau,severe,FixedSchedule,1,400.0,narrow,0.1,2024,2160,575,0,52.9109,400.0,6,26,7,20,1,60.0,0,1864,1.4564,2,0,1,1313,1044
ca_mau,severe,FixedSchedule,2,400.0,narrow,0.1,2024,2160,914,0,86.9899,400.0,4,23,7,19,4,220.0,0,1857,11.1961,1,0,0,1669,1371
ca_mau,severe,FixedSchedule,3,400.0,narrow,0.1,2024,2160,761,0,76.98,400.0,4,28,7,24,4,220.0,0,1824,1.2001,2,0,1,1554,1304
ca_mau,severe,FixedSchedule,4,400.0,narrow,0.1,2024,2160,576,0,52.9586,400.0,6,23,7,17,1,60.0,0,1831,9.8129,2,0,1,1314,1045
ca_mau,severe,FixedSchedule,5,400.0,narrow,0.1,2024,2160,692,0,67.5143,400.0,5,24,7,19,2,120.0,0,1826,1.4539,1,0,0,1447,1188
ca_mau,severe,FixedSchedule,6,400.0,narrow,0.1,2024,2160,767,0,78.3186,400.0,4,21,7,17,4,220.0,0,1835,9.4682,1,0,0,1571,1300
ca_mau,severe,FixedSchedule,7,400.0,narrow,0.1,2024,2160,767,0,78.3186,400.0,5,30,7,25,3,160.0,0,1839,4.3762,1,0,0,1571,1287
ca_mau,severe,FixedSchedule,8,400.0,narrow,0.1,2024,2160,577,0,52.9808,400.0,6,22,7,16,1,60.0,0,1831,0.005,2,0,1,1315,1046
ca_mau,severe,FixedSchedule,9,400.0,narrow,0.1,2024,2160,577,0,52.9808,400.0,6,19,7,13,1,60.0,0,1804,9.7747,2,0,1,1313,1044
ca_mau,severe,Oracle,0,400.0,narrow,0.1,2024,2160,0,0,0.0,340.0,14,39,14,25,2,40.0,0,1861,1.9692,6,0,6,85,403
ca_mau,severe,Oracle,1,400.0,narrow,0.1,2024,2160,0,0,0.0,340.0,14,56,14,42,1,20.0,0,1864,2.4825,5,0,5,101,427
ca_mau,severe,Oracle,2,400.0,narrow,0.1,2024,2160,0,0,0.0,340.0,14,30,14,16,2,40.0,0,1857,1.8842,5,0,5,89,402
ca_mau,severe,Oracle,3,400.0,narrow,0.1,2024,2160,0,0,0.0,340.0,14,45,14,31,2,60.0,0,1824,2.1319,5,0,5,90,414
ca_mau,severe,Oracle,4,400.0,narrow,0.1,2024,2160,0,0,0.0,340.0,14,27,14,13,0,0.0,0,1831,1.1386,5,0,5,86,400
ca_mau,severe,Oracle,5,400.0,narrow,0.1,2024,2160,0,0,0.0,340.0,14,31,14,17,4,80.0,0,1826,2.1526,5,0,5,89,404
ca_mau,severe,Oracle,6,400.0,narrow,0.1,2024,2160,0,0,0.0,340.0,14,44,14,30,3,100.0,0,1835,2.3944,5,0,5,82,415
ca_mau,severe,Oracle,7,400.0,narrow,0.1,2024,2160,0,0,0.0,340.0,14,61,14,47,2,60.0,0,1839,3.3847,5,0,5,99,415
ca_mau,severe,Oracle,8,400.0,narrow,0.1,2024,2160,0,0,0.0,340.0,14,48,14,34,0,0.0,0,1831,2.0638,5,0,5,96,418
ca_mau,severe,Oracle,9,400.0,narrow,0.1,2024,2160,0,0,0.0,340.0,15,62,15,47,2,40.0,0,1804,3.1091,5,0,5,100,457
ca_mau,severe,TwinGate+T2+centre,0,400.0,narrow,0.1,2024,2160,0,0,0.0,280.0,19,49,14,30,3,60.0,71,1861,1.3608,14,1,12,1056,1097
ca_mau,severe,TwinGate+T2+centre,1,400.0,narrow,0.1,2024,2160,116,0,3.7296,240.0,18,53,11,35,0,0.0,72,1864,1.3608,12,2,9,1281,1226
ca_mau,severe,TwinGate+T2+centre,2,400.0,narrow,0.1,2024,2160,0,0,0.0,320.0,15,48,16,33,6,120.0,75,1857,1.5557,12,1,10,997,902
ca_mau,severe,TwinGate+T2+centre,3,400.0,narrow,0.1,2024,2160,86,0,3.3156,280.0,14,44,13,30,4,80.0,76,1824,1.5516,10,1,9,477,813
ca_mau,severe,TwinGate+T2+centre,4,400.0,narrow,0.1,2024,2160,0,0,0.0,300.0,12,28,15,16,5,100.0,78,1831,1.1385,11,0,11,329,749
ca_mau,severe,TwinGate+T2+centre,5,400.0,narrow,0.1,2024,2160,0,0,0.0,340.0,14,42,17,28,6,120.0,76,1826,1.8351,11,0,11,359,679
ca_mau,severe,TwinGate+T2+centre,6,400.0,narrow,0.1,2024,2160,0,0,0.0,320.0,12,35,16,23,7,140.0,78,1835,1.4347,11,0,11,311,636
ca_mau,severe,TwinGate+T2+centre,7,400.0,narrow,0.1,2024,2160,0,0,0.0,280.0,18,65,14,47,3,60.0,72,1839,1.8758,12,1,10,1096,1047
ca_mau,severe,TwinGate+T2+centre,8,400.0,narrow,0.1,2024,2160,0,0,0.0,280.0,23,64,14,41,1,20.0,67,1831,1.8257,14,1,13,539,984
ca_mau,severe,TwinGate+T2+centre,9,400.0,narrow,0.1,2024,2160,0,0,0.0,300.0,16,37,15,21,1,20.0,74,1804,1.291,14,0,14,390,821
ca_mau,severe,TwinGate+T2,0,inf,awd,0.02,2024,2160,0,0,0.0,320.0,22,61,16,39,2,40.0,68,1861,1.6667,10,0,10,192,584
ca_mau,severe,TwinGate+T2,1,inf,awd,0.02,2024,2160,0,0,0.0,340.0,20,60,17,40,3,60.0,70,1864,1.359,10,0,10,245,616
ca_mau,severe,TwinGate+T2,2,inf,awd,0.02,2024,2160,0,0,0.0,360.0,13,37,18,24,6,120.0,77,1857,1.2191,8,0,8,94,428
ca_mau,severe,TwinGate+T2,3,inf,awd,0.02,2024,2160,0,0,0.0,300.0,18,65,15,47,6,120.0,72,1824,1.8327,9,1,8,294,626
ca_mau,severe,TwinGate+T2,4,inf,awd,0.02,2024,2160,0,0,0.0,320.0,17,42,16,25,4,80.0,73,1831,1.6098,8,0,8,158,526
ca_mau,severe,TwinGate+T2,5,inf,awd,0.02,2024,2160,0,0,0.0,380.0,14,39,19,25,7,140.0,76,1826,1.1391,9,0,9,109,459
ca_mau,severe,TwinGate+T2,6,inf,awd,0.02,2024,2160,0,0,0.0,380.0,15,45,19,30,10,200.0,75,1835,1.9235,7,0,7,101,445
ca_mau,severe,TwinGate+T2,7,inf,awd,0.02,2024,2160,0,0,0.0,360.0,16,48,18,32,7,140.0,74,1839,2.0164,5,1,4,152,450
ca_mau,severe,TwinGate+T2,8,inf,awd,0.02,2024,2160,0,0,0.0,340.0,17,42,17,25,3,60.0,73,1831,1.0541,8,0,8,138,494
ca_mau,severe,TwinGate+T2,9,inf,awd,0.02,2024,2160,0,0,0.0,320.0,17,39,16,22,3,60.0,73,1804,1.3608,8,0,8,169,520
ca_mau,severe,TwinGate+blindARQ,0,inf,awd,0.02,2024,2160,0,0,0.0,320.0,13,54,16,41,3,60.0,77,1861,2.2334,8,0,8,104,503
ca_mau,severe,TwinGate+blindARQ,1,inf,awd,0.02,2024,2160,0,0,0.0,360.0,14,58,18,44,4,80.0,76,1864,1.7229,8,0,8,108,506
ca_mau,severe,TwinGate+blindARQ,2,inf,awd,0.02,2024,2160,0,0,0.0,420.0,12,56,21,44,9,180.0,78,1857,1.6685,5,0,5,69,381
ca_mau,severe,TwinGate+blindARQ,3,inf,awd,0.02,2024,2160,0,0,0.0,400.0,10,71,20,61,10,200.0,80,1824,2.5346,8,0,8,84,387
ca_mau,severe,TwinGate+blindARQ,4,inf,awd,0.02,2024,2160,0,0,0.0,360.0,12,66,18,54,6,120.0,78,1831,2.5834,8,0,8,100,400
ca_mau,severe,TwinGate+blindARQ,5,inf,awd,0.02,2024,2160,0,0,0.0,380.0,10,29,19,19,9,180.0,80,1826,1.2963,5,0,5,58,334
ca_mau,severe,TwinGate+blindARQ,6,inf,awd,0.02,2024,2160,0,0,0.0,500.0,10,101,25,91,15,300.0,80,1835,2.527,8,0,8,113,403
ca_mau,severe,TwinGate+blindARQ,7,inf,awd,0.02,2024,2160,0,0,0.0,360.0,10,80,18,70,8,160.0,80,1839,3.6431,7,0,7,105,376
ca_mau,severe,TwinGate+blindARQ,8,inf,awd,0.02,2024,2160,0,0,0.0,340.0,14,61,17,47,3,60.0,76,1831,2.4332,7,0,7,84,472
ca_mau,severe,TwinGate+blindARQ,9,inf,awd,0.02,2024,2160,0,0,0.0,320.0,13,46,16,33,3,60.0,77,1804,2.1287,6,0,6,87,481
ca_mau,severe,Reactive+T2,0,inf,awd,0.02,2024,2160,0,0,0.0,540.0,12,25,9,13,1,60.0,0,1861,2.2665,4,0,4,96,327
ca_mau,severe,Reactive+T2,1,inf,awd,0.02,2024,2160,0,0,0.0,480.0,11,29,8,18,1,60.0,0,1864,1.7747,5,0,5,83,312
ca_mau,severe,Reactive+T2,2,inf,awd,0.02,2024,2160,0,0,0.0,720.0,8,23,12,15,4,240.0,0,1857,1.2578,4,0,4,31,258
ca_mau,severe,Reactive+T2,3,inf,awd,0.02,2024,2160,0,0,0.0,660.0,14,43,11,29,4,240.0,0,1824,3.4698,5,1,4,164,393
ca_mau,severe,Reactive+T2,4,inf,awd,0.02,2024,2160,0,0,0.0,480.0,11,29,8,18,1,60.0,0,1831,2.0232,4,0,4,87,325
ca_mau,severe,Reactive+T2,5,inf,awd,0.02,2024,2160,0,0,0.0,600.0,8,24,10,16,3,180.0,0,1826,1.9976,4,0,4,32,259
ca_mau,severe,Reactive+T2,6,inf,awd,0.02,2024,2160,0,0,0.0,660.0,13,41,11,28,3,180.0,0,1835,2.8574,5,0,5,107,353
ca_mau,severe,Reactive+T2,7,inf,awd,0.02,2024,2160,0,0,0.0,600.0,12,38,10,26,2,120.0,0,1839,2.6602,5,0,5,93,331
ca_mau,severe,Reactive+T2,8,inf,awd,0.02,2024,2160,0,0,0.0,540.0,13,36,9,23,1,60.0,0,1831,2.8021,4,0,4,123,352
ca_mau,severe,Reactive+T2,9,inf,awd,0.02,2024,2160,0,0,0.0,480.0,9,25,8,16,0,0.0,0,1804,1.3469,4,0,4,57,282
ca_mau,severe,Reactive+blindARQ,0,inf,awd,0.02,2024,2160,0,0,0.0,540.0,8,62,9,54,1,60.0,0,1861,5.2491,4,0,4,43,278
ca_mau,severe,Reactive+blindARQ,1,inf,awd,0.02,2024,2160,0,0,0.0,540.0,8,33,9,25,1,60.0,0,1864,2.7222,4,0,4,39,271
ca_mau,severe,Reactive+blindARQ,2,inf,awd,0.02,2024,2160,0,0,0.0,960.0,8,34,16,26,8,480.0,0,1857,1.5462,3,0,3,22,254
ca_mau,severe,Reactive+blindARQ,3,inf,awd,0.02,2024,2160,0,0,0.0,960.0,8,57,16,49,8,480.0,0,1824,3.371,3,0,3,30,250
ca_mau,severe,Reactive+blindARQ,4,inf,awd,0.02,2024,2160,0,0,0.0,600.0,8,41,10,33,2,120.0,0,1831,3.6917,4,0,4,46,274
ca_mau,severe,Reactive+blindARQ,5,inf,awd,0.02,2024,2160,0,0,0.0,900.0,8,37,15,29,7,420.0,0,1826,2.1895,4,0,4,32,257
ca_mau,severe,Reactive+blindARQ,6,inf,awd,0.02,2024,2160,0,0,0.0,1260.0,8,47,21,39,13,780.0,0,1835,3.3457,3,0,3,24,245
ca_mau,severe,Reactive+blindARQ,7,inf,awd,0.02,2024,2160,0,0,0.0,780.0,8,61,13,53,5,300.0,0,1839,4.0019,2,0,2,24,254
ca_mau,severe,Reactive+blindARQ,8,inf,awd,0.02,2024,2160,0,0,0.0,540.0,8,52,9,44,1,60.0,0,1831,4.6194,5,0,5,45,265
ca_mau,severe,Reactive+blindARQ,9,inf,awd,0.02,2024,2160,0,0,0.0,600.0,8,39,10,31,2,120.0,0,1804,3.3079,4,0,4,46,274
ca_mau,severe,FixedSchedule,0,inf,awd,0.02,2024,2160,0,0,0.0,1500.0,18,98,25,80,7,420.0,0,1861,3.1318,0,0,0,0,0
ca_mau,severe,FixedSchedule,1,inf,awd,0.02,2024,2160,0,0,0.0,1320.0,18,72,22,54,4,240.0,0,1864,2.1407,0,0,0,0,0
ca_mau,severe,FixedSchedule,2,inf,awd,0.02,2024,2160,0,0,0.0,1680.0,18,67,28,49,10,600.0,0,1857,1.8154,0,0,0,0,0
ca_mau,severe,FixedSchedule,3,inf,awd,0.02,2024,2160,0,0,0.0,2040.0,18,110,34,92,16,960.0,0,1824,3.5552,0,0,0,0,0
ca_mau,severe,FixedSchedule,4,inf,awd,0.02,2024,2160,0,0,0.0,1500.0,18,74,25,56,7,420.0,0,1831,2.2701,0,0,0,0,0
ca_mau,severe,FixedSchedule,5,inf,awd,0.02,2024,2160,0,0,0.0,1800.0,18,80,30,62,12,720.0,0,1826,2.7007,0,0,0,0,0
ca_mau,severe,FixedSchedule,6,inf,awd,0.02,2024,2160,0,0,0.0,2160.0,18,98,36,80,18,1080.0,0,1835,2.2287,0,0,0,0,0
ca_mau,severe,FixedSchedule,7,inf,awd,0.02,2024,2160,0,0,0.0,1560.0,18,96,26,78,8,480.0,0,1839,3.0852,0,0,0,0,0
ca_mau,severe,FixedSchedule,8,inf,awd,0.02,2024,2160,0,0,0.0,1260.0,18,56,21,38,3,180.0,0,1831,1.0565,0,0,0,0,0
ca_mau,severe,FixedSchedule,9,inf,awd,0.02,2024,2160,0,0,0.0,1260.0,18,62,21,44,3,180.0,0,1804,1.5956,0,0,0,0,0
ca_mau,severe,Oracle,0,inf,awd,0.02,2024,2160,0,0,0.0,360.0,18,54,18,36,0,0.0,0,1861,1.8668,0,0,0,0,0
ca_mau,severe,Oracle,1,inf,awd,0.02,2024,2160,0,0,0.0,360.0,18,50,18,32,1,20.0,0,1864,1.6674,0,0,0,0,0
ca_mau,severe,Oracle,2,inf,awd,0.02,2024,2160,0,0,0.0,360.0,18,70,18,52,5,100.0,0,1857,2.6051,0,0,0,0,0
ca_mau,severe,Oracle,3,inf,awd,0.02,2024,2160,0,0,0.0,360.0,18,60,18,42,5,100.0,0,1824,1.9354,0,0,0,0,0
ca_mau,severe,Oracle,4,inf,awd,0.02,2024,2160,0,0,0.0,360.0,18,39,18,21,2,40.0,0,1831,1.291,0,0,0,0,0
ca_mau,severe,Oracle,5,inf,awd,0.02,2024,2160,0,0,0.0,360.0,18,54,18,36,3,60.0,0,1826,2.3232,0,0,0,0,0
ca_mau,severe,Oracle,6,inf,awd,0.02,2024,2160,0,0,0.0,360.0,18,64,18,46,7,140.0,0,1835,2.396,0,0,0,0,0
ca_mau,severe,Oracle,7,inf,awd,0.02,2024,2160,0,0,0.0,360.0,18,55,18,37,2,40.0,0,1839,2.1,0,0,0,0,0
ca_mau,severe,Oracle,8,inf,awd,0.02,2024,2160,0,0,0.0,360.0,18,63,18,45,2,40.0,0,1831,2.4157,0,0,0,0,0
ca_mau,severe,Oracle,9,inf,awd,0.02,2024,2160,0,0,0.0,360.0,18,48,18,30,2,40.0,0,1804,1.8203,0,0,0,0,0
ca_mau,severe,TwinGate+T2+centre,0,inf,awd,0.02,2024,2160,0,0,0.0,320.0,22,61,16,39,2,40.0,68,1861,1.6667,10,0,10,192,584
ca_mau,severe,TwinGate+T2+centre,1,inf,awd,0.02,2024,2160,0,0,0.0,340.0,20,60,17,40,3,60.0,70,1864,1.359,10,0,10,245,616
ca_mau,severe,TwinGate+T2+centre,2,inf,awd,0.02,2024,2160,0,0,0.0,360.0,13,37,18,24,6,120.0,77,1857,1.2191,8,0,8,94,428
ca_mau,severe,TwinGate+T2+centre,3,inf,awd,0.02,2024,2160,0,0,0.0,300.0,18,65,15,47,6,120.0,72,1824,1.8327,9,1,8,294,626
ca_mau,severe,TwinGate+T2+centre,4,inf,awd,0.02,2024,2160,0,0,0.0,320.0,17,42,16,25,4,80.0,73,1831,1.6098,8,0,8,158,526
ca_mau,severe,TwinGate+T2+centre,5,inf,awd,0.02,2024,2160,0,0,0.0,380.0,14,39,19,25,7,140.0,76,1826,1.1391,9,0,9,109,459
ca_mau,severe,TwinGate+T2+centre,6,inf,awd,0.02,2024,2160,0,0,0.0,380.0,15,45,19,30,10,200.0,75,1835,1.9235,7,0,7,101,445
ca_mau,severe,TwinGate+T2+centre,7,inf,awd,0.02,2024,2160,0,0,0.0,360.0,16,48,18,32,7,140.0,74,1839,2.0164,5,1,4,152,450
ca_mau,severe,TwinGate+T2+centre,8,inf,awd,0.02,2024,2160,0,0,0.0,340.0,17,42,17,25,3,60.0,73,1831,1.0541,8,0,8,138,494
ca_mau,severe,TwinGate+T2+centre,9,inf,awd,0.02,2024,2160,0,0,0.0,320.0,17,39,16,22,3,60.0,73,1804,1.3608,8,0,8,169,520
ca_mau,severe,TwinGate+T2,0,inf,mid,0.05,2024,2160,0,0,0.0,320.0,22,61,16,39,2,40.0,68,1861,1.6667,10,0,10,192,584
ca_mau,severe,TwinGate+T2,1,inf,mid,0.05,2024,2160,0,0,0.0,340.0,20,60,17,40,3,60.0,70,1864,1.359,10,0,10,245,616
ca_mau,severe,TwinGate+T2,2,inf,mid,0.05,2024,2160,0,0,0.0,360.0,13,37,18,24,6,120.0,77,1857,1.2191,8,0,8,94,428
ca_mau,severe,TwinGate+T2,3,inf,mid,0.05,2024,2160,0,0,0.0,300.0,18,65,15,47,6,120.0,72,1824,1.8327,9,1,8,294,626
ca_mau,severe,TwinGate+T2,4,inf,mid,0.05,2024,2160,0,0,0.0,320.0,17,42,16,25,4,80.0,73,1831,1.6098,8,0,8,158,526
ca_mau,severe,TwinGate+T2,5,inf,mid,0.05,2024,2160,0,0,0.0,380.0,14,39,19,25,7,140.0,76,1826,1.1391,9,0,9,109,459
ca_mau,severe,TwinGate+T2,6,inf,mid,0.05,2024,2160,0,0,0.0,380.0,15,45,19,30,10,200.0,75,1835,1.9235,7,0,7,101,445
ca_mau,severe,TwinGate+T2,7,inf,mid,0.05,2024,2160,0,0,0.0,360.0,16,48,18,32,7,140.0,74,1839,2.0164,5,1,4,152,450
ca_mau,severe,TwinGate+T2,8,inf,mid,0.05,2024,2160,0,0,0.0,340.0,17,42,17,25,3,60.0,73,1831,1.0541,8,0,8,138,494
ca_mau,severe,TwinGate+T2,9,inf,mid,0.05,2024,2160,0,0,0.0,320.0,17,39,16,22,3,60.0,73,1804,1.3608,8,0,8,169,520
ca_mau,severe,TwinGate+blindARQ,0,inf,mid,0.05,2024,2160,0,0,0.0,320.0,13,54,16,41,3,60.0,77,1861,2.2334,8,0,8,104,503
ca_mau,severe,TwinGate+blindARQ,1,inf,mid,0.05,2024,2160,0,0,0.0,360.0,14,58,18,44,4,80.0,76,1864,1.7229,8,0,8,108,506
ca_mau,severe,TwinGate+blindARQ,2,inf,mid,0.05,2024,2160,0,0,0.0,420.0,12,56,21,44,9,180.0,78,1857,1.6685,5,0,5,69,381
ca_mau,severe,TwinGate+blindARQ,3,inf,mid,0.05,2024,2160,0,0,0.0,400.0,10,71,20,61,10,200.0,80,1824,2.5346,8,0,8,84,387
ca_mau,severe,TwinGate+blindARQ,4,inf,mid,0.05,2024,2160,0,0,0.0,360.0,12,66,18,54,6,120.0,78,1831,2.5834,8,0,8,100,400
ca_mau,severe,TwinGate+blindARQ,5,inf,mid,0.05,2024,2160,0,0,0.0,380.0,10,29,19,19,9,180.0,80,1826,1.2963,5,0,5,58,334
ca_mau,severe,TwinGate+blindARQ,6,inf,mid,0.05,2024,2160,0,0,0.0,500.0,10,101,25,91,15,300.0,80,1835,2.527,8,0,8,113,403
ca_mau,severe,TwinGate+blindARQ,7,inf,mid,0.05,2024,2160,0,0,0.0,360.0,10,80,18,70,8,160.0,80,1839,3.6431,7,0,7,105,376
ca_mau,severe,TwinGate+blindARQ,8,inf,mid,0.05,2024,2160,0,0,0.0,340.0,14,61,17,47,3,60.0,76,1831,2.4332,7,0,7,84,472
ca_mau,severe,TwinGate+blindARQ,9,inf,mid,0.05,2024,2160,0,0,0.0,320.0,13,46,16,33,3,60.0,77,1804,2.1287,6,0,6,87,481
ca_mau,severe,Reactive+T2,0,inf,mid,0.05,2024,2160,0,0,0.0,540.0,12,25,9,13,1,60.0,0,1861,2.2665,4,0,4,96,327
ca_mau,severe,Reactive+T2,1,inf,mid,0.05,2024,2160,0,0,0.0,480.0,11,29,8,18,1,60.0,0,1864,1.7747,5,0,5,83,312
ca_mau,severe,Reactive+T2,2,inf,mid,0.05,2024,2160,0,0,0.0,720.0,8,23,12,15,4,240.0,0,1857,1.2578,4,0,4,31,258
ca_mau,severe,Reactive+T2,3,inf,mid,0.05,2024,2160,0,0,0.0,660.0,14,43,11,29,4,240.0,0,1824,3.4698,5,1,4,164,393
ca_mau,severe,Reactive+T2,4,inf,mid,0.05,2024,2160,0,0,0.0,480.0,11,29,8,18,1,60.0,0,1831,2.0232,4,0,4,87,325
ca_mau,severe,Reactive+T2,5,inf,mid,0.05,2024,2160,0,0,0.0,600.0,8,24,10,16,3,180.0,0,1826,1.9976,4,0,4,32,259
ca_mau,severe,Reactive+T2,6,inf,mid,0.05,2024,2160,0,0,0.0,660.0,13,41,11,28,3,180.0,0,1835,2.8574,5,0,5,107,353
ca_mau,severe,Reactive+T2,7,inf,mid,0.05,2024,2160,0,0,0.0,600.0,12,38,10,26,2,120.0,0,1839,2.6602,5,0,5,93,331
ca_mau,severe,Reactive+T2,8,inf,mid,0.05,2024,2160,0,0,0.0,540.0,13,36,9,23,1,60.0,0,1831,2.8021,4,0,4,123,352
ca_mau,severe,Reactive+T2,9,inf,mid,0.05,2024,2160,0,0,0.0,480.0,9,25,8,16,0,0.0,0,1804,1.3469,4,0,4,57,282
ca_mau,severe,Reactive+blindARQ,0,inf,mid,0.05,2024,2160,0,0,0.0,540.0,8,62,9,54,1,60.0,0,1861,5.2491,4,0,4,43,278
ca_mau,severe,Reactive+blindARQ,1,inf,mid,0.05,2024,2160,0,0,0.0,540.0,8,33,9,25,1,60.0,0,1864,2.7222,4,0,4,39,271
ca_mau,severe,Reactive+blindARQ,2,inf,mid,0.05,2024,2160,0,0,0.0,960.0,8,34,16,26,8,480.0,0,1857,1.5462,3,0,3,22,254
ca_mau,severe,Reactive+blindARQ,3,inf,mid,0.05,2024,2160,0,0,0.0,960.0,8,57,16,49,8,480.0,0,1824,3.371,3,0,3,30,250
ca_mau,severe,Reactive+blindARQ,4,inf,mid,0.05,2024,2160,0,0,0.0,600.0,8,41,10,33,2,120.0,0,1831,3.6917,4,0,4,46,274
ca_mau,severe,Reactive+blindARQ,5,inf,mid,0.05,2024,2160,0,0,0.0,900.0,8,37,15,29,7,420.0,0,1826,2.1895,4,0,4,32,257
ca_mau,severe,Reactive+blindARQ,6,inf,mid,0.05,2024,2160,0,0,0.0,1260.0,8,47,21,39,13,780.0,0,1835,3.3457,3,0,3,24,245
ca_mau,severe,Reactive+blindARQ,7,inf,mid,0.05,2024,2160,0,0,0.0,780.0,8,61,13,53,5,300.0,0,1839,4.0019,2,0,2,24,254
ca_mau,severe,Reactive+blindARQ,8,inf,mid,0.05,2024,2160,0,0,0.0,540.0,8,52,9,44,1,60.0,0,1831,4.6194,5,0,5,45,265
ca_mau,severe,Reactive+blindARQ,9,inf,mid,0.05,2024,2160,0,0,0.0,600.0,8,39,10,31,2,120.0,0,1804,3.3079,4,0,4,46,274
ca_mau,severe,FixedSchedule,0,inf,mid,0.05,2024,2160,0,0,0.0,1500.0,18,98,25,80,7,420.0,0,1861,3.1318,0,0,0,0,0
ca_mau,severe,FixedSchedule,1,inf,mid,0.05,2024,2160,0,0,0.0,1320.0,18,72,22,54,4,240.0,0,1864,2.1407,0,0,0,0,0
ca_mau,severe,FixedSchedule,2,inf,mid,0.05,2024,2160,0,0,0.0,1680.0,18,67,28,49,10,600.0,0,1857,1.8154,0,0,0,0,0
ca_mau,severe,FixedSchedule,3,inf,mid,0.05,2024,2160,0,0,0.0,2040.0,18,110,34,92,16,960.0,0,1824,3.5552,0,0,0,0,0
ca_mau,severe,FixedSchedule,4,inf,mid,0.05,2024,2160,0,0,0.0,1500.0,18,74,25,56,7,420.0,0,1831,2.2701,0,0,0,0,0
ca_mau,severe,FixedSchedule,5,inf,mid,0.05,2024,2160,0,0,0.0,1800.0,18,80,30,62,12,720.0,0,1826,2.7007,0,0,0,0,0
ca_mau,severe,FixedSchedule,6,inf,mid,0.05,2024,2160,0,0,0.0,2160.0,18,98,36,80,18,1080.0,0,1835,2.2287,0,0,0,0,0
ca_mau,severe,FixedSchedule,7,inf,mid,0.05,2024,2160,0,0,0.0,1560.0,18,96,26,78,8,480.0,0,1839,3.0852,0,0,0,0,0
ca_mau,severe,FixedSchedule,8,inf,mid,0.05,2024,2160,0,0,0.0,1260.0,18,56,21,38,3,180.0,0,1831,1.0565,0,0,0,0,0
ca_mau,severe,FixedSchedule,9,inf,mid,0.05,2024,2160,0,0,0.0,1260.0,18,62,21,44,3,180.0,0,1804,1.5956,0,0,0,0,0
ca_mau,severe,Oracle,0,inf,mid,0.05,2024,2160,0,0,0.0,360.0,18,54,18,36,0,0.0,0,1861,1.8668,0,0,0,0,0
ca_mau,severe,Oracle,1,inf,mid,0.05,2024,2160,0,0,0.0,360.0,18,50,18,32,1,20.0,0,1864,1.6674,0,0,0,0,0
ca_mau,severe,Oracle,2,inf,mid,0.05,2024,2160,0,0,0.0,360.0,18,70,18,52,5,100.0,0,1857,2.6051,0,0,0,0,0
ca_mau,severe,Oracle,3,inf,mid,0.05,2024,2160,0,0,0.0,360.0,18,60,18,42,5,100.0,0,1824,1.9354,0,0,0,0,0
ca_mau,severe,Oracle,4,inf,mid,0.05,2024,2160,0,0,0.0,360.0,18,39,18,21,2,40.0,0,1831,1.291,0,0,0,0,0
ca_mau,severe,Oracle,5,inf,mid,0.05,2024,2160,0,0,0.0,360.0,18,54,18,36,3,60.0,0,1826,2.3232,0,0,0,0,0
ca_mau,severe,Oracle,6,inf,mid,0.05,2024,2160,0,0,0.0,360.0,18,64,18,46,7,140.0,0,1835,2.396,0,0,0,0,0
ca_mau,severe,Oracle,7,inf,mid,0.05,2024,2160,0,0,0.0,360.0,18,55,18,37,2,40.0,0,1839,2.1,0,0,0,0,0
ca_mau,severe,Oracle,8,inf,mid,0.05,2024,2160,0,0,0.0,360.0,18,63,18,45,2,40.0,0,1831,2.4157,0,0,0,0,0
ca_mau,severe,Oracle,9,inf,mid,0.05,2024,2160,0,0,0.0,360.0,18,48,18,30,2,40.0,0,1804,1.8203,0,0,0,0,0
ca_mau,severe,TwinGate+T2+centre,0,inf,mid,0.05,2024,2160,0,0,0.0,320.0,22,61,16,39,2,40.0,68,1861,1.6667,10,0,10,192,584
ca_mau,severe,TwinGate+T2+centre,1,inf,mid,0.05,2024,2160,0,0,0.0,340.0,20,60,17,40,3,60.0,70,1864,1.359,10,0,10,245,616
ca_mau,severe,TwinGate+T2+centre,2,inf,mid,0.05,2024,2160,0,0,0.0,360.0,13,37,18,24,6,120.0,77,1857,1.2191,8,0,8,94,428
ca_mau,severe,TwinGate+T2+centre,3,inf,mid,0.05,2024,2160,0,0,0.0,300.0,18,65,15,47,6,120.0,72,1824,1.8327,9,1,8,294,626
ca_mau,severe,TwinGate+T2+centre,4,inf,mid,0.05,2024,2160,0,0,0.0,320.0,17,42,16,25,4,80.0,73,1831,1.6098,8,0,8,158,526
ca_mau,severe,TwinGate+T2+centre,5,inf,mid,0.05,2024,2160,0,0,0.0,380.0,14,39,19,25,7,140.0,76,1826,1.1391,9,0,9,109,459
ca_mau,severe,TwinGate+T2+centre,6,inf,mid,0.05,2024,2160,0,0,0.0,380.0,15,45,19,30,10,200.0,75,1835,1.9235,7,0,7,101,445
ca_mau,severe,TwinGate+T2+centre,7,inf,mid,0.05,2024,2160,0,0,0.0,360.0,16,48,18,32,7,140.0,74,1839,2.0164,5,1,4,152,450
ca_mau,severe,TwinGate+T2+centre,8,inf,mid,0.05,2024,2160,0,0,0.0,340.0,17,42,17,25,3,60.0,73,1831,1.0541,8,0,8,138,494
ca_mau,severe,TwinGate+T2+centre,9,inf,mid,0.05,2024,2160,0,0,0.0,320.0,17,39,16,22,3,60.0,73,1804,1.3608,8,0,8,169,520
ca_mau,severe,TwinGate+T2,0,inf,narrow,0.1,2024,2160,0,0,0.0,280.0,19,49,14,30,3,60.0,71,1861,1.3608,14,1,12,1056,1097
ca_mau,severe,TwinGate+T2,1,inf,narrow,0.1,2024,2160,116,0,3.7296,240.0,18,53,11,35,0,0.0,72,1864,1.3608,12,2,9,1281,1226
ca_mau,severe,TwinGate+T2,2,inf,narrow,0.1,2024,2160,0,0,0.0,320.0,15,48,16,33,6,120.0,75,1857,1.5557,12,1,10,997,902
ca_mau,severe,TwinGate+T2,3,inf,narrow,0.1,2024,2160,86,0,3.3156,280.0,14,44,13,30,4,80.0,76,1824,1.5516,10,1,9,477,813
ca_mau,severe,TwinGate+T2,4,inf,narrow,0.1,2024,2160,0,0,0.0,300.0,12,28,15,16,5,100.0,78,1831,1.1385,11,0,11,329,749
ca_mau,severe,TwinGate+T2,5,inf,narrow,0.1,2024,2160,0,0,0.0,340.0,14,42,17,28,6,120.0,76,1826,1.8351,11,0,11,359,679
ca_mau,severe,TwinGate+T2,6,inf,narrow,0.1,2024,2160,0,0,0.0,320.0,12,35,16,23,7,140.0,78,1835,1.4347,11,0,11,311,636
ca_mau,severe,TwinGate+T2,7,inf,narrow,0.1,2024,2160,0,0,0.0,280.0,18,65,14,47,3,60.0,72,1839,1.8758,12,1,10,1096,1047
ca_mau,severe,TwinGate+T2,8,inf,narrow,0.1,2024,2160,0,0,0.0,280.0,23,64,14,41,1,20.0,67,1831,1.8257,14,1,13,539,984
ca_mau,severe,TwinGate+T2,9,inf,narrow,0.1,2024,2160,0,0,0.0,300.0,16,37,15,21,1,20.0,74,1804,1.291,14,0,14,390,821
ca_mau,severe,TwinGate+blindARQ,0,inf,narrow,0.1,2024,2160,0,0,0.0,300.0,12,66,15,54,3,60.0,78,1861,2.6483,12,0,12,344,777
ca_mau,severe,TwinGate+blindARQ,1,inf,narrow,0.1,2024,2160,0,0,0.0,340.0,13,54,17,41,4,80.0,77,1864,1.4908,13,0,13,365,728
ca_mau,severe,TwinGate+blindARQ,2,inf,narrow,0.1,2024,2160,0,0,0.0,420.0,12,66,21,54,9,180.0,78,1857,2.2874,12,0,12,346,673
ca_mau,severe,TwinGate+blindARQ,3,inf,narrow,0.1,2024,2160,0,0,0.0,360.0,9,51,18,42,9,180.0,81,1824,1.991,9,0,9,256,484
ca_mau,severe,TwinGate+blindARQ,4,inf,narrow,0.1,2024,2160,0,0,0.0,320.0,11,41,16,30,5,100.0,79,1831,1.6471,11,0,11,309,646
ca_mau,severe,TwinGate+blindARQ,5,inf,narrow,0.1,2024,2160,0,0,0.0,380.0,10,33,19,23,9,180.0,80,1826,1.2408,10,0,10,284,567
ca_mau,severe,TwinGate+blindARQ,6,inf,narrow,0.1,2024,2160,0,0,0.0,440.0,9,67,22,58,13,260.0,81,1835,2.2648,9,0,9,275,562
ca_mau,severe,TwinGate+blindARQ,7,inf,narrow,0.1,2024,2160,0,0,0.0,360.0,10,44,18,34,8,160.0,80,1839,1.9246,10,0,10,264,565
ca_mau,severe,TwinGate+blindARQ,8,inf,narrow,0.1,2024,2160,0,0,0.0,300.0,13,60,15,47,2,40.0,77,1831,2.1082,13,0,13,298,826
ca_mau,severe,TwinGate+blindARQ,9,inf,narrow,0.1,2024,2160,0,0,0.0,300.0,12,69,15,57,3,60.0,78,1804,2.9495,12,0,12,365,765
ca_mau,severe,Reactive+T2,0,inf,narrow,0.1,2024,2160,0,0,0.0,540.0,12,25,9,13,1,60.0,0,1861,2.2665,4,0,4,96,327
ca_mau,severe,Reactive+T2,1,inf,narrow,0.1,2024,2160,0,0,0.0,480.0,11,29,8,18,1,60.0,0,1864,1.7747,5,0,5,83,312
ca_mau,severe,Reactive+T2,2,inf,narrow,0.1,2024,2160,0,0,0.0,720.0,8,23,12,15,4,240.0,0,1857,1.2578,4,0,4,31,258
ca_mau,severe,Reactive+T2,3,inf,narrow,0.1,2024,2160,0,0,0.0,660.0,14,43,11,29,4,240.0,0,1824,3.4698,5,1,4,164,393
ca_mau,severe,Reactive+T2,4,inf,narrow,0.1,2024,2160,0,0,0.0,480.0,11,29,8,18,1,60.0,0,1831,2.0232,4,0,4,87,325
ca_mau,severe,Reactive+T2,5,inf,narrow,0.1,2024,2160,0,0,0.0,600.0,8,24,10,16,3,180.0,0,1826,1.9976,4,0,4,32,259
ca_mau,severe,Reactive+T2,6,inf,narrow,0.1,2024,2160,0,0,0.0,660.0,13,41,11,28,3,180.0,0,1835,2.8574,5,0,5,107,353
ca_mau,severe,Reactive+T2,7,inf,narrow,0.1,2024,2160,0,0,0.0,600.0,12,38,10,26,2,120.0,0,1839,2.6602,5,0,5,93,331
ca_mau,severe,Reactive+T2,8,inf,narrow,0.1,2024,2160,0,0,0.0,540.0,13,36,9,23,1,60.0,0,1831,2.8021,4,0,4,123,352
ca_mau,severe,Reactive+T2,9,inf,narrow,0.1,2024,2160,0,0,0.0,480.0,9,25,8,16,0,0.0,0,1804,1.3469,4,0,4,57,282
ca_mau,severe,Reactive+blindARQ,0,inf,narrow,0.1,2024,2160,0,0,0.0,540.0,8,62,9,54,1,60.0,0,1861,5.2491,4,0,4,43,278
ca_mau,severe,Reactive+blindARQ,1,inf,narrow,0.1,2024,2160,0,0,0.0,540.0,8,33,9,25,1,60.0,0,1864,2.7222,4,0,4,39,271
ca_mau,severe,Reactive+blindARQ,2,inf,narrow,0.1,2024,2160,0,0,0.0,960.0,8,34,16,26,8,480.0,0,1857,1.5462,3,0,3,22,254
ca_mau,severe,Reactive+blindARQ,3,inf,narrow,0.1,2024,2160,0,0,0.0,960.0,8,57,16,49,8,480.0,0,1824,3.371,3,0,3,30,250
ca_mau,severe,Reactive+blindARQ,4,inf,narrow,0.1,2024,2160,0,0,0.0,600.0,8,41,10,33,2,120.0,0,1831,3.6917,4,0,4,46,274
ca_mau,severe,Reactive+blindARQ,5,inf,narrow,0.1,2024,2160,0,0,0.0,900.0,8,37,15,29,7,420.0,0,1826,2.1895,4,0,4,32,257
ca_mau,severe,Reactive+blindARQ,6,inf,narrow,0.1,2024,2160,0,0,0.0,1260.0,8,47,21,39,13,780.0,0,1835,3.3457,3,0,3,24,245
ca_mau,severe,Reactive+blindARQ,7,inf,narrow,0.1,2024,2160,0,0,0.0,780.0,8,61,13,53,5,300.0,0,1839,4.0019,2,0,2,24,254
ca_mau,severe,Reactive+blindARQ,8,inf,narrow,0.1,2024,2160,0,0,0.0,540.0,8,52,9,44,1,60.0,0,1831,4.6194,5,0,5,45,265
ca_mau,severe,Reactive+blindARQ,9,inf,narrow,0.1,2024,2160,0,0,0.0,600.0,8,39,10,31,2,120.0,0,1804,3.3079,4,0,4,46,274
ca_mau,severe,FixedSchedule,0,inf,narrow,0.1,2024,2160,0,0,0.0,1500.0,18,98,25,80,7,420.0,0,1861,3.1318,0,0,0,0,0
ca_mau,severe,FixedSchedule,1,inf,narrow,0.1,2024,2160,0,0,0.0,1320.0,18,72,22,54,4,240.0,0,1864,2.1407,0,0,0,0,0
ca_mau,severe,FixedSchedule,2,inf,narrow,0.1,2024,2160,0,0,0.0,1680.0,18,67,28,49,10,600.0,0,1857,1.8154,0,0,0,0,0
ca_mau,severe,FixedSchedule,3,inf,narrow,0.1,2024,2160,0,0,0.0,2040.0,18,110,34,92,16,960.0,0,1824,3.5552,0,0,0,0,0
ca_mau,severe,FixedSchedule,4,inf,narrow,0.1,2024,2160,0,0,0.0,1500.0,18,74,25,56,7,420.0,0,1831,2.2701,0,0,0,0,0
ca_mau,severe,FixedSchedule,5,inf,narrow,0.1,2024,2160,0,0,0.0,1800.0,18,80,30,62,12,720.0,0,1826,2.7007,0,0,0,0,0
ca_mau,severe,FixedSchedule,6,inf,narrow,0.1,2024,2160,0,0,0.0,2160.0,18,98,36,80,18,1080.0,0,1835,2.2287,0,0,0,0,0
ca_mau,severe,FixedSchedule,7,inf,narrow,0.1,2024,2160,0,0,0.0,1560.0,18,96,26,78,8,480.0,0,1839,3.0852,0,0,0,0,0
ca_mau,severe,FixedSchedule,8,inf,narrow,0.1,2024,2160,0,0,0.0,1260.0,18,56,21,38,3,180.0,0,1831,1.0565,0,0,0,0,0
ca_mau,severe,FixedSchedule,9,inf,narrow,0.1,2024,2160,0,0,0.0,1260.0,18,62,21,44,3,180.0,0,1804,1.5956,0,0,0,0,0
ca_mau,severe,Oracle,0,inf,narrow,0.1,2024,2160,0,0,0.0,360.0,18,54,18,36,0,0.0,0,1861,1.8668,0,0,0,0,0
ca_mau,severe,Oracle,1,inf,narrow,0.1,2024,2160,0,0,0.0,360.0,18,50,18,32,1,20.0,0,1864,1.6674,0,0,0,0,0
ca_mau,severe,Oracle,2,inf,narrow,0.1,2024,2160,0,0,0.0,360.0,18,70,18,52,5,100.0,0,1857,2.6051,0,0,0,0,0
ca_mau,severe,Oracle,3,inf,narrow,0.1,2024,2160,0,0,0.0,360.0,18,60,18,42,5,100.0,0,1824,1.9354,0,0,0,0,0
ca_mau,severe,Oracle,4,inf,narrow,0.1,2024,2160,0,0,0.0,360.0,18,39,18,21,2,40.0,0,1831,1.291,0,0,0,0,0
ca_mau,severe,Oracle,5,inf,narrow,0.1,2024,2160,0,0,0.0,360.0,18,54,18,36,3,60.0,0,1826,2.3232,0,0,0,0,0
ca_mau,severe,Oracle,6,inf,narrow,0.1,2024,2160,0,0,0.0,360.0,18,64,18,46,7,140.0,0,1835,2.396,0,0,0,0,0
ca_mau,severe,Oracle,7,inf,narrow,0.1,2024,2160,0,0,0.0,360.0,18,55,18,37,2,40.0,0,1839,2.1,0,0,0,0,0
ca_mau,severe,Oracle,8,inf,narrow,0.1,2024,2160,0,0,0.0,360.0,18,63,18,45,2,40.0,0,1831,2.4157,0,0,0,0,0
ca_mau,severe,Oracle,9,inf,narrow,0.1,2024,2160,0,0,0.0,360.0,18,48,18,30,2,40.0,0,1804,1.8203,0,0,0,0,0
ca_mau,severe,TwinGate+T2+centre,0,inf,narrow,0.1,2024,2160,0,0,0.0,280.0,19,49,14,30,3,60.0,71,1861,1.3608,14,1,12,1056,1097
ca_mau,severe,TwinGate+T2+centre,1,inf,narrow,0.1,2024,2160,116,0,3.7296,240.0,18,53,11,35,0,0.0,72,1864,1.3608,12,2,9,1281,1226
ca_mau,severe,TwinGate+T2+centre,2,inf,narrow,0.1,2024,2160,0,0,0.0,320.0,15,48,16,33,6,120.0,75,1857,1.5557,12,1,10,997,902
ca_mau,severe,TwinGate+T2+centre,3,inf,narrow,0.1,2024,2160,86,0,3.3156,280.0,14,44,13,30,4,80.0,76,1824,1.5516,10,1,9,477,813
ca_mau,severe,TwinGate+T2+centre,4,inf,narrow,0.1,2024,2160,0,0,0.0,300.0,12,28,15,16,5,100.0,78,1831,1.1385,11,0,11,329,749
ca_mau,severe,TwinGate+T2+centre,5,inf,narrow,0.1,2024,2160,0,0,0.0,340.0,14,42,17,28,6,120.0,76,1826,1.8351,11,0,11,359,679
ca_mau,severe,TwinGate+T2+centre,6,inf,narrow,0.1,2024,2160,0,0,0.0,320.0,12,35,16,23,7,140.0,78,1835,1.4347,11,0,11,311,636
ca_mau,severe,TwinGate+T2+centre,7,inf,narrow,0.1,2024,2160,0,0,0.0,280.0,18,65,14,47,3,60.0,72,1839,1.8758,12,1,10,1096,1047
ca_mau,severe,TwinGate+T2+centre,8,inf,narrow,0.1,2024,2160,0,0,0.0,280.0,23,64,14,41,1,20.0,67,1831,1.8257,14,1,13,539,984
ca_mau,severe,TwinGate+T2+centre,9,inf,narrow,0.1,2024,2160,0,0,0.0,300.0,16,37,15,21,1,20.0,74,1804,1.291,14,0,14,390,821
