station,network,policy,seed,budget_mm,fidelity,sigma_frac,year,hours,hours_unsafe,hours_severe,stress_integral,water_applied_mm,commands_generated,commands_sent,commands_delivered,resends_sent,double_irrigations,water_wasted_dup_mm,withheld,uplink_success,twin_rmse,awd_cycles,awd_effective,awd_short,awd_dry_hours,stress_hours
can_tho,mild,TwinGate+T2,0,80.0,awd,0.02,2025,2160,0,0,0.0,80.0,4,4,4,0,0,0.0,86,1861,0.0,5,4,0,1839,1481
can_tho,mild,TwinGate+T2,1,80.0,awd,0.02,2025,2160,0,0,0.0,80.0,4,6,4,2,0,0.0,86,1864,0.9621,5,4,0,1841,1481
can_tho,mild,TwinGate+T2,2,80.0,awd,0.02,2025,2160,23,0,0.0316,80.0,3,4,4,1,2,40.0,87,1857,0.0,4,3,0,1762,1372
can_tho,mild,TwinGate+T2,3,80.0,awd,0.02,2025,2160,6,0,0.0176,80.0,4,6,4,2,1,20.0,86,1824,0.6086,4,3,0,1686,1355
can_tho,mild,TwinGate+T2,4,80.0,awd,0.02,2025,2160,25,0,0.0423,80.0,3,4,4,1,1,20.0,87,1831,0.0,4,3,0,1750,1362
can_tho,mild,TwinGate+T2,5,80.0,awd,0.02,2025,2160,23,0,0.0316,80.0,3,4,4,1,1,20.0,87,1826,0.0,4,3,0,1762,1372
can_tho,mild,TwinGate+T2,6,80.0,awd,0.02,2025,2160,25,0,0.0423,80.0,3,5,4,2,3,60.0,87,1835,0.4303,4,3,0,1750,1362
can_tho,mild,TwinGate+T2,7,80.0,awd,0.02,2025,2160,64,0,0.2579,80.0,2,4,4,2,2,40.0,88,1839,0.0,3,2,0,1689,1299
can_tho,mild,TwinGate+T2,8,80.0,awd,0.02,2025,2160,0,0,0.0,80.0,5,8,4,3,0,0.0,85,1831,0.8607,5,4,0,1846,1481
can_tho,mild,TwinGate+T2,9,80.0,awd,0.02,2025,2160,0,0,0.0,80.0,4,5,4,1,1,20.0,86,1804,0.4303,5,4,0,1840,1481
can_tho,mild,TwinGate+blindARQ,0,80.0,awd,0.02,2025,2160,0,0,0.0,80.0,4,4,4,0,0,0.0,86,1861,0.0,5,4,0,1839,1481
can_tho,mild,TwinGate+blindARQ,1,80.0,awd,0.02,2025,2160,6,0,0.0239,80.0,3,5,4,2,1,20.0,87,1864,0.7006,4,3,0,1688,1359
can_tho,mild,TwinGate+blindARQ,2,80.0,awd,0.02,2025,2160,67,0,0.3751,80.0,2,4,4,2,2,40.0,88,1857,0.0,3,2,0,1741,1330
can_tho,mild,TwinGate+blindARQ,3,80.0,awd,0.02,2025,2160,67,0,0.3751,80.0,2,4,4,2,2,40.0,88,1824,0.0,3,2,0,1741,1330
can_tho,mild,TwinGate+blindARQ,4,80.0,awd,0.02,2025,2160,25,0,0.0423,80.0,3,4,4,1,1,20.0,87,1831,0.0,4,3,0,1750,1362
can_tho,mild,TwinGate+blindARQ,5,80.0,awd,0.02,2025,2160,23,0,0.0316,80.0,3,4,4,1,1,20.0,87,1826,0.0,4,3,0,1762,1372
can_tho,mild,TwinGate+blindARQ,6,80.0,awd,0.02,2025,2160,193,0,4.3275,80.0,1,4,4,3,3,60.0,89,1835,0.0,2,1,0,1752,1307
can_tho,mild,TwinGate+blindARQ,7,80.0,awd,0.02,2025,2160,64,0,0.2579,80.0,2,4,4,2,2,40.0,88,1839,0.0,3,2,0,1689,1299
can_tho,mild,TwinGate+blindARQ,8,80.0,awd,0.02,2025,2160,0,0,0.0,80.0,4,9,4,5,0,0.0,86,1831,0.9623,5,4,0,1843,1481
can_tho,mild,TwinGate+blindARQ,9,80.0,awd,0.02,2025,2160,23,0,0.0316,80.0,3,6,4,3,1,20.0,87,1804,0.6086,4,3,0,1763,1374
can_tho,mild,Reactive+T2,0,80.0,awd,0.02,2025,2160,221,0,6.1213,80.0,2,2,2,0,0,0.0,0,1861,0.0,1,0,0,1664,1243
can_tho,mild,Reactive+T2,1,80.0,awd,0.02,2025,2160,221,0,6.1213,80.0,2,2,2,0,0,0.0,0,1864,0.0,1,0,0,1664,1243
can_tho,mild,Reactive+T2,2,80.0,awd,0.02,2025,2160,221,0,6.1213,80.0,2,2,2,0,0,0.0,0,1857,0.0,1,0,0,1664,1243
can_tho,mild,Reactive+T2,3,80.0,awd,0.02,2025,2160,221,0,6.1213,80.0,2,2,2,0,0,0.0,0,1824,0.0,1,0,0,1664,1243
can_tho,mild,Reactive+T2,4,80.0,awd,0.02,2025,2160,221,0,6.1213,80.0,2,2,2,0,1,20.0,0,1831,0.0,1,0,0,1664,1243
can_tho,mild,Reactive+T2,5,80.0,awd,0.02,2025,2160,221,0,6.1213,80.0,2,2,2,0,0,0.0,0,1826,0.0,1,0,0,1664,1243
can_tho,mild,Reactive+T2,6,80.0,awd,0.02,2025,2160,221,0,6.1213,80.0,2,2,2,0,1,20.0,0,1835,0.0,1,0,0,1664,1243
can_tho,mild,Reactive+T2,7,80.0,awd,0.02,2025,2160,221,0,6.1213,80.0,2,2,2,0,1,20.0,0,1839,0.0,1,0,0,1664,1243
can_tho,mild,Reactive+T2,8,80.0,awd,0.02,2025,2160,221,0,6.1213,80.0,2,2,2,0,0,0.0,0,1831,0.0,1,0,0,1664,1243
can_tho,mild,Reactive+T2,9,80.0,awd,0.02,2025,2160,221,0,6.1213,80.0,2,2,2,0,0,0.0,0,1804,0.0,1,0,0,1664,1243
can_tho,mild,Reactive+blindARQ,0,80.0,awd,0.02,2025,2160,221,0,6.1213,80.0,2,2,2,0,0,0.0,0,1861,0.0,1,0,0,1664,1243
can_tho,mild,Reactive+blindARQ,1,80.0,awd,0.02,2025,2160,221,0,6.1213,80.0,2,2,2,0,0,0.0,0,1864,0.0,1,0,0,1664,1243
can_tho,mild,Reactive+blindARQ,2,80.0,awd,0.02,2025,2160,221,0,6.1213,80.0,2,2,2,0,0,0.0,0,1857,0.0,1,0,0,1664,1243
can_tho,mild,Reactive+blindARQ,3,80.0,awd,0.02,2025,2160,221,0,6.1213,80.0,2,2,2,0,0,0.0,0,1824,0.0,1,0,0,1664,1243
can_tho,mild,Reactive+blindARQ,4,80.0,awd,0.02,2025,2160,221,0,6.1213,80.0,2,2,2,0,1,20.0,0,1831,0.0,1,0,0,1664,1243
can_tho,mild,Reactive+blindARQ,5,80.0,awd,0.02,2025,2160,221,0,6.1213,80.0,2,2,2,0,0,0.0,0,1826,0.0,1,0,0,1664,1243
can_tho,mild,Reactive+blindARQ,6,80.0,awd,0.02,2025,2160,221,0,6.1213,80.0,2,2,2,0,1,20.0,0,1835,0.0,1,0,0,1664,1243
can_tho,mild,Reactive+blindARQ,7,80.0,awd,0.02,2025,2160,221,0,6.1213,80.0,2,2,2,0,1,20.0,0,1839,0.0,1,0,0,1664,1243
can_tho,mild,Reactive+blindARQ,8,80.0,awd,0.02,2025,2160,221,0,6.1213,80.0,2,2,2,0,0,0.0,0,1831,0.0,1,0,0,1664,1243
can_tho,mild,Reactive+blindARQ,9,80.0,awd,0.02,2025,2160,221,0,6.1213,80.0,2,2,2,0,0,0.0,0,1804,0.0,1,0,0,1664,1243
can_tho,mild,FixedSchedule,0,80.0,awd,0.02,2025,2160,442,0,23.8048,80.0,2,2,2,0,0,0.0,0,1861,0.0,1,0,0,1860,1419
can_tho,mild,FixedSchedule,1,80.0,awd,0.02,2025,2160,442,0,23.8048,80.0,2,2,2,0,0,0.0,0,1864,0.0,1,0,0,1860,1419
can_tho,mild,FixedSchedule,2,80.0,awd,0.02,2025,2160,442,0,23.8048,80.0,2,2,2,0,0,0.0,0,1857,0.0,1,0,0,1860,1419
can_tho,mild,FixedSchedule,3,80.0,awd,0.02,2025,2160,442,0,23.8048,80.0,2,2,2,0,0,0.0,0,1824,0.0,1,0,0,1860,1419
can_tho,mild,FixedSchedule,4,80.0,awd,0.02,2025,2160,442,0,23.8048,80.0,2,2,2,0,1,20.0,0,1831,0.0,1,0,0,1860,1419
can_tho,mild,FixedSchedule,5,80.0,awd,0.02,2025,2160,442,0,23.8048,80.0,2,2,2,0,0,0.0,0,1826,0.0,1,0,0,1860,1419
can_tho,mild,FixedSchedule,6,80.0,awd,0.02,2025,2160,442,0,23.8048,80.0,2,2,2,0,1,20.0,0,1835,0.0,1,0,0,1860,1419
can_tho,mild,FixedSchedule,7,80.0,awd,0.02,2025,2160,442,0,23.8048,80.0,2,2,2,0,1,20.0,0,1839,0.0,1,0,0,1860,1419
can_tho,mild,FixedSchedule,8,80.0,awd,0.02,2025,2160,442,0,23.8048,80.0,2,2,2,0,0,0.0,0,1831,0.0,1,0,0,1860,1419
can_tho,mild,FixedSchedule,9,80.0,awd,0.02,2025,2160,442,0,23.8048,80.0,2,2,2,0,0,0.0,0,1804,0.0,1,0,0,1860,1419
can_tho,mild,Oracle,0,80.0,awd,0.02,2025,2160,0,0,0.0,80.0,4,4,4,0,0,0.0,0,1861,0.0,5,4,0,1873,1481
can_tho,mild,Oracle,1,80.0,awd,0.02,2025,2160,0,0,0.0,80.0,4,8,4,4,0,0.0,0,1864,0.8607,5,4,0,1877,1481
can_tho,mild,Oracle,2,80.0,awd,0.02,2025,2160,0,0,0.0,80.0,4,6,4,2,1,20.0,0,1857,0.6086,5,4,0,1875,1481
can_tho,mild,Oracle,3,80.0,awd,0.02,2025,2160,0,0,0.0,80.0,4,4,4,0,2,40.0,0,1824,0.0,5,4,0,1873,1481
can_tho,mild,Oracle,4,80.0,awd,0.02,2025,2160,0,0,0.0,80.0,4,7,4,3,1,20.0,0,1831,1.054,5,4,0,1876,1481
can_tho,mild,Oracle,5,80.0,awd,0.02,2025,2160,0,0,0.0,80.0,4,4,4,0,1,20.0,0,1826,0.0,5,4,0,1873,1481
can_tho,mild,Oracle,6,80.0,awd,0.02,2025,2160,0,0,0.0,80.0,4,6,4,2,2,40.0,0,1835,0.6086,5,4,0,1875,1481
can_tho,mild,Oracle,7,80.0,awd,0.02,2025,2160,0,0,0.0,80.0,4,4,4,0,2,40.0,0,1839,0.0,5,4,0,1873,1481
can_tho,mild,Oracle,8,80.0,awd,0.02,2025,2160,0,0,0.0,80.0,4,7,4,3,0,0.0,0,1831,1.054,5,4,0,1876,1481
can_tho,mild,Oracle,9,80.0,awd,0.02,2025,2160,0,0,0.0,80.0,4,4,4,0,1,20.0,0,1804,0.0,5,4,0,1873,1481
can_tho,mild,TwinGate+T2+centre,0,80.0,awd,0.02,2025,2160,97,0,1.4944,80.0,4,4,4,0,0,0.0,86,1861,0.0,3,0,2,1585,1218
can_tho,mild,TwinGate+T2+centre,1,80.0,awd,0.02,2025,2160,97,0,1.5679,80.0,3,4,4,1,1,20.0,87,1864,0.0,2,0,1,1578,1197
can_tho,mild,TwinGate+T2+centre,2,80.0,awd,0.02,2025,2160,97,0,1.5678,80.0,3,5,4,2,2,40.0,87,1857,0.4303,2,0,1,1578,1198
can_tho,mild,TwinGate+T2+centre,3,80.0,awd,0.02,2025,2160,97,0,1.5391,80.0,3,4,4,1,2,40.0,87,1824,0.0,2,0,1,1583,1198
can_tho,mild,TwinGate+T2+centre,4,80.0,awd,0.02,2025,2160,97,0,1.5145,80.0,3,4,4,1,1,20.0,87,1831,0.0,3,0,2,1590,1204
can_tho,mild,TwinGate+T2+centre,5,80.0,awd,0.02,2025,2160,97,0,1.5391,80.0,3,4,4,1,1,20.0,87,1826,0.0,2,0,1,1583,1198
can_tho,mild,TwinGate+T2+centre,6,80.0,awd,0.02,2025,2160,97,0,1.5931,80.0,2,4,4,2,3,60.0,88,1835,0.0,2,0,1,1582,1171
can_tho,mild,TwinGate+T2+centre,7,80.0,awd,0.02,2025,2160,97,0,1.5931,80.0,2,4,4,2,2,40.0,88,1839,0.0,2,0,1,1582,1171
can_tho,mild,TwinGate+T2+centre,8,80.0,awd,0.02,2025,2160,97,0,1.4944,80.0,4,4,4,0,0,0.0,86,1831,0.0,3,0,2,1585,1218
can_tho,mild,TwinGate+T2+centre,9,80.0,awd,0.02,2025,2160,97,0,1.5391,80.0,3,4,4,1,1,20.0,87,1804,0.0,2,0,1,1583,1198
can_tho,mild,TwinGate+T2,0,80.0,mid,0.05,2025,2160,67,0,0.3496,80.0,5,6,4,1,0,0.0,85,1861,0.6086,5,1,3,1730,1409
can_tho,mild,TwinGate+T2,1,80.0,mid,0.05,2025,2160,66,0,0.2826,80.0,5,8,4,3,0,0.0,85,1864,1.054,5,1,3,1725,1401
can_tho,mild,TwinGate+T2,2,80.0,mid,0.05,2025,2160,71,0,0.6555,80.0,4,6,4,2,2,40.0,86,1857,0.6086,4,0,3,1678,1302
can_tho,mild,TwinGate+T2,3,80.0,mid,0.05,2025,2160,71,0,0.6555,80.0,4,6,4,2,2,40.0,86,1824,0.9623,4,0,3,1678,1302
can_tho,mild,TwinGate+T2,4,80.0,mid,0.05,2025,2160,73,0,0.6992,80.0,3,4,4,1,1,20.0,87,1831,0.0,4,0,3,1680,1323
can_tho,mild,TwinGate+T2,5,80.0,mid,0.05,2025,2160,69,0,0.5274,80.0,4,6,4,2,1,20.0,86,1826,0.7453,4,1,2,1704,1309
can_tho,mild,TwinGate+T2,6,80.0,mid,0.05,2025,2160,77,0,0.9127,80.0,2,4,4,2,3,60.0,88,1835,0.0,3,0,2,1647,1268
can_tho,mild,TwinGate+T2,7,80.0,mid,0.05,2025,2160,71,0,0.6028,80.0,4,7,4,3,1,20.0,86,1839,1.0541,4,0,3,1678,1327
can_tho,mild,TwinGate+T2,8,80.0,mid,0.05,2025,2160,68,0,0.475,80.0,4,4,4,0,0,0.0,86,1831,0.0,5,0,4,1710,1388
can_tho,mild,TwinGate+T2,9,80.0,mid,0.05,2025,2160,69,0,0.5274,80.0,4,6,4,2,1,20.0,86,1804,1.2906,4,1,2,1704,1309
can_tho,mild,TwinGate+blindARQ,0,80.0,mid,0.05,2025,2160,68,0,0.475,80.0,4,7,4,3,0,0.0,86,1861,0.7454,5,0,4,1713,1391
can_tho,mild,TwinGate+blindARQ,1,80.0,mid,0.05,2025,2160,72,0,0.6719,80.0,3,10,4,7,1,20.0,87,1864,1.6297,4,0,3,1685,1332
can_tho,mild,TwinGate+blindARQ,2,80.0,mid,0.05,2025,2160,120,0,1.8659,80.0,2,8,4,6,2,40.0,88,1857,0.8607,3,0,2,1697,1294
can_tho,mild,TwinGate+blindARQ,3,80.0,mid,0.05,2025,2160,119,0,1.8341,80.0,2,10,4,8,2,40.0,88,1824,1.2328,3,0,2,1700,1297
can_tho,mild,TwinGate+blindARQ,4,80.0,mid,0.05,2025,2160,73,0,0.6992,80.0,3,4,4,1,1,20.0,87,1831,0.0,4,0,3,1680,1323
can_tho,mild,TwinGate+blindARQ,5,80.0,mid,0.05,2025,2160,73,0,0.7377,80.0,3,6,4,3,1,20.0,87,1826,0.7453,4,0,3,1676,1301
can_tho,mild,TwinGate+blindARQ,6,80.0,mid,0.05,2025,2160,267,0,8.66,80.0,1,7,4,6,3,60.0,89,1835,0.0013,2,0,1,1752,1307
can_tho,mild,TwinGate+blindARQ,7,80.0,mid,0.05,2025,2160,77,0,0.9127,80.0,2,7,4,5,2,40.0,88,1839,0.7454,3,0,2,1648,1269
can_tho,mild,TwinGate+blindARQ,8,80.0,mid,0.05,2025,2160,68,0,0.475,80.0,4,4,4,0,0,0.0,86,1831,0.0,5,0,4,1710,1388
can_tho,mild,TwinGate+blindARQ,9,80.0,mid,0.05,2025,2160,73,0,0.7375,80.0,3,8,4,5,1,20.0,87,1804,1.5115,4,0,3,1677,1303
can_tho,mild,Reactive+T2,0,80.0,mid,0.05,2025,2160,221,0,6.1213,80.0,2,2,2,0,0,0.0,0,1861,0.0,1,0,0,1664,1243
can_tho,mild,Reactive+T2,1,80.0,mid,0.05,2025,2160,221,0,6.1213,80.0,2,2,2,0,0,0.0,0,1864,0.0,1,0,0,1664,1243
can_tho,mild,Reactive+T2,2,80.0,mid,0.05,2025,2160,221,0,6.1213,80.0,2,2,2,0,0,0.0,0,1857,0.0,1,0,0,1664,1243
can_tho,mild,Reactive+T2,3,80.0,mid,0.05,2025,2160,221,0,6.1213,80.0,2,2,2,0,0,0.0,0,1824,0.0,1,0,0,1664,1243
can_tho,mild,Reactive+T2,4,80.0,mid,0.05,2025,2160,221,0,6.1213,80.0,2,2,2,0,1,20.0,0,1831,0.0,1,0,0,1664,1243
can_tho,mild,Reactive+T2,5,80.0,mid,0.05,2025,2160,221,0,6.1213,80.0,2,2,2,0,0,0.0,0,1826,0.0,1,0,0,1664,1243
can_tho,mild,Reactive+T2,6,80.0,mid,0.05,2025,2160,221,0,6.1213,80.0,2,2,2,0,1,20.0,0,1835,0.0,1,0,0,1664,1243
can_tho,mild,Reactive+T2,7,80.0,mid,0.05,2025,2160,221,0,6.1213,80.0,2,2,2,0,1,20.0,0,1839,0.0,1,0,0,1664,1243
can_tho,mild,Reactive+T2,8,80.0,mid,0.05,2025,2160,221,0,6.1213,80.0,2,2,2,0,0,0.0,0,1831,0.0,1,0,0,1664,1243
can_tho,mild,Reactive+T2,9,80.0,mid,0.05,2025,2160,221,0,6.1213,80.0,2,2,2,0,0,0.0,0,1804,0.0,1,0,0,1664,1243
can_tho,mild,Reactive+blindARQ,0,80.0,mid,0.05,2025,2160,221,0,6.1213,80.0,2,2,2,0,0,0.0,0,1861,0.0,1,0,0,1664,1243
can_tho,mild,Reactive+blindARQ,1,80.0,mid,0.05,2025,2160,221,0,6.1213,80.0,2,2,2,0,0,0.0,0,1864,0.0,1,0,0,1664,1243
can_tho,mild,Reactive+blindARQ,2,80.0,mid,0.05,2025,2160,221,0,6.1213,80.0,2,2,2,0,0,0.0,0,1857,0.0,1,0,0,1664,1243
can_tho,mild,Reactive+blindARQ,3,80.0,mid,0.05,2025,2160,221,0,6.1213,80.0,2,2,2,0,0,0.0,0,1824,0.0,1,0,0,1664,1243
can_tho,mild,Reactive+blindARQ,4,80.0,mid,0.05,2025,2160,221,0,6.1213,80.0,2,2,2,0,1,20.0,0,1831,0.0,1,0,0,1664,1243
can_tho,mild,Reactive+blindARQ,5,80.0,mid,0.05,2025,2160,221,0,6.1213,80.0,2,2,2,0,0,0.0,0,1826,0.0,1,0,0,1664,1243
can_tho,mild,Reactive+blindARQ,6,80.0,mid,0.05,2025,2160,221,0,6.1213,80.0,2,2,2,0,1,20.0,0,1835,0.0,1,0,0,1664,1243
can_tho,mild,Reactive+blindARQ,7,80.0,mid,0.05,2025,2160,221,0,6.1213,80.0,2,2,2,0,1,20.0,0,1839,0.0,1,0,0,1664,1243
can_tho,mild,Reactive+blindARQ,8,80.0,mid,0.05,2025,2160,221,0,6.1213,80.0,2,2,2,0,0,0.0,0,1831,0.0,1,0,0,1664,1243
can_tho,mild,Reactive+blindARQ,9,80.0,mid,0.05,2025,2160,221,0,6.1213,80.0,2,2,2,0,0,0.0,0,1804,0.0,1,0,0,1664,1243
can_tho,mild,FixedSchedule,0,80.0,mid,0.05,2025,2160,442,0,23.8048,80.0,2,2,2,0,0,0.0,0,1861,0.0,1,0,0,1860,1419
can_tho,mild,FixedSchedule,1,80.0,mid,0.05,2025,2160,442,0,23.8048,80.0,2,2,2,0,0,0.0,0,1864,0.0,1,0,0,1860,1419
can_tho,mild,FixedSchedule,2,80.0,mid,0.05,2025,2160,442,0,23.8048,80.0,2,2,2,0,0,0.0,0,1857,0.0,1,0,0,1860,1419
can_tho,mild,FixedSchedule,3,80.0,mid,0.05,2025,2160,442,0,23.8048,80.0,2,2,2,0,0,0.0,0,1824,0.0,1,0,0,1860,1419
can_tho,mild,FixedSchedule,4,80.0,mid,0.05,2025,2160,442,0,23.8048,80.0,2,2,2,0,1,20.0,0,1831,0.0,1,0,0,1860,1419
can_tho,mild,FixedSchedule,5,80.0,mid,0.05,2025,2160,442,0,23.8048,80.0,2,2,2,0,0,0.0,0,1826,0.0,1,0,0,1860,1419
can_tho,mild,FixedSchedule,6,80.0,mid,0.05,2025,2160,442,0,23.8048,80.0,2,2,2,0,1,20.0,0,1835,0.0,1,0,0,1860,1419
can_tho,mild,FixedSchedule,7,80.0,mid,0.05,2025,2160,442,0,23.8048,80.0,2,2,2,0,1,20.0,0,1839,0.0,1,0,0,1860,1419
can_tho,mild,FixedSchedule,8,80.0,mid,0.05,2025,2160,442,0,23.8048,80.0,2,2,2,0,0,0.0,0,1831,0.0,1,0,0,1860,1419
can_tho,mild,FixedSchedule,9,80.0,mid,0.05,2025,2160,442,0,23.8048,80.0,2,2,2,0,0,0.0,0,1804,0.0,1,0,0,1860,1419
can_tho,mild,Oracle,0,80.0,mid,0.05,2025,2160,0,0,0.0,80.0,4,4,4,0,0,0.0,0,1861,0.0,5,4,0,1873,1481
can_tho,mild,Oracle,1,80.0,mid,0.05,2025,2160,0,0,0.0,80.0,4,8,4,4,0,0.0,0,1864,0.8607,5,4,0,1877,1481
can_tho,mild,Oracle,2,80.0,mid,0.05,2025,2160,0,0,0.0,80.0,4,6,4,2,1,20.0,0,1857,0.6086,5,4,0,1875,1481
can_tho,mild,Oracle,3,80.0,mid,0.05,2025,2160,0,0,0.0,80.0,4,4,4,0,2,40.0,0,1824,0.0,5,4,0,1873,1481
can_tho,mild,Oracle,4,80.0,mid,0.05,2025,2160,0,0,0.0,80.0,4,7,4,3,1,20.0,0,1831,1.054,5,4,0,1876,1481
can_tho,mild,Oracle,5,80.0,mid,0.05,2025,2160,0,0,0.0,80.0,4,4,4,0,1,20.0,0,1826,0.0,5,4,0,1873,1481
can_tho,mild,Oracle,6,80.0,mid,0.05,2025,2160,0,0,0.0,80.0,4,6,4,2,2,40.0,0,1835,0.6086,5,4,0,1875,1481
can_tho,mild,Oracle,7,80.0,mid,0.05,2025,2160,0,0,0.0,80.0,4,4,4,0,2,40.0,0,1839,0.0,5,4,0,1873,1481
can_tho,mild,Oracle,8,80.0,mid,0.05,2025,2160,0,0,0.0,80.0,4,7,4,3,0,0.0,0,1831,1.054,5,4,0,1876,1481
can_tho,mild,Oracle,9,80.0,mid,0.05,2025,2160,0,0,0.0,80.0,4,4,4,0,1,20.0,0,1804,0.0,5,4,0,1873,1481
can_tho,mild,TwinGate+T2+centre,0,80.0,mid,0.05,2025,2160,97,0,1.4944,80.0,4,4,4,0,0,0.0,86,1861,0.0,3,0,2,1585,1218
can_tho,mild,TwinGate+T2+centre,1,80.0,mid,0.05,2025,2160,97,0,1.5679,80.0,3,4,4,1,1,20.0,87,1864,0.0,2,0,1,1578,1197
can_tho,mild,TwinGate+T2+centre,2,80.0,mid,0.05,2025,2160,97,0,1.5678,80.0,3,5,4,2,2,40.0,87,1857,0.4303,2,0,1,1578,1198
can_tho,mild,TwinGate+T2+centre,3,80.0,mid,0.05,2025,2160,97,0,1.5391,80.0,3,4,4,1,2,40.0,87,1824,0.0,2,0,1,1583,1198
can_tho,mild,TwinGate+T2+centre,4,80.0,mid,0.05,2025,2160,97,0,1.5145,80.0,3,4,4,1,1,20.0,87,1831,0.0,3,0,2,1590,1204
can_tho,mild,TwinGate+T2+centre,5,80.0,mid,0.05,2025,2160,97,0,1.5391,80.0,3,4,4,1,1,20.0,87,1826,0.0,2,0,1,1583,1198
can_tho,mild,TwinGate+T2+centre,6,80.0,mid,0.05,2025,2160,97,0,1.5931,80.0,2,4,4,2,3,60.0,88,1835,0.0,2,0,1,1582,1171
can_tho,mild,TwinGate+T2+centre,7,80.0,mid,0.05,2025,2160,97,0,1.5931,80.0,2,4,4,2,2,40.0,88,1839,0.0,2,0,1,1582,1171
can_tho,mild,TwinGate+T2+centre,8,80.0,mid,0.05,2025,2160,97,0,1.4944,80.0,4,4,4,0,0,0.0,86,1831,0.0,3,0,2,1585,1218
can_tho,mild,TwinGate+T2+centre,9,80.0,mid,0.05,2025,2160,97,0,1.5391,80.0,3,4,4,1,1,20.0,87,1804,0.0,2,0,1,1583,1198
can_tho,mild,TwinGate+T2,0,80.0,narrow,0.1,2025,2160,75,0,0.8705,80.0,4,4,4,0,0,0.0,86,1861,0.0,5,0,4,1663,1335
can_tho,mild,TwinGate+T2,1,80.0,narrow,0.1,2025,2160,86,0,0.9407,80.0,4,6,4,2,1,20.0,86,1864,0.6086,4,0,3,1636,1301
can_tho,mild,TwinGate+T2,2,80.0,narrow,0.1,2025,2160,94,0,1.1423,80.0,3,4,4,1,2,40.0,87,1857,0.0,4,0,3,1631,1256
can_tho,mild,TwinGate+T2,3,80.0,narrow,0.1,2025,2160,92,0,0.9911,80.0,3,4,4,1,2,40.0,87,1824,0.0,4,0,3,1647,1262
can_tho,mild,TwinGate+T2,4,80.0,narrow,0.1,2025,2160,83,0,0.9306,80.0,3,4,4,1,1,20.0,87,1831,0.0,4,0,3,1659,1299
can_tho,mild,TwinGate+T2,5,80.0,narrow,0.1,2025,2160,94,0,1.1423,80.0,3,4,4,1,1,20.0,87,1826,0.0,4,0,3,1631,1256
can_tho,mild,TwinGate+T2,6,80.0,narrow,0.1,2025,2160,94,0,1.1641,80.0,2,4,4,2,3,60.0,88,1835,0.0,3,0,2,1645,1261
can_tho,mild,TwinGate+T2,7,80.0,narrow,0.1,2025,2160,95,0,1.2949,80.0,2,4,4,2,2,40.0,88,1839,0.0,3,0,2,1623,1239
can_tho,mild,TwinGate+T2,8,80.0,narrow,0.1,2025,2160,75,0,0.8705,80.0,4,4,4,0,0,0.0,86,1831,0.0,5,0,4,1663,1335
can_tho,mild,TwinGate+T2,9,80.0,narrow,0.1,2025,2160,94,0,1.1423,80.0,3,4,4,1,1,20.0,87,1804,0.0,4,0,3,1631,1256
can_tho,mild,TwinGate+blindARQ,0,80.0,narrow,0.1,2025,2160,75,0,0.8705,80.0,4,4,4,0,0,0.0,86,1861,0.0,5,0,4,1663,1335
can_tho,mild,TwinGate+blindARQ,1,80.0,narrow,0.1,2025,2160,93,0,1.038,80.0,3,6,4,3,1,20.0,87,1864,0.6086,4,0,3,1652,1287
can_tho,mild,TwinGate+blindARQ,2,80.0,narrow,0.1,2025,2160,133,0,2.681,80.0,2,4,4,2,2,40.0,88,1857,0.0,3,0,2,1690,1270
can_tho,mild,TwinGate+blindARQ,3,80.0,narrow,0.1,2025,2160,133,0,2.681,80.0,2,4,4,2,2,40.0,88,1824,0.0,3,0,2,1690,1270
can_tho,mild,TwinGate+blindARQ,4,80.0,narrow,0.1,2025,2160,83,0,0.9306,80.0,3,4,4,1,1,20.0,87,1831,0.0,4,0,3,1659,1299
can_tho,mild,TwinGate+blindARQ,5,80.0,narrow,0.1,2025,2160,94,0,1.1423,80.0,3,4,4,1,1,20.0,87,1826,0.0,4,0,3,1631,1256
can_tho,mild,TwinGate+blindARQ,6,80.0,narrow,0.1,2025,2160,296,0,11.0698,80.0,1,4,4,3,3,60.0,89,1835,0.0,2,0,1,1752,1332
can_tho,mild,TwinGate+blindARQ,7,80.0,narrow,0.1,2025,2160,95,0,1.2949,80.0,2,4,4,2,2,40.0,88,1839,0.0,3,0,2,1623,1239
can_tho,mild,TwinGate+blindARQ,8,80.0,narrow,0.1,2025,2160,75,0,0.8705,80.0,4,4,4,0,0,0.0,86,1831,0.0,5,0,4,1663,1335
can_tho,mild,TwinGate+blindARQ,9,80.0,narrow,0.1,2025,2160,94,0,1.1423,80.0,3,4,4,1,1,20.0,87,1804,0.0,4,0,3,1631,1256
can_tho,mild,Reactive+T2,0,80.0,narrow,0.1,2025,2160,221,0,6.1213,80.0,2,2,2,0,0,0.0,0,1861,0.0,1,0,0,1664,1243
can_tho,mild,Reactive+T2,1,80.0,narrow,0.1,2025,2160,221,0,6.1213,80.0,2,2,2,0,0,0.0,0,1864,0.0,1,0,0,1664,1243
can_tho,mild,Reactive+T2,2,80.0,narrow,0.1,2025,2160,221,0,6.1213,80.0,2,2,2,0,0,0.0,0,1857,0.0,1,0,0,1664,1243
can_tho,mild,Reactive+T2,3,80.0,narrow,0.1,2025,2160,221,0,6.1213,80.0,2,2,2,0,0,0.0,0,1824,0.0,1,0,0,1664,1243
can_tho,mild,Reactive+T2,4,80.0,narrow,0.1,2025,2160,221,0,6.1213,80.0,2,2,2,0,1,20.0,0,1831,0.0,1,0,0,1664,1243
can_tho,mild,Reactive+T2,5,80.0,narrow,0.1,2025,2160,221,0,6.1213,80.0,2,2,2,0,0,0.0,0,1826,0.0,1,0,0,1664,1243
can_tho,mild,Reactive+T2,6,80.0,narrow,0.1,2025,2160,221,0,6.1213,80.0,2,2,2,0,1,20.0,0,1835,0.0,1,0,0,1664,1243
can_tho,mild,Reactive+T2,7,80.0,narrow,0.1,2025,2160,221,0,6.1213,80.0,2,2,2,0,1,20.0,0,1839,0.0,1,0,0,1664,1243
can_tho,mild,Reactive+T2,8,80.0,narrow,0.1,2025,2160,221,0,6.1213,80.0,2,2,2,0,0,0.0,0,1831,0.0,1,0,0,1664,1243
can_tho,mild,Reactive+T2,9,80.0,narrow,0.1,2025,2160,221,0,6.1213,80.0,2,2,2,0,0,0.0,0,1804,0.0,1,0,0,1664,1243
can_tho,mild,Reactive+blindARQ,0,80.0,narrow,0.1,2025,2160,221,0,6.1213,80.0,2,2,2,0,0,0.0,0,1861,0.0,1,0,0,1664,1243
can_tho,mild,Reactive+blindARQ,1,80.0,narrow,0.1,2025,2160,221,0,6.1213,80.0,2,2,2,0,0,0.0,0,1864,0.0,1,0,0,1664,1243
can_tho,mild,Reactive+blindARQ,2,80.0,narrow,0.1,2025,2160,221,0,6.1213,80.0,2,2,2,0,0,0.0,0,1857,0.0,1,0,0,1664,1243
can_tho,mild,Reactive+blindARQ,3,80.0,narrow,0.1,2025,2160,221,0,6.1213,80.0,2,2,2,0,0,0.0,0,1824,0.0,1,0,0,1664,1243
can_tho,mild,Reactive+blindARQ,4,80.0,narrow,0.1,2025,2160,221,0,6.1213,80.0,2,2,2,0,1,20.0,0,1831,0.0,1,0,0,1664,1243
can_tho,mild,Reactive+blindARQ,5,80.0,narrow,0.1,2025,2160,221,0,6.1213,80.0,2,2,2,0,0,0.0,0,1826,0.0,1,0,0,1664,1243
can_tho,mild,Reactive+blindARQ,6,80.0,narrow,0.1,2025,2160,221,0,6.1213,80.0,2,2,2,0,1,20.0,0,1835,0.0,1,0,0,1664,1243
can_tho,mild,Reactive+blindARQ,7,80.0,narrow,0.1,2025,2160,221,0,6.1213,80.0,2,2,2,0,1,20.0,0,1839,0.0,1,0,0,1664,1243
can_tho,mild,Reactive+blindARQ,8,80.0,narrow,0.1,2025,2160,221,0,6.1213,80.0,2,2,2,0,0,0.0,0,1831,0.0,1,0,0,1664,1243
can_tho,mild,Reactive+blindARQ,9,80.0,narrow,0.1,2025,2160,221,0,6.1213,80.0,2,2,2,0,0,0.0,0,1804,0.0,1,0,0,1664,1243
can_tho,mild,FixedSchedule,0,80.0,narrow,0.1,2025,2160,442,0,23.8048,80.0,2,2,2,0,0,0.0,0,1861,0.0,1,0,0,1860,1419
can_tho,mild,FixedSchedule,1,80.0,narrow,0.1,2025,2160,442,0,23.8048,80.0,2,2,2,0,0,0.0,0,1864,0.0,1,0,0,1860,1419
can_tho,mild,FixedSchedule,2,80.0,narrow,0.1,2025,2160,442,0,23.8048,80.0,2,2,2,0,0,0.0,0,1857,0.0,1,0,0,1860,1419
can_tho,mild,FixedSchedule,3,80.0,narrow,0.1,2025,2160,442,0,23.8048,80.0,2,2,2,0,0,0.0,0,1824,0.0,1,0,0,1860,1419
can_tho,mild,FixedSchedule,4,80.0,narrow,0.1,2025,2160,442,0,23.8048,80.0,2,2,2,0,1,20.0,0,1831,0.0,1,0,0,1860,1419
can_tho,mild,FixedSchedule,5,80.0,narrow,0.1,2025,2160,442,0,23.8048,80.0,2,2,2,0,0,0.0,0,1826,0.0,1,0,0,1860,1419
can_tho,mild,FixedSchedule,6,80.0,narrow,0.1,2025,2160,442,0,23.8048,80.0,2,2,2,0,1,20.0,0,1835,0.0,1,0,0,1860,1419
can_tho,mild,FixedSchedule,7,80.0,narrow,0.1,2025,2160,442,0,23.8048,80.0,2,2,2,0,1,20.0,0,1839,0.0,1,0,0,1860,1419
can_tho,mild,FixedSchedule,8,80.0,narrow,0.1,2025,2160,442,0,23.8048,80.0,2,2,2,0,0,0.0,0,1831,0.0,1,0,0,1860,1419
can_tho,mild,FixedSchedule,9,80.0,narrow,0.1,2025,2160,442,0,23.8048,80.0,2,2,2,0,0,0.0,0,1804,0.0,1,0,0,1860,1419
can_tho,mild,Oracle,0,80.0,narrow,0.1,2025,2160,0,0,0.0,80.0,4,4,4,0,0,0.0,0,1861,0.0,5,4,0,1873,1481
can_tho,mild,Oracle,1,80.0,narrow,0.1,2025,2160,0,0,0.0,80.0,4,8,4,4,0,0.0,0,1864,0.8607,5,4,0,1877,1481
can_tho,mild,Oracle,2,80.0,narrow,0.1,2025,2160,0,0,0.0,80.0,4,6,4,2,1,20.0,0,1857,0.6086,5,4,0,1875,1481
can_tho,mild,Oracle,3,80.0,narrow,0.1,2025,2160,0,0,0.0,80.0,4,4,4,0,2,40.0,0,1824,0.0,5,4,0,1873,1481
can_tho,mild,Oracle,4,80.0,narrow,0.1,2025,2160,0,0,0.0,80.0,4,7,4,3,1,20.0,0,1831,1.054,5,4,0,1876,1481
can_tho,mild,Oracle,5,80.0,narrow,0.1,2025,2160,0,0,0.0,80.0,4,4,4,0,1,20.0,0,1826,0.0,5,4,0,1873,1481
can_tho,mild,Oracle,6,80.0,narrow,0.1,2025,2160,0,0,0.0,80.0,4,6,4,2,2,40.0,0,1835,0.6086,5,4,0,1875,1481
can_tho,mild,Oracle,7,80.0,narrow,0.1,2025,2160,0,0,0.0,80.0,4,4,4,0,2,40.0,0,1839,0.0,5,4,0,1873,1481
can_tho,mild,Oracle,8,80.0,narrow,0.1,2025,2160,0,0,0.0,80.0,4,7,4,3,0,0.0,0,1831,1.054,5,4,0,1876,1481
can_tho,mild,Oracle,9,80.0,narrow,0.1,2025,2160,0,0,0.0,80.0,4,4,4,0,1,20.0,0,1804,0.0,5,4,0,1873,1481
can_tho,mild,TwinGate+T2+centre,0,80.0,narrow,0.1,2025,2160,75,0,0.8705,80.0,4,4,4,0,0,0.0,86,1861,0.0,5,0,4,1663,1335
can_tho,mild,TwinGate+T2+centre,1,80.0,narrow,0.1,2025,2160,86,0,0.9407,80.0,4,6,4,2,1,20.0,86,1864,0.6086,4,0,3,1636,1301
can_tho,mild,TwinGate+T2+centre,2,80.0,narrow,0.1,2025,2160,94,0,1.1423,80.0,3,4,4,1,2,40.0,87,1857,0.0,4,0,3,1631,1256
can_tho,mild,TwinGate+T2+centre,3,80.0,narrow,0.1,2025,2160,92,0,0.9911,80.0,3,4,4,1,2,40.0,87,1824,0.0,4,0,3,1647,1262
can_tho,mild,TwinGate+T2+centre,4,80.0,narrow,0.1,2025,2160,83,0,0.9306,80.0,3,4,4,1,1,20.0,87,1831,0.0,4,0,3,1659,1299
can_tho,mild,TwinGate+T2+centre,5,80.0,narrow,0.1,2025,2160,94,0,1.1423,80.0,3,4,4,1,1,20.0,87,1826,0.0,4,0,3,1631,1256
can_tho,mild,TwinGate+T2+centre,6,80.0,narrow,0.1,2025,2160,94,0,1.1641,80.0,2,4,4,2,3,60.0,88,1835,0.0,3,0,2,1645,1261
can_tho,mild,TwinGate+T2+centre,7,80.0,narrow,0.1,2025,2160,95,0,1.2949,80.0,2,4,4,2,2,40.0,88,1839,0.0,3,0,2,1623,1239
can_tho,mild,TwinGate+T2+centre,8,80.0,narrow,0.1,2025,2160,75,0,0.8705,80.0,4,4,4,0,0,0.0,86,1831,0.0,5,0,4,1663,1335
can_tho,mild,TwinGate+T2+centre,9,80.0,narrow,0.1,2025,2160,94,0,1.1423,80.0,3,4,4,1,1,20.0,87,1804,0.0,4,0,3,1631,1256
can_tho,mild,TwinGate+T2,0,160.0,awd,0.02,2025,2160,0,0,0.0,100.0,5,5,5,0,0,0.0,85,1861,0.0,6,5,0,1806,1424
can_tho,mild,TwinGate+T2,1,160.0,awd,0.02,2025,2160,0,0,0.0,100.0,5,7,5,2,0,0.0,85,1864,0.9621,6,5,0,1808,1424
can_tho,mild,TwinGate+T2,2,160.0,awd,0.02,2025,2160,0,0,0.0,140.0,5,8,7,3,4,80.0,85,1857,0.4303,5,5,0,794,973
can_tho,mild,TwinGate+T2,3,160.0,awd,0.02,2025,2160,0,0,0.0,120.0,5,8,6,3,2,40.0,85,1824,0.6086,5,4,0,1433,1149
can_tho,mild,TwinGate+T2,4,160.0,awd,0.02,2025,2160,0,0,0.0,120.0,5,6,6,1,1,20.0,85,1831,0.0,6,5,0,1681,1285
can_tho,mild,TwinGate+T2,5,160.0,awd,0.02,2025,2160,0,0,0.0,120.0,4,6,6,2,2,40.0,86,1826,0.0,5,4,0,1490,1190
can_tho,mild,TwinGate+T2,6,160.0,awd,0.02,2025,2160,0,0,0.0,140.0,5,9,7,4,4,80.0,85,1835,0.6086,5,5,0,783,964
can_tho,mild,TwinGate+T2,7,160.0,awd,0.02,2025,2160,0,0,0.0,120.0,5,9,6,4,2,40.0,85,1839,0.7454,5,4,0,1640,1223
can_tho,mild,TwinGate+T2,8,160.0,awd,0.02,2025,2160,0,0,0.0,100.0,6,9,5,3,1,20.0,84,1831,0.8607,6,5,0,1810,1411
can_tho,mild,TwinGate+T2,9,160.0,awd,0.02,2025,2160,0,0,0.0,100.0,5,6,5,1,1,20.0,85,1804,0.4303,6,5,0,1807,1424
can_tho,mild,TwinGate+blindARQ,0,160.0,awd,0.02,2025,2160,0,0,0.0,100.0,5,5,5,0,0,0.0,85,1861,0.0,6,5,0,1806,1424
can_tho,mild,TwinGate+blindARQ,1,160.0,awd,0.02,2025,2160,0,0,0.0,120.0,5,9,6,4,1,20.0,85,1864,0.928,6,5,0,1424,1192
can_tho,mild,TwinGate+blindARQ,2,160.0,awd,0.02,2025,2160,0,0,0.0,160.0,3,8,8,5,5,100.0,87,1857,0.0,4,3,0,1420,1024
can_tho,mild,TwinGate+blindARQ,3,160.0,awd,0.02,2025,2160,0,0,0.0,140.0,3,7,7,4,4,80.0,87,1824,0.0,4,3,0,1420,1024
can_tho,mild,TwinGate+blindARQ,4,160.0,awd,0.02,2025,2160,0,0,0.0,120.0,5,6,6,1,1,20.0,85,1831,0.0,6,5,0,1681,1285
can_tho,mild,TwinGate+blindARQ,5,160.0,awd,0.02,2025,2160,0,0,0.0,140.0,4,8,7,4,3,60.0,86,1826,0.3241,5,4,0,1440,1036
can_tho,mild,TwinGate+blindARQ,6,160.0,awd,0.02,2025,2160,0,0,0.0,160.0,3,9,8,6,5,100.0,87,1835,0.4303,4,3,0,1398,1001
can_tho,mild,TwinGate+blindARQ,7,160.0,awd,0.02,2025,2160,0,0,0.0,140.0,4,11,7,7,3,60.0,86,1839,0.8607,4,4,0,725,903
can_tho,mild,TwinGate+blindARQ,8,160.0,awd,0.02,2025,2160,0,0,0.0,120.0,5,12,6,7,1,20.0,85,1831,1.0541,6,5,0,1518,1161
can_tho,mild,TwinGate+blindARQ,9,160.0,awd,0.02,2025,2160,0,0,0.0,120.0,5,8,6,3,1,20.0,85,1804,0.6086,6,5,0,1693,1297
can_tho,mild,Reactive+T2,0,160.0,awd,0.02,2025,2160,2,0,0.0073,160.0,3,3,3,0,0,0.0,0,1861,0.0,1,0,0,1306,898
can_tho,mild,Reactive+T2,1,160.0,awd,0.02,2025,2160,2,0,0.0073,160.0,3,3,3,0,0,0.0,0,1864,0.0,1,0,0,1306,898
can_tho,mild,Reactive+T2,2,160.0,awd,0.02,2025,2160,2,0,0.0073,160.0,3,3,3,0,1,40.0,0,1857,0.0,1,0,0,1306,898
can_tho,mild,Reactive+T2,3,160.0,awd,0.02,2025,2160,2,0,0.0073,160.0,3,3,3,0,1,40.0,0,1824,0.0,1,0,0,1306,898
can_tho,mild,Reactive+T2,4,160.0,awd,0.02,2025,2160,97,0,1.5302,160.0,2,3,3,1,1,60.0,0,1831,0.0,1,0,0,1571,1167
can_tho,mild,Reactive+T2,5,160.0,awd,0.02,2025,2160,2,0,0.0073,160.0,3,3,3,0,1,40.0,0,1826,0.0,1,0,0,1306,898
can_tho,mild,Reactive+T2,6,160.0,awd,0.02,2025,2160,97,0,1.5302,160.0,2,3,3,1,2,100.0,0,1835,0.0,1,0,0,1571,1167
can_tho,mild,Reactive+T2,7,160.0,awd,0.02,2025,2160,97,0,1.5302,160.0,2,3,3,1,1,60.0,0,1839,0.0,1,0,0,1571,1167
can_tho,mild,Reactive+T2,8,160.0,awd,0.02,2025,2160,2,0,0.0073,160.0,3,3,3,0,0,0.0,0,1831,0.0,1,0,0,1306,898
can_tho,mild,Reactive+T2,9,160.0,awd,0.02,2025,2160,2,0,0.0073,160.0,3,3,3,0,1,40.0,0,1804,0.0,1,0,0,1306,898
can_tho,mild,Reactive+blindARQ,0,160.0,awd,0.02,2025,2160,2,0,0.0073,160.0,3,3,3,0,0,0.0,0,1861,0.0,1,0,0,1306,898
can_tho,mild,Reactive+blindARQ,1,160.0,awd,0.02,2025,2160,2,0,0.0073,160.0,3,3,3,0,0,0.0,0,1864,0.0,1,0,0,1306,898
can_tho,mild,Reactive+blindARQ,2,160.0,awd,0.02,2025,2160,2,0,0.0073,160.0,3,3,3,0,1,40.0,0,1857,0.0,1,0,0,1306,898
can_tho,mild,Reactive+blindARQ,3,160.0,awd,0.02,2025,2160,2,0,0.0073,160.0,3,3,3,0,1,40.0,0,1824,0.0,1,0,0,1306,898
can_tho,mild,Reactive+blindARQ,4,160.0,awd,0.02,2025,2160,97,0,1.5302,160.0,2,3,3,1,1,60.0,0,1831,0.0,1,0,0,1571,1167
can_tho,mild,Reactive+blindARQ,5,160.0,awd,0.02,2025,2160,2,0,0.0073,160.0,3,3,3,0,1,40.0,0,1826,0.0,1,0,0,1306,898
can_tho,mild,Reactive+blindARQ,6,160.0,awd,0.02,2025,2160,97,0,1.5302,160.0,2,3,3,1,2,100.0,0,1835,0.0,1,0,0,1571,1167
can_tho,mild,Reactive+blindARQ,7,160.0,awd,0.02,2025,2160,97,0,1.5302,160.0,2,3,3,1,1,60.0,0,1839,0.0,1,0,0,1571,1167
can_tho,mild,Reactive+blindARQ,8,160.0,awd,0.02,2025,2160,2,0,0.0073,160.0,3,3,3,0,0,0.0,0,1831,0.0,1,0,0,1306,898
can_tho,mild,Reactive+blindARQ,9,160.0,awd,0.02,2025,2160,2,0,0.0073,160.0,3,3,3,0,1,40.0,0,1804,0.0,1,0,0,1306,898
can_tho,mild,FixedSchedule,0,160.0,awd,0.02,2025,2160,215,0,4.8661,160.0,3,3,3,0,0,0.0,0,1861,0.0,1,0,0,1644,1187
can_tho,mild,FixedSchedule,1,160.0,awd,0.02,2025,2160,215,0,4.8661,160.0,3,3,3,0,0,0.0,0,1864,0.0,1,0,0,1644,1187
can_tho,mild,FixedSchedule,2,160.0,awd,0.02,2025,2160,215,0,4.8661,160.0,3,3,3,0,1,40.0,0,1857,0.0,1,0,0,1644,1187
can_tho,mild,FixedSchedule,3,160.0,awd,0.02,2025,2160,215,0,4.8661,160.0,3,3,3,0,1,40.0,0,1824,0.0,1,0,0,1644,1187
can_tho,mild,FixedSchedule,4,160.0,awd,0.02,2025,2160,360,0,15.1464,160.0,2,3,3,1,1,60.0,0,1831,0.0,1,0,0,1783,1330
can_tho,mild,FixedSchedule,5,160.0,awd,0.02,2025,2160,215,0,4.8661,160.0,3,3,3,0,1,40.0,0,1826,0.0,1,0,0,1644,1187
can_tho,mild,FixedSchedule,6,160.0,awd,0.02,2025,2160,360,0,15.1464,160.0,2,3,3,1,2,100.0,0,1835,0.0,1,0,0,1783,1330
can_tho,mild,FixedSchedule,7,160.0,awd,0.02,2025,2160,360,0,15.1464,160.0,2,3,3,1,1,60.0,0,1839,0.0,1,0,0,1783,1330
can_tho,mild,FixedSchedule,8,160.0,awd,0.02,2025,2160,215,0,4.8661,160.0,3,4,3,1,0,0.0,0,1831,1.0086,1,0,0,1644,1188
can_tho,mild,FixedSchedule,9,160.0,awd,0.02,2025,2160,215,0,4.8661,160.0,3,3,3,0,1,40.0,0,1804,0.0,1,0,0,1644,1187
can_tho,mild,Oracle,0,160.0,awd,0.02,2025,2160,0,0,0.0,120.0,6,8,6,2,0,0.0,0,1861,0.6086,6,6,0,1313,1340
can_tho,mild,Oracle,1,160.0,awd,0.02,2025,2160,0,0,0.0,120.0,6,12,6,6,0,0.0,0,1864,1.0541,6,6,0,1317,1340
can_tho,mild,Oracle,2,160.0,awd,0.02,2025,2160,0,0,0.0,120.0,6,8,6,2,2,40.0,0,1857,0.6086,6,6,0,1313,1340
can_tho,mild,Oracle,3,160.0,awd,0.02,2025,2160,0,0,0.0,120.0,6,6,6,0,3,60.0,0,1824,0.0,6,6,0,1311,1340
can_tho,mild,Oracle,4,160.0,awd,0.02,2025,2160,0,0,0.0,120.0,6,9,6,3,1,20.0,0,1831,1.054,6,6,0,1314,1340
can_tho,mild,Oracle,5,160.0,awd,0.02,2025,2160,0,0,0.0,120.0,6,6,6,0,2,40.0,0,1826,0.0,6,6,0,1311,1340
can_tho,mild,Oracle,6,160.0,awd,0.02,2025,2160,0,0,0.0,120.0,6,8,6,2,2,40.0,0,1835,0.6086,6,6,0,1313,1340
can_tho,mild,Oracle,7,160.0,awd,0.02,2025,2160,0,0,0.0,120.0,6,6,6,0,2,40.0,0,1839,0.0,6,6,0,1311,1340
can_tho,mild,Oracle,8,160.0,awd,0.02,2025,2160,0,0,0.0,120.0,6,9,6,3,1,20.0,0,1831,1.054,6,6,0,1314,1340
can_tho,mild,Oracle,9,160.0,awd,0.02,2025,2160,0,0,0.0,120.0,6,8,6,2,1,20.0,0,1804,0.6086,6,6,0,1313,1340
can_tho,mild,TwinGate+T2+centre,0,160.0,awd,0.02,2025,2160,0,0,0.0,160.0,8,10,8,2,0,0.0,82,1861,0.7453,4,0,3,1001,785
can_tho,mild,TwinGate+T2+centre,1,160.0,awd,0.02,2025,2160,0,0,0.0,160.0,7,8,8,1,1,20.0,83,1864,0.0,3,0,2,1007,781
can_tho,mild,TwinGate+T2+centre,2,160.0,awd,0.02,2025,2160,0,0,0.0,160.0,5,9,8,4,5,100.0,85,1857,0.4303,2,0,1,1071,703
can_tho,mild,TwinGate+T2+centre,3,160.0,awd,0.02,2025,2160,0,0,0.0,160.0,6,8,8,2,4,80.0,84,1824,0.0,3,0,2,1067,731
can_tho,mild,TwinGate+T2+centre,4,160.0,awd,0.02,2025,2160,0,0,0.0,160.0,7,10,8,3,2,40.0,83,1831,0.6086,5,0,4,1016,773
can_tho,mild,TwinGate+T2+centre,5,160.0,awd,0.02,2025,2160,0,0,0.0,160.0,8,13,8,5,2,40.0,82,1826,0.9623,4,0,3,1009,794
can_tho,mild,TwinGate+T2+centre,6,160.0,awd,0.02,2025,2160,0,0,0.0,160.0,5,9,8,4,5,100.0,85,1835,0.4303,2,0,1,1071,706
can_tho,mild,TwinGate+T2+centre,7,160.0,awd,0.02,2025,2160,0,0,0.0,160.0,6,10,8,4,3,60.0,84,1839,0.6086,4,0,3,1078,741
can_tho,mild,TwinGate+T2+centre,8,160.0,awd,0.02,2025,2160,0,0,0.0,160.0,7,8,8,1,1,20.0,83,1831,0.0,4,0,3,1016,781
can_tho,mild,TwinGate+T2+centre,9,160.0,awd,0.02,2025,2160,0,0,0.0,160.0,6,8,8,2,2,40.0,84,1804,0.0,3,0,2,1068,749
can_tho,mild,TwinGate+T2,0,160.0,mid,0.05,2025,2160,0,0,0.0,160.0,10,12,8,2,0,0.0,80,1861,0.8607,8,3,5,729,1023
can_tho,mild,TwinGate+T2,1,160.0,mid,0.05,2025,2160,0,0,0.0,160.0,9,13,8,4,0,0.0,81,1864,1.1385,9,2,6,1165,855
can_tho,mild,TwinGate+T2,2,160.0,mid,0.05,2025,2160,0,0,0.0,160.0,6,10,8,4,5,100.0,84,1857,0.6086,6,1,4,1228,841
can_tho,mild,TwinGate+T2,3,160.0,mid,0.05,2025,2160,0,0,0.0,160.0,9,15,8,6,3,60.0,81,1824,1.3608,7,2,4,1141,837
can_tho,mild,TwinGate+T2,4,160.0,mid,0.05,2025,2160,0,0,0.0,160.0,6,8,8,2,2,40.0,84,1831,0.0,7,1,5,1142,931
can_tho,mild,TwinGate+T2,5,160.0,mid,0.05,2025,2160,0,0,0.0,160.0,8,13,8,5,3,60.0,82,1826,1.2171,7,2,4,1087,821
can_tho,mild,TwinGate+T2,6,160.0,mid,0.05,2025,2160,0,0,0.0,160.0,5,8,8,3,5,100.0,85,1835,0.0,6,2,3,1303,920
can_tho,mild,TwinGate+T2,7,160.0,mid,0.05,2025,2160,0,0,0.0,160.0,9,15,8,6,2,40.0,81,1839,1.3608,8,0,7,1089,868
can_tho,mild,TwinGate+T2,8,160.0,mid,0.05,2025,2160,0,0,0.0,160.0,10,14,8,4,1,20.0,80,1831,1.0541,9,1,7,1136,869
can_tho,mild,TwinGate+T2,9,160.0,mid,0.05,2025,2160,0,0,0.0,160.0,7,10,8,3,2,40.0,83,1804,1.2906,7,2,4,1145,874
can_tho,mild,TwinGate+blindARQ,0,160.0,mid,0.05,2025,2160,0,0,0.0,160.0,8,15,8,7,0,0.0,82,1861,1.1386,9,1,7,1191,926
can_tho,mild,TwinGate+blindARQ,1,160.0,mid,0.05,2025,2160,0,0,0.0,160.0,7,17,8,10,1,20.0,83,1864,1.843,8,1,6,1184,933
can_tho,mild,TwinGate+blindARQ,2,160.0,mid,0.05,2025,2160,0,0,0.0,160.0,3,12,8,9,5,100.0,87,1857,0.8607,4,0,3,1424,1058
can_tho,mild,TwinGate+blindARQ,3,160.0,mid,0.05,2025,2160,0,0,0.0,160.0,4,14,8,10,4,80.0,86,1824,1.2328,5,0,4,1296,969
can_tho,mild,TwinGate+blindARQ,4,160.0,mid,0.05,2025,2160,0,0,0.0,160.0,6,8,8,2,2,40.0,84,1831,0.0,7,1,5,1142,931
can_tho,mild,TwinGate+blindARQ,5,160.0,mid,0.05,2025,2160,0,0,0.0,160.0,5,16,8,11,3,60.0,85,1826,1.1859,6,1,4,1309,973
can_tho,mild,TwinGate+blindARQ,6,160.0,mid,0.05,2025,2160,0,0,0.0,160.0,3,12,8,9,5,100.0,87,1835,0.4303,4,0,3,1424,1058
can_tho,mild,TwinGate+blindARQ,7,160.0,mid,0.05,2025,2160,0,0,0.0,160.0,5,12,8,7,3,60.0,85,1839,0.9623,6,2,3,1305,922
can_tho,mild,TwinGate+blindARQ,8,160.0,mid,0.05,2025,2160,0,0,0.0,160.0,7,16,8,9,1,20.0,83,1831,1.2172,8,1,6,1192,937
can_tho,mild,TwinGate+blindARQ,9,160.0,mid,0.05,2025,2160,0,0,0.0,160.0,6,12,8,6,2,40.0,84,1804,1.5115,7,1,5,1150,915
can_tho,mild,Reactive+T2,0,160.0,mid,0.05,2025,2160,2,0,0.0073,160.0,3,3,3,0,0,0.0,0,1861,0.0,1,0,0,1306,898
can_tho,mild,Reactive+T2,1,160.0,mid,0.05,2025,2160,2,0,0.0073,160.0,3,3,3,0,0,0.0,0,1864,0.0,1,0,0,1306,898
can_tho,mild,Reactive+T2,2,160.0,mid,0.05,2025,2160,2,0,0.0073,160.0,3,3,3,0,1,40.0,0,1857,0.0,1,0,0,1306,898
can_tho,mild,Reactive+T2,3,160.0,mid,0.05,2025,2160,2,0,0.0073,160.0,3,3,3,0,1,40.0,0,1824,0.0,1,0,0,1306,898
can_tho,mild,Reactive+T2,4,160.0,mid,0.05,2025,2160,97,0,1.5302,160.0,2,3,3,1,1,60.0,0,1831,0.0,1,0,0,1571,1167
can_tho,mild,Reactive+T2,5,160.0,mid,0.05,2025,2160,2,0,0.0073,160.0,3,3,3,0,1,40.0,0,1826,0.0,1,0,0,1306,898
can_tho,mild,Reactive+T2,6,160.0,mid,0.05,2025,2160,97,0,1.5302,160.0,2,3,3,1,2,100.0,0,1835,0.0,1,0,0,1571,1167
can_tho,mild,Reactive+T2,7,160.0,mid,0.05,2025,2160,97,0,1.5302,160.0,2,3,3,1,1,60.0,0,1839,0.0,1,0,0,1571,1167
can_tho,mild,Reactive+T2,8,160.0,mid,0.05,2025,2160,2,0,0.0073,160.0,3,3,3,0,0,0.0,0,1831,0.0,1,0,0,1306,898
can_tho,mild,Reactive+T2,9,160.0,mid,0.05,2025,2160,2,0,0.0073,160.0,3,3,3,0,1,40.0,0,1804,0.0,1,0,0,1306,898
can_tho,mild,Reactive+blindARQ,0,160.0,mid,0.05,2025,2160,2,0,0.0073,160.0,3,3,3,0,0,0.0,0,1861,0.0,1,0,0,1306,898
can_tho,mild,Reactive+blindARQ,1,160.0,mid,0.05,2025,2160,2,0,0.0073,160.0,3,3,3,0,0,0.0,0,1864,0.0,1,0,0,1306,898
can_tho,mild,Reactive+blindARQ,2,160.0,mid,0.05,2025,2160,2,0,0.0073,160.0,3,3,3,0,1,40.0,0,1857,0.0,1,0,0,1306,898
can_tho,mild,Reactive+blindARQ,3,160.0,mid,0.05,2025,2160,2,0,0.0073,160.0,3,3,3,0,1,40.0,0,1824,0.0,1,0,0,1306,898
can_tho,mild,Reactive+blindARQ,4,160.0,mid,0.05,2025,2160,97,0,1.5302,160.0,2,3,3,1,1,60.0,0,1831,0.0,1,0,0,1571,1167
can_tho,mild,Reactive+blindARQ,5,160.0,mid,0.05,2025,2160,2,0,0.0073,160.0,3,3,3,0,1,40.0,0,1826,0.0,1,0,0,1306,898
can_tho,mild,Reactive+blindARQ,6,160.0,mid,0.05,2025,2160,97,0,1.5302,160.0,2,3,3,1,2,100.0,0,1835,0.0,1,0,0,1571,1167
can_tho,mild,Reactive+blindARQ,7,160.0,mid,0.05,2025,2160,97,0,1.5302,160.0,2,3,3,1,1,60.0,0,1839,0.0,1,0,0,1571,1167
can_tho,mild,Reactive+blindARQ,8,160.0,mid,0.05,2025,2160,2,0,0.0073,160.0,3,3,3,0,0,0.0,0,1831,0.0,1,0,0,1306,898
can_tho,mild,Reactive+blindARQ,9,160.0,mid,0.05,2025,2160,2,0,0.0073,160.0,3,3,3,0,1,40.0,0,1804,0.0,1,0,0,1306,898
can_tho,mild,FixedSchedule,0,160.0,mid,0.05,2025,2160,215,0,4.8661,160.0,3,3,3,0,0,0.0,0,1861,0.0,1,0,0,1644,1187
can_tho,mild,FixedSchedule,1,160.0,mid,0.05,2025,2160,215,0,4.8661,160.0,3,3,3,0,0,0.0,0,1864,0.0,1,0,0,1644,1187
can_tho,mild,FixedSchedule,2,160.0,mid,0.05,2025,2160,215,0,4.8661,160.0,3,3,3,0,1,40.0,0,1857,0.0,1,0,0,1644,1187
can_tho,mild,FixedSchedule,3,160.0,mid,0.05,2025,2160,215,0,4.8661,160.0,3,3,3,0,1,40.0,0,1824,0.0,1,0,0,1644,1187
can_tho,mild,FixedSchedule,4,160.0,mid,0.05,2025,2160,360,0,15.1464,160.0,2,3,3,1,1,60.0,0,1831,0.0,1,0,0,1783,1330
can_tho,mild,FixedSchedule,5,160.0,mid,0.05,2025,2160,215,0,4.8661,160.0,3,3,3,0,1,40.0,0,1826,0.0,1,0,0,1644,1187
can_tho,mild,FixedSchedule,6,160.0,mid,0.05,2025,2160,360,0,15.1464,160.0,2,3,3,1,2,100.0,0,1835,0.0,1,0,0,1783,1330
can_tho,mild,FixedSchedule,7,160.0,mid,0.05,2025,2160,360,0,15.1464,160.0,2,3,3,1,1,60.0,0,1839,0.0,1,0,0,1783,1330
can_tho,mild,FixedSchedule,8,160.0,mid,0.05,2025,2160,215,0,4.8661,160.0,3,4,3,1,0,0.0,0,1831,1.0086,1,0,0,1644,1188
can_tho,mild,FixedSchedule,9,160.0,mid,0.05,2025,2160,215,0,4.8661,160.0,3,3,3,0,1,40.0,0,1804,0.0,1,0,0,1644,1187
can_tho,mild,Oracle,0,160.0,mid,0.05,2025,2160,0,0,0.0,120.0,6,8,6,2,0,0.0,0,1861,0.6086,6,6,0,1313,1340
can_tho,mild,Oracle,1,160.0,mid,0.05,2025,2160,0,0,0.0,120.0,6,12,6,6,0,0.0,0,1864,1.0541,6,6,0,1317,1340
can_tho,mild,Oracle,2,160.0,mid,0.05,2025,2160,0,0,0.0,120.0,6,8,6,2,2,40.0,0,1857,0.6086,6,6,0,1313,1340
can_tho,mild,Oracle,3,160.0,mid,0.05,2025,2160,0,0,0.0,120.0,6,6,6,0,3,60.0,0,1824,0.0,6,6,0,1311,1340
can_tho,mild,Oracle,4,160.0,mid,0.05,2025,2160,0,0,0.0,120.0,6,9,6,3,1,20.0,0,1831,1.054,6,6,0,1314,1340
can_tho,mild,Oracle,5,160.0,mid,0.05,2025,2160,0,0,0.0,120.0,6,6,6,0,2,40.0,0,1826,0.0,6,6,0,1311,1340
can_tho,mild,Oracle,6,160.0,mid,0.05,2025,2160,0,0,0.0,120.0,6,8,6,2,2,40.0,0,1835,0.6086,6,6,0,1313,1340
can_tho,mild,Oracle,7,160.0,mid,0.05,2025,2160,0,0,0.0,120.0,6,6,6,0,2,40.0,0,1839,0.0,6,6,0,1311,1340
can_tho,mild,Oracle,8,160.0,mid,0.05,2025,2160,0,0,0.0,120.0,6,9,6,3,1,20.0,0,1831,1.054,6,6,0,1314,1340
can_tho,mild,Oracle,9,160.0,mid,0.05,2025,2160,0,0,0.0,120.0,6,8,6,2,1,20.0,0,1804,0.6086,6,6,0,1313,1340
can_tho,mild,TwinGate+T2+centre,0,160.0,mid,0.05,2025,2160,0,0,0.0,160.0,8,10,8,2,0,0.0,82,1861,0.7453,4,0,3,1001,785
can_tho,mild,TwinGate+T2+centre,1,160.0,mid,0.05,2025,2160,0,0,0.0,160.0,7,8,8,1,1,20.0,83,1864,0.0,3,0,2,1007,781
can_tho,mild,TwinGate+T2+centre,2,160.0,mid,0.05,2025,2160,0,0,0.0,160.0,5,9,8,4,5,100.0,85,1857,0.4303,2,0,1,1071,703
can_tho,mild,TwinGate+T2+centre,3,160.0,mid,0.05,2025,2160,0,0,0.0,160.0,6,8,8,2,4,80.0,84,1824,0.0,3,0,2,1067,731
can_tho,mild,TwinGate+T2+centre,4,160.0,mid,0.05,2025,2160,0,0,0.0,160.0,7,10,8,3,2,40.0,83,1831,0.6086,5,0,4,1016,773
can_tho,mild,TwinGate+T2+centre,5,160.0,mid,0.05,2025,2160,0,0,0.0,160.0,8,13,8,5,2,40.0,82,1826,0.9623,4,0,3,1009,794
can_tho,mild,TwinGate+T2+centre,6,160.0,mid,0.05,2025,2160,0,0,0.0,160.0,5,9,8,4,5,100.0,85,1835,0.4303,2,0,1,1071,706
can_tho,mild,TwinGate+T2+centre,7,160.0,mid,0.05,2025,2160,0,0,0.0,160.0,6,10,8,4,3,60.0,84,1839,0.6086,4,0,3,1078,741
can_tho,mild,TwinGate+T2+centre,8,160.0,mid,0.05,2025,2160,0,0,0.0,160.0,7,8,8,1,1,20.0,83,1831,0.0,4,0,3,1016,781
can_tho,mild,TwinGate+T2+centre,9,160.0,mid,0.05,2025,2160,0,0,0.0,160.0,6,8,8,2,2,40.0,84,1804,0.0,3,0,2,1068,749
can_tho,mild,TwinGate+T2,0,160.0,narrow,0.1,2025,2160,0,0,0.0,160.0,9,11,8,2,0,0.0,81,1861,0.7454,9,2,6,1299,1029
can_tho,mild,TwinGate+T2,1,160.0,narrow,0.1,2025,2160,0,0,0.0,160.0,8,10,8,2,1,20.0,82,1864,0.6086,8,1,6,1228,938
can_tho,mild,TwinGate+T2,2,160.0,narrow,0.1,2025,2160,0,0,0.0,160.0,6,9,8,3,4,80.0,84,1857,0.4303,7,0,6,1138,813
can_tho,mild,TwinGate+T2,3,160.0,narrow,0.1,2025,2160,0,0,0.0,160.0,6,8,8,2,4,80.0,84,1824,0.0,7,0,6,1134,796
can_tho,mild,TwinGate+T2,4,160.0,narrow,0.1,2025,2160,0,0,0.0,160.0,8,12,8,4,2,40.0,82,1831,1.1385,7,1,5,1239,940
can_tho,mild,TwinGate+T2,5,160.0,narrow,0.1,2025,2160,0,0,0.0,160.0,6,8,8,2,3,60.0,84,1826,0.0,7,0,6,1137,812
can_tho,mild,TwinGate+T2,6,160.0,narrow,0.1,2025,2160,0,0,0.0,160.0,5,8,8,3,5,100.0,85,1835,0.0,6,1,4,1201,926
can_tho,mild,TwinGate+T2,7,160.0,narrow,0.1,2025,2160,0,0,0.0,160.0,5,8,8,3,3,60.0,85,1839,0.0,6,1,4,1202,913
can_tho,mild,TwinGate+T2,8,160.0,narrow,0.1,2025,2160,0,0,0.0,160.0,7,8,8,1,1,20.0,83,1831,0.0,8,1,6,1260,923
can_tho,mild,TwinGate+T2,9,160.0,narrow,0.1,2025,2160,0,0,0.0,160.0,9,14,8,5,1,20.0,81,1804,1.291,8,3,4,1218,970
can_tho,mild,TwinGate+blindARQ,0,160.0,narrow,0.1,2025,2160,0,0,0.0,160.0,8,11,8,3,0,0.0,82,1861,0.7454,9,1,7,1250,970
can_tho,mild,TwinGate+blindARQ,1,160.0,narrow,0.1,2025,2160,0,0,0.0,160.0,7,10,8,3,1,20.0,83,1864,0.6086,8,1,6,1263,931
can_tho,mild,TwinGate+blindARQ,2,160.0,narrow,0.1,2025,2160,2,0,0.0072,160.0,3,8,8,5,5,100.0,87,1857,0.0,4,0,3,1413,1018
can_tho,mild,TwinGate+blindARQ,3,160.0,narrow,0.1,2025,2160,0,0,0.0,160.0,4,8,8,4,4,80.0,86,1824,0.0,5,0,4,1353,974
can_tho,mild,TwinGate+blindARQ,4,160.0,narrow,0.1,2025,2160,0,0,0.0,160.0,6,11,8,5,2,40.0,84,1831,1.0541,7,1,5,1241,898
can_tho,mild,TwinGate+blindARQ,5,160.0,narrow,0.1,2025,2160,0,0,0.0,160.0,5,9,8,4,3,60.0,85,1826,0.4303,6,0,5,1207,898
can_tho,mild,TwinGate+blindARQ,6,160.0,narrow,0.1,2025,2160,2,0,0.0072,160.0,3,8,8,5,5,100.0,87,1835,0.0,4,0,3,1414,1044
can_tho,mild,TwinGate+blindARQ,7,160.0,narrow,0.1,2025,2160,0,0,0.0,160.0,5,8,8,3,3,60.0,85,1839,0.0,6,1,4,1202,913
can_tho,mild,TwinGate+blindARQ,8,160.0,narrow,0.1,2025,2160,0,0,0.0,160.0,7,8,8,1,1,20.0,83,1831,0.0,8,1,6,1260,923
can_tho,mild,TwinGate+blindARQ,9,160.0,narrow,0.1,2025,2160,0,0,0.0,160.0,6,13,8,7,2,40.0,84,1804,1.2172,7,1,5,1231,867
can_tho,mild,Reactive+T2,0,160.0,narrow,0.1,2025,2160,2,0,0.0073,160.0,3,3,3,0,0,0.0,0,1861,0.0,1,0,0,1306,898
can_tho,mild,Reactive+T2,1,160.0,narrow,0.1,2025,2160,2,0,0.0073,160.0,3,3,3,0,0,0.0,0,1864,0.0,1,0,0,1306,898
can_tho,mild,Reactive+T2,2,160.0,narrow,0.1,2025,2160,2,0,0.0073,160.0,3,3,3,0,1,40.0,0,1857,0.0,1,0,0,1306,898
can_tho,mild,Reactive+T2,3,160.0,narrow,0.1,2025,2160,2,0,0.0073,160.0,3,3,3,0,1,40.0,0,1824,0.0,1,0,0,1306,898
can_tho,mild,Reactive+T2,4,160.0,narrow,0.1,2025,2160,97,0,1.5302,160.0,2,3,3,1,1,60.0,0,1831,0.0,1,0,0,1571,1167
can_tho,mild,Reactive+T2,5,160.0,narrow,0.1,2025,2160,2,0,0.0073,160.0,3,3,3,0,1,40.0,0,1826,0.0,1,0,0,1306,898
can_tho,mild,Reactive+T2,6,160.0,narrow,0.1,2025,2160,97,0,1.5302,160.0,2,3,3,1,2,100.0,0,1835,0.0,1,0,0,1571,1167
can_tho,mild,Reactive+T2,7,160.0,narrow,0.1,2025,2160,97,0,1.5302,160.0,2,3,3,1,1,60.0,0,1839,0.0,1,0,0,1571,1167
can_tho,mild,Reactive+T2,8,160.0,narrow,0.1,2025,2160,2,0,0.0073,160.0,3,3,3,0,0,0.0,0,1831,0.0,1,0,0,1306,898
can_tho,mild,Reactive+T2,9,160.0,narrow,0.1,2025,2160,2,0,0.0073,160.0,3,3,3,0,1,40.0,0,1804,0.0,1,0,0,1306,898
can_tho,mild,Reactive+blindARQ,0,160.0,narrow,0.1,2025,2160,2,0,0.0073,160.0,3,3,3,0,0,0.0,0,1861,0.0,1,0,0,1306,898
can_tho,mild,Reactive+blindARQ,1,160.0,narrow,0.1,2025,2160,2,0,0.0073,160.0,3,3,3,0,0,0.0,0,1864,0.0,1,0,0,1306,898
can_tho,mild,Reactive+blindARQ,2,160.0,narrow,0.1,2025,2160,2,0,0.0073,160.0,3,3,3,0,1,40.0,0,1857,0.0,1,0,0,1306,898
can_tho,mild,Reactive+blindARQ,3,160.0,narrow,0.1,2025,2160,2,0,0.0073,160.0,3,3,3,0,1,40.0,0,1824,0.0,1,0,0,1306,898
can_tho,mild,Reactive+blindARQ,4,160.0,narrow,0.1,2025,2160,97,0,1.5302,160.0,2,3,3,1,1,60.0,0,1831,0.0,1,0,0,1571,1167
can_tho,mild,Reactive+blindARQ,5,160.0,narrow,0.1,2025,2160,2,0,0.0073,160.0,3,3,3,0,1,40.0,0,1826,0.0,1,0,0,1306,898
can_tho,mild,Reactive+blindARQ,6,160.0,narrow,0.1,2025,2160,97,0,1.5302,160.0,2,3,3,1,2,100.0,0,1835,0.0,1,0,0,1571,1167
can_tho,mild,Reactive+blindARQ,7,160.0,narrow,0.1,2025,2160,97,0,1.5302,160.0,2,3,3,1,1,60.0,0,1839,0.0,1,0,0,1571,1167
can_tho,mild,Reactive+blindARQ,8,160.0,narrow,0.1,2025,2160,2,0,0.0073,160.0,3,3,3,0,0,0.0,0,1831,0.0,1,0,0,1306,898
can_tho,mild,Reactive+blindARQ,9,160.0,narrow,0.1,2025,2160,2,0,0.0073,160.0,3,3,3,0,1,40.0,0,1804,0.0,1,0,0,1306,898
can_tho,mild,FixedSchedule,0,160.0,narrow,0.1,2025,2160,215,0,4.8661,160.0,3,3,3,0,0,0.0,0,1861,0.0,1,0,0,1644,1187
can_tho,mild,FixedSchedule,1,160.0,narrow,0.1,2025,2160,215,0,4.8661,160.0,3,3,3,0,0,0.0,0,1864,0.0,1,0,0,1644,1187
can_tho,mild,FixedSchedule,2,160.0,narrow,0.1,2025,2160,215,0,4.8661,160.0,3,3,3,0,1,40.0,0,1857,0.0,1,0,0,1644,1187
can_tho,mild,FixedSchedule,3,160.0,narrow,0.1,2025,2160,215,0,4.8661,160.0,3,3,3,0,1,40.0,0,1824,0.0,1,0,0,1644,1187
can_tho,mild,FixedSchedule,4,160.0,narrow,0.1,2025,2160,360,0,15.1464,160.0,2,3,3,1,1,60.0,0,1831,0.0,1,0,0,1783,1330
can_tho,mild,FixedSchedule,5,160.0,narrow,0.1,2025,2160,215,0,4.8661,160.0,3,3,3,0,1,40.0,0,1826,0.0,1,0,0,1644,1187
can_tho,mild,FixedSchedule,6,160.0,narrow,0.1,2025,2160,360,0,15.1464,160.0,2,3,3,1,2,100.0,0,1835,0.0,1,0,0,1783,1330
can_tho,mild,FixedSchedule,7,160.0,narrow,0.1,2025,2160,360,0,15.1464,160.0,2,3,3,1,1,60.0,0,1839,0.0,1,0,0,1783,1330
can_tho,mild,FixedSchedule,8,160.0,narrow,0.1,2025,2160,215,0,4.8661,160.0,3,4,3,1,0,0.0,0,1831,1.0086,1,0,0,1644,1188
can_tho,mild,FixedSchedule,9,160.0,narrow,0.1,2025,2160,215,0,4.8661,160.0,3,3,3,0,1,40.0,0,1804,0.0,1,0,0,1644,1187
can_tho,mild,Oracle,0,160.0,narrow,0.1,2025,2160,0,0,0.0,120.0,6,8,6,2,0,0.0,0,1861,0.6086,6,6,0,1313,1340
can_tho,mild,Oracle,1,160.0,narrow,0.1,2025,2160,0,0,0.0,120.0,6,12,6,6,0,0.0,0,1864,1.0541,6,6,0,1317,1340
can_tho,mild,Oracle,2,160.0,narrow,0.1,2025,2160,0,0,0.0,120.0,6,8,6,2,2,40.0,0,1857,0.6086,6,6,0,1313,1340
can_tho,mild,Oracle,3,160.0,narrow,0.1,2025,2160,0,0,0.0,120.0,6,6,6,0,3,60.0,0,1824,0.0,6,6,0,1311,1340
can_tho,mild,Oracle,4,160.0,narrow,0.1,2025,2160,0,0,0.0,120.0,6,9,6,3,1,20.0,0,1831,1.054,6,6,0,1314,1340
can_tho,mild,Oracle,5,160.0,narrow,0.1,2025,2160,0,0,0.0,120.0,6,6,6,0,2,40.0,0,1826,0.0,6,6,0,1311,1340
can_tho,mild,Oracle,6,160.0,narrow,0.1,2025,2160,0,0,0.0,120.0,6,8,6,2,2,40.0,0,1835,0.6086,6,6,0,1313,1340
can_tho,mild,Oracle,7,160.0,narrow,0.1,2025,2160,0,0,0.0,120.0,6,6,6,0,2,40.0,0,1839,0.0,6,6,0,1311,1340
can_tho,mild,Oracle,8,160.0,narrow,0.1,2025,2160,0,0,0.0,120.0,6,9,6,3,1,20.0,0,1831,1.054,6,6,0,1314,1340
can_tho,mild,Oracle,9,160.0,narrow,0.1,2025,2160,0,0,0.0,120.0,6,8,6,2,1,20.0,0,1804,0.6086,6,6,0,1313,1340
can_tho,mild,TwinGate+T2+centre,0,160.0,narrow,0.1,2025,2160,0,0,0.0,160.0,9,11,8,2,0,0.0,81,1861,0.7454,9,2,6,1299,1029
can_tho,mild,TwinGate+T2+centre,1,160.0,narrow,0.1,2025,2160,0,0,0.0,160.0,8,10,8,2,1,20.0,82,1864,0.6086,8,1,6,1228,938
can_tho,mild,TwinGate+T2+centre,2,160.0,narrow,0.1,2025,2160,0,0,0.0,160.0,6,9,8,3,4,80.0,84,1857,0.4303,7,0,6,1138,813
can_tho,mild,TwinGate+T2+centre,3,160.0,narrow,0.1,2025,2160,0,0,0.0,160.0,6,8,8,2,4,80.0,84,1824,0.0,7,0,6,1134,796
can_tho,mild,TwinGate+T2+centre,4,160.0,narrow,0.1,2025,2160,0,0,0.0,160.0,8,12,8,4,2,40.0,82,1831,1.1385,7,1,5,1239,940
can_tho,mild,TwinGate+T2+centre,5,160.0,narrow,0.1,2025,2160,0,0,0.0,160.0,6,8,8,2,3,60.0,84,1826,0.0,7,0,6,1137,812
can_tho,mild,TwinGate+T2+centre,6,160.0,narrow,0.1,2025,2160,0,0,0.0,160.0,5,8,8,3,5,100.0,85,1835,0.0,6,1,4,1201,926
can_tho,mild,TwinGate+T2+centre,7,160.0,narrow,0.1,2025,2160,0,0,0.0,160.0,5,8,8,3,3,60.0,85,1839,0.0,6,1,4,1202,913
can_tho,mild,TwinGate+T2+centre,8,160.0,narrow,0.1,2025,2160,0,0,0.0,160.0,7,8,8,1,1,20.0,83,1831,0.0,8,1,6,1260,923
can_tho,mild,TwinGate+T2+centre,9,160.0,narrow,0.1,2025,2160,0,0,0.0,160.0,9,14,8,5,1,20.0,81,1804,1.291,8,3,4,1218,970
can_tho,mild,TwinGate+T2,0,240.0,awd,0.02,2025,2160,0,0,0.0,140.0,7,8,7,1,0,0.0,83,1861,0.4303,7,5,2,783,1134
can_tho,mild,TwinGate+T2,1,240.0,awd,0.02,2025,2160,0,0,0.0,140.0,7,9,7,2,0,0.0,83,1864,0.9621,7,5,2,784,1133
can_tho,mild,TwinGate+T2,2,240.0,awd,0.02,2025,2160,0,0,0.0,180.0,6,10,9,4,6,120.0,84,1857,0.4303,5,5,0,770,942
can_tho,mild,TwinGate+T2,3,240.0,awd,0.02,2025,2160,0,0,0.0,140.0,7,11,7,4,3,60.0,83,1824,0.8607,6,5,0,1275,920
can_tho,mild,TwinGate+T2,4,240.0,awd,0.02,2025,2160,0,0,0.0,160.0,6,8,8,2,2,40.0,84,1831,0.0,6,5,1,815,1000
can_tho,mild,TwinGate+T2,5,240.0,awd,0.02,2025,2160,0,0,0.0,180.0,6,10,9,4,3,60.0,84,1826,0.4303,6,5,1,640,905
can_tho,mild,TwinGate+T2,6,240.0,awd,0.02,2025,2160,0,0,0.0,180.0,6,11,9,5,6,120.0,84,1835,0.6086,5,5,0,759,933
can_tho,mild,TwinGate+T2,7,240.0,awd,0.02,2025,2160,0,0,0.0,140.0,6,10,7,4,3,60.0,84,1839,0.8607,5,4,1,775,961
can_tho,mild,TwinGate+T2,8,240.0,awd,0.02,2025,2160,0,0,0.0,140.0,9,13,7,4,0,0.0,81,1831,1.0541,6,5,1,799,1051
can_tho,mild,TwinGate+T2,9,240.0,awd,0.02,2025,2160,0,0,0.0,160.0,8,11,8,3,2,40.0,82,1804,1.0541,7,5,2,806,1114
can_tho,mild,TwinGate+blindARQ,0,240.0,awd,0.02,2025,2160,0,0,0.0,140.0,7,8,7,1,0,0.0,83,1861,0.4303,7,5,2,783,1134
can_tho,mild,TwinGate+blindARQ,1,240.0,awd,0.02,2025,2160,0,0,0.0,140.0,6,8,7,2,1,20.0,84,1864,0.7006,6,6,0,817,1053
can_tho,mild,TwinGate+blindARQ,2,240.0,awd,0.02,2025,2160,0,0,0.0,200.0,3,10,10,7,7,140.0,87,1857,0.0,4,3,0,1420,1024
can_tho,mild,TwinGate+blindARQ,3,240.0,awd,0.02,2025,2160,0,0,0.0,180.0,4,9,9,5,5,100.0,86,1824,0.0,4,4,0,653,799
can_tho,mild,TwinGate+blindARQ,4,240.0,awd,0.02,2025,2160,0,0,0.0,160.0,6,8,8,2,2,40.0,84,1831,0.0,6,5,1,815,1000
can_tho,mild,TwinGate+blindARQ,5,240.0,awd,0.02,2025,2160,0,0,0.0,180.0,5,10,9,5,4,80.0,85,1826,0.3241,5,5,0,697,840
can_tho,mild,TwinGate+blindARQ,6,240.0,awd,0.02,2025,2160,0,0,0.0,180.0,3,10,9,7,6,120.0,87,1835,0.4303,4,3,0,1398,1001
can_tho,mild,TwinGate+blindARQ,7,240.0,awd,0.02,2025,2160,0,0,0.0,180.0,5,13,9,8,4,80.0,85,1839,0.9623,4,4,0,701,887
can_tho,mild,TwinGate+blindARQ,8,240.0,awd,0.02,2025,2160,0,0,0.0,140.0,6,13,7,7,1,20.0,84,1831,1.0541,6,6,0,879,1084
can_tho,mild,TwinGate+blindARQ,9,240.0,awd,0.02,2025,2160,0,0,0.0,160.0,6,16,8,10,2,40.0,84,1804,1.6102,6,5,1,833,1018
can_tho,mild,Reactive+T2,0,240.0,awd,0.02,2025,2160,0,0,0.0,240.0,4,5,4,1,0,0.0,0,1861,0.8432,1,0,0,1063,650
can_tho,mild,Reactive+T2,1,240.0,awd,0.02,2025,2160,0,0,0.0,240.0,4,5,4,1,1,60.0,0,1864,0.0003,1,0,0,1063,649
can_tho,mild,Reactive+T2,2,240.0,awd,0.02,2025,2160,2,0,0.0073,240.0,3,4,4,1,2,120.0,0,1857,0.0,1,0,0,1306,898
can_tho,mild,Reactive+T2,3,240.0,awd,0.02,2025,2160,2,0,0.0073,240.0,3,4,4,1,2,120.0,0,1824,0.0,1,0,0,1306,898
can_tho,mild,Reactive+T2,4,240.0,awd,0.02,2025,2160,2,0,0.0073,240.0,3,4,4,1,1,60.0,0,1831,0.0,1,0,0,1306,898
can_tho,mild,Reactive+T2,5,240.0,awd,0.02,2025,2160,2,0,0.0073,240.0,3,4,4,1,1,60.0,0,1826,0.0,1,0,0,1306,898
can_tho,mild,Reactive+T2,6,240.0,awd,0.02,2025,2160,96,0,1.4316,240.0,2,4,4,2,3,180.0,0,1835,0.0,1,0,0,1568,1150
can_tho,mild,Reactive+T2,7,240.0,awd,0.02,2025,2160,96,0,1.4316,240.0,2,4,4,2,2,120.0,0,1839,0.0,1,0,0,1568,1150
can_tho,mild,Reactive+T2,8,240.0,awd,0.02,2025,2160,0,0,0.0,240.0,4,4,4,0,0,0.0,0,1831,0.0,1,0,0,1063,649
can_tho,mild,Reactive+T2,9,240.0,awd,0.02,2025,2160,2,0,0.0073,240.0,3,4,4,1,1,60.0,0,1804,0.0,1,0,0,1306,898
can_tho,mild,Reactive+blindARQ,0,240.0,awd,0.02,2025,2160,0,0,0.0,240.0,4,5,4,1,0,0.0,0,1861,0.8432,1,0,0,1063,650
can_tho,mild,Reactive+blindARQ,1,240.0,awd,0.02,2025,2160,2,0,0.0072,240.0,3,5,4,2,1,60.0,0,1864,0.0003,1,0,0,1306,898
can_tho,mild,Reactive+blindARQ,2,240.0,awd,0.02,2025,2160,96,0,1.4316,240.0,2,4,4,2,2,120.0,0,1857,0.0,1,0,0,1568,1150
can_tho,mild,Reactive+blindARQ,3,240.0,awd,0.02,2025,2160,96,0,1.4316,240.0,2,4,4,2,2,120.0,0,1824,0.0,1,0,0,1568,1150
can_tho,mild,Reactive+blindARQ,4,240.0,awd,0.02,2025,2160,2,0,0.0073,240.0,3,4,4,1,1,60.0,0,1831,0.0,1,0,0,1306,898
can_tho,mild,Reactive+blindARQ,5,240.0,awd,0.02,2025,2160,2,0,0.0073,240.0,3,4,4,1,1,60.0,0,1826,0.0,1,0,0,1306,898
can_tho,mild,Reactive+blindARQ,6,240.0,awd,0.02,2025,2160,357,0,14.6687,240.0,1,4,4,3,3,180.0,0,1835,0.0,1,0,0,1765,1329
can_tho,mild,Reactive+blindARQ,7,240.0,awd,0.02,2025,2160,96,0,1.4316,240.0,2,4,4,2,2,120.0,0,1839,0.0,1,0,0,1568,1150
can_tho,mild,Reactive+blindARQ,8,240.0,awd,0.02,2025,2160,0,0,0.0,240.0,4,4,4,0,0,0.0,0,1831,0.0,1,0,0,1063,649
can_tho,mild,Reactive+blindARQ,9,240.0,awd,0.02,2025,2160,2,0,0.0073,240.0,3,4,4,1,1,60.0,0,1804,0.0,1,0,0,1306,898
can_tho,mild,FixedSchedule,0,240.0,awd,0.02,2025,2160,120,0,1.8659,240.0,4,4,4,0,0,0.0,0,1861,0.0,1,0,0,1594,1107
can_tho,mild,FixedSchedule,1,240.0,awd,0.02,2025,2160,296,0,11.0997,240.0,3,4,4,1,1,60.0,0,1864,0.0,1,0,0,1714,1251
can_tho,mild,FixedSchedule,2,240.0,awd,0.02,2025,2160,419,0,21.8562,240.0,2,4,4,2,2,120.0,0,1857,0.0,1,0,0,1839,1366
can_tho,mild,FixedSchedule,3,240.0,awd,0.02,2025,2160,419,0,21.8562,240.0,2,4,4,2,2,120.0,0,1824,0.0,1,0,0,1839,1366
can_tho,mild,FixedSchedule,4,240.0,awd,0.02,2025,2160,296,0,11.1192,240.0,3,6,4,3,1,60.0,0,1831,0.7677,1,0,0,1714,1251
can_tho,mild,FixedSchedule,5,240.0,awd,0.02,2025,2160,296,0,11.1192,240.0,3,4,4,1,1,60.0,0,1826,0.0,1,0,0,1714,1251
can_tho,mild,FixedSchedule,6,240.0,awd,0.02,2025,2160,573,0,32.0728,240.0,1,4,4,3,3,180.0,0,1835,0.0,1,0,0,1957,1486
can_tho,mild,FixedSchedule,7,240.0,awd,0.02,2025,2160,419,0,21.8562,240.0,2,7,4,5,2,120.0,0,1839,0.5428,1,0,0,1839,1366
can_tho,mild,FixedSchedule,8,240.0,awd,0.02,2025,2160,120,0,1.8659,240.0,4,4,4,0,0,0.0,0,1831,0.0,1,0,0,1594,1107
can_tho,mild,FixedSchedule,9,240.0,awd,0.02,2025,2160,296,0,11.1192,240.0,3,4,4,1,1,60.0,0,1804,0.0,1,0,0,1714,1251
can_tho,mild,Oracle,0,240.0,awd,0.02,2025,2160,0,0,0.0,160.0,7,8,7,1,0,0.0,0,1861,0.4303,5,5,0,794,971
can_tho,mild,Oracle,1,240.0,awd,0.02,2025,2160,0,0,0.0,160.0,7,12,7,5,0,0.0,0,1864,0.9623,5,5,0,798,971
can_tho,mild,Oracle,2,240.0,awd,0.02,2025,2160,0,0,0.0,160.0,7,10,7,3,2,40.0,0,1857,0.8092,5,5,0,796,971
can_tho,mild,Oracle,3,240.0,awd,0.02,2025,2160,0,0,0.0,160.0,7,7,7,0,4,80.0,0,1824,0.0,5,5,0,794,971
can_tho,mild,Oracle,4,240.0,awd,0.02,2025,2160,0,0,0.0,160.0,7,10,7,3,1,20.0,0,1831,1.054,5,5,0,797,971
can_tho,mild,Oracle,5,240.0,awd,0.02,2025,2160,0,0,0.0,160.0,7,8,7,1,2,40.0,0,1826,0.4303,5,5,0,794,971
can_tho,mild,Oracle,6,240.0,awd,0.02,2025,2160,0,0,0.0,160.0,7,9,7,2,3,60.0,0,1835,0.6086,5,5,0,796,971
can_tho,mild,Oracle,7,240.0,awd,0.02,2025,2160,0,0,0.0,160.0,7,7,7,0,3,60.0,0,1839,0.0,5,5,0,794,971
can_tho,mild,Oracle,8,240.0,awd,0.02,2025,2160,0,0,0.0,160.0,7,13,7,6,0,0.0,0,1831,1.8257,5,5,0,800,974
can_tho,mild,Oracle,9,240.0,awd,0.02,2025,2160,0,0,0.0,160.0,7,7,7,0,1,20.0,0,1804,0.0,5,5,0,794,971
can_tho,mild,TwinGate+T2+centre,0,240.0,awd,0.02,2025,2160,0,0,0.0,200.0,10,14,10,4,1,20.0,80,1861,0.9622,4,0,4,61,323
can_tho,mild,TwinGate+T2+centre,1,240.0,awd,0.02,2025,2160,0,0,0.0,200.0,10,12,10,2,1,20.0,80,1864,0.6086,3,0,3,31,343
can_tho,mild,TwinGate+T2+centre,2,240.0,awd,0.02,2025,2160,0,0,0.0,220.0,7,12,11,5,7,140.0,83,1857,0.4303,2,0,2,16,201
can_tho,mild,TwinGate+T2+centre,3,240.0,awd,0.02,2025,2160,0,0,0.0,200.0,8,12,10,4,5,100.0,82,1824,0.6086,3,0,3,31,248
can_tho,mild,TwinGate+T2+centre,4,240.0,awd,0.02,2025,2160,0,0,0.0,200.0,9,13,10,4,2,40.0,81,1831,0.7454,4,0,4,41,312
can_tho,mild,TwinGate+T2+centre,5,240.0,awd,0.02,2025,2160,0,0,0.0,200.0,10,15,10,5,3,60.0,80,1826,0.9623,3,0,3,34,332
can_tho,mild,TwinGate+T2+centre,6,240.0,awd,0.02,2025,2160,0,0,0.0,200.0,7,11,10,4,6,120.0,83,1835,0.4303,3,0,3,23,252
can_tho,mild,TwinGate+T2+centre,7,240.0,awd,0.02,2025,2160,0,0,0.0,220.0,8,13,11,5,4,80.0,82,1839,0.6086,4,0,4,42,241
can_tho,mild,TwinGate+T2+centre,8,240.0,awd,0.02,2025,2160,0,0,0.0,200.0,9,10,10,1,1,20.0,81,1831,0.0,3,0,3,26,320
can_tho,mild,TwinGate+T2+centre,9,240.0,awd,0.02,2025,2160,0,0,0.0,200.0,8,10,10,2,2,40.0,82,1804,0.0,2,0,2,22,290
can_tho,mild,TwinGate+T2,0,240.0,mid,0.05,2025,2160,0,0,0.0,160.0,10,13,8,3,0,0.0,80,1861,0.9623,8,3,5,682,977
can_tho,mild,TwinGate+T2,1,240.0,mid,0.05,2025,2160,0,0,0.0,160.0,9,13,8,4,0,0.0,81,1864,1.1385,9,2,6,1165,855
can_tho,mild,TwinGate+T2,2,240.0,mid,0.05,2025,2160,0,0,0.0,200.0,7,12,10,5,7,140.0,83,1857,0.6086,6,2,4,533,714
can_tho,mild,TwinGate+T2,3,240.0,mid,0.05,2025,2160,0,0,0.0,180.0,9,16,9,7,4,80.0,81,1824,1.3608,6,2,4,430,679
can_tho,mild,TwinGate+T2,4,240.0,mid,0.05,2025,2160,0,0,0.0,180.0,7,9,9,2,2,40.0,83,1831,0.0,7,1,6,447,818
can_tho,mild,TwinGate+T2,5,240.0,mid,0.05,2025,2160,0,0,0.0,180.0,8,14,9,6,4,80.0,82,1826,1.2171,6,2,4,360,628
can_tho,mild,TwinGate+T2,6,240.0,mid,0.05,2025,2160,0,0,0.0,180.0,5,9,9,4,6,120.0,85,1835,0.0,5,2,3,407,607
can_tho,mild,TwinGate+T2,7,240.0,mid,0.05,2025,2160,0,0,0.0,160.0,9,16,8,7,2,40.0,81,1839,1.4272,8,0,7,1089,868
can_tho,mild,TwinGate+T2,8,240.0,mid,0.05,2025,2160,0,0,0.0,160.0,10,14,8,4,1,20.0,80,1831,1.0541,9,1,7,1136,869
can_tho,mild,TwinGate+T2,9,240.0,mid,0.05,2025,2160,0,0,0.0,180.0,8,11,9,3,2,40.0,82,1804,1.2906,7,2,5,450,761
can_tho,mild,TwinGate+blindARQ,0,240.0,mid,0.05,2025,2160,0,0,0.0,180.0,8,16,9,8,1,20.0,82,1861,1.1386,8,1,7,482,804
can_tho,mild,TwinGate+blindARQ,1,240.0,mid,0.05,2025,2160,0,0,0.0,160.0,7,17,8,10,1,20.0,83,1864,1.843,8,1,6,1184,933
can_tho,mild,TwinGate+blindARQ,2,240.0,mid,0.05,2025,2160,0,0,0.0,240.0,5,16,12,11,7,140.0,85,1857,0.8607,6,1,4,1233,885
can_tho,mild,TwinGate+blindARQ,3,240.0,mid,0.05,2025,2160,0,0,0.0,200.0,5,16,10,11,5,100.0,85,1824,1.2328,6,0,5,965,524
can_tho,mild,TwinGate+blindARQ,4,240.0,mid,0.05,2025,2160,0,0,0.0,180.0,7,9,9,2,2,40.0,83,1831,0.0,7,1,6,447,818
can_tho,mild,TwinGate+blindARQ,5,240.0,mid,0.05,2025,2160,0,0,0.0,200.0,6,18,10,12,4,80.0,84,1826,1.1859,6,1,5,380,626
can_tho,mild,TwinGate+blindARQ,6,240.0,mid,0.05,2025,2160,0,0,0.0,240.0,6,16,12,10,6,120.0,84,1835,0.4303,6,2,4,538,755
can_tho,mild,TwinGate+blindARQ,7,240.0,mid,0.05,2025,2160,0,0,0.0,180.0,5,13,9,8,4,80.0,85,1839,0.9623,5,2,3,409,609
can_tho,mild,TwinGate+blindARQ,8,240.0,mid,0.05,2025,2160,0,0,0.0,160.0,7,16,8,9,1,20.0,83,1831,1.2172,8,1,6,1192,937
can_tho,mild,TwinGate+blindARQ,9,240.0,mid,0.05,2025,2160,0,0,0.0,180.0,7,13,9,6,2,40.0,83,1804,1.5115,7,1,6,455,802
can_tho,mild,Reactive+T2,0,240.0,mid,0.05,2025,2160,0,0,0.0,240.0,4,5,4,1,0,0.0,0,1861,0.8432,1,0,0,1063,650
can_tho,mild,Reactive+T2,1,240.0,mid,0.05,2025,2160,0,0,0.0,240.0,4,5,4,1,1,60.0,0,1864,0.0003,1,0,0,1063,649
can_tho,mild,Reactive+T2,2,240.0,mid,0.05,2025,2160,2,0,0.0073,240.0,3,4,4,1,2,120.0,0,1857,0.0,1,0,0,1306,898
can_tho,mild,Reactive+T2,3,240.0,mid,0.05,2025,2160,2,0,0.0073,240.0,3,4,4,1,2,120.0,0,1824,0.0,1,0,0,1306,898
can_tho,mild,Reactive+T2,4,240.0,mid,0.05,2025,2160,2,0,0.0073,240.0,3,4,4,1,1,60.0,0,1831,0.0,1,0,0,1306,898
can_tho,mild,Reactive+T2,5,240.0,mid,0.05,2025,2160,2,0,0.0073,240.0,3,4,4,1,1,60.0,0,1826,0.0,1,0,0,1306,898
can_tho,mild,Reactive+T2,6,240.0,mid,0.05,2025,2160,96,0,1.4316,240.0,2,4,4,2,3,180.0,0,1835,0.0,1,0,0,1568,1150
can_tho,mild,Reactive+T2,7,240.0,mid,0.05,2025,2160,96,0,1.4316,240.0,2,4,4,2,2,120.0,0,1839,0.0,1,0,0,1568,1150
can_tho,mild,Reactive+T2,8,240.0,mid,0.05,2025,2160,0,0,0.0,240.0,4,4,4,0,0,0.0,0,1831,0.0,1,0,0,1063,649
can_tho,mild,Reactive+T2,9,240.0,mid,0.05,2025,2160,2,0,0.0073,240.0,3,4,4,1,1,60.0,0,1804,0.0,1,0,0,1306,898
can_tho,mild,Reactive+blindARQ,0,240.0,mid,0.05,2025,2160,0,0,0.0,240.0,4,5,4,1,0,0.0,0,1861,0.8432,1,0,0,1063,650
can_tho,mild,Reactive+blindARQ,1,240.0,mid,0.05,2025,2160,2,0,0.0072,240.0,3,5,4,2,1,60.0,0,1864,0.0003,1,0,0,1306,898
can_tho,mild,Reactive+blindARQ,2,240.0,mid,0.05,2025,2160,96,0,1.4316,240.0,2,4,4,2,2,120.0,0,1857,0.0,1,0,0,1568,1150
can_tho,mild,Reactive+blindARQ,3,240.0,mid,0.05,2025,2160,96,0,1.4316,240.0,2,4,4,2,2,120.0,0,1824,0.0,1,0,0,1568,1150
can_tho,mild,Reactive+blindARQ,4,240.0,mid,0.05,2025,2160,2,0,0.0073,240.0,3,4,4,1,1,60.0,0,1831,0.0,1,0,0,1306,898
can_tho,mild,Reactive+blindARQ,5,240.0,mid,0.05,2025,2160,2,0,0.0073,240.0,3,4,4,1,1,60.0,0,1826,0.0,1,0,0,1306,898
can_tho,mild,Reactive+blindARQ,6,240.0,mid,0.05,2025,2160,357,0,14.6687,240.0,1,4,4,3,3,180.0,0,1835,0.0,1,0,0,1765,1329
can_tho,mild,Reactive+blindARQ,7,240.0,mid,0.05,2025,2160,96,0,1.4316,240.0,2,4,4,2,2,120.0,0,1839,0.0,1,0,0,1568,1150
can_tho,mild,Reactive+blindARQ,8,240.0,mid,0.05,2025,2160,0,0,0.0,240.0,4,4,4,0,0,0.0,0,1831,0.0,1,0,0,1063,649
can_tho,mild,Reactive+blindARQ,9,240.0,mid,0.05,2025,2160,2,0,0.0073,240.0,3,4,4,1,1,60.0,0,1804,0.0,1,0,0,1306,898
can_tho,mild,FixedSchedule,0,240.0,mid,0.05,2025,2160,120,0,1.8659,240.0,4,4,4,0,0,0.0,0,1861,0.0,1,0,0,1594,1107
can_tho,mild,FixedSchedule,1,240.0,mid,0.05,2025,2160,296,0,11.0997,240.0,3,4,4,1,1,60.0,0,1864,0.0,1,0,0,1714,1251
can_tho,mild,FixedSchedule,2,240.0,mid,0.05,2025,2160,419,0,21.8562,240.0,2,4,4,2,2,120.0,0,1857,0.0,1,0,0,1839,1366
can_tho,mild,FixedSchedule,3,240.0,mid,0.05,2025,2160,419,0,21.8562,240.0,2,4,4,2,2,120.0,0,1824,0.0,1,0,0,1839,1366
can_tho,mild,FixedSchedule,4,240.0,mid,0.05,2025,2160,296,0,11.1192,240.0,3,6,4,3,1,60.0,0,1831,0.7677,1,0,0,1714,1251
can_tho,mild,FixedSchedule,5,240.0,mid,0.05,2025,2160,296,0,11.1192,240.0,3,4,4,1,1,60.0,0,1826,0.0,1,0,0,1714,1251
can_tho,mild,FixedSchedule,6,240.0,mid,0.05,2025,2160,573,0,32.0728,240.0,1,4,4,3,3,180.0,0,1835,0.0,1,0,0,1957,1486
can_tho,mild,FixedSchedule,7,240.0,mid,0.05,2025,2160,419,0,21.8562,240.0,2,7,4,5,2,120.0,0,1839,0.5428,1,0,0,1839,1366
can_tho,mild,FixedSchedule,8,240.0,mid,0.05,2025,2160,120,0,1.8659,240.0,4,4,4,0,0,0.0,0,1831,0.0,1,0,0,1594,1107
can_tho,mild,FixedSchedule,9,240.0,mid,0.05,2025,2160,296,0,11.1192,240.0,3,4,4,1,1,60.0,0,1804,0.0,1,0,0,1714,1251
can_tho,mild,Oracle,0,240.0,mid,0.05,2025,2160,0,0,0.0,160.0,7,8,7,1,0,0.0,0,1861,0.4303,5,5,0,794,971
can_tho,mild,Oracle,1,240.0,mid,0.05,2025,2160,0,0,0.0,160.0,7,12,7,5,0,0.0,0,1864,0.9623,5,5,0,798,971
can_tho,mild,Oracle,2,240.0,mid,0.05,2025,2160,0,0,0.0,160.0,7,10,7,3,2,40.0,0,1857,0.8092,5,5,0,796,971
can_tho,mild,Oracle,3,240.0,mid,0.05,2025,2160,0,0,0.0,160.0,7,7,7,0,4,80.0,0,1824,0.0,5,5,0,794,971
can_tho,mild,Oracle,4,240.0,mid,0.05,2025,2160,0,0,0.0,160.0,7,10,7,3,1,20.0,0,1831,1.054,5,5,0,797,971
can_tho,mild,Oracle,5,240.0,mid,0.05,2025,2160,0,0,0.0,160.0,7,8,7,1,2,40.0,0,1826,0.4303,5,5,0,794,971
can_tho,mild,Oracle,6,240.0,mid,0.05,2025,2160,0,0,0.0,160.0,7,9,7,2,3,60.0,0,1835,0.6086,5,5,0,796,971
can_tho,mild,Oracle,7,240.0,mid,0.05,2025,2160,0,0,0.0,160.0,7,7,7,0,3,60.0,0,1839,0.0,5,5,0,794,971
can_tho,mild,Oracle,8,240.0,mid,0.05,2025,2160,0,0,0.0,160.0,7,13,7,6,0,0.0,0,1831,1.8257,5,5,0,800,974
can_tho,mild,Oracle,9,240.0,mid,0.05,2025,2160,0,0,0.0,160.0,7,7,7,0,1,20.0,0,1804,0.0,5,5,0,794,971
can_tho,mild,TwinGate+T2+centre,0,240.0,mid,0.05,2025,2160,0,0,0.0,200.0,10,14,10,4,1,20.0,80,1861,0.9622,4,0,4,61,323
can_tho,mild,TwinGate+T2+centre,1,240.0,mid,0.05,2025,2160,0,0,0.0,200.0,10,12,10,2,1,20.0,80,1864,0.6086,3,0,3,31,343
can_tho,mild,TwinGate+T2+centre,2,240.0,mid,0.05,2025,2160,0,0,0.0,220.0,7,12,11,5,7,140.0,83,1857,0.4303,2,0,2,16,201
can_tho,mild,TwinGate+T2+centre,3,240.0,mid,0.05,2025,2160,0,0,0.0,200.0,8,12,10,4,5,100.0,82,1824,0.6086,3,0,3,31,248
can_tho,mild,TwinGate+T2+centre,4,240.0,mid,0.05,2025,2160,0,0,0.0,200.0,9,13,10,4,2,40.0,81,1831,0.7454,4,0,4,41,312
can_tho,mild,TwinGate+T2+centre,5,240.0,mid,0.05,2025,2160,0,0,0.0,200.0,10,15,10,5,3,60.0,80,1826,0.9623,3,0,3,34,332
can_tho,mild,TwinGate+T2+centre,6,240.0,mid,0.05,2025,2160,0,0,0.0,200.0,7,11,10,4,6,120.0,83,1835,0.4303,3,0,3,23,252
can_tho,mild,TwinGate+T2+centre,7,240.0,mid,0.05,2025,2160,0,0,0.0,220.0,8,13,11,5,4,80.0,82,1839,0.6086,4,0,4,42,241
can_tho,mild,TwinGate+T2+centre,8,240.0,mid,0.05,2025,2160,0,0,0.0,200.0,9,10,10,1,1,20.0,81,1831,0.0,3,0,3,26,320
can_tho,mild,TwinGate+T2+centre,9,240.0,mid,0.05,2025,2160,0,0,0.0,200.0,8,10,10,2,2,40.0,82,1804,0.0,2,0,2,22,290
can_tho,mild,TwinGate+T2,0,240.0,narrow,0.1,2025,2160,0,0,0.0,180.0,9,12,9,3,1,20.0,81,1861,0.7454,8,2,6,397,686
can_tho,mild,TwinGate+T2,1,240.0,narrow,0.1,2025,2160,0,0,0.0,180.0,10,13,9,3,1,20.0,80,1864,0.8607,8,1,7,341,649
can_tho,mild,TwinGate+T2,2,240.0,narrow,0.1,2025,2160,0,0,0.0,200.0,7,11,10,4,6,120.0,83,1857,0.4303,7,0,7,207,464
can_tho,mild,TwinGate+T2,3,240.0,narrow,0.1,2025,2160,0,0,0.0,180.0,7,10,9,3,5,100.0,83,1824,0.4303,8,0,7,929,543
can_tho,mild,TwinGate+T2,4,240.0,narrow,0.1,2025,2160,0,0,0.0,180.0,9,13,9,4,2,40.0,81,1831,1.1385,7,2,5,520,787
can_tho,mild,TwinGate+T2,5,240.0,narrow,0.1,2025,2160,0,0,0.0,200.0,7,10,10,3,4,80.0,83,1826,0.0,7,0,7,206,463
can_tho,mild,TwinGate+T2,6,240.0,narrow,0.1,2025,2160,0,0,0.0,200.0,6,10,10,4,6,120.0,84,1835,0.0,6,2,4,388,574
can_tho,mild,TwinGate+T2,7,240.0,narrow,0.1,2025,2160,0,0,0.0,200.0,6,10,10,4,4,80.0,84,1839,0.0,6,1,5,245,556
can_tho,mild,TwinGate+T2,8,240.0,narrow,0.1,2025,2160,0,0,0.0,180.0,8,9,9,1,1,20.0,82,1831,0.0,9,1,7,1035,629
can_tho,mild,TwinGate+T2,9,240.0,narrow,0.1,2025,2160,0,0,0.0,180.0,10,15,9,5,1,20.0,80,1804,1.291,8,3,5,499,832
can_tho,mild,TwinGate+blindARQ,0,240.0,narrow,0.1,2025,2160,0,0,0.0,180.0,8,13,9,5,1,20.0,82,1861,0.8607,9,1,7,1027,671
can_tho,mild,TwinGate+blindARQ,1,240.0,narrow,0.1,2025,2160,0,0,0.0,180.0,8,13,9,5,1,20.0,82,1864,0.8607,9,1,7,1040,639
can_tho,mild,TwinGate+blindARQ,2,240.0,narrow,0.1,2025,2160,0,0,0.0,240.0,5,15,12,10,7,140.0,85,1857,0.7454,6,1,4,1199,888
can_tho,mild,TwinGate+blindARQ,3,240.0,narrow,0.1,2025,2160,0,0,0.0,220.0,6,11,11,5,5,100.0,84,1824,0.0,6,1,5,314,537
can_tho,mild,TwinGate+blindARQ,4,240.0,narrow,0.1,2025,2160,0,0,0.0,180.0,7,12,9,5,2,40.0,83,1831,1.0541,8,1,6,1032,636
can_tho,mild,TwinGate+blindARQ,5,240.0,narrow,0.1,2025,2160,0,0,0.0,200.0,6,11,10,5,4,80.0,84,1826,0.4303,6,0,6,176,426
can_tho,mild,TwinGate+blindARQ,6,240.0,narrow,0.1,2025,2160,0,0,0.0,240.0,6,12,12,6,6,120.0,84,1835,0.0,7,1,5,970,754
can_tho,mild,TwinGate+blindARQ,7,240.0,narrow,0.1,2025,2160,0,0,0.0,200.0,6,10,10,4,4,80.0,84,1839,0.0,6,1,5,245,556
can_tho,mild,TwinGate+blindARQ,8,240.0,narrow,0.1,2025,2160,0,0,0.0,180.0,8,9,9,1,1,20.0,82,1831,0.0,9,1,7,1035,629
can_tho,mild,TwinGate+blindARQ,9,240.0,narrow,0.1,2025,2160,0,0,0.0,180.0,7,14,9,7,2,40.0,83,1804,1.2172,8,1,6,1023,609
can_tho,mild,Reactive+T2,0,240.0,narrow,0.1,2025,2160,0,0,0.0,240.0,4,5,4,1,0,0.0,0,1861,0.8432,1,0,0,1063,650
can_tho,mild,Reactive+T2,1,240.0,narrow,0.1,2025,2160,0,0,0.0,240.0,4,5,4,1,1,60.0,0,1864,0.0003,1,0,0,1063,649
can_tho,mild,Reactive+T2,2,240.0,narrow,0.1,2025,2160,2,0,0.0073,240.0,3,4,4,1,2,120.0,0,1857,0.0,1,0,0,1306,898
can_tho,mild,Reactive+T2,3,240.0,narrow,0.1,2025,2160,2,0,0.0073,240.0,3,4,4,1,2,120.0,0,1824,0.0,1,0,0,1306,898
can_tho,mild,Reactive+T2,4,240.0,narrow,0.1,2025,2160,2,0,0.0073,240.0,3,4,4,1,1,60.0,0,1831,0.0,1,0,0,1306,898
can_tho,mild,Reactive+T2,5,240.0,narrow,0.1,2025,2160,2,0,0.0073,240.0,3,4,4,1,1,60.0,0,1826,0.0,1,0,0,1306,898
can_tho,mild,Reactive+T2,6,240.0,narrow,0.1,2025,2160,96,0,1.4316,240.0,2,4,4,2,3,180.0,0,1835,0.0,1,0,0,1568,1150
can_tho,mild,Reactive+T2,7,240.0,narrow,0.1,2025,2160,96,0,1.4316,240.0,2,4,4,2,2,120.0,0,1839,0.0,1,0,0,1568,1150
can_tho,mild,Reactive+T2,8,240.0,narrow,0.1,2025,2160,0,0,0.0,240.0,4,4,4,0,0,0.0,0,1831,0.0,1,0,0,1063,649
can_tho,mild,Reactive+T2,9,240.0,narrow,0.1,2025,2160,2,0,0.0073,240.0,3,4,4,1,1,60.0,0,1804,0.0,1,0,0,1306,898
can_tho,mild,Reactive+blindARQ,0,240.0,narrow,0.1,2025,2160,0,0,0.0,240.0,4,5,4,1,0,0.0,0,1861,0.8432,1,0,0,1063,650
can_tho,mild,Reactive+blindARQ,1,240.0,narrow,0.1,2025,2160,2,0,0.0072,240.0,3,5,4,2,1,60.0,0,1864,0.0003,1,0,0,1306,898
can_tho,mild,Reactive+blindARQ,2,240.0,narrow,0.1,2025,2160,96,0,1.4316,240.0,2,4,4,2,2,120.0,0,1857,0.0,1,0,0,1568,1150
can_tho,mild,Reactive+blindARQ,3,240.0,narrow,0.1,2025,2160,96,0,1.4316,240.0,2,4,4,2,2,120.0,0,1824,0.0,1,0,0,1568,1150
can_tho,mild,Reactive+blindARQ,4,240.0,narrow,0.1,2025,2160,2,0,0.0073,240.0,3,4,4,1,1,60.0,0,1831,0.0,1,0,0,1306,898
can_tho,mild,Reactive+blindARQ,5,240.0,narrow,0.1,2025,2160,2,0,0.0073,240.0,3,4,4,1,1,60.0,0,1826,0.0,1,0,0,1306,898
can_tho,mild,Reactive+blindARQ,6,240.0,narrow,0.1,2025,2160,357,0,14.6687,240.0,1,4,4,3,3,180.0,0,1835,0.0,1,0,0,1765,1329
can_tho,mild,Reactive+blindARQ,7,240.0,narrow,0.1,2025,2160,96,0,1.4316,240.0,2,4,4,2,2,120.0,0,1839,0.0,1,0,0,1568,1150
can_tho,mild,Reactive+blindARQ,8,240.0,narrow,0.1,2025,2160,0,0,0.0,240.0,4,4,4,0,0,0.0,0,1831,0.0,1,0,0,1063,649
can_tho,mild,Reactive+blindARQ,9,240.0,narrow,0.1,2025,2160,2,0,0.0073,240.0,3,4,4,1,1,60.0,0,1804,0.0,1,0,0,1306,898
can_tho,mild,FixedSchedule,0,240.0,narrow,0.1,2025,2160,120,0,1.8659,240.0,4,4,4,0,0,0.0,0,1861,0.0,1,0,0,1594,1107
can_tho,mild,FixedSchedule,1,240.0,narrow,0.1,2025,2160,296,0,11.0997,240.0,3,4,4,1,1,60.0,0,1864,0.0,1,0,0,1714,1251
can_tho,mild,FixedSchedule,2,240.0,narrow,0.1,2025,2160,419,0,21.8562,240.0,2,4,4,2,2,120.0,0,1857,0.0,1,0,0,1839,1366
can_tho,mild,FixedSchedule,3,240.0,narrow,0.1,2025,2160,419,0,21.8562,240.0,2,4,4,2,2,120.0,0,1824,0.0,1,0,0,1839,1366
can_tho,mild,FixedSchedule,4,240.0,narrow,0.1,2025,2160,296,0,11.1192,240.0,3,6,4,3,1,60.0,0,1831,0.7677,1,0,0,1714,1251
can_tho,mild,FixedSchedule,5,240.0,narrow,0.1,2025,2160,296,0,11.1192,240.0,3,4,4,1,1,60.0,0,1826,0.0,1,0,0,1714,1251
can_tho,mild,FixedSchedule,6,240.0,narrow,0.1,2025,2160,573,0,32.0728,240.0,1,4,4,3,3,180.0,0,1835,0.0,1,0,0,1957,1486
can_tho,mild,FixedSchedule,7,240.0,narrow,0.1,2025,2160,419,0,21.8562,240.0,2,7,4,5,2,120.0,0,1839,0.5428,1,0,0,1839,1366
can_tho,mild,FixedSchedule,8,240.0,narrow,0.1,2025,2160,120,0,1.8659,240.0,4,4,4,0,0,0.0,0,1831,0.0,1,0,0,1594,1107
can_tho,mild,FixedSchedule,9,240.0,narrow,0.1,2025,2160,296,0,11.1192,240.0,3,4,4,1,1,60.0,0,1804,0.0,1,0,0,1714,1251
can_tho,mild,Oracle,0,240.0,narrow,0.1,2025,2160,0,0,0.0,160.0,7,8,7,1,0,0.0,0,1861,0.4303,5,5,0,794,971
can_tho,mild,Oracle,1,240.0,narrow,0.1,2025,2160,0,0,0.0,160.0,7,12,7,5,0,0.0,0,1864,0.9623,5,5,0,798,971
can_tho,mild,Oracle,2,240.0,narrow,0.1,2025,2160,0,0,0.0,160.0,7,10,7,3,2,40.0,0,1857,0.8092,5,5,0,796,971
can_tho,mild,Oracle,3,240.0,narrow,0.1,2025,2160,0,0,0.0,160.0,7,7,7,0,4,80.0,0,1824,0.0,5,5,0,794,971
can_tho,mild,Oracle,4,240.0,narrow,0.1,2025,2160,0,0,0.0,160.0,7,10,7,3,1,20.0,0,1831,1.054,5,5,0,797,971
can_tho,mild,Oracle,5,240.0,narrow,0.1,2025,2160,0,0,0.0,160.0,7,8,7,1,2,40.0,0,1826,0.4303,5,5,0,794,971
can_tho,mild,Oracle,6,240.0,narrow,0.1,2025,2160,0,0,0.0,160.0,7,9,7,2,3,60.0,0,1835,0.6086,5,5,0,796,971
can_tho,mild,Oracle,7,240.0,narrow,0.1,2025,2160,0,0,0.0,160.0,7,7,7,0,3,60.0,0,1839,0.0,5,5,0,794,971
can_tho,mild,Oracle,8,240.0,narrow,0.1,2025,2160,0,0,0.0,160.0,7,13,7,6,0,0.0,0,1831,1.8257,5,5,0,800,974
can_tho,mild,Oracle,9,240.0,narrow,0.1,2025,2160,0,0,0.0,160.0,7,7,7,0,1,20.0,0,1804,0.0,5,5,0,794,971
can_tho,mild,TwinGate+T2+centre,0,240.0,narrow,0.1,2025,2160,0,0,0.0,180.0,9,12,9,3,1,20.0,81,1861,0.7454,8,2,6,397,686
can_tho,mild,TwinGate+T2+centre,1,240.0,narrow,0.1,2025,2160,0,0,0.0,180.0,10,13,9,3,1,20.0,80,1864,0.8607,8,1,7,341,649
can_tho,mild,TwinGate+T2+centre,2,240.0,narrow,0.1,2025,2160,0,0,0.0,200.0,7,11,10,4,6,120.0,83,1857,0.4303,7,0,7,207,464
can_tho,mild,TwinGate+T2+centre,3,240.0,narrow,0.1,2025,2160,0,0,0.0,180.0,7,10,9,3,5,100.0,83,1824,0.4303,8,0,7,929,543
can_tho,mild,TwinGate+T2+centre,4,240.0,narrow,0.1,2025,2160,0,0,0.0,180.0,9,13,9,4,2,40.0,81,1831,1.1385,7,2,5,520,787
can_tho,mild,TwinGate+T2+centre,5,240.0,narrow,0.1,2025,2160,0,0,0.0,200.0,7,10,10,3,4,80.0,83,1826,0.0,7,0,7,206,463
can_tho,mild,TwinGate+T2+centre,6,240.0,narrow,0.1,2025,2160,0,0,0.0,200.0,6,10,10,4,6,120.0,84,1835,0.0,6,2,4,388,574
can_tho,mild,TwinGate+T2+centre,7,240.0,narrow,0.1,2025,2160,0,0,0.0,200.0,6,10,10,4,4,80.0,84,1839,0.0,6,1,5,245,556
can_tho,mild,TwinGate+T2+centre,8,240.0,narrow,0.1,2025,2160,0,0,0.0,180.0,8,9,9,1,1,20.0,82,1831,0.0,9,1,7,1035,629
can_tho,mild,TwinGate+T2+centre,9,240.0,narrow,0.1,2025,2160,0,0,0.0,180.0,10,15,9,5,1,20.0,80,1804,1.291,8,3,5,499,832
can_tho,mild,TwinGate+T2,0,320.0,awd,0.02,2025,2160,0,0,0.0,180.0,10,14,9,4,1,20.0,80,1861,0.9623,7,1,6,322,686
can_tho,mild,TwinGate+T2,1,320.0,awd,0.02,2025,2160,0,0,0.0,180.0,10,12,9,2,1,20.0,80,1864,0.7454,7,1,6,281,607
can_tho,mild,TwinGate+T2,2,320.0,awd,0.02,2025,2160,0,0,0.0,200.0,6,10,10,4,7,140.0,84,1857,0.0,6,1,5,265,453
can_tho,mild,TwinGate+T2,3,320.0,awd,0.02,2025,2160,0,0,0.0,180.0,8,12,9,4,5,100.0,82,1824,0.7454,4,1,3,268,524
can_tho,mild,TwinGate+T2,4,320.0,awd,0.02,2025,2160,0,0,0.0,200.0,8,10,10,2,2,40.0,82,1831,0.0,6,1,5,258,494
can_tho,mild,TwinGate+T2,5,320.0,awd,0.02,2025,2160,0,0,0.0,200.0,7,11,10,4,4,80.0,83,1826,0.4303,5,1,4,252,451
can_tho,mild,TwinGate+T2,6,320.0,awd,0.02,2025,2160,0,0,0.0,200.0,6,10,10,4,6,120.0,84,1835,0.0,4,1,3,209,465
can_tho,mild,TwinGate+T2,7,320.0,awd,0.02,2025,2160,0,0,0.0,200.0,6,11,10,5,4,80.0,84,1839,0.4303,4,1,3,210,465
can_tho,mild,TwinGate+T2,8,320.0,awd,0.02,2025,2160,0,0,0.0,180.0,9,11,9,2,1,20.0,81,1831,0.6086,6,1,5,267,583
can_tho,mild,TwinGate+T2,9,320.0,awd,0.02,2025,2160,0,0,0.0,180.0,10,14,9,4,2,40.0,80,1804,1.0541,7,1,6,330,700
can_tho,mild,TwinGate+blindARQ,0,320.0,awd,0.02,2025,2160,0,0,0.0,200.0,9,19,10,10,1,20.0,81,1861,1.291,6,1,5,272,551
can_tho,mild,TwinGate+blindARQ,1,320.0,awd,0.02,2025,2160,0,0,0.0,180.0,8,12,9,4,1,20.0,82,1864,0.7454,5,1,4,249,521
can_tho,mild,TwinGate+blindARQ,2,320.0,awd,0.02,2025,2160,0,0,0.0,240.0,5,12,12,7,7,140.0,85,1857,0.0,5,4,1,691,840
can_tho,mild,TwinGate+blindARQ,3,320.0,awd,0.02,2025,2160,0,0,0.0,200.0,5,13,10,8,5,100.0,85,1824,0.8606,4,2,2,322,524
can_tho,mild,TwinGate+blindARQ,4,320.0,awd,0.02,2025,2160,0,0,0.0,200.0,8,10,10,2,2,40.0,82,1831,0.0,6,1,5,258,494
can_tho,mild,TwinGate+blindARQ,5,320.0,awd,0.02,2025,2160,0,0,0.0,200.0,6,16,10,10,4,80.0,84,1826,0.8879,5,1,4,304,522
can_tho,mild,TwinGate+blindARQ,6,320.0,awd,0.02,2025,2160,0,0,0.0,220.0,5,12,11,7,6,120.0,85,1835,0.4303,5,5,0,665,830
can_tho,mild,TwinGate+blindARQ,7,320.0,awd,0.02,2025,2160,0,0,0.0,200.0,6,11,10,5,4,80.0,84,1839,0.4303,4,1,3,210,465
can_tho,mild,TwinGate+blindARQ,8,320.0,awd,0.02,2025,2160,0,0,0.0,180.0,8,11,9,3,1,20.0,82,1831,0.6086,7,1,6,262,538
can_tho,mild,TwinGate+blindARQ,9,320.0,awd,0.02,2025,2160,0,0,0.0,200.0,8,17,10,9,2,40.0,82,1804,1.3608,6,1,5,268,489
can_tho,mild,Reactive+T2,0,320.0,awd,0.02,2025,2160,0,0,0.0,320.0,6,7,6,1,0,0.0,0,1861,0.8432,0,0,0,0,143
can_tho,mild,Reactive+T2,1,320.0,awd,0.02,2025,2160,0,0,0.0,320.0,6,7,6,1,1,60.0,0,1864,0.0003,0,0,0,0,142
can_tho,mild,Reactive+T2,2,320.0,awd,0.02,2025,2160,0,0,0.0,320.0,5,6,6,1,3,140.0,0,1857,0.0,1,0,0,921,486
can_tho,mild,Reactive+T2,3,320.0,awd,0.02,2025,2160,0,0,0.0,320.0,5,6,6,1,3,140.0,0,1824,0.0,1,0,0,921,486
can_tho,mild,Reactive+T2,4,320.0,awd,0.02,2025,2160,0,0,0.0,320.0,5,6,6,1,1,60.0,0,1831,0.0,1,0,0,921,486
can_tho,mild,Reactive+T2,5,320.0,awd,0.02,2025,2160,0,0,0.0,320.0,5,6,6,1,2,80.0,0,1826,0.0,1,0,0,921,486
can_tho,mild,Reactive+T2,6,320.0,awd,0.02,2025,2160,0,0,0.0,320.0,4,6,6,2,3,180.0,0,1835,0.0,1,0,0,1227,831
can_tho,mild,Reactive+T2,7,320.0,awd,0.02,2025,2160,0,0,0.0,320.0,5,8,6,3,2,120.0,0,1839,1.2034,2,0,1,1148,845
can_tho,mild,Reactive+T2,8,320.0,awd,0.02,2025,2160,0,0,0.0,320.0,7,9,6,2,0,0.0,0,1831,1.184,1,0,1,8,147
can_tho,mild,Reactive+T2,9,320.0,awd,0.02,2025,2160,0,0,0.0,320.0,5,7,6,2,1,60.0,0,1804,0.8432,1,0,0,921,487
can_tho,mild,Reactive+blindARQ,0,320.0,awd,0.02,2025,2160,0,0,0.0,320.0,6,7,6,1,0,0.0,0,1861,0.8432,0,0,0,0,143
can_tho,mild,Reactive+blindARQ,1,320.0,awd,0.02,2025,2160,0,0,0.0,320.0,5,7,6,2,1,60.0,0,1864,0.0003,1,0,0,921,486
can_tho,mild,Reactive+blindARQ,2,320.0,awd,0.02,2025,2160,0,0,0.0,320.0,4,6,6,2,3,140.0,0,1857,0.0,1,0,0,1227,831
can_tho,mild,Reactive+blindARQ,3,320.0,awd,0.02,2025,2160,0,0,0.0,320.0,4,6,6,2,3,140.0,0,1824,0.0,1,0,0,1227,831
can_tho,mild,Reactive+blindARQ,4,320.0,awd,0.02,2025,2160,0,0,0.0,320.0,5,6,6,1,1,60.0,0,1831,0.0,1,0,0,921,486
can_tho,mild,Reactive+blindARQ,5,320.0,awd,0.02,2025,2160,0,0,0.0,320.0,5,6,6,1,2,80.0,0,1826,0.0,1,0,0,921,486
can_tho,mild,Reactive+blindARQ,6,320.0,awd,0.02,2025,2160,49,0,0.1756,320.0,3,6,6,3,3,180.0,0,1835,0.0,1,0,0,1475,1068
can_tho,mild,Reactive+blindARQ,7,320.0,awd,0.02,2025,2160,0,0,0.0,320.0,4,8,6,4,2,120.0,0,1839,1.2034,1,0,0,1226,833
can_tho,mild,Reactive+blindARQ,8,320.0,awd,0.02,2025,2160,0,0,0.0,320.0,5,10,6,5,1,60.0,0,1831,0.7454,1,0,0,921,489
can_tho,mild,Reactive+blindARQ,9,320.0,awd,0.02,2025,2160,0,0,0.0,320.0,5,7,6,2,1,60.0,0,1804,0.8432,1,0,0,921,487
can_tho,mild,FixedSchedule,0,320.0,awd,0.02,2025,2160,3,0,0.0111,320.0,6,7,6,1,0,0.0,0,1861,6.8849,2,0,1,1319,878
can_tho,mild,FixedSchedule,1,320.0,awd,0.02,2025,2160,68,0,0.466,320.0,5,6,6,1,1,60.0,0,1864,0.0,1,0,0,1499,1024
can_tho,mild,FixedSchedule,2,320.0,awd,0.02,2025,2160,183,0,3.4372,320.0,4,6,6,2,3,140.0,0,1857,0.0,1,0,0,1622,1185
can_tho,mild,FixedSchedule,3,320.0,awd,0.02,2025,2160,183,0,3.4372,320.0,4,6,6,2,3,140.0,0,1824,0.0,1,0,0,1622,1185
can_tho,mild,FixedSchedule,4,320.0,awd,0.02,2025,2160,68,0,0.466,320.0,5,8,6,3,1,60.0,0,1831,0.7677,1,0,0,1499,1024
can_tho,mild,FixedSchedule,5,320.0,awd,0.02,2025,2160,68,0,0.466,320.0,5,6,6,1,2,80.0,0,1826,0.0,1,0,0,1499,1024
can_tho,mild,FixedSchedule,6,320.0,awd,0.02,2025,2160,324,0,12.8162,320.0,3,6,6,3,3,180.0,0,1835,0.0,1,0,0,1737,1305
can_tho,mild,FixedSchedule,7,320.0,awd,0.02,2025,2160,183,0,3.4372,320.0,4,9,6,5,2,120.0,0,1839,0.5428,1,0,0,1622,1185
can_tho,mild,FixedSchedule,8,320.0,awd,0.02,2025,2160,68,0,0.466,320.0,5,7,6,2,1,60.0,0,1831,0.0,1,0,0,1499,1024
can_tho,mild,FixedSchedule,9,320.0,awd,0.02,2025,2160,68,0,0.466,320.0,5,6,6,1,1,60.0,0,1804,0.0,1,0,0,1499,1024
can_tho,mild,Oracle,0,320.0,awd,0.02,2025,2160,0,0,0.0,220.0,8,14,8,6,0,0.0,0,1861,1.4907,3,1,2,204,327
can_tho,mild,Oracle,1,320.0,awd,0.02,2025,2160,0,0,0.0,220.0,8,12,8,4,0,0.0,0,1864,1.1761,3,1,2,203,326
can_tho,mild,Oracle,2,320.0,awd,0.02,2025,2160,0,0,0.0,220.0,8,9,8,1,5,120.0,0,1857,0.8607,3,1,2,203,326
can_tho,mild,Oracle,3,320.0,awd,0.02,2025,2160,0,0,0.0,220.0,8,14,8,6,3,60.0,0,1824,1.6821,3,1,2,205,328
can_tho,mild,Oracle,4,320.0,awd,0.02,2025,2160,0,0,0.0,220.0,8,9,8,1,2,60.0,0,1831,0.4303,3,1,2,202,325
can_tho,mild,Oracle,5,320.0,awd,0.02,2025,2160,0,0,0.0,220.0,8,8,8,0,3,80.0,0,1826,0.0,3,1,2,202,325
can_tho,mild,Oracle,6,320.0,awd,0.02,2025,2160,0,0,0.0,220.0,8,8,8,0,5,140.0,0,1835,0.0,3,1,2,202,325
can_tho,mild,Oracle,7,320.0,awd,0.02,2025,2160,0,0,0.0,220.0,8,12,8,4,2,60.0,0,1839,1.1386,3,1,2,203,326
can_tho,mild,Oracle,8,320.0,awd,0.02,2025,2160,0,0,0.0,220.0,8,13,8,5,1,20.0,0,1831,1.2172,3,1,2,203,326
can_tho,mild,Oracle,9,320.0,awd,0.02,2025,2160,0,0,0.0,220.0,8,9,8,1,2,60.0,0,1804,0.4303,3,1,2,202,325
can_tho,mild,TwinGate+T2+centre,0,320.0,awd,0.02,2025,2160,0,0,0.0,200.0,10,14,10,4,1,20.0,80,1861,0.9622,4,0,4,61,323
can_tho,mild,TwinGate+T2+centre,1,320.0,awd,0.02,2025,2160,0,0,0.0,200.0,10,12,10,2,1,20.0,80,1864,0.6086,3,0,3,31,343
can_tho,mild,TwinGate+T2+centre,2,320.0,awd,0.02,2025,2160,0,0,0.0,220.0,7,12,11,5,7,140.0,83,1857,0.4303,2,0,2,16,201
can_tho,mild,TwinGate+T2+centre,3,320.0,awd,0.02,2025,2160,0,0,0.0,200.0,8,12,10,4,5,100.0,82,1824,0.6086,3,0,3,31,248
can_tho,mild,TwinGate+T2+centre,4,320.0,awd,0.02,2025,2160,0,0,0.0,200.0,9,13,10,4,2,40.0,81,1831,0.7454,4,0,4,41,312
can_tho,mild,TwinGate+T2+centre,5,320.0,awd,0.02,2025,2160,0,0,0.0,200.0,10,15,10,5,3,60.0,80,1826,0.9623,3,0,3,34,332
can_tho,mild,TwinGate+T2+centre,6,320.0,awd,0.02,2025,2160,0,0,0.0,200.0,7,11,10,4,6,120.0,83,1835,0.4303,3,0,3,23,252
can_tho,mild,TwinGate+T2+centre,7,320.0,awd,0.02,2025,2160,0,0,0.0,220.0,8,13,11,5,4,80.0,82,1839,0.6086,4,0,4,42,241
can_tho,mild,TwinGate+T2+centre,8,320.0,awd,0.02,2025,2160,0,0,0.0,200.0,9,10,10,1,1,20.0,81,1831,0.0,3,0,3,26,320
can_tho,mild,TwinGate+T2+centre,9,320.0,awd,0.02,2025,2160,0,0,0.0,200.0,8,10,10,2,2,40.0,82,1804,0.0,2,0,2,22,290
can_tho,mild,TwinGate+T2,0,320.0,mid,0.05,2025,2160,0,0,0.0,180.0,10,14,9,4,1,20.0,80,1861,0.9623,5,1,4,291,660
can_tho,mild,TwinGate+T2,1,320.0,mid,0.05,2025,2160,0,0,0.0,180.0,11,14,9,3,1,20.0,79,1864,0.9623,7,1,6,281,598
can_tho,mild,TwinGate+T2,2,320.0,mid,0.05,2025,2160,0,0,0.0,200.0,8,13,10,5,6,120.0,82,1857,0.7454,5,0,5,224,441
can_tho,mild,TwinGate+T2,3,320.0,mid,0.05,2025,2160,0,0,0.0,180.0,9,14,9,5,5,100.0,81,1824,1.2172,5,1,4,249,508
can_tho,mild,TwinGate+T2,4,320.0,mid,0.05,2025,2160,0,0,0.0,200.0,8,10,10,2,2,40.0,82,1831,0.0,6,0,6,235,527
can_tho,mild,TwinGate+T2,5,320.0,mid,0.05,2025,2160,0,0,0.0,200.0,8,13,10,5,4,80.0,82,1826,0.8606,4,1,3,241,468
can_tho,mild,TwinGate+T2,6,320.0,mid,0.05,2025,2160,0,0,0.0,200.0,6,10,10,4,6,120.0,84,1835,0.0,4,1,3,246,449
can_tho,mild,TwinGate+T2,7,320.0,mid,0.05,2025,2160,0,0,0.0,200.0,8,14,10,6,3,60.0,82,1839,1.1386,5,0,5,222,517
can_tho,mild,TwinGate+T2,8,320.0,mid,0.05,2025,2160,0,0,0.0,180.0,9,10,9,1,1,20.0,81,1831,0.4303,8,0,8,268,607
can_tho,mild,TwinGate+T2,9,320.0,mid,0.05,2025,2160,0,0,0.0,180.0,10,15,9,5,2,40.0,80,1804,1.5513,5,2,3,325,598
can_tho,mild,TwinGate+blindARQ,0,320.0,mid,0.05,2025,2160,0,0,0.0,200.0,9,19,10,10,1,20.0,81,1861,1.291,7,0,7,269,569
can_tho,mild,TwinGate+blindARQ,1,320.0,mid,0.05,2025,2160,0,0,0.0,200.0,9,18,10,9,1,20.0,81,1864,1.7396,7,0,7,255,582
can_tho,mild,TwinGate+blindARQ,2,320.0,mid,0.05,2025,2160,0,0,0.0,280.0,6,18,14,12,8,160.0,84,1857,0.8607,6,2,4,538,755
can_tho,mild,TwinGate+blindARQ,3,320.0,mid,0.05,2025,2160,0,0,0.0,220.0,6,23,11,17,5,100.0,84,1824,1.622,5,0,5,221,415
can_tho,mild,TwinGate+blindARQ,4,320.0,mid,0.05,2025,2160,0,0,0.0,200.0,8,10,10,2,2,40.0,82,1831,0.0,6,0,6,235,527
can_tho,mild,TwinGate+blindARQ,5,320.0,mid,0.05,2025,2160,0,0,0.0,200.0,6,18,10,12,4,80.0,84,1826,1.1859,5,0,5,273,493
can_tho,mild,TwinGate+blindARQ,6,320.0,mid,0.05,2025,2160,0,0,0.0,260.0,6,17,13,11,7,140.0,84,1835,0.4303,6,2,4,490,707
can_tho,mild,TwinGate+blindARQ,7,320.0,mid,0.05,2025,2160,0,0,0.0,200.0,6,15,10,9,4,80.0,84,1839,0.9623,4,1,3,247,450
can_tho,mild,TwinGate+blindARQ,8,320.0,mid,0.05,2025,2160,0,0,0.0,200.0,9,15,10,6,1,20.0,81,1831,0.9623,6,0,6,229,561
can_tho,mild,TwinGate+blindARQ,9,320.0,mid,0.05,2025,2160,0,0,0.0,200.0,8,16,10,8,2,40.0,82,1804,1.6294,6,0,6,234,511
can_tho,mild,Reactive+T2,0,320.0,mid,0.05,2025,2160,0,0,0.0,320.0,6,7,6,1,0,0.0,0,1861,0.8432,0,0,0,0,143
can_tho,mild,Reactive+T2,1,320.0,mid,0.05,2025,2160,0,0,0.0,320.0,6,7,6,1,1,60.0,0,1864,0.0003,0,0,0,0,142
can_tho,mild,Reactive+T2,2,320.0,mid,0.05,2025,2160,0,0,0.0,320.0,5,6,6,1,3,140.0,0,1857,0.0,1,0,0,921,486
can_tho,mild,Reactive+T2,3,320.0,mid,0.05,2025,2160,0,0,0.0,320.0,5,6,6,1,3,140.0,0,1824,0.0,1,0,0,921,486
can_tho,mild,Reactive+T2,4,320.0,mid,0.05,2025,2160,0,0,0.0,320.0,5,6,6,1,1,60.0,0,1831,0.0,1,0,0,921,486
can_tho,mild,Reactive+T2,5,320.0,mid,0.05,2025,2160,0,0,0.0,320.0,5,6,6,1,2,80.0,0,1826,0.0,1,0,0,921,486
can_tho,mild,Reactive+T2,6,320.0,mid,0.05,2025,2160,0,0,0.0,320.0,4,6,6,2,3,180.0,0,1835,0.0,1,0,0,1227,831
can_tho,mild,Reactive+T2,7,320.0,mid,0.05,2025,2160,0,0,0.0,320.0,5,8,6,3,2,120.0,0,1839,1.2034,2,0,1,1148,845
can_tho,mild,Reactive+T2,8,320.0,mid,0.05,2025,2160,0,0,0.0,320.0,7,9,6,2,0,0.0,0,1831,1.184,1,0,1,8,147
can_tho,mild,Reactive+T2,9,320.0,mid,0.05,2025,2160,0,0,0.0,320.0,5,7,6,2,1,60.0,0,1804,0.8432,1,0,0,921,487
can_tho,mild,Reactive+blindARQ,0,320.0,mid,0.05,2025,2160,0,0,0.0,320.0,6,7,6,1,0,0.0,0,1861,0.8432,0,0,0,0,143
can_tho,mild,Reactive+blindARQ,1,320.0,mid,0.05,2025,2160,0,0,0.0,320.0,5,7,6,2,1,60.0,0,1864,0.0003,1,0,0,921,486
can_tho,mild,Reactive+blindARQ,2,320.0,mid,0.05,2025,2160,0,0,0.0,320.0,4,6,6,2,3,140.0,0,1857,0.0,1,0,0,1227,831
can_tho,mild,Reactive+blindARQ,3,320.0,mid,0.05,2025,2160,0,0,0.0,320.0,4,6,6,2,3,140.0,0,1824,0.0,1,0,0,1227,831
can_tho,mild,Reactive+blindARQ,4,320.0,mid,0.05,2025,2160,0,0,0.0,320.0,5,6,6,1,1,60.0,0,1831,0.0,1,0,0,921,486
can_tho,mild,Reactive+blindARQ,5,320.0,mid,0.05,2025,2160,0,0,0.0,320.0,5,6,6,1,2,80.0,0,1826,0.0,1,0,0,921,486
can_tho,mild,Reactive+blindARQ,6,320.0,mid,0.05,2025,2160,49,0,0.1756,320.0,3,6,6,3,3,180.0,0,1835,0.0,1,0,0,1475,1068
can_tho,mild,Reactive+blindARQ,7,320.0,mid,0.05,2025,2160,0,0,0.0,320.0,4,8,6,4,2,120.0,0,1839,1.2034,1,0,0,1226,833
can_tho,mild,Reactive+blindARQ,8,320.0,mid,0.05,2025,2160,0,0,0.0,320.0,5,10,6,5,1,60.0,0,1831,0.7454,1,0,0,921,489
can_tho,mild,Reactive+blindARQ,9,320.0,mid,0.05,2025,2160,0,0,0.0,320.0,5,7,6,2,1,60.0,0,1804,0.8432,1,0,0,921,487
can_tho,mild,FixedSchedule,0,320.0,mid,0.05,2025,2160,3,0,0.0111,320.0,6,7,6,1,0,0.0,0,1861,6.8849,2,0,1,1319,878
can_tho,mild,FixedSchedule,1,320.0,mid,0.05,2025,2160,68,0,0.466,320.0,5,6,6,1,1,60.0,0,1864,0.0,1,0,0,1499,1024
can_tho,mild,FixedSchedule,2,320.0,mid,0.05,2025,2160,183,0,3.4372,320.0,4,6,6,2,3,140.0,0,1857,0.0,1,0,0,1622,1185
can_tho,mild,FixedSchedule,3,320.0,mid,0.05,2025,2160,183,0,3.4372,320.0,4,6,6,2,3,140.0,0,1824,0.0,1,0,0,1622,1185
can_tho,mild,FixedSchedule,4,320.0,mid,0.05,2025,2160,68,0,0.466,320.0,5,8,6,3,1,60.0,0,1831,0.7677,1,0,0,1499,1024
can_tho,mild,FixedSchedule,5,320.0,mid,0.05,2025,2160,68,0,0.466,320.0,5,6,6,1,2,80.0,0,1826,0.0,1,0,0,1499,1024
can_tho,mild,FixedSchedule,6,320.0,mid,0.05,2025,2160,324,0,12.8162,320.0,3,6,6,3,3,180.0,0,1835,0.0,1,0,0,1737,1305
can_tho,mild,FixedSchedule,7,320.0,mid,0.05,2025,2160,183,0,3.4372,320.0,4,9,6,5,2,120.0,0,1839,0.5428,1,0,0,1622,1185
can_tho,mild,FixedSchedule,8,320.0,mid,0.05,2025,2160,68,0,0.466,320.0,5,7,6,2,1,60.0,0,1831,0.0,1,0,0,1499,1024
can_tho,mild,FixedSchedule,9,320.0,mid,0.05,2025,2160,68,0,0.466,320.0,5,6,6,1,1,60.0,0,1804,0.0,1,0,0,1499,1024
can_tho,mild,Oracle,0,320.0,mid,0.05,2025,2160,0,0,0.0,220.0,8,14,8,6,0,0.0,0,1861,1.4907,3,1,2,204,327
can_tho,mild,Oracle,1,320.0,mid,0.05,2025,2160,0,0,0.0,220.0,8,12,8,4,0,0.0,0,1864,1.1761,3,1,2,203,326
can_tho,mild,Oracle,2,320.0,mid,0.05,2025,2160,0,0,0.0,220.0,8,9,8,1,5,120.0,0,1857,0.8607,3,1,2,203,326
can_tho,mild,Oracle,3,320.0,mid,0.05,2025,2160,0,0,0.0,220.0,8,14,8,6,3,60.0,0,1824,1.6821,3,1,2,205,328
can_tho,mild,Oracle,4,320.0,mid,0.05,2025,2160,0,0,0.0,220.0,8,9,8,1,2,60.0,0,1831,0.4303,3,1,2,202,325
can_tho,mild,Oracle,5,320.0,mid,0.05,2025,2160,0,0,0.0,220.0,8,8,8,0,3,80.0,0,1826,0.0,3,1,2,202,325
can_tho,mild,Oracle,6,320.0,mid,0.05,2025,2160,0,0,0.0,220.0,8,8,8,0,5,140.0,0,1835,0.0,3,1,2,202,325
can_tho,mild,Oracle,7,320.0,mid,0.05,2025,2160,0,0,0.0,220.0,8,12,8,4,2,60.0,0,1839,1.1386,3,1,2,203,326
can_tho,mild,Oracle,8,320.0,mid,0.05,2025,2160,0,0,0.0,220.0,8,13,8,5,1,20.0,0,1831,1.2172,3,1,2,203,326
can_tho,mild,Oracle,9,320.0,mid,0.05,2025,2160,0,0,0.0,220.0,8,9,8,1,2,60.0,0,1804,0.4303,3,1,2,202,325
can_tho,mild,TwinGate+T2+centre,0,320.0,mid,0.05,2025,2160,0,0,0.0,200.0,10,14,10,4,1,20.0,80,1861,0.9622,4,0,4,61,323
can_tho,mild,TwinGate+T2+centre,1,320.0,mid,0.05,2025,2160,0,0,0.0,200.0,10,12,10,2,1,20.0,80,1864,0.6086,3,0,3,31,343
can_tho,mild,TwinGate+T2+centre,2,320.0,mid,0.05,2025,2160,0,0,0.0,220.0,7,12,11,5,7,140.0,83,1857,0.4303,2,0,2,16,201
can_tho,mild,TwinGate+T2+centre,3,320.0,mid,0.05,2025,2160,0,0,0.0,200.0,8,12,10,4,5,100.0,82,1824,0.6086,3,0,3,31,248
can_tho,mild,TwinGate+T2+centre,4,320.0,mid,0.05,2025,2160,0,0,0.0,200.0,9,13,10,4,2,40.0,81,1831,0.7454,4,0,4,41,312
can_tho,mild,TwinGate+T2+centre,5,320.0,mid,0.05,2025,2160,0,0,0.0,200.0,10,15,10,5,3,60.0,80,1826,0.9623,3,0,3,34,332
can_tho,mild,TwinGate+T2+centre,6,320.0,mid,0.05,2025,2160,0,0,0.0,200.0,7,11,10,4,6,120.0,83,1835,0.4303,3,0,3,23,252
can_tho,mild,TwinGate+T2+centre,7,320.0,mid,0.05,2025,2160,0,0,0.0,220.0,8,13,11,5,4,80.0,82,1839,0.6086,4,0,4,42,241
can_tho,mild,TwinGate+T2+centre,8,320.0,mid,0.05,2025,2160,0,0,0.0,200.0,9,10,10,1,1,20.0,81,1831,0.0,3,0,3,26,320
can_tho,mild,TwinGate+T2+centre,9,320.0,mid,0.05,2025,2160,0,0,0.0,200.0,8,10,10,2,2,40.0,82,1804,0.0,2,0,2,22,290
can_tho,mild,TwinGate+T2,0,320.0,narrow,0.1,2025,2160,0,0,0.0,180.0,9,12,9,3,1,20.0,81,1861,0.7454,8,2,6,397,686
can_tho,mild,TwinGate+T2,1,320.0,narrow,0.1,2025,2160,0,0,0.0,180.0,10,13,9,3,1,20.0,80,1864,0.8607,8,1,7,341,649
can_tho,mild,TwinGate+T2,2,320.0,narrow,0.1,2025,2160,0,0,0.0,200.0,7,11,10,4,6,120.0,83,1857,0.4303,7,0,7,207,464
can_tho,mild,TwinGate+T2,3,320.0,narrow,0.1,2025,2160,0,0,0.0,180.0,7,10,9,3,5,100.0,83,1824,0.4303,8,0,7,929,543
can_tho,mild,TwinGate+T2,4,320.0,narrow,0.1,2025,2160,0,0,0.0,180.0,9,13,9,4,2,40.0,81,1831,1.1385,7,2,5,520,787
can_tho,mild,TwinGate+T2,5,320.0,narrow,0.1,2025,2160,0,0,0.0,200.0,7,10,10,3,4,80.0,83,1826,0.0,7,0,7,206,463
can_tho,mild,TwinGate+T2,6,320.0,narrow,0.1,2025,2160,0,0,0.0,200.0,6,10,10,4,6,120.0,84,1835,0.0,6,2,4,388,574
can_tho,mild,TwinGate+T2,7,320.0,narrow,0.1,2025,2160,0,0,0.0,200.0,6,10,10,4,4,80.0,84,1839,0.0,6,1,5,245,556
can_tho,mild,TwinGate+T2,8,320.0,narrow,0.1,2025,2160,0,0,0.0,180.0,8,9,9,1,1,20.0,82,1831,0.0,9,1,7,1035,629
can_tho,mild,TwinGate+T2,9,320.0,narrow,0.1,2025,2160,0,0,0.0,180.0,10,15,9,5,1,20.0,80,1804,1.291,8,3,5,499,832
can_tho,mild,TwinGate+blindARQ,0,320.0,narrow,0.1,2025,2160,0,0,0.0,180.0,8,13,9,5,1,20.0,82,1861,0.8607,9,1,7,1027,671
can_tho,mild,TwinGate+blindARQ,1,320.0,narrow,0.1,2025,2160,0,0,0.0,180.0,8,13,9,5,1,20.0,82,1864,0.8607,9,1,7,1040,639
can_tho,mild,TwinGate+blindARQ,2,320.0,narrow,0.1,2025,2160,0,0,0.0,280.0,6,17,14,11,8,160.0,84,1857,0.7454,6,1,5,240,471
can_tho,mild,TwinGate+blindARQ,3,320.0,narrow,0.1,2025,2160,0,0,0.0,220.0,6,11,11,5,5,100.0,84,1824,0.0,6,1,5,314,537
can_tho,mild,TwinGate+blindARQ,4,320.0,narrow,0.1,2025,2160,0,0,0.0,180.0,7,12,9,5,2,40.0,83,1831,1.0541,8,1,6,1032,636
can_tho,mild,TwinGate+blindARQ,5,320.0,narrow,0.1,2025,2160,0,0,0.0,200.0,6,11,10,5,4,80.0,84,1826,0.4303,6,0,6,176,426
can_tho,mild,TwinGate+blindARQ,6,320.0,narrow,0.1,2025,2160,0,0,0.0,260.0,6,13,13,7,7,140.0,84,1835,0.0,6,1,5,239,494
can_tho,mild,TwinGate+blindARQ,7,320.0,narrow,0.1,2025,2160,0,0,0.0,200.0,6,10,10,4,4,80.0,84,1839,0.0,6,1,5,245,556
can_tho,mild,TwinGate+blindARQ,8,320.0,narrow,0.1,2025,2160,0,0,0.0,180.0,8,9,9,1,1,20.0,82,1831,0.0,9,1,7,1035,629
can_tho,mild,TwinGate+blindARQ,9,320.0,narrow,0.1,2025,2160,0,0,0.0,180.0,7,14,9,7,2,40.0,83,1804,1.2172,8,1,6,1023,609
can_tho,mild,Reactive+T2,0,320.0,narrow,0.1,2025,2160,0,0,0.0,320.0,6,7,6,1,0,0.0,0,1861,0.8432,0,0,0,0,143
can_tho,mild,Reactive+T2,1,320.0,narrow,0.1,2025,2160,0,0,0.0,320.0,6,7,6,1,1,60.0,0,1864,0.0003,0,0,0,0,142
can_tho,mild,Reactive+T2,2,320.0,narrow,0.1,2025,2160,0,0,0.0,320.0,5,6,6,1,3,140.0,0,1857,0.0,1,0,0,921,486
can_tho,mild,Reactive+T2,3,320.0,narrow,0.1,2025,2160,0,0,0.0,320.0,5,6,6,1,3,140.0,0,1824,0.0,1,0,0,921,486
can_tho,mild,Reactive+T2,4,320.0,narrow,0.1,2025,2160,0,0,0.0,320.0,5,6,6,1,1,60.0,0,1831,0.0,1,0,0,921,486
can_tho,mild,Reactive+T2,5,320.0,narrow,0.1,2025,2160,0,0,0.0,320.0,5,6,6,1,2,80.0,0,1826,0.0,1,0,0,921,486
can_tho,mild,Reactive+T2,6,320.0,narrow,0.1,2025,2160,0,0,0.0,320.0,4,6,6,2,3,180.0,0,1835,0.0,1,0,0,1227,831
can_tho,mild,Reactive+T2,7,320.0,narrow,0.1,2025,2160,0,0,0.0,320.0,5,8,6,3,2,120.0,0,1839,1.2034,2,0,1,1148,845
can_tho,mild,Reactive+T2,8,320.0,narrow,0.1,2025,2160,0,0,0.0,320.0,7,9,6,2,0,0.0,0,1831,1.184,1,0,1,8,147
can_tho,mild,Reactive+T2,9,320.0,narrow,0.1,2025,2160,0,0,0.0,320.0,5,7,6,2,1,60.0,0,1804,0.8432,1,0,0,921,487
can_tho,mild,Reactive+blindARQ,0,320.0,narrow,0.1,2025,2160,0,0,0.0,320.0,6,7,6,1,0,0.0,0,1861,0.8432,0,0,0,0,143
can_tho,mild,Reactive+blindARQ,1,320.0,narrow,0.1,2025,2160,0,0,0.0,320.0,5,7,6,2,1,60.0,0,1864,0.0003,1,0,0,921,486
can_tho,mild,Reactive+blindARQ,2,320.0,narrow,0.1,2025,2160,0,0,0.0,320.0,4,6,6,2,3,140.0,0,1857,0.0,1,0,0,1227,831
can_tho,mild,Reactive+blindARQ,3,320.0,narrow,0.1,2025,2160,0,0,0.0,320.0,4,6,6,2,3,140.0,0,1824,0.0,1,0,0,1227,831
can_tho,mild,Reactive+blindARQ,4,320.0,narrow,0.1,2025,2160,0,0,0.0,320.0,5,6,6,1,1,60.0,0,1831,0.0,1,0,0,921,486
can_tho,mild,Reactive+blindARQ,5,320.0,narrow,0.1,2025,2160,0,0,0.0,320.0,5,6,6,1,2,80.0,0,1826,0.0,1,0,0,921,486
can_tho,mild,Reactive+blindARQ,6,320.0,narrow,0.1,2025,2160,49,0,0.1756,320.0,3,6,6,3,3,180.0,0,1835,0.0,1,0,0,1475,1068
can_tho,mild,Reactive+blindARQ,7,320.0,narrow,0.1,2025,2160,0,0,0.0,320.0,4,8,6,4,2,120.0,0,1839,1.2034,1,0,0,1226,833
can_tho,mild,Reactive+blindARQ,8,320.0,narrow,0.1,2025,2160,0,0,0.0,320.0,5,10,6,5,1,60.0,0,1831,0.7454,1,0,0,921,489
can_tho,mild,Reactive+blindARQ,9,320.0,narrow,0.1,2025,2160,0,0,0.0,320.0,5,7,6,2,1,60.0,0,1804,0.8432,1,0,0,921,487
can_tho,mild,FixedSchedule,0,320.0,narrow,0.1,2025,2160,3,0,0.0111,320.0,6,7,6,1,0,0.0,0,1861,6.8849,2,0,1,1319,878
can_tho,mild,FixedSchedule,1,320.0,narrow,0.1,2025,2160,68,0,0.466,320.0,5,6,6,1,1,60.0,0,1864,0.0,1,0,0,1499,1024
can_tho,mild,FixedSchedule,2,320.0,narrow,0.1,2025,2160,183,0,3.4372,320.0,4,6,6,2,3,140.0,0,1857,0.0,1,0,0,1622,1185
can_tho,mild,FixedSchedule,3,320.0,narrow,0.1,2025,2160,183,0,3.4372,320.0,4,6,6,2,3,140.0,0,1824,0.0,1,0,0,1622,1185
can_tho,mild,FixedSchedule,4,320.0,narrow,0.1,2025,2160,68,0,0.466,320.0,5,8,6,3,1,60.0,0,1831,0.7677,1,0,0,1499,1024
can_tho,mild,FixedSchedule,5,320.0,narrow,0.1,2025,2160,68,0,0.466,320.0,5,6,6,1,2,80.0,0,1826,0.0,1,0,0,1499,1024
can_tho,mild,FixedSchedule,6,320.0,narrow,0.1,2025,2160,324,0,12.8162,320.0,3,6,6,3,3,180.0,0,1835,0.0,1,0,0,1737,1305
can_tho,mild,FixedSchedule,7,320.0,narrow,0.1,2025,2160,183,0,3.4372,320.0,4,9,6,5,2,120.0,0,1839,0.5428,1,0,0,1622,1185
can_tho,mild,FixedSchedule,8,320.0,narrow,0.1,2025,2160,68,0,0.466,320.0,5,7,6,2,1,60.0,0,1831,0.0,1,0,0,1499,1024
can_tho,mild,FixedSchedule,9,320.0,narrow,0.1,2025,2160,68,0,0.466,320.0,5,6,6,1,1,60.0,0,1804,0.0,1,0,0,1499,1024
can_tho,mild,Oracle,0,320.0,narrow,0.1,2025,2160,0,0,0.0,220.0,8,14,8,6,0,0.0,0,1861,1.4907,3,1,2,204,327
can_tho,mild,Oracle,1,320.0,narrow,0.1,2025,2160,0,0,0.0,220.0,8,12,8,4,0,0.0,0,1864,1.1761,3,1,2,203,326
can_tho,mild,Oracle,2,320.0,narrow,0.1,2025,2160,0,0,0.0,220.0,8,9,8,1,5,120.0,0,1857,0.8607,3,1,2,203,326
can_tho,mild,Oracle,3,320.0,narrow,0.1,2025,2160,0,0,0.0,220.0,8,14,8,6,3,60.0,0,1824,1.6821,3,1,2,205,328
can_tho,mild,Oracle,4,320.0,narrow,0.1,2025,2160,0,0,0.0,220.0,8,9,8,1,2,60.0,0,1831,0.4303,3,1,2,202,325
can_tho,mild,Oracle,5,320.0,narrow,0.1,2025,2160,0,0,0.0,220.0,8,8,8,0,3,80.0,0,1826,0.0,3,1,2,202,325
can_tho,mild,Oracle,6,320.0,narrow,0.1,2025,2160,0,0,0.0,220.0,8,8,8,0,5,140.0,0,1835,0.0,3,1,2,202,325
can_tho,mild,Oracle,7,320.0,narrow,0.1,2025,2160,0,0,0.0,220.0,8,12,8,4,2,60.0,0,1839,1.1386,3,1,2,203,326
can_tho,mild,Oracle,8,320.0,narrow,0.1,2025,2160,0,0,0.0,220.0,8,13,8,5,1,20.0,0,1831,1.2172,3,1,2,203,326
can_tho,mild,Oracle,9,320.0,narrow,0.1,2025,2160,0,0,0.0,220.0,8,9,8,1,2,60.0,0,1804,0.4303,3,1,2,202,325
can_tho,mild,TwinGate+T2+centre,0,320.0,narrow,0.1,2025,2160,0,0,0.0,180.0,9,12,9,3,1,20.0,81,1861,0.7454,8,2,6,397,686
can_tho,mild,TwinGate+T2+centre,1,320.0,narrow,0.1,2025,2160,0,0,0.0,180.0,10,13,9,3,1,20.0,80,1864,0.8607,8,1,7,341,649
can_tho,mild,TwinGate+T2+centre,2,320.0,narrow,0.1,2025,2160,0,0,0.0,200.0,7,11,10,4,6,120.0,83,1857,0.4303,7,0,7,207,464
can_tho,mild,TwinGate+T2+centre,3,320.0,narrow,0.1,2025,2160,0,0,0.0,180.0,7,10,9,3,5,100.0,83,1824,0.4303,8,0,7,929,543
can_tho,mild,TwinGate+T2+centre,4,320.0,narrow,0.1,2025,2160,0,0,0.0,180.0,9,13,9,4,2,40.0,81,1831,1.1385,7,2,5,520,787
can_tho,mild,TwinGate+T2+centre,5,320.0,narrow,0.1,2025,2160,0,0,0.0,200.0,7,10,10,3,4,80.0,83,1826,0.0,7,0,7,206,463
can_tho,mild,TwinGate+T2+centre,6,320.0,narrow,0.1,2025,2160,0,0,0.0,200.0,6,10,10,4,6,120.0,84,1835,0.0,6,2,4,388,574
can_tho,mild,TwinGate+T2+centre,7,320.0,narrow,0.1,2025,2160,0,0,0.0,200.0,6,10,10,4,4,80.0,84,1839,0.0,6,1,5,245,556
can_tho,mild,TwinGate+T2+centre,8,320.0,narrow,0.1,2025,2160,0,0,0.0,180.0,8,9,9,1,1,20.0,82,1831,0.0,9,1,7,1035,629
can_tho,mild,TwinGate+T2+centre,9,320.0,narrow,0.1,2025,2160,0,0,0.0,180.0,10,15,9,5,1,20.0,80,1804,1.291,8,3,5,499,832
can_tho,mild,TwinGate+T2,0,400.0,awd,0.02,2025,2160,0,0,0.0,200.0,10,14,10,4,1,20.0,80,1861,0.9622,4,0,4,61,323
can_tho,mild,TwinGate+T2,1,400.0,awd,0.02,2025,2160,0,0,0.0,200.0,10,12,10,2,1,20.0,80,1864,0.6086,3,0,3,31,343
can_tho,mild,TwinGate+T2,2,400.0,awd,0.02,2025,2160,0,0,0.0,220.0,7,12,11,5,7,140.0,83,1857,0.4303,2,0,2,16,201
can_tho,mild,TwinGate+T2,3,400.0,awd,0.02,2025,2160,0,0,0.0,200.0,8,12,10,4,5,100.0,82,1824,0.6086,3,0,3,31,248
can_tho,mild,TwinGate+T2,4,400.0,awd,0.02,2025,2160,0,0,0.0,200.0,9,13,10,4,2,40.0,81,1831,0.7454,4,0,4,41,312
can_tho,mild,TwinGate+T2,5,400.0,awd,0.02,2025,2160,0,0,0.0,200.0,10,15,10,5,3,60.0,80,1826,0.9623,3,0,3,34,332
can_tho,mild,TwinGate+T2,6,400.0,awd,0.02,2025,2160,0,0,0.0,200.0,7,11,10,4,6,120.0,83,1835,0.4303,3,0,3,23,252
can_tho,mild,TwinGate+T2,7,400.0,awd,0.02,2025,2160,0,0,0.0,220.0,8,13,11,5,4,80.0,82,1839,0.6086,4,0,4,42,241
can_tho,mild,TwinGate+T2,8,400.0,awd,0.02,2025,2160,0,0,0.0,200.0,9,10,10,1,1,20.0,81,1831,0.0,3,0,3,26,320
can_tho,mild,TwinGate+T2,9,400.0,awd,0.02,2025,2160,0,0,0.0,200.0,8,10,10,2,2,40.0,82,1804,0.0,2,0,2,22,290
can_tho,mild,TwinGate+blindARQ,0,400.0,awd,0.02,2025,2160,0,0,0.0,240.0,10,16,12,6,2,40.0,80,1861,0.9622,4,0,4,39,289
can_tho,mild,TwinGate+blindARQ,1,400.0,awd,0.02,2025,2160,0,0,0.0,200.0,9,12,10,3,1,20.0,81,1864,0.6086,2,0,2,16,322
can_tho,mild,TwinGate+blindARQ,2,400.0,awd,0.02,2025,2160,0,0,0.0,300.0,7,21,15,14,8,160.0,83,1857,0.8607,3,1,2,273,466
can_tho,mild,TwinGate+blindARQ,3,400.0,awd,0.02,2025,2160,0,0,0.0,260.0,7,17,13,10,6,120.0,83,1824,0.9622,2,0,2,23,292
can_tho,mild,TwinGate+blindARQ,4,400.0,awd,0.02,2025,2160,0,0,0.0,200.0,8,15,10,7,2,40.0,82,1831,0.9623,3,0,3,30,297
can_tho,mild,TwinGate+blindARQ,5,400.0,awd,0.02,2025,2160,0,0,0.0,280.0,7,21,14,14,7,140.0,83,1826,0.4327,2,0,2,22,235
can_tho,mild,TwinGate+blindARQ,6,400.0,awd,0.02,2025,2160,0,0,0.0,380.0,7,24,19,17,12,240.0,83,1835,0.662,3,1,2,148,409
can_tho,mild,TwinGate+blindARQ,7,400.0,awd,0.02,2025,2160,0,0,0.0,220.0,7,13,11,6,4,80.0,83,1839,0.6086,3,0,3,28,223
can_tho,mild,TwinGate+blindARQ,8,400.0,awd,0.02,2025,2160,0,0,0.0,200.0,9,10,10,1,1,20.0,81,1831,0.0,3,0,3,26,320
can_tho,mild,TwinGate+blindARQ,9,400.0,awd,0.02,2025,2160,0,0,0.0,200.0,8,10,10,2,2,40.0,82,1804,0.0,2,0,2,22,290
can_tho,mild,Reactive+T2,0,400.0,awd,0.02,2025,2160,0,0,0.0,360.0,6,7,6,1,0,0.0,0,1861,0.8432,0,0,0,0,143
can_tho,mild,Reactive+T2,1,400.0,awd,0.02,2025,2160,0,0,0.0,360.0,6,7,6,1,1,60.0,0,1864,0.0003,0,0,0,0,142
can_tho,mild,Reactive+T2,2,400.0,awd,0.02,2025,2160,0,0,0.0,400.0,5,7,7,2,4,220.0,0,1857,0.0,1,0,0,689,168
can_tho,mild,Reactive+T2,3,400.0,awd,0.02,2025,2160,0,0,0.0,400.0,5,7,7,2,4,220.0,0,1824,0.0,1,0,0,689,168
can_tho,mild,Reactive+T2,4,400.0,awd,0.02,2025,2160,0,0,0.0,400.0,6,7,7,1,1,60.0,0,1831,0.0,0,0,0,0,142
can_tho,mild,Reactive+T2,5,400.0,awd,0.02,2025,2160,0,0,0.0,400.0,5,7,7,2,3,160.0,0,1826,0.0,1,0,0,689,168
can_tho,mild,Reactive+T2,6,400.0,awd,0.02,2025,2160,0,0,0.0,400.0,5,7,7,2,4,220.0,0,1835,0.0,1,0,0,689,168
can_tho,mild,Reactive+T2,7,400.0,awd,0.02,2025,2160,0,0,0.0,400.0,6,9,7,3,3,160.0,0,1839,1.2034,1,0,1,9,229
can_tho,mild,Reactive+T2,8,400.0,awd,0.02,2025,2160,0,0,0.0,360.0,7,9,6,2,0,0.0,0,1831,1.184,1,0,1,8,147
can_tho,mild,Reactive+T2,9,400.0,awd,0.02,2025,2160,0,0,0.0,400.0,6,8,7,2,1,60.0,0,1804,0.8432,0,0,0,0,143
can_tho,mild,Reactive+blindARQ,0,400.0,awd,0.02,2025,2160,0,0,0.0,360.0,6,7,6,1,0,0.0,0,1861,0.8432,0,0,0,0,143
can_tho,mild,Reactive+blindARQ,1,400.0,awd,0.02,2025,2160,0,0,0.0,400.0,6,8,7,2,1,60.0,0,1864,0.0003,0,0,0,0,142
can_tho,mild,Reactive+blindARQ,2,400.0,awd,0.02,2025,2160,0,0,0.0,400.0,4,7,7,3,4,220.0,0,1857,0.0,1,0,0,1063,649
can_tho,mild,Reactive+blindARQ,3,400.0,awd,0.02,2025,2160,0,0,0.0,400.0,4,7,7,3,4,220.0,0,1824,0.0,1,0,0,1063,649
can_tho,mild,Reactive+blindARQ,4,400.0,awd,0.02,2025,2160,0,0,0.0,400.0,6,7,7,1,1,60.0,0,1831,0.0,0,0,0,0,142
can_tho,mild,Reactive+blindARQ,5,400.0,awd,0.02,2025,2160,0,0,0.0,400.0,5,7,7,2,3,160.0,0,1826,0.0,1,0,0,689,168
can_tho,mild,Reactive+blindARQ,6,400.0,awd,0.02,2025,2160,0,0,0.0,400.0,4,7,7,3,4,220.0,0,1835,0.0,1,0,0,1063,649
can_tho,mild,Reactive+blindARQ,7,400.0,awd,0.02,2025,2160,0,0,0.0,400.0,5,9,7,4,3,160.0,0,1839,1.2034,1,0,0,689,170
can_tho,mild,Reactive+blindARQ,8,400.0,awd,0.02,2025,2160,0,0,0.0,400.0,6,11,7,5,1,60.0,0,1831,1.4501,0,0,0,0,144
can_tho,mild,Reactive+blindARQ,9,400.0,awd,0.02,2025,2160,0,0,0.0,400.0,6,8,7,2,1,60.0,0,1804,0.8432,0,0,0,0,143
can_tho,mild,FixedSchedule,0,400.0,awd,0.02,2025,2160,0,0,0.0,400.0,7,11,7,4,0,0.0,0,1861,1.33,1,0,0,973,561
can_tho,mild,FixedSchedule,1,400.0,awd,0.02,2025,2160,0,0,0.0,400.0,6,7,7,1,1,60.0,0,1864,0.0,2,0,1,1244,775
can_tho,mild,FixedSchedule,2,400.0,awd,0.02,2025,2160,92,0,0.9911,400.0,4,8,7,4,4,220.0,0,1857,0.0011,1,0,0,1538,1096
can_tho,mild,FixedSchedule,3,400.0,awd,0.02,2025,2160,92,0,0.9911,400.0,4,7,7,3,4,220.0,0,1824,0.0,1,0,0,1538,1096
can_tho,mild,FixedSchedule,4,400.0,awd,0.02,2025,2160,0,0,0.0,400.0,6,13,7,7,1,60.0,0,1831,2.2564,2,0,1,1248,779
can_tho,mild,FixedSchedule,5,400.0,awd,0.02,2025,2160,6,0,0.0189,400.0,5,7,7,2,3,160.0,0,1826,0.0,1,0,0,1330,902
can_tho,mild,FixedSchedule,6,400.0,awd,0.02,2025,2160,92,0,0.9911,400.0,4,7,7,3,4,220.0,0,1835,0.0,1,0,0,1538,1096
can_tho,mild,FixedSchedule,7,400.0,awd,0.02,2025,2160,6,0,0.0189,400.0,5,13,7,8,3,160.0,0,1839,1.191,1,0,0,1330,902
can_tho,mild,FixedSchedule,8,400.0,awd,0.02,2025,2160,0,0,0.0,400.0,6,8,7,2,1,60.0,0,1831,0.0,2,0,1,1244,775
can_tho,mild,FixedSchedule,9,400.0,awd,0.02,2025,2160,0,0,0.0,400.0,6,8,7,2,1,60.0,0,1804,0.4704,2,0,1,1244,775
can_tho,mild,Oracle,0,400.0,awd,0.02,2025,2160,0,0,0.0,240.0,12,24,12,12,2,40.0,0,1861,1.4907,0,0,0,0,0
can_tho,mild,Oracle,1,400.0,awd,0.02,2025,2160,0,0,0.0,240.0,12,15,12,3,1,20.0,0,1864,0.7454,0,0,0,0,0
can_tho,mild,Oracle,2,400.0,awd,0.02,2025,2160,0,0,0.0,240.0,12,14,12,2,6,120.0,0,1857,0.6086,0,0,0,0,0
can_tho,mild,Oracle,3,400.0,awd,0.02,2025,2160,0,0,0.0,240.0,12,18,12,6,4,80.0,0,1824,1.0798,0,0,0,0,0
can_tho,mild,Oracle,4,400.0,awd,0.02,2025,2160,0,0,0.0,240.0,12,15,12,3,3,60.0,0,1831,0.7454,0,0,0,0,0
can_tho,mild,Oracle,5,400.0,awd,0.02,2025,2160,0,0,0.0,240.0,12,13,12,1,4,80.0,0,1826,0.4303,0,0,0,0,0
can_tho,mild,Oracle,6,400.0,awd,0.02,2025,2160,0,0,0.0,240.0,12,14,12,2,5,100.0,0,1835,0.6086,0,0,0,0,0
can_tho,mild,Oracle,7,400.0,awd,0.02,2025,2160,0,0,0.0,240.0,12,18,12,6,2,40.0,0,1839,1.1295,0,0,0,0,0
can_tho,mild,Oracle,8,400.0,awd,0.02,2025,2160,0,0,0.0,240.0,12,13,12,1,2,40.0,0,1831,0.4303,0,0,0,0,0
can_tho,mild,Oracle,9,400.0,awd,0.02,2025,2160,0,0,0.0,240.0,12,16,12,4,2,40.0,0,1804,0.9414,0,0,0,0,0
can_tho,mild,TwinGate+T2+centre,0,400.0,awd,0.02,2025,2160,0,0,0.0,200.0,10,14,10,4,1,20.0,80,1861,0.9622,4,0,4,61,323
can_tho,mild,TwinGate+T2+centre,1,400.0,awd,0.02,2025,2160,0,0,0.0,200.0,10,12,10,2,1,20.0,80,1864,0.6086,3,0,3,31,343
can_tho,mild,TwinGate+T2+centre,2,400.0,awd,0.02,2025,2160,0,0,0.0,220.0,7,12,11,5,7,140.0,83,1857,0.4303,2,0,2,16,201
can_tho,mild,TwinGate+T2+centre,3,400.0,awd,0.02,2025,2160,0,0,0.0,200.0,8,12,10,4,5,100.0,82,1824,0.6086,3,0,3,31,248
can_tho,mild,TwinGate+T2+centre,4,400.0,awd,0.02,2025,2160,0,0,0.0,200.0,9,13,10,4,2,40.0,81,1831,0.7454,4,0,4,41,312
can_tho,mild,TwinGate+T2+centre,5,400.0,awd,0.02,2025,2160,0,0,0.0,200.0,10,15,10,5,3,60.0,80,1826,0.9623,3,0,3,34,332
can_tho,mild,TwinGate+T2+centre,6,400.0,awd,0.02,2025,2160,0,0,0.0,200.0,7,11,10,4,6,120.0,83,1835,0.4303,3,0,3,23,252
can_tho,mild,TwinGate+T2+centre,7,400.0,awd,0.02,2025,2160,0,0,0.0,220.0,8,13,11,5,4,80.0,82,1839,0.6086,4,0,4,42,241
can_tho,mild,TwinGate+T2+centre,8,400.0,awd,0.02,2025,2160,0,0,0.0,200.0,9,10,10,1,1,20.0,81,1831,0.0,3,0,3,26,320
can_tho,mild,TwinGate+T2+centre,9,400.0,awd,0.02,2025,2160,0,0,0.0,200.0,8,10,10,2,2,40.0,82,1804,0.0,2,0,2,22,290
can_tho,mild,TwinGate+T2,0,400.0,mid,0.05,2025,2160,0,0,0.0,200.0,10,14,10,4,1,20.0,80,1861,0.9622,4,0,4,61,323
can_tho,mild,TwinGate+T2,1,400.0,mid,0.05,2025,2160,0,0,0.0,200.0,10,12,10,2,1,20.0,80,1864,0.6086,3,0,3,31,343
can_tho,mild,TwinGate+T2,2,400.0,mid,0.05,2025,2160,0,0,0.0,220.0,7,12,11,5,7,140.0,83,1857,0.4303,2,0,2,16,201
can_tho,mild,TwinGate+T2,3,400.0,mid,0.05,2025,2160,0,0,0.0,200.0,8,12,10,4,5,100.0,82,1824,0.6086,3,0,3,31,248
can_tho,mild,TwinGate+T2,4,400.0,mid,0.05,2025,2160,0,0,0.0,200.0,9,13,10,4,2,40.0,81,1831,0.7454,4,0,4,41,312
can_tho,mild,TwinGate+T2,5,400.0,mid,0.05,2025,2160,0,0,0.0,200.0,10,15,10,5,3,60.0,80,1826,0.9623,3,0,3,34,332
can_tho,mild,TwinGate+T2,6,400.0,mid,0.05,2025,2160,0,0,0.0,200.0,7,11,10,4,6,120.0,83,1835,0.4303,3,0,3,23,252
can_tho,mild,TwinGate+T2,7,400.0,mid,0.05,2025,2160,0,0,0.0,220.0,8,13,11,5,4,80.0,82,1839,0.6086,4,0,4,42,241
can_tho,mild,TwinGate+T2,8,400.0,mid,0.05,2025,2160,0,0,0.0,200.0,9,10,10,1,1,20.0,81,1831,0.0,3,0,3,26,320
can_tho,mild,TwinGate+T2,9,400.0,mid,0.05,2025,2160,0,0,0.0,200.0,8,10,10,2,2,40.0,82,1804,0.0,2,0,2,22,290
can_tho,mild,TwinGate+blindARQ,0,400.0,mid,0.05,2025,2160,0,0,0.0,240.0,10,16,12,6,2,40.0,80,1861,0.9622,4,0,4,39,289
can_tho,mild,TwinGate+blindARQ,1,400.0,mid,0.05,2025,2160,0,0,0.0,200.0,9,12,10,3,1,20.0,81,1864,0.6086,2,0,2,16,322
can_tho,mild,TwinGate+blindARQ,2,400.0,mid,0.05,2025,2160,0,0,0.0,300.0,7,21,15,14,8,160.0,83,1857,0.8607,5,1,4,222,434
can_tho,mild,TwinGate+blindARQ,3,400.0,mid,0.05,2025,2160,0,0,0.0,260.0,7,17,13,10,6,120.0,83,1824,0.9622,2,0,2,23,292
can_tho,mild,TwinGate+blindARQ,4,400.0,mid,0.05,2025,2160,0,0,0.0,200.0,8,15,10,7,2,40.0,82,1831,0.9623,3,0,3,30,297
can_tho,mild,TwinGate+blindARQ,5,400.0,mid,0.05,2025,2160,0,0,0.0,280.0,7,21,14,14,7,140.0,83,1826,0.4327,2,0,2,22,235
can_tho,mild,TwinGate+blindARQ,6,400.0,mid,0.05,2025,2160,0,0,0.0,380.0,7,24,19,17,12,240.0,83,1835,0.662,3,1,2,148,409
can_tho,mild,TwinGate+blindARQ,7,400.0,mid,0.05,2025,2160,0,0,0.0,220.0,7,13,11,6,4,80.0,83,1839,0.6086,3,0,3,28,223
can_tho,mild,TwinGate+blindARQ,8,400.0,mid,0.05,2025,2160,0,0,0.0,200.0,9,10,10,1,1,20.0,81,1831,0.0,3,0,3,26,320
can_tho,mild,TwinGate+blindARQ,9,400.0,mid,0.05,2025,2160,0,0,0.0,200.0,8,10,10,2,2,40.0,82,1804,0.0,2,0,2,22,290
can_tho,mild,Reactive+T2,0,400.0,mid,0.05,2025,2160,0,0,0.0,360.0,6,7,6,1,0,0.0,0,1861,0.8432,0,0,0,0,143
can_tho,mild,Reactive+T2,1,400.0,mid,0.05,2025,2160,0,0,0.0,360.0,6,7,6,1,1,60.0,0,1864,0.0003,0,0,0,0,142
can_tho,mild,Reactive+T2,2,400.0,mid,0.05,2025,2160,0,0,0.0,400.0,5,7,7,2,4,220.0,0,1857,0.0,1,0,0,689,168
can_tho,mild,Reactive+T2,3,400.0,mid,0.05,2025,2160,0,0,0.0,400.0,5,7,7,2,4,220.0,0,1824,0.0,1,0,0,689,168
can_tho,mild,Reactive+T2,4,400.0,mid,0.05,2025,2160,0,0,0.0,400.0,6,7,7,1,1,60.0,0,1831,0.0,0,0,0,0,142
can_tho,mild,Reactive+T2,5,400.0,mid,0.05,2025,2160,0,0,0.0,400.0,5,7,7,2,3,160.0,0,1826,0.0,1,0,0,689,168
can_tho,mild,Reactive+T2,6,400.0,mid,0.05,2025,2160,0,0,0.0,400.0,5,7,7,2,4,220.0,0,1835,0.0,1,0,0,689,168
can_tho,mild,Reactive+T2,7,400.0,mid,0.05,2025,2160,0,0,0.0,400.0,6,9,7,3,3,160.0,0,1839,1.2034,1,0,1,9,229
can_tho,mild,Reactive+T2,8,400.0,mid,0.05,2025,2160,0,0,0.0,360.0,7,9,6,2,0,0.0,0,1831,1.184,1,0,1,8,147
can_tho,mild,Reactive+T2,9,400.0,mid,0.05,2025,2160,0,0,0.0,400.0,6,8,7,2,1,60.0,0,1804,0.8432,0,0,0,0,143
can_tho,mild,Reactive+blindARQ,0,400.0,mid,0.05,2025,2160,0,0,0.0,360.0,6,7,6,1,0,0.0,0,1861,0.8432,0,0,0,0,143
can_tho,mild,Reactive+blindARQ,1,400.0,mid,0.05,2025,2160,0,0,0.0,400.0,6,8,7,2,1,60.0,0,1864,0.0003,0,0,0,0,142
can_tho,mild,Reactive+blindARQ,2,400.0,mid,0.05,2025,2160,0,0,0.0,400.0,4,7,7,3,4,220.0,0,1857,0.0,1,0,0,1063,649
can_tho,mild,Reactive+blindARQ,3,400.0,mid,0.05,2025,2160,0,0,0.0,400.0,4,7,7,3,4,220.0,0,1824,0.0,1,0,0,1063,649
can_tho,mild,Reactive+blindARQ,4,400.0,mid,0.05,2025,2160,0,0,0.0,400.0,6,7,7,1,1,60.0,0,1831,0.0,0,0,0,0,142
can_tho,mild,Reactive+blindARQ,5,400.0,mid,0.05,2025,2160,0,0,0.0,400.0,5,7,7,2,3,160.0,0,1826,0.0,1,0,0,689,168
can_tho,mild,Reactive+blindARQ,6,400.0,mid,0.05,2025,2160,0,0,0.0,400.0,4,7,7,3,4,220.0,0,1835,0.0,1,0,0,1063,649
can_tho,mild,Reactive+blindARQ,7,400.0,mid,0.05,2025,2160,0,0,0.0,400.0,5,9,7,4,3,160.0,0,1839,1.2034,1,0,0,689,170
can_tho,mild,Reactive+blindARQ,8,400.0,mid,0.05,2025,2160,0,0,0.0,400.0,6,11,7,5,1,60.0,0,1831,1.4501,0,0,0,0,144
can_tho,mild,Reactive+blindARQ,9,400.0,mid,0.05,2025,2160,0,0,0.0,400.0,6,8,7,2,1,60.0,0,1804,0.8432,0,0,0,0,143
can_tho,mild,FixedSchedule,0,400.0,mid,0.05,2025,2160,0,0,0.0,400.0,7,11,7,4,0,0.0,0,1861,1.33,1,0,0,973,561
can_tho,mild,FixedSchedule,1,400.0,mid,0.05,2025,2160,0,0,0.0,400.0,6,7,7,1,1,60.0,0,1864,0.0,2,0,1,1244,775
can_tho,mild,FixedSchedule,2,400.0,mid,0.05,2025,2160,92,0,0.9911,400.0,4,8,7,4,4,220.0,0,1857,0.0011,1,0,0,1538,1096
can_tho,mild,FixedSchedule,3,400.0,mid,0.05,2025,2160,92,0,0.9911,400.0,4,7,7,3,4,220.0,0,1824,0.0,1,0,0,1538,1096
can_tho,mild,FixedSchedule,4,400.0,mid,0.05,2025,2160,0,0,0.0,400.0,6,13,7,7,1,60.0,0,1831,2.2564,2,0,1,1248,779
can_tho,mild,FixedSchedule,5,400.0,mid,0.05,2025,2160,6,0,0.0189,400.0,5,7,7,2,3,160.0,0,1826,0.0,1,0,0,1330,902
can_tho,mild,FixedSchedule,6,400.0,mid,0.05,2025,2160,92,0,0.9911,400.0,4,7,7,3,4,220.0,0,1835,0.0,1,0,0,1538,1096
can_tho,mild,FixedSchedule,7,400.0,mid,0.05,2025,2160,6,0,0.0189,400.0,5,13,7,8,3,160.0,0,1839,1.191,1,0,0,1330,902
can_tho,mild,FixedSchedule,8,400.0,mid,0.05,2025,2160,0,0,0.0,400.0,6,8,7,2,1,60.0,0,1831,0.0,2,0,1,1244,775
can_tho,mild,FixedSchedule,9,400.0,mid,0.05,2025,2160,0,0,0.0,400.0,6,8,7,2,1,60.0,0,1804,0.4704,2,0,1,1244,775
can_tho,mild,Oracle,0,400.0,mid,0.05,2025,2160,0,0,0.0,240.0,12,24,12,12,2,40.0,0,1861,1.4907,0,0,0,0,0
can_tho,mild,Oracle,1,400.0,mid,0.05,2025,2160,0,0,0.0,240.0,12,15,12,3,1,20.0,0,1864,0.7454,0,0,0,0,0
can_tho,mild,Oracle,2,400.0,mid,0.05,2025,2160,0,0,0.0,240.0,12,14,12,2,6,120.0,0,1857,0.6086,0,0,0,0,0
can_tho,mild,Oracle,3,400.0,mid,0.05,2025,2160,0,0,0.0,240.0,12,18,12,6,4,80.0,0,1824,1.0798,0,0,0,0,0
can_tho,mild,Oracle,4,400.0,mid,0.05,2025,2160,0,0,0.0,240.0,12,15,12,3,3,60.0,0,1831,0.7454,0,0,0,0,0
can_tho,mild,Oracle,5,400.0,mid,0.05,2025,2160,0,0,0.0,240.0,12,13,12,1,4,80.0,0,1826,0.4303,0,0,0,0,0
can_tho,mild,Oracle,6,400.0,mid,0.05,2025,2160,0,0,0.0,240.0,12,14,12,2,5,100.0,0,1835,0.6086,0,0,0,0,0
can_tho,mild,Oracle,7,400.0,mid,0.05,2025,2160,0,0,0.0,240.0,12,18,12,6,2,40.0,0,1839,1.1295,0,0,0,0,0
can_tho,mild,Oracle,8,400.0,mid,0.05,2025,2160,0,0,0.0,240.0,12,13,12,1,2,40.0,0,1831,0.4303,0,0,0,0,0
can_tho,mild,Oracle,9,400.0,mid,0.05,2025,2160,0,0,0.0,240.0,12,16,12,4,2,40.0,0,1804,0.9414,0,0,0,0,0
can_tho,mild,TwinGate+T2+centre,0,400.0,mid,0.05,2025,2160,0,0,0.0,200.0,10,14,10,4,1,20.0,80,1861,0.9622,4,0,4,61,323
can_tho,mild,TwinGate+T2+centre,1,400.0,mid,0.05,2025,2160,0,0,0.0,200.0,10,12,10,2,1,20.0,80,1864,0.6086,3,0,3,31,343
can_tho,mild,TwinGate+T2+centre,2,400.0,mid,0.05,2025,2160,0,0,0.0,220.0,7,12,11,5,7,140.0,83,1857,0.4303,2,0,2,16,201
can_tho,mild,TwinGate+T2+centre,3,400.0,mid,0.05,2025,2160,0,0,0.0,200.0,8,12,10,4,5,100.0,82,1824,0.6086,3,0,3,31,248
can_tho,mild,TwinGate+T2+centre,4,400.0,mid,0.05,2025,2160,0,0,0.0,200.0,9,13,10,4,2,40.0,81,1831,0.7454,4,0,4,41,312
can_tho,mild,TwinGate+T2+centre,5,400.0,mid,0.05,2025,2160,0,0,0.0,200.0,10,15,10,5,3,60.0,80,1826,0.9623,3,0,3,34,332
can_tho,mild,TwinGate+T2+centre,6,400.0,mid,0.05,2025,2160,0,0,0.0,200.0,7,11,10,4,6,120.0,83,1835,0.4303,3,0,3,23,252
can_tho,mild,TwinGate+T2+centre,7,400.0,mid,0.05,2025,2160,0,0,0.0,220.0,8,13,11,5,4,80.0,82,1839,0.6086,4,0,4,42,241
can_tho,mild,TwinGate+T2+centre,8,400.0,mid,0.05,2025,2160,0,0,0.0,200.0,9,10,10,1,1,20.0,81,1831,0.0,3,0,3,26,320
can_tho,mild,TwinGate+T2+centre,9,400.0,mid,0.05,2025,2160,0,0,0.0,200.0,8,10,10,2,2,40.0,82,1804,0.0,2,0,2,22,290
can_tho,mild,TwinGate+T2,0,400.0,narrow,0.1,2025,2160,0,0,0.0,180.0,9,12,9,3,1,20.0,81,1861,0.7454,8,2,6,397,686
can_tho,mild,TwinGate+T2,1,400.0,narrow,0.1,2025,2160,0,0,0.0,180.0,10,13,9,3,1,20.0,80,1864,0.8607,8,1,7,341,649
can_tho,mild,TwinGate+T2,2,400.0,narrow,0.1,2025,2160,0,0,0.0,200.0,7,11,10,4,6,120.0,83,1857,0.4303,7,0,7,207,464
can_tho,mild,TwinGate+T2,3,400.0,narrow,0.1,2025,2160,0,0,0.0,180.0,7,10,9,3,5,100.0,83,1824,0.4303,8,0,7,929,543
can_tho,mild,TwinGate+T2,4,400.0,narrow,0.1,2025,2160,0,0,0.0,180.0,9,13,9,4,2,40.0,81,1831,1.1385,7,2,5,520,787
can_tho,mild,TwinGate+T2,5,400.0,narrow,0.1,2025,2160,0,0,0.0,200.0,7,10,10,3,4,80.0,83,1826,0.0,7,0,7,206,463
can_tho,mild,TwinGate+T2,6,400.0,narrow,0.1,2025,2160,0,0,0.0,200.0,6,10,10,4,6,120.0,84,1835,0.0,6,2,4,388,574
can_tho,mild,TwinGate+T2,7,400.0,narrow,0.1,2025,2160,0,0,0.0,200.0,6,10,10,4,4,80.0,84,1839,0.0,6,1,5,245,556
can_tho,mild,TwinGate+T2,8,400.0,narrow,0.1,2025,2160,0,0,0.0,180.0,8,9,9,1,1,20.0,82,1831,0.0,9,1,7,1035,629
can_tho,mild,TwinGate+T2,9,400.0,narrow,0.1,2025,2160,0,0,0.0,180.0,10,15,9,5,1,20.0,80,1804,1.291,8,3,5,499,832
can_tho,mild,TwinGate+blindARQ,0,400.0,narrow,0.1,2025,2160,0,0,0.0,180.0,8,13,9,5,1,20.0,82,1861,0.8607,9,1,7,1027,671
can_tho,mild,TwinGate+blindARQ,1,400.0,narrow,0.1,2025,2160,0,0,0.0,180.0,8,13,9,5,1,20.0,82,1864,0.8607,9,1,7,1040,639
can_tho,mild,TwinGate+blindARQ,2,400.0,narrow,0.1,2025,2160,0,0,0.0,280.0,6,17,14,11,8,160.0,84,1857,0.7454,6,1,5,240,471
can_tho,mild,TwinGate+blindARQ,3,400.0,narrow,0.1,2025,2160,0,0,0.0,220.0,6,11,11,5,5,100.0,84,1824,0.0,6,1,5,314,537
can_tho,mild,TwinGate+blindARQ,4,400.0,narrow,0.1,2025,2160,0,0,0.0,180.0,7,12,9,5,2,40.0,83,1831,1.0541,8,1,6,1032,636
can_tho,mild,TwinGate+blindARQ,5,400.0,narrow,0.1,2025,2160,0,0,0.0,200.0,6,11,10,5,4,80.0,84,1826,0.4303,6,0,6,176,426
can_tho,mild,TwinGate+blindARQ,6,400.0,narrow,0.1,2025,2160,0,0,0.0,260.0,6,13,13,7,7,140.0,84,1835,0.0,6,1,5,239,494
can_tho,mild,TwinGate+blindARQ,7,400.0,narrow,0.1,2025,2160,0,0,0.0,200.0,6,10,10,4,4,80.0,84,1839,0.0,6,1,5,245,556
can_tho,mild,TwinGate+blindARQ,8,400.0,narrow,0.1,2025,2160,0,0,0.0,180.0,8,9,9,1,1,20.0,82,1831,0.0,9,1,7,1035,629
can_tho,mild,TwinGate+blindARQ,9,400.0,narrow,0.1,2025,2160,0,0,0.0,180.0,7,14,9,7,2,40.0,83,1804,1.2172,8,1,6,1023,609
can_tho,mild,Reactive+T2,0,400.0,narrow,0.1,2025,2160,0,0,0.0,360.0,6,7,6,1,0,0.0,0,1861,0.8432,0,0,0,0,143
can_tho,mild,Reactive+T2,1,400.0,narrow,0.1,2025,2160,0,0,0.0,360.0,6,7,6,1,1,60.0,0,1864,0.0003,0,0,0,0,142
can_tho,mild,Reactive+T2,2,400.0,narrow,0.1,2025,2160,0,0,0.0,400.0,5,7,7,2,4,220.0,0,1857,0.0,1,0,0,689,168
can_tho,mild,Reactive+T2,3,400.0,narrow,0.1,2025,2160,0,0,0.0,400.0,5,7,7,2,4,220.0,0,1824,0.0,1,0,0,689,168
can_tho,mild,Reactive+T2,4,400.0,narrow,0.1,2025,2160,0,0,0.0,400.0,6,7,7,1,1,60.0,0,1831,0.0,0,0,0,0,142
can_tho,mild,Reactive+T2,5,400.0,narrow,0.1,2025,2160,0,0,0.0,400.0,5,7,7,2,3,160.0,0,1826,0.0,1,0,0,689,168
can_tho,mild,Reactive+T2,6,400.0,narrow,0.1,2025,2160,0,0,0.0,400.0,5,7,7,2,4,220.0,0,1835,0.0,1,0,0,689,168
can_tho,mild,Reactive+T2,7,400.0,narrow,0.1,2025,2160,0,0,0.0,400.0,6,9,7,3,3,160.0,0,1839,1.2034,1,0,1,9,229
can_tho,mild,Reactive+T2,8,400.0,narrow,0.1,2025,2160,0,0,0.0,360.0,7,9,6,2,0,0.0,0,1831,1.184,1,0,1,8,147
can_tho,mild,Reactive+T2,9,400.0,narrow,0.1,2025,2160,0,0,0.0,400.0,6,8,7,2,1,60.0,0,1804,0.8432,0,0,0,0,143
can_tho,mild,Reactive+blindARQ,0,400.0,narrow,0.1,2025,2160,0,0,0.0,360.0,6,7,6,1,0,0.0,0,1861,0.8432,0,0,0,0,143
can_tho,mild,Reactive+blindARQ,1,400.0,narrow,0.1,2025,2160,0,0,0.0,400.0,6,8,7,2,1,60.0,0,1864,0.0003,0,0,0,0,142
can_tho,mild,Reactive+blindARQ,2,400.0,narrow,0.1,2025,2160,0,0,0.0,400.0,4,7,7,3,4,220.0,0,1857,0.0,1,0,0,1063,649
can_tho,mild,Reactive+blindARQ,3,400.0,narrow,0.1,2025,2160,0,0,0.0,400.0,4,7,7,3,4,220.0,0,1824,0.0,1,0,0,1063,649
can_tho,mild,Reactive+blindARQ,4,400.0,narrow,0.1,2025,2160,0,0,0.0,400.0,6,7,7,1,1,60.0,0,1831,0.0,0,0,0,0,142
can_tho,mild,Reactive+blindARQ,5,400.0,narrow,0.1,2025,2160,0,0,0.0,400.0,5,7,7,2,3,160.0,0,1826,0.0,1,0,0,689,168
can_tho,mild,Reactive+blindARQ,6,400.0,narrow,0.1,2025,2160,0,0,0.0,400.0,4,7,7,3,4,220.0,0,1835,0.0,1,0,0,1063,649
can_tho,mild,Reactive+blindARQ,7,400.0,narrow,0.1,2025,2160,0,0,0.0,400.0,5,9,7,4,3,160.0,0,1839,1.2034,1,0,0,689,170
can_tho,mild,Reactive+blindARQ,8,400.0,narrow,0.1,2025,2160,0,0,0.0,400.0,6,11,7,5,1,60.0,0,1831,1.4501,0,0,0,0,144
can_tho,mild,Reactive+blindARQ,9,400.0,narrow,0.1,2025,2160,0,0,0.0,400.0,6,8,7,2,1,60.0,0,1804,0.8432,0,0,0,0,143
can_tho,mild,FixedSchedule,0,400.0,narrow,0.1,2025,2160,0,0,0.0,400.0,7,11,7,4,0,0.0,0,1861,1.33,1,0,0,973,561
can_tho,mild,FixedSchedule,1,400.0,narrow,0.1,2025,2160,0,0,0.0,400.0,6,7,7,1,1,60.0,0,1864,0.0,2,0,1,1244,775
can_tho,mild,FixedSchedule,2,400.0,narrow,0.1,2025,2160,92,0,0.9911,400.0,4,8,7,4,4,220.0,0,1857,0.0011,1,0,0,1538,1096
can_tho,mild,FixedSchedule,3,400.0,narrow,0.1,2025,2160,92,0,0.9911,400.0,4,7,7,3,4,220.0,0,1824,0.0,1,0,0,1538,1096
can_tho,mild,FixedSchedule,4,400.0,narrow,0.1,2025,2160,0,0,0.0,400.0,6,13,7,7,1,60.0,0,1831,2.2564,2,0,1,1248,779
can_tho,mild,FixedSchedule,5,400.0,narrow,0.1,2025,2160,6,0,0.0189,400.0,5,7,7,2,3,160.0,0,1826,0.0,1,0,0,1330,902
can_tho,mild,FixedSchedule,6,400.0,narrow,0.1,2025,2160,92,0,0.9911,400.0,4,7,7,3,4,220.0,0,1835,0.0,1,0,0,1538,1096
can_tho,mild,FixedSchedule,7,400.0,narrow,0.1,2025,2160,6,0,0.0189,400.0,5,13,7,8,3,160.0,0,1839,1.191,1,0,0,1330,902
can_tho,mild,FixedSchedule,8,400.0,narrow,0.1,2025,2160,0,0,0.0,400.0,6,8,7,2,1,60.0,0,1831,0.0,2,0,1,1244,775
can_tho,mild,FixedSchedule,9,400.0,narrow,0.1,2025,2160,0,0,0.0,400.0,6,8,7,2,1,60.0,0,1804,0.4704,2,0,1,1244,775
can_tho,mild,Oracle,0,400.0,narrow,0.1,2025,2160,0,0,0.0,240.0,12,24,12,12,2,40.0,0,1861,1.4907,0,0,0,0,0
can_tho,mild,Oracle,1,400.0,narrow,0.1,2025,2160,0,0,0.0,240.0,12,15,12,3,1,20.0,0,1864,0.7454,0,0,0,0,0
can_tho,mild,Oracle,2,400.0,narrow,0.1,2025,2160,0,0,0.0,240.0,12,14,12,2,6,120.0,0,1857,0.6086,0,0,0,0,0
can_tho,mild,Oracle,3,400.0,narrow,0.1,2025,2160,0,0,0.0,240.0,12,18,12,6,4,80.0,0,1824,1.0798,0,0,0,0,0
can_tho,mild,Oracle,4,400.0,narrow,0.1,2025,2160,0,0,0.0,240.0,12,15,12,3,3,60.0,0,1831,0.7454,0,0,0,0,0
can_tho,mild,Oracle,5,400.0,narrow,0.1,2025,2160,0,0,0.0,240.0,12,13,12,1,4,80.0,0,1826,0.4303,0,0,0,0,0
can_tho,mild,Oracle,6,400.0,narrow,0.1,2025,2160,0,0,0.0,240.0,12,14,12,2,5,100.0,0,1835,0.6086,0,0,0,0,0
can_tho,mild,Oracle,7,400.0,narrow,0.1,2025,2160,0,0,0.0,240.0,12,18,12,6,2,40.0,0,1839,1.1295,0,0,0,0,0
can_tho,mild,Oracle,8,400.0,narrow,0.1,2025,2160,0,0,0.0,240.0,12,13,12,1,2,40.0,0,1831,0.4303,0,0,0,0,0
can_tho,mild,Oracle,9,400.0,narrow,0.1,2025,2160,0,0,0.0,240.0,12,16,12,4,2,40.0,0,1804,0.9414,0,0,0,0,0
can_tho,mild,TwinGate+T2+centre,0,400.0,narrow,0.1,2025,2160,0,0,0.0,180.0,9,12,9,3,1,20.0,81,1861,0.7454,8,2,6,397,686
can_tho,mild,TwinGate+T2+centre,1,400.0,narrow,0.1,2025,2160,0,0,0.0,180.0,10,13,9,3,1,20.0,80,1864,0.8607,8,1,7,341,649
can_tho,mild,TwinGate+T2+centre,2,400.0,narrow,0.1,2025,2160,0,0,0.0,200.0,7,11,10,4,6,120.0,83,1857,0.4303,7,0,7,207,464
can_tho,mild,TwinGate+T2+centre,3,400.0,narrow,0.1,2025,2160,0,0,0.0,180.0,7,10,9,3,5,100.0,83,1824,0.4303,8,0,7,929,543
can_tho,mild,TwinGate+T2+centre,4,400.0,narrow,0.1,2025,2160,0,0,0.0,180.0,9,13,9,4,2,40.0,81,1831,1.1385,7,2,5,520,787
can_tho,mild,TwinGate+T2+centre,5,400.0,narrow,0.1,2025,2160,0,0,0.0,200.0,7,10,10,3,4,80.0,83,1826,0.0,7,0,7,206,463
can_tho,mild,TwinGate+T2+centre,6,400.0,narrow,0.1,2025,2160,0,0,0.0,200.0,6,10,10,4,6,120.0,84,1835,0.0,6,2,4,388,574
can_tho,mild,TwinGate+T2+centre,7,400.0,narrow,0.1,2025,2160,0,0,0.0,200.0,6,10,10,4,4,80.0,84,1839,0.0,6,1,5,245,556
can_tho,mild,TwinGate+T2+centre,8,400.0,narrow,0.1,2025,2160,0,0,0.0,180.0,8,9,9,1,1,20.0,82,1831,0.0,9,1,7,1035,629
can_tho,mild,TwinGate+T2+centre,9,400.0,narrow,0.1,2025,2160,0,0,0.0,180.0,10,15,9,5,1,20.0,80,1804,1.291,8,3,5,499,832
can_tho,mild,TwinGate+T2,0,inf,awd,0.02,2025,2160,0,0,0.0,200.0,10,14,10,4,1,20.0,80,1861,0.9622,4,0,4,61,323
can_tho,mild,TwinGate+T2,1,inf,awd,0.02,2025,2160,0,0,0.0,200.0,10,12,10,2,1,20.0,80,1864,0.6086,3,0,3,31,343
can_tho,mild,TwinGate+T2,2,inf,awd,0.02,2025,2160,0,0,0.0,220.0,7,12,11,5,7,140.0,83,1857,0.4303,2,0,2,16,201
can_tho,mild,TwinGate+T2,3,inf,awd,0.02,2025,2160,0,0,0.0,200.0,8,12,10,4,5,100.0,82,1824,0.6086,3,0,3,31,248
can_tho,mild,TwinGate+T2,4,inf,awd,0.02,2025,2160,0,0,0.0,200.0,9,13,10,4,2,40.0,81,1831,0.7454,4,0,4,41,312
can_tho,mild,TwinGate+T2,5,inf,awd,0.02,2025,2160,0,0,0.0,200.0,10,15,10,5,3,60.0,80,1826,0.9623,3,0,3,34,332
can_tho,mild,TwinGate+T2,6,inf,awd,0.02,2025,2160,0,0,0.0,200.0,7,11,10,4,6,120.0,83,1835,0.4303,3,0,3,23,252
can_tho,mild,TwinGate+T2,7,inf,awd,0.02,2025,2160,0,0,0.0,220.0,8,13,11,5,4,80.0,82,1839,0.6086,4,0,4,42,241
can_tho,mild,TwinGate+T2,8,inf,awd,0.02,2025,2160,0,0,0.0,200.0,9,10,10,1,1,20.0,81,1831,0.0,3,0,3,26,320
can_tho,mild,TwinGate+T2,9,inf,awd,0.02,2025,2160,0,0,0.0,200.0,8,10,10,2,2,40.0,82,1804,0.0,2,0,2,22,290
can_tho,mild,TwinGate+blindARQ,0,inf,awd,0.02,2025,2160,0,0,0.0,240.0,10,16,12,6,2,40.0,80,1861,0.9622,4,0,4,39,289
can_tho,mild,TwinGate+blindARQ,1,inf,awd,0.02,2025,2160,0,0,0.0,200.0,9,12,10,3,1,20.0,81,1864,0.6086,2,0,2,16,322
can_tho,mild,TwinGate+blindARQ,2,inf,awd,0.02,2025,2160,0,0,0.0,300.0,7,25,15,18,8,160.0,83,1857,1.2172,3,0,3,34,297
can_tho,mild,TwinGate+blindARQ,3,inf,awd,0.02,2025,2160,0,0,0.0,260.0,7,17,13,10,6,120.0,83,1824,0.9622,2,0,2,23,292
can_tho,mild,TwinGate+blindARQ,4,inf,awd,0.02,2025,2160,0,0,0.0,200.0,8,15,10,7,2,40.0,82,1831,0.9623,3,0,3,30,297
can_tho,mild,TwinGate+blindARQ,5,inf,awd,0.02,2025,2160,0,0,0.0,280.0,7,21,14,14,7,140.0,83,1826,0.4327,2,0,2,22,235
can_tho,mild,TwinGate+blindARQ,6,inf,awd,0.02,2025,2160,0,0,0.0,380.0,7,19,19,12,12,240.0,83,1835,0.0,3,0,3,30,309
can_tho,mild,TwinGate+blindARQ,7,inf,awd,0.02,2025,2160,0,0,0.0,220.0,7,13,11,6,4,80.0,83,1839,0.6086,3,0,3,28,223
can_tho,mild,TwinGate+blindARQ,8,inf,awd,0.02,2025,2160,0,0,0.0,200.0,9,10,10,1,1,20.0,81,1831,0.0,3,0,3,26,320
can_tho,mild,TwinGate+blindARQ,9,inf,awd,0.02,2025,2160,0,0,0.0,200.0,8,10,10,2,2,40.0,82,1804,0.0,2,0,2,22,290
can_tho,mild,Reactive+T2,0,inf,awd,0.02,2025,2160,0,0,0.0,360.0,6,7,6,1,0,0.0,0,1861,0.8432,0,0,0,0,143
can_tho,mild,Reactive+T2,1,inf,awd,0.02,2025,2160,0,0,0.0,360.0,6,7,6,1,1,60.0,0,1864,0.0003,0,0,0,0,142
can_tho,mild,Reactive+T2,2,inf,awd,0.02,2025,2160,0,0,0.0,600.0,6,10,10,4,7,420.0,0,1857,0.0,0,0,0,0,142
can_tho,mild,Reactive+T2,3,inf,awd,0.02,2025,2160,0,0,0.0,420.0,6,9,7,3,4,240.0,0,1824,1.2759,1,0,0,689,168
can_tho,mild,Reactive+T2,4,inf,awd,0.02,2025,2160,0,0,0.0,420.0,6,8,7,2,1,60.0,0,1831,0.0006,0,0,0,0,142
can_tho,mild,Reactive+T2,5,inf,awd,0.02,2025,2160,0,0,0.0,540.0,6,9,9,3,4,240.0,0,1826,0.0,0,0,0,0,142
can_tho,mild,Reactive+T2,6,inf,awd,0.02,2025,2160,0,0,0.0,600.0,6,10,10,4,6,360.0,0,1835,0.0,0,0,0,0,142
can_tho,mild,Reactive+T2,7,inf,awd,0.02,2025,2160,0,0,0.0,600.0,7,12,10,5,4,240.0,0,1839,1.2034,1,0,1,9,213
can_tho,mild,Reactive+T2,8,inf,awd,0.02,2025,2160,0,0,0.0,360.0,7,9,6,2,0,0.0,0,1831,1.184,1,0,1,8,147
can_tho,mild,Reactive+T2,9,inf,awd,0.02,2025,2160,0,0,0.0,480.0,6,9,8,3,2,120.0,0,1804,0.8432,0,0,0,0,143
can_tho,mild,Reactive+blindARQ,0,inf,awd,0.02,2025,2160,0,0,0.0,360.0,6,7,6,1,0,0.0,0,1861,0.8432,0,0,0,0,143
can_tho,mild,Reactive+blindARQ,1,inf,awd,0.02,2025,2160,0,0,0.0,420.0,6,8,7,2,1,60.0,0,1864,0.0003,0,0,0,0,142
can_tho,mild,Reactive+blindARQ,2,inf,awd,0.02,2025,2160,0,0,0.0,840.0,6,14,14,8,8,480.0,0,1857,0.0,0,0,0,0,142
can_tho,mild,Reactive+blindARQ,3,inf,awd,0.02,2025,2160,0,0,0.0,660.0,6,14,11,8,5,300.0,0,1824,1.5629,0,0,0,0,145
can_tho,mild,Reactive+blindARQ,4,inf,awd,0.02,2025,2160,0,0,0.0,480.0,6,10,8,4,2,120.0,0,1831,0.0009,0,0,0,0,142
can_tho,mild,Reactive+blindARQ,5,inf,awd,0.02,2025,2160,0,0,0.0,600.0,6,10,10,4,4,240.0,0,1826,0.0,0,0,0,0,142
can_tho,mild,Reactive+blindARQ,6,inf,awd,0.02,2025,2160,0,0,0.0,780.0,6,13,13,7,7,420.0,0,1835,0.0,0,0,0,0,142
can_tho,mild,Reactive+blindARQ,7,inf,awd,0.02,2025,2160,0,0,0.0,600.0,6,12,10,6,4,240.0,0,1839,1.2034,0,0,0,0,144
can_tho,mild,Reactive+blindARQ,8,inf,awd,0.02,2025,2160,0,0,0.0,420.0,6,11,7,5,1,60.0,0,1831,1.4501,0,0,0,0,144
can_tho,mild,Reactive+blindARQ,9,inf,awd,0.02,2025,2160,0,0,0.0,480.0,6,9,8,3,2,120.0,0,1804,0.8432,0,0,0,0,143
can_tho,mild,FixedSchedule,0,inf,awd,0.02,2025,2160,0,0,0.0,1500.0,18,30,25,12,7,420.0,0,1861,1.1244,0,0,0,0,0
can_tho,mild,FixedSchedule,1,inf,awd,0.02,2025,2160,0,0,0.0,1320.0,18,23,22,5,4,240.0,0,1864,0.1041,0,0,0,0,0
can_tho,mild,FixedSchedule,2,inf,awd,0.02,2025,2160,0,0,0.0,1680.0,18,37,28,19,10,600.0,0,1857,0.931,0,0,0,0,0
can_tho,mild,FixedSchedule,3,inf,awd,0.02,2025,2160,0,0,0.0,2040.0,18,45,34,27,16,960.0,0,1824,1.3992,0,0,0,0,0
can_tho,mild,FixedSchedule,4,inf,awd,0.02,2025,2160,0,0,0.0,1500.0,18,29,25,11,7,420.0,0,1831,0.7677,0,0,0,0,0
can_tho,mild,FixedSchedule,5,inf,awd,0.02,2025,2160,0,0,0.0,1800.0,18,36,30,18,12,720.0,0,1826,1.2394,0,0,0,0,0
can_tho,mild,FixedSchedule,6,inf,awd,0.02,2025,2160,0,0,0.0,2160.0,18,41,36,23,18,1080.0,0,1835,0.0009,0,0,0,0,0
can_tho,mild,FixedSchedule,7,inf,awd,0.02,2025,2160,0,0,0.0,1560.0,18,34,26,16,8,480.0,0,1839,1.3132,0,0,0,0,0
can_tho,mild,FixedSchedule,8,inf,awd,0.02,2025,2160,0,0,0.0,1260.0,18,30,21,12,3,180.0,0,1831,0.8677,0,0,0,0,0
can_tho,mild,FixedSchedule,9,inf,awd,0.02,2025,2160,0,0,0.0,1260.0,18,31,21,13,3,180.0,0,1804,1.14,0,0,0,0,0
can_tho,mild,Oracle,0,inf,awd,0.02,2025,2160,0,0,0.0,240.0,12,24,12,12,2,40.0,0,1861,1.4907,0,0,0,0,0
can_tho,mild,Oracle,1,inf,awd,0.02,2025,2160,0,0,0.0,240.0,12,15,12,3,1,20.0,0,1864,0.7454,0,0,0,0,0
can_tho,mild,Oracle,2,inf,awd,0.02,2025,2160,0,0,0.0,240.0,12,14,12,2,6,120.0,0,1857,0.6086,0,0,0,0,0
can_tho,mild,Oracle,3,inf,awd,0.02,2025,2160,0,0,0.0,240.0,12,18,12,6,4,80.0,0,1824,1.0798,0,0,0,0,0
can_tho,mild,Oracle,4,inf,awd,0.02,2025,2160,0,0,0.0,240.0,12,15,12,3,3,60.0,0,1831,0.7454,0,0,0,0,0
can_tho,mild,Oracle,5,inf,awd,0.02,2025,2160,0,0,0.0,240.0,12,13,12,1,4,80.0,0,1826,0.4303,0,0,0,0,0
can_tho,mild,Oracle,6,inf,awd,0.02,2025,2160,0,0,0.0,240.0,12,14,12,2,5,100.0,0,1835,0.6086,0,0,0,0,0
can_tho,mild,Oracle,7,inf,awd,0.02,2025,2160,0,0,0.0,240.0,12,18,12,6,2,40.0,0,1839,1.1295,0,0,0,0,0
can_tho,mild,Oracle,8,inf,awd,0.02,2025,2160,0,0,0.0,240.0,12,13,12,1,2,40.0,0,1831,0.4303,0,0,0,0,0
can_tho,mild,Oracle,9,inf,awd,0.02,2025,2160,0,0,0.0,240.0,12,16,12,4,2,40.0,0,1804,0.9414,0,0,0,0,0
can_tho,mild,TwinGate+T2+centre,0,inf,awd,0.02,2025,2160,0,0,0.0,200.0,10,14,10,4,1,20.0,80,1861,0.9622,4,0,4,61,323
can_tho,mild,TwinGate+T2+centre,1,inf,awd,0.02,2025,2160,0,0,0.0,200.0,10,12,10,2,1,20.0,80,1864,0.6086,3,0,3,31,343
can_tho,mild,TwinGate+T2+centre,2,inf,awd,0.02,2025,2160,0,0,0.0,220.0,7,12,11,5,7,140.0,83,1857,0.4303,2,0,2,16,201
can_tho,mild,TwinGate+T2+centre,3,inf,awd,0.02,2025,2160,0,0,0.0,200.0,8,12,10,4,5,100.0,82,1824,0.6086,3,0,3,31,248
can_tho,mild,TwinGate+T2+centre,4,inf,awd,0.02,2025,2160,0,0,0.0,200.0,9,13,10,4,2,40.0,81,1831,0.7454,4,0,4,41,312
can_tho,mild,TwinGate+T2+centre,5,inf,awd,0.02,2025,2160,0,0,0.0,200.0,10,15,10,5,3,60.0,80,1826,0.9623,3,0,3,34,332
can_tho,mild,TwinGate+T2+centre,6,inf,awd,0.02,2025,2160,0,0,0.0,200.0,7,11,10,4,6,120.0,83,1835,0.4303,3,0,3,23,252
can_tho,mild,TwinGate+T2+centre,7,inf,awd,0.02,2025,2160,0,0,0.0,220.0,8,13,11,5,4,80.0,82,1839,0.6086,4,0,4,42,241
can_tho,mild,TwinGate+T2+centre,8,inf,awd,0.02,2025,2160,0,0,0.0,200.0,9,10,10,1,1,20.0,81,1831,0.0,3,0,3,26,320
can_tho,mild,TwinGate+T2+centre,9,inf,awd,0.02,2025,2160,0,0,0.0,200.0,8,10,10,2,2,40.0,82,1804,0.0,2,0,2,22,290
can_tho,mild,TwinGate+T2,0,inf,mid,0.05,2025,2160,0,0,0.0,200.0,10,14,10,4,1,20.0,80,1861,0.9622,4,0,4,61,323
can_tho,mild,TwinGate+T2,1,inf,mid,0.05,2025,2160,0,0,0.0,200.0,10,12,10,2,1,20.0,80,1864,0.6086,3,0,3,31,343
can_tho,mild,TwinGate+T2,2,inf,mid,0.05,2025,2160,0,0,0.0,220.0,7,12,11,5,7,140.0,83,1857,0.4303,2,0,2,16,201
can_tho,mild,TwinGate+T2,3,inf,mid,0.05,2025,2160,0,0,0.0,200.0,8,12,10,4,5,100.0,82,1824,0.6086,3,0,3,31,248
can_tho,mild,TwinGate+T2,4,inf,mid,0.05,2025,2160,0,0,0.0,200.0,9,13,10,4,2,40.0,81,1831,0.7454,4,0,4,41,312
can_tho,mild,TwinGate+T2,5,inf,mid,0.05,2025,2160,0,0,0.0,200.0,10,15,10,5,3,60.0,80,1826,0.9623,3,0,3,34,332
can_tho,mild,TwinGate+T2,6,inf,mid,0.05,2025,2160,0,0,0.0,200.0,7,11,10,4,6,120.0,83,1835,0.4303,3,0,3,23,252
can_tho,mild,TwinGate+T2,7,inf,mid,0.05,2025,2160,0,0,0.0,220.0,8,13,11,5,4,80.0,82,1839,0.6086,4,0,4,42,241
can_tho,mild,TwinGate+T2,8,inf,mid,0.05,2025,2160,0,0,0.0,200.0,9,10,10,1,1,20.0,81,1831,0.0,3,0,3,26,320
can_tho,mild,TwinGate+T2,9,inf,mid,0.05,2025,2160,0,0,0.0,200.0,8,10,10,2,2,40.0,82,1804,0.0,2,0,2,22,290
can_tho,mild,TwinGate+blindARQ,0,inf,mid,0.05,2025,2160,0,0,0.0,240.0,10,16,12,6,2,40.0,80,1861,0.9622,4,0,4,39,289
can_tho,mild,TwinGate+blindARQ,1,inf,mid,0.05,2025,2160,0,0,0.0,200.0,9,12,10,3,1,20.0,81,1864,0.6086,2,0,2,16,322
can_tho,mild,TwinGate+blindARQ,2,inf,mid,0.05,2025,2160,0,0,0.0,300.0,7,25,15,18,8,160.0,83,1857,1.2172,3,0,3,34,297
can_tho,mild,TwinGate+blindARQ,3,inf,mid,0.05,2025,2160,0,0,0.0,260.0,7,17,13,10,6,120.0,83,1824,0.9622,2,0,2,23,292
can_tho,mild,TwinGate+blindARQ,4,inf,mid,0.05,2025,2160,0,0,0.0,200.0,8,15,10,7,2,40.0,82,1831,0.9623,3,0,3,30,297
can_tho,mild,TwinGate+blindARQ,5,inf,mid,0.05,2025,2160,0,0,0.0,280.0,7,21,14,14,7,140.0,83,1826,0.4327,2,0,2,22,235
can_tho,mild,TwinGate+blindARQ,6,inf,mid,0.05,2025,2160,0,0,0.0,380.0,7,19,19,12,12,240.0,83,1835,0.0,3,0,3,30,309
can_tho,mild,TwinGate+blindARQ,7,inf,mid,0.05,2025,2160,0,0,0.0,220.0,7,13,11,6,4,80.0,83,1839,0.6086,3,0,3,28,223
can_tho,mild,TwinGate+blindARQ,8,inf,mid,0.05,2025,2160,0,0,0.0,200.0,9,10,10,1,1,20.0,81,1831,0.0,3,0,3,26,320
can_tho,mild,TwinGate+blindARQ,9,inf,mid,0.05,2025,2160,0,0,0.0,200.0,8,10,10,2,2,40.0,82,1804,0.0,2,0,2,22,290
can_tho,mild,Reactive+T2,0,inf,mid,0.05,2025,2160,0,0,0.0,360.0,6,7,6,1,0,0.0,0,1861,0.8432,0,0,0,0,143
can_tho,mild,Reactive+T2,1,inf,mid,0.05,2025,2160,0,0,0.0,360.0,6,7,6,1,1,60.0,0,1864,0.0003,0,0,0,0,142
can_tho,mild,Reactive+T2,2,inf,mid,0.05,2025,2160,0,0,0.0,600.0,6,10,10,4,7,420.0,0,1857,0.0,0,0,0,0,142
can_tho,mild,Reactive+T2,3,inf,mid,0.05,2025,2160,0,0,0.0,420.0,6,9,7,3,4,240.0,0,1824,1.2759,1,0,0,689,168
can_tho,mild,Reactive+T2,4,inf,mid,0.05,2025,2160,0,0,0.0,420.0,6,8,7,2,1,60.0,0,1831,0.0006,0,0,0,0,142
can_tho,mild,Reactive+T2,5,inf,mid,0.05,2025,2160,0,0,0.0,540.0,6,9,9,3,4,240.0,0,1826,0.0,0,0,0,0,142
can_tho,mild,Reactive+T2,6,inf,mid,0.05,2025,2160,0,0,0.0,600.0,6,10,10,4,6,360.0,0,1835,0.0,0,0,0,0,142
can_tho,mild,Reactive+T2,7,inf,mid,0.05,2025,2160,0,0,0.0,600.0,7,12,10,5,4,240.0,0,1839,1.2034,1,0,1,9,213
can_tho,mild,Reactive+T2,8,inf,mid,0.05,2025,2160,0,0,0.0,360.0,7,9,6,2,0,0.0,0,1831,1.184,1,0,1,8,147
can_tho,mild,Reactive+T2,9,inf,mid,0.05,2025,2160,0,0,0.0,480.0,6,9,8,3,2,120.0,0,1804,0.8432,0,0,0,0,143
can_tho,mild,Reactive+blindARQ,0,inf,mid,0.05,2025,2160,0,0,0.0,360.0,6,7,6,1,0,0.0,0,1861,0.8432,0,0,0,0,143
can_tho,mild,Reactive+blindARQ,1,inf,mid,0.05,2025,2160,0,0,0.0,420.0,6,8,7,2,1,60.0,0,1864,0.0003,0,0,0,0,142
can_tho,mild,Reactive+blindARQ,2,inf,mid,0.05,2025,2160,0,0,0.0,840.0,6,14,14,8,8,480.0,0,1857,0.0,0,0,0,0,142
can_tho,mild,Reactive+blindARQ,3,inf,mid,0.05,2025,2160,0,0,0.0,660.0,6,14,11,8,5,300.0,0,1824,1.5629,0,0,0,0,145
can_tho,mild,Reactive+blindARQ,4,inf,mid,0.05,2025,2160,0,0,0.0,480.0,6,10,8,4,2,120.0,0,1831,0.0009,0,0,0,0,142
can_tho,mild,Reactive+blindARQ,5,inf,mid,0.05,2025,2160,0,0,0.0,600.0,6,10,10,4,4,240.0,0,1826,0.0,0,0,0,0,142
can_tho,mild,Reactive+blindARQ,6,inf,mid,0.05,2025,2160,0,0,0.0,780.0,6,13,13,7,7,420.0,0,1835,0.0,0,0,0,0,142
can_tho,mild,Reactive+blindARQ,7,inf,mid,0.05,2025,2160,0,0,0.0,600.0,6,12,10,6,4,240.0,0,1839,1.2034,0,0,0,0,144
can_tho,mild,Reactive+blindARQ,8,inf,mid,0.05,2025,2160,0,0,0.0,420.0,6,11,7,5,1,60.0,0,1831,1.4501,0,0,0,0,144
can_tho,mild,Reactive+blindARQ,9,inf,mid,0.05,2025,2160,0,0,0.0,480.0,6,9,8,3,2,120.0,0,1804,0.8432,0,0,0,0,143
can_tho,mild,FixedSchedule,0,inf,mid,0.05,2025,2160,0,0,0.0,1500.0,18,30,25,12,7,420.0,0,1861,1.1244,0,0,0,0,0
can_tho,mild,FixedSchedule,1,inf,mid,0.05,2025,2160,0,0,0.0,1320.0,18,23,22,5,4,240.0,0,1864,0.1041,0,0,0,0,0
can_tho,mild,FixedSchedule,2,inf,mid,0.05,2025,2160,0,0,0.0,1680.0,18,37,28,19,10,600.0,0,1857,0.931,0,0,0,0,0
can_tho,mild,FixedSchedule,3,inf,mid,0.05,2025,2160,0,0,0.0,2040.0,18,45,34,27,16,960.0,0,1824,1.3992,0,0,0,0,0
can_tho,mild,FixedSchedule,4,inf,mid,0.05,2025,2160,0,0,0.0,1500.0,18,29,25,11,7,420.0,0,1831,0.7677,0,0,0,0,0
can_tho,mild,FixedSchedule,5,inf,mid,0.05,2025,2160,0,0,0.0,1800.0,18,36,30,18,12,720.0,0,1826,1.2394,0,0,0,0,0
can_tho,mild,FixedSchedule,6,inf,mid,0.05,2025,2160,0,0,0.0,2160.0,18,41,36,23,18,1080.0,0,1835,0.0009,0,0,0,0,0
can_tho,mild,FixedSchedule,7,inf,mid,0.05,2025,2160,0,0,0.0,1560.0,18,34,26,16,8,480.0,0,1839,1.3132,0,0,0,0,0
can_tho,mild,FixedSchedule,8,inf,mid,0.05,2025,2160,0,0,0.0,1260.0,18,30,21,12,3,180.0,0,1831,0.8677,0,0,0,0,0
can_tho,mild,FixedSchedule,9,inf,mid,0.05,2025,2160,0,0,0.0,1260.0,18,31,21,13,3,180.0,0,1804,1.14,0,0,0,0,0
can_tho,mild,Oracle,0,inf,mid,0.05,2025,2160,0,0,0.0,240.0,12,24,12,12,2,40.0,0,1861,1.4907,0,0,0,0,0
can_tho,mild,Oracle,1,inf,mid,0.05,2025,2160,0,0,0.0,240.0,12,15,12,3,1,20.0,0,1864,0.7454,0,0,0,0,0
can_tho,mild,Oracle,2,inf,mid,0.05,2025,2160,0,0,0.0,240.0,12,14,12,2,6,120.0,0,1857,0.6086,0,0,0,0,0
can_tho,mild,Oracle,3,inf,mid,0.05,2025,2160,0,0,0.0,240.0,12,18,12,6,4,80.0,0,1824,1.0798,0,0,0,0,0
can_tho,mild,Oracle,4,inf,mid,0.05,2025,2160,0,0,0.0,240.0,12,15,12,3,3,60.0,0,1831,0.7454,0,0,0,0,0
can_tho,mild,Oracle,5,inf,mid,0.05,2025,2160,0,0,0.0,240.0,12,13,12,1,4,80.0,0,1826,0.4303,0,0,0,0,0
can_tho,mild,Oracle,6,inf,mid,0.05,2025,2160,0,0,0.0,240.0,12,14,12,2,5,100.0,0,1835,0.6086,0,0,0,0,0
can_tho,mild,Oracle,7,inf,mid,0.05,2025,2160,0,0,0.0,240.0,12,18,12,6,2,40.0,0,1839,1.1295,0,0,0,0,0
can_tho,mild,Oracle,8,inf,mid,0.05,2025,2160,0,0,0.0,240.0,12,13,12,1,2,40.0,0,1831,0.4303,0,0,0,0,0
can_tho,mild,Oracle,9,inf,mid,0.05,2025,2160,0,0,0.0,240.0,12,16,12,4,2,40.0,0,1804,0.9414,0,0,0,0,0
can_tho,mild,TwinGate+T2+centre,0,inf,mid,0.05,2025,2160,0,0,0.0,200.0,10,14,10,4,1,20.0,80,1861,0.9622,4,0,4,61,323
can_tho,mild,TwinGate+T2+centre,1,inf,mid,0.05,2025,2160,0,0,0.0,200.0,10,12,10,2,1,20.0,80,1864,0.6086,3,0,3,31,343
can_tho,mild,TwinGate+T2+centre,2,inf,mid,0.05,2025,2160,0,0,0.0,220.0,7,12,11,5,7,140.0,83,1857,0.4303,2,0,2,16,201
can_tho,mild,TwinGate+T2+centre,3,inf,mid,0.05,2025,2160,0,0,0.0,200.0,8,12,10,4,5,100.0,82,1824,0.6086,3,0,3,31,248
can_tho,mild,TwinGate+T2+centre,4,inf,mid,0.05,2025,2160,0,0,0.0,200.0,9,13,10,4,2,40.0,81,1831,0.7454,4,0,4,41,312
can_tho,mild,TwinGate+T2+centre,5,inf,mid,0.05,2025,2160,0,0,0.0,200.0,10,15,10,5,3,60.0,80,1826,0.9623,3,0,3,34,332
can_tho,mild,TwinGate+T2+centre,6,inf,mid,0.05,2025,2160,0,0,0.0,200.0,7,11,10,4,6,120.0,83,1835,0.4303,3,0,3,23,252
can_tho,mild,TwinGate+T2+centre,7,inf,mid,0.05,2025,2160,0,0,0.0,220.0,8,13,11,5,4,80.0,82,1839,0.6086,4,0,4,42,241
can_tho,mild,TwinGate+T2+centre,8,inf,mid,0.05,2025,2160,0,0,0.0,200.0,9,10,10,1,1,20.0,81,1831,0.0,3,0,3,26,320
can_tho,mild,TwinGate+T2+centre,9,inf,mid,0.05,2025,2160,0,0,0.0,200.0,8,10,10,2,2,40.0,82,1804,0.0,2,0,2,22,290
can_tho,mild,TwinGate+T2,0,inf,narrow,0.1,2025,2160,0,0,0.0,180.0,9,12,9,3,1,20.0,81,1861,0.7454,8,2,6,397,686
can_tho,mild,TwinGate+T2,1,inf,narrow,0.1,2025,2160,0,0,0.0,180.0,10,13,9,3,1,20.0,80,1864,0.8607,8,1,7,341,649
can_tho,mild,TwinGate+T2,2,inf,narrow,0.1,2025,2160,0,0,0.0,200.0,7,11,10,4,6,120.0,83,1857,0.4303,7,0,7,207,464
can_tho,mild,TwinGate+T2,3,inf,narrow,0.1,2025,2160,0,0,0.0,180.0,7,10,9,3,5,100.0,83,1824,0.4303,8,0,7,929,543
can_tho,mild,TwinGate+T2,4,inf,narrow,0.1,2025,2160,0,0,0.0,180.0,9,13,9,4,2,40.0,81,1831,1.1385,7,2,5,520,787
can_tho,mild,TwinGate+T2,5,inf,narrow,0.1,2025,2160,0,0,0.0,200.0,7,10,10,3,4,80.0,83,1826,0.0,7,0,7,206,463
can_tho,mild,TwinGate+T2,6,inf,narrow,0.1,2025,2160,0,0,0.0,200.0,6,10,10,4,6,120.0,84,1835,0.0,6,2,4,388,574
can_tho,mild,TwinGate+T2,7,inf,narrow,0.1,2025,2160,0,0,0.0,200.0,6,10,10,4,4,80.0,84,1839,0.0,6,1,5,245,556
can_tho,mild,TwinGate+T2,8,inf,narrow,0.1,2025,2160,0,0,0.0,180.0,8,9,9,1,1,20.0,82,1831,0.0,9,1,7,1035,629
can_tho,mild,TwinGate+T2,9,inf,narrow,0.1,2025,2160,0,0,0.0,180.0,10,15,9,5,1,20.0,80,1804,1.291,8,3,5,499,832
can_tho,mild,TwinGate+blindARQ,0,inf,narrow,0.1,2025,2160,0,0,0.0,180.0,8,13,9,5,1,20.0,82,1861,0.8607,9,1,7,1027,671
can_tho,mild,TwinGate+blindARQ,1,inf,narrow,0.1,2025,2160,0,0,0.0,180.0,8,13,9,5,1,20.0,82,1864,0.8607,9,1,7,1040,639
can_tho,mild,TwinGate+blindARQ,2,inf,narrow,0.1,2025,2160,0,0,0.0,280.0,6,17,14,11,8,160.0,84,1857,0.7454,6,1,5,240,471
can_tho,mild,TwinGate+blindARQ,3,inf,narrow,0.1,2025,2160,0,0,0.0,220.0,6,11,11,5,5,100.0,84,1824,0.0,6,1,5,314,537
can_tho,mild,TwinGate+blindARQ,4,inf,narrow,0.1,2025,2160,0,0,0.0,180.0,7,12,9,5,2,40.0,83,1831,1.0541,8,1,6,1032,636
can_tho,mild,TwinGate+blindARQ,5,inf,narrow,0.1,2025,2160,0,0,0.0,200.0,6,11,10,5,4,80.0,84,1826,0.4303,6,0,6,176,426
can_tho,mild,TwinGate+blindARQ,6,inf,narrow,0.1,2025,2160,0,0,0.0,260.0,6,13,13,7,7,140.0,84,1835,0.0,6,1,5,239,494
can_tho,mild,TwinGate+blindARQ,7,inf,narrow,0.1,2025,2160,0,0,0.0,200.0,6,10,10,4,4,80.0,84,1839,0.0,6,1,5,245,556
can_tho,mild,TwinGate+blindARQ,8,inf,narrow,0.1,2025,2160,0,0,0.0,180.0,8,9,9,1,1,20.0,82,1831,0.0,9,1,7,1035,629
can_tho,mild,TwinGate+blindARQ,9,inf,narrow,0.1,2025,2160,0,0,0.0,180.0,7,14,9,7,2,40.0,83,1804,1.2172,8,1,6,1023,609
can_tho,mild,Reactive+T2,0,inf,narrow,0.1,2025,2160,0,0,0.0,360.0,6,7,6,1,0,0.0,0,1861,0.8432,0,0,0,0,143
can_tho,mild,Reactive+T2,1,inf,narrow,0.1,2025,2160,0,0,0.0,360.0,6,7,6,1,1,60.0,0,1864,0.0003,0,0,0,0,142
can_tho,mild,Reactive+T2,2,inf,narrow,0.1,2025,2160,0,0,0.0,600.0,6,10,10,4,7,420.0,0,1857,0.0,0,0,0,0,142
can_tho,mild,Reactive+T2,3,inf,narrow,0.1,2025,2160,0,0,0.0,420.0,6,9,7,3,4,240.0,0,1824,1.2759,1,0,0,689,168
can_tho,mild,Reactive+T2,4,inf,narrow,0.1,2025,2160,0,0,0.0,420.0,6,8,7,2,1,60.0,0,1831,0.0006,0,0,0,0,142
can_tho,mild,Reactive+T2,5,inf,narrow,0.1,2025,2160,0,0,0.0,540.0,6,9,9,3,4,240.0,0,1826,0.0,0,0,0,0,142
can_tho,mild,Reactive+T2,6,inf,narrow,0.1,2025,2160,0,0,0.0,600.0,6,10,10,4,6,360.0,0,1835,0.0,0,0,0,0,142
can_tho,mild,Reactive+T2,7,inf,narrow,0.1,2025,2160,0,0,0.0,600.0,7,12,10,5,4,240.0,0,1839,1.2034,1,0,1,9,213
can_tho,mild,Reactive+T2,8,inf,narrow,0.1,2025,2160,0,0,0.0,360.0,7,9,6,2,0,0.0,0,1831,1.184,1,0,1,8,147
can_tho,mild,Reactive+T2,9,inf,narrow,0.1,2025,2160,0,0,0.0,480.0,6,9,8,3,2,120.0,0,1804,0.8432,0,0,0,0,143
can_tho,mild,Reactive+blindARQ,0,inf,narrow,0.1,2025,2160,0,0,0.0,360.0,6,7,6,1,0,0.0,0,1861,0.8432,0,0,0,0,143
can_tho,mild,Reactive+blindARQ,1,inf,narrow,0.1,2025,2160,0,0,0.0,420.0,6,8,7,2,1,60.0,0,1864,0.0003,0,0,0,0,142
can_tho,mild,Reactive+blindARQ,2,inf,narrow,0.1,2025,2160,0,0,0.0,840.0,6,14,14,8,8,480.0,0,1857,0.0,0,0,0,0,142
can_tho,mild,Reactive+blindARQ,3,inf,narrow,0.1,2025,2160,0,0,0.0,660.0,6,14,11,8,5,300.0,0,1824,1.5629,0,0,0,0,145
can_tho,mild,Reactive+blindARQ,4,inf,narrow,0.1,2025,2160,0,0,0.0,480.0,6,10,8,4,2,120.0,0,1831,0.0009,0,0,0,0,142
can_tho,mild,Reactive+blindARQ,5,inf,narrow,0.1,2025,2160,0,0,0.0,600.0,6,10,10,4,4,240.0,0,1826,0.0,0,0,0,0,142
can_tho,mild,Reactive+blindARQ,6,inf,narrow,0.1,2025,2160,0,0,0.0,780.0,6,13,13,7,7,420.0,0,1835,0.0,0,0,0,0,142
can_tho,mild,Reactive+blindARQ,7,inf,narrow,0.1,2025,2160,0,0,0.0,600.0,6,12,10,6,4,240.0,0,1839,1.2034,0,0,0,0,144
can_tho,mild,Reactive+blindARQ,8,inf,narrow,0.1,2025,2160,0,0,0.0,420.0,6,11,7,5,1,60.0,0,1831,1.4501,0,0,0,0,144
can_tho,mild,Reactive+blindARQ,9,inf,narrow,0.1,2025,2160,0,0,0.0,480.0,6,9,8,3,2,120.0,0,1804,0.8432,0,0,0,0,143
can_tho,mild,FixedSchedule,0,inf,narrow,0.1,2025,2160,0,0,0.0,1500.0,18,30,25,12,7,420.0,0,1861,1.1244,0,0,0,0,0
can_tho,mild,FixedSchedule,1,inf,narrow,0.1,2025,2160,0,0,0.0,1320.0,18,23,22,5,4,240.0,0,1864,0.1041,0,0,0,0,0
can_tho,mild,FixedSchedule,2,inf,narrow,0.1,2025,2160,0,0,0.0,1680.0,18,37,28,19,10,600.0,0,1857,0.931,0,0,0,0,0
can_tho,mild,FixedSchedule,3,inf,narrow,0.1,2025,2160,0,0,0.0,2040.0,18,45,34,27,16,960.0,0,1824,1.3992,0,0,0,0,0
can_tho,mild,FixedSchedule,4,inf,narrow,0.1,2025,2160,0,0,0.0,1500.0,18,29,25,11,7,420.0,0,1831,0.7677,0,0,0,0,0
can_tho,mild,FixedSchedule,5,inf,narrow,0.1,2025,2160,0,0,0.0,1800.0,18,36,30,18,12,720.0,0,1826,1.2394,0,0,0,0,0
can_tho,mild,FixedSchedule,6,inf,narrow,0.1,2025,2160,0,0,0.0,2160.0,18,41,36,23,18,1080.0,0,1835,0.0009,0,0,0,0,0
can_tho,mild,FixedSchedule,7,inf,narrow,0.1,2025,2160,0,0,0.0,1560.0,18,34,26,16,8,480.0,0,1839,1.3132,0,0,0,0,0
can_tho,mild,FixedSchedule,8,inf,narrow,0.1,2025,2160,0,0,0.0,1260.0,18,30,21,12,3,180.0,0,1831,0.8677,0,0,0,0,0
can_tho,mild,FixedSchedule,9,inf,narrow,0.1,2025,2160,0,0,0.0,1260.0,18,31,21,13,3,180.0,0,1804,1.14,0,0,0,0,0
can_tho,mild,Oracle,0,inf,narrow,0.1,2025,2160,0,0,0.0,240.0,12,24,12,12,2,40.0,0,1861,1.4907,0,0,0,0,0
can_tho,mild,Oracle,1,inf,narrow,0.1,2025,2160,0,0,0.0,240.0,12,15,12,3,1,20.0,0,1864,0.7454,0,0,0,0,0
can_tho,mild,Oracle,2,inf,narrow,0.1,2025,2160,0,0,0.0,240.0,12,14,12,2,6,120.0,0,1857,0.6086,0,0,0,0,0
can_tho,mild,Oracle,3,inf,narrow,0.1,2025,2160,0,0,0.0,240.0,12,18,12,6,4,80.0,0,1824,1.0798,0,0,0,0,0
can_tho,mild,Oracle,4,inf,narrow,0.1,2025,2160,0,0,0.0,240.0,12,15,12,3,3,60.0,0,1831,0.7454,0,0,0,0,0
can_tho,mild,Oracle,5,inf,narrow,0.1,2025,2160,0,0,0.0,240.0,12,13,12,1,4,80.0,0,1826,0.4303,0,0,0,0,0
can_tho,mild,Oracle,6,inf,narrow,0.1,2025,2160,0,0,0.0,240.0,12,14,12,2,5,100.0,0,1835,0.6086,0,0,0,0,0
can_tho,mild,Oracle,7,inf,narrow,0.1,2025,2160,0,0,0.0,240.0,12,18,12,6,2,40.0,0,1839,1.1295,0,0,0,0,0
can_tho,mild,Oracle,8,inf,narrow,0.1,2025,2160,0,0,0.0,240.0,12,13,12,1,2,40.0,0,1831,0.4303,0,0,0,0,0
can_tho,mild,Oracle,9,inf,narrow,0.1,2025,2160,0,0,0.0,240.0,12,16,12,4,2,40.0,0,1804,0.9414,0,0,0,0,0
can_tho,mild,TwinGate+T2+centre,0,inf,narrow,0.1,2025,2160,0,0,0.0,180.0,9,12,9,3,1,20.0,81,1861,0.7454,8,2,6,397,686
can_tho,mild,TwinGate+T2+centre,1,inf,narrow,0.1,2025,2160,0,0,0.0,180.0,10,13,9,3,1,20.0,80,1864,0.8607,8,1,7,341,649
can_tho,mild,TwinGate+T2+centre,2,inf,narrow,0.1,2025,2160,0,0,0.0,200.0,7,11,10,4,6,120.0,83,1857,0.4303,7,0,7,207,464
can_tho,mild,TwinGate+T2+centre,3,inf,narrow,0.1,2025,2160,0,0,0.0,180.0,7,10,9,3,5,100.0,83,1824,0.4303,8,0,7,929,543
can_tho,mild,TwinGate+T2+centre,4,inf,narrow,0.1,2025,2160,0,0,0.0,180.0,9,13,9,4,2,40.0,81,1831,1.1385,7,2,5,520,787
can_tho,mild,TwinGate+T2+centre,5,inf,narrow,0.1,2025,2160,0,0,0.0,200.0,7,10,10,3,4,80.0,83,1826,0.0,7,0,7,206,463
can_tho,mild,TwinGate+T2+centre,6,inf,narrow,0.1,2025,2160,0,0,0.0,200.0,6,10,10,4,6,120.0,84,1835,0.0,6,2,4,388,574
can_tho,mild,TwinGate+T2+centre,7,inf,narrow,0.1,2025,2160,0,0,0.0,200.0,6,10,10,4,4,80.0,84,1839,0.0,6,1,5,245,556
can_tho,mild,TwinGate+T2+centre,8,inf,narrow,0.1,2025,2160,0,0,0.0,180.0,8,9,9,1,1,20.0,82,1831,0.0,9,1,7,1035,629
can_tho,mild,TwinGate+T2+centre,9,inf,narrow,0.1,2025,2160,0,0,0.0,180.0,10,15,9,5,1,20.0,80,1804,1.291,8,3,5,499,832
can_tho,severe,TwinGate+T2,0,80.0,awd,0.02,2025,2160,12,0,0.0854,80.0,8,25,4,17,0,0.0,82,1861,1.0539,5,4,0,1887,1460
can_tho,severe,TwinGate+T2,1,80.0,awd,0.02,2025,2160,2,0,0.0051,80.0,5,15,4,10,1,20.0,85,1864,0.7454,4,3,0,1726,1331
can_tho,severe,TwinGate+T2,2,80.0,awd,0.02,2025,2160,0,0,0.0,80.0,4,13,4,9,0,0.0,86,1857,0.8607,5,4,0,1845,1481
can_tho,severe,TwinGate+T2,3,80.0,awd,0.02,2025,2160,6,0,0.0239,80.0,3,7,4,4,2,40.0,87,1824,0.7454,4,3,0,1687,1358
can_tho,severe,TwinGate+T2,4,80.0,awd,0.02,2025,2160,0,0,0.0,80.0,6,17,4,11,0,0.0,84,1831,0.8607,5,4,0,1850,1481
can_tho,severe,TwinGate+T2,5,80.0,awd,0.02,2025,2160,23,0,0.0315,80.0,3,10,4,7,1,20.0,87,1826,0.4303,4,3,0,1767,1374
can_tho,severe,TwinGate+T2,6,80.0,awd,0.02,2025,2160,0,0,0.0,80.0,4,14,4,10,1,20.0,86,1835,0.8607,5,4,0,1844,1481
can_tho,severe,TwinGate+T2,7,80.0,awd,0.02,2025,2160,1,0,0.0029,80.0,6,21,4,15,1,20.0,84,1839,1.0538,4,3,0,1729,1326
can_tho,severe,TwinGate+T2,8,80.0,awd,0.02,2025,2160,0,0,0.0,80.0,5,10,4,5,0,0.0,85,1831,0.6086,5,4,0,1846,1481
can_tho,severe,TwinGate+T2,9,80.0,awd,0.02,2025,2160,23,0,0.0315,80.0,3,5,4,2,1,20.0,87,1804,0.4303,4,3,0,1763,1372
can_tho,severe,TwinGate+blindARQ,0,80.0,awd,0.02,2025,2160,0,0,0.0,80.0,4,15,4,11,0,0.0,86,1861,1.2172,5,4,0,1849,1481
can_tho,severe,TwinGate+blindARQ,1,80.0,awd,0.02,2025,2160,6,0,0.0238,80.0,3,16,4,13,1,20.0,87,1864,1.0541,4,3,0,1699,1364
can_tho,severe,TwinGate+blindARQ,2,80.0,awd,0.02,2025,2160,67,0,0.3409,80.0,2,11,4,9,2,40.0,88,1857,0.8991,3,2,0,1742,1332
can_tho,severe,TwinGate+blindARQ,3,80.0,awd,0.02,2025,2160,48,0,0.1677,80.0,2,16,4,14,2,40.0,88,1824,1.6724,3,2,0,1720,1319
can_tho,severe,TwinGate+blindARQ,4,80.0,awd,0.02,2025,2160,25,0,0.0423,80.0,3,12,4,9,1,20.0,87,1831,1.1386,4,3,0,1757,1369
can_tho,severe,TwinGate+blindARQ,5,80.0,awd,0.02,2025,2160,23,0,0.0315,80.0,3,10,4,7,1,20.0,87,1826,0.4303,4,3,0,1767,1374
can_tho,severe,TwinGate+blindARQ,6,80.0,awd,0.02,2025,2160,159,0,2.9336,80.0,1,16,4,15,3,60.0,89,1835,0.6572,2,1,0,1733,1289
can_tho,severe,TwinGate+blindARQ,7,80.0,awd,0.02,2025,2160,64,0,0.2385,80.0,2,20,4,18,2,40.0,88,1839,1.8684,3,2,0,1685,1306
can_tho,severe,TwinGate+blindARQ,8,80.0,awd,0.02,2025,2160,0,0,0.0,80.0,4,14,4,10,0,0.0,86,1831,1.291,5,4,0,1848,1481
can_tho,severe,TwinGate+blindARQ,9,80.0,awd,0.02,2025,2160,23,0,0.0315,80.0,3,5,4,2,1,20.0,87,1804,0.4303,4,3,0,1763,1372
can_tho,severe,Reactive+T2,0,80.0,awd,0.02,2025,2160,221,0,6.1128,80.0,2,4,2,2,0,0.0,0,1861,0.0,1,0,0,1664,1245
can_tho,severe,Reactive+T2,1,80.0,awd,0.02,2025,2160,221,0,6.1213,80.0,2,2,2,0,0,0.0,0,1864,0.0,1,0,0,1664,1243
can_tho,severe,Reactive+T2,2,80.0,awd,0.02,2025,2160,221,0,6.1213,80.0,2,2,2,0,0,0.0,0,1857,0.4303,1,0,0,1664,1243
can_tho,severe,Reactive+T2,3,80.0,awd,0.02,2025,2160,93,0,1.0555,80.0,7,24,2,17,0,0.0,0,1824,2.5205,3,1,1,1667,1254
can_tho,severe,Reactive+T2,4,80.0,awd,0.02,2025,2160,221,0,6.1128,80.0,2,6,2,4,0,0.0,0,1831,0.8849,1,0,0,1664,1247
can_tho,severe,Reactive+T2,5,80.0,awd,0.02,2025,2160,221,0,6.1213,80.0,2,2,2,0,0,0.0,0,1826,0.6086,1,0,0,1664,1243
can_tho,severe,Reactive+T2,6,80.0,awd,0.02,2025,2160,216,0,5.1537,80.0,3,6,2,3,1,20.0,0,1835,1.3574,2,0,1,1659,1240
can_tho,severe,Reactive+T2,7,80.0,awd,0.02,2025,2160,126,0,2.2565,80.0,5,15,2,10,0,0.0,0,1839,2.2069,2,0,1,1660,1244
can_tho,severe,Reactive+T2,8,80.0,awd,0.02,2025,2160,211,0,4.652,80.0,5,14,2,9,0,0.0,0,1831,0.7454,2,0,1,1706,1293
can_tho,severe,Reactive+T2,9,80.0,awd,0.02,2025,2160,219,0,5.7729,80.0,3,6,2,3,0,0.0,0,1804,0.6086,2,0,1,1666,1266
can_tho,severe,Reactive+blindARQ,0,80.0,awd,0.02,2025,2160,221,0,6.1128,80.0,2,4,2,2,0,0.0,0,1861,0.0,1,0,0,1664,1245
can_tho,severe,Reactive+blindARQ,1,80.0,awd,0.02,2025,2160,221,0,6.1213,80.0,2,2,2,0,0,0.0,0,1864,0.0,1,0,0,1664,1243
can_tho,severe,Reactive+blindARQ,2,80.0,awd,0.02,2025,2160,221,0,6.1213,80.0,2,2,2,0,0,0.0,0,1857,0.4303,1,0,0,1664,1243
can_tho,severe,Reactive+blindARQ,3,80.0,awd,0.02,2025,2160,220,0,6.1026,80.0,2,10,2,8,0,0.0,0,1824,1.6498,1,0,0,1664,1251
can_tho,severe,Reactive+blindARQ,4,80.0,awd,0.02,2025,2160,221,0,6.1128,80.0,2,6,2,4,0,0.0,0,1831,0.8849,1,0,0,1664,1247
can_tho,severe,Reactive+blindARQ,5,80.0,awd,0.02,2025,2160,221,0,6.1213,80.0,2,2,2,0,0,0.0,0,1826,0.6086,1,0,0,1664,1243
can_tho,severe,Reactive+blindARQ,6,80.0,awd,0.02,2025,2160,220,0,6.0929,80.0,2,9,2,7,1,20.0,0,1835,1.8224,1,0,0,1664,1250
can_tho,severe,Reactive+blindARQ,7,80.0,awd,0.02,2025,2160,220,0,6.104,80.0,2,7,2,5,1,20.0,0,1839,1.252,1,0,0,1664,1248
can_tho,severe,Reactive+blindARQ,8,80.0,awd,0.02,2025,2160,221,0,6.1213,80.0,2,6,2,4,0,0.0,0,1831,0.4303,1,0,0,1664,1247
can_tho,severe,Reactive+blindARQ,9,80.0,awd,0.02,2025,2160,220,0,6.0815,80.0,2,11,2,9,0,0.0,0,1804,1.2909,1,0,0,1664,1252
can_tho,severe,FixedSchedule,0,80.0,awd,0.02,2025,2160,441,0,23.7718,80.0,2,9,2,7,0,0.0,0,1861,0.0031,1,0,0,1860,1419
can_tho,severe,FixedSchedule,1,80.0,awd,0.02,2025,2160,442,0,23.7963,80.0,2,3,2,1,0,0.0,0,1864,0.0,1,0,0,1860,1418
can_tho,severe,FixedSchedule,2,80.0,awd,0.02,2025,2160,442,0,23.79,80.0,2,4,2,2,0,0.0,0,1857,4.3341,1,0,0,1860,1418
can_tho,severe,FixedSchedule,3,80.0,awd,0.02,2025,2160,442,0,23.7798,80.0,2,11,2,9,0,0.0,0,1824,6.2962,1,0,0,1860,1423
can_tho,severe,FixedSchedule,4,80.0,awd,0.02,2025,2160,442,0,23.7824,80.0,2,7,2,5,0,0.0,0,1831,0.0,1,0,0,1860,1419
can_tho,severe,FixedSchedule,5,80.0,awd,0.02,2025,2160,441,0,23.7524,80.0,2,9,2,7,0,0.0,0,1826,4.3403,1,0,0,1860,1416
can_tho,severe,FixedSchedule,6,80.0,awd,0.02,2025,2160,442,0,23.7976,80.0,2,9,2,7,0,0.0,0,1835,6.3633,1,0,0,1860,1426
can_tho,severe,FixedSchedule,7,80.0,awd,0.02,2025,2160,438,0,23.1251,80.0,2,18,2,16,0,0.0,0,1839,5.8514,1,0,0,1858,1391
can_tho,severe,FixedSchedule,8,80.0,awd,0.02,2025,2160,441,0,23.7675,80.0,2,8,2,6,0,0.0,0,1831,0.0041,1,0,0,1860,1416
can_tho,severe,FixedSchedule,9,80.0,awd,0.02,2025,2160,438,0,23.1284,80.0,2,13,2,11,0,0.0,0,1804,4.4464,1,0,0,1858,1386
can_tho,severe,Oracle,0,80.0,awd,0.02,2025,2160,0,0,0.0,80.0,4,28,4,24,0,0.0,0,1861,2.3932,5,4,0,1894,1481
can_tho,severe,Oracle,1,80.0,awd,0.02,2025,2160,0,0,0.0,80.0,4,15,4,11,0,0.0,0,1864,0.6086,5,4,0,1884,1481
can_tho,severe,Oracle,2,80.0,awd,0.02,2025,2160,0,0,0.0,80.0,4,6,4,2,1,20.0,0,1857,0.6086,5,4,0,1875,1481
can_tho,severe,Oracle,3,80.0,awd,0.02,2025,2160,0,0,0.0,80.0,4,5,4,1,2,40.0,0,1824,0.7451,5,4,0,1874,1481
can_tho,severe,Oracle,4,80.0,awd,0.02,2025,2160,0,0,0.0,80.0,4,9,4,5,0,0.0,0,1831,0.4303,5,4,0,1878,1481
can_tho,severe,Oracle,5,80.0,awd,0.02,2025,2160,0,0,0.0,80.0,4,14,4,10,0,0.0,0,1826,0.9623,5,4,0,1881,1481
can_tho,severe,Oracle,6,80.0,awd,0.02,2025,2160,0,0,0.0,80.0,4,20,4,16,1,20.0,0,1835,1.4903,5,4,0,1879,1481
can_tho,severe,Oracle,7,80.0,awd,0.02,2025,2160,0,0,0.0,80.0,4,19,4,15,0,0.0,0,1839,1.2169,5,4,0,1885,1481
can_tho,severe,Oracle,8,80.0,awd,0.02,2025,2160,0,0,0.0,80.0,4,29,4,25,0,0.0,0,1831,2.3494,5,4,0,1896,1481
can_tho,severe,Oracle,9,80.0,awd,0.02,2025,2160,0,0,0.0,80.0,4,16,4,12,1,20.0,0,1804,1.2909,5,4,0,1884,1481
can_tho,severe,TwinGate+T2+centre,0,80.0,awd,0.02,2025,2160,94,0,1.1792,80.0,6,14,4,8,0,0.0,84,1861,0.7452,3,0,2,1610,1260
can_tho,severe,TwinGate+T2+centre,1,80.0,awd,0.02,2025,2160,97,0,1.4936,80.0,4,8,4,4,0,0.0,86,1864,0.6086,3,0,2,1586,1219
can_tho,severe,TwinGate+T2+centre,2,80.0,awd,0.02,2025,2160,224,0,6.5139,80.0,2,4,4,2,2,40.0,88,1857,0.6086,1,0,0,1666,1239
can_tho,severe,TwinGate+T2+centre,3,80.0,awd,0.02,2025,2160,71,0,0.6504,80.0,10,34,4,24,1,20.0,80,1824,1.4272,4,1,2,1648,1303
can_tho,severe,TwinGate+T2+centre,4,80.0,awd,0.02,2025,2160,97,0,1.4932,80.0,4,12,4,8,0,0.0,86,1831,0.6086,3,0,2,1588,1225
can_tho,severe,TwinGate+T2+centre,5,80.0,awd,0.02,2025,2160,97,0,1.5369,80.0,3,7,4,4,1,20.0,87,1826,0.4303,2,0,1,1586,1201
can_tho,severe,TwinGate+T2+centre,6,80.0,awd,0.02,2025,2160,96,0,1.4534,80.0,4,16,4,12,2,40.0,86,1835,0.8607,3,0,2,1598,1214
can_tho,severe,TwinGate+T2+centre,7,80.0,awd,0.02,2025,2160,93,0,1.0616,80.0,7,28,4,21,1,20.0,83,1839,1.2909,3,0,2,1624,1290
can_tho,severe,TwinGate+T2+centre,8,80.0,awd,0.02,2025,2160,91,0,0.9826,80.0,8,22,4,14,0,0.0,82,1831,1.1383,3,1,1,1643,1290
can_tho,severe,TwinGate+T2+centre,9,80.0,awd,0.02,2025,2160,96,0,1.4334,80.0,5,12,4,7,0,0.0,85,1804,0.9623,3,0,2,1605,1239
can_tho,severe,TwinGate+T2,0,80.0,mid,0.05,2025,2160,43,0,0.1133,80.0,6,15,4,9,0,0.0,84,1861,0.7451,5,1,3,1734,1424
can_tho,severe,TwinGate+T2,1,80.0,mid,0.05,2025,2160,72,0,0.6725,80.0,3,6,4,3,1,20.0,87,1864,0.4303,4,0,3,1681,1329
can_tho,severe,TwinGate+T2,2,80.0,mid,0.05,2025,2160,73,0,0.737,80.0,3,10,4,7,1,20.0,87,1857,0.639,4,0,3,1677,1303
can_tho,severe,TwinGate+T2,3,80.0,mid,0.05,2025,2160,49,0,0.1721,80.0,6,18,4,12,1,20.0,84,1824,0.9623,5,1,3,1729,1384
can_tho,severe,TwinGate+T2,4,80.0,mid,0.05,2025,2160,73,0,0.6992,80.0,3,7,4,4,1,20.0,87,1831,0.4303,4,0,3,1682,1325
can_tho,severe,TwinGate+T2,5,80.0,mid,0.05,2025,2160,67,0,0.3474,80.0,5,16,4,11,0,0.0,85,1826,0.8607,5,1,3,1733,1414
can_tho,severe,TwinGate+T2,6,80.0,mid,0.05,2025,2160,267,0,8.684,80.0,1,4,4,3,3,60.0,89,1835,0.6482,2,0,1,1752,1307
can_tho,severe,TwinGate+T2,7,80.0,mid,0.05,2025,2160,69,0,0.4973,80.0,4,13,4,9,1,20.0,86,1839,1.054,4,1,2,1686,1332
can_tho,severe,TwinGate+T2,8,80.0,mid,0.05,2025,2160,43,0,0.1133,80.0,7,20,4,13,0,0.0,83,1831,1.2166,5,1,3,1735,1425
can_tho,severe,TwinGate+T2,9,80.0,mid,0.05,2025,2160,68,0,0.4743,80.0,4,11,4,7,0,0.0,86,1804,0.6086,5,0,4,1715,1393
can_tho,severe,TwinGate+blindARQ,0,80.0,mid,0.05,2025,2160,65,0,0.2611,80.0,4,24,4,20,0,0.0,86,1861,2.2986,5,1,3,1718,1406
can_tho,severe,TwinGate+blindARQ,1,80.0,mid,0.05,2025,2160,72,0,0.6725,80.0,3,6,4,3,1,20.0,87,1864,0.4303,4,0,3,1681,1329
can_tho,severe,TwinGate+blindARQ,2,80.0,mid,0.05,2025,2160,120,0,1.8659,80.0,2,8,4,6,2,40.0,88,1857,0.639,3,0,2,1697,1293
can_tho,severe,TwinGate+blindARQ,3,80.0,mid,0.05,2025,2160,120,0,1.8659,80.0,2,14,4,12,2,40.0,88,1824,1.4907,3,0,2,1704,1298
can_tho,severe,TwinGate+blindARQ,4,80.0,mid,0.05,2025,2160,73,0,0.6992,80.0,3,7,4,4,1,20.0,87,1831,0.4303,4,0,3,1682,1325
can_tho,severe,TwinGate+blindARQ,5,80.0,mid,0.05,2025,2160,73,0,0.738,80.0,3,8,4,5,1,20.0,87,1826,0.8725,4,0,3,1674,1300
can_tho,severe,TwinGate+blindARQ,6,80.0,mid,0.05,2025,2160,267,0,8.684,80.0,1,4,4,3,3,60.0,89,1835,0.6482,2,0,1,1752,1307
can_tho,severe,TwinGate+blindARQ,7,80.0,mid,0.05,2025,2160,77,0,0.9127,80.0,2,27,4,25,2,40.0,88,1839,2.3473,3,0,2,1648,1269
can_tho,severe,TwinGate+blindARQ,8,80.0,mid,0.05,2025,2160,65,0,0.2674,80.0,4,30,4,26,0,0.0,86,1831,2.3896,5,1,3,1725,1419
can_tho,severe,TwinGate+blindARQ,9,80.0,mid,0.05,2025,2160,73,0,0.738,80.0,3,7,4,4,1,20.0,87,1804,0.6086,4,0,3,1675,1301
can_tho,severe,Reactive+T2,0,80.0,mid,0.05,2025,2160,221,0,6.1128,80.0,2,4,2,2,0,0.0,0,1861,0.0,1,0,0,1664,1245
can_tho,severe,Reactive+T2,1,80.0,mid,0.05,2025,2160,221,0,6.1213,80.0,2,2,2,0,0,0.0,0,1864,0.0,1,0,0,1664,1243
can_tho,severe,Reactive+T2,2,80.0,mid,0.05,2025,2160,221,0,6.1213,80.0,2,2,2,0,0,0.0,0,1857,0.4303,1,0,0,1664,1243
can_tho,severe,Reactive+T2,3,80.0,mid,0.05,2025,2160,93,0,1.0555,80.0,7,24,2,17,0,0.0,0,1824,2.5205,3,1,1,1667,1254
can_tho,severe,Reactive+T2,4,80.0,mid,0.05,2025,2160,221,0,6.1128,80.0,2,6,2,4,0,0.0,0,1831,0.8849,1,0,0,1664,1247
can_tho,severe,Reactive+T2,5,80.0,mid,0.05,2025,2160,221,0,6.1213,80.0,2,2,2,0,0,0.0,0,1826,0.6086,1,0,0,1664,1243
can_tho,severe,Reactive+T2,6,80.0,mid,0.05,2025,2160,216,0,5.1537,80.0,3,6,2,3,1,20.0,0,1835,1.3574,2,0,1,1659,1240
can_tho,severe,Reactive+T2,7,80.0,mid,0.05,2025,2160,126,0,2.2565,80.0,5,15,2,10,0,0.0,0,1839,2.2069,2,0,1,1660,1244
can_tho,severe,Reactive+T2,8,80.0,mid,0.05,2025,2160,211,0,4.652,80.0,5,14,2,9,0,0.0,0,1831,0.7454,2,0,1,1706,1293
can_tho,severe,Reactive+T2,9,80.0,mid,0.05,2025,2160,219,0,5.7729,80.0,3,6,2,3,0,0.0,0,1804,0.6086,2,0,1,1666,1266
can_tho,severe,Reactive+blindARQ,0,80.0,mid,0.05,2025,2160,221,0,6.1128,80.0,2,4,2,2,0,0.0,0,1861,0.0,1,0,0,1664,1245
can_tho,severe,Reactive+blindARQ,1,80.0,mid,0.05,2025,2160,221,0,6.1213,80.0,2,2,2,0,0,0.0,0,1864,0.0,1,0,0,1664,1243
can_tho,severe,Reactive+blindARQ,2,80.0,mid,0.05,2025,2160,221,0,6.1213,80.0,2,2,2,0,0,0.0,0,1857,0.4303,1,0,0,1664,1243
can_tho,severe,Reactive+blindARQ,3,80.0,mid,0.05,2025,2160,220,0,6.1026,80.0,2,10,2,8,0,0.0,0,1824,1.6498,1,0,0,1664,1251
can_tho,severe,Reactive+blindARQ,4,80.0,mid,0.05,2025,2160,221,0,6.1128,80.0,2,6,2,4,0,0.0,0,1831,0.8849,1,0,0,1664,1247
can_tho,severe,Reactive+blindARQ,5,80.0,mid,0.05,2025,2160,221,0,6.1213,80.0,2,2,2,0,0,0.0,0,1826,0.6086,1,0,0,1664,1243
can_tho,severe,Reactive+blindARQ,6,80.0,mid,0.05,2025,2160,220,0,6.0929,80.0,2,9,2,7,1,20.0,0,1835,1.8224,1,0,0,1664,1250
can_tho,severe,Reactive+blindARQ,7,80.0,mid,0.05,2025,2160,220,0,6.104,80.0,2,7,2,5,1,20.0,0,1839,1.252,1,0,0,1664,1248
can_tho,severe,Reactive+blindARQ,8,80.0,mid,0.05,2025,2160,221,0,6.1213,80.0,2,6,2,4,0,0.0,0,1831,0.4303,1,0,0,1664,1247
can_tho,severe,Reactive+blindARQ,9,80.0,mid,0.05,2025,2160,220,0,6.0815,80.0,2,11,2,9,0,0.0,0,1804,1.2909,1,0,0,1664,1252
can_tho,severe,FixedSchedule,0,80.0,mid,0.05,2025,2160,441,0,23.7718,80.0,2,9,2,7,0,0.0,0,1861,0.0031,1,0,0,1860,1419
can_tho,severe,FixedSchedule,1,80.0,mid,0.05,2025,2160,442,0,23.7963,80.0,2,3,2,1,0,0.0,0,1864,0.0,1,0,0,1860,1418
can_tho,severe,FixedSchedule,2,80.0,mid,0.05,2025,2160,442,0,23.79,80.0,2,4,2,2,0,0.0,0,1857,4.3341,1,0,0,1860,1418
can_tho,severe,FixedSchedule,3,80.0,mid,0.05,2025,2160,442,0,23.7798,80.0,2,11,2,9,0,0.0,0,1824,6.2962,1,0,0,1860,1423
can_tho,severe,FixedSchedule,4,80.0,mid,0.05,2025,2160,442,0,23.7824,80.0,2,7,2,5,0,0.0,0,1831,0.0,1,0,0,1860,1419
can_tho,severe,FixedSchedule,5,80.0,mid,0.05,2025,2160,441,0,23.7524,80.0,2,9,2,7,0,0.0,0,1826,4.3403,1,0,0,1860,1416
can_tho,severe,FixedSchedule,6,80.0,mid,0.05,2025,2160,442,0,23.7976,80.0,2,9,2,7,0,0.0,0,1835,6.3633,1,0,0,1860,1426
can_tho,severe,FixedSchedule,7,80.0,mid,0.05,2025,2160,438,0,23.1251,80.0,2,18,2,16,0,0.0,0,1839,5.8514,1,0,0,1858,1391
can_tho,severe,FixedSchedule,8,80.0,mid,0.05,2025,2160,441,0,23.7675,80.0,2,8,2,6,0,0.0,0,1831,0.0041,1,0,0,1860,1416
can_tho,severe,FixedSchedule,9,80.0,mid,0.05,2025,2160,438,0,23.1284,80.0,2,13,2,11,0,0.0,0,1804,4.4464,1,0,0,1858,1386
can_tho,severe,Oracle,0,80.0,mid,0.05,2025,2160,0,0,0.0,80.0,4,28,4,24,0,0.0,0,1861,2.3932,5,4,0,1894,1481
can_tho,severe,Oracle,1,80.0,mid,0.05,2025,2160,0,0,0.0,80.0,4,15,4,11,0,0.0,0,1864,0.6086,5,4,0,1884,1481
can_tho,severe,Oracle,2,80.0,mid,0.05,2025,2160,0,0,0.0,80.0,4,6,4,2,1,20.0,0,1857,0.6086,5,4,0,1875,1481
can_tho,severe,Oracle,3,80.0,mid,0.05,2025,2160,0,0,0.0,80.0,4,5,4,1,2,40.0,0,1824,0.7451,5,4,0,1874,1481
can_tho,severe,Oracle,4,80.0,mid,0.05,2025,2160,0,0,0.0,80.0,4,9,4,5,0,0.0,0,1831,0.4303,5,4,0,1878,1481
can_tho,severe,Oracle,5,80.0,mid,0.05,2025,2160,0,0,0.0,80.0,4,14,4,10,0,0.0,0,1826,0.9623,5,4,0,1881,1481
can_tho,severe,Oracle,6,80.0,mid,0.05,2025,2160,0,0,0.0,80.0,4,20,4,16,1,20.0,0,1835,1.4903,5,4,0,1879,1481
can_tho,severe,Oracle,7,80.0,mid,0.05,2025,2160,0,0,0.0,80.0,4,19,4,15,0,0.0,0,1839,1.2169,5,4,0,1885,1481
can_tho,severe,Oracle,8,80.0,mid,0.05,2025,2160,0,0,0.0,80.0,4,29,4,25,0,0.0,0,1831,2.3494,5,4,0,1896,1481
can_tho,severe,Oracle,9,80.0,mid,0.05,2025,2160,0,0,0.0,80.0,4,16,4,12,1,20.0,0,1804,1.2909,5,4,0,1884,1481
can_tho,severe,TwinGate+T2+centre,0,80.0,mid,0.05,2025,2160,94,0,1.1792,80.0,6,14,4,8,0,0.0,84,1861,0.7452,3,0,2,1610,1260
can_tho,severe,TwinGate+T2+centre,1,80.0,mid,0.05,2025,2160,97,0,1.4936,80.0,4,8,4,4,0,0.0,86,1864,0.6086,3,0,2,1586,1219
can_tho,severe,TwinGate+T2+centre,2,80.0,mid,0.05,2025,2160,224,0,6.5139,80.0,2,4,4,2,2,40.0,88,1857,0.6086,1,0,0,1666,1239
can_tho,severe,TwinGate+T2+centre,3,80.0,mid,0.05,2025,2160,71,0,0.6504,80.0,10,34,4,24,1,20.0,80,1824,1.4272,4,1,2,1648,1303
can_tho,severe,TwinGate+T2+centre,4,80.0,mid,0.05,2025,2160,97,0,1.4932,80.0,4,12,4,8,0,0.0,86,1831,0.6086,3,0,2,1588,1225
can_tho,severe,TwinGate+T2+centre,5,80.0,mid,0.05,2025,2160,97,0,1.5369,80.0,3,7,4,4,1,20.0,87,1826,0.4303,2,0,1,1586,1201
can_tho,severe,TwinGate+T2+centre,6,80.0,mid,0.05,2025,2160,96,0,1.4534,80.0,4,16,4,12,2,40.0,86,1835,0.8607,3,0,2,1598,1214
can_tho,severe,TwinGate+T2+centre,7,80.0,mid,0.05,2025,2160,93,0,1.0616,80.0,7,28,4,21,1,20.0,83,1839,1.2909,3,0,2,1624,1290
can_tho,severe,TwinGate+T2+centre,8,80.0,mid,0.05,2025,2160,91,0,0.9826,80.0,8,22,4,14,0,0.0,82,1831,1.1383,3,1,1,1643,1290
can_tho,severe,TwinGate+T2+centre,9,80.0,mid,0.05,2025,2160,96,0,1.4334,80.0,5,12,4,7,0,0.0,85,1804,0.9623,3,0,2,1605,1239
can_tho,severe,TwinGate+T2,0,80.0,narrow,0.1,2025,2160,71,0,0.6069,80.0,6,12,4,6,0,0.0,84,1861,0.6086,5,0,4,1695,1376
can_tho,severe,TwinGate+T2,1,80.0,narrow,0.1,2025,2160,73,0,0.7223,80.0,6,20,4,14,0,0.0,84,1864,0.8607,5,0,4,1658,1361
can_tho,severe,TwinGate+T2,2,80.0,narrow,0.1,2025,2160,94,0,1.1423,80.0,3,6,4,3,2,40.0,87,1857,0.4303,4,0,3,1631,1256
can_tho,severe,TwinGate+T2,3,80.0,narrow,0.1,2025,2160,178,0,5.9004,80.0,5,15,3,10,1,20.0,85,1824,1.054,3,1,1,1643,1218
can_tho,severe,TwinGate+T2,4,80.0,narrow,0.1,2025,2160,74,0,0.8075,80.0,5,16,4,11,1,20.0,85,1831,0.7454,4,0,3,1662,1306
can_tho,severe,TwinGate+T2,5,80.0,narrow,0.1,2025,2160,74,0,0.7526,80.0,5,12,4,7,1,20.0,85,1826,0.7454,5,0,4,1687,1343
can_tho,severe,TwinGate+T2,6,80.0,narrow,0.1,2025,2160,267,0,8.684,80.0,2,8,4,6,3,60.0,88,1835,0.778,2,0,1,1752,1307
can_tho,severe,TwinGate+T2,7,80.0,narrow,0.1,2025,2160,90,0,0.9643,80.0,4,15,4,11,1,20.0,86,1839,1.1385,4,0,3,1622,1303
can_tho,severe,TwinGate+T2,8,80.0,narrow,0.1,2025,2160,75,0,0.8701,80.0,4,7,4,3,0,0.0,86,1831,0.4303,5,0,4,1666,1338
can_tho,severe,TwinGate+T2,9,80.0,narrow,0.1,2025,2160,75,0,0.8702,80.0,4,10,4,6,1,20.0,86,1804,0.0,5,0,4,1669,1341
can_tho,severe,TwinGate+blindARQ,0,80.0,narrow,0.1,2025,2160,75,0,0.8704,80.0,4,8,4,4,0,0.0,86,1861,0.4303,5,0,4,1667,1339
can_tho,severe,TwinGate+blindARQ,1,80.0,narrow,0.1,2025,2160,93,0,1.036,80.0,3,18,4,15,1,20.0,87,1864,1.2172,4,0,3,1657,1292
can_tho,severe,TwinGate+blindARQ,2,80.0,narrow,0.1,2025,2160,133,0,2.681,80.0,2,8,4,6,2,40.0,88,1857,0.4866,3,0,2,1690,1270
can_tho,severe,TwinGate+blindARQ,3,80.0,narrow,0.1,2025,2160,133,0,2.681,80.0,2,12,4,10,2,40.0,88,1824,0.9622,3,0,2,1694,1274
can_tho,severe,TwinGate+blindARQ,4,80.0,narrow,0.1,2025,2160,83,0,0.9283,80.0,3,17,4,14,1,20.0,87,1831,1.1384,4,0,3,1672,1311
can_tho,severe,TwinGate+blindARQ,5,80.0,narrow,0.1,2025,2160,94,0,1.139,80.0,3,16,4,13,1,20.0,87,1826,1.1515,4,0,3,1637,1262
can_tho,severe,TwinGate+blindARQ,6,80.0,narrow,0.1,2025,2160,289,0,9.6813,80.0,1,14,4,13,3,60.0,89,1835,1.0542,2,0,1,1738,1312
can_tho,severe,TwinGate+blindARQ,7,80.0,narrow,0.1,2025,2160,95,0,1.2862,80.0,2,17,4,15,2,40.0,88,1839,1.4906,3,0,2,1633,1247
can_tho,severe,TwinGate+blindARQ,8,80.0,narrow,0.1,2025,2160,75,0,0.8701,80.0,4,7,4,3,0,0.0,86,1831,0.4303,5,0,4,1666,1338
can_tho,severe,TwinGate+blindARQ,9,80.0,narrow,0.1,2025,2160,94,0,1.1423,80.0,3,7,4,4,1,20.0,87,1804,0.0,4,0,3,1634,1259
can_tho,severe,Reactive+T2,0,80.0,narrow,0.1,2025,2160,221,0,6.1128,80.0,2,4,2,2,0,0.0,0,1861,0.0,1,0,0,1664,1245
can_tho,severe,Reactive+T2,1,80.0,narrow,0.1,2025,2160,221,0,6.1213,80.0,2,2,2,0,0,0.0,0,1864,0.0,1,0,0,1664,1243
can_tho,severe,Reactive+T2,2,80.0,narrow,0.1,2025,2160,221,0,6.1213,80.0,2,2,2,0,0,0.0,0,1857,0.4303,1,0,0,1664,1243
can_tho,severe,Reactive+T2,3,80.0,narrow,0.1,2025,2160,93,0,1.0555,80.0,7,24,2,17,0,0.0,0,1824,2.5205,3,1,1,1667,1254
can_tho,severe,Reactive+T2,4,80.0,narrow,0.1,2025,2160,221,0,6.1128,80.0,2,6,2,4,0,0.0,0,1831,0.8849,1,0,0,1664,1247
can_tho,severe,Reactive+T2,5,80.0,narrow,0.1,2025,2160,221,0,6.1213,80.0,2,2,2,0,0,0.0,0,1826,0.6086,1,0,0,1664,1243
can_tho,severe,Reactive+T2,6,80.0,narrow,0.1,2025,2160,216,0,5.1537,80.0,3,6,2,3,1,20.0,0,1835,1.3574,2,0,1,1659,1240
can_tho,severe,Reactive+T2,7,80.0,narrow,0.1,2025,2160,126,0,2.2565,80.0,5,15,2,10,0,0.0,0,1839,2.2069,2,0,1,1660,1244
can_tho,severe,Reactive+T2,8,80.0,narrow,0.1,2025,2160,211,0,4.652,80.0,5,14,2,9,0,0.0,0,1831,0.7454,2,0,1,1706,1293
can_tho,severe,Reactive+T2,9,80.0,narrow,0.1,2025,2160,219,0,5.7729,80.0,3,6,2,3,0,0.0,0,1804,0.6086,2,0,1,1666,1266
can_tho,severe,Reactive+blindARQ,0,80.0,narrow,0.1,2025,2160,221,0,6.1128,80.0,2,4,2,2,0,0.0,0,1861,0.0,1,0,0,1664,1245
can_tho,severe,Reactive+blindARQ,1,80.0,narrow,0.1,2025,2160,221,0,6.1213,80.0,2,2,2,0,0,0.0,0,1864,0.0,1,0,0,1664,1243
can_tho,severe,Reactive+blindARQ,2,80.0,narrow,0.1,2025,2160,221,0,6.1213,80.0,2,2,2,0,0,0.0,0,1857,0.4303,1,0,0,1664,1243
can_tho,severe,Reactive+blindARQ,3,80.0,narrow,0.1,2025,2160,220,0,6.1026,80.0,2,10,2,8,0,0.0,0,1824,1.6498,1,0,0,1664,1251
can_tho,severe,Reactive+blindARQ,4,80.0,narrow,0.1,2025,2160,221,0,6.1128,80.0,2,6,2,4,0,0.0,0,1831,0.8849,1,0,0,1664,1247
can_tho,severe,Reactive+blindARQ,5,80.0,narrow,0.1,2025,2160,221,0,6.1213,80.0,2,2,2,0,0,0.0,0,1826,0.6086,1,0,0,1664,1243
can_tho,severe,Reactive+blindARQ,6,80.0,narrow,0.1,2025,2160,220,0,6.0929,80.0,2,9,2,7,1,20.0,0,1835,1.8224,1,0,0,1664,1250
can_tho,severe,Reactive+blindARQ,7,80.0,narrow,0.1,2025,2160,220,0,6.104,80.0,2,7,2,5,1,20.0,0,1839,1.252,1,0,0,1664,1248
can_tho,severe,Reactive+blindARQ,8,80.0,narrow,0.1,2025,2160,221,0,6.1213,80.0,2,6,2,4,0,0.0,0,1831,0.4303,1,0,0,1664,1247
can_tho,severe,Reactive+blindARQ,9,80.0,narrow,0.1,2025,2160,220,0,6.0815,80.0,2,11,2,9,0,0.0,0,1804,1.2909,1,0,0,1664,1252
can_tho,severe,FixedSchedule,0,80.0,narrow,0.1,2025,2160,441,0,23.7718,80.0,2,9,2,7,0,0.0,0,1861,0.0031,1,0,0,1860,1419
can_tho,severe,FixedSchedule,1,80.0,narrow,0.1,2025,2160,442,0,23.7963,80.0,2,3,2,1,0,0.0,0,1864,0.0,1,0,0,1860,1418
can_tho,severe,FixedSchedule,2,80.0,narrow,0.1,2025,2160,442,0,23.79,80.0,2,4,2,2,0,0.0,0,1857,4.3341,1,0,0,1860,1418
can_tho,severe,FixedSchedule,3,80.0,narrow,0.1,2025,2160,442,0,23.7798,80.0,2,11,2,9,0,0.0,0,1824,6.2962,1,0,0,1860,1423
can_tho,severe,FixedSchedule,4,80.0,narrow,0.1,2025,2160,442,0,23.7824,80.0,2,7,2,5,0,0.0,0,1831,0.0,1,0,0,1860,1419
can_tho,severe,FixedSchedule,5,80.0,narrow,0.1,2025,2160,441,0,23.7524,80.0,2,9,2,7,0,0.0,0,1826,4.3403,1,0,0,1860,1416
can_tho,severe,FixedSchedule,6,80.0,narrow,0.1,2025,2160,442,0,23.7976,80.0,2,9,2,7,0,0.0,0,1835,6.3633,1,0,0,1860,1426
can_tho,severe,FixedSchedule,7,80.0,narrow,0.1,2025,2160,438,0,23.1251,80.0,2,18,2,16,0,0.0,0,1839,5.8514,1,0,0,1858,1391
can_tho,severe,FixedSchedule,8,80.0,narrow,0.1,2025,2160,441,0,23.7675,80.0,2,8,2,6,0,0.0,0,1831,0.0041,1,0,0,1860,1416
can_tho,severe,FixedSchedule,9,80.0,narrow,0.1,2025,2160,438,0,23.1284,80.0,2,13,2,11,0,0.0,0,1804,4.4464,1,0,0,1858,1386
can_tho,severe,Oracle,0,80.0,narrow,0.1,2025,2160,0,0,0.0,80.0,4,28,4,24,0,0.0,0,1861,2.3932,5,4,0,1894,1481
can_tho,severe,Oracle,1,80.0,narrow,0.1,2025,2160,0,0,0.0,80.0,4,15,4,11,0,0.0,0,1864,0.6086,5,4,0,1884,1481
can_tho,severe,Oracle,2,80.0,narrow,0.1,2025,2160,0,0,0.0,80.0,4,6,4,2,1,20.0,0,1857,0.6086,5,4,0,1875,1481
can_tho,severe,Oracle,3,80.0,narrow,0.1,2025,2160,0,0,0.0,80.0,4,5,4,1,2,40.0,0,1824,0.7451,5,4,0,1874,1481
can_tho,severe,Oracle,4,80.0,narrow,0.1,2025,2160,0,0,0.0,80.0,4,9,4,5,0,0.0,0,1831,0.4303,5,4,0,1878,1481
can_tho,severe,Oracle,5,80.0,narrow,0.1,2025,2160,0,0,0.0,80.0,4,14,4,10,0,0.0,0,1826,0.9623,5,4,0,1881,1481
can_tho,severe,Oracle,6,80.0,narrow,0.1,2025,2160,0,0,0.0,80.0,4,20,4,16,1,20.0,0,1835,1.4903,5,4,0,1879,1481
can_tho,severe,Oracle,7,80.0,narrow,0.1,2025,2160,0,0,0.0,80.0,4,19,4,15,0,0.0,0,1839,1.2169,5,4,0,1885,1481
can_tho,severe,Oracle,8,80.0,narrow,0.1,2025,2160,0,0,0.0,80.0,4,29,4,25,0,0.0,0,1831,2.3494,5,4,0,1896,1481
can_tho,severe,Oracle,9,80.0,narrow,0.1,2025,2160,0,0,0.0,80.0,4,16,4,12,1,20.0,0,1804,1.2909,5,4,0,1884,1481
can_tho,severe,TwinGate+T2+centre,0,80.0,narrow,0.1,2025,2160,71,0,0.6069,80.0,6,12,4,6,0,0.0,84,1861,0.6086,5,0,4,1695,1376
can_tho,severe,TwinGate+T2+centre,1,80.0,narrow,0.1,2025,2160,73,0,0.7223,80.0,6,20,4,14,0,0.0,84,1864,0.8607,5,0,4,1658,1361
can_tho,severe,TwinGate+T2+centre,2,80.0,narrow,0.1,2025,2160,94,0,1.1423,80.0,3,6,4,3,2,40.0,87,1857,0.4303,4,0,3,1631,1256
can_tho,severe,TwinGate+T2+centre,3,80.0,narrow,0.1,2025,2160,178,0,5.9004,80.0,5,15,3,10,1,20.0,85,1824,1.054,3,1,1,1643,1218
can_tho,severe,TwinGate+T2+centre,4,80.0,narrow,0.1,2025,2160,74,0,0.8075,80.0,5,16,4,11,1,20.0,85,1831,0.7454,4,0,3,1662,1306
can_tho,severe,TwinGate+T2+centre,5,80.0,narrow,0.1,2025,2160,74,0,0.7526,80.0,5,12,4,7,1,20.0,85,1826,0.7454,5,0,4,1687,1343
can_tho,severe,TwinGate+T2+centre,6,80.0,narrow,0.1,2025,2160,267,0,8.684,80.0,2,8,4,6,3,60.0,88,1835,0.778,2,0,1,1752,1307
can_tho,severe,TwinGate+T2+centre,7,80.0,narrow,0.1,2025,2160,90,0,0.9643,80.0,4,15,4,11,1,20.0,86,1839,1.1385,4,0,3,1622,1303
can_tho,severe,TwinGate+T2+centre,8,80.0,narrow,0.1,2025,2160,75,0,0.8701,80.0,4,7,4,3,0,0.0,86,1831,0.4303,5,0,4,1666,1338
can_tho,severe,TwinGate+T2+centre,9,80.0,narrow,0.1,2025,2160,75,0,0.8702,80.0,4,10,4,6,1,20.0,86,1804,0.0,5,0,4,1669,1341
can_tho,severe,TwinGate+T2,0,160.0,awd,0.02,2025,2160,12,0,0.0854,100.0,9,29,5,20,0,0.0,81,1861,1.0539,6,5,0,1854,1390
can_tho,severe,TwinGate+T2,1,160.0,awd,0.02,2025,2160,0,0,0.0,100.0,6,16,5,10,1,20.0,84,1864,0.7454,5,4,0,1620,1304
can_tho,severe,TwinGate+T2,2,160.0,awd,0.02,2025,2160,0,0,0.0,100.0,5,17,5,12,0,0.0,85,1857,1.0541,6,5,0,1814,1424
can_tho,severe,TwinGate+T2,3,160.0,awd,0.02,2025,2160,0,0,0.0,140.0,5,15,7,10,4,80.0,85,1824,0.8607,5,5,0,693,923
can_tho,severe,TwinGate+T2,4,160.0,awd,0.02,2025,2160,0,0,0.0,100.0,7,20,5,13,0,0.0,83,1831,0.8607,6,5,0,1818,1411
can_tho,severe,TwinGate+T2,5,160.0,awd,0.02,2025,2160,0,0,0.0,140.0,5,17,7,12,2,40.0,85,1826,1.0541,5,5,0,799,977
can_tho,severe,TwinGate+T2,6,160.0,awd,0.02,2025,2160,0,0,0.0,100.0,5,15,5,10,1,20.0,85,1835,0.8607,6,5,0,1811,1424
can_tho,severe,TwinGate+T2,7,160.0,awd,0.02,2025,2160,0,0,0.0,100.0,7,22,5,15,1,20.0,83,1839,1.0538,5,4,0,1644,1278
can_tho,severe,TwinGate+T2,8,160.0,awd,0.02,2025,2160,0,0,0.0,120.0,6,12,6,6,1,20.0,84,1831,0.6086,6,5,0,1523,1153
can_tho,severe,TwinGate+T2,9,160.0,awd,0.02,2025,2160,0,0,0.0,100.0,6,14,5,8,1,20.0,84,1804,0.8606,5,4,0,1726,1347
can_tho,severe,TwinGate+blindARQ,0,160.0,awd,0.02,2025,2160,0,0,0.0,100.0,5,19,5,14,0,0.0,85,1861,1.2172,6,5,0,1819,1424
can_tho,severe,TwinGate+blindARQ,1,160.0,awd,0.02,2025,2160,0,0,0.0,120.0,5,20,6,15,1,20.0,85,1864,1.0541,6,5,0,1435,1197
can_tho,severe,TwinGate+blindARQ,2,160.0,awd,0.02,2025,2160,0,0,0.0,160.0,3,31,8,28,5,100.0,87,1857,1.2551,4,3,0,1400,979
can_tho,severe,TwinGate+blindARQ,3,160.0,awd,0.02,2025,2160,0,0,0.0,140.0,3,20,7,17,4,80.0,87,1824,1.7797,4,3,0,1398,983
can_tho,severe,TwinGate+blindARQ,4,160.0,awd,0.02,2025,2160,0,0,0.0,120.0,5,16,6,11,1,20.0,85,1831,1.1386,6,5,0,1690,1292
can_tho,severe,TwinGate+blindARQ,5,160.0,awd,0.02,2025,2160,0,0,0.0,140.0,4,17,7,13,3,60.0,86,1826,0.8129,5,4,0,1445,1041
can_tho,severe,TwinGate+blindARQ,6,160.0,awd,0.02,2025,2160,0,0,0.0,160.0,3,37,8,34,5,100.0,87,1835,1.7306,4,3,0,1378,944
can_tho,severe,TwinGate+blindARQ,7,160.0,awd,0.02,2025,2160,0,0,0.0,140.0,4,30,7,26,3,60.0,86,1839,2.0571,4,4,0,723,910
can_tho,severe,TwinGate+blindARQ,8,160.0,awd,0.02,2025,2160,0,0,0.0,120.0,5,16,6,11,1,20.0,85,1831,1.291,6,5,0,1523,1157
can_tho,severe,TwinGate+blindARQ,9,160.0,awd,0.02,2025,2160,0,0,0.0,120.0,5,20,6,15,1,20.0,85,1804,1.4272,6,5,0,1706,1293
can_tho,severe,Reactive+T2,0,160.0,awd,0.02,2025,2160,2,0,0.0057,160.0,4,9,3,5,0,0.0,0,1861,0.8518,2,0,1,1313,923
can_tho,severe,Reactive+T2,1,160.0,awd,0.02,2025,2160,2,0,0.0072,160.0,3,6,3,3,0,0.0,0,1864,0.0,1,0,0,1306,901
can_tho,severe,Reactive+T2,2,160.0,awd,0.02,2025,2160,2,0,0.0072,160.0,3,5,3,2,0,0.0,0,1857,1.2351,1,0,0,1306,900
can_tho,severe,Reactive+T2,3,160.0,awd,0.02,2025,2160,0,0,0.0,160.0,10,35,3,25,0,0.0,0,1824,3.0452,4,2,1,1325,916
can_tho,severe,Reactive+T2,4,160.0,awd,0.02,2025,2160,2,0,0.0073,160.0,3,8,3,5,0,0.0,0,1831,0.8849,1,0,0,1306,902
can_tho,severe,Reactive+T2,5,160.0,awd,0.02,2025,2160,2,0,0.0073,160.0,3,3,3,0,1,40.0,0,1826,1.2654,1,0,0,1306,898
can_tho,severe,Reactive+T2,6,160.0,awd,0.02,2025,2160,2,0,0.0073,160.0,4,10,3,6,2,100.0,0,1835,1.7549,2,0,1,1320,901
can_tho,severe,Reactive+T2,7,160.0,awd,0.02,2025,2160,0,0,0.0,160.0,7,23,3,16,0,0.0,0,1839,2.6632,3,0,2,1349,939
can_tho,severe,Reactive+T2,8,160.0,awd,0.02,2025,2160,0,0,0.0,160.0,6,15,3,9,0,0.0,0,1831,1.6188,3,0,2,1329,937
can_tho,severe,Reactive+T2,9,160.0,awd,0.02,2025,2160,2,0,0.0032,160.0,4,10,3,6,0,0.0,0,1804,1.2915,2,0,1,1301,941
can_tho,severe,Reactive+blindARQ,0,160.0,awd,0.02,2025,2160,2,0,0.0071,160.0,3,10,3,7,0,0.0,0,1861,1.2049,1,0,0,1305,905
can_tho,severe,Reactive+blindARQ,1,160.0,awd,0.02,2025,2160,2,0,0.0072,160.0,3,6,3,3,0,0.0,0,1864,0.0,1,0,0,1306,901
can_tho,severe,Reactive+blindARQ,2,160.0,awd,0.02,2025,2160,2,0,0.0072,160.0,3,5,3,2,0,0.0,0,1857,1.2351,1,0,0,1306,900
can_tho,severe,Reactive+blindARQ,3,160.0,awd,0.02,2025,2160,2,0,0.0071,160.0,3,17,3,14,0,0.0,0,1824,2.4753,1,0,0,1305,912
can_tho,severe,Reactive+blindARQ,4,160.0,awd,0.02,2025,2160,97,0,1.5147,160.0,2,12,3,10,1,60.0,0,1831,0.885,1,0,0,1571,1169
can_tho,severe,Reactive+blindARQ,5,160.0,awd,0.02,2025,2160,2,0,0.0073,160.0,3,3,3,0,1,40.0,0,1826,1.2654,1,0,0,1306,898
can_tho,severe,Reactive+blindARQ,6,160.0,awd,0.02,2025,2160,96,0,1.432,160.0,2,13,3,11,2,100.0,0,1835,1.969,1,0,0,1568,1151
can_tho,severe,Reactive+blindARQ,7,160.0,awd,0.02,2025,2160,97,0,1.4934,160.0,2,11,3,9,1,60.0,0,1839,1.5193,1,0,0,1570,1157
can_tho,severe,Reactive+blindARQ,8,160.0,awd,0.02,2025,2160,2,0,0.0073,160.0,3,7,3,4,0,0.0,0,1831,0.8948,1,0,0,1306,902
can_tho,severe,Reactive+blindARQ,9,160.0,awd,0.02,2025,2160,2,0,0.0073,160.0,3,12,3,9,1,40.0,0,1804,2.1856,1,0,0,1306,906
can_tho,severe,FixedSchedule,0,160.0,awd,0.02,2025,2160,215,0,4.8661,160.0,3,13,3,10,0,0.0,0,1861,1.3461,1,0,0,1644,1192
can_tho,severe,FixedSchedule,1,160.0,awd,0.02,2025,2160,215,0,4.8656,160.0,3,5,3,2,0,0.0,0,1864,10.171,1,0,0,1644,1187
can_tho,severe,FixedSchedule,2,160.0,awd,0.02,2025,2160,212,0,4.7011,160.0,3,14,3,11,1,40.0,0,1857,10.3231,1,0,0,1643,1185
can_tho,severe,FixedSchedule,3,160.0,awd,0.02,2025,2160,357,0,14.6593,160.0,3,12,3,9,0,0.0,0,1824,4.7135,1,0,0,1765,1296
can_tho,severe,FixedSchedule,4,160.0,awd,0.02,2025,2160,360,0,15.1209,160.0,2,9,3,7,1,60.0,0,1831,0.0003,1,0,0,1783,1332
can_tho,severe,FixedSchedule,5,160.0,awd,0.02,2025,2160,357,0,14.6881,160.0,3,10,3,7,1,40.0,0,1826,4.5784,1,0,0,1766,1296
can_tho,severe,FixedSchedule,6,160.0,awd,0.02,2025,2160,360,0,15.139,160.0,2,10,3,8,1,60.0,0,1835,1.7956,1,0,0,1783,1337
can_tho,severe,FixedSchedule,7,160.0,awd,0.02,2025,2160,357,0,14.6615,160.0,2,19,3,17,1,60.0,0,1839,1.1821,1,0,0,1765,1314
can_tho,severe,FixedSchedule,8,160.0,awd,0.02,2025,2160,215,0,4.8661,160.0,3,10,3,7,0,0.0,0,1831,0.0041,1,0,0,1644,1188
can_tho,severe,FixedSchedule,9,160.0,awd,0.02,2025,2160,357,0,14.6881,160.0,3,14,3,11,1,40.0,0,1804,4.2539,1,0,0,1766,1296
can_tho,severe,Oracle,0,160.0,awd,0.02,2025,2160,0,0,0.0,120.0,6,36,6,30,0,0.0,0,1861,2.5066,6,6,0,1338,1339
can_tho,severe,Oracle,1,160.0,awd,0.02,2025,2160,0,0,0.0,120.0,6,27,6,21,0,0.0,0,1864,1.3929,6,6,0,1332,1340
can_tho,severe,Oracle,2,160.0,awd,0.02,2025,2160,0,0,0.0,120.0,6,8,6,2,2,40.0,0,1857,0.8607,6,6,0,1313,1340
can_tho,severe,Oracle,3,160.0,awd,0.02,2025,2160,0,0,0.0,120.0,6,7,6,1,3,60.0,0,1824,0.962,6,6,0,1312,1340
can_tho,severe,Oracle,4,160.0,awd,0.02,2025,2160,0,0,0.0,120.0,6,12,6,6,0,0.0,0,1831,0.4303,6,6,0,1317,1340
can_tho,severe,Oracle,5,160.0,awd,0.02,2025,2160,0,0,0.0,120.0,6,17,6,11,0,0.0,0,1826,1.1386,6,6,0,1320,1340
can_tho,severe,Oracle,6,160.0,awd,0.02,2025,2160,0,0,0.0,120.0,6,24,6,18,1,20.0,0,1835,1.5512,6,6,0,1319,1340
can_tho,severe,Oracle,7,160.0,awd,0.02,2025,2160,0,0,0.0,120.0,6,22,6,16,0,0.0,0,1839,1.2908,6,6,0,1324,1340
can_tho,severe,Oracle,8,160.0,awd,0.02,2025,2160,0,0,0.0,120.0,6,36,6,30,1,20.0,0,1831,2.427,6,6,0,1339,1339
can_tho,severe,Oracle,9,160.0,awd,0.02,2025,2160,0,0,0.0,120.0,6,19,6,13,1,20.0,0,1804,1.2909,6,6,0,1323,1339
can_tho,severe,TwinGate+T2+centre,0,160.0,awd,0.02,2025,2160,0,0,0.0,160.0,11,27,8,16,0,0.0,79,1861,1.054,5,0,4,1076,840
can_tho,severe,TwinGate+T2+centre,1,160.0,awd,0.02,2025,2160,0,0,0.0,160.0,8,19,8,11,0,0.0,82,1864,0.6086,4,0,3,1002,791
can_tho,severe,TwinGate+T2+centre,2,160.0,awd,0.02,2025,2160,0,0,0.0,160.0,4,12,8,8,4,80.0,86,1857,0.8607,2,0,1,1244,870
can_tho,severe,TwinGate+T2+centre,3,160.0,awd,0.02,2025,2160,0,0,0.0,160.0,13,40,8,27,3,60.0,77,1824,1.5515,7,1,5,1102,803
can_tho,severe,TwinGate+T2+centre,4,160.0,awd,0.02,2025,2160,0,0,0.0,160.0,9,24,8,15,1,20.0,81,1831,1.0541,4,0,3,1027,793
can_tho,severe,TwinGate+T2+centre,5,160.0,awd,0.02,2025,2160,0,0,0.0,160.0,7,17,8,10,2,40.0,83,1826,0.9624,3,0,2,1017,755
can_tho,severe,TwinGate+T2+centre,6,160.0,awd,0.02,2025,2160,0,0,0.0,160.0,8,26,8,18,3,60.0,82,1835,1.1386,4,0,3,1067,808
can_tho,severe,TwinGate+T2+centre,7,160.0,awd,0.02,2025,2160,0,0,0.0,160.0,10,35,8,25,2,40.0,80,1839,1.4272,4,0,3,1066,847
can_tho,severe,TwinGate+T2+centre,8,160.0,awd,0.02,2025,2160,0,0,0.0,160.0,14,37,8,23,0,0.0,76,1831,1.3606,6,1,4,1103,835
can_tho,severe,TwinGate+T2+centre,9,160.0,awd,0.02,2025,2160,0,0,0.0,160.0,10,28,8,18,0,0.0,80,1804,1.2172,6,0,5,1094,882
can_tho,severe,TwinGate+T2,0,160.0,mid,0.05,2025,2160,0,0,0.0,160.0,11,27,8,16,0,0.0,79,1861,0.9621,8,4,4,793,1070
can_tho,severe,TwinGate+T2,1,160.0,mid,0.05,2025,2160,0,0,0.0,160.0,7,11,8,4,1,20.0,83,1864,0.4303,8,1,6,1178,928
can_tho,severe,TwinGate+T2,2,160.0,mid,0.05,2025,2160,0,0,0.0,160.0,4,14,8,10,4,80.0,86,1857,0.9126,5,0,4,1425,1067
can_tho,severe,TwinGate+T2,3,160.0,mid,0.05,2025,2160,0,0,0.0,140.0,11,38,7,27,2,40.0,79,1824,1.4907,7,3,3,1468,1130
can_tho,severe,TwinGate+T2,4,160.0,mid,0.05,2025,2160,0,0,0.0,160.0,7,17,8,10,2,40.0,83,1831,0.7454,7,1,5,1167,896
can_tho,severe,TwinGate+T2,5,160.0,mid,0.05,2025,2160,0,0,0.0,160.0,7,20,8,13,2,40.0,83,1826,1.2171,7,2,4,1390,1110
can_tho,severe,TwinGate+T2,6,160.0,mid,0.05,2025,2160,0,0,0.0,160.0,7,22,8,15,4,80.0,83,1835,1.1602,5,3,1,1427,1055
can_tho,severe,TwinGate+T2,7,160.0,mid,0.05,2025,2160,0,0,0.0,160.0,10,29,8,19,1,20.0,80,1839,1.4906,8,2,5,1113,816
can_tho,severe,TwinGate+T2,8,160.0,mid,0.05,2025,2160,0,0,0.0,160.0,12,35,8,23,1,20.0,78,1831,1.3604,7,3,4,703,960
can_tho,severe,TwinGate+T2,9,160.0,mid,0.05,2025,2160,0,0,0.0,160.0,8,22,8,14,0,0.0,82,1804,0.8607,9,1,7,1193,927
can_tho,severe,TwinGate+blindARQ,0,160.0,mid,0.05,2025,2160,0,0,0.0,160.0,8,48,8,40,0,0.0,82,1861,3.0266,9,1,7,1159,874
can_tho,severe,TwinGate+blindARQ,1,160.0,mid,0.05,2025,2160,0,0,0.0,160.0,7,11,8,4,1,20.0,83,1864,0.4303,8,1,6,1178,928
can_tho,severe,TwinGate+blindARQ,2,160.0,mid,0.05,2025,2160,0,0,0.0,160.0,3,17,8,14,5,100.0,87,1857,0.9301,4,0,3,1425,1058
can_tho,severe,TwinGate+blindARQ,3,160.0,mid,0.05,2025,2160,0,0,0.0,160.0,4,25,8,21,4,80.0,86,1824,1.65,5,0,4,1303,973
can_tho,severe,TwinGate+blindARQ,4,160.0,mid,0.05,2025,2160,0,0,0.0,160.0,6,16,8,10,2,40.0,84,1831,0.6086,7,1,5,1149,937
can_tho,severe,TwinGate+blindARQ,5,160.0,mid,0.05,2025,2160,0,0,0.0,160.0,5,15,8,10,3,60.0,85,1826,1.1709,6,1,4,1308,973
can_tho,severe,TwinGate+blindARQ,6,160.0,mid,0.05,2025,2160,0,0,0.0,160.0,3,26,8,23,5,100.0,87,1835,1.7508,4,0,3,1425,1042
can_tho,severe,TwinGate+blindARQ,7,160.0,mid,0.05,2025,2160,0,0,0.0,160.0,5,33,8,28,3,60.0,85,1839,2.4628,6,2,3,1306,923
can_tho,severe,TwinGate+blindARQ,8,160.0,mid,0.05,2025,2160,0,0,0.0,160.0,7,36,8,29,1,20.0,83,1831,2.3896,8,2,5,1184,869
can_tho,severe,TwinGate+blindARQ,9,160.0,mid,0.05,2025,2160,0,0,0.0,160.0,6,18,8,12,2,40.0,84,1804,0.9623,7,1,5,1151,915
can_tho,severe,Reactive+T2,0,160.0,mid,0.05,2025,2160,2,0,0.0057,160.0,4,9,3,5,0,0.0,0,1861,0.8518,2,0,1,1313,923
can_tho,severe,Reactive+T2,1,160.0,mid,0.05,2025,2160,2,0,0.0072,160.0,3,6,3,3,0,0.0,0,1864,0.0,1,0,0,1306,901
can_tho,severe,Reactive+T2,2,160.0,mid,0.05,2025,2160,2,0,0.0072,160.0,3,5,3,2,0,0.0,0,1857,1.2351,1,0,0,1306,900
can_tho,severe,Reactive+T2,3,160.0,mid,0.05,2025,2160,0,0,0.0,160.0,10,35,3,25,0,0.0,0,1824,3.0452,4,2,1,1325,916
can_tho,severe,Reactive+T2,4,160.0,mid,0.05,2025,2160,2,0,0.0073,160.0,3,8,3,5,0,0.0,0,1831,0.8849,1,0,0,1306,902
can_tho,severe,Reactive+T2,5,160.0,mid,0.05,2025,2160,2,0,0.0073,160.0,3,3,3,0,1,40.0,0,1826,1.2654,1,0,0,1306,898
can_tho,severe,Reactive+T2,6,160.0,mid,0.05,2025,2160,2,0,0.0073,160.0,4,10,3,6,2,100.0,0,1835,1.7549,2,0,1,1320,901
can_tho,severe,Reactive+T2,7,160.0,mid,0.05,2025,2160,0,0,0.0,160.0,7,23,3,16,0,0.0,0,1839,2.6632,3,0,2,1349,939
can_tho,severe,Reactive+T2,8,160.0,mid,0.05,2025,2160,0,0,0.0,160.0,6,15,3,9,0,0.0,0,1831,1.6188,3,0,2,1329,937
can_tho,severe,Reactive+T2,9,160.0,mid,0.05,2025,2160,2,0,0.0032,160.0,4,10,3,6,0,0.0,0,1804,1.2915,2,0,1,1301,941
can_tho,severe,Reactive+blindARQ,0,160.0,mid,0.05,2025,2160,2,0,0.0071,160.0,3,10,3,7,0,0.0,0,1861,1.2049,1,0,0,1305,905
can_tho,severe,Reactive+blindARQ,1,160.0,mid,0.05,2025,2160,2,0,0.0072,160.0,3,6,3,3,0,0.0,0,1864,0.0,1,0,0,1306,901
can_tho,severe,Reactive+blindARQ,2,160.0,mid,0.05,2025,2160,2,0,0.0072,160.0,3,5,3,2,0,0.0,0,1857,1.2351,1,0,0,1306,900
can_tho,severe,Reactive+blindARQ,3,160.0,mid,0.05,2025,2160,2,0,0.0071,160.0,3,17,3,14,0,0.0,0,1824,2.4753,1,0,0,1305,912
can_tho,severe,Reactive+blindARQ,4,160.0,mid,0.05,2025,2160,97,0,1.5147,160.0,2,12,3,10,1,60.0,0,1831,0.885,1,0,0,1571,1169
can_tho,severe,Reactive+blindARQ,5,160.0,mid,0.05,2025,2160,2,0,0.0073,160.0,3,3,3,0,1,40.0,0,1826,1.2654,1,0,0,1306,898
can_tho,severe,Reactive+blindARQ,6,160.0,mid,0.05,2025,2160,96,0,1.432,160.0,2,13,3,11,2,100.0,0,1835,1.969,1,0,0,1568,1151
can_tho,severe,Reactive+blindARQ,7,160.0,mid,0.05,2025,2160,97,0,1.4934,160.0,2,11,3,9,1,60.0,0,1839,1.5193,1,0,0,1570,1157
can_tho,severe,Reactive+blindARQ,8,160.0,mid,0.05,2025,2160,2,0,0.0073,160.0,3,7,3,4,0,0.0,0,1831,0.8948,1,0,0,1306,902
can_tho,severe,Reactive+blindARQ,9,160.0,mid,0.05,2025,2160,2,0,0.0073,160.0,3,12,3,9,1,40.0,0,1804,2.1856,1,0,0,1306,906
can_tho,severe,FixedSchedule,0,160.0,mid,0.05,2025,2160,215,0,4.8661,160.0,3,13,3,10,0,0.0,0,1861,1.3461,1,0,0,1644,1192
can_tho,severe,FixedSchedule,1,160.0,mid,0.05,2025,2160,215,0,4.8656,160.0,3,5,3,2,0,0.0,0,1864,10.171,1,0,0,1644,1187
can_tho,severe,FixedSchedule,2,160.0,mid,0.05,2025,2160,212,0,4.7011,160.0,3,14,3,11,1,40.0,0,1857,10.3231,1,0,0,1643,1185
can_tho,severe,FixedSchedule,3,160.0,mid,0.05,2025,2160,357,0,14.6593,160.0,3,12,3,9,0,0.0,0,1824,4.7135,1,0,0,1765,1296
can_tho,severe,FixedSchedule,4,160.0,mid,0.05,2025,2160,360,0,15.1209,160.0,2,9,3,7,1,60.0,0,1831,0.0003,1,0,0,1783,1332
can_tho,severe,FixedSchedule,5,160.0,mid,0.05,2025,2160,357,0,14.6881,160.0,3,10,3,7,1,40.0,0,1826,4.5784,1,0,0,1766,1296
can_tho,severe,FixedSchedule,6,160.0,mid,0.05,2025,2160,360,0,15.139,160.0,2,10,3,8,1,60.0,0,1835,1.7956,1,0,0,1783,1337
can_tho,severe,FixedSchedule,7,160.0,mid,0.05,2025,2160,357,0,14.6615,160.0,2,19,3,17,1,60.0,0,1839,1.1821,1,0,0,1765,1314
can_tho,severe,FixedSchedule,8,160.0,mid,0.05,2025,2160,215,0,4.8661,160.0,3,10,3,7,0,0.0,0,1831,0.0041,1,0,0,1644,1188
can_tho,severe,FixedSchedule,9,160.0,mid,0.05,2025,2160,357,0,14.6881,160.0,3,14,3,11,1,40.0,0,1804,4.2539,1,0,0,1766,1296
can_tho,severe,Oracle,0,160.0,mid,0.05,2025,2160,0,0,0.0,120.0,6,36,6,30,0,0.0,0,1861,2.5066,6,6,0,1338,1339
can_tho,severe,Oracle,1,160.0,mid,0.05,2025,2160,0,0,0.0,120.0,6,27,6,21,0,0.0,0,1864,1.3929,6,6,0,1332,1340
can_tho,severe,Oracle,2,160.0,mid,0.05,2025,2160,0,0,0.0,120.0,6,8,6,2,2,40.0,0,1857,0.8607,6,6,0,1313,1340
can_tho,severe,Oracle,3,160.0,mid,0.05,2025,2160,0,0,0.0,120.0,6,7,6,1,3,60.0,0,1824,0.962,6,6,0,1312,1340
can_tho,severe,Oracle,4,160.0,mid,0.05,2025,2160,0,0,0.0,120.0,6,12,6,6,0,0.0,0,1831,0.4303,6,6,0,1317,1340
can_tho,severe,Oracle,5,160.0,mid,0.05,2025,2160,0,0,0.0,120.0,6,17,6,11,0,0.0,0,1826,1.1386,6,6,0,1320,1340
can_tho,severe,Oracle,6,160.0,mid,0.05,2025,2160,0,0,0.0,120.0,6,24,6,18,1,20.0,0,1835,1.5512,6,6,0,1319,1340
can_tho,severe,Oracle,7,160.0,mid,0.05,2025,2160,0,0,0.0,120.0,6,22,6,16,0,0.0,0,1839,1.2908,6,6,0,1324,1340
can_tho,severe,Oracle,8,160.0,mid,0.05,2025,2160,0,0,0.0,120.0,6,36,6,30,1,20.0,0,1831,2.427,6,6,0,1339,1339
can_tho,severe,Oracle,9,160.0,mid,0.05,2025,2160,0,0,0.0,120.0,6,19,6,13,1,20.0,0,1804,1.2909,6,6,0,1323,1339
can_tho,severe,TwinGate+T2+centre,0,160.0,mid,0.05,2025,2160,0,0,0.0,160.0,11,27,8,16,0,0.0,79,1861,1.054,5,0,4,1076,840
can_tho,severe,TwinGate+T2+centre,1,160.0,mid,0.05,2025,2160,0,0,0.0,160.0,8,19,8,11,0,0.0,82,1864,0.6086,4,0,3,1002,791
can_tho,severe,TwinGate+T2+centre,2,160.0,mid,0.05,2025,2160,0,0,0.0,160.0,4,12,8,8,4,80.0,86,1857,0.8607,2,0,1,1244,870
can_tho,severe,TwinGate+T2+centre,3,160.0,mid,0.05,2025,2160,0,0,0.0,160.0,13,40,8,27,3,60.0,77,1824,1.5515,7,1,5,1102,803
can_tho,severe,TwinGate+T2+centre,4,160.0,mid,0.05,2025,2160,0,0,0.0,160.0,9,24,8,15,1,20.0,81,1831,1.0541,4,0,3,1027,793
can_tho,severe,TwinGate+T2+centre,5,160.0,mid,0.05,2025,2160,0,0,0.0,160.0,7,17,8,10,2,40.0,83,1826,0.9624,3,0,2,1017,755
can_tho,severe,TwinGate+T2+centre,6,160.0,mid,0.05,2025,2160,0,0,0.0,160.0,8,26,8,18,3,60.0,82,1835,1.1386,4,0,3,1067,808
can_tho,severe,TwinGate+T2+centre,7,160.0,mid,0.05,2025,2160,0,0,0.0,160.0,10,35,8,25,2,40.0,80,1839,1.4272,4,0,3,1066,847
can_tho,severe,TwinGate+T2+centre,8,160.0,mid,0.05,2025,2160,0,0,0.0,160.0,14,37,8,23,0,0.0,76,1831,1.3606,6,1,4,1103,835
can_tho,severe,TwinGate+T2+centre,9,160.0,mid,0.05,2025,2160,0,0,0.0,160.0,10,28,8,18,0,0.0,80,1804,1.2172,6,0,5,1094,882
can_tho,severe,TwinGate+T2,0,160.0,narrow,0.1,2025,2160,0,0,0.0,160.0,12,30,8,18,0,0.0,78,1861,0.8607,9,1,7,1129,1030
can_tho,severe,TwinGate+T2,1,160.0,narrow,0.1,2025,2160,0,0,0.0,160.0,10,30,8,20,0,0.0,80,1864,0.8607,9,1,7,1208,1016
can_tho,severe,TwinGate+T2,2,160.0,narrow,0.1,2025,2160,0,0,0.0,160.0,6,18,8,12,3,60.0,84,1857,0.8607,7,1,5,1232,868
can_tho,severe,TwinGate+T2,3,160.0,narrow,0.1,2025,2160,178,0,5.9004,160.0,7,23,7,16,3,60.0,83,1824,1.1385,4,3,1,638,765
can_tho,severe,TwinGate+T2,4,160.0,narrow,0.1,2025,2160,0,0,0.0,160.0,9,27,8,18,1,20.0,81,1831,0.9623,8,1,6,1236,938
can_tho,severe,TwinGate+T2,5,160.0,narrow,0.1,2025,2160,0,0,0.0,160.0,7,16,8,9,3,60.0,83,1826,1.0541,7,1,5,1261,1026
can_tho,severe,TwinGate+T2,6,160.0,narrow,0.1,2025,2160,0,0,0.0,160.0,8,26,8,18,4,80.0,82,1835,1.379,6,1,4,1362,1041
can_tho,severe,TwinGate+T2,7,160.0,narrow,0.1,2025,2160,0,0,0.0,160.0,8,23,8,15,2,40.0,82,1839,1.3608,7,1,5,1206,932
can_tho,severe,TwinGate+T2,8,160.0,narrow,0.1,2025,2160,0,0,0.0,160.0,9,25,8,16,1,20.0,81,1831,0.7454,9,2,6,1308,1039
can_tho,severe,TwinGate+T2,9,160.0,narrow,0.1,2025,2160,0,0,0.0,160.0,8,20,8,12,2,40.0,82,1804,0.6086,8,2,5,1308,982
can_tho,severe,TwinGate+blindARQ,0,160.0,narrow,0.1,2025,2160,0,0,0.0,160.0,8,17,8,9,0,0.0,82,1861,0.6086,9,1,7,1255,976
can_tho,severe,TwinGate+blindARQ,1,160.0,narrow,0.1,2025,2160,0,0,0.0,160.0,7,29,8,22,1,20.0,83,1864,1.291,8,1,6,1275,943
can_tho,severe,TwinGate+blindARQ,2,160.0,narrow,0.1,2025,2160,2,0,0.0037,160.0,3,23,8,20,5,100.0,87,1857,0.9338,4,0,3,1395,1017
can_tho,severe,TwinGate+blindARQ,3,160.0,narrow,0.1,2025,2160,0,0,0.0,160.0,4,36,8,32,4,80.0,86,1824,1.7283,5,0,4,1274,957
can_tho,severe,TwinGate+blindARQ,4,160.0,narrow,0.1,2025,2160,0,0,0.0,160.0,6,28,8,22,2,40.0,84,1831,1.3607,7,1,5,1253,909
can_tho,severe,TwinGate+blindARQ,5,160.0,narrow,0.1,2025,2160,0,0,0.0,160.0,5,32,8,27,3,60.0,85,1826,1.7831,6,1,4,1210,930
can_tho,severe,TwinGate+blindARQ,6,160.0,narrow,0.1,2025,2160,2,0,0.0051,160.0,3,29,8,26,5,100.0,87,1835,1.3383,4,0,3,1378,1020
can_tho,severe,TwinGate+blindARQ,7,160.0,narrow,0.1,2025,2160,0,0,0.0,160.0,5,50,8,45,3,60.0,85,1839,2.7545,6,1,4,1237,930
can_tho,severe,TwinGate+blindARQ,8,160.0,narrow,0.1,2025,2160,0,0,0.0,160.0,7,24,8,17,1,20.0,83,1831,0.9823,8,1,6,1272,935
can_tho,severe,TwinGate+blindARQ,9,160.0,narrow,0.1,2025,2160,0,0,0.0,160.0,6,19,8,13,2,40.0,84,1804,0.8607,7,1,5,1236,872
can_tho,severe,Reactive+T2,0,160.0,narrow,0.1,2025,2160,2,0,0.0057,160.0,4,9,3,5,0,0.0,0,1861,0.8518,2,0,1,1313,923
can_tho,severe,Reactive+T2,1,160.0,narrow,0.1,2025,2160,2,0,0.0072,160.0,3,6,3,3,0,0.0,0,1864,0.0,1,0,0,1306,901
can_tho,severe,Reactive+T2,2,160.0,narrow,0.1,2025,2160,2,0,0.0072,160.0,3,5,3,2,0,0.0,0,1857,1.2351,1,0,0,1306,900
can_tho,severe,Reactive+T2,3,160.0,narrow,0.1,2025,2160,0,0,0.0,160.0,10,35,3,25,0,0.0,0,1824,3.0452,4,2,1,1325,916
can_tho,severe,Reactive+T2,4,160.0,narrow,0.1,2025,2160,2,0,0.0073,160.0,3,8,3,5,0,0.0,0,1831,0.8849,1,0,0,1306,902
can_tho,severe,Reactive+T2,5,160.0,narrow,0.1,2025,2160,2,0,0.0073,160.0,3,3,3,0,1,40.0,0,1826,1.2654,1,0,0,1306,898
can_tho,severe,Reactive+T2,6,160.0,narrow,0.1,2025,2160,2,0,0.0073,160.0,4,10,3,6,2,100.0,0,1835,1.7549,2,0,1,1320,901
can_tho,severe,Reactive+T2,7,160.0,narrow,0.1,2025,2160,0,0,0.0,160.0,7,23,3,16,0,0.0,0,1839,2.6632,3,0,2,1349,939
can_tho,severe,Reactive+T2,8,160.0,narrow,0.1,2025,2160,0,0,0.0,160.0,6,15,3,9,0,0.0,0,1831,1.6188,3,0,2,1329,937
can_tho,severe,Reactive+T2,9,160.0,narrow,0.1,2025,2160,2,0,0.0032,160.0,4,10,3,6,0,0.0,0,1804,1.2915,2,0,1,1301,941
can_tho,severe,Reactive+blindARQ,0,160.0,narrow,0.1,2025,2160,2,0,0.0071,160.0,3,10,3,7,0,0.0,0,1861,1.2049,1,0,0,1305,905
can_tho,severe,Reactive+blindARQ,1,160.0,narrow,0.1,2025,2160,2,0,0.0072,160.0,3,6,3,3,0,0.0,0,1864,0.0,1,0,0,1306,901
can_tho,severe,Reactive+blindARQ,2,160.0,narrow,0.1,2025,2160,2,0,0.0072,160.0,3,5,3,2,0,0.0,0,1857,1.2351,1,0,0,1306,900
can_tho,severe,Reactive+blindARQ,3,160.0,narrow,0.1,2025,2160,2,0,0.0071,160.0,3,17,3,14,0,0.0,0,1824,2.4753,1,0,0,1305,912
can_tho,severe,Reactive+blindARQ,4,160.0,narrow,0.1,2025,2160,97,0,1.5147,160.0,2,12,3,10,1,60.0,0,1831,0.885,1,0,0,1571,1169
can_tho,severe,Reactive+blindARQ,5,160.0,narrow,0.1,2025,2160,2,0,0.0073,160.0,3,3,3,0,1,40.0,0,1826,1.2654,1,0,0,1306,898
can_tho,severe,Reactive+blindARQ,6,160.0,narrow,0.1,2025,2160,96,0,1.432,160.0,2,13,3,11,2,100.0,0,1835,1.969,1,0,0,1568,1151
can_tho,severe,Reactive+blindARQ,7,160.0,narrow,0.1,2025,2160,97,0,1.4934,160.0,2,11,3,9,1,60.0,0,1839,1.5193,1,0,0,1570,1157
can_tho,severe,Reactive+blindARQ,8,160.0,narrow,0.1,2025,2160,2,0,0.0073,160.0,3,7,3,4,0,0.0,0,1831,0.8948,1,0,0,1306,902
can_tho,severe,Reactive+blindARQ,9,160.0,narrow,0.1,2025,2160,2,0,0.0073,160.0,3,12,3,9,1,40.0,0,1804,2.1856,1,0,0,1306,906
can_tho,severe,FixedSchedule,0,160.0,narrow,0.1,2025,2160,215,0,4.8661,160.0,3,13,3,10,0,0.0,0,1861,1.3461,1,0,0,1644,1192
can_tho,severe,FixedSchedule,1,160.0,narrow,0.1,2025,2160,215,0,4.8656,160.0,3,5,3,2,0,0.0,0,1864,10.171,1,0,0,1644,1187
can_tho,severe,FixedSchedule,2,160.0,narrow,0.1,2025,2160,212,0,4.7011,160.0,3,14,3,11,1,40.0,0,1857,10.3231,1,0,0,1643,1185
can_tho,severe,FixedSchedule,3,160.0,narrow,0.1,2025,2160,357,0,14.6593,160.0,3,12,3,9,0,0.0,0,1824,4.7135,1,0,0,1765,1296
can_tho,severe,FixedSchedule,4,160.0,narrow,0.1,2025,2160,360,0,15.1209,160.0,2,9,3,7,1,60.0,0,1831,0.0003,1,0,0,1783,1332
can_tho,severe,FixedSchedule,5,160.0,narrow,0.1,2025,2160,357,0,14.6881,160.0,3,10,3,7,1,40.0,0,1826,4.5784,1,0,0,1766,1296
can_tho,severe,FixedSchedule,6,160.0,narrow,0.1,2025,2160,360,0,15.139,160.0,2,10,3,8,1,60.0,0,1835,1.7956,1,0,0,1783,1337
can_tho,severe,FixedSchedule,7,160.0,narrow,0.1,2025,2160,357,0,14.6615,160.0,2,19,3,17,1,60.0,0,1839,1.1821,1,0,0,1765,1314
can_tho,severe,FixedSchedule,8,160.0,narrow,0.1,2025,2160,215,0,4.8661,160.0,3,10,3,7,0,0.0,0,1831,0.0041,1,0,0,1644,1188
can_tho,severe,FixedSchedule,9,160.0,narrow,0.1,2025,2160,357,0,14.6881,160.0,3,14,3,11,1,40.0,0,1804,4.2539,1,0,0,1766,1296
can_tho,severe,Oracle,0,160.0,narrow,0.1,2025,2160,0,0,0.0,120.0,6,36,6,30,0,0.0,0,1861,2.5066,6,6,0,1338,1339
can_tho,severe,Oracle,1,160.0,narrow,0.1,2025,2160,0,0,0.0,120.0,6,27,6,21,0,0.0,0,1864,1.3929,6,6,0,1332,1340
can_tho,severe,Oracle,2,160.0,narrow,0.1,2025,2160,0,0,0.0,120.0,6,8,6,2,2,40.0,0,1857,0.8607,6,6,0,1313,1340
can_tho,severe,Oracle,3,160.0,narrow,0.1,2025,2160,0,0,0.0,120.0,6,7,6,1,3,60.0,0,1824,0.962,6,6,0,1312,1340
can_tho,severe,Oracle,4,160.0,narrow,0.1,2025,2160,0,0,0.0,120.0,6,12,6,6,0,0.0,0,1831,0.4303,6,6,0,1317,1340
can_tho,severe,Oracle,5,160.0,narrow,0.1,2025,2160,0,0,0.0,120.0,6,17,6,11,0,0.0,0,1826,1.1386,6,6,0,1320,1340
can_tho,severe,Oracle,6,160.0,narrow,0.1,2025,2160,0,0,0.0,120.0,6,24,6,18,1,20.0,0,1835,1.5512,6,6,0,1319,1340
can_tho,severe,Oracle,7,160.0,narrow,0.1,2025,2160,0,0,0.0,120.0,6,22,6,16,0,0.0,0,1839,1.2908,6,6,0,1324,1340
can_tho,severe,Oracle,8,160.0,narrow,0.1,2025,2160,0,0,0.0,120.0,6,36,6,30,1,20.0,0,1831,2.427,6,6,0,1339,1339
can_tho,severe,Oracle,9,160.0,narrow,0.1,2025,2160,0,0,0.0,120.0,6,19,6,13,1,20.0,0,1804,1.2909,6,6,0,1323,1339
can_tho,severe,TwinGate+T2+centre,0,160.0,narrow,0.1,2025,2160,0,0,0.0,160.0,12,30,8,18,0,0.0,78,1861,0.8607,9,1,7,1129,1030
can_tho,severe,TwinGate+T2+centre,1,160.0,narrow,0.1,2025,2160,0,0,0.0,160.0,10,30,8,20,0,0.0,80,1864,0.8607,9,1,7,1208,1016
can_tho,severe,TwinGate+T2+centre,2,160.0,narrow,0.1,2025,2160,0,0,0.0,160.0,6,18,8,12,3,60.0,84,1857,0.8607,7,1,5,1232,868
can_tho,severe,TwinGate+T2+centre,3,160.0,narrow,0.1,2025,2160,178,0,5.9004,160.0,7,23,7,16,3,60.0,83,1824,1.1385,4,3,1,638,765
can_tho,severe,TwinGate+T2+centre,4,160.0,narrow,0.1,2025,2160,0,0,0.0,160.0,9,27,8,18,1,20.0,81,1831,0.9623,8,1,6,1236,938
can_tho,severe,TwinGate+T2+centre,5,160.0,narrow,0.1,2025,2160,0,0,0.0,160.0,7,16,8,9,3,60.0,83,1826,1.0541,7,1,5,1261,1026
can_tho,severe,TwinGate+T2+centre,6,160.0,narrow,0.1,2025,2160,0,0,0.0,160.0,8,26,8,18,4,80.0,82,1835,1.379,6,1,4,1362,1041
can_tho,severe,TwinGate+T2+centre,7,160.0,narrow,0.1,2025,2160,0,0,0.0,160.0,8,23,8,15,2,40.0,82,1839,1.3608,7,1,5,1206,932
can_tho,severe,TwinGate+T2+centre,8,160.0,narrow,0.1,2025,2160,0,0,0.0,160.0,9,25,8,16,1,20.0,81,1831,0.7454,9,2,6,1308,1039
can_tho,severe,TwinGate+T2+centre,9,160.0,narrow,0.1,2025,2160,0,0,0.0,160.0,8,20,8,12,2,40.0,82,1804,0.6086,8,2,5,1308,982
can_tho,severe,TwinGate+T2,0,240.0,awd,0.02,2025,2160,12,0,0.0854,140.0,13,39,7,26,0,0.0,77,1861,1.2908,6,5,1,870,1004
can_tho,severe,TwinGate+T2,1,240.0,awd,0.02,2025,2160,0,0,0.0,140.0,9,27,7,18,1,20.0,81,1864,0.9623,6,5,1,847,1059
can_tho,severe,TwinGate+T2,2,240.0,awd,0.02,2025,2160,0,0,0.0,160.0,5,17,8,12,3,60.0,85,1857,1.0861,6,5,0,1455,979
can_tho,severe,TwinGate+T2,3,240.0,awd,0.02,2025,2160,0,0,0.0,140.0,6,17,7,11,4,80.0,84,1824,0.9623,5,5,0,645,901
can_tho,severe,TwinGate+T2,4,240.0,awd,0.02,2025,2160,0,0,0.0,160.0,10,27,8,17,1,20.0,80,1831,1.0541,6,5,1,806,1059
can_tho,severe,TwinGate+T2,5,240.0,awd,0.02,2025,2160,0,0,0.0,140.0,6,21,7,15,2,40.0,84,1826,1.1386,5,5,0,799,977
can_tho,severe,TwinGate+T2,6,240.0,awd,0.02,2025,2160,0,0,0.0,140.0,6,19,7,13,2,40.0,84,1835,1.0541,6,5,1,776,1011
can_tho,severe,TwinGate+T2,7,240.0,awd,0.02,2025,2160,0,0,0.0,140.0,9,28,7,19,2,40.0,81,1839,1.3606,5,4,1,685,861
can_tho,severe,TwinGate+T2,8,240.0,awd,0.02,2025,2160,0,0,0.0,140.0,7,13,7,6,1,20.0,83,1831,0.6086,6,6,0,894,1067
can_tho,severe,TwinGate+T2,9,240.0,awd,0.02,2025,2160,0,0,0.0,160.0,10,26,8,16,2,40.0,80,1804,1.2171,6,5,1,826,1055
can_tho,severe,TwinGate+blindARQ,0,240.0,awd,0.02,2025,2160,0,0,0.0,140.0,7,39,7,32,0,0.0,83,1861,2.2348,7,5,2,813,1121
can_tho,severe,TwinGate+blindARQ,1,240.0,awd,0.02,2025,2160,0,0,0.0,140.0,6,30,7,24,1,20.0,84,1864,1.3608,6,6,0,839,1067
can_tho,severe,TwinGate+blindARQ,2,240.0,awd,0.02,2025,2160,0,0,0.0,200.0,3,33,10,30,7,140.0,87,1857,1.2551,4,3,0,1400,978
can_tho,severe,TwinGate+blindARQ,3,240.0,awd,0.02,2025,2160,0,0,0.0,180.0,4,26,9,22,5,100.0,86,1824,1.831,4,4,0,658,790
can_tho,severe,TwinGate+blindARQ,4,240.0,awd,0.02,2025,2160,0,0,0.0,160.0,6,23,8,17,2,40.0,84,1831,1.5525,6,5,1,822,1007
can_tho,severe,TwinGate+blindARQ,5,240.0,awd,0.02,2025,2160,0,0,0.0,180.0,5,23,9,18,4,80.0,85,1826,0.9198,5,5,0,706,849
can_tho,severe,TwinGate+blindARQ,6,240.0,awd,0.02,2025,2160,0,0,0.0,180.0,3,38,9,35,6,120.0,87,1835,1.7306,4,3,0,1363,943
can_tho,severe,TwinGate+blindARQ,7,240.0,awd,0.02,2025,2160,0,0,0.0,180.0,5,38,9,33,4,80.0,85,1839,2.3648,4,4,0,699,895
can_tho,severe,TwinGate+blindARQ,8,240.0,awd,0.02,2025,2160,0,0,0.0,140.0,6,17,7,11,1,20.0,84,1831,1.291,6,6,0,884,1080
can_tho,severe,TwinGate+blindARQ,9,240.0,awd,0.02,2025,2160,0,0,0.0,160.0,6,24,8,18,2,40.0,84,1804,1.7213,6,5,1,842,1017
can_tho,severe,Reactive+T2,0,240.0,awd,0.02,2025,2160,0,0,0.0,240.0,5,11,4,6,0,0.0,0,1861,0.8518,2,0,1,981,667
can_tho,severe,Reactive+T2,1,240.0,awd,0.02,2025,2160,0,0,0.0,240.0,4,8,4,4,0,0.0,0,1864,0.0,1,0,0,1063,653
can_tho,severe,Reactive+T2,2,240.0,awd,0.02,2025,2160,0,0,0.0,240.0,4,13,4,9,0,0.0,0,1857,1.2351,1,0,0,1063,654
can_tho,severe,Reactive+T2,3,240.0,awd,0.02,2025,2160,0,0,0.0,240.0,11,41,4,30,0,0.0,0,1824,3.0867,4,2,1,939,459
can_tho,severe,Reactive+T2,4,240.0,awd,0.02,2025,2160,0,0,0.0,240.0,4,12,4,8,0,0.0,0,1831,0.8849,1,0,0,1063,656
can_tho,severe,Reactive+T2,5,240.0,awd,0.02,2025,2160,2,0,0.0073,240.0,3,4,4,1,1,60.0,0,1826,0.8948,1,0,0,1306,898
can_tho,severe,Reactive+T2,6,240.0,awd,0.02,2025,2160,2,0,0.0073,240.0,4,13,4,9,3,180.0,0,1835,1.5349,2,0,1,1320,901
can_tho,severe,Reactive+T2,7,240.0,awd,0.02,2025,2160,0,0,0.0,240.0,7,25,4,18,1,60.0,0,1839,2.7813,3,0,2,1310,913
can_tho,severe,Reactive+T2,8,240.0,awd,0.02,2025,2160,0,0,0.0,240.0,8,23,4,15,0,0.0,0,1831,1.8508,4,0,3,1012,612
can_tho,severe,Reactive+T2,9,240.0,awd,0.02,2025,2160,1,0,0.0025,240.0,4,11,4,7,1,60.0,0,1804,1.2915,2,0,1,1299,939
can_tho,severe,Reactive+blindARQ,0,240.0,awd,0.02,2025,2160,0,0,0.0,240.0,4,12,4,8,0,0.0,0,1861,1.2049,1,0,0,1063,657
can_tho,severe,Reactive+blindARQ,1,240.0,awd,0.02,2025,2160,2,0,0.0072,240.0,3,7,4,4,1,60.0,0,1864,0.0,1,0,0,1306,901
can_tho,severe,Reactive+blindARQ,2,240.0,awd,0.02,2025,2160,95,0,1.2765,240.0,2,15,4,13,2,120.0,0,1857,0.8964,1,0,0,1549,1147
can_tho,severe,Reactive+blindARQ,3,240.0,awd,0.02,2025,2160,95,0,1.2765,240.0,2,23,4,21,2,120.0,0,1824,1.7766,1,0,0,1549,1155
can_tho,severe,Reactive+blindARQ,4,240.0,awd,0.02,2025,2160,2,0,0.0073,240.0,3,13,4,10,1,60.0,0,1831,0.885,1,0,0,1306,902
can_tho,severe,Reactive+blindARQ,5,240.0,awd,0.02,2025,2160,2,0,0.0073,240.0,3,4,4,1,1,60.0,0,1826,0.8948,1,0,0,1306,898
can_tho,severe,Reactive+blindARQ,6,240.0,awd,0.02,2025,2160,340,0,13.3223,240.0,1,20,4,19,3,180.0,0,1835,1.7712,1,0,0,1739,1315
can_tho,severe,Reactive+blindARQ,7,240.0,awd,0.02,2025,2160,96,0,1.4316,240.0,2,13,4,11,2,120.0,0,1839,1.5323,1,0,0,1568,1154
can_tho,severe,Reactive+blindARQ,8,240.0,awd,0.02,2025,2160,0,0,0.0,240.0,4,10,4,6,0,0.0,0,1831,1.2296,1,0,0,1063,655
can_tho,severe,Reactive+blindARQ,9,240.0,awd,0.02,2025,2160,2,0,0.0073,240.0,3,13,4,10,1,60.0,0,1804,2.1856,1,0,0,1306,906
can_tho,severe,FixedSchedule,0,240.0,awd,0.02,2025,2160,120,0,1.8659,240.0,4,10,4,6,0,0.0,0,1861,0.0031,1,0,0,1594,1107
can_tho,severe,FixedSchedule,1,240.0,awd,0.02,2025,2160,293,0,10.5482,240.0,3,15,4,12,1,60.0,0,1864,0.7567,1,0,0,1711,1246
can_tho,severe,FixedSchedule,2,240.0,awd,0.02,2025,2160,410,0,19.7986,240.0,2,20,4,18,2,120.0,0,1857,1.3342,1,0,0,1831,1344
can_tho,severe,FixedSchedule,3,240.0,awd,0.02,2025,2160,418,0,21.6299,240.0,2,14,4,12,2,120.0,0,1824,0.9389,1,0,0,1838,1364
can_tho,severe,FixedSchedule,4,240.0,awd,0.02,2025,2160,295,0,11.0191,240.0,3,15,4,12,1,60.0,0,1831,1.0711,1,0,0,1713,1250
can_tho,severe,FixedSchedule,5,240.0,awd,0.02,2025,2160,296,0,11.0997,240.0,3,14,4,11,1,60.0,0,1826,0.9354,1,0,0,1714,1251
can_tho,severe,FixedSchedule,6,240.0,awd,0.02,2025,2160,573,0,32.0247,240.0,1,8,4,7,3,180.0,0,1835,0.0023,1,0,0,1957,1486
can_tho,severe,FixedSchedule,7,240.0,awd,0.02,2025,2160,419,0,21.8562,240.0,2,18,4,16,2,120.0,0,1839,0.4871,1,0,0,1839,1366
can_tho,severe,FixedSchedule,8,240.0,awd,0.02,2025,2160,120,0,1.8659,240.0,4,14,4,10,0,0.0,0,1831,0.0041,1,0,0,1594,1107
can_tho,severe,FixedSchedule,9,240.0,awd,0.02,2025,2160,296,0,11.1192,240.0,3,15,4,12,1,60.0,0,1804,0.5032,1,0,0,1714,1251
can_tho,severe,Oracle,0,240.0,awd,0.02,2025,2160,0,0,0.0,160.0,7,41,7,34,0,0.0,0,1861,3.3766,5,5,0,825,965
can_tho,severe,Oracle,1,240.0,awd,0.02,2025,2160,0,0,0.0,160.0,7,24,7,17,0,0.0,0,1864,0.9314,5,5,0,805,971
can_tho,severe,Oracle,2,240.0,awd,0.02,2025,2160,0,0,0.0,160.0,7,11,7,4,2,40.0,0,1857,1.291,5,5,0,796,971
can_tho,severe,Oracle,3,240.0,awd,0.02,2025,2160,0,0,0.0,160.0,7,10,7,3,3,60.0,0,1824,1.217,5,5,0,795,971
can_tho,severe,Oracle,4,240.0,awd,0.02,2025,2160,0,0,0.0,160.0,7,17,7,10,0,0.0,0,1831,1.0541,5,5,0,803,975
can_tho,severe,Oracle,5,240.0,awd,0.02,2025,2160,0,0,0.0,160.0,7,24,7,17,0,0.0,0,1826,1.7498,5,5,0,802,971
can_tho,severe,Oracle,6,240.0,awd,0.02,2025,2160,0,0,0.0,160.0,7,27,7,20,2,40.0,0,1835,1.6403,5,5,0,800,971
can_tho,severe,Oracle,7,240.0,awd,0.02,2025,2160,0,0,0.0,160.0,7,33,7,26,0,0.0,0,1839,1.5683,5,5,0,810,975
can_tho,severe,Oracle,8,240.0,awd,0.02,2025,2160,0,0,0.0,160.0,7,39,7,32,0,0.0,0,1831,2.427,5,5,0,818,971
can_tho,severe,Oracle,9,240.0,awd,0.02,2025,2160,0,0,0.0,160.0,7,20,7,13,1,20.0,0,1804,1.3608,5,5,0,805,971
can_tho,severe,TwinGate+T2+centre,0,240.0,awd,0.02,2025,2160,0,0,0.0,200.0,12,29,10,17,1,20.0,78,1861,1.054,5,0,5,124,464
can_tho,severe,TwinGate+T2+centre,1,240.0,awd,0.02,2025,2160,0,0,0.0,200.0,10,21,10,11,0,0.0,80,1864,0.6086,3,0,3,27,329
can_tho,severe,TwinGate+T2+centre,2,240.0,awd,0.02,2025,2160,0,0,0.0,240.0,7,19,12,12,5,100.0,83,1857,0.9623,3,0,3,34,221
can_tho,severe,TwinGate+T2+centre,3,240.0,awd,0.02,2025,2160,0,0,0.0,180.0,14,45,9,31,4,80.0,76,1824,1.6101,7,1,5,867,504
can_tho,severe,TwinGate+T2+centre,4,240.0,awd,0.02,2025,2160,0,0,0.0,200.0,12,30,10,18,1,20.0,78,1831,1.1386,4,1,3,188,492
can_tho,severe,TwinGate+T2+centre,5,240.0,awd,0.02,2025,2160,0,0,0.0,200.0,9,24,10,15,2,40.0,81,1826,1.0543,2,0,2,26,296
can_tho,severe,TwinGate+T2+centre,6,240.0,awd,0.02,2025,2160,0,0,0.0,200.0,10,31,10,21,4,80.0,80,1835,1.2172,3,0,3,94,416
can_tho,severe,TwinGate+T2+centre,7,240.0,awd,0.02,2025,2160,0,0,0.0,220.0,12,43,11,31,3,60.0,78,1839,1.4272,4,0,4,104,356
can_tho,severe,TwinGate+T2+centre,8,240.0,awd,0.02,2025,2160,0,0,0.0,200.0,16,40,10,24,0,0.0,74,1831,1.3606,6,1,5,160,504
can_tho,severe,TwinGate+T2+centre,9,240.0,awd,0.02,2025,2160,0,0,0.0,200.0,12,31,10,19,0,0.0,78,1804,1.2172,5,0,5,122,479
can_tho,severe,TwinGate+T2,0,240.0,mid,0.05,2025,2160,0,0,0.0,160.0,11,30,8,19,0,0.0,79,1861,0.8605,8,4,4,748,1025
can_tho,severe,TwinGate+T2,1,240.0,mid,0.05,2025,2160,0,0,0.0,160.0,7,11,8,4,1,20.0,83,1864,0.4303,8,1,6,1178,928
can_tho,severe,TwinGate+T2,2,240.0,mid,0.05,2025,2160,0,0,0.0,220.0,6,18,11,12,6,120.0,84,1857,1.009,6,1,5,382,629
can_tho,severe,TwinGate+T2,3,240.0,mid,0.05,2025,2160,0,0,0.0,160.0,11,38,8,27,2,40.0,79,1824,1.4272,7,4,3,728,942
can_tho,severe,TwinGate+T2,4,240.0,mid,0.05,2025,2160,0,0,0.0,160.0,7,17,8,10,2,40.0,83,1831,0.7454,7,1,5,1167,896
can_tho,severe,TwinGate+T2,5,240.0,mid,0.05,2025,2160,0,0,0.0,200.0,8,22,10,14,3,60.0,82,1826,1.2171,7,2,5,461,763
can_tho,severe,TwinGate+T2,6,240.0,mid,0.05,2025,2160,0,0,0.0,200.0,8,26,10,18,5,100.0,82,1835,1.1602,5,4,1,596,733
can_tho,severe,TwinGate+T2,7,240.0,mid,0.05,2025,2160,0,0,0.0,180.0,10,30,9,20,2,40.0,80,1839,1.4906,7,2,5,407,716
can_tho,severe,TwinGate+T2,8,240.0,mid,0.05,2025,2160,0,0,0.0,160.0,12,35,8,23,1,20.0,78,1831,1.3604,7,3,4,655,913
can_tho,severe,TwinGate+T2,9,240.0,mid,0.05,2025,2160,0,0,0.0,160.0,8,22,8,14,0,0.0,82,1804,0.8607,9,1,7,1193,927
can_tho,severe,TwinGate+blindARQ,0,240.0,mid,0.05,2025,2160,0,0,0.0,180.0,8,52,9,44,1,20.0,82,1861,3.0571,8,1,7,459,793
can_tho,severe,TwinGate+blindARQ,1,240.0,mid,0.05,2025,2160,0,0,0.0,160.0,7,11,8,4,1,20.0,83,1864,0.4303,8,1,6,1178,928
can_tho,severe,TwinGate+blindARQ,2,240.0,mid,0.05,2025,2160,0,0,0.0,240.0,5,52,12,47,7,140.0,85,1857,2.9073,6,1,4,1088,833
can_tho,severe,TwinGate+blindARQ,3,240.0,mid,0.05,2025,2160,0,0,0.0,200.0,5,28,10,23,5,100.0,85,1824,1.7052,6,0,5,972,528
can_tho,severe,TwinGate+blindARQ,4,240.0,mid,0.05,2025,2160,0,0,0.0,180.0,7,17,9,10,2,40.0,83,1831,0.6086,7,1,6,454,824
can_tho,severe,TwinGate+blindARQ,5,240.0,mid,0.05,2025,2160,0,0,0.0,200.0,6,17,10,11,4,80.0,84,1826,1.1709,6,1,5,379,626
can_tho,severe,TwinGate+blindARQ,6,240.0,mid,0.05,2025,2160,0,0,0.0,240.0,6,37,12,31,6,120.0,84,1835,1.8046,6,1,5,358,731
can_tho,severe,TwinGate+blindARQ,7,240.0,mid,0.05,2025,2160,0,0,0.0,180.0,5,34,9,29,4,80.0,85,1839,2.4628,5,2,3,410,610
can_tho,severe,TwinGate+blindARQ,8,240.0,mid,0.05,2025,2160,0,0,0.0,160.0,7,36,8,29,1,20.0,83,1831,2.3896,8,2,5,1184,869
can_tho,severe,TwinGate+blindARQ,9,240.0,mid,0.05,2025,2160,0,0,0.0,180.0,7,23,9,16,2,40.0,83,1804,1.1385,7,1,6,460,806
can_tho,severe,Reactive+T2,0,240.0,mid,0.05,2025,2160,0,0,0.0,240.0,5,11,4,6,0,0.0,0,1861,0.8518,2,0,1,981,667
can_tho,severe,Reactive+T2,1,240.0,mid,0.05,2025,2160,0,0,0.0,240.0,4,8,4,4,0,0.0,0,1864,0.0,1,0,0,1063,653
can_tho,severe,Reactive+T2,2,240.0,mid,0.05,2025,2160,0,0,0.0,240.0,4,13,4,9,0,0.0,0,1857,1.2351,1,0,0,1063,654
can_tho,severe,Reactive+T2,3,240.0,mid,0.05,2025,2160,0,0,0.0,240.0,11,41,4,30,0,0.0,0,1824,3.0867,4,2,1,939,459
can_tho,severe,Reactive+T2,4,240.0,mid,0.05,2025,2160,0,0,0.0,240.0,4,12,4,8,0,0.0,0,1831,0.8849,1,0,0,1063,656
can_tho,severe,Reactive+T2,5,240.0,mid,0.05,2025,2160,2,0,0.0073,240.0,3,4,4,1,1,60.0,0,1826,0.8948,1,0,0,1306,898
can_tho,severe,Reactive+T2,6,240.0,mid,0.05,2025,2160,2,0,0.0073,240.0,4,13,4,9,3,180.0,0,1835,1.5349,2,0,1,1320,901
can_tho,severe,Reactive+T2,7,240.0,mid,0.05,2025,2160,0,0,0.0,240.0,7,25,4,18,1,60.0,0,1839,2.7813,3,0,2,1310,913
can_tho,severe,Reactive+T2,8,240.0,mid,0.05,2025,2160,0,0,0.0,240.0,8,23,4,15,0,0.0,0,1831,1.8508,4,0,3,1012,612
can_tho,severe,Reactive+T2,9,240.0,mid,0.05,2025,2160,1,0,0.0025,240.0,4,11,4,7,1,60.0,0,1804,1.2915,2,0,1,1299,939
can_tho,severe,Reactive+blindARQ,0,240.0,mid,0.05,2025,2160,0,0,0.0,240.0,4,12,4,8,0,0.0,0,1861,1.2049,1,0,0,1063,657
can_tho,severe,Reactive+blindARQ,1,240.0,mid,0.05,2025,2160,2,0,0.0072,240.0,3,7,4,4,1,60.0,0,1864,0.0,1,0,0,1306,901
can_tho,severe,Reactive+blindARQ,2,240.0,mid,0.05,2025,2160,95,0,1.2765,240.0,2,15,4,13,2,120.0,0,1857,0.8964,1,0,0,1549,1147
can_tho,severe,Reactive+blindARQ,3,240.0,mid,0.05,2025,2160,95,0,1.2765,240.0,2,23,4,21,2,120.0,0,1824,1.7766,1,0,0,1549,1155
can_tho,severe,Reactive+blindARQ,4,240.0,mid,0.05,2025,2160,2,0,0.0073,240.0,3,13,4,10,1,60.0,0,1831,0.885,1,0,0,1306,902
can_tho,severe,Reactive+blindARQ,5,240.0,mid,0.05,2025,2160,2,0,0.0073,240.0,3,4,4,1,1,60.0,0,1826,0.8948,1,0,0,1306,898
can_tho,severe,Reactive+blindARQ,6,240.0,mid,0.05,2025,2160,340,0,13.3223,240.0,1,20,4,19,3,180.0,0,1835,1.7712,1,0,0,1739,1315
can_tho,severe,Reactive+blindARQ,7,240.0,mid,0.05,2025,2160,96,0,1.4316,240.0,2,13,4,11,2,120.0,0,1839,1.5323,1,0,0,1568,1154
can_tho,severe,Reactive+blindARQ,8,240.0,mid,0.05,2025,2160,0,0,0.0,240.0,4,10,4,6,0,0.0,0,1831,1.2296,1,0,0,1063,655
can_tho,severe,Reactive+blindARQ,9,240.0,mid,0.05,2025,2160,2,0,0.0073,240.0,3,13,4,10,1,60.0,0,1804,2.1856,1,0,0,1306,906
can_tho,severe,FixedSchedule,0,240.0,mid,0.05,2025,2160,120,0,1.8659,240.0,4,10,4,6,0,0.0,0,1861,0.0031,1,0,0,1594,1107
can_tho,severe,FixedSchedule,1,240.0,mid,0.05,2025,2160,293,0,10.5482,240.0,3,15,4,12,1,60.0,0,1864,0.7567,1,0,0,1711,1246
can_tho,severe,FixedSchedule,2,240.0,mid,0.05,2025,2160,410,0,19.7986,240.0,2,20,4,18,2,120.0,0,1857,1.3342,1,0,0,1831,1344
can_tho,severe,FixedSchedule,3,240.0,mid,0.05,2025,2160,418,0,21.6299,240.0,2,14,4,12,2,120.0,0,1824,0.9389,1,0,0,1838,1364
can_tho,severe,FixedSchedule,4,240.0,mid,0.05,2025,2160,295,0,11.0191,240.0,3,15,4,12,1,60.0,0,1831,1.0711,1,0,0,1713,1250
can_tho,severe,FixedSchedule,5,240.0,mid,0.05,2025,2160,296,0,11.0997,240.0,3,14,4,11,1,60.0,0,1826,0.9354,1,0,0,1714,1251
can_tho,severe,FixedSchedule,6,240.0,mid,0.05,2025,2160,573,0,32.0247,240.0,1,8,4,7,3,180.0,0,1835,0.0023,1,0,0,1957,1486
can_tho,severe,FixedSchedule,7,240.0,mid,0.05,2025,2160,419,0,21.8562,240.0,2,18,4,16,2,120.0,0,1839,0.4871,1,0,0,1839,1366
can_tho,severe,FixedSchedule,8,240.0,mid,0.05,2025,2160,120,0,1.8659,240.0,4,14,4,10,0,0.0,0,1831,0.0041,1,0,0,1594,1107
can_tho,severe,FixedSchedule,9,240.0,mid,0.05,2025,2160,296,0,11.1192,240.0,3,15,4,12,1,60.0,0,1804,0.5032,1,0,0,1714,1251
can_tho,severe,Oracle,0,240.0,mid,0.05,2025,2160,0,0,0.0,160.0,7,41,7,34,0,0.0,0,1861,3.3766,5,5,0,825,965
can_tho,severe,Oracle,1,240.0,mid,0.05,2025,2160,0,0,0.0,160.0,7,24,7,17,0,0.0,0,1864,0.9314,5,5,0,805,971
can_tho,severe,Oracle,2,240.0,mid,0.05,2025,2160,0,0,0.0,160.0,7,11,7,4,2,40.0,0,1857,1.291,5,5,0,796,971
can_tho,severe,Oracle,3,240.0,mid,0.05,2025,2160,0,0,0.0,160.0,7,10,7,3,3,60.0,0,1824,1.217,5,5,0,795,971
can_tho,severe,Oracle,4,240.0,mid,0.05,2025,2160,0,0,0.0,160.0,7,17,7,10,0,0.0,0,1831,1.0541,5,5,0,803,975
can_tho,severe,Oracle,5,240.0,mid,0.05,2025,2160,0,0,0.0,160.0,7,24,7,17,0,0.0,0,1826,1.7498,5,5,0,802,971
can_tho,severe,Oracle,6,240.0,mid,0.05,2025,2160,0,0,0.0,160.0,7,27,7,20,2,40.0,0,1835,1.6403,5,5,0,800,971
can_tho,severe,Oracle,7,240.0,mid,0.05,2025,2160,0,0,0.0,160.0,7,33,7,26,0,0.0,0,1839,1.5683,5,5,0,810,975
can_tho,severe,Oracle,8,240.0,mid,0.05,2025,2160,0,0,0.0,160.0,7,39,7,32,0,0.0,0,1831,2.427,5,5,0,818,971
can_tho,severe,Oracle,9,240.0,mid,0.05,2025,2160,0,0,0.0,160.0,7,20,7,13,1,20.0,0,1804,1.3608,5,5,0,805,971
can_tho,severe,TwinGate+T2+centre,0,240.0,mid,0.05,2025,2160,0,0,0.0,200.0,12,29,10,17,1,20.0,78,1861,1.054,5,0,5,124,464
can_tho,severe,TwinGate+T2+centre,1,240.0,mid,0.05,2025,2160,0,0,0.0,200.0,10,21,10,11,0,0.0,80,1864,0.6086,3,0,3,27,329
can_tho,severe,TwinGate+T2+centre,2,240.0,mid,0.05,2025,2160,0,0,0.0,240.0,7,19,12,12,5,100.0,83,1857,0.9623,3,0,3,34,221
can_tho,severe,TwinGate+T2+centre,3,240.0,mid,0.05,2025,2160,0,0,0.0,180.0,14,45,9,31,4,80.0,76,1824,1.6101,7,1,5,867,504
can_tho,severe,TwinGate+T2+centre,4,240.0,mid,0.05,2025,2160,0,0,0.0,200.0,12,30,10,18,1,20.0,78,1831,1.1386,4,1,3,188,492
can_tho,severe,TwinGate+T2+centre,5,240.0,mid,0.05,2025,2160,0,0,0.0,200.0,9,24,10,15,2,40.0,81,1826,1.0543,2,0,2,26,296
can_tho,severe,TwinGate+T2+centre,6,240.0,mid,0.05,2025,2160,0,0,0.0,200.0,10,31,10,21,4,80.0,80,1835,1.2172,3,0,3,94,416
can_tho,severe,TwinGate+T2+centre,7,240.0,mid,0.05,2025,2160,0,0,0.0,220.0,12,43,11,31,3,60.0,78,1839,1.4272,4,0,4,104,356
can_tho,severe,TwinGate+T2+centre,8,240.0,mid,0.05,2025,2160,0,0,0.0,200.0,16,40,10,24,0,0.0,74,1831,1.3606,6,1,5,160,504
can_tho,severe,TwinGate+T2+centre,9,240.0,mid,0.05,2025,2160,0,0,0.0,200.0,12,31,10,19,0,0.0,78,1804,1.2172,5,0,5,122,479
can_tho,severe,TwinGate+T2,0,240.0,narrow,0.1,2025,2160,0,0,0.0,180.0,13,31,9,18,1,20.0,77,1861,0.8607,9,1,8,434,917
can_tho,severe,TwinGate+T2,1,240.0,narrow,0.1,2025,2160,0,0,0.0,180.0,12,38,9,26,0,0.0,78,1864,1.0541,9,2,7,516,892
can_tho,severe,TwinGate+T2,2,240.0,narrow,0.1,2025,2160,0,0,0.0,200.0,7,21,10,14,5,100.0,83,1857,0.9623,7,1,6,321,522
can_tho,severe,TwinGate+T2,3,240.0,narrow,0.1,2025,2160,178,0,5.9004,160.0,7,23,7,16,3,60.0,83,1824,1.1385,4,3,1,638,765
can_tho,severe,TwinGate+T2,4,240.0,narrow,0.1,2025,2160,0,0,0.0,180.0,11,33,9,22,1,20.0,79,1831,1.0541,8,2,6,518,767
can_tho,severe,TwinGate+T2,5,240.0,narrow,0.1,2025,2160,0,0,0.0,200.0,8,19,10,11,4,80.0,82,1826,1.0541,7,2,5,450,678
can_tho,severe,TwinGate+T2,6,240.0,narrow,0.1,2025,2160,0,0,0.0,200.0,10,31,10,21,5,100.0,80,1835,1.4446,8,1,6,1005,662
can_tho,severe,TwinGate+T2,7,240.0,narrow,0.1,2025,2160,0,0,0.0,180.0,8,24,9,16,3,60.0,82,1839,1.3608,7,1,5,986,627
can_tho,severe,TwinGate+T2,8,240.0,narrow,0.1,2025,2160,0,0,0.0,180.0,10,27,9,17,1,20.0,80,1831,0.7454,9,3,6,590,872
can_tho,severe,TwinGate+T2,9,240.0,narrow,0.1,2025,2160,0,0,0.0,180.0,9,21,9,12,2,40.0,81,1804,0.6086,8,2,6,421,689
can_tho,severe,TwinGate+blindARQ,0,240.0,narrow,0.1,2025,2160,0,0,0.0,180.0,8,18,9,10,1,20.0,82,1861,0.6086,9,1,7,1032,677
can_tho,severe,TwinGate+blindARQ,1,240.0,narrow,0.1,2025,2160,0,0,0.0,180.0,8,30,9,22,1,20.0,82,1864,1.291,9,1,7,1050,649
can_tho,severe,TwinGate+blindARQ,2,240.0,narrow,0.1,2025,2160,0,0,0.0,240.0,5,37,12,32,7,140.0,85,1857,0.9345,6,0,5,1129,844
can_tho,severe,TwinGate+blindARQ,3,240.0,narrow,0.1,2025,2160,0,0,0.0,220.0,6,41,11,35,5,100.0,84,1824,1.7283,6,0,6,163,507
can_tho,severe,TwinGate+blindARQ,4,240.0,narrow,0.1,2025,2160,0,0,0.0,180.0,7,29,9,22,2,40.0,83,1831,1.3607,8,1,6,1044,647
can_tho,severe,TwinGate+blindARQ,5,240.0,narrow,0.1,2025,2160,0,0,0.0,200.0,6,35,10,29,4,80.0,84,1826,1.7831,6,2,4,415,584
can_tho,severe,TwinGate+blindARQ,6,240.0,narrow,0.1,2025,2160,0,0,0.0,240.0,6,43,12,37,6,120.0,84,1835,1.5915,7,0,6,893,654
can_tho,severe,TwinGate+blindARQ,7,240.0,narrow,0.1,2025,2160,0,0,0.0,200.0,6,56,10,50,4,80.0,84,1839,2.8209,6,1,5,307,598
can_tho,severe,TwinGate+blindARQ,8,240.0,narrow,0.1,2025,2160,0,0,0.0,180.0,8,25,9,17,1,20.0,82,1831,0.9823,9,1,7,1047,641
can_tho,severe,TwinGate+blindARQ,9,240.0,narrow,0.1,2025,2160,0,0,0.0,180.0,7,21,9,14,2,40.0,83,1804,0.8607,8,1,6,1029,615
can_tho,severe,Reactive+T2,0,240.0,narrow,0.1,2025,2160,0,0,0.0,240.0,5,11,4,6,0,0.0,0,1861,0.8518,2,0,1,981,667
can_tho,severe,Reactive+T2,1,240.0,narrow,0.1,2025,2160,0,0,0.0,240.0,4,8,4,4,0,0.0,0,1864,0.0,1,0,0,1063,653
can_tho,severe,Reactive+T2,2,240.0,narrow,0.1,2025,2160,0,0,0.0,240.0,4,13,4,9,0,0.0,0,1857,1.2351,1,0,0,1063,654
can_tho,severe,Reactive+T2,3,240.0,narrow,0.1,2025,2160,0,0,0.0,240.0,11,41,4,30,0,0.0,0,1824,3.0867,4,2,1,939,459
can_tho,severe,Reactive+T2,4,240.0,narrow,0.1,2025,2160,0,0,0.0,240.0,4,12,4,8,0,0.0,0,1831,0.8849,1,0,0,1063,656
can_tho,severe,Reactive+T2,5,240.0,narrow,0.1,2025,2160,2,0,0.0073,240.0,3,4,4,1,1,60.0,0,1826,0.8948,1,0,0,1306,898
can_tho,severe,Reactive+T2,6,240.0,narrow,0.1,2025,2160,2,0,0.0073,240.0,4,13,4,9,3,180.0,0,1835,1.5349,2,0,1,1320,901
can_tho,severe,Reactive+T2,7,240.0,narrow,0.1,2025,2160,0,0,0.0,240.0,7,25,4,18,1,60.0,0,1839,2.7813,3,0,2,1310,913
can_tho,severe,Reactive+T2,8,240.0,narrow,0.1,2025,2160,0,0,0.0,240.0,8,23,4,15,0,0.0,0,1831,1.8508,4,0,3,1012,612
can_tho,severe,Reactive+T2,9,240.0,narrow,0.1,2025,2160,1,0,0.0025,240.0,4,11,4,7,1,60.0,0,1804,1.2915,2,0,1,1299,939
can_tho,severe,Reactive+blindARQ,0,240.0,narrow,0.1,2025,2160,0,0,0.0,240.0,4,12,4,8,0,0.0,0,1861,1.2049,1,0,0,1063,657
can_tho,severe,Reactive+blindARQ,1,240.0,narrow,0.1,2025,2160,2,0,0.0072,240.0,3,7,4,4,1,60.0,0,1864,0.0,1,0,0,1306,901
can_tho,severe,Reactive+blindARQ,2,240.0,narrow,0.1,2025,2160,95,0,1.2765,240.0,2,15,4,13,2,120.0,0,1857,0.8964,1,0,0,1549,1147
can_tho,severe,Reactive+blindARQ,3,240.0,narrow,0.1,2025,2160,95,0,1.2765,240.0,2,23,4,21,2,120.0,0,1824,1.7766,1,0,0,1549,1155
can_tho,severe,Reactive+blindARQ,4,240.0,narrow,0.1,2025,2160,2,0,0.0073,240.0,3,13,4,10,1,60.0,0,1831,0.885,1,0,0,1306,902
can_tho,severe,Reactive+blindARQ,5,240.0,narrow,0.1,2025,2160,2,0,0.0073,240.0,3,4,4,1,1,60.0,0,1826,0.8948,1,0,0,1306,898
can_tho,severe,Reactive+blindARQ,6,240.0,narrow,0.1,2025,2160,340,0,13.3223,240.0,1,20,4,19,3,180.0,0,1835,1.7712,1,0,0,1739,1315
can_tho,severe,Reactive+blindARQ,7,240.0,narrow,0.1,2025,2160,96,0,1.4316,240.0,2,13,4,11,2,120.0,0,1839,1.5323,1,0,0,1568,1154
can_tho,severe,Reactive+blindARQ,8,240.0,narrow,0.1,2025,2160,0,0,0.0,240.0,4,10,4,6,0,0.0,0,1831,1.2296,1,0,0,1063,655
can_tho,severe,Reactive+blindARQ,9,240.0,narrow,0.1,2025,2160,2,0,0.0073,240.0,3,13,4,10,1,60.0,0,1804,2.1856,1,0,0,1306,906
can_tho,severe,FixedSchedule,0,240.0,narrow,0.1,2025,2160,120,0,1.8659,240.0,4,10,4,6,0,0.0,0,1861,0.0031,1,0,0,1594,1107
can_tho,severe,FixedSchedule,1,240.0,narrow,0.1,2025,2160,293,0,10.5482,240.0,3,15,4,12,1,60.0,0,1864,0.7567,1,0,0,1711,1246
can_tho,severe,FixedSchedule,2,240.0,narrow,0.1,2025,2160,410,0,19.7986,240.0,2,20,4,18,2,120.0,0,1857,1.3342,1,0,0,1831,1344
can_tho,severe,FixedSchedule,3,240.0,narrow,0.1,2025,2160,418,0,21.6299,240.0,2,14,4,12,2,120.0,0,1824,0.9389,1,0,0,1838,1364
can_tho,severe,FixedSchedule,4,240.0,narrow,0.1,2025,2160,295,0,11.0191,240.0,3,15,4,12,1,60.0,0,1831,1.0711,1,0,0,1713,1250
can_tho,severe,FixedSchedule,5,240.0,narrow,0.1,2025,2160,296,0,11.0997,240.0,3,14,4,11,1,60.0,0,1826,0.9354,1,0,0,1714,1251
can_tho,severe,FixedSchedule,6,240.0,narrow,0.1,2025,2160,573,0,32.0247,240.0,1,8,4,7,3,180.0,0,1835,0.0023,1,0,0,1957,1486
can_tho,severe,FixedSchedule,7,240.0,narrow,0.1,2025,2160,419,0,21.8562,240.0,2,18,4,16,2,120.0,0,1839,0.4871,1,0,0,1839,1366
can_tho,severe,FixedSchedule,8,240.0,narrow,0.1,2025,2160,120,0,1.8659,240.0,4,14,4,10,0,0.0,0,1831,0.0041,1,0,0,1594,1107
can_tho,severe,FixedSchedule,9,240.0,narrow,0.1,2025,2160,296,0,11.1192,240.0,3,15,4,12,1,60.0,0,1804,0.5032,1,0,0,1714,1251
can_tho,severe,Oracle,0,240.0,narrow,0.1,2025,2160,0,0,0.0,160.0,7,41,7,34,0,0.0,0,1861,3.3766,5,5,0,825,965
can_tho,severe,Oracle,1,240.0,narrow,0.1,2025,2160,0,0,0.0,160.0,7,24,7,17,0,0.0,0,1864,0.9314,5,5,0,805,971
can_tho,severe,Oracle,2,240.0,narrow,0.1,2025,2160,0,0,0.0,160.0,7,11,7,4,2,40.0,0,1857,1.291,5,5,0,796,971
can_tho,severe,Oracle,3,240.0,narrow,0.1,2025,2160,0,0,0.0,160.0,7,10,7,3,3,60.0,0,1824,1.217,5,5,0,795,971
can_tho,severe,Oracle,4,240.0,narrow,0.1,2025,2160,0,0,0.0,160.0,7,17,7,10,0,0.0,0,1831,1.0541,5,5,0,803,975
can_tho,severe,Oracle,5,240.0,narrow,0.1,2025,2160,0,0,0.0,160.0,7,24,7,17,0,0.0,0,1826,1.7498,5,5,0,802,971
can_tho,severe,Oracle,6,240.0,narrow,0.1,2025,2160,0,0,0.0,160.0,7,27,7,20,2,40.0,0,1835,1.6403,5,5,0,800,971
can_tho,severe,Oracle,7,240.0,narrow,0.1,2025,2160,0,0,0.0,160.0,7,33,7,26,0,0.0,0,1839,1.5683,5,5,0,810,975
can_tho,severe,Oracle,8,240.0,narrow,0.1,2025,2160,0,0,0.0,160.0,7,39,7,32,0,0.0,0,1831,2.427,5,5,0,818,971
can_tho,severe,Oracle,9,240.0,narrow,0.1,2025,2160,0,0,0.0,160.0,7,20,7,13,1,20.0,0,1804,1.3608,5,5,0,805,971
can_tho,severe,TwinGate+T2+centre,0,240.0,narrow,0.1,2025,2160,0,0,0.0,180.0,13,31,9,18,1,20.0,77,1861,0.8607,9,1,8,434,917
can_tho,severe,TwinGate+T2+centre,1,240.0,narrow,0.1,2025,2160,0,0,0.0,180.0,12,38,9,26,0,0.0,78,1864,1.0541,9,2,7,516,892
can_tho,severe,TwinGate+T2+centre,2,240.0,narrow,0.1,2025,2160,0,0,0.0,200.0,7,21,10,14,5,100.0,83,1857,0.9623,7,1,6,321,522
can_tho,severe,TwinGate+T2+centre,3,240.0,narrow,0.1,2025,2160,178,0,5.9004,160.0,7,23,7,16,3,60.0,83,1824,1.1385,4,3,1,638,765
can_tho,severe,TwinGate+T2+centre,4,240.0,narrow,0.1,2025,2160,0,0,0.0,180.0,11,33,9,22,1,20.0,79,1831,1.0541,8,2,6,518,767
can_tho,severe,TwinGate+T2+centre,5,240.0,narrow,0.1,2025,2160,0,0,0.0,200.0,8,19,10,11,4,80.0,82,1826,1.0541,7,2,5,450,678
can_tho,severe,TwinGate+T2+centre,6,240.0,narrow,0.1,2025,2160,0,0,0.0,200.0,10,31,10,21,5,100.0,80,1835,1.4446,8,1,6,1005,662
can_tho,severe,TwinGate+T2+centre,7,240.0,narrow,0.1,2025,2160,0,0,0.0,180.0,8,24,9,16,3,60.0,82,1839,1.3608,7,1,5,986,627
can_tho,severe,TwinGate+T2+centre,8,240.0,narrow,0.1,2025,2160,0,0,0.0,180.0,10,27,9,17,1,20.0,80,1831,0.7454,9,3,6,590,872
can_tho,severe,TwinGate+T2+centre,9,240.0,narrow,0.1,2025,2160,0,0,0.0,180.0,9,21,9,12,2,40.0,81,1804,0.6086,8,2,6,421,689
can_tho,severe,TwinGate+T2,0,320.0,awd,0.02,2025,2160,0,0,0.0,180.0,13,32,9,19,1,20.0,77,1861,1.054,7,1,6,322,760
can_tho,severe,TwinGate+T2,1,320.0,awd,0.02,2025,2160,0,0,0.0,180.0,9,18,9,9,1,20.0,81,1864,0.6086,5,2,3,255,551
can_tho,severe,TwinGate+T2,2,320.0,awd,0.02,2025,2160,0,0,0.0,220.0,7,22,11,15,6,120.0,83,1857,1.0629,6,3,3,390,642
can_tho,severe,TwinGate+T2,3,320.0,awd,0.02,2025,2160,0,0,0.0,200.0,6,15,10,9,4,80.0,84,1824,0.8607,4,2,2,322,592
can_tho,severe,TwinGate+T2,4,320.0,awd,0.02,2025,2160,0,0,0.0,180.0,13,36,9,23,1,20.0,77,1831,1.291,6,2,4,314,616
can_tho,severe,TwinGate+T2,5,320.0,awd,0.02,2025,2160,0,0,0.0,180.0,9,29,9,20,3,60.0,81,1826,1.1386,5,1,4,284,559
can_tho,severe,TwinGate+T2,6,320.0,awd,0.02,2025,2160,0,0,0.0,200.0,8,24,10,16,6,120.0,82,1835,1.4316,6,3,3,395,606
can_tho,severe,TwinGate+T2,7,320.0,awd,0.02,2025,2160,0,0,0.0,200.0,9,26,10,17,4,80.0,81,1839,1.054,5,1,4,255,468
can_tho,severe,TwinGate+T2,8,320.0,awd,0.02,2025,2160,0,0,0.0,180.0,14,37,9,23,1,20.0,76,1831,1.427,7,2,5,353,692
can_tho,severe,TwinGate+T2,9,320.0,awd,0.02,2025,2160,0,0,0.0,180.0,8,20,9,12,2,40.0,82,1804,0.7454,5,2,3,330,564
can_tho,severe,TwinGate+blindARQ,0,320.0,awd,0.02,2025,2160,0,0,0.0,200.0,9,40,10,31,1,20.0,81,1861,2.4901,6,1,5,267,542
can_tho,severe,TwinGate+blindARQ,1,320.0,awd,0.02,2025,2160,0,0,0.0,180.0,8,25,9,17,1,20.0,82,1864,1.291,5,2,3,247,529
can_tho,severe,TwinGate+blindARQ,2,320.0,awd,0.02,2025,2160,0,0,0.0,240.0,5,26,12,21,7,140.0,85,1857,1.5207,5,4,1,697,846
can_tho,severe,TwinGate+blindARQ,3,320.0,awd,0.02,2025,2160,0,0,0.0,200.0,5,14,10,9,5,100.0,85,1824,0.8607,4,2,2,322,524
can_tho,severe,TwinGate+blindARQ,4,320.0,awd,0.02,2025,2160,0,0,0.0,200.0,8,25,10,17,2,40.0,82,1831,1.3608,6,1,5,265,504
can_tho,severe,TwinGate+blindARQ,5,320.0,awd,0.02,2025,2160,0,0,0.0,200.0,6,48,10,42,4,80.0,84,1826,2.644,6,1,5,322,533
can_tho,severe,TwinGate+blindARQ,6,320.0,awd,0.02,2025,2160,0,0,0.0,220.0,5,45,11,40,6,120.0,85,1835,1.6292,5,5,0,619,780
can_tho,severe,TwinGate+blindARQ,7,320.0,awd,0.02,2025,2160,0,0,0.0,200.0,6,35,10,29,4,80.0,84,1839,2.1879,4,1,3,210,477
can_tho,severe,TwinGate+blindARQ,8,320.0,awd,0.02,2025,2160,0,0,0.0,180.0,8,39,9,31,1,20.0,82,1831,2.189,5,1,4,252,537
can_tho,severe,TwinGate+blindARQ,9,320.0,awd,0.02,2025,2160,0,0,0.0,200.0,8,27,10,19,2,40.0,82,1804,1.1385,6,1,5,275,500
can_tho,severe,Reactive+T2,0,320.0,awd,0.02,2025,2160,0,0,0.0,300.0,7,16,5,9,0,0.0,0,1861,1.1422,1,0,1,9,237
can_tho,severe,Reactive+T2,1,320.0,awd,0.02,2025,2160,0,0,0.0,320.0,6,13,6,7,0,0.0,0,1864,0.0,0,0,0,0,149
can_tho,severe,Reactive+T2,2,320.0,awd,0.02,2025,2160,0,0,0.0,320.0,6,16,6,10,0,0.0,0,1857,1.5527,0,0,0,0,148
can_tho,severe,Reactive+T2,3,320.0,awd,0.02,2025,2160,0,0,0.0,300.0,12,44,5,32,0,0.0,0,1824,3.2071,3,2,1,230,358
can_tho,severe,Reactive+T2,4,320.0,awd,0.02,2025,2160,0,0,0.0,320.0,7,19,6,12,0,0.0,0,1831,1.2188,1,0,1,9,155
can_tho,severe,Reactive+T2,5,320.0,awd,0.02,2025,2160,0,0,0.0,320.0,6,11,6,5,1,60.0,0,1826,1.6014,2,0,1,888,489
can_tho,severe,Reactive+T2,6,320.0,awd,0.02,2025,2160,0,0,0.0,320.0,6,15,6,9,3,180.0,0,1835,1.6511,2,0,1,935,489
can_tho,severe,Reactive+T2,7,320.0,awd,0.02,2025,2160,0,0,0.0,320.0,9,27,6,18,1,60.0,0,1839,2.8144,3,0,2,780,274
can_tho,severe,Reactive+T2,8,320.0,awd,0.02,2025,2160,0,0,0.0,300.0,9,24,5,15,1,60.0,0,1831,1.8508,3,0,3,90,246
can_tho,severe,Reactive+T2,9,320.0,awd,0.02,2025,2160,0,0,0.0,320.0,7,19,6,12,1,60.0,0,1804,1.3613,2,0,1,892,553
can_tho,severe,Reactive+blindARQ,0,320.0,awd,0.02,2025,2160,0,0,0.0,320.0,6,24,6,18,0,0.0,0,1861,2.5314,0,0,0,0,143
can_tho,severe,Reactive+blindARQ,1,320.0,awd,0.02,2025,2160,0,0,0.0,320.0,5,10,6,5,1,60.0,0,1864,0.0,1,0,0,921,490
can_tho,severe,Reactive+blindARQ,2,320.0,awd,0.02,2025,2160,0,0,0.0,320.0,4,19,6,15,2,120.0,0,1857,1.3265,1,0,0,1139,844
can_tho,severe,Reactive+blindARQ,3,320.0,awd,0.02,2025,2160,0,0,0.0,320.0,4,35,6,31,3,140.0,0,1824,2.9608,1,0,0,1138,819
can_tho,severe,Reactive+blindARQ,4,320.0,awd,0.02,2025,2160,0,0,0.0,320.0,5,22,6,17,1,60.0,0,1831,0.984,1,0,0,921,497
can_tho,severe,Reactive+blindARQ,5,320.0,awd,0.02,2025,2160,0,0,0.0,320.0,5,11,6,6,2,80.0,0,1826,1.6105,1,0,0,921,491
can_tho,severe,Reactive+blindARQ,6,320.0,awd,0.02,2025,2160,49,0,0.1756,320.0,3,22,6,19,3,180.0,0,1835,1.8227,1,0,0,1475,1054
can_tho,severe,Reactive+blindARQ,7,320.0,awd,0.02,2025,2160,0,0,0.0,320.0,4,17,6,13,2,120.0,0,1839,1.5916,1,0,0,1226,837
can_tho,severe,Reactive+blindARQ,8,320.0,awd,0.02,2025,2160,0,0,0.0,320.0,5,16,6,11,1,60.0,0,1831,1.2296,1,0,0,921,493
can_tho,severe,Reactive+blindARQ,9,320.0,awd,0.02,2025,2160,0,0,0.0,320.0,5,16,6,11,1,60.0,0,1804,2.1856,1,0,0,921,495
can_tho,severe,FixedSchedule,0,320.0,awd,0.02,2025,2160,3,0,0.0111,320.0,6,16,6,10,0,0.0,0,1861,6.8463,2,0,1,1322,881
can_tho,severe,FixedSchedule,1,320.0,awd,0.02,2025,2160,68,0,0.4655,320.0,5,25,6,20,1,60.0,0,1864,6.0185,1,0,0,1499,1031
can_tho,severe,FixedSchedule,2,320.0,awd,0.02,2025,2160,185,0,3.5749,320.0,4,22,6,18,3,140.0,0,1857,10.8461,1,0,0,1624,1149
can_tho,severe,FixedSchedule,3,320.0,awd,0.02,2025,2160,183,0,3.3998,320.0,4,20,6,16,3,140.0,0,1824,4.5122,1,0,0,1622,1184
can_tho,severe,FixedSchedule,4,320.0,awd,0.02,2025,2160,68,0,0.466,320.0,5,20,6,15,1,60.0,0,1831,1.0711,1,0,0,1499,1025
can_tho,severe,FixedSchedule,5,320.0,awd,0.02,2025,2160,92,0,0.9911,320.0,5,16,6,11,2,80.0,0,1826,11.2346,1,0,0,1538,1059
can_tho,severe,FixedSchedule,6,320.0,awd,0.02,2025,2160,324,0,12.8155,320.0,3,16,6,13,3,180.0,0,1835,0.0023,1,0,0,1737,1308
can_tho,severe,FixedSchedule,7,320.0,awd,0.02,2025,2160,180,0,3.3239,320.0,4,30,6,26,2,120.0,0,1839,4.5477,1,0,0,1622,1181
can_tho,severe,FixedSchedule,8,320.0,awd,0.02,2025,2160,68,0,0.4643,320.0,5,20,6,15,1,60.0,0,1831,0.0041,1,0,0,1499,1025
can_tho,severe,FixedSchedule,9,320.0,awd,0.02,2025,2160,68,0,0.4659,320.0,5,21,6,16,1,60.0,0,1804,0.5032,1,0,0,1499,1027
can_tho,severe,Oracle,0,320.0,awd,0.02,2025,2160,0,0,0.0,200.0,7,47,7,40,0,0.0,0,1861,3.9469,3,1,2,223,329
can_tho,severe,Oracle,1,320.0,awd,0.02,2025,2160,0,0,0.0,220.0,8,20,8,12,1,20.0,0,1864,1.2172,3,1,2,204,327
can_tho,severe,Oracle,2,320.0,awd,0.02,2025,2160,0,0,0.0,220.0,8,24,8,16,2,60.0,0,1857,1.7203,3,1,2,203,326
can_tho,severe,Oracle,3,320.0,awd,0.02,2025,2160,0,0,0.0,220.0,8,25,8,17,2,60.0,0,1824,1.8756,3,1,2,203,326
can_tho,severe,Oracle,4,320.0,awd,0.02,2025,2160,0,0,0.0,220.0,8,17,8,9,1,20.0,0,1831,1.7616,3,1,2,209,332
can_tho,severe,Oracle,5,320.0,awd,0.02,2025,2160,0,0,0.0,220.0,8,17,8,9,1,20.0,0,1826,0.8607,3,1,2,209,332
can_tho,severe,Oracle,6,320.0,awd,0.02,2025,2160,0,0,0.0,200.0,7,23,7,16,1,40.0,0,1835,2.4432,3,1,2,214,336
can_tho,severe,Oracle,7,320.0,awd,0.02,2025,2160,0,0,0.0,200.0,7,32,7,25,0,0.0,0,1839,3.2692,3,1,2,205,333
can_tho,severe,Oracle,8,320.0,awd,0.02,2025,2160,0,0,0.0,200.0,7,43,7,36,0,0.0,0,1831,4.4198,3,1,2,229,336
can_tho,severe,Oracle,9,320.0,awd,0.02,2025,2160,0,0,0.0,220.0,8,18,8,10,0,0.0,0,1804,1.0589,3,1,2,204,327
can_tho,severe,TwinGate+T2+centre,0,320.0,awd,0.02,2025,2160,0,0,0.0,200.0,12,29,10,17,1,20.0,78,1861,1.054,5,0,5,124,464
can_tho,severe,TwinGate+T2+centre,1,320.0,awd,0.02,2025,2160,0,0,0.0,200.0,10,21,10,11,0,0.0,80,1864,0.6086,3,0,3,27,329
can_tho,severe,TwinGate+T2+centre,2,320.0,awd,0.02,2025,2160,0,0,0.0,240.0,7,19,12,12,5,100.0,83,1857,0.9623,3,0,3,34,221
can_tho,severe,TwinGate+T2+centre,3,320.0,awd,0.02,2025,2160,0,0,0.0,180.0,14,45,9,31,4,80.0,76,1824,1.6101,7,1,5,867,504
can_tho,severe,TwinGate+T2+centre,4,320.0,awd,0.02,2025,2160,0,0,0.0,200.0,12,30,10,18,1,20.0,78,1831,1.1386,4,1,3,188,492
can_tho,severe,TwinGate+T2+centre,5,320.0,awd,0.02,2025,2160,0,0,0.0,200.0,9,24,10,15,2,40.0,81,1826,1.0543,2,0,2,26,296
can_tho,severe,TwinGate+T2+centre,6,320.0,awd,0.02,2025,2160,0,0,0.0,200.0,10,31,10,21,4,80.0,80,1835,1.2172,3,0,3,94,416
can_tho,severe,TwinGate+T2+centre,7,320.0,awd,0.02,2025,2160,0,0,0.0,220.0,12,43,11,31,3,60.0,78,1839,1.4272,4,0,4,104,356
can_tho,severe,TwinGate+T2+centre,8,320.0,awd,0.02,2025,2160,0,0,0.0,200.0,16,40,10,24,0,0.0,74,1831,1.3606,6,1,5,160,504
can_tho,severe,TwinGate+T2+centre,9,320.0,awd,0.02,2025,2160,0,0,0.0,200.0,12,31,10,19,0,0.0,78,1804,1.2172,5,0,5,122,479
can_tho,severe,TwinGate+T2,0,320.0,mid,0.05,2025,2160,0,0,0.0,180.0,11,28,9,17,1,20.0,79,1861,0.9621,6,1,5,252,630
can_tho,severe,TwinGate+T2,1,320.0,mid,0.05,2025,2160,0,0,0.0,200.0,9,19,10,10,1,20.0,81,1864,0.4303,7,0,7,253,584
can_tho,severe,TwinGate+T2,2,320.0,mid,0.05,2025,2160,0,0,0.0,220.0,6,19,11,13,6,120.0,84,1857,1.009,6,1,5,359,606
can_tho,severe,TwinGate+T2,3,320.0,mid,0.05,2025,2160,0,0,0.0,200.0,9,27,10,18,3,60.0,81,1824,1.1384,5,1,4,286,564
can_tho,severe,TwinGate+T2,4,320.0,mid,0.05,2025,2160,0,0,0.0,200.0,8,18,10,10,2,40.0,82,1831,0.7432,6,0,6,240,534
can_tho,severe,TwinGate+T2,5,320.0,mid,0.05,2025,2160,0,0,0.0,180.0,9,26,9,17,3,60.0,81,1826,1.1386,6,1,5,280,597
can_tho,severe,TwinGate+T2,6,320.0,mid,0.05,2025,2160,0,0,0.0,220.0,9,29,11,20,5,100.0,81,1835,1.1602,5,3,2,333,525
can_tho,severe,TwinGate+T2,7,320.0,mid,0.05,2025,2160,0,0,0.0,200.0,9,25,10,16,3,60.0,81,1839,1.3607,5,1,4,235,497
can_tho,severe,TwinGate+T2,8,320.0,mid,0.05,2025,2160,0,0,0.0,180.0,11,34,9,23,1,20.0,79,1831,1.138,7,1,6,314,617
can_tho,severe,TwinGate+T2,9,320.0,mid,0.05,2025,2160,0,0,0.0,180.0,9,24,9,15,1,20.0,81,1804,0.8607,6,1,5,336,644
can_tho,severe,TwinGate+blindARQ,0,320.0,mid,0.05,2025,2160,0,0,0.0,200.0,9,37,10,28,1,20.0,81,1861,2.3385,6,1,5,260,543
can_tho,severe,TwinGate+blindARQ,1,320.0,mid,0.05,2025,2160,0,0,0.0,200.0,9,19,10,10,1,20.0,81,1864,0.4303,7,0,7,253,584
can_tho,severe,TwinGate+blindARQ,2,320.0,mid,0.05,2025,2160,0,0,0.0,280.0,6,55,14,49,8,160.0,84,1857,2.939,6,1,5,394,721
can_tho,severe,TwinGate+blindARQ,3,320.0,mid,0.05,2025,2160,0,0,0.0,220.0,6,37,11,31,5,100.0,84,1824,1.861,5,0,5,228,421
can_tho,severe,TwinGate+blindARQ,4,320.0,mid,0.05,2025,2160,0,0,0.0,200.0,8,18,10,10,2,40.0,82,1831,0.7432,6,0,6,240,534
can_tho,severe,TwinGate+blindARQ,5,320.0,mid,0.05,2025,2160,0,0,0.0,200.0,6,41,10,35,4,80.0,84,1826,2.646,6,0,6,281,498
can_tho,severe,TwinGate+blindARQ,6,320.0,mid,0.05,2025,2160,0,0,0.0,260.0,6,36,13,30,7,140.0,84,1835,1.8046,6,1,5,332,705
can_tho,severe,TwinGate+blindARQ,7,320.0,mid,0.05,2025,2160,0,0,0.0,200.0,6,50,10,44,4,80.0,84,1839,2.9733,4,1,3,247,449
can_tho,severe,TwinGate+blindARQ,8,320.0,mid,0.05,2025,2160,0,0,0.0,200.0,9,38,10,29,1,20.0,81,1831,2.1446,8,1,7,259,604
can_tho,severe,TwinGate+blindARQ,9,320.0,mid,0.05,2025,2160,0,0,0.0,200.0,8,32,10,24,2,40.0,82,1804,1.6101,6,0,6,237,527
can_tho,severe,Reactive+T2,0,320.0,mid,0.05,2025,2160,0,0,0.0,300.0,7,16,5,9,0,0.0,0,1861,1.1422,1,0,1,9,237
can_tho,severe,Reactive+T2,1,320.0,mid,0.05,2025,2160,0,0,0.0,320.0,6,13,6,7,0,0.0,0,1864,0.0,0,0,0,0,149
can_tho,severe,Reactive+T2,2,320.0,mid,0.05,2025,2160,0,0,0.0,320.0,6,16,6,10,0,0.0,0,1857,1.5527,0,0,0,0,148
can_tho,severe,Reactive+T2,3,320.0,mid,0.05,2025,2160,0,0,0.0,300.0,12,44,5,32,0,0.0,0,1824,3.2071,3,2,1,230,358
can_tho,severe,Reactive+T2,4,320.0,mid,0.05,2025,2160,0,0,0.0,320.0,7,19,6,12,0,0.0,0,1831,1.2188,1,0,1,9,155
can_tho,severe,Reactive+T2,5,320.0,mid,0.05,2025,2160,0,0,0.0,320.0,6,11,6,5,1,60.0,0,1826,1.6014,2,0,1,888,489
can_tho,severe,Reactive+T2,6,320.0,mid,0.05,2025,2160,0,0,0.0,320.0,6,15,6,9,3,180.0,0,1835,1.6511,2,0,1,935,489
can_tho,severe,Reactive+T2,7,320.0,mid,0.05,2025,2160,0,0,0.0,320.0,9,27,6,18,1,60.0,0,1839,2.8144,3,0,2,780,274
can_tho,severe,Reactive+T2,8,320.0,mid,0.05,2025,2160,0,0,0.0,300.0,9,24,5,15,1,60.0,0,1831,1.8508,3,0,3,90,246
can_tho,severe,Reactive+T2,9,320.0,mid,0.05,2025,2160,0,0,0.0,320.0,7,19,6,12,1,60.0,0,1804,1.3613,2,0,1,892,553
can_tho,severe,Reactive+blindARQ,0,320.0,mid,0.05,2025,2160,0,0,0.0,320.0,6,24,6,18,0,0.0,0,1861,2.5314,0,0,0,0,143
can_tho,severe,Reactive+blindARQ,1,320.0,mid,0.05,2025,2160,0,0,0.0,320.0,5,10,6,5,1,60.0,0,1864,0.0,1,0,0,921,490
can_tho,severe,Reactive+blindARQ,2,320.0,mid,0.05,2025,2160,0,0,0.0,320.0,4,19,6,15,2,120.0,0,1857,1.3265,1,0,0,1139,844
can_tho,severe,Reactive+blindARQ,3,320.0,mid,0.05,2025,2160,0,0,0.0,320.0,4,35,6,31,3,140.0,0,1824,2.9608,1,0,0,1138,819
can_tho,severe,Reactive+blindARQ,4,320.0,mid,0.05,2025,2160,0,0,0.0,320.0,5,22,6,17,1,60.0,0,1831,0.984,1,0,0,921,497
can_tho,severe,Reactive+blindARQ,5,320.0,mid,0.05,2025,2160,0,0,0.0,320.0,5,11,6,6,2,80.0,0,1826,1.6105,1,0,0,921,491
can_tho,severe,Reactive+blindARQ,6,320.0,mid,0.05,2025,2160,49,0,0.1756,320.0,3,22,6,19,3,180.0,0,1835,1.8227,1,0,0,1475,1054
can_tho,severe,Reactive+blindARQ,7,320.0,mid,0.05,2025,2160,0,0,0.0,320.0,4,17,6,13,2,120.0,0,1839,1.5916,1,0,0,1226,837
can_tho,severe,Reactive+blindARQ,8,320.0,mid,0.05,2025,2160,0,0,0.0,320.0,5,16,6,11,1,60.0,0,1831,1.2296,1,0,0,921,493
can_tho,severe,Reactive+blindARQ,9,320.0,mid,0.05,2025,2160,0,0,0.0,320.0,5,16,6,11,1,60.0,0,1804,2.1856,1,0,0,921,495
can_tho,severe,FixedSchedule,0,320.0,mid,0.05,2025,2160,3,0,0.0111,320.0,6,16,6,10,0,0.0,0,1861,6.8463,2,0,1,1322,881
can_tho,severe,FixedSchedule,1,320.0,mid,0.05,2025,2160,68,0,0.4655,320.0,5,25,6,20,1,60.0,0,1864,6.0185,1,0,0,1499,1031
can_tho,severe,FixedSchedule,2,320.0,mid,0.05,2025,2160,185,0,3.5749,320.0,4,22,6,18,3,140.0,0,1857,10.8461,1,0,0,1624,1149
can_tho,severe,FixedSchedule,3,320.0,mid,0.05,2025,2160,183,0,3.3998,320.0,4,20,6,16,3,140.0,0,1824,4.5122,1,0,0,1622,1184
can_tho,severe,FixedSchedule,4,320.0,mid,0.05,2025,2160,68,0,0.466,320.0,5,20,6,15,1,60.0,0,1831,1.0711,1,0,0,1499,1025
can_tho,severe,FixedSchedule,5,320.0,mid,0.05,2025,2160,92,0,0.9911,320.0,5,16,6,11,2,80.0,0,1826,11.2346,1,0,0,1538,1059
can_tho,severe,FixedSchedule,6,320.0,mid,0.05,2025,2160,324,0,12.8155,320.0,3,16,6,13,3,180.0,0,1835,0.0023,1,0,0,1737,1308
can_tho,severe,FixedSchedule,7,320.0,mid,0.05,2025,2160,180,0,3.3239,320.0,4,30,6,26,2,120.0,0,1839,4.5477,1,0,0,1622,1181
can_tho,severe,FixedSchedule,8,320.0,mid,0.05,2025,2160,68,0,0.4643,320.0,5,20,6,15,1,60.0,0,1831,0.0041,1,0,0,1499,1025
can_tho,severe,FixedSchedule,9,320.0,mid,0.05,2025,2160,68,0,0.4659,320.0,5,21,6,16,1,60.0,0,1804,0.5032,1,0,0,1499,1027
can_tho,severe,Oracle,0,320.0,mid,0.05,2025,2160,0,0,0.0,200.0,7,47,7,40,0,0.0,0,1861,3.9469,3,1,2,223,329
can_tho,severe,Oracle,1,320.0,mid,0.05,2025,2160,0,0,0.0,220.0,8,20,8,12,1,20.0,0,1864,1.2172,3,1,2,204,327
can_tho,severe,Oracle,2,320.0,mid,0.05,2025,2160,0,0,0.0,220.0,8,24,8,16,2,60.0,0,1857,1.7203,3,1,2,203,326
can_tho,severe,Oracle,3,320.0,mid,0.05,2025,2160,0,0,0.0,220.0,8,25,8,17,2,60.0,0,1824,1.8756,3,1,2,203,326
can_tho,severe,Oracle,4,320.0,mid,0.05,2025,2160,0,0,0.0,220.0,8,17,8,9,1,20.0,0,1831,1.7616,3,1,2,209,332
can_tho,severe,Oracle,5,320.0,mid,0.05,2025,2160,0,0,0.0,220.0,8,17,8,9,1,20.0,0,1826,0.8607,3,1,2,209,332
can_tho,severe,Oracle,6,320.0,mid,0.05,2025,2160,0,0,0.0,200.0,7,23,7,16,1,40.0,0,1835,2.4432,3,1,2,214,336
can_tho,severe,Oracle,7,320.0,mid,0.05,2025,2160,0,0,0.0,200.0,7,32,7,25,0,0.0,0,1839,3.2692,3,1,2,205,333
can_tho,severe,Oracle,8,320.0,mid,0.05,2025,2160,0,0,0.0,200.0,7,43,7,36,0,0.0,0,1831,4.4198,3,1,2,229,336
can_tho,severe,Oracle,9,320.0,mid,0.05,2025,2160,0,0,0.0,220.0,8,18,8,10,0,0.0,0,1804,1.0589,3,1,2,204,327
can_tho,severe,TwinGate+T2+centre,0,320.0,mid,0.05,2025,2160,0,0,0.0,200.0,12,29,10,17,1,20.0,78,1861,1.054,5,0,5,124,464
can_tho,severe,TwinGate+T2+centre,1,320.0,mid,0.05,2025,2160,0,0,0.0,200.0,10,21,10,11,0,0.0,80,1864,0.6086,3,0,3,27,329
can_tho,severe,TwinGate+T2+centre,2,320.0,mid,0.05,2025,2160,0,0,0.0,240.0,7,19,12,12,5,100.0,83,1857,0.9623,3,0,3,34,221
can_tho,severe,TwinGate+T2+centre,3,320.0,mid,0.05,2025,2160,0,0,0.0,180.0,14,45,9,31,4,80.0,76,1824,1.6101,7,1,5,867,504
can_tho,severe,TwinGate+T2+centre,4,320.0,mid,0.05,2025,2160,0,0,0.0,200.0,12,30,10,18,1,20.0,78,1831,1.1386,4,1,3,188,492
can_tho,severe,TwinGate+T2+centre,5,320.0,mid,0.05,2025,2160,0,0,0.0,200.0,9,24,10,15,2,40.0,81,1826,1.0543,2,0,2,26,296
can_tho,severe,TwinGate+T2+centre,6,320.0,mid,0.05,2025,2160,0,0,0.0,200.0,10,31,10,21,4,80.0,80,1835,1.2172,3,0,3,94,416
can_tho,severe,TwinGate+T2+centre,7,320.0,mid,0.05,2025,2160,0,0,0.0,220.0,12,43,11,31,3,60.0,78,1839,1.4272,4,0,4,104,356
can_tho,severe,TwinGate+T2+centre,8,320.0,mid,0.05,2025,2160,0,0,0.0,200.0,16,40,10,24,0,0.0,74,1831,1.3606,6,1,5,160,504
can_tho,severe,TwinGate+T2+centre,9,320.0,mid,0.05,2025,2160,0,0,0.0,200.0,12,31,10,19,0,0.0,78,1804,1.2172,5,0,5,122,479
can_tho,severe,TwinGate+T2,0,320.0,narrow,0.1,2025,2160,0,0,0.0,180.0,13,31,9,18,1,20.0,77,1861,0.8607,9,1,8,434,917
can_tho,severe,TwinGate+T2,1,320.0,narrow,0.1,2025,2160,0,0,0.0,180.0,12,38,9,26,0,0.0,78,1864,1.0541,9,2,7,516,892
can_tho,severe,TwinGate+T2,2,320.0,narrow,0.1,2025,2160,0,0,0.0,200.0,7,21,10,14,5,100.0,83,1857,0.9623,7,1,6,321,522
can_tho,severe,TwinGate+T2,3,320.0,narrow,0.1,2025,2160,178,0,5.9004,160.0,7,23,7,16,3,60.0,83,1824,1.1385,4,3,1,638,765
can_tho,severe,TwinGate+T2,4,320.0,narrow,0.1,2025,2160,0,0,0.0,180.0,11,33,9,22,1,20.0,79,1831,1.0541,8,2,6,518,767
can_tho,severe,TwinGate+T2,5,320.0,narrow,0.1,2025,2160,0,0,0.0,200.0,8,19,10,11,4,80.0,82,1826,1.0541,7,2,5,450,678
can_tho,severe,TwinGate+T2,6,320.0,narrow,0.1,2025,2160,0,0,0.0,200.0,10,31,10,21,5,100.0,80,1835,1.4446,8,1,6,1005,662
can_tho,severe,TwinGate+T2,7,320.0,narrow,0.1,2025,2160,0,0,0.0,180.0,8,24,9,16,3,60.0,82,1839,1.3608,7,1,5,986,627
can_tho,severe,TwinGate+T2,8,320.0,narrow,0.1,2025,2160,0,0,0.0,180.0,10,27,9,17,1,20.0,80,1831,0.7454,9,3,6,590,872
can_tho,severe,TwinGate+T2,9,320.0,narrow,0.1,2025,2160,0,0,0.0,180.0,9,21,9,12,2,40.0,81,1804,0.6086,8,2,6,421,689
can_tho,severe,TwinGate+blindARQ,0,320.0,narrow,0.1,2025,2160,0,0,0.0,180.0,8,18,9,10,1,20.0,82,1861,0.6086,9,1,7,1032,677
can_tho,severe,TwinGate+blindARQ,1,320.0,narrow,0.1,2025,2160,0,0,0.0,180.0,8,30,9,22,1,20.0,82,1864,1.291,9,1,7,1050,649
can_tho,severe,TwinGate+blindARQ,2,320.0,narrow,0.1,2025,2160,0,0,0.0,280.0,6,43,14,37,8,160.0,84,1857,1.1953,6,0,6,196,453
can_tho,severe,TwinGate+blindARQ,3,320.0,narrow,0.1,2025,2160,0,0,0.0,220.0,6,41,11,35,5,100.0,84,1824,1.7283,6,0,6,163,507
can_tho,severe,TwinGate+blindARQ,4,320.0,narrow,0.1,2025,2160,0,0,0.0,180.0,7,29,9,22,2,40.0,83,1831,1.3607,8,1,6,1044,647
can_tho,severe,TwinGate+blindARQ,5,320.0,narrow,0.1,2025,2160,0,0,0.0,200.0,6,35,10,29,4,80.0,84,1826,1.7831,6,2,4,415,584
can_tho,severe,TwinGate+blindARQ,6,320.0,narrow,0.1,2025,2160,0,0,0.0,260.0,6,44,13,38,7,140.0,84,1835,1.5915,6,0,6,166,461
can_tho,severe,TwinGate+blindARQ,7,320.0,narrow,0.1,2025,2160,0,0,0.0,200.0,6,56,10,50,4,80.0,84,1839,2.8209,6,1,5,307,598
can_tho,severe,TwinGate+blindARQ,8,320.0,narrow,0.1,2025,2160,0,0,0.0,180.0,8,25,9,17,1,20.0,82,1831,0.9823,9,1,7,1047,641
can_tho,severe,TwinGate+blindARQ,9,320.0,narrow,0.1,2025,2160,0,0,0.0,180.0,7,21,9,14,2,40.0,83,1804,0.8607,8,1,6,1029,615
can_tho,severe,Reactive+T2,0,320.0,narrow,0.1,2025,2160,0,0,0.0,300.0,7,16,5,9,0,0.0,0,1861,1.1422,1,0,1,9,237
can_tho,severe,Reactive+T2,1,320.0,narrow,0.1,2025,2160,0,0,0.0,320.0,6,13,6,7,0,0.0,0,1864,0.0,0,0,0,0,149
can_tho,severe,Reactive+T2,2,320.0,narrow,0.1,2025,2160,0,0,0.0,320.0,6,16,6,10,0,0.0,0,1857,1.5527,0,0,0,0,148
can_tho,severe,Reactive+T2,3,320.0,narrow,0.1,2025,2160,0,0,0.0,300.0,12,44,5,32,0,0.0,0,1824,3.2071,3,2,1,230,358
can_tho,severe,Reactive+T2,4,320.0,narrow,0.1,2025,2160,0,0,0.0,320.0,7,19,6,12,0,0.0,0,1831,1.2188,1,0,1,9,155
can_tho,severe,Reactive+T2,5,320.0,narrow,0.1,2025,2160,0,0,0.0,320.0,6,11,6,5,1,60.0,0,1826,1.6014,2,0,1,888,489
can_tho,severe,Reactive+T2,6,320.0,narrow,0.1,2025,2160,0,0,0.0,320.0,6,15,6,9,3,180.0,0,1835,1.6511,2,0,1,935,489
can_tho,severe,Reactive+T2,7,320.0,narrow,0.1,2025,2160,0,0,0.0,320.0,9,27,6,18,1,60.0,0,1839,2.8144,3,0,2,780,274
can_tho,severe,Reactive+T2,8,320.0,narrow,0.1,2025,2160,0,0,0.0,300.0,9,24,5,15,1,60.0,0,1831,1.8508,3,0,3,90,246
can_tho,severe,Reactive+T2,9,320.0,narrow,0.1,2025,2160,0,0,0.0,320.0,7,19,6,12,1,60.0,0,1804,1.3613,2,0,1,892,553
can_tho,severe,Reactive+blindARQ,0,320.0,narrow,0.1,2025,2160,0,0,0.0,320.0,6,24,6,18,0,0.0,0,1861,2.5314,0,0,0,0,143
can_tho,severe,Reactive+blindARQ,1,320.0,narrow,0.1,2025,2160,0,0,0.0,320.0,5,10,6,5,1,60.0,0,1864,0.0,1,0,0,921,490
can_tho,severe,Reactive+blindARQ,2,320.0,narrow,0.1,2025,2160,0,0,0.0,320.0,4,19,6,15,2,120.0,0,1857,1.3265,1,0,0,1139,844
can_tho,severe,Reactive+blindARQ,3,320.0,narrow,0.1,2025,2160,0,0,0.0,320.0,4,35,6,31,3,140.0,0,1824,2.9608,1,0,0,1138,819
can_tho,severe,Reactive+blindARQ,4,320.0,narrow,0.1,2025,2160,0,0,0.0,320.0,5,22,6,17,1,60.0,0,1831,0.984,1,0,0,921,497
can_tho,severe,Reactive+blindARQ,5,320.0,narrow,0.1,2025,2160,0,0,0.0,320.0,5,11,6,6,2,80.0,0,1826,1.6105,1,0,0,921,491
can_tho,severe,Reactive+blindARQ,6,320.0,narrow,0.1,2025,2160,49,0,0.1756,320.0,3,22,6,19,3,180.0,0,1835,1.8227,1,0,0,1475,1054
can_tho,severe,Reactive+blindARQ,7,320.0,narrow,0.1,2025,2160,0,0,0.0,320.0,4,17,6,13,2,120.0,0,1839,1.5916,1,0,0,1226,837
can_tho,severe,Reactive+blindARQ,8,320.0,narrow,0.1,2025,2160,0,0,0.0,320.0,5,16,6,11,1,60.0,0,1831,1.2296,1,0,0,921,493
can_tho,severe,Reactive+blindARQ,9,320.0,narrow,0.1,2025,2160,0,0,0.0,320.0,5,16,6,11,1,60.0,0,1804,2.1856,1,0,0,921,495
can_tho,severe,FixedSchedule,0,320.0,narrow,0.1,2025,2160,3,0,0.0111,320.0,6,16,6,10,0,0.0,0,1861,6.8463,2,0,1,1322,881
can_tho,severe,FixedSchedule,1,320.0,narrow,0.1,2025,2160,68,0,0.4655,320.0,5,25,6,20,1,60.0,0,1864,6.0185,1,0,0,1499,1031
can_tho,severe,FixedSchedule,2,320.0,narrow,0.1,2025,2160,185,0,3.5749,320.0,4,22,6,18,3,140.0,0,1857,10.8461,1,0,0,1624,1149
can_tho,severe,FixedSchedule,3,320.0,narrow,0.1,2025,2160,183,0,3.3998,320.0,4,20,6,16,3,140.0,0,1824,4.5122,1,0,0,1622,1184
can_tho,severe,FixedSchedule,4,320.0,narrow,0.1,2025,2160,68,0,0.466,320.0,5,20,6,15,1,60.0,0,1831,1.0711,1,0,0,1499,1025
can_tho,severe,FixedSchedule,5,320.0,narrow,0.1,2025,2160,92,0,0.9911,320.0,5,16,6,11,2,80.0,0,1826,11.2346,1,0,0,1538,1059
can_tho,severe,FixedSchedule,6,320.0,narrow,0.1,2025,2160,324,0,12.8155,320.0,3,16,6,13,3,180.0,0,1835,0.0023,1,0,0,1737,1308
can_tho,severe,FixedSchedule,7,320.0,narrow,0.1,2025,2160,180,0,3.3239,320.0,4,30,6,26,2,120.0,0,1839,4.5477,1,0,0,1622,1181
can_tho,severe,FixedSchedule,8,320.0,narrow,0.1,2025,2160,68,0,0.4643,320.0,5,20,6,15,1,60.0,0,1831,0.0041,1,0,0,1499,1025
can_tho,severe,FixedSchedule,9,320.0,narrow,0.1,2025,2160,68,0,0.4659,320.0,5,21,6,16,1,60.0,0,1804,0.5032,1,0,0,1499,1027
can_tho,severe,Oracle,0,320.0,narrow,0.1,2025,2160,0,0,0.0,200.0,7,47,7,40,0,0.0,0,1861,3.9469,3,1,2,223,329
can_tho,severe,Oracle,1,320.0,narrow,0.1,2025,2160,0,0,0.0,220.0,8,20,8,12,1,20.0,0,1864,1.2172,3,1,2,204,327
can_tho,severe,Oracle,2,320.0,narrow,0.1,2025,2160,0,0,0.0,220.0,8,24,8,16,2,60.0,0,1857,1.7203,3,1,2,203,326
can_tho,severe,Oracle,3,320.0,narrow,0.1,2025,2160,0,0,0.0,220.0,8,25,8,17,2,60.0,0,1824,1.8756,3,1,2,203,326
can_tho,severe,Oracle,4,320.0,narrow,0.1,2025,2160,0,0,0.0,220.0,8,17,8,9,1,20.0,0,1831,1.7616,3,1,2,209,332
can_tho,severe,Oracle,5,320.0,narrow,0.1,2025,2160,0,0,0.0,220.0,8,17,8,9,1,20.0,0,1826,0.8607,3,1,2,209,332
can_tho,severe,Oracle,6,320.0,narrow,0.1,2025,2160,0,0,0.0,200.0,7,23,7,16,1,40.0,0,1835,2.4432,3,1,2,214,336
can_tho,severe,Oracle,7,320.0,narrow,0.1,2025,2160,0,0,0.0,200.0,7,32,7,25,0,0.0,0,1839,3.2692,3,1,2,205,333
can_tho,severe,Oracle,8,320.0,narrow,0.1,2025,2160,0,0,0.0,200.0,7,43,7,36,0,0.0,0,1831,4.4198,3,1,2,229,336
can_tho,severe,Oracle,9,320.0,narrow,0.1,2025,2160,0,0,0.0,220.0,8,18,8,10,0,0.0,0,1804,1.0589,3,1,2,204,327
can_tho,severe,TwinGate+T2+centre,0,320.0,narrow,0.1,2025,2160,0,0,0.0,180.0,13,31,9,18,1,20.0,77,1861,0.8607,9,1,8,434,917
can_tho,severe,TwinGate+T2+centre,1,320.0,narrow,0.1,2025,2160,0,0,0.0,180.0,12,38,9,26,0,0.0,78,1864,1.0541,9,2,7,516,892
can_tho,severe,TwinGate+T2+centre,2,320.0,narrow,0.1,2025,2160,0,0,0.0,200.0,7,21,10,14,5,100.0,83,1857,0.9623,7,1,6,321,522
can_tho,severe,TwinGate+T2+centre,3,320.0,narrow,0.1,2025,2160,178,0,5.9004,160.0,7,23,7,16,3,60.0,83,1824,1.1385,4,3,1,638,765
can_tho,severe,TwinGate+T2+centre,4,320.0,narrow,0.1,2025,2160,0,0,0.0,180.0,11,33,9,22,1,20.0,79,1831,1.0541,8,2,6,518,767
can_tho,severe,TwinGate+T2+centre,5,320.0,narrow,0.1,2025,2160,0,0,0.0,200.0,8,19,10,11,4,80.0,82,1826,1.0541,7,2,5,450,678
can_tho,severe,TwinGate+T2+centre,6,320.0,narrow,0.1,2025,2160,0,0,0.0,200.0,10,31,10,21,5,100.0,80,1835,1.4446,8,1,6,1005,662
can_tho,severe,TwinGate+T2+centre,7,320.0,narrow,0.1,2025,2160,0,0,0.0,180.0,8,24,9,16,3,60.0,82,1839,1.3608,7,1,5,986,627
can_tho,severe,TwinGate+T2+centre,8,320.0,narrow,0.1,2025,2160,0,0,0.0,180.0,10,27,9,17,1,20.0,80,1831,0.7454,9,3,6,590,872
can_tho,severe,TwinGate+T2+centre,9,320.0,narrow,0.1,2025,2160,0,0,0.0,180.0,9,21,9,12,2,40.0,81,1804,0.6086,8,2,6,421,689
can_tho,severe,TwinGate+T2,0,400.0,awd,0.02,2025,2160,0,0,0.0,200.0,12,29,10,17,1,20.0,78,1861,1.054,5,0,5,124,464
can_tho,severe,TwinGate+T2,1,400.0,awd,0.02,2025,2160,0,0,0.0,200.0,10,21,10,11,0,0.0,80,1864,0.6086,3,0,3,27,329
can_tho,severe,TwinGate+T2,2,400.0,awd,0.02,2025,2160,0,0,0.0,240.0,7,19,12,12,5,100.0,83,1857,0.9623,3,0,3,34,221
can_tho,severe,TwinGate+T2,3,400.0,awd,0.02,2025,2160,0,0,0.0,180.0,14,45,9,31,4,80.0,76,1824,1.6101,7,1,5,867,504
can_tho,severe,TwinGate+T2,4,400.0,awd,0.02,2025,2160,0,0,0.0,200.0,12,30,10,18,1,20.0,78,1831,1.1386,4,1,3,188,492
can_tho,severe,TwinGate+T2,5,400.0,awd,0.02,2025,2160,0,0,0.0,200.0,9,24,10,15,2,40.0,81,1826,1.0543,2,0,2,26,296
can_tho,severe,TwinGate+T2,6,400.0,awd,0.02,2025,2160,0,0,0.0,200.0,10,31,10,21,4,80.0,80,1835,1.2172,3,0,3,94,416
can_tho,severe,TwinGate+T2,7,400.0,awd,0.02,2025,2160,0,0,0.0,220.0,12,43,11,31,3,60.0,78,1839,1.4272,4,0,4,104,356
can_tho,severe,TwinGate+T2,8,400.0,awd,0.02,2025,2160,0,0,0.0,200.0,16,40,10,24,0,0.0,74,1831,1.3606,6,1,5,160,504
can_tho,severe,TwinGate+T2,9,400.0,awd,0.02,2025,2160,0,0,0.0,200.0,12,31,10,19,0,0.0,78,1804,1.2172,5,0,5,122,479
can_tho,severe,TwinGate+blindARQ,0,400.0,awd,0.02,2025,2160,0,0,0.0,200.0,9,35,10,26,1,20.0,81,1861,2.308,4,0,4,105,397
can_tho,severe,TwinGate+blindARQ,1,400.0,awd,0.02,2025,2160,0,0,0.0,200.0,9,20,10,11,1,20.0,81,1864,0.6086,2,0,2,17,327
can_tho,severe,TwinGate+blindARQ,2,400.0,awd,0.02,2025,2160,0,0,0.0,300.0,7,29,15,22,8,160.0,83,1857,0.7455,3,1,2,260,456
can_tho,severe,TwinGate+blindARQ,3,400.0,awd,0.02,2025,2160,0,0,0.0,260.0,7,32,13,25,6,120.0,83,1824,1.4906,2,0,2,19,304
can_tho,severe,TwinGate+blindARQ,4,400.0,awd,0.02,2025,2160,0,0,0.0,200.0,8,33,10,25,2,40.0,82,1831,2.0991,3,0,3,44,308
can_tho,severe,TwinGate+blindARQ,5,400.0,awd,0.02,2025,2160,0,0,0.0,280.0,7,23,14,16,7,140.0,83,1826,1.0547,2,0,2,24,240
can_tho,severe,TwinGate+blindARQ,6,400.0,awd,0.02,2025,2160,0,0,0.0,380.0,7,62,19,55,12,240.0,83,1835,2.3262,3,1,2,142,373
can_tho,severe,TwinGate+blindARQ,7,400.0,awd,0.02,2025,2160,0,0,0.0,220.0,7,28,11,21,4,80.0,83,1839,1.3689,3,0,3,29,231
can_tho,severe,TwinGate+blindARQ,8,400.0,awd,0.02,2025,2160,0,0,0.0,200.0,9,58,10,49,1,20.0,81,1831,2.9783,6,0,6,101,569
can_tho,severe,TwinGate+blindARQ,9,400.0,awd,0.02,2025,2160,0,0,0.0,200.0,8,24,10,16,2,40.0,82,1804,1.3641,2,0,2,24,293
can_tho,severe,Reactive+T2,0,400.0,awd,0.02,2025,2160,0,0,0.0,300.0,7,16,5,9,0,0.0,0,1861,1.1422,1,0,1,9,237
can_tho,severe,Reactive+T2,1,400.0,awd,0.02,2025,2160,0,0,0.0,360.0,6,13,6,7,0,0.0,0,1864,0.0,0,0,0,0,149
can_tho,severe,Reactive+T2,2,400.0,awd,0.02,2025,2160,0,0,0.0,400.0,6,17,7,11,1,60.0,0,1857,1.7223,0,0,0,0,148
can_tho,severe,Reactive+T2,3,400.0,awd,0.02,2025,2160,0,0,0.0,360.0,12,45,6,33,1,60.0,0,1824,3.2071,3,2,1,230,358
can_tho,severe,Reactive+T2,4,400.0,awd,0.02,2025,2160,0,0,0.0,360.0,7,19,6,12,0,0.0,0,1831,1.2188,1,0,1,9,155
can_tho,severe,Reactive+T2,5,400.0,awd,0.02,2025,2160,0,0,0.0,400.0,6,13,7,7,2,120.0,0,1826,1.5425,1,0,1,11,211
can_tho,severe,Reactive+T2,6,400.0,awd,0.02,2025,2160,0,0,0.0,400.0,7,18,7,11,3,180.0,0,1835,2.1208,1,0,1,14,147
can_tho,severe,Reactive+T2,7,400.0,awd,0.02,2025,2160,0,0,0.0,360.0,9,27,6,18,1,60.0,0,1839,2.9053,2,0,2,94,224
can_tho,severe,Reactive+T2,8,400.0,awd,0.02,2025,2160,0,0,0.0,300.0,9,24,5,15,1,60.0,0,1831,1.8508,3,0,3,90,246
can_tho,severe,Reactive+T2,9,400.0,awd,0.02,2025,2160,0,0,0.0,360.0,7,19,6,12,1,60.0,0,1804,1.499,1,0,1,15,260
can_tho,severe,Reactive+blindARQ,0,400.0,awd,0.02,2025,2160,0,0,0.0,360.0,6,24,6,18,0,0.0,0,1861,2.5314,0,0,0,0,143
can_tho,severe,Reactive+blindARQ,1,400.0,awd,0.02,2025,2160,0,0,0.0,400.0,6,14,7,8,1,60.0,0,1864,0.0,0,0,0,0,149
can_tho,severe,Reactive+blindARQ,2,400.0,awd,0.02,2025,2160,0,0,0.0,400.0,4,20,7,16,3,180.0,0,1857,1.5215,1,0,0,973,664
can_tho,severe,Reactive+blindARQ,3,400.0,awd,0.02,2025,2160,0,0,0.0,400.0,4,36,7,32,4,220.0,0,1824,2.9293,1,0,0,972,661
can_tho,severe,Reactive+blindARQ,4,400.0,awd,0.02,2025,2160,0,0,0.0,400.0,6,23,7,17,1,60.0,0,1831,1.492,0,0,0,0,152
can_tho,severe,Reactive+blindARQ,5,400.0,awd,0.02,2025,2160,0,0,0.0,400.0,5,17,7,12,2,120.0,0,1826,1.4911,0,0,0,0,169
can_tho,severe,Reactive+blindARQ,6,400.0,awd,0.02,2025,2160,0,0,0.0,400.0,4,23,7,19,4,220.0,0,1835,2.1382,1,0,0,1063,635
can_tho,severe,Reactive+blindARQ,7,400.0,awd,0.02,2025,2160,0,0,0.0,400.0,5,22,7,17,2,120.0,0,1839,1.9392,1,0,0,689,177
can_tho,severe,Reactive+blindARQ,8,400.0,awd,0.02,2025,2160,0,0,0.0,400.0,6,17,7,11,1,60.0,0,1831,1.2296,0,0,0,0,149
can_tho,severe,Reactive+blindARQ,9,400.0,awd,0.02,2025,2160,0,0,0.0,400.0,6,21,7,15,1,60.0,0,1804,2.3494,0,0,0,0,155
can_tho,severe,FixedSchedule,0,400.0,awd,0.02,2025,2160,0,0,0.0,400.0,7,14,7,7,0,0.0,0,1861,0.0031,1,0,0,973,561
can_tho,severe,FixedSchedule,1,400.0,awd,0.02,2025,2160,0,0,0.0,400.0,6,26,7,20,1,60.0,0,1864,1.1119,2,0,1,1245,776
can_tho,severe,FixedSchedule,2,400.0,awd,0.02,2025,2160,133,0,2.681,400.0,4,23,7,19,4,220.0,0,1857,11.9133,1,0,0,1618,1129
can_tho,severe,FixedSchedule,3,400.0,awd,0.02,2025,2160,74,0,0.7526,400.0,4,37,7,33,3,180.0,0,1824,2.4974,1,0,0,1522,1078
can_tho,severe,FixedSchedule,4,400.0,awd,0.02,2025,2160,0,0,0.0,400.0,6,23,7,17,1,60.0,0,1831,11.2894,2,0,1,1245,776
can_tho,severe,FixedSchedule,5,400.0,awd,0.02,2025,2160,6,0,0.0189,400.0,5,26,7,21,2,120.0,0,1826,1.8479,1,0,0,1330,907
can_tho,severe,FixedSchedule,6,400.0,awd,0.02,2025,2160,92,0,0.9911,400.0,4,24,7,20,3,180.0,0,1835,1.071,1,0,0,1538,1098
can_tho,severe,FixedSchedule,7,400.0,awd,0.02,2025,2160,92,0,0.9911,400.0,5,32,7,27,2,120.0,0,1839,5.2896,1,0,0,1538,1059
can_tho,severe,FixedSchedule,8,400.0,awd,0.02,2025,2160,0,0,0.0,400.0,6,22,7,16,1,60.0,0,1831,0.0041,2,0,1,1246,777
can_tho,severe,FixedSchedule,9,400.0,awd,0.02,2025,2160,0,0,0.0,400.0,6,19,7,13,1,60.0,0,1804,11.2808,2,0,1,1244,775
can_tho,severe,Oracle,0,400.0,awd,0.02,2025,2160,0,0,0.0,240.0,12,47,12,35,2,40.0,0,1861,2.1629,0,0,0,0,0
can_tho,severe,Oracle,1,400.0,awd,0.02,2025,2160,0,0,0.0,240.0,12,39,12,27,0,0.0,0,1864,1.4272,0,0,0,0,0
can_tho,severe,Oracle,2,400.0,awd,0.02,2025,2160,0,0,0.0,240.0,12,39,12,27,3,60.0,0,1857,1.7128,0,0,0,0,0
can_tho,severe,Oracle,3,400.0,awd,0.02,2025,2160,0,0,0.0,240.0,12,38,12,26,3,60.0,0,1824,1.8143,0,0,0,0,0
can_tho,severe,Oracle,4,400.0,awd,0.02,2025,2160,0,0,0.0,240.0,12,35,12,23,2,40.0,0,1831,1.921,0,0,0,0,0
can_tho,severe,Oracle,5,400.0,awd,0.02,2025,2160,0,0,0.0,240.0,12,27,12,15,2,40.0,0,1826,1.1386,0,0,0,0,0
can_tho,severe,Oracle,6,400.0,awd,0.02,2025,2160,0,0,0.0,240.0,12,42,12,30,3,60.0,0,1835,1.5939,0,0,0,0,0
can_tho,severe,Oracle,7,400.0,awd,0.02,2025,2160,0,0,0.0,240.0,12,43,12,31,3,60.0,0,1839,1.804,0,0,0,0,0
can_tho,severe,Oracle,8,400.0,awd,0.02,2025,2160,0,0,0.0,240.0,12,58,12,46,1,20.0,0,1831,2.5316,0,0,0,0,0
can_tho,severe,Oracle,9,400.0,awd,0.02,2025,2160,0,0,0.0,240.0,12,31,12,19,1,20.0,0,1804,1.0594,0,0,0,0,0
can_tho,severe,TwinGate+T2+centre,0,400.0,awd,0.02,2025,2160,0,0,0.0,200.0,12,29,10,17,1,20.0,78,1861,1.054,5,0,5,124,464
can_tho,severe,TwinGate+T2+centre,1,400.0,awd,0.02,2025,2160,0,0,0.0,200.0,10,21,10,11,0,0.0,80,1864,0.6086,3,0,3,27,329
can_tho,severe,TwinGate+T2+centre,2,400.0,awd,0.02,2025,2160,0,0,0.0,240.0,7,19,12,12,5,100.0,83,1857,0.9623,3,0,3,34,221
can_tho,severe,TwinGate+T2+centre,3,400.0,awd,0.02,2025,2160,0,0,0.0,180.0,14,45,9,31,4,80.0,76,1824,1.6101,7,1,5,867,504
can_tho,severe,TwinGate+T2+centre,4,400.0,awd,0.02,2025,2160,0,0,0.0,200.0,12,30,10,18,1,20.0,78,1831,1.1386,4,1,3,188,492
can_tho,severe,TwinGate+T2+centre,5,400.0,awd,0.02,2025,2160,0,0,0.0,200.0,9,24,10,15,2,40.0,81,1826,1.0543,2,0,2,26,296
can_tho,severe,TwinGate+T2+centre,6,400.0,awd,0.02,2025,2160,0,0,0.0,200.0,10,31,10,21,4,80.0,80,1835,1.2172,3,0,3,94,416
can_tho,severe,TwinGate+T2+centre,7,400.0,awd,0.02,2025,2160,0,0,0.0,220.0,12,43,11,31,3,60.0,78,1839,1.4272,4,0,4,104,356
can_tho,severe,TwinGate+T2+centre,8,400.0,awd,0.02,2025,2160,0,0,0.0,200.0,16,40,10,24,0,0.0,74,1831,1.3606,6,1,5,160,504
can_tho,severe,TwinGate+T2+centre,9,400.0,awd,0.02,2025,2160,0,0,0.0,200.0,12,31,10,19,0,0.0,78,1804,1.2172,5,0,5,122,479
can_tho,severe,TwinGate+T2,0,400.0,mid,0.05,2025,2160,0,0,0.0,200.0,12,29,10,17,1,20.0,78,1861,1.054,5,0,5,124,464
can_tho,severe,TwinGate+T2,1,400.0,mid,0.05,2025,2160,0,0,0.0,200.0,10,21,10,11,0,0.0,80,1864,0.6086,3,0,3,27,329
can_tho,severe,TwinGate+T2,2,400.0,mid,0.05,2025,2160,0,0,0.0,240.0,7,19,12,12,5,100.0,83,1857,0.9623,3,0,3,34,221
can_tho,severe,TwinGate+T2,3,400.0,mid,0.05,2025,2160,0,0,0.0,180.0,14,45,9,31,4,80.0,76,1824,1.6101,7,1,5,867,504
can_tho,severe,TwinGate+T2,4,400.0,mid,0.05,2025,2160,0,0,0.0,200.0,12,30,10,18,1,20.0,78,1831,1.1386,4,1,3,188,492
can_tho,severe,TwinGate+T2,5,400.0,mid,0.05,2025,2160,0,0,0.0,200.0,9,24,10,15,2,40.0,81,1826,1.0543,2,0,2,26,296
can_tho,severe,TwinGate+T2,6,400.0,mid,0.05,2025,2160,0,0,0.0,200.0,10,31,10,21,4,80.0,80,1835,1.2172,3,0,3,94,416
can_tho,severe,TwinGate+T2,7,400.0,mid,0.05,2025,2160,0,0,0.0,220.0,12,43,11,31,3,60.0,78,1839,1.4272,4,0,4,104,356
can_tho,severe,TwinGate+T2,8,400.0,mid,0.05,2025,2160,0,0,0.0,200.0,16,40,10,24,0,0.0,74,1831,1.3606,6,1,5,160,504
can_tho,severe,TwinGate+T2,9,400.0,mid,0.05,2025,2160,0,0,0.0,200.0,12,31,10,19,0,0.0,78,1804,1.2172,5,0,5,122,479
can_tho,severe,TwinGate+blindARQ,0,400.0,mid,0.05,2025,2160,0,0,0.0,200.0,9,35,10,26,1,20.0,81,1861,2.308,4,0,4,105,397
can_tho,severe,TwinGate+blindARQ,1,400.0,mid,0.05,2025,2160,0,0,0.0,200.0,9,20,10,11,1,20.0,81,1864,0.6086,2,0,2,17,327
can_tho,severe,TwinGate+blindARQ,2,400.0,mid,0.05,2025,2160,0,0,0.0,300.0,7,27,15,20,8,160.0,83,1857,0.8608,5,1,4,211,421
can_tho,severe,TwinGate+blindARQ,3,400.0,mid,0.05,2025,2160,0,0,0.0,260.0,7,32,13,25,6,120.0,83,1824,1.4906,2,0,2,19,304
can_tho,severe,TwinGate+blindARQ,4,400.0,mid,0.05,2025,2160,0,0,0.0,200.0,8,33,10,25,2,40.0,82,1831,2.0991,3,0,3,44,308
can_tho,severe,TwinGate+blindARQ,5,400.0,mid,0.05,2025,2160,0,0,0.0,280.0,7,23,14,16,7,140.0,83,1826,1.0547,2,0,2,24,240
can_tho,severe,TwinGate+blindARQ,6,400.0,mid,0.05,2025,2160,0,0,0.0,380.0,7,62,19,55,12,240.0,83,1835,2.3262,3,1,2,142,373
can_tho,severe,TwinGate+blindARQ,7,400.0,mid,0.05,2025,2160,0,0,0.0,220.0,7,28,11,21,4,80.0,83,1839,1.3689,3,0,3,29,231
can_tho,severe,TwinGate+blindARQ,8,400.0,mid,0.05,2025,2160,0,0,0.0,200.0,9,58,10,49,1,20.0,81,1831,2.9783,6,0,6,101,569
can_tho,severe,TwinGate+blindARQ,9,400.0,mid,0.05,2025,2160,0,0,0.0,200.0,8,24,10,16,2,40.0,82,1804,1.3641,2,0,2,24,293
can_tho,severe,Reactive+T2,0,400.0,mid,0.05,2025,2160,0,0,0.0,300.0,7,16,5,9,0,0.0,0,1861,1.1422,1,0,1,9,237
can_tho,severe,Reactive+T2,1,400.0,mid,0.05,2025,2160,0,0,0.0,360.0,6,13,6,7,0,0.0,0,1864,0.0,0,0,0,0,149
can_tho,severe,Reactive+T2,2,400.0,mid,0.05,2025,2160,0,0,0.0,400.0,6,17,7,11,1,60.0,0,1857,1.7223,0,0,0,0,148
can_tho,severe,Reactive+T2,3,400.0,mid,0.05,2025,2160,0,0,0.0,360.0,12,45,6,33,1,60.0,0,1824,3.2071,3,2,1,230,358
can_tho,severe,Reactive+T2,4,400.0,mid,0.05,2025,2160,0,0,0.0,360.0,7,19,6,12,0,0.0,0,1831,1.2188,1,0,1,9,155
can_tho,severe,Reactive+T2,5,400.0,mid,0.05,2025,2160,0,0,0.0,400.0,6,13,7,7,2,120.0,0,1826,1.5425,1,0,1,11,211
can_tho,severe,Reactive+T2,6,400.0,mid,0.05,2025,2160,0,0,0.0,400.0,7,18,7,11,3,180.0,0,1835,2.1208,1,0,1,14,147
can_tho,severe,Reactive+T2,7,400.0,mid,0.05,2025,2160,0,0,0.0,360.0,9,27,6,18,1,60.0,0,1839,2.9053,2,0,2,94,224
can_tho,severe,Reactive+T2,8,400.0,mid,0.05,2025,2160,0,0,0.0,300.0,9,24,5,15,1,60.0,0,1831,1.8508,3,0,3,90,246
can_tho,severe,Reactive+T2,9,400.0,mid,0.05,2025,2160,0,0,0.0,360.0,7,19,6,12,1,60.0,0,1804,1.499,1,0,1,15,260
can_tho,severe,Reactive+blindARQ,0,400.0,mid,0.05,2025,2160,0,0,0.0,360.0,6,24,6,18,0,0.0,0,1861,2.5314,0,0,0,0,143
can_tho,severe,Reactive+blindARQ,1,400.0,mid,0.05,2025,2160,0,0,0.0,400.0,6,14,7,8,1,60.0,0,1864,0.0,0,0,0,0,149
can_tho,severe,Reactive+blindARQ,2,400.0,mid,0.05,2025,2160,0,0,0.0,400.0,4,20,7,16,3,180.0,0,1857,1.5215,1,0,0,973,664
can_tho,severe,Reactive+blindARQ,3,400.0,mid,0.05,2025,2160,0,0,0.0,400.0,4,36,7,32,4,220.0,0,1824,2.9293,1,0,0,972,661
can_tho,severe,Reactive+blindARQ,4,400.0,mid,0.05,2025,2160,0,0,0.0,400.0,6,23,7,17,1,60.0,0,1831,1.492,0,0,0,0,152
can_tho,severe,Reactive+blindARQ,5,400.0,mid,0.05,2025,2160,0,0,0.0,400.0,5,17,7,12,2,120.0,0,1826,1.4911,0,0,0,0,169
can_tho,severe,Reactive+blindARQ,6,400.0,mid,0.05,2025,2160,0,0,0.0,400.0,4,23,7,19,4,220.0,0,1835,2.1382,1,0,0,1063,635
can_tho,severe,Reactive+blindARQ,7,400.0,mid,0.05,2025,2160,0,0,0.0,400.0,5,22,7,17,2,120.0,0,1839,1.9392,1,0,0,689,177
can_tho,severe,Reactive+blindARQ,8,400.0,mid,0.05,2025,2160,0,0,0.0,400.0,6,17,7,11,1,60.0,0,1831,1.2296,0,0,0,0,149
can_tho,severe,Reactive+blindARQ,9,400.0,mid,0.05,2025,2160,0,0,0.0,400.0,6,21,7,15,1,60.0,0,1804,2.3494,0,0,0,0,155
can_tho,severe,FixedSchedule,0,400.0,mid,0.05,2025,2160,0,0,0.0,400.0,7,14,7,7,0,0.0,0,1861,0.0031,1,0,0,973,561
can_tho,severe,FixedSchedule,1,400.0,mid,0.05,2025,2160,0,0,0.0,400.0,6,26,7,20,1,60.0,0,1864,1.1119,2,0,1,1245,776
can_tho,severe,FixedSchedule,2,400.0,mid,0.05,2025,2160,133,0,2.681,400.0,4,23,7,19,4,220.0,0,1857,11.9133,1,0,0,1618,1129
can_tho,severe,FixedSchedule,3,400.0,mid,0.05,2025,2160,74,0,0.7526,400.0,4,37,7,33,3,180.0,0,1824,2.4974,1,0,0,1522,1078
can_tho,severe,FixedSchedule,4,400.0,mid,0.05,2025,2160,0,0,0.0,400.0,6,23,7,17,1,60.0,0,1831,11.2894,2,0,1,1245,776
can_tho,severe,FixedSchedule,5,400.0,mid,0.05,2025,2160,6,0,0.0189,400.0,5,26,7,21,2,120.0,0,1826,1.8479,1,0,0,1330,907
can_tho,severe,FixedSchedule,6,400.0,mid,0.05,2025,2160,92,0,0.9911,400.0,4,24,7,20,3,180.0,0,1835,1.071,1,0,0,1538,1098
can_tho,severe,FixedSchedule,7,400.0,mid,0.05,2025,2160,92,0,0.9911,400.0,5,32,7,27,2,120.0,0,1839,5.2896,1,0,0,1538,1059
can_tho,severe,FixedSchedule,8,400.0,mid,0.05,2025,2160,0,0,0.0,400.0,6,22,7,16,1,60.0,0,1831,0.0041,2,0,1,1246,777
can_tho,severe,FixedSchedule,9,400.0,mid,0.05,2025,2160,0,0,0.0,400.0,6,19,7,13,1,60.0,0,1804,11.2808,2,0,1,1244,775
can_tho,severe,Oracle,0,400.0,mid,0.05,2025,2160,0,0,0.0,240.0,12,47,12,35,2,40.0,0,1861,2.1629,0,0,0,0,0
can_tho,severe,Oracle,1,400.0,mid,0.05,2025,2160,0,0,0.0,240.0,12,39,12,27,0,0.0,0,1864,1.4272,0,0,0,0,0
can_tho,severe,Oracle,2,400.0,mid,0.05,2025,2160,0,0,0.0,240.0,12,39,12,27,3,60.0,0,1857,1.7128,0,0,0,0,0
can_tho,severe,Oracle,3,400.0,mid,0.05,2025,2160,0,0,0.0,240.0,12,38,12,26,3,60.0,0,1824,1.8143,0,0,0,0,0
can_tho,severe,Oracle,4,400.0,mid,0.05,2025,2160,0,0,0.0,240.0,12,35,12,23,2,40.0,0,1831,1.921,0,0,0,0,0
can_tho,severe,Oracle,5,400.0,mid,0.05,2025,2160,0,0,0.0,240.0,12,27,12,15,2,40.0,0,1826,1.1386,0,0,0,0,0
can_tho,severe,Oracle,6,400.0,mid,0.05,2025,2160,0,0,0.0,240.0,12,42,12,30,3,60.0,0,1835,1.5939,0,0,0,0,0
can_tho,severe,Oracle,7,400.0,mid,0.05,2025,2160,0,0,0.0,240.0,12,43,12,31,3,60.0,0,1839,1.804,0,0,0,0,0
can_tho,severe,Oracle,8,400.0,mid,0.05,2025,2160,0,0,0.0,240.0,12,58,12,46,1,20.0,0,1831,2.5316,0,0,0,0,0
can_tho,severe,Oracle,9,400.0,mid,0.05,2025,2160,0,0,0.0,240.0,12,31,12,19,1,20.0,0,1804,1.0594,0,0,0,0,0
can_tho,severe,TwinGate+T2+centre,0,400.0,mid,0.05,2025,2160,0,0,0.0,200.0,12,29,10,17,1,20.0,78,1861,1.054,5,0,5,124,464
can_tho,severe,TwinGate+T2+centre,1,400.0,mid,0.05,2025,2160,0,0,0.0,200.0,10,21,10,11,0,0.0,80,1864,0.6086,3,0,3,27,329
can_tho,severe,TwinGate+T2+centre,2,400.0,mid,0.05,2025,2160,0,0,0.0,240.0,7,19,12,12,5,100.0,83,1857,0.9623,3,0,3,34,221
can_tho,severe,TwinGate+T2+centre,3,400.0,mid,0.05,2025,2160,0,0,0.0,180.0,14,45,9,31,4,80.0,76,1824,1.6101,7,1,5,867,504
can_tho,severe,TwinGate+T2+centre,4,400.0,mid,0.05,2025,2160,0,0,0.0,200.0,12,30,10,18,1,20.0,78,1831,1.1386,4,1,3,188,492
can_tho,severe,TwinGate+T2+centre,5,400.0,mid,0.05,2025,2160,0,0,0.0,200.0,9,24,10,15,2,40.0,81,1826,1.0543,2,0,2,26,296
can_tho,severe,TwinGate+T2+centre,6,400.0,mid,0.05,2025,2160,0,0,0.0,200.0,10,31,10,21,4,80.0,80,1835,1.2172,3,0,3,94,416
can_tho,severe,TwinGate+T2+centre,7,400.0,mid,0.05,2025,2160,0,0,0.0,220.0,12,43,11,31,3,60.0,78,1839,1.4272,4,0,4,104,356
can_tho,severe,TwinGate+T2+centre,8,400.0,mid,0.05,2025,2160,0,0,0.0,200.0,16,40,10,24,0,0.0,74,1831,1.3606,6,1,5,160,504
can_tho,severe,TwinGate+T2+centre,9,400.0,mid,0.05,2025,2160,0,0,0.0,200.0,12,31,10,19,0,0.0,78,1804,1.2172,5,0,5,122,479
can_tho,severe,TwinGate+T2,0,400.0,narrow,0.1,2025,2160,0,0,0.0,180.0,13,31,9,18,1,20.0,77,1861,0.8607,9,1,8,434,917
can_tho,severe,TwinGate+T2,1,400.0,narrow,0.1,2025,2160,0,0,0.0,180.0,12,38,9,26,0,0.0,78,1864,1.0541,9,2,7,516,892
can_tho,severe,TwinGate+T2,2,400.0,narrow,0.1,2025,2160,0,0,0.0,200.0,7,21,10,14,5,100.0,83,1857,0.9623,7,1,6,321,522
can_tho,severe,TwinGate+T2,3,400.0,narrow,0.1,2025,2160,178,0,5.9004,160.0,7,23,7,16,3,60.0,83,1824,1.1385,4,3,1,638,765
can_tho,severe,TwinGate+T2,4,400.0,narrow,0.1,2025,2160,0,0,0.0,180.0,11,33,9,22,1,20.0,79,1831,1.0541,8,2,6,518,767
can_tho,severe,TwinGate+T2,5,400.0,narrow,0.1,2025,2160,0,0,0.0,200.0,8,19,10,11,4,80.0,82,1826,1.0541,7,2,5,450,678
can_tho,severe,TwinGate+T2,6,400.0,narrow,0.1,2025,2160,0,0,0.0,200.0,10,31,10,21,5,100.0,80,1835,1.4446,8,1,6,1005,662
can_tho,severe,TwinGate+T2,7,400.0,narrow,0.1,2025,2160,0,0,0.0,180.0,8,24,9,16,3,60.0,82,1839,1.3608,7,1,5,986,627
can_tho,severe,TwinGate+T2,8,400.0,narrow,0.1,2025,2160,0,0,0.0,180.0,10,27,9,17,1,20.0,80,1831,0.7454,9,3,6,590,872
can_tho,severe,TwinGate+T2,9,400.0,narrow,0.1,2025,2160,0,0,0.0,180.0,9,21,9,12,2,40.0,81,1804,0.6086,8,2,6,421,689
can_tho,severe,TwinGate+blindARQ,0,400.0,narrow,0.1,2025,2160,0,0,0.0,180.0,8,18,9,10,1,20.0,82,1861,0.6086,9,1,7,1032,677
can_tho,severe,TwinGate+blindARQ,1,400.0,narrow,0.1,2025,2160,0,0,0.0,180.0,8,30,9,22,1,20.0,82,1864,1.291,9,1,7,1050,649
can_tho,severe,TwinGate+blindARQ,2,400.0,narrow,0.1,2025,2160,0,0,0.0,280.0,6,43,14,37,8,160.0,84,1857,1.1953,6,0,6,196,453
can_tho,severe,TwinGate+blindARQ,3,400.0,narrow,0.1,2025,2160,0,0,0.0,220.0,6,41,11,35,5,100.0,84,1824,1.7283,6,0,6,163,507
can_tho,severe,TwinGate+blindARQ,4,400.0,narrow,0.1,2025,2160,0,0,0.0,180.0,7,29,9,22,2,40.0,83,1831,1.3607,8,1,6,1044,647
can_tho,severe,TwinGate+blindARQ,5,400.0,narrow,0.1,2025,2160,0,0,0.0,200.0,6,35,10,29,4,80.0,84,1826,1.7831,6,2,4,415,584
can_tho,severe,TwinGate+blindARQ,6,400.0,narrow,0.1,2025,2160,0,0,0.0,260.0,6,44,13,38,7,140.0,84,1835,1.5915,6,0,6,166,461
can_tho,severe,TwinGate+blindARQ,7,400.0,narrow,0.1,2025,2160,0,0,0.0,200.0,6,56,10,50,4,80.0,84,1839,2.8209,6,1,5,307,598
can_tho,severe,TwinGate+blindARQ,8,400.0,narrow,0.1,2025,2160,0,0,0.0,180.0,8,25,9,17,1,20.0,82,1831,0.9823,9,1,7,1047,641
can_tho,severe,TwinGate+blindARQ,9,400.0,narrow,0.1,2025,2160,0,0,0.0,180.0,7,21,9,14,2,40.0,83,1804,0.8607,8,1,6,1029,615
can_tho,severe,Reactive+T2,0,400.0,narrow,0.1,2025,2160,0,0,0.0,300.0,7,16,5,9,0,0.0,0,1861,1.1422,1,0,1,9,237
can_tho,severe,Reactive+T2,1,400.0,narrow,0.1,2025,2160,0,0,0.0,360.0,6,13,6,7,0,0.0,0,1864,0.0,0,0,0,0,149
can_tho,severe,Reactive+T2,2,400.0,narrow,0.1,2025,2160,0,0,0.0,400.0,6,17,7,11,1,60.0,0,1857,1.7223,0,0,0,0,148
can_tho,severe,Reactive+T2,3,400.0,narrow,0.1,2025,2160,0,0,0.0,360.0,12,45,6,33,1,60.0,0,1824,3.2071,3,2,1,230,358
can_tho,severe,Reactive+T2,4,400.0,narrow,0.1,2025,2160,0,0,0.0,360.0,7,19,6,12,0,0.0,0,1831,1.2188,1,0,1,9,155
can_tho,severe,Reactive+T2,5,400.0,narrow,0.1,2025,2160,0,0,0.0,400.0,6,13,7,7,2,120.0,0,1826,1.5425,1,0,1,11,211
can_tho,severe,Reactive+T2,6,400.0,narrow,0.1,2025,2160,0,0,0.0,400.0,7,18,7,11,3,180.0,0,1835,2.1208,1,0,1,14,147
can_tho,severe,Reactive+T2,7,400.0,narrow,0.1,2025,2160,0,0,0.0,360.0,9,27,6,18,1,60.0,0,1839,2.9053,2,0,2,94,224
can_tho,severe,Reactive+T2,8,400.0,narrow,0.1,2025,2160,0,0,0.0,300.0,9,24,5,15,1,60.0,0,1831,1.8508,3,0,3,90,246
can_tho,severe,Reactive+T2,9,400.0,narrow,0.1,2025,2160,0,0,0.0,360.0,7,19,6,12,1,60.0,0,1804,1.499,1,0,1,15,260
can_tho,severe,Reactive+blindARQ,0,400.0,narrow,0.1,2025,2160,0,0,0.0,360.0,6,24,6,18,0,0.0,0,1861,2.5314,0,0,0,0,143
can_tho,severe,Reactive+blindARQ,1,400.0,narrow,0.1,2025,2160,0,0,0.0,400.0,6,14,7,8,1,60.0,0,1864,0.0,0,0,0,0,149
can_tho,severe,Reactive+blindARQ,2,400.0,narrow,0.1,2025,2160,0,0,0.0,400.0,4,20,7,16,3,180.0,0,1857,1.5215,1,0,0,973,664
can_tho,severe,Reactive+blindARQ,3,400.0,narrow,0.1,2025,2160,0,0,0.0,400.0,4,36,7,32,4,220.0,0,1824,2.9293,1,0,0,972,661
can_tho,severe,Reactive+blindARQ,4,400.0,narrow,0.1,2025,2160,0,0,0.0,400.0,6,23,7,17,1,60.0,0,1831,1.492,0,0,0,0,152
can_tho,severe,Reactive+blindARQ,5,400.0,narrow,0.1,2025,2160,0,0,0.0,400.0,5,17,7,12,2,120.0,0,1826,1.4911,0,0,0,0,169
can_tho,severe,Reactive+blindARQ,6,400.0,narrow,0.1,2025,2160,0,0,0.0,400.0,4,23,7,19,4,220.0,0,1835,2.1382,1,0,0,1063,635
can_tho,severe,Reactive+blindARQ,7,400.0,narrow,0.1,2025,2160,0,0,0.0,400.0,5,22,7,17,2,120.0,0,1839,1.9392,1,0,0,689,177
can_tho,severe,Reactive+blindARQ,8,400.0,narrow,0.1,2025,2160,0,0,0.0,400.0,6,17,7,11,1,60.0,0,1831,1.2296,0,0,0,0,149
can_tho,severe,Reactive+blindARQ,9,400.0,narrow,0.1,2025,2160,0,0,0.0,400.0,6,21,7,15,1,60.0,0,1804,2.3494,0,0,0,0,155
can_tho,severe,FixedSchedule,0,400.0,narrow,0.1,2025,2160,0,0,0.0,400.0,7,14,7,7,0,0.0,0,1861,0.0031,1,0,0,973,561
can_tho,severe,FixedSchedule,1,400.0,narrow,0.1,2025,2160,0,0,0.0,400.0,6,26,7,20,1,60.0,0,1864,1.1119,2,0,1,1245,776
can_tho,severe,FixedSchedule,2,400.0,narrow,0.1,2025,2160,133,0,2.681,400.0,4,23,7,19,4,220.0,0,1857,11.9133,1,0,0,1618,1129
can_tho,severe,FixedSchedule,3,400.0,narrow,0.1,2025,2160,74,0,0.7526,400.0,4,37,7,33,3,180.0,0,1824,2.4974,1,0,0,1522,1078
can_tho,severe,FixedSchedule,4,400.0,narrow,0.1,2025,2160,0,0,0.0,400.0,6,23,7,17,1,60.0,0,1831,11.2894,2,0,1,1245,776
can_tho,severe,FixedSchedule,5,400.0,narrow,0.1,2025,2160,6,0,0.0189,400.0,5,26,7,21,2,120.0,0,1826,1.8479,1,0,0,1330,907
can_tho,severe,FixedSchedule,6,400.0,narrow,0.1,2025,2160,92,0,0.9911,400.0,4,24,7,20,3,180.0,0,1835,1.071,1,0,0,1538,1098
can_tho,severe,FixedSchedule,7,400.0,narrow,0.1,2025,2160,92,0,0.9911,400.0,5,32,7,27,2,120.0,0,1839,5.2896,1,0,0,1538,1059
can_tho,severe,FixedSchedule,8,400.0,narrow,0.1,2025,2160,0,0,0.0,400.0,6,22,7,16,1,60.0,0,1831,0.0041,2,0,1,1246,777
can_tho,severe,FixedSchedule,9,400.0,narrow,0.1,2025,2160,0,0,0.0,400.0,6,19,7,13,1,60.0,0,1804,11.2808,2,0,1,1244,775
can_tho,severe,Oracle,0,400.0,narrow,0.1,2025,2160,0,0,0.0,240.0,12,47,12,35,2,40.0,0,1861,2.1629,0,0,0,0,0
can_tho,severe,Oracle,1,400.0,narrow,0.1,2025,2160,0,0,0.0,240.0,12,39,12,27,0,0.0,0,1864,1.4272,0,0,0,0,0
can_tho,severe,Oracle,2,400.0,narrow,0.1,2025,2160,0,0,0.0,240.0,12,39,12,27,3,60.0,0,1857,1.7128,0,0,0,0,0
can_tho,severe,Oracle,3,400.0,narrow,0.1,2025,2160,0,0,0.0,240.0,12,38,12,26,3,60.0,0,1824,1.8143,0,0,0,0,0
can_tho,severe,Oracle,4,400.0,narrow,0.1,2025,2160,0,0,0.0,240.0,12,35,12,23,2,40.0,0,1831,1.921,0,0,0,0,0
can_tho,severe,Oracle,5,400.0,narrow,0.1,2025,2160,0,0,0.0,240.0,12,27,12,15,2,40.0,0,1826,1.1386,0,0,0,0,0
can_tho,severe,Oracle,6,400.0,narrow,0.1,2025,2160,0,0,0.0,240.0,12,42,12,30,3,60.0,0,1835,1.5939,0,0,0,0,0
can_tho,severe,Oracle,7,400.0,narrow,0.1,2025,2160,0,0,0.0,240.0,12,43,12,31,3,60.0,0,1839,1.804,0,0,0,0,0
can_tho,severe,Oracle,8,400.0,narrow,0.1,2025,2160,0,0,0.0,240.0,12,58,12,46,1,20.0,0,1831,2.5316,0,0,0,0,0
can_tho,severe,Oracle,9,400.0,narrow,0.1,2025,2160,0,0,0.0,240.0,12,31,12,19,1,20.0,0,1804,1.0594,0,0,0,0,0
can_tho,severe,TwinGate+T2+centre,0,400.0,narrow,0.1,2025,2160,0,0,0.0,180.0,13,31,9,18,1,20.0,77,1861,0.8607,9,1,8,434,917
can_tho,severe,TwinGate+T2+centre,1,400.0,narrow,0.1,2025,2160,0,0,0.0,180.0,12,38,9,26,0,0.0,78,1864,1.0541,9,2,7,516,892
can_tho,severe,TwinGate+T2+centre,2,400.0,narrow,0.1,2025,2160,0,0,0.0,200.0,7,21,10,14,5,100.0,83,1857,0.9623,7,1,6,321,522
can_tho,severe,TwinGate+T2+centre,3,400.0,narrow,0.1,2025,2160,178,0,5.9004,160.0,7,23,7,16,3,60.0,83,1824,1.1385,4,3,1,638,765
can_tho,severe,TwinGate+T2+centre,4,400.0,narrow,0.1,2025,2160,0,0,0.0,180.0,11,33,9,22,1,20.0,79,1831,1.0541,8,2,6,518,767
can_tho,severe,TwinGate+T2+centre,5,400.0,narrow,0.1,2025,2160,0,0,0.0,200.0,8,19,10,11,4,80.0,82,1826,1.0541,7,2,5,450,678
can_tho,severe,TwinGate+T2+centre,6,400.0,narrow,0.1,2025,2160,0,0,0.0,200.0,10,31,10,21,5,100.0,80,1835,1.4446,8,1,6,1005,662
can_tho,severe,TwinGate+T2+centre,7,400.0,narrow,0.1,2025,2160,0,0,0.0,180.0,8,24,9,16,3,60.0,82,1839,1.3608,7,1,5,986,627
can_tho,severe,TwinGate+T2+centre,8,400.0,narrow,0.1,2025,2160,0,0,0.0,180.0,10,27,9,17,1,20.0,80,1831,0.7454,9,3,6,590,872
can_tho,severe,TwinGate+T2+centre,9,400.0,narrow,0.1,2025,2160,0,0,0.0,180.0,9,21,9,12,2,40.0,81,1804,0.6086,8,2,6,421,689
can_tho,severe,TwinGate+T2,0,inf,awd,0.02,2025,2160,0,0,0.0,200.0,12,29,10,17,1,20.0,78,1861,1.054,5,0,5,124,464
can_tho,severe,TwinGate+T2,1,inf,awd,0.02,2025,2160,0,0,0.0,200.0,10,21,10,11,0,0.0,80,1864,0.6086,3,0,3,27,329
can_tho,severe,TwinGate+T2,2,inf,awd,0.02,2025,2160,0,0,0.0,240.0,7,19,12,12,5,100.0,83,1857,0.9623,3,0,3,34,221
can_tho,severe,TwinGate+T2,3,inf,awd,0.02,2025,2160,0,0,0.0,180.0,14,45,9,31,4,80.0,76,1824,1.6101,7,1,5,867,504
can_tho,severe,TwinGate+T2,4,inf,awd,0.02,2025,2160,0,0,0.0,200.0,12,30,10,18,1,20.0,78,1831,1.1386,4,1,3,188,492
can_tho,severe,TwinGate+T2,5,inf,awd,0.02,2025,2160,0,0,0.0,200.0,9,24,10,15,2,40.0,81,1826,1.0543,2,0,2,26,296
can_tho,severe,TwinGate+T2,6,inf,awd,0.02,2025,2160,0,0,0.0,200.0,10,31,10,21,4,80.0,80,1835,1.2172,3,0,3,94,416
can_tho,severe,TwinGate+T2,7,inf,awd,0.02,2025,2160,0,0,0.0,220.0,12,43,11,31,3,60.0,78,1839,1.4272,4,0,4,104,356
can_tho,severe,TwinGate+T2,8,inf,awd,0.02,2025,2160,0,0,0.0,200.0,16,40,10,24,0,0.0,74,1831,1.3606,6,1,5,160,504
can_tho,severe,TwinGate+T2,9,inf,awd,0.02,2025,2160,0,0,0.0,200.0,12,31,10,19,0,0.0,78,1804,1.2172,5,0,5,122,479
can_tho,severe,TwinGate+blindARQ,0,inf,awd,0.02,2025,2160,0,0,0.0,200.0,9,35,10,26,1,20.0,81,1861,2.308,4,0,4,105,397
can_tho,severe,TwinGate+blindARQ,1,inf,awd,0.02,2025,2160,0,0,0.0,200.0,9,20,10,11,1,20.0,81,1864,0.6086,2,0,2,17,327
can_tho,severe,TwinGate+blindARQ,2,inf,awd,0.02,2025,2160,0,0,0.0,300.0,7,51,15,44,8,160.0,83,1857,2.7596,4,0,4,73,363
can_tho,severe,TwinGate+blindARQ,3,inf,awd,0.02,2025,2160,0,0,0.0,260.0,7,32,13,25,6,120.0,83,1824,1.4906,2,0,2,19,304
can_tho,severe,TwinGate+blindARQ,4,inf,awd,0.02,2025,2160,0,0,0.0,200.0,8,33,10,25,2,40.0,82,1831,2.0991,3,0,3,44,308
can_tho,severe,TwinGate+blindARQ,5,inf,awd,0.02,2025,2160,0,0,0.0,280.0,7,23,14,16,7,140.0,83,1826,1.0547,2,0,2,24,240
can_tho,severe,TwinGate+blindARQ,6,inf,awd,0.02,2025,2160,0,0,0.0,380.0,7,46,19,39,12,240.0,83,1835,1.9451,3,0,3,32,350
can_tho,severe,TwinGate+blindARQ,7,inf,awd,0.02,2025,2160,0,0,0.0,220.0,7,28,11,21,4,80.0,83,1839,1.3689,3,0,3,29,231
can_tho,severe,TwinGate+blindARQ,8,inf,awd,0.02,2025,2160,0,0,0.0,200.0,9,58,10,49,1,20.0,81,1831,2.9783,6,0,6,101,569
can_tho,severe,TwinGate+blindARQ,9,inf,awd,0.02,2025,2160,0,0,0.0,200.0,8,24,10,16,2,40.0,82,1804,1.3641,2,0,2,24,293
can_tho,severe,Reactive+T2,0,inf,awd,0.02,2025,2160,0,0,0.0,300.0,7,16,5,9,0,0.0,0,1861,1.1422,1,0,1,9,237
can_tho,severe,Reactive+T2,1,inf,awd,0.02,2025,2160,0,0,0.0,360.0,6,13,6,7,0,0.0,0,1864,0.0,0,0,0,0,149
can_tho,severe,Reactive+T2,2,inf,awd,0.02,2025,2160,0,0,0.0,600.0,6,20,10,14,4,240.0,0,1857,1.743,0,0,0,0,147
can_tho,severe,Reactive+T2,3,inf,awd,0.02,2025,2160,0,0,0.0,360.0,12,45,6,33,1,60.0,0,1824,3.2071,3,2,1,230,358
can_tho,severe,Reactive+T2,4,inf,awd,0.02,2025,2160,0,0,0.0,360.0,7,19,6,12,0,0.0,0,1831,1.2188,1,0,1,9,155
can_tho,severe,Reactive+T2,5,inf,awd,0.02,2025,2160,0,0,0.0,600.0,7,16,10,9,4,240.0,0,1826,1.7229,1,0,1,11,195
can_tho,severe,Reactive+T2,6,inf,awd,0.02,2025,2160,0,0,0.0,420.0,7,22,7,15,3,180.0,0,1835,2.1382,1,0,1,14,147
can_tho,severe,Reactive+T2,7,inf,awd,0.02,2025,2160,0,0,0.0,420.0,9,29,7,20,2,120.0,0,1839,2.9053,2,0,2,94,224
can_tho,severe,Reactive+T2,8,inf,awd,0.02,2025,2160,0,0,0.0,300.0,9,24,5,15,1,60.0,0,1831,1.8508,3,0,3,90,246
can_tho,severe,Reactive+T2,9,inf,awd,0.02,2025,2160,0,0,0.0,360.0,7,19,6,12,1,60.0,0,1804,1.499,1,0,1,15,260
can_tho,severe,Reactive+blindARQ,0,inf,awd,0.02,2025,2160,0,0,0.0,360.0,6,24,6,18,0,0.0,0,1861,2.5314,0,0,0,0,143
can_tho,severe,Reactive+blindARQ,1,inf,awd,0.02,2025,2160,0,0,0.0,420.0,6,14,7,8,1,60.0,0,1864,0.0,0,0,0,0,149
can_tho,severe,Reactive+blindARQ,2,inf,awd,0.02,2025,2160,0,0,0.0,720.0,5,41,12,36,7,420.0,0,1857,1.2588,0,0,0,0,173
can_tho,severe,Reactive+blindARQ,3,inf,awd,0.02,2025,2160,0,0,0.0,600.0,5,44,10,39,5,300.0,0,1824,3.2132,1,0,1,15,195
can_tho,severe,Reactive+blindARQ,4,inf,awd,0.02,2025,2160,0,0,0.0,480.0,6,24,8,18,2,120.0,0,1831,1.5155,0,0,0,0,152
can_tho,severe,Reactive+blindARQ,5,inf,awd,0.02,2025,2160,0,0,0.0,600.0,6,28,10,22,4,240.0,0,1826,1.7238,0,0,0,0,150
can_tho,severe,Reactive+blindARQ,6,inf,awd,0.02,2025,2160,0,0,0.0,780.0,6,49,13,43,7,420.0,0,1835,2.1457,0,0,0,0,181
can_tho,severe,Reactive+blindARQ,7,inf,awd,0.02,2025,2160,0,0,0.0,600.0,6,27,10,21,4,240.0,0,1839,1.9391,0,0,0,0,153
can_tho,severe,Reactive+blindARQ,8,inf,awd,0.02,2025,2160,0,0,0.0,420.0,6,17,7,11,1,60.0,0,1831,1.2296,0,0,0,0,149
can_tho,severe,Reactive+blindARQ,9,inf,awd,0.02,2025,2160,0,0,0.0,480.0,6,22,8,16,2,120.0,0,1804,2.3648,0,0,0,0,155
can_tho,severe,FixedSchedule,0,inf,awd,0.02,2025,2160,0,0,0.0,1500.0,18,98,25,80,7,420.0,0,1861,2.4492,0,0,0,0,0
can_tho,severe,FixedSchedule,1,inf,awd,0.02,2025,2160,0,0,0.0,1320.0,18,72,22,54,4,240.0,0,1864,1.4173,0,0,0,0,0
can_tho,severe,FixedSchedule,2,inf,awd,0.02,2025,2160,0,0,0.0,1680.0,18,67,28,49,10,600.0,0,1857,1.6333,0,0,0,0,0
can_tho,severe,FixedSchedule,3,inf,awd,0.02,2025,2160,0,0,0.0,2040.0,18,110,34,92,16,960.0,0,1824,2.6811,0,0,0,0,0
can_tho,severe,FixedSchedule,4,inf,awd,0.02,2025,2160,0,0,0.0,1500.0,18,74,25,56,7,420.0,0,1831,1.5926,0,0,0,0,0
can_tho,severe,FixedSchedule,5,inf,awd,0.02,2025,2160,0,0,0.0,1800.0,18,80,30,62,12,720.0,0,1826,2.2629,0,0,0,0,0
can_tho,severe,FixedSchedule,6,inf,awd,0.02,2025,2160,0,0,0.0,2160.0,18,98,36,80,18,1080.0,0,1835,1.8192,0,0,0,0,0
can_tho,severe,FixedSchedule,7,inf,awd,0.02,2025,2160,0,0,0.0,1560.0,18,96,26,78,8,480.0,0,1839,2.5698,0,0,0,0,0
can_tho,severe,FixedSchedule,8,inf,awd,0.02,2025,2160,0,0,0.0,1260.0,18,56,21,38,3,180.0,0,1831,0.4388,0,0,0,0,0
can_tho,severe,FixedSchedule,9,inf,awd,0.02,2025,2160,0,0,0.0,1260.0,18,62,21,44,3,180.0,0,1804,0.7852,0,0,0,0,0
can_tho,severe,Oracle,0,inf,awd,0.02,2025,2160,0,0,0.0,240.0,12,47,12,35,2,40.0,0,1861,2.1629,0,0,0,0,0
can_tho,severe,Oracle,1,inf,awd,0.02,2025,2160,0,0,0.0,240.0,12,39,12,27,0,0.0,0,1864,1.4272,0,0,0,0,0
can_tho,severe,Oracle,2,inf,awd,0.02,2025,2160,0,0,0.0,240.0,12,39,12,27,3,60.0,0,1857,1.7128,0,0,0,0,0
can_tho,severe,Oracle,3,inf,awd,0.02,2025,2160,0,0,0.0,240.0,12,38,12,26,3,60.0,0,1824,1.8143,0,0,0,0,0
can_tho,severe,Oracle,4,inf,awd,0.02,2025,2160,0,0,0.0,240.0,12,35,12,23,2,40.0,0,1831,1.921,0,0,0,0,0
can_tho,severe,Oracle,5,inf,awd,0.02,2025,2160,0,0,0.0,240.0,12,27,12,15,2,40.0,0,1826,1.1386,0,0,0,0,0
can_tho,severe,Oracle,6,inf,awd,0.02,2025,2160,0,0,0.0,240.0,12,42,12,30,3,60.0,0,1835,1.5939,0,0,0,0,0
can_tho,severe,Oracle,7,inf,awd,0.02,2025,2160,0,0,0.0,240.0,12,43,12,31,3,60.0,0,1839,1.804,0,0,0,0,0
can_tho,severe,Oracle,8,inf,awd,0.02,2025,2160,0,0,0.0,240.0,12,58,12,46,1,20.0,0,1831,2.5316,0,0,0,0,0
can_tho,severe,Oracle,9,inf,awd,0.02,2025,2160,0,0,0.0,240.0,12,31,12,19,1,20.0,0,1804,1.0594,0,0,0,0,0
can_tho,severe,TwinGate+T2+centre,0,inf,awd,0.02,2025,2160,0,0,0.0,200.0,12,29,10,17,1,20.0,78,1861,1.054,5,0,5,124,464
can_tho,severe,TwinGate+T2+centre,1,inf,awd,0.02,2025,2160,0,0,0.0,200.0,10,21,10,11,0,0.0,80,1864,0.6086,3,0,3,27,329
can_tho,severe,TwinGate+T2+centre,2,inf,awd,0.02,2025,2160,0,0,0.0,240.0,7,19,12,12,5,100.0,83,1857,0.9623,3,0,3,34,221
can_tho,severe,TwinGate+T2+centre,3,inf,awd,0.02,2025,2160,0,0,0.0,180.0,14,45,9,31,4,80.0,76,1824,1.6101,7,1,5,867,504
can_tho,severe,TwinGate+T2+centre,4,inf,awd,0.02,2025,2160,0,0,0.0,200.0,12,30,10,18,1,20.0,78,1831,1.1386,4,1,3,188,492
can_tho,severe,TwinGate+T2+centre,5,inf,awd,0.02,2025,2160,0,0,0.0,200.0,9,24,10,15,2,40.0,81,1826,1.0543,2,0,2,26,296
can_tho,severe,TwinGate+T2+centre,6,inf,awd,0.02,2025,2160,0,0,0.0,200.0,10,31,10,21,4,80.0,80,1835,1.2172,3,0,3,94,416
can_tho,severe,TwinGate+T2+centre,7,inf,awd,0.02,2025,2160,0,0,0.0,220.0,12,43,11,31,3,60.0,78,1839,1.4272,4,0,4,104,356
can_tho,severe,TwinGate+T2+centre,8,inf,awd,0.02,2025,2160,0,0,0.0,200.0,16,40,10,24,0,0.0,74,1831,1.3606,6,1,5,160,504
can_tho,severe,TwinGate+T2+centre,9,inf,awd,0.02,2025,2160,0,0,0.0,200.0,12,31,10,19,0,0.0,78,1804,1.2172,5,0,5,122,479
can_tho,severe,TwinGate+T2,0,inf,mid,0.05,2025,2160,0,0,0.0,200.0,12,29,10,17,1,20.0,78,1861,1.054,5,0,5,124,464
can_tho,severe,TwinGate+T2,1,inf,mid,0.05,2025,2160,0,0,0.0,200.0,10,21,10,11,0,0.0,80,1864,0.6086,3,0,3,27,329
can_tho,severe,TwinGate+T2,2,inf,mid,0.05,2025,2160,0,0,0.0,240.0,7,19,12,12,5,100.0,83,1857,0.9623,3,0,3,34,221
can_tho,severe,TwinGate+T2,3,inf,mid,0.05,2025,2160,0,0,0.0,180.0,14,45,9,31,4,80.0,76,1824,1.6101,7,1,5,867,504
can_tho,severe,TwinGate+T2,4,inf,mid,0.05,2025,2160,0,0,0.0,200.0,12,30,10,18,1,20.0,78,1831,1.1386,4,1,3,188,492
can_tho,severe,TwinGate+T2,5,inf,mid,0.05,2025,2160,0,0,0.0,200.0,9,24,10,15,2,40.0,81,1826,1.0543,2,0,2,26,296
can_tho,severe,TwinGate+T2,6,inf,mid,0.05,2025,2160,0,0,0.0,200.0,10,31,10,21,4,80.0,80,1835,1.2172,3,0,3,94,416
can_tho,severe,TwinGate+T2,7,inf,mid,0.05,2025,2160,0,0,0.0,220.0,12,43,11,31,3,60.0,78,1839,1.4272,4,0,4,104,356
can_tho,severe,TwinGate+T2,8,inf,mid,0.05,2025,2160,0,0,0.0,200.0,16,40,10,24,0,0.0,74,1831,1.3606,6,1,5,160,504
can_tho,severe,TwinGate+T2,9,inf,mid,0.05,2025,2160,0,0,0.0,200.0,12,31,10,19,0,0.0,78,1804,1.2172,5,0,5,122,479
can_tho,severe,TwinGate+blindARQ,0,inf,mid,0.05,2025,2160,0,0,0.0,200.0,9,35,10,26,1,20.0,81,1861,2.308,4,0,4,105,397
can_tho,severe,TwinGate+blindARQ,1,inf,mid,0.05,2025,2160,0,0,0.0,200.0,9,20,10,11,1,20.0,81,1864,0.6086,2,0,2,17,327
can_tho,severe,TwinGate+blindARQ,2,inf,mid,0.05,2025,2160,0,0,0.0,300.0,7,51,15,44,8,160.0,83,1857,2.7596,4,0,4,73,363
can_tho,severe,TwinGate+blindARQ,3,inf,mid,0.05,2025,2160,0,0,0.0,260.0,7,32,13,25,6,120.0,83,1824,1.4906,2,0,2,19,304
can_tho,severe,TwinGate+blindARQ,4,inf,mid,0.05,2025,2160,0,0,0.0,200.0,8,33,10,25,2,40.0,82,1831,2.0991,3,0,3,44,308
can_tho,severe,TwinGate+blindARQ,5,inf,mid,0.05,2025,2160,0,0,0.0,280.0,7,23,14,16,7,140.0,83,1826,1.0547,2,0,2,24,240
can_tho,severe,TwinGate+blindARQ,6,inf,mid,0.05,2025,2160,0,0,0.0,380.0,7,46,19,39,12,240.0,83,1835,1.9451,3,0,3,32,350
can_tho,severe,TwinGate+blindARQ,7,inf,mid,0.05,2025,2160,0,0,0.0,220.0,7,28,11,21,4,80.0,83,1839,1.3689,3,0,3,29,231
can_tho,severe,TwinGate+blindARQ,8,inf,mid,0.05,2025,2160,0,0,0.0,200.0,9,58,10,49,1,20.0,81,1831,2.9783,6,0,6,101,569
can_tho,severe,TwinGate+blindARQ,9,inf,mid,0.05,2025,2160,0,0,0.0,200.0,8,24,10,16,2,40.0,82,1804,1.3641,2,0,2,24,293
can_tho,severe,Reactive+T2,0,inf,mid,0.05,2025,2160,0,0,0.0,300.0,7,16,5,9,0,0.0,0,1861,1.1422,1,0,1,9,237
can_tho,severe,Reactive+T2,1,inf,mid,0.05,2025,2160,0,0,0.0,360.0,6,13,6,7,0,0.0,0,1864,0.0,0,0,0,0,149
can_tho,severe,Reactive+T2,2,inf,mid,0.05,2025,2160,0,0,0.0,600.0,6,20,10,14,4,240.0,0,1857,1.743,0,0,0,0,147
can_tho,severe,Reactive+T2,3,inf,mid,0.05,2025,2160,0,0,0.0,360.0,12,45,6,33,1,60.0,0,1824,3.2071,3,2,1,230,358
can_tho,severe,Reactive+T2,4,inf,mid,0.05,2025,2160,0,0,0.0,360.0,7,19,6,12,0,0.0,0,1831,1.2188,1,0,1,9,155
can_tho,severe,Reactive+T2,5,inf,mid,0.05,2025,2160,0,0,0.0,600.0,7,16,10,9,4,240.0,0,1826,1.7229,1,0,1,11,195
can_tho,severe,Reactive+T2,6,inf,mid,0.05,2025,2160,0,0,0.0,420.0,7,22,7,15,3,180.0,0,1835,2.1382,1,0,1,14,147
can_tho,severe,Reactive+T2,7,inf,mid,0.05,2025,2160,0,0,0.0,420.0,9,29,7,20,2,120.0,0,1839,2.9053,2,0,2,94,224
can_tho,severe,Reactive+T2,8,inf,mid,0.05,2025,2160,0,0,0.0,300.0,9,24,5,15,1,60.0,0,1831,1.8508,3,0,3,90,246
can_tho,severe,Reactive+T2,9,inf,mid,0.05,2025,2160,0,0,0.0,360.0,7,19,6,12,1,60.0,0,1804,1.499,1,0,1,15,260
can_tho,severe,Reactive+blindARQ,0,inf,mid,0.05,2025,2160,0,0,0.0,360.0,6,24,6,18,0,0.0,0,1861,2.5314,0,0,0,0,143
can_tho,severe,Reactive+blindARQ,1,inf,mid,0.05,2025,2160,0,0,0.0,420.0,6,14,7,8,1,60.0,0,1864,0.0,0,0,0,0,149
can_tho,severe,Reactive+blindARQ,2,inf,mid,0.05,2025,2160,0,0,0.0,720.0,5,41,12,36,7,420.0,0,1857,1.2588,0,0,0,0,173
can_tho,severe,Reactive+blindARQ,3,inf,mid,0.05,2025,2160,0,0,0.0,600.0,5,44,10,39,5,300.0,0,1824,3.2132,1,0,1,15,195
can_tho,severe,Reactive+blindARQ,4,inf,mid,0.05,2025,2160,0,0,0.0,480.0,6,24,8,18,2,120.0,0,1831,1.5155,0,0,0,0,152
can_tho,severe,Reactive+blindARQ,5,inf,mid,0.05,2025,2160,0,0,0.0,600.0,6,28,10,22,4,240.0,0,1826,1.7238,0,0,0,0,150
can_tho,severe,Reactive+blindARQ,6,inf,mid,0.05,2025,2160,0,0,0.0,780.0,6,49,13,43,7,420.0,0,1835,2.1457,0,0,0,0,181
can_tho,severe,Reactive+blindARQ,7,inf,mid,0.05,2025,2160,0,0,0.0,600.0,6,27,10,21,4,240.0,0,1839,1.9391,0,0,0,0,153
can_tho,severe,Reactive+blindARQ,8,inf,mid,0.05,2025,2160,0,0,0.0,420.0,6,17,7,11,1,60.0,0,1831,1.2296,0,0,0,0,149
can_tho,severe,Reactive+blindARQ,9,inf,mid,0.05,2025,2160,0,0,0.0,480.0,6,22,8,16,2,120.0,0,1804,2.3648,0,0,0,0,155
can_tho,severe,FixedSchedule,0,inf,mid,0.05,2025,2160,0,0,0.0,1500.0,18,98,25,80,7,420.0,0,1861,2.4492,0,0,0,0,0
can_tho,severe,FixedSchedule,1,inf,mid,0.05,2025,2160,0,0,0.0,1320.0,18,72,22,54,4,240.0,0,1864,1.4173,0,0,0,0,0
can_tho,severe,FixedSchedule,2,inf,mid,0.05,2025,2160,0,0,0.0,1680.0,18,67,28,49,10,600.0,0,1857,1.6333,0,0,0,0,0
can_tho,severe,FixedSchedule,3,inf,mid,0.05,2025,2160,0,0,0.0,2040.0,18,110,34,92,16,960.0,0,1824,2.6811,0,0,0,0,0
can_tho,severe,FixedSchedule,4,inf,mid,0.05,2025,2160,0,0,0.0,1500.0,18,74,25,56,7,420.0,0,1831,1.5926,0,0,0,0,0
can_tho,severe,FixedSchedule,5,inf,mid,0.05,2025,2160,0,0,0.0,1800.0,18,80,30,62,12,720.0,0,1826,2.2629,0,0,0,0,0
can_tho,severe,FixedSchedule,6,inf,mid,0.05,2025,2160,0,0,0.0,2160.0,18,98,36,80,18,1080.0,0,1835,1.8192,0,0,0,0,0
can_tho,severe,FixedSchedule,7,inf,mid,0.05,2025,2160,0,0,0.0,1560.0,18,96,26,78,8,480.0,0,1839,2.5698,0,0,0,0,0
can_tho,severe,FixedSchedule,8,inf,mid,0.05,2025,2160,0,0,0.0,1260.0,18,56,21,38,3,180.0,0,1831,0.4388,0,0,0,0,0
can_tho,severe,FixedSchedule,9,inf,mid,0.05,2025,2160,0,0,0.0,1260.0,18,62,21,44,3,180.0,0,1804,0.7852,0,0,0,0,0
can_tho,severe,Oracle,0,inf,mid,0.05,2025,2160,0,0,0.0,240.0,12,47,12,35,2,40.0,0,1861,2.1629,0,0,0,0,0
can_tho,severe,Oracle,1,inf,mid,0.05,2025,2160,0,0,0.0,240.0,12,39,12,27,0,0.0,0,1864,1.4272,0,0,0,0,0
can_tho,severe,Oracle,2,inf,mid,0.05,2025,2160,0,0,0.0,240.0,12,39,12,27,3,60.0,0,1857,1.7128,0,0,0,0,0
can_tho,severe,Oracle,3,inf,mid,0.05,2025,2160,0,0,0.0,240.0,12,38,12,26,3,60.0,0,1824,1.8143,0,0,0,0,0
can_tho,severe,Oracle,4,inf,mid,0.05,2025,2160,0,0,0.0,240.0,12,35,12,23,2,40.0,0,1831,1.921,0,0,0,0,0
can_tho,severe,Oracle,5,inf,mid,0.05,2025,2160,0,0,0.0,240.0,12,27,12,15,2,40.0,0,1826,1.1386,0,0,0,0,0
can_tho,severe,Oracle,6,inf,mid,0.05,2025,2160,0,0,0.0,240.0,12,42,12,30,3,60.0,0,1835,1.5939,0,0,0,0,0
can_tho,severe,Oracle,7,inf,mid,0.05,2025,2160,0,0,0.0,240.0,12,43,12,31,3,60.0,0,1839,1.804,0,0,0,0,0
can_tho,severe,Oracle,8,inf,mid,0.05,2025,2160,0,0,0.0,240.0,12,58,12,46,1,20.0,0,1831,2.5316,0,0,0,0,0
can_tho,severe,Oracle,9,inf,mid,0.05,2025,2160,0,0,0.0,240.0,12,31,12,19,1,20.0,0,1804,1.0594,0,0,0,0,0
can_tho,severe,TwinGate+T2+centre,0,inf,mid,0.05,2025,2160,0,0,0.0,200.0,12,29,10,17,1,20.0,78,1861,1.054,5,0,5,124,464
can_tho,severe,TwinGate+T2+centre,1,inf,mid,0.05,2025,2160,0,0,0.0,200.0,10,21,10,11,0,0.0,80,1864,0.6086,3,0,3,27,329
can_tho,severe,TwinGate+T2+centre,2,inf,mid,0.05,2025,2160,0,0,0.0,240.0,7,19,12,12,5,100.0,83,1857,0.9623,3,0,3,34,221
can_tho,severe,TwinGate+T2+centre,3,inf,mid,0.05,2025,2160,0,0,0.0,180.0,14,45,9,31,4,80.0,76,1824,1.6101,7,1,5,867,504
can_tho,severe,TwinGate+T2+centre,4,inf,mid,0.05,2025,2160,0,0,0.0,200.0,12,30,10,18,1,20.0,78,1831,1.1386,4,1,3,188,492
can_tho,severe,TwinGate+T2+centre,5,inf,mid,0.05,2025,2160,0,0,0.0,200.0,9,24,10,15,2,40.0,81,1826,1.0543,2,0,2,26,296
can_tho,severe,TwinGate+T2+centre,6,inf,mid,0.05,2025,2160,0,0,0.0,200.0,10,31,10,21,4,80.0,80,1835,1.2172,3,0,3,94,416
can_tho,severe,TwinGate+T2+centre,7,inf,mid,0.05,2025,2160,0,0,0.0,220.0,12,43,11,31,3,60.0,78,1839,1.4272,4,0,4,104,356
can_tho,severe,TwinGate+T2+centre,8,inf,mid,0.05,2025,2160,0,0,0.0,200.0,16,40,10,24,0,0.0,74,1831,1.3606,6,1,5,160,504
can_tho,severe,TwinGate+T2+centre,9,inf,mid,0.05,2025,2160,0,0,0.0,200.0,12,31,10,19,0,0.0,78,1804,1.2172,5,0,5,122,479
can_tho,severe,TwinGate+T2,0,inf,narrow,0.1,2025,2160,0,0,0.0,180.0,13,31,9,18,1,20.0,77,1861,0.8607,9,1,8,434,917
can_tho,severe,TwinGate+T2,1,inf,narrow,0.1,2025,2160,0,0,0.0,180.0,12,38,9,26,0,0.0,78,1864,1.0541,9,2,7,516,892
can_tho,severe,TwinGate+T2,2,inf,narrow,0.1,2025,2160,0,0,0.0,200.0,7,21,10,14,5,100.0,83,1857,0.9623,7,1,6,321,522
can_tho,severe,TwinGate+T2,3,inf,narrow,0.1,2025,2160,178,0,5.9004,160.0,7,23,7,16,3,60.0,83,1824,1.1385,4,3,1,638,765
can_tho,severe,TwinGate+T2,4,inf,narrow,0.1,2025,2160,0,0,0.0,180.0,11,33,9,22,1,20.0,79,1831,1.0541,8,2,6,518,767
can_tho,severe,TwinGate+T2,5,inf,narrow,0.1,2025,2160,0,0,0.0,200.0,8,19,10,11,4,80.0,82,1826,1.0541,7,2,5,450,678
can_tho,severe,TwinGate+T2,6,inf,narrow,0.1,2025,2160,0,0,0.0,200.0,10,31,10,21,5,100.0,80,1835,1.4446,8,1,6,1005,662
can_tho,severe,TwinGate+T2,7,inf,narrow,0.1,2025,2160,0,0,0.0,180.0,8,24,9,16,3,60.0,82,1839,1.3608,7,1,5,986,627
can_tho,severe,TwinGate+T2,8,inf,narrow,0.1,2025,2160,0,0,0.0,180.0,10,27,9,17,1,20.0,80,1831,0.7454,9,3,6,590,872
can_tho,severe,TwinGate+T2,9,inf,narrow,0.1,2025,2160,0,0,0.0,180.0,9,21,9,12,2,40.0,81,1804,0.6086,8,2,6,421,689
can_tho,severe,TwinGate+blindARQ,0,inf,narrow,0.1,2025,2160,0,0,0.0,180.0,8,18,9,10,1,20.0,82,1861,0.6086,9,1,7,1032,677
can_tho,severe,TwinGate+blindARQ,1,inf,narrow,0.1,2025,2160,0,0,0.0,180.0,8,30,9,22,1,20.0,82,1864,1.291,9,1,7,1050,649
can_tho,severe,TwinGate+blindARQ,2,inf,narrow,0.1,2025,2160,0,0,0.0,280.0,6,43,14,37,8,160.0,84,1857,1.1953,6,0,6,196,453
can_tho,severe,TwinGate+blindARQ,3,inf,narrow,0.1,2025,2160,0,0,0.0,220.0,6,41,11,35,5,100.0,84,1824,1.7283,6,0,6,163,507
can_tho,severe,TwinGate+blindARQ,4,inf,narrow,0.1,2025,2160,0,0,0.0,180.0,7,29,9,22,2,40.0,83,1831,1.3607,8,1,6,1044,647
can_tho,severe,TwinGate+blindARQ,5,inf,narrow,0.1,2025,2160,0,0,0.0,200.0,6,35,10,29,4,80.0,84,1826,1.7831,6,2,4,415,584
can_tho,severe,TwinGate+blindARQ,6,inf,narrow,0.1,2025,2160,0,0,0.0,260.0,6,44,13,38,7,140.0,84,1835,1.5915,6,0,6,166,461
can_tho,severe,TwinGate+blindARQ,7,inf,narrow,0.1,2025,2160,0,0,0.0,200.0,6,56,10,50,4,80.0,84,1839,2.8209,6,1,5,307,598
can_tho,severe,TwinGate+blindARQ,8,inf,narrow,0.1,2025,2160,0,0,0.0,180.0,8,25,9,17,1,20.0,82,1831,0.9823,9,1,7,1047,641
can_tho,severe,TwinGate+blindARQ,9,inf,narrow,0.1,2025,2160,0,0,0.0,180.0,7,21,9,14,2,40.0,83,1804,0.8607,8,1,6,1029,615
can_tho,severe,Reactive+T2,0,inf,narrow,0.1,2025,2160,0,0,0.0,300.0,7,16,5,9,0,0.0,0,1861,1.1422,1,0,1,9,237
can_tho,severe,Reactive+T2,1,inf,narrow,0.1,2025,2160,0,0,0.0,360.0,6,13,6,7,0,0.0,0,1864,0.0,0,0,0,0,149
can_tho,severe,Reactive+T2,2,inf,narrow,0.1,2025,2160,0,0,0.0,600.0,6,20,10,14,4,240.0,0,1857,1.743,0,0,0,0,147
can_tho,severe,Reactive+T2,3,inf,narrow,0.1,2025,2160,0,0,0.0,360.0,12,45,6,33,1,60.0,0,1824,3.2071,3,2,1,230,358
can_tho,severe,Reactive+T2,4,inf,narrow,0.1,2025,2160,0,0,0.0,360.0,7,19,6,12,0,0.0,0,1831,1.2188,1,0,1,9,155
can_tho,severe,Reactive+T2,5,inf,narrow,0.1,2025,2160,0,0,0.0,600.0,7,16,10,9,4,240.0,0,1826,1.7229,1,0,1,11,195
can_tho,severe,Reactive+T2,6,inf,narrow,0.1,2025,2160,0,0,0.0,420.0,7,22,7,15,3,180.0,0,1835,2.1382,1,0,1,14,147
can_tho,severe,Reactive+T2,7,inf,narrow,0.1,2025,2160,0,0,0.0,420.0,9,29,7,20,2,120.0,0,1839,2.9053,2,0,2,94,224
can_tho,severe,Reactive+T2,8,inf,narrow,0.1,2025,2160,0,0,0.0,300.0,9,24,5,15,1,60.0,0,1831,1.8508,3,0,3,90,246
can_tho,severe,Reactive+T2,9,inf,narrow,0.1,2025,2160,0,0,0.0,360.0,7,19,6,12,1,60.0,0,1804,1.499,1,0,1,15,260
can_tho,severe,Reactive+blindARQ,0,inf,narrow,0.1,2025,2160,0,0,0.0,360.0,6,24,6,18,0,0.0,0,1861,2.5314,0,0,0,0,143
can_tho,severe,Reactive+blindARQ,1,inf,narrow,0.1,2025,2160,0,0,0.0,420.0,6,14,7,8,1,60.0,0,1864,0.0,0,0,0,0,149
can_tho,severe,Reactive+blindARQ,2,inf,narrow,0.1,2025,2160,0,0,0.0,720.0,5,41,12,36,7,420.0,0,1857,1.2588,0,0,0,0,173
can_tho,severe,Reactive+blindARQ,3,inf,narrow,0.1,2025,2160,0,0,0.0,600.0,5,44,10,39,5,300.0,0,1824,3.2132,1,0,1,15,195
can_tho,severe,Reactive+blindARQ,4,inf,narrow,0.1,2025,2160,0,0,0.0,480.0,6,24,8,18,2,120.0,0,1831,1.5155,0,0,0,0,152
can_tho,severe,Reactive+blindARQ,5,inf,narrow,0.1,2025,2160,0,0,0.0,600.0,6,28,10,22,4,240.0,0,1826,1.7238,0,0,0,0,150
can_tho,severe,Reactive+blindARQ,6,inf,narrow,0.1,2025,2160,0,0,0.0,780.0,6,49,13,43,7,420.0,0,1835,2.1457,0,0,0,0,181
can_tho,severe,Reactive+blindARQ,7,inf,narrow,0.1,2025,2160,0,0,0.0,600.0,6,27,10,21,4,240.0,0,1839,1.9391,0,0,0,0,153
can_tho,severe,Reactive+blindARQ,8,inf,narrow,0.1,2025,2160,0,0,0.0,420.0,6,17,7,11,1,60.0,0,1831,1.2296,0,0,0,0,149
can_tho,severe,Reactive+blindARQ,9,inf,narrow,0.1,2025,2160,0,0,0.0,480.0,6,22,8,16,2,120.0,0,1804,2.3648,0,0,0,0,155
can_tho,severe,FixedSchedule,0,inf,narrow,0.1,2025,2160,0,0,0.0,1500.0,18,98,25,80,7,420.0,0,1861,2.4492,0,0,0,0,0
can_tho,severe,FixedSchedule,1,inf,narrow,0.1,2025,2160,0,0,0.0,1320.0,18,72,22,54,4,240.0,0,1864,1.4173,0,0,0,0,0
can_tho,severe,FixedSchedule,2,inf,narrow,0.1,2025,2160,0,0,0.0,1680.0,18,67,28,49,10,600.0,0,1857,1.6333,0,0,0,0,0
can_tho,severe,FixedSchedule,3,inf,narrow,0.1,2025,2160,0,0,0.0,2040.0,18,110,34,92,16,960.0,0,1824,2.6811,0,0,0,0,0
can_tho,severe,FixedSchedule,4,inf,narrow,0.1,2025,2160,0,0,0.0,1500.0,18,74,25,56,7,420.0,0,1831,1.5926,0,0,0,0,0
can_tho,severe,FixedSchedule,5,inf,narrow,0.1,2025,2160,0,0,0.0,1800.0,18,80,30,62,12,720.0,0,1826,2.2629,0,0,0,0,0
can_tho,severe,FixedSchedule,6,inf,narrow,0.1,2025,2160,0,0,0.0,2160.0,18,98,36,80,18,1080.0,0,1835,1.8192,0,0,0,0,0
can_tho,severe,FixedSchedule,7,inf,narrow,0.1,2025,2160,0,0,0.0,1560.0,18,96,26,78,8,480.0,0,1839,2.5698,0,0,0,0,0
can_tho,severe,FixedSchedule,8,inf,narrow,0.1,2025,2160,0,0,0.0,1260.0,18,56,21,38,3,180.0,0,1831,0.4388,0,0,0,0,0
can_tho,severe,FixedSchedule,9,inf,narrow,0.1,2025,2160,0,0,0.0,1260.0,18,62,21,44,3,180.0,0,1804,0.7852,0,0,0,0,0
can_tho,severe,Oracle,0,inf,narrow,0.1,2025,2160,0,0,0.0,240.0,12,47,12,35,2,40.0,0,1861,2.1629,0,0,0,0,0
can_tho,severe,Oracle,1,inf,narrow,0.1,2025,2160,0,0,0.0,240.0,12,39,12,27,0,0.0,0,1864,1.4272,0,0,0,0,0
can_tho,severe,Oracle,2,inf,narrow,0.1,2025,2160,0,0,0.0,240.0,12,39,12,27,3,60.0,0,1857,1.7128,0,0,0,0,0
can_tho,severe,Oracle,3,inf,narrow,0.1,2025,2160,0,0,0.0,240.0,12,38,12,26,3,60.0,0,1824,1.8143,0,0,0,0,0
can_tho,severe,Oracle,4,inf,narrow,0.1,2025,2160,0,0,0.0,240.0,12,35,12,23,2,40.0,0,1831,1.921,0,0,0,0,0
can_tho,severe,Oracle,5,inf,narrow,0.1,2025,2160,0,0,0.0,240.0,12,27,12,15,2,40.0,0,1826,1.1386,0,0,0,0,0
can_tho,severe,Oracle,6,inf,narrow,0.1,2025,2160,0,0,0.0,240.0,12,42,12,30,3,60.0,0,1835,1.5939,0,0,0,0,0
can_tho,severe,Oracle,7,inf,narrow,0.1,2025,2160,0,0,0.0,240.0,12,43,12,31,3,60.0,0,1839,1.804,0,0,0,0,0
can_tho,severe,Oracle,8,inf,narrow,0.1,2025,2160,0,0,0.0,240.0,12,58,12,46,1,20.0,0,1831,2.5316,0,0,0,0,0
can_tho,severe,Oracle,9,inf,narrow,0.1,2025,2160,0,0,0.0,240.0,12,31,12,19,1,20.0,0,1804,1.0594,0,0,0,0,0
can_tho,severe,TwinGate+T2+centre,0,inf,narrow,0.1,2025,2160,0,0,0.0,180.0,13,31,9,18,1,20.0,77,1861,0.8607,9,1,8,434,917
can_tho,severe,TwinGate+T2+centre,1,inf,narrow,0.1,2025,2160,0,0,0.0,180.0,12,38,9,26,0,0.0,78,1864,1.0541,9,2,7,516,892
can_tho,severe,TwinGate+T2+centre,2,inf,narrow,0.1,2025,2160,0,0,0.0,200.0,7,21,10,14,5,100.0,83,1857,0.9623,7,1,6,321,522
can_tho,severe,TwinGate+T2+centre,3,inf,narrow,0.1,2025,2160,178,0,5.9004,160.0,7,23,7,16,3,60.0,83,1824,1.1385,4,3,1,638,765
can_tho,severe,TwinGate+T2+centre,4,inf,narrow,0.1,2025,2160,0,0,0.0,180.0,11,33,9,22,1,20.0,79,1831,1.0541,8,2,6,518,767
can_tho,severe,TwinGate+T2+centre,5,inf,narrow,0.1,2025,2160,0,0,0.0,200.0,8,19,10,11,4,80.0,82,1826,1.0541,7,2,5,450,678
can_tho,severe,TwinGate+T2+centre,6,inf,narrow,0.1,2025,2160,0,0,0.0,200.0,10,31,10,21,5,100.0,80,1835,1.4446,8,1,6,1005,662
can_tho,severe,TwinGate+T2+centre,7,inf,narrow,0.1,2025,2160,0,0,0.0,180.0,8,24,9,16,3,60.0,82,1839,1.3608,7,1,5,986,627
can_tho,severe,TwinGate+T2+centre,8,inf,narrow,0.1,2025,2160,0,0,0.0,180.0,10,27,9,17,1,20.0,80,1831,0.7454,9,3,6,590,872
can_tho,severe,TwinGate+T2+centre,9,inf,narrow,0.1,2025,2160,0,0,0.0,180.0,9,21,9,12,2,40.0,81,1804,0.6086,8,2,6,421,689
soc_trang,mild,TwinGate+T2,0,80.0,awd,0.02,2025,2160,143,0,3.0535,80.0,4,4,4,0,0,0.0,86,1861,0.0,5,4,0,1778,1583
soc_trang,mild,TwinGate+T2,1,80.0,awd,0.02,2025,2160,143,0,3.0535,80.0,4,5,4,1,1,20.0,86,1864,0.4303,5,4,0,1778,1583
soc_trang,mild,TwinGate+T2,2,80.0,awd,0.02,2025,2160,163,0,3.535,80.0,4,7,4,3,1,20.0,86,1857,0.8604,4,3,0,1825,1596
soc_trang,mild,TwinGate+T2,3,80.0,awd,0.02,2025,2160,164,0,3.5978,80.0,3,4,4,1,2,40.0,87,1824,0.0,4,3,0,1823,1592
soc_trang,mild,TwinGate+T2,4,80.0,awd,0.02,2025,2160,161,0,3.4583,80.0,4,6,4,2,1,20.0,86,1831,0.6086,4,3,0,1834,1572
soc_trang,mild,TwinGate+T2,5,80.0,awd,0.02,2025,2160,161,0,3.4458,80.0,4,6,4,2,1,20.0,86,1826,0.6086,4,3,0,1825,1591
soc_trang,mild,TwinGate+T2,6,80.0,awd,0.02,2025,2160,219,0,4.6308,80.0,2,4,4,2,3,60.0,88,1835,0.0,3,2,0,1753,1489
soc_trang,mild,TwinGate+T2,7,80.0,awd,0.02,2025,2160,219,0,4.6308,80.0,2,4,4,2,2,40.0,88,1839,0.0,3,2,0,1753,1489
soc_trang,mild,TwinGate+T2,8,80.0,awd,0.02,2025,2160,143,0,3.0535,80.0,4,5,4,1,0,0.0,86,1831,0.4303,5,4,0,1779,1583
soc_trang,mild,TwinGate+T2,9,80.0,awd,0.02,2025,2160,164,0,3.5978,80.0,3,4,4,1,1,20.0,87,1804,0.0,4,3,0,1823,1592
soc_trang,mild,TwinGate+blindARQ,0,80.0,awd,0.02,2025,2160,143,0,3.0535,80.0,4,4,4,0,0,0.0,86,1861,0.0,5,4,0,1778,1583
soc_trang,mild,TwinGate+blindARQ,1,80.0,awd,0.02,2025,2160,164,0,3.6157,80.0,3,5,4,2,1,20.0,87,1864,0.4303,4,3,0,1811,1571
soc_trang,mild,TwinGate+blindARQ,2,80.0,awd,0.02,2025,2160,233,0,4.8741,80.0,2,9,4,7,2,40.0,88,1857,1.2168,3,2,0,1769,1524
soc_trang,mild,TwinGate+blindARQ,3,80.0,awd,0.02,2025,2160,234,0,4.8924,80.0,2,4,4,2,2,40.0,88,1824,0.0,3,2,0,1764,1519
soc_trang,mild,TwinGate+blindARQ,4,80.0,awd,0.02,2025,2160,164,0,3.611,80.0,3,8,4,5,1,20.0,87,1831,0.8607,4,3,0,1836,1572
soc_trang,mild,TwinGate+blindARQ,5,80.0,awd,0.02,2025,2160,164,0,3.5977,80.0,3,6,4,3,1,20.0,87,1826,0.6086,4,3,0,1825,1592
soc_trang,mild,TwinGate+blindARQ,6,80.0,awd,0.02,2025,2160,398,0,12.2962,80.0,1,4,4,3,3,60.0,89,1835,0.0,2,1,0,1797,1503
soc_trang,mild,TwinGate+blindARQ,7,80.0,awd,0.02,2025,2160,219,0,4.6308,80.0,2,4,4,2,2,40.0,88,1839,0.0,3,2,0,1753,1489
soc_trang,mild,TwinGate+blindARQ,8,80.0,awd,0.02,2025,2160,143,0,3.0535,80.0,4,5,4,1,0,0.0,86,1831,0.4303,5,4,0,1779,1583
soc_trang,mild,TwinGate+blindARQ,9,80.0,awd,0.02,2025,2160,164,0,3.5978,80.0,3,4,4,1,1,20.0,87,1804,0.0,4,3,0,1823,1592
soc_trang,mild,Reactive+T2,0,80.0,awd,0.02,2025,2160,425,0,14.2612,80.0,2,2,2,0,0,0.0,0,1861,0.0,2,0,1,1700,1437
soc_trang,mild,Reactive+T2,1,80.0,awd,0.02,2025,2160,425,0,14.2612,80.0,2,2,2,0,0,0.0,0,1864,0.0,2,0,1,1700,1437
soc_trang,mild,Reactive+T2,2,80.0,awd,0.02,2025,2160,425,0,14.2612,80.0,2,2,2,0,0,0.0,0,1857,0.0,2,0,1,1700,1437
soc_trang,mild,Reactive+T2,3,80.0,awd,0.02,2025,2160,425,0,14.2612,80.0,2,2,2,0,0,0.0,0,1824,0.0,2,0,1,1700,1437
soc_trang,mild,Reactive+T2,4,80.0,awd,0.02,2025,2160,425,0,14.2612,80.0,2,2,2,0,1,20.0,0,1831,0.0,2,0,1,1700,1437
soc_trang,mild,Reactive+T2,5,80.0,awd,0.02,2025,2160,425,0,14.2612,80.0,2,2,2,0,0,0.0,0,1826,0.0,2,0,1,1700,1437
soc_trang,mild,Reactive+T2,6,80.0,awd,0.02,2025,2160,425,0,14.2612,80.0,2,2,2,0,1,20.0,0,1835,0.0,2,0,1,1700,1437
soc_trang,mild,Reactive+T2,7,80.0,awd,0.02,2025,2160,425,0,14.2612,80.0,2,2,2,0,1,20.0,0,1839,0.0,2,0,1,1700,1437
soc_trang,mild,Reactive+T2,8,80.0,awd,0.02,2025,2160,425,0,14.2612,80.0,2,2,2,0,0,0.0,0,1831,0.0,2,0,1,1700,1437
soc_trang,mild,Reactive+T2,9,80.0,awd,0.02,2025,2160,425,0,14.2612,80.0,2,2,2,0,0,0.0,0,1804,0.0,2,0,1,1700,1437
soc_trang,mild,Reactive+blindARQ,0,80.0,awd,0.02,2025,2160,425,0,14.2612,80.0,2,2,2,0,0,0.0,0,1861,0.0,2,0,1,1700,1437
soc_trang,mild,Reactive+blindARQ,1,80.0,awd,0.02,2025,2160,425,0,14.2612,80.0,2,2,2,0,0,0.0,0,1864,0.0,2,0,1,1700,1437
soc_trang,mild,Reactive+blindARQ,2,80.0,awd,0.02,2025,2160,425,0,14.2612,80.0,2,2,2,0,0,0.0,0,1857,0.0,2,0,1,1700,1437
soc_trang,mild,Reactive+blindARQ,3,80.0,awd,0.02,2025,2160,425,0,14.2612,80.0,2,2,2,0,0,0.0,0,1824,0.0,2,0,1,1700,1437
soc_trang,mild,Reactive+blindARQ,4,80.0,awd,0.02,2025,2160,425,0,14.2612,80.0,2,2,2,0,1,20.0,0,1831,0.0,2,0,1,1700,1437
soc_trang,mild,Reactive+blindARQ,5,80.0,awd,0.02,2025,2160,425,0,14.2612,80.0,2,2,2,0,0,0.0,0,1826,0.0,2,0,1,1700,1437
soc_trang,mild,Reactive+blindARQ,6,80.0,awd,0.02,2025,2160,425,0,14.2612,80.0,2,2,2,0,1,20.0,0,1835,0.0,2,0,1,1700,1437
soc_trang,mild,Reactive+blindARQ,7,80.0,awd,0.02,2025,2160,425,0,14.2612,80.0,2,2,2,0,1,20.0,0,1839,0.0,2,0,1,1700,1437
soc_trang,mild,Reactive+blindARQ,8,80.0,awd,0.02,2025,2160,425,0,14.2612,80.0,2,2,2,0,0,0.0,0,1831,0.0,2,0,1,1700,1437
soc_trang,mild,Reactive+blindARQ,9,80.0,awd,0.02,2025,2160,425,0,14.2612,80.0,2,2,2,0,0,0.0,0,1804,0.0,2,0,1,1700,1437
soc_trang,mild,FixedSchedule,0,80.0,awd,0.02,2025,2160,652,0,34.6082,80.0,2,2,2,0,0,0.0,0,1861,0.0,2,0,1,1873,1593
soc_trang,mild,FixedSchedule,1,80.0,awd,0.02,2025,2160,652,0,34.6082,80.0,2,2,2,0,0,0.0,0,1864,0.0,2,0,1,1873,1593
soc_trang,mild,FixedSchedule,2,80.0,awd,0.02,2025,2160,652,0,34.6082,80.0,2,2,2,0,0,0.0,0,1857,0.0,2,0,1,1873,1593
soc_trang,mild,FixedSchedule,3,80.0,awd,0.02,2025,2160,652,0,34.6082,80.0,2,2,2,0,0,0.0,0,1824,0.0,2,0,1,1873,1593
soc_trang,mild,FixedSchedule,4,80.0,awd,0.02,2025,2160,652,0,34.6082,80.0,2,2,2,0,1,20.0,0,1831,0.0,2,0,1,1873,1593
soc_trang,mild,FixedSchedule,5,80.0,awd,0.02,2025,2160,652,0,34.6082,80.0,2,2,2,0,0,0.0,0,1826,0.0,2,0,1,1873,1593
soc_trang,mild,FixedSchedule,6,80.0,awd,0.02,2025,2160,652,0,34.6082,80.0,2,2,2,0,1,20.0,0,1835,0.0,2,0,1,1873,1593
soc_trang,mild,FixedSchedule,7,80.0,awd,0.02,2025,2160,652,0,34.6082,80.0,2,2,2,0,1,20.0,0,1839,0.0,2,0,1,1873,1593
soc_trang,mild,FixedSchedule,8,80.0,awd,0.02,2025,2160,652,0,34.6082,80.0,2,2,2,0,0,0.0,0,1831,0.0,2,0,1,1873,1593
soc_trang,mild,FixedSchedule,9,80.0,awd,0.02,2025,2160,652,0,34.6082,80.0,2,2,2,0,0,0.0,0,1804,0.0,2,0,1,1873,1593
soc_trang,mild,Oracle,0,80.0,awd,0.02,2025,2160,143,0,3.0535,80.0,4,4,4,0,0,0.0,0,1861,0.0,5,4,0,1778,1583
soc_trang,mild,Oracle,1,80.0,awd,0.02,2025,2160,143,0,3.0535,80.0,4,4,4,0,1,20.0,0,1864,0.0,5,4,0,1778,1583
soc_trang,mild,Oracle,2,80.0,awd,0.02,2025,2160,143,0,3.0527,80.0,4,9,4,5,2,40.0,0,1857,1.2168,5,4,0,1780,1583
soc_trang,mild,Oracle,3,80.0,awd,0.02,2025,2160,143,0,3.0535,80.0,4,4,4,0,2,40.0,0,1824,0.0,5,4,0,1778,1583
soc_trang,mild,Oracle,4,80.0,awd,0.02,2025,2160,143,0,3.0535,80.0,4,4,4,0,1,20.0,0,1831,0.0,5,4,0,1778,1583
soc_trang,mild,Oracle,5,80.0,awd,0.02,2025,2160,143,0,3.0496,80.0,4,8,4,4,1,20.0,0,1826,0.8607,5,4,0,1781,1583
soc_trang,mild,Oracle,6,80.0,awd,0.02,2025,2160,143,0,3.0535,80.0,4,4,4,0,3,60.0,0,1835,0.0,5,4,0,1778,1583
soc_trang,mild,Oracle,7,80.0,awd,0.02,2025,2160,143,0,3.053,80.0,4,6,4,2,2,40.0,0,1839,0.6086,5,4,0,1779,1583
soc_trang,mild,Oracle,8,80.0,awd,0.02,2025,2160,143,0,3.0535,80.0,4,5,4,1,0,0.0,0,1831,0.4303,5,4,0,1779,1583
soc_trang,mild,Oracle,9,80.0,awd,0.02,2025,2160,143,0,3.0535,80.0,4,4,4,0,1,20.0,0,1804,0.0,5,4,0,1778,1583
soc_trang,mild,TwinGate+T2+centre,0,80.0,awd,0.02,2025,2160,321,0,7.7772,80.0,4,4,4,0,0,0.0,86,1861,0.0,3,0,2,1639,1418
soc_trang,mild,TwinGate+T2+centre,1,80.0,awd,0.02,2025,2160,323,0,7.8987,80.0,3,4,4,1,1,20.0,87,1864,0.0,3,0,2,1640,1403
soc_trang,mild,TwinGate+T2+centre,2,80.0,awd,0.02,2025,2160,323,0,7.8982,80.0,3,5,4,2,2,40.0,87,1857,0.4303,3,0,2,1640,1404
soc_trang,mild,TwinGate+T2+centre,3,80.0,awd,0.02,2025,2160,324,0,8.0179,80.0,3,4,4,1,2,40.0,87,1824,0.0,2,0,1,1630,1391
soc_trang,mild,TwinGate+T2+centre,4,80.0,awd,0.02,2025,2160,323,0,7.9186,80.0,3,4,4,1,1,20.0,87,1831,0.0,3,0,2,1642,1388
soc_trang,mild,TwinGate+T2+centre,5,80.0,awd,0.02,2025,2160,324,0,8.0179,80.0,3,4,4,1,1,20.0,87,1826,0.0,2,0,1,1630,1391
soc_trang,mild,TwinGate+T2+centre,6,80.0,awd,0.02,2025,2160,326,0,8.0656,80.0,2,4,4,2,3,60.0,88,1835,0.0,3,0,2,1643,1371
soc_trang,mild,TwinGate+T2+centre,7,80.0,awd,0.02,2025,2160,326,0,8.0656,80.0,2,4,4,2,2,40.0,88,1839,0.0,3,0,2,1643,1371
soc_trang,mild,TwinGate+T2+centre,8,80.0,awd,0.02,2025,2160,321,0,7.7772,80.0,4,4,4,0,0,0.0,86,1831,0.0,3,0,2,1639,1418
soc_trang,mild,TwinGate+T2+centre,9,80.0,awd,0.02,2025,2160,324,0,8.0179,80.0,3,4,4,1,1,20.0,87,1804,0.0,2,0,1,1630,1391
soc_trang,mild,TwinGate+T2,0,80.0,mid,0.05,2025,2160,238,0,5.4235,80.0,4,4,4,0,0,0.0,86,1861,0.0,5,1,3,1741,1564
soc_trang,mild,TwinGate+T2,1,80.0,mid,0.05,2025,2160,221,0,4.794,80.0,5,7,4,2,1,20.0,85,1864,0.7454,5,1,3,1783,1582
soc_trang,mild,TwinGate+T2,2,80.0,mid,0.05,2025,2160,243,0,5.8791,80.0,4,6,4,2,2,40.0,86,1857,0.6086,4,1,2,1743,1502
soc_trang,mild,TwinGate+T2,3,80.0,mid,0.05,2025,2160,239,0,5.5178,80.0,4,6,4,2,2,40.0,86,1824,0.9623,4,1,2,1735,1539
soc_trang,mild,TwinGate+T2,4,80.0,mid,0.05,2025,2160,242,0,5.842,80.0,3,4,4,1,1,20.0,87,1831,0.0,4,1,2,1736,1500
soc_trang,mild,TwinGate+T2,5,80.0,mid,0.05,2025,2160,238,0,5.4183,80.0,4,6,4,2,1,20.0,86,1826,0.7452,4,1,2,1749,1525
soc_trang,mild,TwinGate+T2,6,80.0,mid,0.05,2025,2160,245,0,6.1427,80.0,2,4,4,2,3,60.0,88,1835,0.0,3,1,1,1716,1462
soc_trang,mild,TwinGate+T2,7,80.0,mid,0.05,2025,2160,219,0,4.6384,80.0,6,10,4,4,0,0.0,84,1839,1.291,5,2,2,1801,1603
soc_trang,mild,TwinGate+T2,8,80.0,mid,0.05,2025,2160,238,0,5.4235,80.0,4,4,4,0,0,0.0,86,1831,0.0,5,1,3,1741,1564
soc_trang,mild,TwinGate+T2,9,80.0,mid,0.05,2025,2160,238,0,5.4183,80.0,4,6,4,2,1,20.0,86,1804,1.2904,4,1,2,1749,1525
soc_trang,mild,TwinGate+blindARQ,0,80.0,mid,0.05,2025,2160,238,0,5.4235,80.0,4,4,4,0,0,0.0,86,1861,0.0,5,1,3,1741,1564
soc_trang,mild,TwinGate+blindARQ,1,80.0,mid,0.05,2025,2160,243,0,5.9137,80.0,3,9,4,6,1,20.0,87,1864,1.5849,4,1,2,1732,1509
soc_trang,mild,TwinGate+blindARQ,2,80.0,mid,0.05,2025,2160,330,0,8.5139,80.0,2,8,4,6,2,40.0,88,1857,0.8607,3,0,2,1749,1483
soc_trang,mild,TwinGate+blindARQ,3,80.0,mid,0.05,2025,2160,328,0,8.4512,80.0,2,10,4,8,2,40.0,88,1824,1.2342,3,1,1,1754,1502
soc_trang,mild,TwinGate+blindARQ,4,80.0,mid,0.05,2025,2160,242,0,5.842,80.0,3,4,4,1,1,20.0,87,1831,0.0,4,1,2,1736,1500
soc_trang,mild,TwinGate+blindARQ,5,80.0,mid,0.05,2025,2160,243,0,5.9589,80.0,3,6,4,3,1,20.0,87,1826,0.7452,4,1,2,1730,1503
soc_trang,mild,TwinGate+blindARQ,6,80.0,mid,0.05,2025,2160,477,0,16.9549,80.0,1,7,4,6,3,60.0,89,1835,0.0017,2,1,0,1795,1498
soc_trang,mild,TwinGate+blindARQ,7,80.0,mid,0.05,2025,2160,245,0,6.1427,80.0,2,6,4,4,2,40.0,88,1839,0.6086,3,1,1,1716,1462
soc_trang,mild,TwinGate+blindARQ,8,80.0,mid,0.05,2025,2160,238,0,5.4235,80.0,4,4,4,0,0,0.0,86,1831,0.0,5,1,3,1741,1564
soc_trang,mild,TwinGate+blindARQ,9,80.0,mid,0.05,2025,2160,243,0,5.9582,80.0,3,8,4,5,1,20.0,87,1804,1.525,4,1,2,1732,1505
soc_trang,mild,Reactive+T2,0,80.0,mid,0.05,2025,2160,425,0,14.2612,80.0,2,2,2,0,0,0.0,0,1861,0.0,2,0,1,1700,1437
soc_trang,mild,Reactive+T2,1,80.0,mid,0.05,2025,2160,425,0,14.2612,80.0,2,2,2,0,0,0.0,0,1864,0.0,2,0,1,1700,1437
soc_trang,mild,Reactive+T2,2,80.0,mid,0.05,2025,2160,425,0,14.2612,80.0,2,2,2,0,0,0.0,0,1857,0.0,2,0,1,1700,1437
soc_trang,mild,Reactive+T2,3,80.0,mid,0.05,2025,2160,425,0,14.2612,80.0,2,2,2,0,0,0.0,0,1824,0.0,2,0,1,1700,1437
soc_trang,mild,Reactive+T2,4,80.0,mid,0.05,2025,2160,425,0,14.2612,80.0,2,2,2,0,1,20.0,0,1831,0.0,2,0,1,1700,1437
soc_trang,mild,Reactive+T2,5,80.0,mid,0.05,2025,2160,425,0,14.2612,80.0,2,2,2,0,0,0.0,0,1826,0.0,2,0,1,1700,1437
soc_trang,mild,Reactive+T2,6,80.0,mid,0.05,2025,2160,425,0,14.2612,80.0,2,2,2,0,1,20.0,0,1835,0.0,2,0,1,1700,1437
soc_trang,mild,Reactive+T2,7,80.0,mid,0.05,2025,2160,425,0,14.2612,80.0,2,2,2,0,1,20.0,0,1839,0.0,2,0,1,1700,1437
soc_trang,mild,Reactive+T2,8,80.0,mid,0.05,2025,2160,425,0,14.2612,80.0,2,2,2,0,0,0.0,0,1831,0.0,2,0,1,1700,1437
soc_trang,mild,Reactive+T2,9,80.0,mid,0.05,2025,2160,425,0,14.2612,80.0,2,2,2,0,0,0.0,0,1804,0.0,2,0,1,1700,1437
soc_trang,mild,Reactive+blindARQ,0,80.0,mid,0.05,2025,2160,425,0,14.2612,80.0,2,2,2,0,0,0.0,0,1861,0.0,2,0,1,1700,1437
soc_trang,mild,Reactive+blindARQ,1,80.0,mid,0.05,2025,2160,425,0,14.2612,80.0,2,2,2,0,0,0.0,0,1864,0.0,2,0,1,1700,1437
soc_trang,mild,Reactive+blindARQ,2,80.0,mid,0.05,2025,2160,425,0,14.2612,80.0,2,2,2,0,0,0.0,0,1857,0.0,2,0,1,1700,1437
soc_trang,mild,Reactive+blindARQ,3,80.0,mid,0.05,2025,2160,425,0,14.2612,80.0,2,2,2,0,0,0.0,0,1824,0.0,2,0,1,1700,1437
soc_trang,mild,Reactive+blindARQ,4,80.0,mid,0.05,2025,2160,425,0,14.2612,80.0,2,2,2,0,1,20.0,0,1831,0.0,2,0,1,1700,1437
soc_trang,mild,Reactive+blindARQ,5,80.0,mid,0.05,2025,2160,425,0,14.2612,80.0,2,2,2,0,0,0.0,0,1826,0.0,2,0,1,1700,1437
soc_trang,mild,Reactive+blindARQ,6,80.0,mid,0.05,2025,2160,425,0,14.2612,80.0,2,2,2,0,1,20.0,0,1835,0.0,2,0,1,1700,1437
soc_trang,mild,Reactive+blindARQ,7,80.0,mid,0.05,2025,2160,425,0,14.2612,80.0,2,2,2,0,1,20.0,0,1839,0.0,2,0,1,1700,1437
soc_trang,mild,Reactive+blindARQ,8,80.0,mid,0.05,2025,2160,425,0,14.2612,80.0,2,2,2,0,0,0.0,0,1831,0.0,2,0,1,1700,1437
soc_trang,mild,Reactive+blindARQ,9,80.0,mid,0.05,2025,2160,425,0,14.2612,80.0,2,2,2,0,0,0.0,0,1804,0.0,2,0,1,1700,1437
soc_trang,mild,FixedSchedule,0,80.0,mid,0.05,2025,2160,652,0,34.6082,80.0,2,2,2,0,0,0.0,0,1861,0.0,2,0,1,1873,1593
soc_trang,mild,FixedSchedule,1,80.0,mid,0.05,2025,2160,652,0,34.6082,80.0,2,2,2,0,0,0.0,0,1864,0.0,2,0,1,1873,1593
soc_trang,mild,FixedSchedule,2,80.0,mid,0.05,2025,2160,652,0,34.6082,80.0,2,2,2,0,0,0.0,0,1857,0.0,2,0,1,1873,1593
soc_trang,mild,FixedSchedule,3,80.0,mid,0.05,2025,2160,652,0,34.6082,80.0,2,2,2,0,0,0.0,0,1824,0.0,2,0,1,1873,1593
soc_trang,mild,FixedSchedule,4,80.0,mid,0.05,2025,2160,652,0,34.6082,80.0,2,2,2,0,1,20.0,0,1831,0.0,2,0,1,1873,1593
soc_trang,mild,FixedSchedule,5,80.0,mid,0.05,2025,2160,652,0,34.6082,80.0,2,2,2,0,0,0.0,0,1826,0.0,2,0,1,1873,1593
soc_trang,mild,FixedSchedule,6,80.0,mid,0.05,2025,2160,652,0,34.6082,80.0,2,2,2,0,1,20.0,0,1835,0.0,2,0,1,1873,1593
soc_trang,mild,FixedSchedule,7,80.0,mid,0.05,2025,2160,652,0,34.6082,80.0,2,2,2,0,1,20.0,0,1839,0.0,2,0,1,1873,1593
soc_trang,mild,FixedSchedule,8,80.0,mid,0.05,2025,2160,652,0,34.6082,80.0,2,2,2,0,0,0.0,0,1831,0.0,2,0,1,1873,1593
soc_trang,mild,FixedSchedule,9,80.0,mid,0.05,2025,2160,652,0,34.6082,80.0,2,2,2,0,0,0.0,0,1804,0.0,2,0,1,1873,1593
soc_trang,mild,Oracle,0,80.0,mid,0.05,2025,2160,143,0,3.0535,80.0,4,4,4,0,0,0.0,0,1861,0.0,5,4,0,1778,1583
soc_trang,mild,Oracle,1,80.0,mid,0.05,2025,2160,143,0,3.0535,80.0,4,4,4,0,1,20.0,0,1864,0.0,5,4,0,1778,1583
soc_trang,mild,Oracle,2,80.0,mid,0.05,2025,2160,143,0,3.0527,80.0,4,9,4,5,2,40.0,0,1857,1.2168,5,4,0,1780,1583
soc_trang,mild,Oracle,3,80.0,mid,0.05,2025,2160,143,0,3.0535,80.0,4,4,4,0,2,40.0,0,1824,0.0,5,4,0,1778,1583
soc_trang,mild,Oracle,4,80.0,mid,0.05,2025,2160,143,0,3.0535,80.0,4,4,4,0,1,20.0,0,1831,0.0,5,4,0,1778,1583
soc_trang,mild,Oracle,5,80.0,mid,0.05,2025,2160,143,0,3.0496,80.0,4,8,4,4,1,20.0,0,1826,0.8607,5,4,0,1781,1583
soc_trang,mild,Oracle,6,80.0,mid,0.05,2025,2160,143,0,3.0535,80.0,4,4,4,0,3,60.0,0,1835,0.0,5,4,0,1778,1583
soc_trang,mild,Oracle,7,80.0,mid,0.05,2025,2160,143,0,3.053,80.0,4,6,4,2,2,40.0,0,1839,0.6086,5,4,0,1779,1583
soc_trang,mild,Oracle,8,80.0,mid,0.05,2025,2160,143,0,3.0535,80.0,4,5,4,1,0,0.0,0,1831,0.4303,5,4,0,1779,1583
soc_trang,mild,Oracle,9,80.0,mid,0.05,2025,2160,143,0,3.0535,80.0,4,4,4,0,1,20.0,0,1804,0.0,5,4,0,1778,1583
soc_trang,mild,TwinGate+T2+centre,0,80.0,mid,0.05,2025,2160,321,0,7.7772,80.0,4,4,4,0,0,0.0,86,1861,0.0,3,0,2,1639,1418
soc_trang,mild,TwinGate+T2+centre,1,80.0,mid,0.05,2025,2160,323,0,7.8987,80.0,3,4,4,1,1,20.0,87,1864,0.0,3,0,2,1640,1403
soc_trang,mild,TwinGate+T2+centre,2,80.0,mid,0.05,2025,2160,323,0,7.8982,80.0,3,5,4,2,2,40.0,87,1857,0.4303,3,0,2,1640,1404
soc_trang,mild,TwinGate+T2+centre,3,80.0,mid,0.05,2025,2160,324,0,8.0179,80.0,3,4,4,1,2,40.0,87,1824,0.0,2,0,1,1630,1391
soc_trang,mild,TwinGate+T2+centre,4,80.0,mid,0.05,2025,2160,323,0,7.9186,80.0,3,4,4,1,1,20.0,87,1831,0.0,3,0,2,1642,1388
soc_trang,mild,TwinGate+T2+centre,5,80.0,mid,0.05,2025,2160,324,0,8.0179,80.0,3,4,4,1,1,20.0,87,1826,0.0,2,0,1,1630,1391
soc_trang,mild,TwinGate+T2+centre,6,80.0,mid,0.05,2025,2160,326,0,8.0656,80.0,2,4,4,2,3,60.0,88,1835,0.0,3,0,2,1643,1371
soc_trang,mild,TwinGate+T2+centre,7,80.0,mid,0.05,2025,2160,326,0,8.0656,80.0,2,4,4,2,2,40.0,88,1839,0.0,3,0,2,1643,1371
soc_trang,mild,TwinGate+T2+centre,8,80.0,mid,0.05,2025,2160,321,0,7.7772,80.0,4,4,4,0,0,0.0,86,1831,0.0,3,0,2,1639,1418
soc_trang,mild,TwinGate+T2+centre,9,80.0,mid,0.05,2025,2160,324,0,8.0179,80.0,3,4,4,1,1,20.0,87,1804,0.0,2,0,1,1630,1391
soc_trang,mild,TwinGate+T2,0,80.0,narrow,0.1,2025,2160,245,0,6.2557,80.0,5,6,4,1,0,0.0,85,1861,0.6086,5,0,4,1731,1513
soc_trang,mild,TwinGate+T2,1,80.0,narrow,0.1,2025,2160,279,0,7.0224,80.0,3,4,4,1,1,20.0,87,1864,0.0,4,0,3,1677,1465
soc_trang,mild,TwinGate+T2,2,80.0,narrow,0.1,2025,2160,298,0,7.1474,80.0,3,4,4,1,2,40.0,87,1857,0.0,4,0,3,1676,1446
soc_trang,mild,TwinGate+T2,3,80.0,narrow,0.1,2025,2160,298,0,7.1474,80.0,3,4,4,1,2,40.0,87,1824,0.0,4,0,3,1676,1446
soc_trang,mild,TwinGate+T2,4,80.0,narrow,0.1,2025,2160,265,0,6.5602,80.0,4,5,4,1,1,20.0,86,1831,0.4303,5,0,4,1691,1506
soc_trang,mild,TwinGate+T2,5,80.0,narrow,0.1,2025,2160,298,0,7.1474,80.0,3,4,4,1,1,20.0,87,1826,0.0,4,0,3,1676,1446
soc_trang,mild,TwinGate+T2,6,80.0,narrow,0.1,2025,2160,271,0,6.8242,80.0,3,6,4,3,2,40.0,87,1835,0.6086,3,0,2,1690,1435
soc_trang,mild,TwinGate+T2,7,80.0,narrow,0.1,2025,2160,271,0,6.8242,80.0,3,6,4,3,2,40.0,87,1839,0.6086,3,0,2,1690,1435
soc_trang,mild,TwinGate+T2,8,80.0,narrow,0.1,2025,2160,265,0,6.5601,80.0,4,5,4,1,0,0.0,86,1831,0.4303,5,0,4,1692,1507
soc_trang,mild,TwinGate+T2,9,80.0,narrow,0.1,2025,2160,265,0,6.5602,80.0,4,5,4,1,1,20.0,86,1804,0.4303,5,0,4,1691,1506
soc_trang,mild,TwinGate+blindARQ,0,80.0,narrow,0.1,2025,2160,265,0,6.5589,80.0,4,6,4,2,0,0.0,86,1861,0.6086,5,0,4,1693,1508
soc_trang,mild,TwinGate+blindARQ,1,80.0,narrow,0.1,2025,2160,279,0,7.0224,80.0,3,4,4,1,1,20.0,87,1864,0.0,4,0,3,1677,1465
soc_trang,mild,TwinGate+blindARQ,2,80.0,narrow,0.1,2025,2160,398,0,12.2969,80.0,2,4,4,2,2,40.0,88,1857,0.0,3,0,2,1715,1462
soc_trang,mild,TwinGate+blindARQ,3,80.0,narrow,0.1,2025,2160,398,0,12.2969,80.0,2,4,4,2,2,40.0,88,1824,0.0,3,0,2,1715,1462
soc_trang,mild,TwinGate+blindARQ,4,80.0,narrow,0.1,2025,2160,268,0,6.6959,80.0,3,5,4,2,1,20.0,87,1831,0.4303,4,0,3,1699,1466
soc_trang,mild,TwinGate+blindARQ,5,80.0,narrow,0.1,2025,2160,298,0,7.1474,80.0,3,4,4,1,1,20.0,87,1826,0.0,4,0,3,1676,1446
soc_trang,mild,TwinGate+blindARQ,6,80.0,narrow,0.1,2025,2160,529,0,22.1172,80.0,1,4,4,3,3,60.0,89,1835,0.0,2,0,1,1794,1499
soc_trang,mild,TwinGate+blindARQ,7,80.0,narrow,0.1,2025,2160,309,0,7.3035,80.0,2,8,4,6,2,40.0,88,1839,1.2738,3,0,2,1689,1418
soc_trang,mild,TwinGate+blindARQ,8,80.0,narrow,0.1,2025,2160,265,0,6.5601,80.0,4,5,4,1,0,0.0,86,1831,0.4303,5,0,4,1692,1507
soc_trang,mild,TwinGate+blindARQ,9,80.0,narrow,0.1,2025,2160,298,0,7.1453,80.0,3,7,4,4,1,20.0,87,1804,0.7454,4,0,3,1677,1447
soc_trang,mild,Reactive+T2,0,80.0,narrow,0.1,2025,2160,425,0,14.2612,80.0,2,2,2,0,0,0.0,0,1861,0.0,2,0,1,1700,1437
soc_trang,mild,Reactive+T2,1,80.0,narrow,0.1,2025,2160,425,0,14.2612,80.0,2,2,2,0,0,0.0,0,1864,0.0,2,0,1,1700,1437
soc_trang,mild,Reactive+T2,2,80.0,narrow,0.1,2025,2160,425,0,14.2612,80.0,2,2,2,0,0,0.0,0,1857,0.0,2,0,1,1700,1437
soc_trang,mild,Reactive+T2,3,80.0,narrow,0.1,2025,2160,425,0,14.2612,80.0,2,2,2,0,0,0.0,0,1824,0.0,2,0,1,1700,1437
soc_trang,mild,Reactive+T2,4,80.0,narrow,0.1,2025,2160,425,0,14.2612,80.0,2,2,2,0,1,20.0,0,1831,0.0,2,0,1,1700,1437
soc_trang,mild,Reactive+T2,5,80.0,narrow,0.1,2025,2160,425,0,14.2612,80.0,2,2,2,0,0,0.0,0,1826,0.0,2,0,1,1700,1437
soc_trang,mild,Reactive+T2,6,80.0,narrow,0.1,2025,2160,425,0,14.2612,80.0,2,2,2,0,1,20.0,0,1835,0.0,2,0,1,1700,1437
soc_trang,mild,Reactive+T2,7,80.0,narrow,0.1,2025,2160,425,0,14.2612,80.0,2,2,2,0,1,20.0,0,1839,0.0,2,0,1,1700,1437
soc_trang,mild,Reactive+T2,8,80.0,narrow,0.1,2025,2160,425,0,14.2612,80.0,2,2,2,0,0,0.0,0,1831,0.0,2,0,1,1700,1437
soc_trang,mild,Reactive+T2,9,80.0,narrow,0.1,2025,2160,425,0,14.2612,80.0,2,2,2,0,0,0.0,0,1804,0.0,2,0,1,1700,1437
soc_trang,mild,Reactive+blindARQ,0,80.0,narrow,0.1,2025,2160,425,0,14.2612,80.0,2,2,2,0,0,0.0,0,1861,0.0,2,0,1,1700,1437
soc_trang,mild,Reactive+blindARQ,1,80.0,narrow,0.1,2025,2160,425,0,14.2612,80.0,2,2,2,0,0,0.0,0,1864,0.0,2,0,1,1700,1437
soc_trang,mild,Reactive+blindARQ,2,80.0,narrow,0.1,2025,2160,425,0,14.2612,80.0,2,2,2,0,0,0.0,0,1857,0.0,2,0,1,1700,1437
soc_trang,mild,Reactive+blindARQ,3,80.0,narrow,0.1,2025,2160,425,0,14.2612,80.0,2,2,2,0,0,0.0,0,1824,0.0,2,0,1,1700,1437
soc_trang,mild,Reactive+blindARQ,4,80.0,narrow,0.1,2025,2160,425,0,14.2612,80.0,2,2,2,0,1,20.0,0,1831,0.0,2,0,1,1700,1437
soc_trang,mild,Reactive+blindARQ,5,80.0,narrow,0.1,2025,2160,425,0,14.2612,80.0,2,2,2,0,0,0.0,0,1826,0.0,2,0,1,1700,1437
soc_trang,mild,Reactive+blindARQ,6,80.0,narrow,0.1,2025,2160,425,0,14.2612,80.0,2,2,2,0,1,20.0,0,1835,0.0,2,0,1,1700,1437
soc_trang,mild,Reactive+blindARQ,7,80.0,narrow,0.1,2025,2160,425,0,14.2612,80.0,2,2,2,0,1,20.0,0,1839,0.0,2,0,1,1700,1437
soc_trang,mild,Reactive+blindARQ,8,80.0,narrow,0.1,2025,2160,425,0,14.2612,80.0,2,2,2,0,0,0.0,0,1831,0.0,2,0,1,1700,1437
soc_trang,mild,Reactive+blindARQ,9,80.0,narrow,0.1,2025,2160,425,0,14.2612,80.0,2,2,2,0,0,0.0,0,1804,0.0,2,0,1,1700,1437
soc_trang,mild,FixedSchedule,0,80.0,narrow,0.1,2025,2160,652,0,34.6082,80.0,2,2,2,0,0,0.0,0,1861,0.0,2,0,1,1873,1593
soc_trang,mild,FixedSchedule,1,80.0,narrow,0.1,2025,2160,652,0,34.6082,80.0,2,2,2,0,0,0.0,0,1864,0.0,2,0,1,1873,1593
soc_trang,mild,FixedSchedule,2,80.0,narrow,0.1,2025,2160,652,0,34.6082,80.0,2,2,2,0,0,0.0,0,1857,0.0,2,0,1,1873,1593
soc_trang,mild,FixedSchedule,3,80.0,narrow,0.1,2025,2160,652,0,34.6082,80.0,2,2,2,0,0,0.0,0,1824,0.0,2,0,1,1873,1593
soc_trang,mild,FixedSchedule,4,80.0,narrow,0.1,2025,2160,652,0,34.6082,80.0,2,2,2,0,1,20.0,0,1831,0.0,2,0,1,1873,1593
soc_trang,mild,FixedSchedule,5,80.0,narrow,0.1,2025,2160,652,0,34.6082,80.0,2,2,2,0,0,0.0,0,1826,0.0,2,0,1,1873,1593
soc_trang,mild,FixedSchedule,6,80.0,narrow,0.1,2025,2160,652,0,34.6082,80.0,2,2,2,0,1,20.0,0,1835,0.0,2,0,1,1873,1593
soc_trang,mild,FixedSchedule,7,80.0,narrow,0.1,2025,2160,652,0,34.6082,80.0,2,2,2,0,1,20.0,0,1839,0.0,2,0,1,1873,1593
soc_trang,mild,FixedSchedule,8,80.0,narrow,0.1,2025,2160,652,0,34.6082,80.0,2,2,2,0,0,0.0,0,1831,0.0,2,0,1,1873,1593
soc_trang,mild,FixedSchedule,9,80.0,narrow,0.1,2025,2160,652,0,34.6082,80.0,2,2,2,0,0,0.0,0,1804,0.0,2,0,1,1873,1593
soc_trang,mild,Oracle,0,80.0,narrow,0.1,2025,2160,143,0,3.0535,80.0,4,4,4,0,0,0.0,0,1861,0.0,5,4,0,1778,1583
soc_trang,mild,Oracle,1,80.0,narrow,0.1,2025,2160,143,0,3.0535,80.0,4,4,4,0,1,20.0,0,1864,0.0,5,4,0,1778,1583
soc_trang,mild,Oracle,2,80.0,narrow,0.1,2025,2160,143,0,3.0527,80.0,4,9,4,5,2,40.0,0,1857,1.2168,5,4,0,1780,1583
soc_trang,mild,Oracle,3,80.0,narrow,0.1,2025,2160,143,0,3.0535,80.0,4,4,4,0,2,40.0,0,1824,0.0,5,4,0,1778,1583
soc_trang,mild,Oracle,4,80.0,narrow,0.1,2025,2160,143,0,3.0535,80.0,4,4,4,0,1,20.0,0,1831,0.0,5,4,0,1778,1583
soc_trang,mild,Oracle,5,80.0,narrow,0.1,2025,2160,143,0,3.0496,80.0,4,8,4,4,1,20.0,0,1826,0.8607,5,4,0,1781,1583
soc_trang,mild,Oracle,6,80.0,narrow,0.1,2025,2160,143,0,3.0535,80.0,4,4,4,0,3,60.0,0,1835,0.0,5,4,0,1778,1583
soc_trang,mild,Oracle,7,80.0,narrow,0.1,2025,2160,143,0,3.053,80.0,4,6,4,2,2,40.0,0,1839,0.6086,5,4,0,1779,1583
soc_trang,mild,Oracle,8,80.0,narrow,0.1,2025,2160,143,0,3.0535,80.0,4,5,4,1,0,0.0,0,1831,0.4303,5,4,0,1779,1583
soc_trang,mild,Oracle,9,80.0,narrow,0.1,2025,2160,143,0,3.0535,80.0,4,4,4,0,1,20.0,0,1804,0.0,5,4,0,1778,1583
soc_trang,mild,TwinGate+T2+centre,0,80.0,narrow,0.1,2025,2160,245,0,6.2557,80.0,5,6,4,1,0,0.0,85,1861,0.6086,5,0,4,1731,1513
soc_trang,mild,TwinGate+T2+centre,1,80.0,narrow,0.1,2025,2160,279,0,7.0224,80.0,3,4,4,1,1,20.0,87,1864,0.0,4,0,3,1677,1465
soc_trang,mild,TwinGate+T2+centre,2,80.0,narrow,0.1,2025,2160,298,0,7.1474,80.0,3,4,4,1,2,40.0,87,1857,0.0,4,0,3,1676,1446
soc_trang,mild,TwinGate+T2+centre,3,80.0,narrow,0.1,2025,2160,298,0,7.1474,80.0,3,4,4,1,2,40.0,87,1824,0.0,4,0,3,1676,1446
soc_trang,mild,TwinGate+T2+centre,4,80.0,narrow,0.1,2025,2160,265,0,6.5602,80.0,4,5,4,1,1,20.0,86,1831,0.4303,5,0,4,1691,1506
soc_trang,mild,TwinGate+T2+centre,5,80.0,narrow,0.1,2025,2160,298,0,7.1474,80.0,3,4,4,1,1,20.0,87,1826,0.0,4,0,3,1676,1446
soc_trang,mild,TwinGate+T2+centre,6,80.0,narrow,0.1,2025,2160,271,0,6.8242,80.0,3,6,4,3,2,40.0,87,1835,0.6086,3,0,2,1690,1435
soc_trang,mild,TwinGate+T2+centre,7,80.0,narrow,0.1,2025,2160,271,0,6.8242,80.0,3,6,4,3,2,40.0,87,1839,0.6086,3,0,2,1690,1435
soc_trang,mild,TwinGate+T2+centre,8,80.0,narrow,0.1,2025,2160,265,0,6.5601,80.0,4,5,4,1,0,0.0,86,1831,0.4303,5,0,4,1692,1507
soc_trang,mild,TwinGate+T2+centre,9,80.0,narrow,0.1,2025,2160,265,0,6.5602,80.0,4,5,4,1,1,20.0,86,1804,0.4303,5,0,4,1691,1506
soc_trang,mild,TwinGate+T2,0,160.0,awd,0.02,2025,2160,0,0,0.0,140.0,7,8,7,1,0,0.0,83,1861,0.4303,8,7,0,1634,1535
soc_trang,mild,TwinGate+T2,1,160.0,awd,0.02,2025,2160,0,0,0.0,140.0,7,8,7,1,1,20.0,83,1864,0.4303,8,7,0,1633,1535
soc_trang,mild,TwinGate+T2,2,160.0,awd,0.02,2025,2160,0,0,0.0,140.0,6,11,7,5,3,60.0,84,1857,0.962,6,5,0,1611,1433
soc_trang,mild,TwinGate+T2,3,160.0,awd,0.02,2025,2160,0,0,0.0,160.0,7,10,8,3,4,80.0,83,1824,0.6086,6,6,0,1009,1305
soc_trang,mild,TwinGate+T2,4,160.0,awd,0.02,2025,2160,0,0,0.0,160.0,7,10,8,3,2,40.0,83,1831,0.6086,7,6,0,1520,1290
soc_trang,mild,TwinGate+T2,5,160.0,awd,0.02,2025,2160,0,0,0.0,160.0,7,10,8,3,3,60.0,83,1826,0.6086,7,6,0,1405,1279
soc_trang,mild,TwinGate+T2,6,160.0,awd,0.02,2025,2160,0,0,0.0,160.0,5,8,8,3,5,100.0,85,1835,0.0,6,5,0,1405,1195
soc_trang,mild,TwinGate+T2,7,160.0,awd,0.02,2025,2160,0,0,0.0,140.0,6,10,7,4,3,60.0,84,1839,0.8607,6,5,0,1700,1443
soc_trang,mild,TwinGate+T2,8,160.0,awd,0.02,2025,2160,0,0,0.0,140.0,7,9,7,2,1,20.0,83,1831,0.6086,8,7,0,1634,1535
soc_trang,mild,TwinGate+T2,9,160.0,awd,0.02,2025,2160,0,0,0.0,160.0,7,10,8,3,2,40.0,83,1804,0.9623,7,6,0,1537,1307
soc_trang,mild,TwinGate+blindARQ,0,160.0,awd,0.02,2025,2160,0,0,0.0,140.0,7,8,7,1,0,0.0,83,1861,0.4303,8,7,0,1634,1535
soc_trang,mild,TwinGate+blindARQ,1,160.0,awd,0.02,2025,2160,0,0,0.0,140.0,6,9,7,3,1,20.0,84,1864,0.6086,7,6,0,1737,1525
soc_trang,mild,TwinGate+blindARQ,2,160.0,awd,0.02,2025,2160,25,0,0.2576,160.0,3,14,8,11,5,100.0,87,1857,1.2907,4,3,0,1518,1301
soc_trang,mild,TwinGate+blindARQ,3,160.0,awd,0.02,2025,2160,0,0,0.0,160.0,4,18,8,14,4,80.0,86,1824,1.1289,5,4,0,1362,1237
soc_trang,mild,TwinGate+blindARQ,4,160.0,awd,0.02,2025,2160,0,0,0.0,160.0,6,12,8,6,2,40.0,84,1831,0.8607,7,6,0,1537,1290
soc_trang,mild,TwinGate+blindARQ,5,160.0,awd,0.02,2025,2160,0,0,0.0,160.0,5,11,8,6,3,60.0,85,1826,0.7125,6,5,0,1511,1298
soc_trang,mild,TwinGate+blindARQ,6,160.0,awd,0.02,2025,2160,89,0,0.7834,160.0,3,8,8,5,5,100.0,87,1835,0.0,4,3,0,1509,1302
soc_trang,mild,TwinGate+blindARQ,7,160.0,awd,0.02,2025,2160,0,0,0.0,160.0,5,11,8,6,3,60.0,85,1839,0.7454,6,5,0,1408,1195
soc_trang,mild,TwinGate+blindARQ,8,160.0,awd,0.02,2025,2160,0,0,0.0,140.0,6,11,7,5,1,20.0,84,1831,0.8607,7,6,0,1619,1449
soc_trang,mild,TwinGate+blindARQ,9,160.0,awd,0.02,2025,2160,0,0,0.0,160.0,6,14,8,8,2,40.0,84,1804,1.4907,7,6,0,1528,1310
soc_trang,mild,Reactive+T2,0,160.0,awd,0.02,2025,2160,145,0,3.2853,160.0,3,3,3,0,0,0.0,0,1861,0.0,3,0,2,1356,1182
soc_trang,mild,Reactive+T2,1,160.0,awd,0.02,2025,2160,145,0,3.2853,160.0,3,3,3,0,0,0.0,0,1864,0.0,3,0,2,1356,1182
soc_trang,mild,Reactive+T2,2,160.0,awd,0.02,2025,2160,145,0,3.2852,160.0,3,4,3,1,0,0.0,0,1857,0.8607,3,0,2,1357,1183
soc_trang,mild,Reactive+T2,3,160.0,awd,0.02,2025,2160,145,0,3.2853,160.0,3,3,3,0,1,40.0,0,1824,0.0,3,0,2,1356,1182
soc_trang,mild,Reactive+T2,4,160.0,awd,0.02,2025,2160,314,0,7.4638,160.0,2,3,3,1,1,60.0,0,1831,0.0,2,0,1,1627,1365
soc_trang,mild,Reactive+T2,5,160.0,awd,0.02,2025,2160,145,0,3.2853,160.0,3,3,3,0,1,40.0,0,1826,0.0,3,0,2,1356,1182
soc_trang,mild,Reactive+T2,6,160.0,awd,0.02,2025,2160,314,0,7.4638,160.0,2,3,3,1,2,100.0,0,1835,0.0,2,0,1,1627,1365
soc_trang,mild,Reactive+T2,7,160.0,awd,0.02,2025,2160,314,0,7.4638,160.0,2,3,3,1,1,60.0,0,1839,0.0,2,0,1,1627,1365
soc_trang,mild,Reactive+T2,8,160.0,awd,0.02,2025,2160,145,0,3.2853,160.0,3,3,3,0,0,0.0,0,1831,0.0,3,0,2,1356,1182
soc_trang,mild,Reactive+T2,9,160.0,awd,0.02,2025,2160,145,0,3.2853,160.0,3,3,3,0,1,40.0,0,1804,0.0,3,0,2,1356,1182
soc_trang,mild,Reactive+blindARQ,0,160.0,awd,0.02,2025,2160,145,0,3.2853,160.0,3,3,3,0,0,0.0,0,1861,0.0,3,0,2,1356,1182
soc_trang,mild,Reactive+blindARQ,1,160.0,awd,0.02,2025,2160,145,0,3.2853,160.0,3,3,3,0,0,0.0,0,1864,0.0,3,0,2,1356,1182
soc_trang,mild,Reactive+blindARQ,2,160.0,awd,0.02,2025,2160,145,0,3.2852,160.0,3,4,3,1,0,0.0,0,1857,0.8607,3,0,2,1357,1183
soc_trang,mild,Reactive+blindARQ,3,160.0,awd,0.02,2025,2160,145,0,3.2853,160.0,3,3,3,0,1,40.0,0,1824,0.0,3,0,2,1356,1182
soc_trang,mild,Reactive+blindARQ,4,160.0,awd,0.02,2025,2160,314,0,7.4638,160.0,2,3,3,1,1,60.0,0,1831,0.0,2,0,1,1627,1365
soc_trang,mild,Reactive+blindARQ,5,160.0,awd,0.02,2025,2160,145,0,3.2853,160.0,3,3,3,0,1,40.0,0,1826,0.0,3,0,2,1356,1182
soc_trang,mild,Reactive+blindARQ,6,160.0,awd,0.02,2025,2160,314,0,7.4638,160.0,2,3,3,1,2,100.0,0,1835,0.0,2,0,1,1627,1365
soc_trang,mild,Reactive+blindARQ,7,160.0,awd,0.02,2025,2160,314,0,7.4638,160.0,2,3,3,1,1,60.0,0,1839,0.0,2,0,1,1627,1365
soc_trang,mild,Reactive+blindARQ,8,160.0,awd,0.02,2025,2160,145,0,3.2853,160.0,3,3,3,0,0,0.0,0,1831,0.0,3,0,2,1356,1182
soc_trang,mild,Reactive+blindARQ,9,160.0,awd,0.02,2025,2160,145,0,3.2853,160.0,3,3,3,0,1,40.0,0,1804,0.0,3,0,2,1356,1182
soc_trang,mild,FixedSchedule,0,160.0,awd,0.02,2025,2160,403,0,13.0702,160.0,3,3,3,0,0,0.0,0,1861,0.0,2,0,1,1684,1400
soc_trang,mild,FixedSchedule,1,160.0,awd,0.02,2025,2160,403,0,13.0702,160.0,3,3,3,0,0,0.0,0,1864,0.0,2,0,1,1684,1400
soc_trang,mild,FixedSchedule,2,160.0,awd,0.02,2025,2160,403,0,13.0702,160.0,3,3,3,0,1,40.0,0,1857,0.0,2,0,1,1684,1400
soc_trang,mild,FixedSchedule,3,160.0,awd,0.02,2025,2160,403,0,13.0702,160.0,3,3,3,0,1,40.0,0,1824,0.0,2,0,1,1684,1400
soc_trang,mild,FixedSchedule,4,160.0,awd,0.02,2025,2160,555,0,25.3247,160.0,2,3,3,1,1,60.0,0,1831,0.0,2,0,1,1796,1501
soc_trang,mild,FixedSchedule,5,160.0,awd,0.02,2025,2160,403,0,13.0702,160.0,3,3,3,0,1,40.0,0,1826,0.0,2,0,1,1684,1400
soc_trang,mild,FixedSchedule,6,160.0,awd,0.02,2025,2160,555,0,25.3247,160.0,2,3,3,1,2,100.0,0,1835,0.0,2,0,1,1796,1501
soc_trang,mild,FixedSchedule,7,160.0,awd,0.02,2025,2160,555,0,25.3247,160.0,2,3,3,1,1,60.0,0,1839,0.0,2,0,1,1796,1501
soc_trang,mild,FixedSchedule,8,160.0,awd,0.02,2025,2160,403,0,13.0698,160.0,3,4,3,1,0,0.0,0,1831,1.0884,2,0,1,1685,1401
soc_trang,mild,FixedSchedule,9,160.0,awd,0.02,2025,2160,403,0,13.0702,160.0,3,3,3,0,1,40.0,0,1804,0.0,2,0,1,1684,1400
soc_trang,mild,Oracle,0,160.0,awd,0.02,2025,2160,0,0,0.0,140.0,7,7,7,0,0,0.0,0,1861,0.0,8,7,0,1552,1456
soc_trang,mild,Oracle,1,160.0,awd,0.02,2025,2160,0,0,0.0,140.0,7,7,7,0,1,20.0,0,1864,0.0,8,7,0,1552,1456
soc_trang,mild,Oracle,2,160.0,awd,0.02,2025,2160,0,0,0.0,140.0,7,12,7,5,4,80.0,0,1857,1.2168,8,7,0,1554,1456
soc_trang,mild,Oracle,3,160.0,awd,0.02,2025,2160,0,0,0.0,140.0,7,16,7,9,2,40.0,0,1824,1.3607,8,7,0,1561,1456
soc_trang,mild,Oracle,4,160.0,awd,0.02,2025,2160,0,0,0.0,140.0,7,7,7,0,1,20.0,0,1831,0.0,8,7,0,1552,1456
soc_trang,mild,Oracle,5,160.0,awd,0.02,2025,2160,0,0,0.0,140.0,7,15,7,8,2,40.0,0,1826,1.6433,8,7,0,1559,1456
soc_trang,mild,Oracle,6,160.0,awd,0.02,2025,2160,0,0,0.0,140.0,7,7,7,0,4,80.0,0,1835,0.0,8,7,0,1552,1456
soc_trang,mild,Oracle,7,160.0,awd,0.02,2025,2160,0,0,0.0,140.0,7,10,7,3,3,60.0,0,1839,0.7454,8,7,0,1554,1456
soc_trang,mild,Oracle,8,160.0,awd,0.02,2025,2160,0,0,0.0,140.0,7,8,7,1,1,20.0,0,1831,0.4303,8,7,0,1553,1456
soc_trang,mild,Oracle,9,160.0,awd,0.02,2025,2160,0,0,0.0,140.0,7,11,7,4,1,20.0,0,1804,1.1385,8,7,0,1556,1456
soc_trang,mild,TwinGate+T2+centre,0,160.0,awd,0.02,2025,2160,32,0,0.5894,160.0,8,8,8,0,0,0.0,82,1861,0.0,4,0,3,1162,1080
soc_trang,mild,TwinGate+T2+centre,1,160.0,awd,0.02,2025,2160,32,0,0.5927,160.0,7,10,8,3,1,20.0,83,1864,0.9622,4,0,3,1164,1070
soc_trang,mild,TwinGate+T2+centre,2,160.0,awd,0.02,2025,2160,89,0,0.7834,160.0,5,9,8,4,5,100.0,85,1857,0.4303,4,0,3,1217,1047
soc_trang,mild,TwinGate+T2+centre,3,160.0,awd,0.02,2025,2160,33,0,0.6004,160.0,6,8,8,2,4,80.0,84,1824,0.0,4,0,3,1164,1026
soc_trang,mild,TwinGate+T2+centre,4,160.0,awd,0.02,2025,2160,89,0,0.7834,160.0,6,8,8,2,2,40.0,84,1831,0.0,4,0,3,1219,1064
soc_trang,mild,TwinGate+T2+centre,5,160.0,awd,0.02,2025,2160,29,0,0.5229,160.0,8,12,8,4,2,40.0,82,1826,0.8607,4,1,2,1243,1112
soc_trang,mild,TwinGate+T2+centre,6,160.0,awd,0.02,2025,2160,89,0,0.7834,160.0,5,9,8,4,5,100.0,85,1835,0.4303,4,0,3,1219,1050
soc_trang,mild,TwinGate+T2+centre,7,160.0,awd,0.02,2025,2160,31,0,0.5829,160.0,6,10,8,4,3,60.0,84,1839,0.6086,4,0,3,1175,1027
soc_trang,mild,TwinGate+T2+centre,8,160.0,awd,0.02,2025,2160,29,0,0.5643,160.0,9,12,8,3,1,20.0,81,1831,0.9623,5,0,4,1163,1094
soc_trang,mild,TwinGate+T2+centre,9,160.0,awd,0.02,2025,2160,89,0,0.7834,160.0,6,8,8,2,2,40.0,84,1804,0.0,3,0,2,1207,1068
soc_trang,mild,TwinGate+T2,0,160.0,mid,0.05,2025,2160,0,0,0.0,160.0,8,10,8,2,0,0.0,82,1861,0.7453,9,4,4,1495,1467
soc_trang,mild,TwinGate+T2,1,160.0,mid,0.05,2025,2160,0,0,0.0,160.0,9,11,8,2,1,20.0,81,1864,0.7454,9,3,5,1430,1399
soc_trang,mild,TwinGate+T2,2,160.0,mid,0.05,2025,2160,3,0,0.002,160.0,7,11,8,4,4,80.0,83,1857,0.7454,7,2,4,1327,1252
soc_trang,mild,TwinGate+T2,3,160.0,mid,0.05,2025,2160,1,0,0.0005,160.0,7,10,8,3,4,80.0,83,1824,0.9623,7,2,4,1312,1233
soc_trang,mild,TwinGate+T2,4,160.0,mid,0.05,2025,2160,0,0,0.0,160.0,8,12,8,4,2,40.0,82,1831,1.1385,7,3,3,1373,1280
soc_trang,mild,TwinGate+T2,5,160.0,mid,0.05,2025,2160,1,0,0.0003,160.0,7,10,8,3,3,60.0,83,1826,0.7452,7,2,4,1323,1210
soc_trang,mild,TwinGate+T2,6,160.0,mid,0.05,2025,2160,19,0,0.0958,160.0,5,9,8,4,5,100.0,85,1835,0.4303,6,2,3,1339,1193
soc_trang,mild,TwinGate+T2,7,160.0,mid,0.05,2025,2160,0,0,0.0,160.0,11,19,8,8,1,20.0,79,1839,1.6102,9,4,4,1393,1434
soc_trang,mild,TwinGate+T2,8,160.0,mid,0.05,2025,2160,0,0,0.0,160.0,7,8,8,1,1,20.0,83,1831,0.0,8,2,5,1390,1298
soc_trang,mild,TwinGate+T2,9,160.0,mid,0.05,2025,2160,0,0,0.0,160.0,7,10,8,3,2,40.0,83,1804,1.2904,7,3,3,1457,1326
soc_trang,mild,TwinGate+blindARQ,0,160.0,mid,0.05,2025,2160,0,0,0.0,160.0,8,10,8,2,0,0.0,82,1861,0.7453,9,4,4,1495,1467
soc_trang,mild,TwinGate+blindARQ,1,160.0,mid,0.05,2025,2160,0,0,0.0,160.0,7,13,8,6,1,20.0,83,1864,1.5849,8,2,5,1403,1322
soc_trang,mild,TwinGate+blindARQ,2,160.0,mid,0.05,2025,2160,127,0,2.7837,160.0,3,12,8,9,5,100.0,87,1857,0.8607,4,0,3,1475,1242
soc_trang,mild,TwinGate+blindARQ,3,160.0,mid,0.05,2025,2160,93,0,0.8709,160.0,4,14,8,10,4,80.0,86,1824,1.2342,5,1,3,1421,1230
soc_trang,mild,TwinGate+blindARQ,4,160.0,mid,0.05,2025,2160,9,0,0.007,160.0,6,11,8,5,2,40.0,84,1831,1.054,7,2,4,1373,1246
soc_trang,mild,TwinGate+blindARQ,5,160.0,mid,0.05,2025,2160,25,0,0.296,160.0,5,10,8,5,3,60.0,85,1826,0.7452,6,2,3,1394,1233
soc_trang,mild,TwinGate+blindARQ,6,160.0,mid,0.05,2025,2160,127,0,2.7853,160.0,3,11,8,8,5,100.0,87,1835,0.0017,4,1,2,1465,1225
soc_trang,mild,TwinGate+blindARQ,7,160.0,mid,0.05,2025,2160,19,0,0.0958,160.0,5,10,8,5,3,60.0,85,1839,0.6086,6,2,3,1338,1192
soc_trang,mild,TwinGate+blindARQ,8,160.0,mid,0.05,2025,2160,0,0,0.0,160.0,7,8,8,1,1,20.0,83,1831,0.0,8,2,5,1390,1298
soc_trang,mild,TwinGate+blindARQ,9,160.0,mid,0.05,2025,2160,11,0,0.0087,160.0,6,17,8,11,2,40.0,84,1804,1.9511,7,2,4,1384,1254
soc_trang,mild,Reactive+T2,0,160.0,mid,0.05,2025,2160,145,0,3.2853,160.0,3,3,3,0,0,0.0,0,1861,0.0,3,0,2,1356,1182
soc_trang,mild,Reactive+T2,1,160.0,mid,0.05,2025,2160,145,0,3.2853,160.0,3,3,3,0,0,0.0,0,1864,0.0,3,0,2,1356,1182
soc_trang,mild,Reactive+T2,2,160.0,mid,0.05,2025,2160,145,0,3.2852,160.0,3,4,3,1,0,0.0,0,1857,0.8607,3,0,2,1357,1183
soc_trang,mild,Reactive+T2,3,160.0,mid,0.05,2025,2160,145,0,3.2853,160.0,3,3,3,0,1,40.0,0,1824,0.0,3,0,2,1356,1182
soc_trang,mild,Reactive+T2,4,160.0,mid,0.05,2025,2160,314,0,7.4638,160.0,2,3,3,1,1,60.0,0,1831,0.0,2,0,1,1627,1365
soc_trang,mild,Reactive+T2,5,160.0,mid,0.05,2025,2160,145,0,3.2853,160.0,3,3,3,0,1,40.0,0,1826,0.0,3,0,2,1356,1182
soc_trang,mild,Reactive+T2,6,160.0,mid,0.05,2025,2160,314,0,7.4638,160.0,2,3,3,1,2,100.0,0,1835,0.0,2,0,1,1627,1365
soc_trang,mild,Reactive+T2,7,160.0,mid,0.05,2025,2160,314,0,7.4638,160.0,2,3,3,1,1,60.0,0,1839,0.0,2,0,1,1627,1365
soc_trang,mild,Reactive+T2,8,160.0,mid,0.05,2025,2160,145,0,3.2853,160.0,3,3,3,0,0,0.0,0,1831,0.0,3,0,2,1356,1182
soc_trang,mild,Reactive+T2,9,160.0,mid,0.05,2025,2160,145,0,3.2853,160.0,3,3,3,0,1,40.0,0,1804,0.0,3,0,2,1356,1182
soc_trang,mild,Reactive+blindARQ,0,160.0,mid,0.05,2025,2160,145,0,3.2853,160.0,3,3,3,0,0,0.0,0,1861,0.0,3,0,2,1356,1182
soc_trang,mild,Reactive+blindARQ,1,160.0,mid,0.05,2025,2160,145,0,3.2853,160.0,3,3,3,0,0,0.0,0,1864,0.0,3,0,2,1356,1182
soc_trang,mild,Reactive+blindARQ,2,160.0,mid,0.05,2025,2160,145,0,3.2852,160.0,3,4,3,1,0,0.0,0,1857,0.8607,3,0,2,1357,1183
soc_trang,mild,Reactive+blindARQ,3,160.0,mid,0.05,2025,2160,145,0,3.2853,160.0,3,3,3,0,1,40.0,0,1824,0.0,3,0,2,1356,1182
soc_trang,mild,Reactive+blindARQ,4,160.0,mid,0.05,2025,2160,314,0,7.4638,160.0,2,3,3,1,1,60.0,0,1831,0.0,2,0,1,1627,1365
soc_trang,mild,Reactive+blindARQ,5,160.0,mid,0.05,2025,2160,145,0,3.2853,160.0,3,3,3,0,1,40.0,0,1826,0.0,3,0,2,1356,1182
soc_trang,mild,Reactive+blindARQ,6,160.0,mid,0.05,2025,2160,314,0,7.4638,160.0,2,3,3,1,2,100.0,0,1835,0.0,2,0,1,1627,1365
soc_trang,mild,Reactive+blindARQ,7,160.0,mid,0.05,2025,2160,314,0,7.4638,160.0,2,3,3,1,1,60.0,0,1839,0.0,2,0,1,1627,1365
soc_trang,mild,Reactive+blindARQ,8,160.0,mid,0.05,2025,2160,145,0,3.2853,160.0,3,3,3,0,0,0.0,0,1831,0.0,3,0,2,1356,1182
soc_trang,mild,Reactive+blindARQ,9,160.0,mid,0.05,2025,2160,145,0,3.2853,160.0,3,3,3,0,1,40.0,0,1804,0.0,3,0,2,1356,1182
soc_trang,mild,FixedSchedule,0,160.0,mid,0.05,2025,2160,403,0,13.0702,160.0,3,3,3,0,0,0.0,0,1861,0.0,2,0,1,1684,1400
soc_trang,mild,FixedSchedule,1,160.0,mid,0.05,2025,2160,403,0,13.0702,160.0,3,3,3,0,0,0.0,0,1864,0.0,2,0,1,1684,1400
soc_trang,mild,FixedSchedule,2,160.0,mid,0.05,2025,2160,403,0,13.0702,160.0,3,3,3,0,1,40.0,0,1857,0.0,2,0,1,1684,1400
soc_trang,mild,FixedSchedule,3,160.0,mid,0.05,2025,2160,403,0,13.0702,160.0,3,3,3,0,1,40.0,0,1824,0.0,2,0,1,1684,1400
soc_trang,mild,FixedSchedule,4,160.0,mid,0.05,2025,2160,555,0,25.3247,160.0,2,3,3,1,1,60.0,0,1831,0.0,2,0,1,1796,1501
soc_trang,mild,FixedSchedule,5,160.0,mid,0.05,2025,2160,403,0,13.0702,160.0,3,3,3,0,1,40.0,0,1826,0.0,2,0,1,1684,1400
soc_trang,mild,FixedSchedule,6,160.0,mid,0.05,2025,2160,555,0,25.3247,160.0,2,3,3,1,2,100.0,0,1835,0.0,2,0,1,1796,1501
soc_trang,mild,FixedSchedule,7,160.0,mid,0.05,2025,2160,555,0,25.3247,160.0,2,3,3,1,1,60.0,0,1839,0.0,2,0,1,1796,1501
soc_trang,mild,FixedSchedule,8,160.0,mid,0.05,2025,2160,403,0,13.0698,160.0,3,4,3,1,0,0.0,0,1831,1.0884,2,0,1,1685,1401
soc_trang,mild,FixedSchedule,9,160.0,mid,0.05,2025,2160,403,0,13.0702,160.0,3,3,3,0,1,40.0,0,1804,0.0,2,0,1,1684,1400
soc_trang,mild,Oracle,0,160.0,mid,0.05,2025,2160,0,0,0.0,140.0,7,7,7,0,0,0.0,0,1861,0.0,8,7,0,1552,1456
soc_trang,mild,Oracle,1,160.0,mid,0.05,2025,2160,0,0,0.0,140.0,7,7,7,0,1,20.0,0,1864,0.0,8,7,0,1552,1456
soc_trang,mild,Oracle,2,160.0,mid,0.05,2025,2160,0,0,0.0,140.0,7,12,7,5,4,80.0,0,1857,1.2168,8,7,0,1554,1456
soc_trang,mild,Oracle,3,160.0,mid,0.05,2025,2160,0,0,0.0,140.0,7,16,7,9,2,40.0,0,1824,1.3607,8,7,0,1561,1456
soc_trang,mild,Oracle,4,160.0,mid,0.05,2025,2160,0,0,0.0,140.0,7,7,7,0,1,20.0,0,1831,0.0,8,7,0,1552,1456
soc_trang,mild,Oracle,5,160.0,mid,0.05,2025,2160,0,0,0.0,140.0,7,15,7,8,2,40.0,0,1826,1.6433,8,7,0,1559,1456
soc_trang,mild,Oracle,6,160.0,mid,0.05,2025,2160,0,0,0.0,140.0,7,7,7,0,4,80.0,0,1835,0.0,8,7,0,1552,1456
soc_trang,mild,Oracle,7,160.0,mid,0.05,2025,2160,0,0,0.0,140.0,7,10,7,3,3,60.0,0,1839,0.7454,8,7,0,1554,1456
soc_trang,mild,Oracle,8,160.0,mid,0.05,2025,2160,0,0,0.0,140.0,7,8,7,1,1,20.0,0,1831,0.4303,8,7,0,1553,1456
soc_trang,mild,Oracle,9,160.0,mid,0.05,2025,2160,0,0,0.0,140.0,7,11,7,4,1,20.0,0,1804,1.1385,8,7,0,1556,1456
soc_trang,mild,TwinGate+T2+centre,0,160.0,mid,0.05,2025,2160,32,0,0.5894,160.0,8,8,8,0,0,0.0,82,1861,0.0,4,0,3,1162,1080
soc_trang,mild,TwinGate+T2+centre,1,160.0,mid,0.05,2025,2160,32,0,0.5927,160.0,7,10,8,3,1,20.0,83,1864,0.9622,4,0,3,1164,1070
soc_trang,mild,TwinGate+T2+centre,2,160.0,mid,0.05,2025,2160,89,0,0.7834,160.0,5,9,8,4,5,100.0,85,1857,0.4303,4,0,3,1217,1047
soc_trang,mild,TwinGate+T2+centre,3,160.0,mid,0.05,2025,2160,33,0,0.6004,160.0,6,8,8,2,4,80.0,84,1824,0.0,4,0,3,1164,1026
soc_trang,mild,TwinGate+T2+centre,4,160.0,mid,0.05,2025,2160,89,0,0.7834,160.0,6,8,8,2,2,40.0,84,1831,0.0,4,0,3,1219,1064
soc_trang,mild,TwinGate+T2+centre,5,160.0,mid,0.05,2025,2160,29,0,0.5229,160.0,8,12,8,4,2,40.0,82,1826,0.8607,4,1,2,1243,1112
soc_trang,mild,TwinGate+T2+centre,6,160.0,mid,0.05,2025,2160,89,0,0.7834,160.0,5,9,8,4,5,100.0,85,1835,0.4303,4,0,3,1219,1050
soc_trang,mild,TwinGate+T2+centre,7,160.0,mid,0.05,2025,2160,31,0,0.5829,160.0,6,10,8,4,3,60.0,84,1839,0.6086,4,0,3,1175,1027
soc_trang,mild,TwinGate+T2+centre,8,160.0,mid,0.05,2025,2160,29,0,0.5643,160.0,9,12,8,3,1,20.0,81,1831,0.9623,5,0,4,1163,1094
soc_trang,mild,TwinGate+T2+centre,9,160.0,mid,0.05,2025,2160,89,0,0.7834,160.0,6,8,8,2,2,40.0,84,1804,0.0,3,0,2,1207,1068
soc_trang,mild,TwinGate+T2,0,160.0,narrow,0.1,2025,2160,22,0,0.1646,160.0,11,14,8,3,0,0.0,79,1861,1.0541,9,0,8,1277,1273
soc_trang,mild,TwinGate+T2,1,160.0,narrow,0.1,2025,2160,28,0,0.4374,160.0,7,8,8,1,1,20.0,83,1864,0.0,8,0,7,1206,1172
soc_trang,mild,TwinGate+T2,2,160.0,narrow,0.1,2025,2160,28,0,0.5023,160.0,5,8,8,3,5,100.0,85,1857,0.0,6,0,5,1197,1088
soc_trang,mild,TwinGate+T2,3,160.0,narrow,0.1,2025,2160,28,0,0.4583,160.0,6,8,8,2,4,80.0,84,1824,0.0,7,0,6,1209,1139
soc_trang,mild,TwinGate+T2,4,160.0,narrow,0.1,2025,2160,27,0,0.393,160.0,8,11,8,3,2,40.0,82,1831,0.7454,8,0,7,1228,1137
soc_trang,mild,TwinGate+T2,5,160.0,narrow,0.1,2025,2160,27,0,0.3528,160.0,8,12,8,4,2,40.0,82,1826,0.8607,8,0,7,1265,1169
soc_trang,mild,TwinGate+T2,6,160.0,narrow,0.1,2025,2160,28,0,0.4344,160.0,6,11,8,5,4,80.0,84,1835,0.7454,6,0,5,1226,1100
soc_trang,mild,TwinGate+T2,7,160.0,narrow,0.1,2025,2160,25,0,0.2779,160.0,8,13,8,5,3,60.0,82,1839,0.9623,7,1,5,1308,1181
soc_trang,mild,TwinGate+T2,8,160.0,narrow,0.1,2025,2160,28,0,0.4356,160.0,7,9,8,2,1,20.0,83,1831,0.4303,8,0,7,1207,1167
soc_trang,mild,TwinGate+T2,9,160.0,narrow,0.1,2025,2160,28,0,0.4234,160.0,7,9,8,2,2,40.0,83,1804,0.4303,8,0,7,1224,1148
soc_trang,mild,TwinGate+blindARQ,0,160.0,narrow,0.1,2025,2160,27,0,0.3599,160.0,8,12,8,4,0,0.0,82,1861,0.9622,9,0,8,1259,1194
soc_trang,mild,TwinGate+blindARQ,1,160.0,narrow,0.1,2025,2160,28,0,0.4374,160.0,7,8,8,1,1,20.0,83,1864,0.0,8,0,7,1206,1172
soc_trang,mild,TwinGate+blindARQ,2,160.0,narrow,0.1,2025,2160,169,0,3.7125,160.0,3,11,8,8,5,100.0,87,1857,0.6086,4,0,3,1537,1309
soc_trang,mild,TwinGate+blindARQ,3,160.0,narrow,0.1,2025,2160,126,0,2.6235,160.0,4,11,8,7,4,80.0,86,1824,0.8606,5,0,4,1380,1180
soc_trang,mild,TwinGate+blindARQ,4,160.0,narrow,0.1,2025,2160,28,0,0.4293,160.0,6,13,8,7,2,40.0,84,1831,0.9623,7,0,6,1237,1121
soc_trang,mild,TwinGate+blindARQ,5,160.0,narrow,0.1,2025,2160,97,0,1.0275,160.0,5,9,8,4,3,60.0,85,1826,0.4303,6,0,5,1322,1166
soc_trang,mild,TwinGate+blindARQ,6,160.0,narrow,0.1,2025,2160,169,0,3.7257,160.0,3,8,8,5,5,100.0,87,1835,0.0,4,0,3,1554,1310
soc_trang,mild,TwinGate+blindARQ,7,160.0,narrow,0.1,2025,2160,28,0,0.4682,160.0,5,14,8,9,3,60.0,85,1839,1.4117,6,0,5,1230,1091
soc_trang,mild,TwinGate+blindARQ,8,160.0,narrow,0.1,2025,2160,28,0,0.4356,160.0,7,9,8,2,1,20.0,83,1831,0.4303,8,0,7,1207,1167
soc_trang,mild,TwinGate+blindARQ,9,160.0,narrow,0.1,2025,2160,28,0,0.4792,160.0,6,12,8,6,2,40.0,84,1804,0.8607,7,0,6,1207,1123
soc_trang,mild,Reactive+T2,0,160.0,narrow,0.1,2025,2160,145,0,3.2853,160.0,3,3,3,0,0,0.0,0,1861,0.0,3,0,2,1356,1182
soc_trang,mild,Reactive+T2,1,160.0,narrow,0.1,2025,2160,145,0,3.2853,160.0,3,3,3,0,0,0.0,0,1864,0.0,3,0,2,1356,1182
soc_trang,mild,Reactive+T2,2,160.0,narrow,0.1,2025,2160,145,0,3.2852,160.0,3,4,3,1,0,0.0,0,1857,0.8607,3,0,2,1357,1183
soc_trang,mild,Reactive+T2,3,160.0,narrow,0.1,2025,2160,145,0,3.2853,160.0,3,3,3,0,1,40.0,0,1824,0.0,3,0,2,1356,1182
soc_trang,mild,Reactive+T2,4,160.0,narrow,0.1,2025,2160,314,0,7.4638,160.0,2,3,3,1,1,60.0,0,1831,0.0,2,0,1,1627,1365
soc_trang,mild,Reactive+T2,5,160.0,narrow,0.1,2025,2160,145,0,3.2853,160.0,3,3,3,0,1,40.0,0,1826,0.0,3,0,2,1356,1182
soc_trang,mild,Reactive+T2,6,160.0,narrow,0.1,2025,2160,314,0,7.4638,160.0,2,3,3,1,2,100.0,0,1835,0.0,2,0,1,1627,1365
soc_trang,mild,Reactive+T2,7,160.0,narrow,0.1,2025,2160,314,0,7.4638,160.0,2,3,3,1,1,60.0,0,1839,0.0,2,0,1,1627,1365
soc_trang,mild,Reactive+T2,8,160.0,narrow,0.1,2025,2160,145,0,3.2853,160.0,3,3,3,0,0,0.0,0,1831,0.0,3,0,2,1356,1182
soc_trang,mild,Reactive+T2,9,160.0,narrow,0.1,2025,2160,145,0,3.2853,160.0,3,3,3,0,1,40.0,0,1804,0.0,3,0,2,1356,1182
soc_trang,mild,Reactive+blindARQ,0,160.0,narrow,0.1,2025,2160,145,0,3.2853,160.0,3,3,3,0,0,0.0,0,1861,0.0,3,0,2,1356,1182
soc_trang,mild,Reactive+blindARQ,1,160.0,narrow,0.1,2025,2160,145,0,3.2853,160.0,3,3,3,0,0,0.0,0,1864,0.0,3,0,2,1356,1182
soc_trang,mild,Reactive+blindARQ,2,160.0,narrow,0.1,2025,2160,145,0,3.2852,160.0,3,4,3,1,0,0.0,0,1857,0.8607,3,0,2,1357,1183
soc_trang,mild,Reactive+blindARQ,3,160.0,narrow,0.1,2025,2160,145,0,3.2853,160.0,3,3,3,0,1,40.0,0,1824,0.0,3,0,2,1356,1182
soc_trang,mild,Reactive+blindARQ,4,160.0,narrow,0.1,2025,2160,314,0,7.4638,160.0,2,3,3,1,1,60.0,0,1831,0.0,2,0,1,1627,1365
soc_trang,mild,Reactive+blindARQ,5,160.0,narrow,0.1,2025,2160,145,0,3.2853,160.0,3,3,3,0,1,40.0,0,1826,0.0,3,0,2,1356,1182
soc_trang,mild,Reactive+blindARQ,6,160.0,narrow,0.1,2025,2160,314,0,7.4638,160.0,2,3,3,1,2,100.0,0,1835,0.0,2,0,1,1627,1365
soc_trang,mild,Reactive+blindARQ,7,160.0,narrow,0.1,2025,2160,314,0,7.4638,160.0,2,3,3,1,1,60.0,0,1839,0.0,2,0,1,1627,1365
soc_trang,mild,Reactive+blindARQ,8,160.0,narrow,0.1,2025,2160,145,0,3.2853,160.0,3,3,3,0,0,0.0,0,1831,0.0,3,0,2,1356,1182
soc_trang,mild,Reactive+blindARQ,9,160.0,narrow,0.1,2025,2160,145,0,3.2853,160.0,3,3,3,0,1,40.0,0,1804,0.0,3,0,2,1356,1182
soc_trang,mild,FixedSchedule,0,160.0,narrow,0.1,2025,2160,403,0,13.0702,160.0,3,3,3,0,0,0.0,0,1861,0.0,2,0,1,1684,1400
soc_trang,mild,FixedSchedule,1,160.0,narrow,0.1,2025,2160,403,0,13.0702,160.0,3,3,3,0,0,0.0,0,1864,0.0,2,0,1,1684,1400
soc_trang,mild,FixedSchedule,2,160.0,narrow,0.1,2025,2160,403,0,13.0702,160.0,3,3,3,0,1,40.0,0,1857,0.0,2,0,1,1684,1400
soc_trang,mild,FixedSchedule,3,160.0,narrow,0.1,2025,2160,403,0,13.0702,160.0,3,3,3,0,1,40.0,0,1824,0.0,2,0,1,1684,1400
soc_trang,mild,FixedSchedule,4,160.0,narrow,0.1,2025,2160,555,0,25.3247,160.0,2,3,3,1,1,60.0,0,1831,0.0,2,0,1,1796,1501
soc_trang,mild,FixedSchedule,5,160.0,narrow,0.1,2025,2160,403,0,13.0702,160.0,3,3,3,0,1,40.0,0,1826,0.0,2,0,1,1684,1400
soc_trang,mild,FixedSchedule,6,160.0,narrow,0.1,2025,2160,555,0,25.3247,160.0,2,3,3,1,2,100.0,0,1835,0.0,2,0,1,1796,1501
soc_trang,mild,FixedSchedule,7,160.0,narrow,0.1,2025,2160,555,0,25.3247,160.0,2,3,3,1,1,60.0,0,1839,0.0,2,0,1,1796,1501
soc_trang,mild,FixedSchedule,8,160.0,narrow,0.1,2025,2160,403,0,13.0698,160.0,3,4,3,1,0,0.0,0,1831,1.0884,2,0,1,1685,1401
soc_trang,mild,FixedSchedule,9,160.0,narrow,0.1,2025,2160,403,0,13.0702,160.0,3,3,3,0,1,40.0,0,1804,0.0,2,0,1,1684,1400
soc_trang,mild,Oracle,0,160.0,narrow,0.1,2025,2160,0,0,0.0,140.0,7,7,7,0,0,0.0,0,1861,0.0,8,7,0,1552,1456
soc_trang,mild,Oracle,1,160.0,narrow,0.1,2025,2160,0,0,0.0,140.0,7,7,7,0,1,20.0,0,1864,0.0,8,7,0,1552,1456
soc_trang,mild,Oracle,2,160.0,narrow,0.1,2025,2160,0,0,0.0,140.0,7,12,7,5,4,80.0,0,1857,1.2168,8,7,0,1554,1456
soc_trang,mild,Oracle,3,160.0,narrow,0.1,2025,2160,0,0,0.0,140.0,7,16,7,9,2,40.0,0,1824,1.3607,8,7,0,1561,1456
soc_trang,mild,Oracle,4,160.0,narrow,0.1,2025,2160,0,0,0.0,140.0,7,7,7,0,1,20.0,0,1831,0.0,8,7,0,1552,1456
soc_trang,mild,Oracle,5,160.0,narrow,0.1,2025,2160,0,0,0.0,140.0,7,15,7,8,2,40.0,0,1826,1.6433,8,7,0,1559,1456
soc_trang,mild,Oracle,6,160.0,narrow,0.1,2025,2160,0,0,0.0,140.0,7,7,7,0,4,80.0,0,1835,0.0,8,7,0,1552,1456
soc_trang,mild,Oracle,7,160.0,narrow,0.1,2025,2160,0,0,0.0,140.0,7,10,7,3,3,60.0,0,1839,0.7454,8,7,0,1554,1456
soc_trang,mild,Oracle,8,160.0,narrow,0.1,2025,2160,0,0,0.0,140.0,7,8,7,1,1,20.0,0,1831,0.4303,8,7,0,1553,1456
soc_trang,mild,Oracle,9,160.0,narrow,0.1,2025,2160,0,0,0.0,140.0,7,11,7,4,1,20.0,0,1804,1.1385,8,7,0,1556,1456
soc_trang,mild,TwinGate+T2+centre,0,160.0,narrow,0.1,2025,2160,22,0,0.1646,160.0,11,14,8,3,0,0.0,79,1861,1.0541,9,0,8,1277,1273
soc_trang,mild,TwinGate+T2+centre,1,160.0,narrow,0.1,2025,2160,28,0,0.4374,160.0,7,8,8,1,1,20.0,83,1864,0.0,8,0,7,1206,1172
soc_trang,mild,TwinGate+T2+centre,2,160.0,narrow,0.1,2025,2160,28,0,0.5023,160.0,5,8,8,3,5,100.0,85,1857,0.0,6,0,5,1197,1088
soc_trang,mild,TwinGate+T2+centre,3,160.0,narrow,0.1,2025,2160,28,0,0.4583,160.0,6,8,8,2,4,80.0,84,1824,0.0,7,0,6,1209,1139
soc_trang,mild,TwinGate+T2+centre,4,160.0,narrow,0.1,2025,2160,27,0,0.393,160.0,8,11,8,3,2,40.0,82,1831,0.7454,8,0,7,1228,1137
soc_trang,mild,TwinGate+T2+centre,5,160.0,narrow,0.1,2025,2160,27,0,0.3528,160.0,8,12,8,4,2,40.0,82,1826,0.8607,8,0,7,1265,1169
soc_trang,mild,TwinGate+T2+centre,6,160.0,narrow,0.1,2025,2160,28,0,0.4344,160.0,6,11,8,5,4,80.0,84,1835,0.7454,6,0,5,1226,1100
soc_trang,mild,TwinGate+T2+centre,7,160.0,narrow,0.1,2025,2160,25,0,0.2779,160.0,8,13,8,5,3,60.0,82,1839,0.9623,7,1,5,1308,1181
soc_trang,mild,TwinGate+T2+centre,8,160.0,narrow,0.1,2025,2160,28,0,0.4356,160.0,7,9,8,2,1,20.0,83,1831,0.4303,8,0,7,1207,1167
soc_trang,mild,TwinGate+T2+centre,9,160.0,narrow,0.1,2025,2160,28,0,0.4234,160.0,7,9,8,2,2,40.0,83,1804,0.4303,8,0,7,1224,1148
soc_trang,mild,TwinGate+T2,0,240.0,awd,0.02,2025,2160,0,0,0.0,180.0,9,11,9,2,0,0.0,81,1861,0.6086,8,7,1,835,1169
soc_trang,mild,TwinGate+T2,1,240.0,awd,0.02,2025,2160,0,0,0.0,180.0,9,11,9,2,1,20.0,81,1864,0.6086,8,7,1,835,1168
soc_trang,mild,TwinGate+T2,2,240.0,awd,0.02,2025,2160,0,0,0.0,180.0,7,13,9,6,5,100.0,83,1857,0.962,6,5,1,868,1095
soc_trang,mild,TwinGate+T2,3,240.0,awd,0.02,2025,2160,0,0,0.0,180.0,7,11,9,4,5,100.0,83,1824,0.6086,7,5,1,1263,1110
soc_trang,mild,TwinGate+T2,4,240.0,awd,0.02,2025,2160,0,0,0.0,180.0,8,11,9,3,2,40.0,82,1831,0.6086,7,6,1,942,1156
soc_trang,mild,TwinGate+T2,5,240.0,awd,0.02,2025,2160,0,0,0.0,200.0,8,12,10,4,4,80.0,82,1826,0.6086,6,5,1,794,1078
soc_trang,mild,TwinGate+T2,6,240.0,awd,0.02,2025,2160,0,0,0.0,200.0,6,10,10,4,6,120.0,84,1835,0.0,5,4,1,795,1019
soc_trang,mild,TwinGate+T2,7,240.0,awd,0.02,2025,2160,0,0,0.0,180.0,7,12,9,5,4,80.0,83,1839,0.8607,6,5,1,895,1049
soc_trang,mild,TwinGate+T2,8,240.0,awd,0.02,2025,2160,0,0,0.0,180.0,9,11,9,2,1,20.0,81,1831,0.6086,8,7,1,835,1167
soc_trang,mild,TwinGate+T2,9,240.0,awd,0.02,2025,2160,0,0,0.0,180.0,8,11,9,3,2,40.0,82,1804,0.9623,7,6,1,957,1140
soc_trang,mild,TwinGate+blindARQ,0,240.0,awd,0.02,2025,2160,0,0,0.0,180.0,8,10,9,2,1,20.0,82,1861,0.4303,7,7,0,825,1130
soc_trang,mild,TwinGate+blindARQ,1,240.0,awd,0.02,2025,2160,0,0,0.0,180.0,8,12,9,4,1,20.0,82,1864,0.7454,8,6,2,944,1160
soc_trang,mild,TwinGate+blindARQ,2,240.0,awd,0.02,2025,2160,0,0,0.0,240.0,5,18,12,13,7,140.0,85,1857,1.2907,6,5,0,1279,1140
soc_trang,mild,TwinGate+blindARQ,3,240.0,awd,0.02,2025,2160,0,0,0.0,200.0,5,20,10,15,5,100.0,85,1824,1.1289,5,5,0,783,985
soc_trang,mild,TwinGate+blindARQ,4,240.0,awd,0.02,2025,2160,0,0,0.0,180.0,7,13,9,6,2,40.0,83,1831,0.8607,7,6,1,959,1157
soc_trang,mild,TwinGate+blindARQ,5,240.0,awd,0.02,2025,2160,0,0,0.0,200.0,6,14,10,8,4,80.0,84,1826,0.8323,6,5,1,821,1004
soc_trang,mild,TwinGate+blindARQ,6,240.0,awd,0.02,2025,2160,0,0,0.0,220.0,5,11,11,6,6,120.0,85,1835,0.0,6,5,0,1447,1255
soc_trang,mild,TwinGate+blindARQ,7,240.0,awd,0.02,2025,2160,0,0,0.0,200.0,6,13,10,7,4,80.0,84,1839,0.7454,5,4,1,798,1019
soc_trang,mild,TwinGate+blindARQ,8,240.0,awd,0.02,2025,2160,0,0,0.0,180.0,8,13,9,5,1,20.0,82,1831,0.8607,8,6,2,839,1121
soc_trang,mild,TwinGate+blindARQ,9,240.0,awd,0.02,2025,2160,0,0,0.0,180.0,7,15,9,8,2,40.0,83,1804,1.4907,7,6,1,950,1177
soc_trang,mild,Reactive+T2,0,240.0,awd,0.02,2025,2160,29,0,0.5104,240.0,4,4,4,0,0,0.0,0,1861,0.0,3,0,2,1108,954
soc_trang,mild,Reactive+T2,1,240.0,awd,0.02,2025,2160,144,0,3.1556,240.0,3,4,4,1,1,60.0,0,1864,0.0,3,0,2,1351,1140
soc_trang,mild,Reactive+T2,2,240.0,awd,0.02,2025,2160,144,0,3.1556,240.0,3,5,4,2,1,60.0,0,1857,0.918,3,0,2,1352,1141
soc_trang,mild,Reactive+T2,3,240.0,awd,0.02,2025,2160,144,0,3.156,240.0,3,4,4,1,2,120.0,0,1824,0.0,3,0,2,1351,1140
soc_trang,mild,Reactive+T2,4,240.0,awd,0.02,2025,2160,144,0,3.156,240.0,3,4,4,1,1,60.0,0,1831,0.0,3,0,2,1351,1140
soc_trang,mild,Reactive+T2,5,240.0,awd,0.02,2025,2160,144,0,3.156,240.0,3,4,4,1,1,60.0,0,1826,0.0,3,0,2,1351,1140
soc_trang,mild,Reactive+T2,6,240.0,awd,0.02,2025,2160,286,0,7.0911,240.0,2,4,4,2,3,180.0,0,1835,0.0,2,0,1,1625,1363
soc_trang,mild,Reactive+T2,7,240.0,awd,0.02,2025,2160,286,0,7.0911,240.0,2,4,4,2,2,120.0,0,1839,0.0,2,0,1,1625,1363
soc_trang,mild,Reactive+T2,8,240.0,awd,0.02,2025,2160,29,0,0.5104,240.0,4,4,4,0,0,0.0,0,1831,0.0,3,0,2,1108,954
soc_trang,mild,Reactive+T2,9,240.0,awd,0.02,2025,2160,144,0,3.156,240.0,3,4,4,1,1,60.0,0,1804,0.0,3,0,2,1351,1140
soc_trang,mild,Reactive+blindARQ,0,240.0,awd,0.02,2025,2160,29,0,0.5104,240.0,4,4,4,0,0,0.0,0,1861,0.0,3,0,2,1108,954
soc_trang,mild,Reactive+blindARQ,1,240.0,awd,0.02,2025,2160,144,0,3.1556,240.0,3,4,4,1,1,60.0,0,1864,0.0,3,0,2,1351,1140
soc_trang,mild,Reactive+blindARQ,2,240.0,awd,0.02,2025,2160,286,0,7.0911,240.0,2,4,4,2,2,120.0,0,1857,0.0,2,0,1,1625,1363
soc_trang,mild,Reactive+blindARQ,3,240.0,awd,0.02,2025,2160,286,0,7.0911,240.0,2,4,4,2,2,120.0,0,1824,0.0,2,0,1,1625,1363
soc_trang,mild,Reactive+blindARQ,4,240.0,awd,0.02,2025,2160,144,0,3.156,240.0,3,4,4,1,1,60.0,0,1831,0.0,3,0,2,1351,1140
soc_trang,mild,Reactive+blindARQ,5,240.0,awd,0.02,2025,2160,144,0,3.156,240.0,3,4,4,1,1,60.0,0,1826,0.0,3,0,2,1351,1140
soc_trang,mild,Reactive+blindARQ,6,240.0,awd,0.02,2025,2160,551,0,23.932,240.0,1,4,4,3,3,180.0,0,1835,0.0,2,0,1,1776,1497
soc_trang,mild,Reactive+blindARQ,7,240.0,awd,0.02,2025,2160,286,0,7.0911,240.0,2,4,4,2,2,120.0,0,1839,0.0,2,0,1,1625,1363
soc_trang,mild,Reactive+blindARQ,8,240.0,awd,0.02,2025,2160,29,0,0.5104,240.0,4,4,4,0,0,0.0,0,1831,0.0,3,0,2,1108,954
soc_trang,mild,Reactive+blindARQ,9,240.0,awd,0.02,2025,2160,144,0,3.156,240.0,3,4,4,1,1,60.0,0,1804,0.0,3,0,2,1351,1140
soc_trang,mild,FixedSchedule,0,240.0,awd,0.02,2025,2160,330,0,8.5139,240.0,4,4,4,0,0,0.0,0,1861,0.0,1,0,0,1631,1312
soc_trang,mild,FixedSchedule,1,240.0,awd,0.02,2025,2160,518,0,20.1725,240.0,3,4,4,1,1,60.0,0,1864,0.0,1,0,0,1738,1419
soc_trang,mild,FixedSchedule,2,240.0,awd,0.02,2025,2160,628,0,32.0976,240.0,2,4,4,2,2,120.0,0,1857,0.0,1,0,0,1854,1535
soc_trang,mild,FixedSchedule,3,240.0,awd,0.02,2025,2160,628,0,32.0976,240.0,2,4,4,2,2,120.0,0,1824,0.0,1,0,0,1854,1535
soc_trang,mild,FixedSchedule,4,240.0,awd,0.02,2025,2160,518,0,20.2111,240.0,3,6,4,3,1,60.0,0,1831,0.8031,1,0,0,1738,1419
soc_trang,mild,FixedSchedule,5,240.0,awd,0.02,2025,2160,518,0,20.2111,240.0,3,4,4,1,1,60.0,0,1826,0.0,1,0,0,1738,1419
soc_trang,mild,FixedSchedule,6,240.0,awd,0.02,2025,2160,753,0,44.0941,240.0,1,4,4,3,3,180.0,0,1835,0.0,1,0,0,1976,1655
soc_trang,mild,FixedSchedule,7,240.0,awd,0.02,2025,2160,628,0,32.0976,240.0,2,7,4,5,2,120.0,0,1839,0.5679,1,0,0,1854,1535
soc_trang,mild,FixedSchedule,8,240.0,awd,0.02,2025,2160,330,0,8.5139,240.0,4,4,4,0,0,0.0,0,1831,0.0,1,0,0,1631,1312
soc_trang,mild,FixedSchedule,9,240.0,awd,0.02,2025,2160,518,0,20.2111,240.0,3,4,4,1,1,60.0,0,1804,0.0,1,0,0,1738,1419
soc_trang,mild,Oracle,0,240.0,awd,0.02,2025,2160,0,0,0.0,200.0,9,10,9,1,1,20.0,0,1861,0.4303,7,6,1,774,1052
soc_trang,mild,Oracle,1,240.0,awd,0.02,2025,2160,0,0,0.0,200.0,9,11,9,2,1,20.0,0,1864,0.6086,7,6,1,773,1051
soc_trang,mild,Oracle,2,240.0,awd,0.02,2025,2160,0,0,0.0,200.0,9,14,9,5,6,140.0,0,1857,1.2168,7,6,1,775,1051
soc_trang,mild,Oracle,3,240.0,awd,0.02,2025,2160,0,0,0.0,200.0,9,15,9,6,4,80.0,0,1824,2.1082,7,6,1,779,1057
soc_trang,mild,Oracle,4,240.0,awd,0.02,2025,2160,0,0,0.0,200.0,9,10,9,1,2,40.0,0,1831,0.4303,7,6,1,773,1051
soc_trang,mild,Oracle,5,240.0,awd,0.02,2025,2160,0,0,0.0,200.0,9,18,9,9,2,40.0,0,1826,2.0712,7,6,1,780,1054
soc_trang,mild,Oracle,6,240.0,awd,0.02,2025,2160,0,0,0.0,200.0,9,9,9,0,6,120.0,0,1835,0.0,7,6,1,773,1051
soc_trang,mild,Oracle,7,240.0,awd,0.02,2025,2160,0,0,0.0,200.0,9,12,9,3,4,80.0,0,1839,1.0541,7,6,1,775,1052
soc_trang,mild,Oracle,8,240.0,awd,0.02,2025,2160,0,0,0.0,200.0,9,10,9,1,1,20.0,0,1831,0.4303,7,6,1,774,1051
soc_trang,mild,Oracle,9,240.0,awd,0.02,2025,2160,0,0,0.0,200.0,9,13,9,4,2,40.0,0,1804,1.1385,7,6,1,777,1051
soc_trang,mild,TwinGate+T2+centre,0,240.0,awd,0.02,2025,2160,0,0,0.0,240.0,11,14,12,3,2,40.0,79,1861,0.6086,6,0,5,616,599
soc_trang,mild,TwinGate+T2+centre,1,240.0,awd,0.02,2025,2160,0,0,0.0,240.0,11,14,12,3,1,20.0,79,1864,0.9622,7,0,6,596,563
soc_trang,mild,TwinGate+T2+centre,2,240.0,awd,0.02,2025,2160,0,0,0.0,240.0,9,14,12,5,6,120.0,81,1857,0.6086,4,0,3,596,557
soc_trang,mild,TwinGate+T2+centre,3,240.0,awd,0.02,2025,2160,0,0,0.0,240.0,9,12,12,3,5,100.0,81,1824,0.0,5,0,4,596,471
soc_trang,mild,TwinGate+T2+centre,4,240.0,awd,0.02,2025,2160,0,0,0.0,240.0,9,13,12,4,3,60.0,81,1831,0.4303,4,0,3,599,542
soc_trang,mild,TwinGate+T2+centre,5,240.0,awd,0.02,2025,2160,0,0,0.0,240.0,10,16,12,6,4,80.0,80,1826,0.8607,4,1,2,716,612
soc_trang,mild,TwinGate+T2+centre,6,240.0,awd,0.02,2025,2160,0,0,0.0,240.0,9,13,12,4,6,120.0,81,1835,0.4303,4,0,3,598,559
soc_trang,mild,TwinGate+T2+centre,7,240.0,awd,0.02,2025,2160,0,0,0.0,240.0,10,15,12,5,4,80.0,80,1839,0.7454,5,0,4,605,518
soc_trang,mild,TwinGate+T2+centre,8,240.0,awd,0.02,2025,2160,0,0,0.0,240.0,12,17,12,5,2,40.0,78,1831,1.0541,5,0,4,609,639
soc_trang,mild,TwinGate+T2+centre,9,240.0,awd,0.02,2025,2160,0,0,0.0,240.0,11,15,12,4,2,40.0,79,1804,0.7454,6,0,5,644,594
soc_trang,mild,TwinGate+T2,0,240.0,mid,0.05,2025,2160,0,0,0.0,200.0,9,12,10,3,1,20.0,81,1861,0.7453,10,4,5,1190,1091
soc_trang,mild,TwinGate+T2,1,240.0,mid,0.05,2025,2160,0,0,0.0,200.0,11,14,10,3,1,20.0,79,1864,0.8607,10,5,5,821,1229
soc_trang,mild,TwinGate+T2,2,240.0,mid,0.05,2025,2160,0,0,0.0,220.0,9,14,11,5,6,120.0,81,1857,0.7454,8,3,5,592,975
soc_trang,mild,TwinGate+T2,3,240.0,mid,0.05,2025,2160,0,0,0.0,220.0,11,16,11,5,4,80.0,79,1824,1.2172,9,2,7,490,928
soc_trang,mild,TwinGate+T2,4,240.0,mid,0.05,2025,2160,0,0,0.0,200.0,10,14,10,4,2,40.0,80,1831,1.1385,9,4,4,1154,1017
soc_trang,mild,TwinGate+T2,5,240.0,mid,0.05,2025,2160,0,0,0.0,240.0,9,14,12,5,5,100.0,81,1826,0.7452,8,3,5,569,897
soc_trang,mild,TwinGate+T2,6,240.0,mid,0.05,2025,2160,0,0,0.0,220.0,7,13,11,6,6,120.0,83,1835,0.6086,7,4,3,638,919
soc_trang,mild,TwinGate+T2,7,240.0,mid,0.05,2025,2160,0,0,0.0,200.0,13,21,10,8,2,40.0,77,1839,1.6102,10,5,5,812,1258
soc_trang,mild,TwinGate+T2,8,240.0,mid,0.05,2025,2160,0,0,0.0,240.0,10,12,12,2,2,40.0,80,1831,0.0,10,3,7,622,977
soc_trang,mild,TwinGate+T2,9,240.0,mid,0.05,2025,2160,0,0,0.0,200.0,9,12,10,3,2,40.0,81,1804,1.2904,9,4,4,1238,1064
soc_trang,mild,TwinGate+blindARQ,0,240.0,mid,0.05,2025,2160,0,0,0.0,200.0,9,12,10,3,1,20.0,81,1861,0.7453,10,4,5,1190,1091
soc_trang,mild,TwinGate+blindARQ,1,240.0,mid,0.05,2025,2160,0,0,0.0,220.0,10,19,11,9,1,20.0,80,1864,1.7514,10,3,7,638,1004
soc_trang,mild,TwinGate+blindARQ,2,240.0,mid,0.05,2025,2160,19,0,0.1018,240.0,5,16,12,11,7,140.0,85,1857,0.8607,6,1,4,1329,1175
soc_trang,mild,TwinGate+blindARQ,3,240.0,mid,0.05,2025,2160,0,0,0.0,240.0,7,18,12,11,5,100.0,83,1824,1.2342,7,4,3,603,894
soc_trang,mild,TwinGate+blindARQ,4,240.0,mid,0.05,2025,2160,0,0,0.0,240.0,9,15,12,6,3,60.0,81,1831,1.054,9,3,6,655,960
soc_trang,mild,TwinGate+blindARQ,5,240.0,mid,0.05,2025,2160,0,0,0.0,240.0,7,14,12,7,5,100.0,83,1826,0.7452,7,3,4,537,735
soc_trang,mild,TwinGate+blindARQ,6,240.0,mid,0.05,2025,2160,0,0,0.0,240.0,6,15,12,9,6,120.0,84,1835,0.0017,7,2,4,1188,1121
soc_trang,mild,TwinGate+blindARQ,7,240.0,mid,0.05,2025,2160,0,0,0.0,220.0,7,13,11,6,4,80.0,83,1839,0.6086,7,4,3,636,917
soc_trang,mild,TwinGate+blindARQ,8,240.0,mid,0.05,2025,2160,0,0,0.0,240.0,10,12,12,2,2,40.0,80,1831,0.0,10,3,7,622,977
soc_trang,mild,TwinGate+blindARQ,9,240.0,mid,0.05,2025,2160,0,0,0.0,220.0,9,22,11,13,2,40.0,81,1804,2.0438,9,3,6,668,989
soc_trang,mild,Reactive+T2,0,240.0,mid,0.05,2025,2160,29,0,0.5104,240.0,4,4,4,0,0,0.0,0,1861,0.0,3,0,2,1108,954
soc_trang,mild,Reactive+T2,1,240.0,mid,0.05,2025,2160,144,0,3.1556,240.0,3,4,4,1,1,60.0,0,1864,0.0,3,0,2,1351,1140
soc_trang,mild,Reactive+T2,2,240.0,mid,0.05,2025,2160,144,0,3.1556,240.0,3,5,4,2,1,60.0,0,1857,0.918,3,0,2,1352,1141
soc_trang,mild,Reactive+T2,3,240.0,mid,0.05,2025,2160,144,0,3.156,240.0,3,4,4,1,2,120.0,0,1824,0.0,3,0,2,1351,1140
soc_trang,mild,Reactive+T2,4,240.0,mid,0.05,2025,2160,144,0,3.156,240.0,3,4,4,1,1,60.0,0,1831,0.0,3,0,2,1351,1140
soc_trang,mild,Reactive+T2,5,240.0,mid,0.05,2025,2160,144,0,3.156,240.0,3,4,4,1,1,60.0,0,1826,0.0,3,0,2,1351,1140
soc_trang,mild,Reactive+T2,6,240.0,mid,0.05,2025,2160,286,0,7.0911,240.0,2,4,4,2,3,180.0,0,1835,0.0,2,0,1,1625,1363
soc_trang,mild,Reactive+T2,7,240.0,mid,0.05,2025,2160,286,0,7.0911,240.0,2,4,4,2,2,120.0,0,1839,0.0,2,0,1,1625,1363
soc_trang,mild,Reactive+T2,8,240.0,mid,0.05,2025,2160,29,0,0.5104,240.0,4,4,4,0,0,0.0,0,1831,0.0,3,0,2,1108,954
soc_trang,mild,Reactive+T2,9,240.0,mid,0.05,2025,2160,144,0,3.156,240.0,3,4,4,1,1,60.0,0,1804,0.0,3,0,2,1351,1140
soc_trang,mild,Reactive+blindARQ,0,240.0,mid,0.05,2025,2160,29,0,0.5104,240.0,4,4,4,0,0,0.0,0,1861,0.0,3,0,2,1108,954
soc_trang,mild,Reactive+blindARQ,1,240.0,mid,0.05,2025,2160,144,0,3.1556,240.0,3,4,4,1,1,60.0,0,1864,0.0,3,0,2,1351,1140
soc_trang,mild,Reactive+blindARQ,2,240.0,mid,0.05,2025,2160,286,0,7.0911,240.0,2,4,4,2,2,120.0,0,1857,0.0,2,0,1,1625,1363
soc_trang,mild,Reactive+blindARQ,3,240.0,mid,0.05,2025,2160,286,0,7.0911,240.0,2,4,4,2,2,120.0,0,1824,0.0,2,0,1,1625,1363
soc_trang,mild,Reactive+blindARQ,4,240.0,mid,0.05,2025,2160,144,0,3.156,240.0,3,4,4,1,1,60.0,0,1831,0.0,3,0,2,1351,1140
soc_trang,mild,Reactive+blindARQ,5,240.0,mid,0.05,2025,2160,144,0,3.156,240.0,3,4,4,1,1,60.0,0,1826,0.0,3,0,2,1351,1140
soc_trang,mild,Reactive+blindARQ,6,240.0,mid,0.05,2025,2160,551,0,23.932,240.0,1,4,4,3,3,180.0,0,1835,0.0,2,0,1,1776,1497
soc_trang,mild,Reactive+blindARQ,7,240.0,mid,0.05,2025,2160,286,0,7.0911,240.0,2,4,4,2,2,120.0,0,1839,0.0,2,0,1,1625,1363
soc_trang,mild,Reactive+blindARQ,8,240.0,mid,0.05,2025,2160,29,0,0.5104,240.0,4,4,4,0,0,0.0,0,1831,0.0,3,0,2,1108,954
soc_trang,mild,Reactive+blindARQ,9,240.0,mid,0.05,2025,2160,144,0,3.156,240.0,3,4,4,1,1,60.0,0,1804,0.0,3,0,2,1351,1140
soc_trang,mild,FixedSchedule,0,240.0,mid,0.05,2025,2160,330,0,8.5139,240.0,4,4,4,0,0,0.0,0,1861,0.0,1,0,0,1631,1312
soc_trang,mild,FixedSchedule,1,240.0,mid,0.05,2025,2160,518,0,20.1725,240.0,3,4,4,1,1,60.0,0,1864,0.0,1,0,0,1738,1419
soc_trang,mild,FixedSchedule,2,240.0,mid,0.05,2025,2160,628,0,32.0976,240.0,2,4,4,2,2,120.0,0,1857,0.0,1,0,0,1854,1535
soc_trang,mild,FixedSchedule,3,240.0,mid,0.05,2025,2160,628,0,32.0976,240.0,2,4,4,2,2,120.0,0,1824,0.0,1,0,0,1854,1535
soc_trang,mild,FixedSchedule,4,240.0,mid,0.05,2025,2160,518,0,20.2111,240.0,3,6,4,3,1,60.0,0,1831,0.8031,1,0,0,1738,1419
soc_trang,mild,FixedSchedule,5,240.0,mid,0.05,2025,2160,518,0,20.2111,240.0,3,4,4,1,1,60.0,0,1826,0.0,1,0,0,1738,1419
soc_trang,mild,FixedSchedule,6,240.0,mid,0.05,2025,2160,753,0,44.0941,240.0,1,4,4,3,3,180.0,0,1835,0.0,1,0,0,1976,1655
soc_trang,mild,FixedSchedule,7,240.0,mid,0.05,2025,2160,628,0,32.0976,240.0,2,7,4,5,2,120.0,0,1839,0.5679,1,0,0,1854,1535
soc_trang,mild,FixedSchedule,8,240.0,mid,0.05,2025,2160,330,0,8.5139,240.0,4,4,4,0,0,0.0,0,1831,0.0,1,0,0,1631,1312
soc_trang,mild,FixedSchedule,9,240.0,mid,0.05,2025,2160,518,0,20.2111,240.0,3,4,4,1,1,60.0,0,1804,0.0,1,0,0,1738,1419
soc_trang,mild,Oracle,0,240.0,mid,0.05,2025,2160,0,0,0.0,200.0,9,10,9,1,1,20.0,0,1861,0.4303,7,6,1,774,1052
soc_trang,mild,Oracle,1,240.0,mid,0.05,2025,2160,0,0,0.0,200.0,9,11,9,2,1,20.0,0,1864,0.6086,7,6,1,773,1051
soc_trang,mild,Oracle,2,240.0,mid,0.05,2025,2160,0,0,0.0,200.0,9,14,9,5,6,140.0,0,1857,1.2168,7,6,1,775,1051
soc_trang,mild,Oracle,3,240.0,mid,0.05,2025,2160,0,0,0.0,200.0,9,15,9,6,4,80.0,0,1824,2.1082,7,6,1,779,1057
soc_trang,mild,Oracle,4,240.0,mid,0.05,2025,2160,0,0,0.0,200.0,9,10,9,1,2,40.0,0,1831,0.4303,7,6,1,773,1051
soc_trang,mild,Oracle,5,240.0,mid,0.05,2025,2160,0,0,0.0,200.0,9,18,9,9,2,40.0,0,1826,2.0712,7,6,1,780,1054
soc_trang,mild,Oracle,6,240.0,mid,0.05,2025,2160,0,0,0.0,200.0,9,9,9,0,6,120.0,0,1835,0.0,7,6,1,773,1051
soc_trang,mild,Oracle,7,240.0,mid,0.05,2025,2160,0,0,0.0,200.0,9,12,9,3,4,80.0,0,1839,1.0541,7,6,1,775,1052
soc_trang,mild,Oracle,8,240.0,mid,0.05,2025,2160,0,0,0.0,200.0,9,10,9,1,1,20.0,0,1831,0.4303,7,6,1,774,1051
soc_trang,mild,Oracle,9,240.0,mid,0.05,2025,2160,0,0,0.0,200.0,9,13,9,4,2,40.0,0,1804,1.1385,7,6,1,777,1051
soc_trang,mild,TwinGate+T2+centre,0,240.0,mid,0.05,2025,2160,0,0,0.0,240.0,11,14,12,3,2,40.0,79,1861,0.6086,6,0,5,616,599
soc_trang,mild,TwinGate+T2+centre,1,240.0,mid,0.05,2025,2160,0,0,0.0,240.0,11,14,12,3,1,20.0,79,1864,0.9622,7,0,6,596,563
soc_trang,mild,TwinGate+T2+centre,2,240.0,mid,0.05,2025,2160,0,0,0.0,240.0,9,14,12,5,6,120.0,81,1857,0.6086,4,0,3,596,557
soc_trang,mild,TwinGate+T2+centre,3,240.0,mid,0.05,2025,2160,0,0,0.0,240.0,9,12,12,3,5,100.0,81,1824,0.0,5,0,4,596,471
soc_trang,mild,TwinGate+T2+centre,4,240.0,mid,0.05,2025,2160,0,0,0.0,240.0,9,13,12,4,3,60.0,81,1831,0.4303,4,0,3,599,542
soc_trang,mild,TwinGate+T2+centre,5,240.0,mid,0.05,2025,2160,0,0,0.0,240.0,10,16,12,6,4,80.0,80,1826,0.8607,4,1,2,716,612
soc_trang,mild,TwinGate+T2+centre,6,240.0,mid,0.05,2025,2160,0,0,0.0,240.0,9,13,12,4,6,120.0,81,1835,0.4303,4,0,3,598,559
soc_trang,mild,TwinGate+T2+centre,7,240.0,mid,0.05,2025,2160,0,0,0.0,240.0,10,15,12,5,4,80.0,80,1839,0.7454,5,0,4,605,518
soc_trang,mild,TwinGate+T2+centre,8,240.0,mid,0.05,2025,2160,0,0,0.0,240.0,12,17,12,5,2,40.0,78,1831,1.0541,5,0,4,609,639
soc_trang,mild,TwinGate+T2+centre,9,240.0,mid,0.05,2025,2160,0,0,0.0,240.0,11,15,12,4,2,40.0,79,1804,0.7454,6,0,5,644,594
soc_trang,mild,TwinGate+T2,0,240.0,narrow,0.1,2025,2160,0,0,0.0,240.0,14,19,12,5,2,40.0,76,1861,1.1386,11,0,11,363,734
soc_trang,mild,TwinGate+T2,1,240.0,narrow,0.1,2025,2160,0,0,0.0,240.0,11,13,12,2,1,20.0,79,1864,0.4303,11,1,10,315,770
soc_trang,mild,TwinGate+T2,2,240.0,narrow,0.1,2025,2160,0,0,0.0,240.0,8,12,12,4,7,140.0,82,1857,0.0,8,1,7,331,713
soc_trang,mild,TwinGate+T2,3,240.0,narrow,0.1,2025,2160,0,0,0.0,240.0,10,14,12,4,5,100.0,80,1824,0.6086,9,1,8,345,688
soc_trang,mild,TwinGate+T2,4,240.0,narrow,0.1,2025,2160,0,0,0.0,240.0,11,16,12,5,3,60.0,79,1831,0.8607,10,0,10,222,583
soc_trang,mild,TwinGate+T2,5,240.0,narrow,0.1,2025,2160,0,0,0.0,240.0,11,18,12,7,4,80.0,79,1826,1.2172,9,0,9,268,595
soc_trang,mild,TwinGate+T2,6,240.0,narrow,0.1,2025,2160,0,0,0.0,240.0,10,16,12,6,5,100.0,80,1835,0.8607,9,1,8,335,697
soc_trang,mild,TwinGate+T2,7,240.0,narrow,0.1,2025,2160,0,0,0.0,240.0,11,17,12,6,4,80.0,79,1839,0.9623,9,1,8,310,672
soc_trang,mild,TwinGate+T2,8,240.0,narrow,0.1,2025,2160,0,0,0.0,240.0,10,13,12,3,2,40.0,80,1831,0.4303,11,0,10,647,644
soc_trang,mild,TwinGate+T2,9,240.0,narrow,0.1,2025,2160,0,0,0.0,240.0,11,13,12,2,2,40.0,79,1804,0.4303,11,1,10,331,734
soc_trang,mild,TwinGate+blindARQ,0,240.0,narrow,0.1,2025,2160,0,0,0.0,240.0,10,17,12,7,2,40.0,80,1861,1.0541,10,0,10,243,606
soc_trang,mild,TwinGate+blindARQ,1,240.0,narrow,0.1,2025,2160,0,0,0.0,240.0,11,13,12,2,1,20.0,79,1864,0.4303,11,1,10,315,770
soc_trang,mild,TwinGate+blindARQ,2,240.0,narrow,0.1,2025,2160,83,0,0.7241,240.0,5,15,12,10,7,140.0,85,1857,0.6086,6,0,5,1292,1141
soc_trang,mild,TwinGate+blindARQ,3,240.0,narrow,0.1,2025,2160,0,0,0.0,240.0,7,16,12,9,5,100.0,83,1824,0.9622,8,0,7,969,854
soc_trang,mild,TwinGate+blindARQ,4,240.0,narrow,0.1,2025,2160,0,0,0.0,240.0,9,18,12,9,3,60.0,81,1831,1.0541,10,0,9,677,597
soc_trang,mild,TwinGate+blindARQ,5,240.0,narrow,0.1,2025,2160,0,0,0.0,240.0,7,13,12,6,5,100.0,83,1826,0.4303,8,0,7,742,659
soc_trang,mild,TwinGate+blindARQ,6,240.0,narrow,0.1,2025,2160,24,0,0.1784,240.0,6,12,12,6,6,120.0,84,1835,0.0,7,0,6,1182,1082
soc_trang,mild,TwinGate+blindARQ,7,240.0,narrow,0.1,2025,2160,0,0,0.0,240.0,8,19,12,11,4,80.0,82,1839,1.4758,8,1,7,363,668
soc_trang,mild,TwinGate+blindARQ,8,240.0,narrow,0.1,2025,2160,0,0,0.0,240.0,10,13,12,3,2,40.0,80,1831,0.4303,11,0,10,647,644
soc_trang,mild,TwinGate+blindARQ,9,240.0,narrow,0.1,2025,2160,0,0,0.0,240.0,10,16,12,6,2,40.0,80,1804,0.8607,10,1,9,321,754
soc_trang,mild,Reactive+T2,0,240.0,narrow,0.1,2025,2160,29,0,0.5104,240.0,4,4,4,0,0,0.0,0,1861,0.0,3,0,2,1108,954
soc_trang,mild,Reactive+T2,1,240.0,narrow,0.1,2025,2160,144,0,3.1556,240.0,3,4,4,1,1,60.0,0,1864,0.0,3,0,2,1351,1140
soc_trang,mild,Reactive+T2,2,240.0,narrow,0.1,2025,2160,144,0,3.1556,240.0,3,5,4,2,1,60.0,0,1857,0.918,3,0,2,1352,1141
soc_trang,mild,Reactive+T2,3,240.0,narrow,0.1,2025,2160,144,0,3.156,240.0,3,4,4,1,2,120.0,0,1824,0.0,3,0,2,1351,1140
soc_trang,mild,Reactive+T2,4,240.0,narrow,0.1,2025,2160,144,0,3.156,240.0,3,4,4,1,1,60.0,0,1831,0.0,3,0,2,1351,1140
soc_trang,mild,Reactive+T2,5,240.0,narrow,0.1,2025,2160,144,0,3.156,240.0,3,4,4,1,1,60.0,0,1826,0.0,3,0,2,1351,1140
soc_trang,mild,Reactive+T2,6,240.0,narrow,0.1,2025,2160,286,0,7.0911,240.0,2,4,4,2,3,180.0,0,1835,0.0,2,0,1,1625,1363
soc_trang,mild,Reactive+T2,7,240.0,narrow,0.1,2025,2160,286,0,7.0911,240.0,2,4,4,2,2,120.0,0,1839,0.0,2,0,1,1625,1363
soc_trang,mild,Reactive+T2,8,240.0,narrow,0.1,2025,2160,29,0,0.5104,240.0,4,4,4,0,0,0.0,0,1831,0.0,3,0,2,1108,954
soc_trang,mild,Reactive+T2,9,240.0,narrow,0.1,2025,2160,144,0,3.156,240.0,3,4,4,1,1,60.0,0,1804,0.0,3,0,2,1351,1140
soc_trang,mild,Reactive+blindARQ,0,240.0,narrow,0.1,2025,2160,29,0,0.5104,240.0,4,4,4,0,0,0.0,0,1861,0.0,3,0,2,1108,954
soc_trang,mild,Reactive+blindARQ,1,240.0,narrow,0.1,2025,2160,144,0,3.1556,240.0,3,4,4,1,1,60.0,0,1864,0.0,3,0,2,1351,1140
soc_trang,mild,Reactive+blindARQ,2,240.0,narrow,0.1,2025,2160,286,0,7.0911,240.0,2,4,4,2,2,120.0,0,1857,0.0,2,0,1,1625,1363
soc_trang,mild,Reactive+blindARQ,3,240.0,narrow,0.1,2025,2160,286,0,7.0911,240.0,2,4,4,2,2,120.0,0,1824,0.0,2,0,1,1625,1363
soc_trang,mild,Reactive+blindARQ,4,240.0,narrow,0.1,2025,2160,144,0,3.156,240.0,3,4,4,1,1,60.0,0,1831,0.0,3,0,2,1351,1140
soc_trang,mild,Reactive+blindARQ,5,240.0,narrow,0.1,2025,2160,144,0,3.156,240.0,3,4,4,1,1,60.0,0,1826,0.0,3,0,2,1351,1140
soc_trang,mild,Reactive+blindARQ,6,240.0,narrow,0.1,2025,2160,551,0,23.932,240.0,1,4,4,3,3,180.0,0,1835,0.0,2,0,1,1776,1497
soc_trang,mild,Reactive+blindARQ,7,240.0,narrow,0.1,2025,2160,286,0,7.0911,240.0,2,4,4,2,2,120.0,0,1839,0.0,2,0,1,1625,1363
soc_trang,mild,Reactive+blindARQ,8,240.0,narrow,0.1,2025,2160,29,0,0.5104,240.0,4,4,4,0,0,0.0,0,1831,0.0,3,0,2,1108,954
soc_trang,mild,Reactive+blindARQ,9,240.0,narrow,0.1,2025,2160,144,0,3.156,240.0,3,4,4,1,1,60.0,0,1804,0.0,3,0,2,1351,1140
soc_trang,mild,FixedSchedule,0,240.0,narrow,0.1,2025,2160,330,0,8.5139,240.0,4,4,4,0,0,0.0,0,1861,0.0,1,0,0,1631,1312
soc_trang,mild,FixedSchedule,1,240.0,narrow,0.1,2025,2160,518,0,20.1725,240.0,3,4,4,1,1,60.0,0,1864,0.0,1,0,0,1738,1419
soc_trang,mild,FixedSchedule,2,240.0,narrow,0.1,2025,2160,628,0,32.0976,240.0,2,4,4,2,2,120.0,0,1857,0.0,1,0,0,1854,1535
soc_trang,mild,FixedSchedule,3,240.0,narrow,0.1,2025,2160,628,0,32.0976,240.0,2,4,4,2,2,120.0,0,1824,0.0,1,0,0,1854,1535
soc_trang,mild,FixedSchedule,4,240.0,narrow,0.1,2025,2160,518,0,20.2111,240.0,3,6,4,3,1,60.0,0,1831,0.8031,1,0,0,1738,1419
soc_trang,mild,FixedSchedule,5,240.0,narrow,0.1,2025,2160,518,0,20.2111,240.0,3,4,4,1,1,60.0,0,1826,0.0,1,0,0,1738,1419
soc_trang,mild,FixedSchedule,6,240.0,narrow,0.1,2025,2160,753,0,44.0941,240.0,1,4,4,3,3,180.0,0,1835,0.0,1,0,0,1976,1655
soc_trang,mild,FixedSchedule,7,240.0,narrow,0.1,2025,2160,628,0,32.0976,240.0,2,7,4,5,2,120.0,0,1839,0.5679,1,0,0,1854,1535
soc_trang,mild,FixedSchedule,8,240.0,narrow,0.1,2025,2160,330,0,8.5139,240.0,4,4,4,0,0,0.0,0,1831,0.0,1,0,0,1631,1312
soc_trang,mild,FixedSchedule,9,240.0,narrow,0.1,2025,2160,518,0,20.2111,240.0,3,4,4,1,1,60.0,0,1804,0.0,1,0,0,1738,1419
soc_trang,mild,Oracle,0,240.0,narrow,0.1,2025,2160,0,0,0.0,200.0,9,10,9,1,1,20.0,0,1861,0.4303,7,6,1,774,1052
soc_trang,mild,Oracle,1,240.0,narrow,0.1,2025,2160,0,0,0.0,200.0,9,11,9,2,1,20.0,0,1864,0.6086,7,6,1,773,1051
soc_trang,mild,Oracle,2,240.0,narrow,0.1,2025,2160,0,0,0.0,200.0,9,14,9,5,6,140.0,0,1857,1.2168,7,6,1,775,1051
soc_trang,mild,Oracle,3,240.0,narrow,0.1,2025,2160,0,0,0.0,200.0,9,15,9,6,4,80.0,0,1824,2.1082,7,6,1,779,1057
soc_trang,mild,Oracle,4,240.0,narrow,0.1,2025,2160,0,0,0.0,200.0,9,10,9,1,2,40.0,0,1831,0.4303,7,6,1,773,1051
soc_trang,mild,Oracle,5,240.0,narrow,0.1,2025,2160,0,0,0.0,200.0,9,18,9,9,2,40.0,0,1826,2.0712,7,6,1,780,1054
soc_trang,mild,Oracle,6,240.0,narrow,0.1,2025,2160,0,0,0.0,200.0,9,9,9,0,6,120.0,0,1835,0.0,7,6,1,773,1051
soc_trang,mild,Oracle,7,240.0,narrow,0.1,2025,2160,0,0,0.0,200.0,9,12,9,3,4,80.0,0,1839,1.0541,7,6,1,775,1052
soc_trang,mild,Oracle,8,240.0,narrow,0.1,2025,2160,0,0,0.0,200.0,9,10,9,1,1,20.0,0,1831,0.4303,7,6,1,774,1051
soc_trang,mild,Oracle,9,240.0,narrow,0.1,2025,2160,0,0,0.0,200.0,9,13,9,4,2,40.0,0,1804,1.1385,7,6,1,777,1051
soc_trang,mild,TwinGate+T2+centre,0,240.0,narrow,0.1,2025,2160,0,0,0.0,240.0,14,19,12,5,2,40.0,76,1861,1.1386,11,0,11,363,734
soc_trang,mild,TwinGate+T2+centre,1,240.0,narrow,0.1,2025,2160,0,0,0.0,240.0,11,13,12,2,1,20.0,79,1864,0.4303,11,1,10,315,770
soc_trang,mild,TwinGate+T2+centre,2,240.0,narrow,0.1,2025,2160,0,0,0.0,240.0,8,12,12,4,7,140.0,82,1857,0.0,8,1,7,331,713
soc_trang,mild,TwinGate+T2+centre,3,240.0,narrow,0.1,2025,2160,0,0,0.0,240.0,10,14,12,4,5,100.0,80,1824,0.6086,9,1,8,345,688
soc_trang,mild,TwinGate+T2+centre,4,240.0,narrow,0.1,2025,2160,0,0,0.0,240.0,11,16,12,5,3,60.0,79,1831,0.8607,10,0,10,222,583
soc_trang,mild,TwinGate+T2+centre,5,240.0,narrow,0.1,2025,2160,0,0,0.0,240.0,11,18,12,7,4,80.0,79,1826,1.2172,9,0,9,268,595
soc_trang,mild,TwinGate+T2+centre,6,240.0,narrow,0.1,2025,2160,0,0,0.0,240.0,10,16,12,6,5,100.0,80,1835,0.8607,9,1,8,335,697
soc_trang,mild,TwinGate+T2+centre,7,240.0,narrow,0.1,2025,2160,0,0,0.0,240.0,11,17,12,6,4,80.0,79,1839,0.9623,9,1,8,310,672
soc_trang,mild,TwinGate+T2+centre,8,240.0,narrow,0.1,2025,2160,0,0,0.0,240.0,10,13,12,3,2,40.0,80,1831,0.4303,11,0,10,647,644
soc_trang,mild,TwinGate+T2+centre,9,240.0,narrow,0.1,2025,2160,0,0,0.0,240.0,11,13,12,2,2,40.0,79,1804,0.4303,11,1,10,331,734
soc_trang,mild,TwinGate+T2,0,320.0,awd,0.02,2025,2160,0,0,0.0,220.0,14,21,11,7,0,0.0,76,1861,1.3608,9,2,7,476,803
soc_trang,mild,TwinGate+T2,1,320.0,awd,0.02,2025,2160,0,0,0.0,220.0,10,11,11,1,1,20.0,80,1864,0.0,7,2,5,375,691
soc_trang,mild,TwinGate+T2,2,320.0,awd,0.02,2025,2160,0,0,0.0,240.0,9,14,12,5,7,140.0,81,1857,0.7451,5,2,3,370,609
soc_trang,mild,TwinGate+T2,3,320.0,awd,0.02,2025,2160,0,0,0.0,220.0,11,16,11,5,4,80.0,79,1824,0.9623,7,2,5,420,814
soc_trang,mild,TwinGate+T2,4,320.0,awd,0.02,2025,2160,0,0,0.0,220.0,9,12,11,3,2,40.0,81,1831,0.6086,7,3,4,400,706
soc_trang,mild,TwinGate+T2,5,320.0,awd,0.02,2025,2160,0,0,0.0,240.0,9,15,12,6,4,80.0,81,1826,0.7454,5,3,2,395,616
soc_trang,mild,TwinGate+T2,6,320.0,awd,0.02,2025,2160,0,0,0.0,240.0,8,13,12,5,6,120.0,82,1835,0.4303,6,3,3,336,607
soc_trang,mild,TwinGate+T2,7,320.0,awd,0.02,2025,2160,0,0,0.0,260.0,9,15,13,6,5,100.0,81,1839,0.6086,5,3,2,353,627
soc_trang,mild,TwinGate+T2,8,320.0,awd,0.02,2025,2160,0,0,0.0,240.0,10,13,12,3,2,40.0,80,1831,0.4303,8,2,6,386,630
soc_trang,mild,TwinGate+T2,9,320.0,awd,0.02,2025,2160,0,0,0.0,220.0,13,18,11,5,2,40.0,77,1804,1.1386,8,2,6,448,828
soc_trang,mild,TwinGate+blindARQ,0,320.0,awd,0.02,2025,2160,0,0,0.0,240.0,10,17,12,7,2,40.0,80,1861,0.9623,5,2,3,381,749
soc_trang,mild,TwinGate+blindARQ,1,320.0,awd,0.02,2025,2160,0,0,0.0,220.0,10,11,11,1,1,20.0,80,1864,0.0,7,2,5,375,691
soc_trang,mild,TwinGate+blindARQ,2,320.0,awd,0.02,2025,2160,0,0,0.0,280.0,6,19,14,13,8,160.0,84,1857,1.2168,6,6,0,851,1060
soc_trang,mild,TwinGate+blindARQ,3,320.0,awd,0.02,2025,2160,0,0,0.0,260.0,7,13,13,6,6,120.0,83,1824,0.0,7,3,4,419,688
soc_trang,mild,TwinGate+blindARQ,4,320.0,awd,0.02,2025,2160,0,0,0.0,260.0,9,15,13,6,4,80.0,81,1831,0.6125,7,3,4,400,622
soc_trang,mild,TwinGate+blindARQ,5,320.0,awd,0.02,2025,2160,0,0,0.0,280.0,7,18,14,11,7,140.0,83,1826,0.8607,7,2,5,448,675
soc_trang,mild,TwinGate+blindARQ,6,320.0,awd,0.02,2025,2160,0,0,0.0,260.0,6,13,13,7,7,140.0,84,1835,0.0,6,5,1,645,850
soc_trang,mild,TwinGate+blindARQ,7,320.0,awd,0.02,2025,2160,0,0,0.0,260.0,8,15,13,7,5,100.0,82,1839,0.6086,6,3,3,338,609
soc_trang,mild,TwinGate+blindARQ,8,320.0,awd,0.02,2025,2160,0,0,0.0,240.0,10,13,12,3,2,40.0,80,1831,0.4303,8,2,6,386,630
soc_trang,mild,TwinGate+blindARQ,9,320.0,awd,0.02,2025,2160,0,0,0.0,220.0,9,15,11,6,2,40.0,81,1804,1.1385,7,2,5,390,717
soc_trang,mild,Reactive+T2,0,320.0,awd,0.02,2025,2160,0,0,0.0,320.0,7,8,6,1,0,0.0,0,1861,0.6086,4,0,3,758,602
soc_trang,mild,Reactive+T2,1,320.0,awd,0.02,2025,2160,13,0,0.0121,320.0,5,6,6,1,1,60.0,0,1864,0.0,3,0,2,990,844
soc_trang,mild,Reactive+T2,2,320.0,awd,0.02,2025,2160,0,0,0.0,320.0,6,9,6,3,1,60.0,0,1857,1.1014,4,0,3,1000,872
soc_trang,mild,Reactive+T2,3,320.0,awd,0.02,2025,2160,0,0,0.0,320.0,6,8,6,2,3,140.0,0,1824,1.2217,4,0,3,980,808
soc_trang,mild,Reactive+T2,4,320.0,awd,0.02,2025,2160,13,0,0.0121,320.0,5,6,6,1,1,60.0,0,1831,0.0,3,0,2,990,844
soc_trang,mild,Reactive+T2,5,320.0,awd,0.02,2025,2160,0,0,0.0,320.0,6,8,6,2,2,80.0,0,1826,1.2217,4,0,3,980,808
soc_trang,mild,Reactive+T2,6,320.0,awd,0.02,2025,2160,104,0,1.5684,320.0,4,6,6,2,3,180.0,0,1835,0.0,3,0,2,1274,1078
soc_trang,mild,Reactive+T2,7,320.0,awd,0.02,2025,2160,104,0,1.5684,320.0,4,6,6,2,2,120.0,0,1839,0.0,3,0,2,1274,1078
soc_trang,mild,Reactive+T2,8,320.0,awd,0.02,2025,2160,12,0,0.0114,320.0,5,7,6,2,1,60.0,0,1831,0.4303,3,0,2,990,845
soc_trang,mild,Reactive+T2,9,320.0,awd,0.02,2025,2160,13,0,0.0121,320.0,5,6,6,1,1,60.0,0,1804,0.0,3,0,2,990,844
soc_trang,mild,Reactive+blindARQ,0,320.0,awd,0.02,2025,2160,0,0,0.0,320.0,6,8,6,2,0,0.0,0,1861,0.6086,3,0,2,751,596
soc_trang,mild,Reactive+blindARQ,1,320.0,awd,0.02,2025,2160,13,0,0.0121,320.0,5,6,6,1,1,60.0,0,1864,0.0,3,0,2,990,844
soc_trang,mild,Reactive+blindARQ,2,320.0,awd,0.02,2025,2160,104,0,1.5679,320.0,4,7,6,3,3,140.0,0,1857,0.918,3,0,2,1275,1079
soc_trang,mild,Reactive+blindARQ,3,320.0,awd,0.02,2025,2160,104,0,1.5675,320.0,4,8,6,4,2,120.0,0,1824,0.6086,3,0,2,1274,1080
soc_trang,mild,Reactive+blindARQ,4,320.0,awd,0.02,2025,2160,13,0,0.0121,320.0,5,6,6,1,1,60.0,0,1831,0.0,3,0,2,990,844
soc_trang,mild,Reactive+blindARQ,5,320.0,awd,0.02,2025,2160,0,0,0.0,320.0,5,9,6,4,2,80.0,0,1826,1.4969,4,0,3,999,873
soc_trang,mild,Reactive+blindARQ,6,320.0,awd,0.02,2025,2160,215,0,4.5763,320.0,3,6,6,3,3,180.0,0,1835,0.0,3,0,2,1538,1302
soc_trang,mild,Reactive+blindARQ,7,320.0,awd,0.02,2025,2160,104,0,1.5684,320.0,4,6,6,2,2,120.0,0,1839,0.0,3,0,2,1274,1078
soc_trang,mild,Reactive+blindARQ,8,320.0,awd,0.02,2025,2160,12,0,0.0114,320.0,5,7,6,2,1,60.0,0,1831,0.4303,3,0,2,990,845
soc_trang,mild,Reactive+blindARQ,9,320.0,awd,0.02,2025,2160,13,0,0.0121,320.0,5,6,6,1,1,60.0,0,1804,0.0,3,0,2,990,844
soc_trang,mild,FixedSchedule,0,320.0,awd,0.02,2025,2160,144,0,3.1113,320.0,6,6,6,0,0,0.0,0,1861,0.0,1,0,0,1332,1048
soc_trang,mild,FixedSchedule,1,320.0,awd,0.02,2025,2160,237,0,5.2096,320.0,5,6,6,1,1,60.0,0,1864,0.0,1,0,0,1536,1254
soc_trang,mild,FixedSchedule,2,320.0,awd,0.02,2025,2160,392,0,11.345,320.0,4,6,6,2,3,140.0,0,1857,0.0,1,0,0,1664,1358
soc_trang,mild,FixedSchedule,3,320.0,awd,0.02,2025,2160,392,0,11.345,320.0,4,6,6,2,3,140.0,0,1824,0.0,1,0,0,1664,1358
soc_trang,mild,FixedSchedule,4,320.0,awd,0.02,2025,2160,237,0,5.2096,320.0,5,8,6,3,1,60.0,0,1831,0.8031,1,0,0,1536,1254
soc_trang,mild,FixedSchedule,5,320.0,awd,0.02,2025,2160,237,0,5.2096,320.0,5,6,6,1,2,80.0,0,1826,0.0,1,0,0,1536,1254
soc_trang,mild,FixedSchedule,6,320.0,awd,0.02,2025,2160,529,0,22.3149,320.0,3,6,6,3,3,180.0,0,1835,0.0,2,0,1,1769,1476
soc_trang,mild,FixedSchedule,7,320.0,awd,0.02,2025,2160,392,0,11.3367,320.0,4,13,6,9,2,120.0,0,1839,5.6666,1,0,0,1664,1362
soc_trang,mild,FixedSchedule,8,320.0,awd,0.02,2025,2160,237,0,5.2096,320.0,5,7,6,2,1,60.0,0,1831,0.0,1,0,0,1536,1254
soc_trang,mild,FixedSchedule,9,320.0,awd,0.02,2025,2160,237,0,5.2096,320.0,5,6,6,1,1,60.0,0,1804,0.0,1,0,0,1536,1254
soc_trang,mild,Oracle,0,320.0,awd,0.02,2025,2160,0,0,0.0,260.0,11,16,11,5,1,20.0,0,1861,0.9623,4,2,2,314,471
soc_trang,mild,Oracle,1,320.0,awd,0.02,2025,2160,0,0,0.0,260.0,11,14,11,3,1,20.0,0,1864,1.1095,4,2,2,314,472
soc_trang,mild,Oracle,2,320.0,awd,0.02,2025,2160,0,0,0.0,260.0,11,20,11,9,6,140.0,0,1857,2.2786,4,2,2,318,475
soc_trang,mild,Oracle,3,320.0,awd,0.02,2025,2160,0,0,0.0,260.0,11,29,11,18,4,100.0,0,1824,1.8335,4,2,2,313,470
soc_trang,mild,Oracle,4,320.0,awd,0.02,2025,2160,0,0,0.0,260.0,11,11,11,0,2,60.0,0,1831,0.0,4,2,2,313,470
soc_trang,mild,Oracle,5,320.0,awd,0.02,2025,2160,0,0,0.0,260.0,11,14,11,3,4,100.0,0,1826,0.8966,4,2,2,313,470
soc_trang,mild,Oracle,6,320.0,awd,0.02,2025,2160,0,0,0.0,260.0,11,13,11,2,5,120.0,0,1835,0.9623,4,2,2,314,472
soc_trang,mild,Oracle,7,320.0,awd,0.02,2025,2160,0,0,0.0,260.0,11,14,11,3,3,80.0,0,1839,0.7454,4,2,2,313,470
soc_trang,mild,Oracle,8,320.0,awd,0.02,2025,2160,0,0,0.0,260.0,11,14,11,3,0,0.0,0,1831,0.7454,4,2,2,314,472
soc_trang,mild,Oracle,9,320.0,awd,0.02,2025,2160,0,0,0.0,260.0,11,12,11,1,2,60.0,0,1804,0.4303,4,2,2,314,471
soc_trang,mild,TwinGate+T2+centre,0,320.0,awd,0.02,2025,2160,0,0,0.0,260.0,12,16,13,4,2,40.0,78,1861,0.7454,5,0,5,52,468
soc_trang,mild,TwinGate+T2+centre,1,320.0,awd,0.02,2025,2160,0,0,0.0,260.0,12,16,13,4,1,20.0,78,1864,1.0541,6,0,6,55,442
soc_trang,mild,TwinGate+T2+centre,2,320.0,awd,0.02,2025,2160,0,0,0.0,280.0,10,16,14,6,7,140.0,80,1857,0.6086,3,0,3,29,383
soc_trang,mild,TwinGate+T2+centre,3,320.0,awd,0.02,2025,2160,0,0,0.0,260.0,9,13,13,4,6,120.0,81,1824,0.0,4,0,4,35,311
soc_trang,mild,TwinGate+T2+centre,4,320.0,awd,0.02,2025,2160,0,0,0.0,260.0,10,14,13,4,4,80.0,80,1831,0.4303,3,0,3,31,412
soc_trang,mild,TwinGate+T2+centre,5,320.0,awd,0.02,2025,2160,0,0,0.0,280.0,11,18,14,7,6,120.0,79,1826,0.8607,3,1,2,152,445
soc_trang,mild,TwinGate+T2+centre,6,320.0,awd,0.02,2025,2160,0,0,0.0,260.0,10,15,13,5,7,140.0,80,1835,0.6086,3,0,3,31,427
soc_trang,mild,TwinGate+T2+centre,7,320.0,awd,0.02,2025,2160,0,0,0.0,260.0,10,16,13,6,5,100.0,80,1839,0.7454,4,0,4,64,363
soc_trang,mild,TwinGate+T2+centre,8,320.0,awd,0.02,2025,2160,0,0,0.0,260.0,13,18,13,5,2,40.0,77,1831,1.0541,4,0,4,45,508
soc_trang,mild,TwinGate+T2+centre,9,320.0,awd,0.02,2025,2160,0,0,0.0,260.0,12,16,13,4,2,40.0,78,1804,0.7454,6,0,6,93,461
soc_trang,mild,TwinGate+T2,0,320.0,mid,0.05,2025,2160,0,0,0.0,240.0,11,15,12,4,2,40.0,79,1861,0.8606,8,2,6,394,835
soc_trang,mild,TwinGate+T2,1,320.0,mid,0.05,2025,2160,0,0,0.0,240.0,13,17,12,4,1,20.0,77,1864,0.9623,12,1,11,373,851
soc_trang,mild,TwinGate+T2,2,320.0,mid,0.05,2025,2160,0,0,0.0,240.0,11,17,12,6,5,100.0,79,1857,0.9623,7,1,6,314,645
soc_trang,mild,TwinGate+T2,3,320.0,mid,0.05,2025,2160,0,0,0.0,260.0,10,15,13,5,6,120.0,80,1824,0.9623,7,1,6,277,611
soc_trang,mild,TwinGate+T2,4,320.0,mid,0.05,2025,2160,0,0,0.0,240.0,11,16,12,5,3,60.0,79,1831,1.1385,6,2,4,308,624
soc_trang,mild,TwinGate+T2,5,320.0,mid,0.05,2025,2160,0,0,0.0,240.0,9,14,12,5,5,100.0,81,1826,0.7452,6,1,5,280,557
soc_trang,mild,TwinGate+T2,6,320.0,mid,0.05,2025,2160,0,0,0.0,240.0,8,14,12,6,6,120.0,82,1835,0.6086,8,2,6,334,604
soc_trang,mild,TwinGate+T2,7,320.0,mid,0.05,2025,2160,0,0,0.0,260.0,13,22,13,9,3,60.0,77,1839,1.4907,8,2,6,396,811
soc_trang,mild,TwinGate+T2,8,320.0,mid,0.05,2025,2160,0,0,0.0,240.0,10,14,12,4,2,40.0,80,1831,0.6086,7,2,5,371,695
soc_trang,mild,TwinGate+T2,9,320.0,mid,0.05,2025,2160,0,0,0.0,240.0,13,18,12,5,2,40.0,77,1804,1.7209,11,2,9,461,868
soc_trang,mild,TwinGate+blindARQ,0,320.0,mid,0.05,2025,2160,0,0,0.0,240.0,10,15,12,5,2,40.0,80,1861,0.8606,8,2,6,394,800
soc_trang,mild,TwinGate+blindARQ,1,320.0,mid,0.05,2025,2160,0,0,0.0,240.0,11,18,12,7,1,20.0,79,1864,1.6423,8,2,6,395,756
soc_trang,mild,TwinGate+blindARQ,2,320.0,mid,0.05,2025,2160,0,0,0.0,300.0,7,19,15,12,8,160.0,83,1857,0.8607,7,2,5,554,841
soc_trang,mild,TwinGate+blindARQ,3,320.0,mid,0.05,2025,2160,0,0,0.0,260.0,7,20,13,13,6,120.0,83,1824,1.3071,6,2,4,375,590
soc_trang,mild,TwinGate+blindARQ,4,320.0,mid,0.05,2025,2160,0,0,0.0,260.0,9,16,13,7,4,80.0,81,1831,1.054,7,2,5,388,681
soc_trang,mild,TwinGate+blindARQ,5,320.0,mid,0.05,2025,2160,0,0,0.0,280.0,7,19,14,12,7,140.0,83,1826,1.3789,7,2,5,369,612
soc_trang,mild,TwinGate+blindARQ,6,320.0,mid,0.05,2025,2160,0,0,0.0,320.0,7,23,16,16,9,180.0,83,1835,0.7697,7,3,4,545,776
soc_trang,mild,TwinGate+blindARQ,7,320.0,mid,0.05,2025,2160,0,0,0.0,260.0,8,15,13,7,5,100.0,82,1839,0.6086,8,2,6,332,598
soc_trang,mild,TwinGate+blindARQ,8,320.0,mid,0.05,2025,2160,0,0,0.0,240.0,10,14,12,4,2,40.0,80,1831,0.6086,7,2,5,371,695
soc_trang,mild,TwinGate+blindARQ,9,320.0,mid,0.05,2025,2160,0,0,0.0,240.0,10,21,12,11,2,40.0,80,1804,1.8538,8,2,6,409,726
soc_trang,mild,Reactive+T2,0,320.0,mid,0.05,2025,2160,0,0,0.0,320.0,7,8,6,1,0,0.0,0,1861,0.6086,4,0,3,758,602
soc_trang,mild,Reactive+T2,1,320.0,mid,0.05,2025,2160,13,0,0.0121,320.0,5,6,6,1,1,60.0,0,1864,0.0,3,0,2,990,844
soc_trang,mild,Reactive+T2,2,320.0,mid,0.05,2025,2160,0,0,0.0,320.0,6,9,6,3,1,60.0,0,1857,1.1014,4,0,3,1000,872
soc_trang,mild,Reactive+T2,3,320.0,mid,0.05,2025,2160,0,0,0.0,320.0,6,8,6,2,3,140.0,0,1824,1.2217,4,0,3,980,808
soc_trang,mild,Reactive+T2,4,320.0,mid,0.05,2025,2160,13,0,0.0121,320.0,5,6,6,1,1,60.0,0,1831,0.0,3,0,2,990,844
soc_trang,mild,Reactive+T2,5,320.0,mid,0.05,2025,2160,0,0,0.0,320.0,6,8,6,2,2,80.0,0,1826,1.2217,4,0,3,980,808
soc_trang,mild,Reactive+T2,6,320.0,mid,0.05,2025,2160,104,0,1.5684,320.0,4,6,6,2,3,180.0,0,1835,0.0,3,0,2,1274,1078
soc_trang,mild,Reactive+T2,7,320.0,mid,0.05,2025,2160,104,0,1.5684,320.0,4,6,6,2,2,120.0,0,1839,0.0,3,0,2,1274,1078
soc_trang,mild,Reactive+T2,8,320.0,mid,0.05,2025,2160,12,0,0.0114,320.0,5,7,6,2,1,60.0,0,1831,0.4303,3,0,2,990,845
soc_trang,mild,Reactive+T2,9,320.0,mid,0.05,2025,2160,13,0,0.0121,320.0,5,6,6,1,1,60.0,0,1804,0.0,3,0,2,990,844
soc_trang,mild,Reactive+blindARQ,0,320.0,mid,0.05,2025,2160,0,0,0.0,320.0,6,8,6,2,0,0.0,0,1861,0.6086,3,0,2,751,596
soc_trang,mild,Reactive+blindARQ,1,320.0,mid,0.05,2025,2160,13,0,0.0121,320.0,5,6,6,1,1,60.0,0,1864,0.0,3,0,2,990,844
soc_trang,mild,Reactive+blindARQ,2,320.0,mid,0.05,2025,2160,104,0,1.5679,320.0,4,7,6,3,3,140.0,0,1857,0.918,3,0,2,1275,1079
soc_trang,mild,Reactive+blindARQ,3,320.0,mid,0.05,2025,2160,104,0,1.5675,320.0,4,8,6,4,2,120.0,0,1824,0.6086,3,0,2,1274,1080
soc_trang,mild,Reactive+blindARQ,4,320.0,mid,0.05,2025,2160,13,0,0.0121,320.0,5,6,6,1,1,60.0,0,1831,0.0,3,0,2,990,844
soc_trang,mild,Reactive+blindARQ,5,320.0,mid,0.05,2025,2160,0,0,0.0,320.0,5,9,6,4,2,80.0,0,1826,1.4969,4,0,3,999,873
soc_trang,mild,Reactive+blindARQ,6,320.0,mid,0.05,2025,2160,215,0,4.5763,320.0,3,6,6,3,3,180.0,0,1835,0.0,3,0,2,1538,1302
soc_trang,mild,Reactive+blindARQ,7,320.0,mid,0.05,2025,2160,104,0,1.5684,320.0,4,6,6,2,2,120.0,0,1839,0.0,3,0,2,1274,1078
soc_trang,mild,Reactive+blindARQ,8,320.0,mid,0.05,2025,2160,12,0,0.0114,320.0,5,7,6,2,1,60.0,0,1831,0.4303,3,0,2,990,845
soc_trang,mild,Reactive+blindARQ,9,320.0,mid,0.05,2025,2160,13,0,0.0121,320.0,5,6,6,1,1,60.0,0,1804,0.0,3,0,2,990,844
soc_trang,mild,FixedSchedule,0,320.0,mid,0.05,2025,2160,144,0,3.1113,320.0,6,6,6,0,0,0.0,0,1861,0.0,1,0,0,1332,1048
soc_trang,mild,FixedSchedule,1,320.0,mid,0.05,2025,2160,237,0,5.2096,320.0,5,6,6,1,1,60.0,0,1864,0.0,1,0,0,1536,1254
soc_trang,mild,FixedSchedule,2,320.0,mid,0.05,2025,2160,392,0,11.345,320.0,4,6,6,2,3,140.0,0,1857,0.0,1,0,0,1664,1358
soc_trang,mild,FixedSchedule,3,320.0,mid,0.05,2025,2160,392,0,11.345,320.0,4,6,6,2,3,140.0,0,1824,0.0,1,0,0,1664,1358
soc_trang,mild,FixedSchedule,4,320.0,mid,0.05,2025,2160,237,0,5.2096,320.0,5,8,6,3,1,60.0,0,1831,0.8031,1,0,0,1536,1254
soc_trang,mild,FixedSchedule,5,320.0,mid,0.05,2025,2160,237,0,5.2096,320.0,5,6,6,1,2,80.0,0,1826,0.0,1,0,0,1536,1254
soc_trang,mild,FixedSchedule,6,320.0,mid,0.05,2025,2160,529,0,22.3149,320.0,3,6,6,3,3,180.0,0,1835,0.0,2,0,1,1769,1476
soc_trang,mild,FixedSchedule,7,320.0,mid,0.05,2025,2160,392,0,11.3367,320.0,4,13,6,9,2,120.0,0,1839,5.6666,1,0,0,1664,1362
soc_trang,mild,FixedSchedule,8,320.0,mid,0.05,2025,2160,237,0,5.2096,320.0,5,7,6,2,1,60.0,0,1831,0.0,1,0,0,1536,1254
soc_trang,mild,FixedSchedule,9,320.0,mid,0.05,2025,2160,237,0,5.2096,320.0,5,6,6,1,1,60.0,0,1804,0.0,1,0,0,1536,1254
soc_trang,mild,Oracle,0,320.0,mid,0.05,2025,2160,0,0,0.0,260.0,11,16,11,5,1,20.0,0,1861,0.9623,4,2,2,314,471
soc_trang,mild,Oracle,1,320.0,mid,0.05,2025,2160,0,0,0.0,260.0,11,14,11,3,1,20.0,0,1864,1.1095,4,2,2,314,472
soc_trang,mild,Oracle,2,320.0,mid,0.05,2025,2160,0,0,0.0,260.0,11,20,11,9,6,140.0,0,1857,2.2786,4,2,2,318,475
soc_trang,mild,Oracle,3,320.0,mid,0.05,2025,2160,0,0,0.0,260.0,11,29,11,18,4,100.0,0,1824,1.8335,4,2,2,313,470
soc_trang,mild,Oracle,4,320.0,mid,0.05,2025,2160,0,0,0.0,260.0,11,11,11,0,2,60.0,0,1831,0.0,4,2,2,313,470
soc_trang,mild,Oracle,5,320.0,mid,0.05,2025,2160,0,0,0.0,260.0,11,14,11,3,4,100.0,0,1826,0.8966,4,2,2,313,470
soc_trang,mild,Oracle,6,320.0,mid,0.05,2025,2160,0,0,0.0,260.0,11,13,11,2,5,120.0,0,1835,0.9623,4,2,2,314,472
soc_trang,mild,Oracle,7,320.0,mid,0.05,2025,2160,0,0,0.0,260.0,11,14,11,3,3,80.0,0,1839,0.7454,4,2,2,313,470
soc_trang,mild,Oracle,8,320.0,mid,0.05,2025,2160,0,0,0.0,260.0,11,14,11,3,0,0.0,0,1831,0.7454,4,2,2,314,472
soc_trang,mild,Oracle,9,320.0,mid,0.05,2025,2160,0,0,0.0,260.0,11,12,11,1,2,60.0,0,1804,0.4303,4,2,2,314,471
soc_trang,mild,TwinGate+T2+centre,0,320.0,mid,0.05,2025,2160,0,0,0.0,260.0,12,16,13,4,2,40.0,78,1861,0.7454,5,0,5,52,468
soc_trang,mild,TwinGate+T2+centre,1,320.0,mid,0.05,2025,2160,0,0,0.0,260.0,12,16,13,4,1,20.0,78,1864,1.0541,6,0,6,55,442
soc_trang,mild,TwinGate+T2+centre,2,320.0,mid,0.05,2025,2160,0,0,0.0,280.0,10,16,14,6,7,140.0,80,1857,0.6086,3,0,3,29,383
soc_trang,mild,TwinGate+T2+centre,3,320.0,mid,0.05,2025,2160,0,0,0.0,260.0,9,13,13,4,6,120.0,81,1824,0.0,4,0,4,35,311
soc_trang,mild,TwinGate+T2+centre,4,320.0,mid,0.05,2025,2160,0,0,0.0,260.0,10,14,13,4,4,80.0,80,1831,0.4303,3,0,3,31,412
soc_trang,mild,TwinGate+T2+centre,5,320.0,mid,0.05,2025,2160,0,0,0.0,280.0,11,18,14,7,6,120.0,79,1826,0.8607,3,1,2,152,445
soc_trang,mild,TwinGate+T2+centre,6,320.0,mid,0.05,2025,2160,0,0,0.0,260.0,10,15,13,5,7,140.0,80,1835,0.6086,3,0,3,31,427
soc_trang,mild,TwinGate+T2+centre,7,320.0,mid,0.05,2025,2160,0,0,0.0,260.0,10,16,13,6,5,100.0,80,1839,0.7454,4,0,4,64,363
soc_trang,mild,TwinGate+T2+centre,8,320.0,mid,0.05,2025,2160,0,0,0.0,260.0,13,18,13,5,2,40.0,77,1831,1.0541,4,0,4,45,508
soc_trang,mild,TwinGate+T2+centre,9,320.0,mid,0.05,2025,2160,0,0,0.0,260.0,12,16,13,4,2,40.0,78,1804,0.7454,6,0,6,93,461
soc_trang,mild,TwinGate+T2,0,320.0,narrow,0.1,2025,2160,0,0,0.0,240.0,14,19,12,5,2,40.0,76,1861,1.1386,11,0,11,363,734
soc_trang,mild,TwinGate+T2,1,320.0,narrow,0.1,2025,2160,0,0,0.0,240.0,11,13,12,2,1,20.0,79,1864,0.4303,11,1,10,315,770
soc_trang,mild,TwinGate+T2,2,320.0,narrow,0.1,2025,2160,0,0,0.0,240.0,8,12,12,4,7,140.0,82,1857,0.0,8,1,7,331,713
soc_trang,mild,TwinGate+T2,3,320.0,narrow,0.1,2025,2160,0,0,0.0,260.0,10,15,13,5,6,120.0,80,1824,0.6086,9,1,8,345,648
soc_trang,mild,TwinGate+T2,4,320.0,narrow,0.1,2025,2160,0,0,0.0,240.0,11,16,12,5,3,60.0,79,1831,0.8607,10,0,10,222,583
soc_trang,mild,TwinGate+T2,5,320.0,narrow,0.1,2025,2160,0,0,0.0,240.0,11,18,12,7,4,80.0,79,1826,1.2172,9,0,9,268,595
soc_trang,mild,TwinGate+T2,6,320.0,narrow,0.1,2025,2160,0,0,0.0,240.0,10,16,12,6,5,100.0,80,1835,0.8607,9,1,8,335,697
soc_trang,mild,TwinGate+T2,7,320.0,narrow,0.1,2025,2160,0,0,0.0,260.0,11,18,13,7,5,100.0,79,1839,0.9623,9,1,8,310,652
soc_trang,mild,TwinGate+T2,8,320.0,narrow,0.1,2025,2160,0,0,0.0,240.0,10,13,12,3,2,40.0,80,1831,0.4303,11,0,10,647,644
soc_trang,mild,TwinGate+T2,9,320.0,narrow,0.1,2025,2160,0,0,0.0,240.0,11,13,12,2,2,40.0,79,1804,0.4303,11,1,10,331,734
soc_trang,mild,TwinGate+blindARQ,0,320.0,narrow,0.1,2025,2160,0,0,0.0,240.0,10,17,12,7,2,40.0,80,1861,1.0541,10,0,10,243,606
soc_trang,mild,TwinGate+blindARQ,1,320.0,narrow,0.1,2025,2160,0,0,0.0,240.0,11,13,12,2,1,20.0,79,1864,0.4303,11,1,10,315,770
soc_trang,mild,TwinGate+blindARQ,2,320.0,narrow,0.1,2025,2160,0,0,0.0,320.0,8,22,16,14,8,160.0,82,1857,0.9623,9,0,8,777,640
soc_trang,mild,TwinGate+blindARQ,3,320.0,narrow,0.1,2025,2160,0,0,0.0,320.0,8,20,16,12,8,160.0,82,1824,0.9622,8,0,8,245,531
soc_trang,mild,TwinGate+blindARQ,4,320.0,narrow,0.1,2025,2160,0,0,0.0,260.0,9,19,13,10,4,80.0,81,1831,1.0541,9,0,9,209,554
soc_trang,mild,TwinGate+blindARQ,5,320.0,narrow,0.1,2025,2160,0,0,0.0,300.0,8,22,15,14,7,140.0,82,1826,0.4946,8,0,8,188,480
soc_trang,mild,TwinGate+blindARQ,6,320.0,narrow,0.1,2025,2160,0,0,0.0,320.0,7,16,16,9,9,180.0,83,1835,0.0,8,0,7,784,651
soc_trang,mild,TwinGate+blindARQ,7,320.0,narrow,0.1,2025,2160,0,0,0.0,260.0,8,20,13,12,5,100.0,82,1839,1.4758,8,1,7,363,624
soc_trang,mild,TwinGate+blindARQ,8,320.0,narrow,0.1,2025,2160,0,0,0.0,240.0,10,13,12,3,2,40.0,80,1831,0.4303,11,0,10,647,644
soc_trang,mild,TwinGate+blindARQ,9,320.0,narrow,0.1,2025,2160,0,0,0.0,240.0,10,16,12,6,2,40.0,80,1804,0.8607,10,1,9,321,754
soc_trang,mild,Reactive+T2,0,320.0,narrow,0.1,2025,2160,0,0,0.0,320.0,7,8,6,1,0,0.0,0,1861,0.6086,4,0,3,758,602
soc_trang,mild,Reactive+T2,1,320.0,narrow,0.1,2025,2160,13,0,0.0121,320.0,5,6,6,1,1,60.0,0,1864,0.0,3,0,2,990,844
soc_trang,mild,Reactive+T2,2,320.0,narrow,0.1,2025,2160,0,0,0.0,320.0,6,9,6,3,1,60.0,0,1857,1.1014,4,0,3,1000,872
soc_trang,mild,Reactive+T2,3,320.0,narrow,0.1,2025,2160,0,0,0.0,320.0,6,8,6,2,3,140.0,0,1824,1.2217,4,0,3,980,808
soc_trang,mild,Reactive+T2,4,320.0,narrow,0.1,2025,2160,13,0,0.0121,320.0,5,6,6,1,1,60.0,0,1831,0.0,3,0,2,990,844
soc_trang,mild,Reactive+T2,5,320.0,narrow,0.1,2025,2160,0,0,0.0,320.0,6,8,6,2,2,80.0,0,1826,1.2217,4,0,3,980,808
soc_trang,mild,Reactive+T2,6,320.0,narrow,0.1,2025,2160,104,0,1.5684,320.0,4,6,6,2,3,180.0,0,1835,0.0,3,0,2,1274,1078
soc_trang,mild,Reactive+T2,7,320.0,narrow,0.1,2025,2160,104,0,1.5684,320.0,4,6,6,2,2,120.0,0,1839,0.0,3,0,2,1274,1078
soc_trang,mild,Reactive+T2,8,320.0,narrow,0.1,2025,2160,12,0,0.0114,320.0,5,7,6,2,1,60.0,0,1831,0.4303,3,0,2,990,845
soc_trang,mild,Reactive+T2,9,320.0,narrow,0.1,2025,2160,13,0,0.0121,320.0,5,6,6,1,1,60.0,0,1804,0.0,3,0,2,990,844
soc_trang,mild,Reactive+blindARQ,0,320.0,narrow,0.1,2025,2160,0,0,0.0,320.0,6,8,6,2,0,0.0,0,1861,0.6086,3,0,2,751,596
soc_trang,mild,Reactive+blindARQ,1,320.0,narrow,0.1,2025,2160,13,0,0.0121,320.0,5,6,6,1,1,60.0,0,1864,0.0,3,0,2,990,844
soc_trang,mild,Reactive+blindARQ,2,320.0,narrow,0.1,2025,2160,104,0,1.5679,320.0,4,7,6,3,3,140.0,0,1857,0.918,3,0,2,1275,1079
soc_trang,mild,Reactive+blindARQ,3,320.0,narrow,0.1,2025,2160,104,0,1.5675,320.0,4,8,6,4,2,120.0,0,1824,0.6086,3,0,2,1274,1080
soc_trang,mild,Reactive+blindARQ,4,320.0,narrow,0.1,2025,2160,13,0,0.0121,320.0,5,6,6,1,1,60.0,0,1831,0.0,3,0,2,990,844
soc_trang,mild,Reactive+blindARQ,5,320.0,narrow,0.1,2025,2160,0,0,0.0,320.0,5,9,6,4,2,80.0,0,1826,1.4969,4,0,3,999,873
soc_trang,mild,Reactive+blindARQ,6,320.0,narrow,0.1,2025,2160,215,0,4.5763,320.0,3,6,6,3,3,180.0,0,1835,0.0,3,0,2,1538,1302
soc_trang,mild,Reactive+blindARQ,7,320.0,narrow,0.1,2025,2160,104,0,1.5684,320.0,4,6,6,2,2,120.0,0,1839,0.0,3,0,2,1274,1078
soc_trang,mild,Reactive+blindARQ,8,320.0,narrow,0.1,2025,2160,12,0,0.0114,320.0,5,7,6,2,1,60.0,0,1831,0.4303,3,0,2,990,845
soc_trang,mild,Reactive+blindARQ,9,320.0,narrow,0.1,2025,2160,13,0,0.0121,320.0,5,6,6,1,1,60.0,0,1804,0.0,3,0,2,990,844
soc_trang,mild,FixedSchedule,0,320.0,narrow,0.1,2025,2160,144,0,3.1113,320.0,6,6,6,0,0,0.0,0,1861,0.0,1,0,0,1332,1048
soc_trang,mild,FixedSchedule,1,320.0,narrow,0.1,2025,2160,237,0,5.2096,320.0,5,6,6,1,1,60.0,0,1864,0.0,1,0,0,1536,1254
soc_trang,mild,FixedSchedule,2,320.0,narrow,0.1,2025,2160,392,0,11.345,320.0,4,6,6,2,3,140.0,0,1857,0.0,1,0,0,1664,1358
soc_trang,mild,FixedSchedule,3,320.0,narrow,0.1,2025,2160,392,0,11.345,320.0,4,6,6,2,3,140.0,0,1824,0.0,1,0,0,1664,1358
soc_trang,mild,FixedSchedule,4,320.0,narrow,0.1,2025,2160,237,0,5.2096,320.0,5,8,6,3,1,60.0,0,1831,0.8031,1,0,0,1536,1254
soc_trang,mild,FixedSchedule,5,320.0,narrow,0.1,2025,2160,237,0,5.2096,320.0,5,6,6,1,2,80.0,0,1826,0.0,1,0,0,1536,1254
soc_trang,mild,FixedSchedule,6,320.0,narrow,0.1,2025,2160,529,0,22.3149,320.0,3,6,6,3,3,180.0,0,1835,0.0,2,0,1,1769,1476
soc_trang,mild,FixedSchedule,7,320.0,narrow,0.1,2025,2160,392,0,11.3367,320.0,4,13,6,9,2,120.0,0,1839,5.6666,1,0,0,1664,1362
soc_trang,mild,FixedSchedule,8,320.0,narrow,0.1,2025,2160,237,0,5.2096,320.0,5,7,6,2,1,60.0,0,1831,0.0,1,0,0,1536,1254
soc_trang,mild,FixedSchedule,9,320.0,narrow,0.1,2025,2160,237,0,5.2096,320.0,5,6,6,1,1,60.0,0,1804,0.0,1,0,0,1536,1254
soc_trang,mild,Oracle,0,320.0,narrow,0.1,2025,2160,0,0,0.0,260.0,11,16,11,5,1,20.0,0,1861,0.9623,4,2,2,314,471
soc_trang,mild,Oracle,1,320.0,narrow,0.1,2025,2160,0,0,0.0,260.0,11,14,11,3,1,20.0,0,1864,1.1095,4,2,2,314,472
soc_trang,mild,Oracle,2,320.0,narrow,0.1,2025,2160,0,0,0.0,260.0,11,20,11,9,6,140.0,0,1857,2.2786,4,2,2,318,475
soc_trang,mild,Oracle,3,320.0,narrow,0.1,2025,2160,0,0,0.0,260.0,11,29,11,18,4,100.0,0,1824,1.8335,4,2,2,313,470
soc_trang,mild,Oracle,4,320.0,narrow,0.1,2025,2160,0,0,0.0,260.0,11,11,11,0,2,60.0,0,1831,0.0,4,2,2,313,470
soc_trang,mild,Oracle,5,320.0,narrow,0.1,2025,2160,0,0,0.0,260.0,11,14,11,3,4,100.0,0,1826,0.8966,4,2,2,313,470
soc_trang,mild,Oracle,6,320.0,narrow,0.1,2025,2160,0,0,0.0,260.0,11,13,11,2,5,120.0,0,1835,0.9623,4,2,2,314,472
soc_trang,mild,Oracle,7,320.0,narrow,0.1,2025,2160,0,0,0.0,260.0,11,14,11,3,3,80.0,0,1839,0.7454,4,2,2,313,470
soc_trang,mild,Oracle,8,320.0,narrow,0.1,2025,2160,0,0,0.0,260.0,11,14,11,3,0,0.0,0,1831,0.7454,4,2,2,314,472
soc_trang,mild,Oracle,9,320.0,narrow,0.1,2025,2160,0,0,0.0,260.0,11,12,11,1,2,60.0,0,1804,0.4303,4,2,2,314,471
soc_trang,mild,TwinGate+T2+centre,0,320.0,narrow,0.1,2025,2160,0,0,0.0,240.0,14,19,12,5,2,40.0,76,1861,1.1386,11,0,11,363,734
soc_trang,mild,TwinGate+T2+centre,1,320.0,narrow,0.1,2025,2160,0,0,0.0,240.0,11,13,12,2,1,20.0,79,1864,0.4303,11,1,10,315,770
soc_trang,mild,TwinGate+T2+centre,2,320.0,narrow,0.1,2025,2160,0,0,0.0,240.0,8,12,12,4,7,140.0,82,1857,0.0,8,1,7,331,713
soc_trang,mild,TwinGate+T2+centre,3,320.0,narrow,0.1,2025,2160,0,0,0.0,260.0,10,15,13,5,6,120.0,80,1824,0.6086,9,1,8,345,648
soc_trang,mild,TwinGate+T2+centre,4,320.0,narrow,0.1,2025,2160,0,0,0.0,240.0,11,16,12,5,3,60.0,79,1831,0.8607,10,0,10,222,583
soc_trang,mild,TwinGate+T2+centre,5,320.0,narrow,0.1,2025,2160,0,0,0.0,240.0,11,18,12,7,4,80.0,79,1826,1.2172,9,0,9,268,595
soc_trang,mild,TwinGate+T2+centre,6,320.0,narrow,0.1,2025,2160,0,0,0.0,240.0,10,16,12,6,5,100.0,80,1835,0.8607,9,1,8,335,697
soc_trang,mild,TwinGate+T2+centre,7,320.0,narrow,0.1,2025,2160,0,0,0.0,260.0,11,18,13,7,5,100.0,79,1839,0.9623,9,1,8,310,652
soc_trang,mild,TwinGate+T2+centre,8,320.0,narrow,0.1,2025,2160,0,0,0.0,240.0,10,13,12,3,2,40.0,80,1831,0.4303,11,0,10,647,644
soc_trang,mild,TwinGate+T2+centre,9,320.0,narrow,0.1,2025,2160,0,0,0.0,240.0,11,13,12,2,2,40.0,79,1804,0.4303,11,1,10,331,734
soc_trang,mild,TwinGate+T2,0,400.0,awd,0.02,2025,2160,0,0,0.0,260.0,12,16,13,4,2,40.0,78,1861,0.7454,5,0,5,52,468
soc_trang,mild,TwinGate+T2,1,400.0,awd,0.02,2025,2160,0,0,0.0,260.0,12,16,13,4,1,20.0,78,1864,1.0541,6,0,6,55,442
soc_trang,mild,TwinGate+T2,2,400.0,awd,0.02,2025,2160,0,0,0.0,280.0,10,16,14,6,7,140.0,80,1857,0.6086,3,0,3,29,383
soc_trang,mild,TwinGate+T2,3,400.0,awd,0.02,2025,2160,0,0,0.0,260.0,9,13,13,4,6,120.0,81,1824,0.0,4,0,4,35,311
soc_trang,mild,TwinGate+T2,4,400.0,awd,0.02,2025,2160,0,0,0.0,260.0,10,14,13,4,4,80.0,80,1831,0.4303,3,0,3,31,412
soc_trang,mild,TwinGate+T2,5,400.0,awd,0.02,2025,2160,0,0,0.0,280.0,11,18,14,7,6,120.0,79,1826,0.8607,3,1,2,152,445
soc_trang,mild,TwinGate+T2,6,400.0,awd,0.02,2025,2160,0,0,0.0,260.0,10,15,13,5,7,140.0,80,1835,0.6086,3,0,3,31,427
soc_trang,mild,TwinGate+T2,7,400.0,awd,0.02,2025,2160,0,0,0.0,260.0,10,16,13,6,5,100.0,80,1839,0.7454,4,0,4,64,363
soc_trang,mild,TwinGate+T2,8,400.0,awd,0.02,2025,2160,0,0,0.0,260.0,13,18,13,5,2,40.0,77,1831,1.0541,4,0,4,45,508
soc_trang,mild,TwinGate+T2,9,400.0,awd,0.02,2025,2160,0,0,0.0,260.0,12,16,13,4,2,40.0,78,1804,0.7454,6,0,6,93,461
soc_trang,mild,TwinGate+blindARQ,0,400.0,awd,0.02,2025,2160,0,0,0.0,280.0,11,17,14,6,3,60.0,79,1861,0.7454,4,0,4,40,410
soc_trang,mild,TwinGate+blindARQ,1,400.0,awd,0.02,2025,2160,0,0,0.0,320.0,12,21,16,9,4,80.0,78,1864,1.0541,6,0,6,55,442
soc_trang,mild,TwinGate+blindARQ,2,400.0,awd,0.02,2025,2160,0,0,0.0,320.0,8,27,16,19,8,160.0,82,1857,1.5508,4,2,2,407,757
soc_trang,mild,TwinGate+blindARQ,3,400.0,awd,0.02,2025,2160,0,0,0.0,320.0,8,17,16,9,8,160.0,82,1824,0.4303,3,0,3,30,307
soc_trang,mild,TwinGate+blindARQ,4,400.0,awd,0.02,2025,2160,0,0,0.0,300.0,10,16,15,6,5,100.0,80,1831,0.4303,3,0,3,31,342
soc_trang,mild,TwinGate+blindARQ,5,400.0,awd,0.02,2025,2160,0,0,0.0,340.0,9,21,17,12,8,160.0,81,1826,0.8607,2,0,2,23,341
soc_trang,mild,TwinGate+blindARQ,6,400.0,awd,0.02,2025,2160,0,0,0.0,380.0,7,23,19,16,12,240.0,83,1835,0.4303,5,1,3,785,689
soc_trang,mild,TwinGate+blindARQ,7,400.0,awd,0.02,2025,2160,0,0,0.0,260.0,8,16,13,8,5,100.0,82,1839,0.7454,5,0,5,51,308
soc_trang,mild,TwinGate+blindARQ,8,400.0,awd,0.02,2025,2160,0,0,0.0,260.0,11,21,13,10,2,40.0,79,1831,1.2217,6,0,6,56,494
soc_trang,mild,TwinGate+blindARQ,9,400.0,awd,0.02,2025,2160,0,0,0.0,260.0,11,17,13,6,2,40.0,79,1804,0.8607,2,0,2,19,449
soc_trang,mild,Reactive+T2,0,400.0,awd,0.02,2025,2160,0,0,0.0,400.0,8,9,7,1,0,0.0,0,1861,1.2122,3,0,3,26,275
soc_trang,mild,Reactive+T2,1,400.0,awd,0.02,2025,2160,0,0,0.0,400.0,7,9,7,2,1,60.0,0,1864,1.2122,4,0,3,590,442
soc_trang,mild,Reactive+T2,2,400.0,awd,0.02,2025,2160,0,0,0.0,400.0,6,10,7,4,2,120.0,0,1857,1.4894,4,0,3,834,772
soc_trang,mild,Reactive+T2,3,400.0,awd,0.02,2025,2160,0,0,0.0,400.0,6,9,7,3,4,220.0,0,1824,1.2217,4,0,3,830,686
soc_trang,mild,Reactive+T2,4,400.0,awd,0.02,2025,2160,0,0,0.0,400.0,6,7,7,1,1,60.0,0,1831,0.0,3,0,2,582,418
soc_trang,mild,Reactive+T2,5,400.0,awd,0.02,2025,2160,0,0,0.0,400.0,6,9,7,3,3,160.0,0,1826,1.2217,4,0,3,830,686
soc_trang,mild,Reactive+T2,6,400.0,awd,0.02,2025,2160,0,0,0.0,400.0,5,7,7,2,4,220.0,0,1835,0.0,3,0,2,913,752
soc_trang,mild,Reactive+T2,7,400.0,awd,0.02,2025,2160,0,0,0.0,400.0,5,7,7,2,3,160.0,0,1839,0.0,3,0,2,913,752
soc_trang,mild,Reactive+T2,8,400.0,awd,0.02,2025,2160,0,0,0.0,400.0,6,8,7,2,1,60.0,0,1831,0.8293,3,0,2,582,419
soc_trang,mild,Reactive+T2,9,400.0,awd,0.02,2025,2160,0,0,0.0,400.0,6,7,7,1,1,60.0,0,1804,0.0,3,0,2,582,418
soc_trang,mild,Reactive+blindARQ,0,400.0,awd,0.02,2025,2160,0,0,0.0,400.0,7,9,7,2,0,0.0,0,1861,1.2122,2,0,2,18,253
soc_trang,mild,Reactive+blindARQ,1,400.0,awd,0.02,2025,2160,0,0,0.0,400.0,6,9,7,3,1,60.0,0,1864,1.2122,3,0,2,582,420
soc_trang,mild,Reactive+blindARQ,2,400.0,awd,0.02,2025,2160,29,0,0.5128,400.0,4,8,7,4,4,220.0,0,1857,0.918,3,0,2,1109,956
soc_trang,mild,Reactive+blindARQ,3,400.0,awd,0.02,2025,2160,29,0,0.5126,400.0,4,9,7,5,3,180.0,0,1824,1.2172,3,0,2,1108,957
soc_trang,mild,Reactive+blindARQ,4,400.0,awd,0.02,2025,2160,0,0,0.0,400.0,6,7,7,1,1,60.0,0,1831,0.0,3,0,2,582,418
soc_trang,mild,Reactive+blindARQ,5,400.0,awd,0.02,2025,2160,0,0,0.0,400.0,5,10,7,5,3,160.0,0,1826,1.4969,4,0,3,833,773
soc_trang,mild,Reactive+blindARQ,6,400.0,awd,0.02,2025,2160,29,0,0.5129,400.0,4,7,7,3,4,220.0,0,1835,0.0,3,0,2,1108,955
soc_trang,mild,Reactive+blindARQ,7,400.0,awd,0.02,2025,2160,0,0,0.0,400.0,5,7,7,2,3,160.0,0,1839,0.0,3,0,2,913,752
soc_trang,mild,Reactive+blindARQ,8,400.0,awd,0.02,2025,2160,0,0,0.0,400.0,6,8,7,2,1,60.0,0,1831,0.8293,3,0,2,582,419
soc_trang,mild,Reactive+blindARQ,9,400.0,awd,0.02,2025,2160,0,0,0.0,400.0,6,7,7,1,1,60.0,0,1804,0.0,3,0,2,582,418
soc_trang,mild,FixedSchedule,0,400.0,awd,0.02,2025,2160,25,0,0.2899,400.0,7,11,7,4,0,0.0,0,1861,1.4623,1,0,0,1045,774
soc_trang,mild,FixedSchedule,1,400.0,awd,0.02,2025,2160,104,0,1.5689,400.0,6,7,7,1,1,60.0,0,1864,0.0,1,0,0,1256,948
soc_trang,mild,FixedSchedule,2,400.0,awd,0.02,2025,2160,245,0,6.2845,400.0,4,8,7,4,4,220.0,0,1857,0.0016,1,0,0,1592,1286
soc_trang,mild,FixedSchedule,3,400.0,awd,0.02,2025,2160,245,0,6.2845,400.0,4,7,7,3,4,220.0,0,1824,0.0,1,0,0,1592,1287
soc_trang,mild,FixedSchedule,4,400.0,awd,0.02,2025,2160,104,0,1.5678,400.0,6,12,7,6,1,60.0,0,1831,1.6903,1,0,0,1256,951
soc_trang,mild,FixedSchedule,5,400.0,awd,0.02,2025,2160,163,0,3.5204,400.0,5,7,7,2,3,160.0,0,1826,0.0,1,0,0,1453,1160
soc_trang,mild,FixedSchedule,6,400.0,awd,0.02,2025,2160,245,0,6.2761,400.0,4,9,7,5,3,180.0,0,1835,1.2023,1,0,0,1592,1288
soc_trang,mild,FixedSchedule,7,400.0,awd,0.02,2025,2160,163,0,3.5204,400.0,5,13,7,8,3,160.0,0,1839,1.2207,1,0,0,1453,1160
soc_trang,mild,FixedSchedule,8,400.0,awd,0.02,2025,2160,104,0,1.5678,400.0,6,10,7,4,1,60.0,0,1831,1.2142,1,0,0,1256,950
soc_trang,mild,FixedSchedule,9,400.0,awd,0.02,2025,2160,104,0,1.5689,400.0,6,8,7,2,1,60.0,0,1804,0.6326,1,0,0,1256,948
soc_trang,mild,Oracle,0,400.0,awd,0.02,2025,2160,0,0,0.0,280.0,14,23,14,9,2,40.0,0,1861,1.291,0,0,0,0,0
soc_trang,mild,Oracle,1,400.0,awd,0.02,2025,2160,0,0,0.0,280.0,14,18,14,4,1,20.0,0,1864,0.8747,0,0,0,0,0
soc_trang,mild,Oracle,2,400.0,awd,0.02,2025,2160,0,0,0.0,280.0,14,15,14,1,7,140.0,0,1857,0.4303,0,0,0,0,0
soc_trang,mild,Oracle,3,400.0,awd,0.02,2025,2160,0,0,0.0,280.0,14,17,14,3,6,120.0,0,1824,0.7454,0,0,0,0,0
soc_trang,mild,Oracle,4,400.0,awd,0.02,2025,2160,0,0,0.0,280.0,14,19,14,5,4,80.0,0,1831,1.0781,0,0,0,0,0
soc_trang,mild,Oracle,5,400.0,awd,0.02,2025,2160,0,0,0.0,280.0,14,18,14,4,7,140.0,0,1826,0.8607,0,0,0,0,0
soc_trang,mild,Oracle,6,400.0,awd,0.02,2025,2160,0,0,0.0,280.0,14,14,14,0,7,140.0,0,1835,0.0,0,0,0,0,0
soc_trang,mild,Oracle,7,400.0,awd,0.02,2025,2160,0,0,0.0,280.0,14,19,14,5,4,80.0,0,1839,0.9623,0,0,0,0,0
soc_trang,mild,Oracle,8,400.0,awd,0.02,2025,2160,0,0,0.0,280.0,14,21,14,7,2,40.0,0,1831,1.238,0,0,0,0,0
soc_trang,mild,Oracle,9,400.0,awd,0.02,2025,2160,0,0,0.0,280.0,14,18,14,4,2,40.0,0,1804,0.8607,0,0,0,0,0
soc_trang,mild,TwinGate+T2+centre,0,400.0,awd,0.02,2025,2160,0,0,0.0,260.0,12,16,13,4,2,40.0,78,1861,0.7454,5,0,5,52,468
soc_trang,mild,TwinGate+T2+centre,1,400.0,awd,0.02,2025,2160,0,0,0.0,260.0,12,16,13,4,1,20.0,78,1864,1.0541,6,0,6,55,442
soc_trang,mild,TwinGate+T2+centre,2,400.0,awd,0.02,2025,2160,0,0,0.0,280.0,10,16,14,6,7,140.0,80,1857,0.6086,3,0,3,29,383
soc_trang,mild,TwinGate+T2+centre,3,400.0,awd,0.02,2025,2160,0,0,0.0,260.0,9,13,13,4,6,120.0,81,1824,0.0,4,0,4,35,311
soc_trang,mild,TwinGate+T2+centre,4,400.0,awd,0.02,2025,2160,0,0,0.0,260.0,10,14,13,4,4,80.0,80,1831,0.4303,3,0,3,31,412
soc_trang,mild,TwinGate+T2+centre,5,400.0,awd,0.02,2025,2160,0,0,0.0,280.0,11,18,14,7,6,120.0,79,1826,0.8607,3,1,2,152,445
soc_trang,mild,TwinGate+T2+centre,6,400.0,awd,0.02,2025,2160,0,0,0.0,260.0,10,15,13,5,7,140.0,80,1835,0.6086,3,0,3,31,427
soc_trang,mild,TwinGate+T2+centre,7,400.0,awd,0.02,2025,2160,0,0,0.0,260.0,10,16,13,6,5,100.0,80,1839,0.7454,4,0,4,64,363
soc_trang,mild,TwinGate+T2+centre,8,400.0,awd,0.02,2025,2160,0,0,0.0,260.0,13,18,13,5,2,40.0,77,1831,1.0541,4,0,4,45,508
soc_trang,mild,TwinGate+T2+centre,9,400.0,awd,0.02,2025,2160,0,0,0.0,260.0,12,16,13,4,2,40.0,78,1804,0.7454,6,0,6,93,461
soc_trang,mild,TwinGate+T2,0,400.0,mid,0.05,2025,2160,0,0,0.0,260.0,12,16,13,4,2,40.0,78,1861,0.7454,5,0,5,52,468
soc_trang,mild,TwinGate+T2,1,400.0,mid,0.05,2025,2160,0,0,0.0,260.0,12,16,13,4,1,20.0,78,1864,1.0541,6,0,6,55,442
soc_trang,mild,TwinGate+T2,2,400.0,mid,0.05,2025,2160,0,0,0.0,280.0,10,16,14,6,7,140.0,80,1857,0.6086,3,0,3,29,383
soc_trang,mild,TwinGate+T2,3,400.0,mid,0.05,2025,2160,0,0,0.0,260.0,9,13,13,4,6,120.0,81,1824,0.0,4,0,4,35,311
soc_trang,mild,TwinGate+T2,4,400.0,mid,0.05,2025,2160,0,0,0.0,260.0,10,14,13,4,4,80.0,80,1831,0.4303,3,0,3,31,412
soc_trang,mild,TwinGate+T2,5,400.0,mid,0.05,2025,2160,0,0,0.0,280.0,11,18,14,7,6,120.0,79,1826,0.8607,3,1,2,152,445
soc_trang,mild,TwinGate+T2,6,400.0,mid,0.05,2025,2160,0,0,0.0,260.0,10,15,13,5,7,140.0,80,1835,0.6086,3,0,3,31,427
soc_trang,mild,TwinGate+T2,7,400.0,mid,0.05,2025,2160,0,0,0.0,260.0,10,16,13,6,5,100.0,80,1839,0.7454,4,0,4,64,363
soc_trang,mild,TwinGate+T2,8,400.0,mid,0.05,2025,2160,0,0,0.0,260.0,13,18,13,5,2,40.0,77,1831,1.0541,4,0,4,45,508
soc_trang,mild,TwinGate+T2,9,400.0,mid,0.05,2025,2160,0,0,0.0,260.0,12,16,13,4,2,40.0,78,1804,0.7454,6,0,6,93,461
soc_trang,mild,TwinGate+blindARQ,0,400.0,mid,0.05,2025,2160,0,0,0.0,280.0,11,17,14,6,3,60.0,79,1861,0.7454,4,0,4,40,410
soc_trang,mild,TwinGate+blindARQ,1,400.0,mid,0.05,2025,2160,0,0,0.0,320.0,12,21,16,9,4,80.0,78,1864,1.0541,6,0,6,55,442
soc_trang,mild,TwinGate+blindARQ,2,400.0,mid,0.05,2025,2160,0,0,0.0,340.0,9,30,17,21,8,160.0,81,1857,1.6659,7,2,5,305,605
soc_trang,mild,TwinGate+blindARQ,3,400.0,mid,0.05,2025,2160,0,0,0.0,320.0,8,17,16,9,8,160.0,82,1824,0.4303,3,0,3,30,307
soc_trang,mild,TwinGate+blindARQ,4,400.0,mid,0.05,2025,2160,0,0,0.0,300.0,10,16,15,6,5,100.0,80,1831,0.4303,3,0,3,31,342
soc_trang,mild,TwinGate+blindARQ,5,400.0,mid,0.05,2025,2160,0,0,0.0,340.0,9,21,17,12,8,160.0,81,1826,0.8607,2,0,2,23,341
soc_trang,mild,TwinGate+blindARQ,6,400.0,mid,0.05,2025,2160,0,0,0.0,400.0,8,21,20,13,12,240.0,82,1835,0.0004,6,1,5,234,525
soc_trang,mild,TwinGate+blindARQ,7,400.0,mid,0.05,2025,2160,0,0,0.0,260.0,8,16,13,8,5,100.0,82,1839,0.7454,5,0,5,51,308
soc_trang,mild,TwinGate+blindARQ,8,400.0,mid,0.05,2025,2160,0,0,0.0,260.0,11,21,13,10,2,40.0,79,1831,1.2217,6,0,6,56,494
soc_trang,mild,TwinGate+blindARQ,9,400.0,mid,0.05,2025,2160,0,0,0.0,260.0,11,17,13,6,2,40.0,79,1804,0.8607,2,0,2,19,449
soc_trang,mild,Reactive+T2,0,400.0,mid,0.05,2025,2160,0,0,0.0,400.0,8,9,7,1,0,0.0,0,1861,1.2122,3,0,3,26,275
soc_trang,mild,Reactive+T2,1,400.0,mid,0.05,2025,2160,0,0,0.0,400.0,7,9,7,2,1,60.0,0,1864,1.2122,4,0,3,590,442
soc_trang,mild,Reactive+T2,2,400.0,mid,0.05,2025,2160,0,0,0.0,400.0,6,10,7,4,2,120.0,0,1857,1.4894,4,0,3,834,772
soc_trang,mild,Reactive+T2,3,400.0,mid,0.05,2025,2160,0,0,0.0,400.0,6,9,7,3,4,220.0,0,1824,1.2217,4,0,3,830,686
soc_trang,mild,Reactive+T2,4,400.0,mid,0.05,2025,2160,0,0,0.0,400.0,6,7,7,1,1,60.0,0,1831,0.0,3,0,2,582,418
soc_trang,mild,Reactive+T2,5,400.0,mid,0.05,2025,2160,0,0,0.0,400.0,6,9,7,3,3,160.0,0,1826,1.2217,4,0,3,830,686
soc_trang,mild,Reactive+T2,6,400.0,mid,0.05,2025,2160,0,0,0.0,400.0,5,7,7,2,4,220.0,0,1835,0.0,3,0,2,913,752
soc_trang,mild,Reactive+T2,7,400.0,mid,0.05,2025,2160,0,0,0.0,400.0,5,7,7,2,3,160.0,0,1839,0.0,3,0,2,913,752
soc_trang,mild,Reactive+T2,8,400.0,mid,0.05,2025,2160,0,0,0.0,400.0,6,8,7,2,1,60.0,0,1831,0.8293,3,0,2,582,419
soc_trang,mild,Reactive+T2,9,400.0,mid,0.05,2025,2160,0,0,0.0,400.0,6,7,7,1,1,60.0,0,1804,0.0,3,0,2,582,418
soc_trang,mild,Reactive+blindARQ,0,400.0,mid,0.05,2025,2160,0,0,0.0,400.0,7,9,7,2,0,0.0,0,1861,1.2122,2,0,2,18,253
soc_trang,mild,Reactive+blindARQ,1,400.0,mid,0.05,2025,2160,0,0,0.0,400.0,6,9,7,3,1,60.0,0,1864,1.2122,3,0,2,582,420
soc_trang,mild,Reactive+blindARQ,2,400.0,mid,0.05,2025,2160,29,0,0.5128,400.0,4,8,7,4,4,220.0,0,1857,0.918,3,0,2,1109,956
soc_trang,mild,Reactive+blindARQ,3,400.0,mid,0.05,2025,2160,29,0,0.5126,400.0,4,9,7,5,3,180.0,0,1824,1.2172,3,0,2,1108,957
soc_trang,mild,Reactive+blindARQ,4,400.0,mid,0.05,2025,2160,0,0,0.0,400.0,6,7,7,1,1,60.0,0,1831,0.0,3,0,2,582,418
soc_trang,mild,Reactive+blindARQ,5,400.0,mid,0.05,2025,2160,0,0,0.0,400.0,5,10,7,5,3,160.0,0,1826,1.4969,4,0,3,833,773
soc_trang,mild,Reactive+blindARQ,6,400.0,mid,0.05,2025,2160,29,0,0.5129,400.0,4,7,7,3,4,220.0,0,1835,0.0,3,0,2,1108,955
soc_trang,mild,Reactive+blindARQ,7,400.0,mid,0.05,2025,2160,0,0,0.0,400.0,5,7,7,2,3,160.0,0,1839,0.0,3,0,2,913,752
soc_trang,mild,Reactive+blindARQ,8,400.0,mid,0.05,2025,2160,0,0,0.0,400.0,6,8,7,2,1,60.0,0,1831,0.8293,3,0,2,582,419
soc_trang,mild,Reactive+blindARQ,9,400.0,mid,0.05,2025,2160,0,0,0.0,400.0,6,7,7,1,1,60.0,0,1804,0.0,3,0,2,582,418
soc_trang,mild,FixedSchedule,0,400.0,mid,0.05,2025,2160,25,0,0.2899,400.0,7,11,7,4,0,0.0,0,1861,1.4623,1,0,0,1045,774
soc_trang,mild,FixedSchedule,1,400.0,mid,0.05,2025,2160,104,0,1.5689,400.0,6,7,7,1,1,60.0,0,1864,0.0,1,0,0,1256,948
soc_trang,mild,FixedSchedule,2,400.0,mid,0.05,2025,2160,245,0,6.2845,400.0,4,8,7,4,4,220.0,0,1857,0.0016,1,0,0,1592,1286
soc_trang,mild,FixedSchedule,3,400.0,mid,0.05,2025,2160,245,0,6.2845,400.0,4,7,7,3,4,220.0,0,1824,0.0,1,0,0,1592,1287
soc_trang,mild,FixedSchedule,4,400.0,mid,0.05,2025,2160,104,0,1.5678,400.0,6,12,7,6,1,60.0,0,1831,1.6903,1,0,0,1256,951
soc_trang,mild,FixedSchedule,5,400.0,mid,0.05,2025,2160,163,0,3.5204,400.0,5,7,7,2,3,160.0,0,1826,0.0,1,0,0,1453,1160
soc_trang,mild,FixedSchedule,6,400.0,mid,0.05,2025,2160,245,0,6.2761,400.0,4,9,7,5,3,180.0,0,1835,1.2023,1,0,0,1592,1288
soc_trang,mild,FixedSchedule,7,400.0,mid,0.05,2025,2160,163,0,3.5204,400.0,5,13,7,8,3,160.0,0,1839,1.2207,1,0,0,1453,1160
soc_trang,mild,FixedSchedule,8,400.0,mid,0.05,2025,2160,104,0,1.5678,400.0,6,10,7,4,1,60.0,0,1831,1.2142,1,0,0,1256,950
soc_trang,mild,FixedSchedule,9,400.0,mid,0.05,2025,2160,104,0,1.5689,400.0,6,8,7,2,1,60.0,0,1804,0.6326,1,0,0,1256,948
soc_trang,mild,Oracle,0,400.0,mid,0.05,2025,2160,0,0,0.0,280.0,14,23,14,9,2,40.0,0,1861,1.291,0,0,0,0,0
soc_trang,mild,Oracle,1,400.0,mid,0.05,2025,2160,0,0,0.0,280.0,14,18,14,4,1,20.0,0,1864,0.8747,0,0,0,0,0
soc_trang,mild,Oracle,2,400.0,mid,0.05,2025,2160,0,0,0.0,280.0,14,15,14,1,7,140.0,0,1857,0.4303,0,0,0,0,0
soc_trang,mild,Oracle,3,400.0,mid,0.05,2025,2160,0,0,0.0,280.0,14,17,14,3,6,120.0,0,1824,0.7454,0,0,0,0,0
soc_trang,mild,Oracle,4,400.0,mid,0.05,2025,2160,0,0,0.0,280.0,14,19,14,5,4,80.0,0,1831,1.0781,0,0,0,0,0
soc_trang,mild,Oracle,5,400.0,mid,0.05,2025,2160,0,0,0.0,280.0,14,18,14,4,7,140.0,0,1826,0.8607,0,0,0,0,0
soc_trang,mild,Oracle,6,400.0,mid,0.05,2025,2160,0,0,0.0,280.0,14,14,14,0,7,140.0,0,1835,0.0,0,0,0,0,0
soc_trang,mild,Oracle,7,400.0,mid,0.05,2025,2160,0,0,0.0,280.0,14,19,14,5,4,80.0,0,1839,0.9623,0,0,0,0,0
soc_trang,mild,Oracle,8,400.0,mid,0.05,2025,2160,0,0,0.0,280.0,14,21,14,7,2,40.0,0,1831,1.238,0,0,0,0,0
soc_trang,mild,Oracle,9,400.0,mid,0.05,2025,2160,0,0,0.0,280.0,14,18,14,4,2,40.0,0,1804,0.8607,0,0,0,0,0
soc_trang,mild,TwinGate+T2+centre,0,400.0,mid,0.05,2025,2160,0,0,0.0,260.0,12,16,13,4,2,40.0,78,1861,0.7454,5,0,5,52,468
soc_trang,mild,TwinGate+T2+centre,1,400.0,mid,0.05,2025,2160,0,0,0.0,260.0,12,16,13,4,1,20.0,78,1864,1.0541,6,0,6,55,442
soc_trang,mild,TwinGate+T2+centre,2,400.0,mid,0.05,2025,2160,0,0,0.0,280.0,10,16,14,6,7,140.0,80,1857,0.6086,3,0,3,29,383
soc_trang,mild,TwinGate+T2+centre,3,400.0,mid,0.05,2025,2160,0,0,0.0,260.0,9,13,13,4,6,120.0,81,1824,0.0,4,0,4,35,311
soc_trang,mild,TwinGate+T2+centre,4,400.0,mid,0.05,2025,2160,0,0,0.0,260.0,10,14,13,4,4,80.0,80,1831,0.4303,3,0,3,31,412
soc_trang,mild,TwinGate+T2+centre,5,400.0,mid,0.05,2025,2160,0,0,0.0,280.0,11,18,14,7,6,120.0,79,1826,0.8607,3,1,2,152,445
soc_trang,mild,TwinGate+T2+centre,6,400.0,mid,0.05,2025,2160,0,0,0.0,260.0,10,15,13,5,7,140.0,80,1835,0.6086,3,0,3,31,427
soc_trang,mild,TwinGate+T2+centre,7,400.0,mid,0.05,2025,2160,0,0,0.0,260.0,10,16,13,6,5,100.0,80,1839,0.7454,4,0,4,64,363
soc_trang,mild,TwinGate+T2+centre,8,400.0,mid,0.05,2025,2160,0,0,0.0,260.0,13,18,13,5,2,40.0,77,1831,1.0541,4,0,4,45,508
soc_trang,mild,TwinGate+T2+centre,9,400.0,mid,0.05,2025,2160,0,0,0.0,260.0,12,16,13,4,2,40.0,78,1804,0.7454,6,0,6,93,461
soc_trang,mild,TwinGate+T2,0,400.0,narrow,0.1,2025,2160,0,0,0.0,240.0,14,19,12,5,2,40.0,76,1861,1.1386,11,0,11,363,734
soc_trang,mild,TwinGate+T2,1,400.0,narrow,0.1,2025,2160,0,0,0.0,240.0,11,13,12,2,1,20.0,79,1864,0.4303,11,1,10,315,770
soc_trang,mild,TwinGate+T2,2,400.0,narrow,0.1,2025,2160,0,0,0.0,240.0,8,12,12,4,7,140.0,82,1857,0.0,8,1,7,331,713
soc_trang,mild,TwinGate+T2,3,400.0,narrow,0.1,2025,2160,0,0,0.0,260.0,10,15,13,5,6,120.0,80,1824,0.6086,9,1,8,345,648
soc_trang,mild,TwinGate+T2,4,400.0,narrow,0.1,2025,2160,0,0,0.0,240.0,11,16,12,5,3,60.0,79,1831,0.8607,10,0,10,222,583
soc_trang,mild,TwinGate+T2,5,400.0,narrow,0.1,2025,2160,0,0,0.0,240.0,11,18,12,7,4,80.0,79,1826,1.2172,9,0,9,268,595
soc_trang,mild,TwinGate+T2,6,400.0,narrow,0.1,2025,2160,0,0,0.0,240.0,10,16,12,6,5,100.0,80,1835,0.8607,9,1,8,335,697
soc_trang,mild,TwinGate+T2,7,400.0,narrow,0.1,2025,2160,0,0,0.0,260.0,11,18,13,7,5,100.0,79,1839,0.9623,9,1,8,310,652
soc_trang,mild,TwinGate+T2,8,400.0,narrow,0.1,2025,2160,0,0,0.0,240.0,10,13,12,3,2,40.0,80,1831,0.4303,11,0,10,647,644
soc_trang,mild,TwinGate+T2,9,400.0,narrow,0.1,2025,2160,0,0,0.0,240.0,11,13,12,2,2,40.0,79,1804,0.4303,11,1,10,331,734
soc_trang,mild,TwinGate+blindARQ,0,400.0,narrow,0.1,2025,2160,0,0,0.0,240.0,10,17,12,7,2,40.0,80,1861,1.0541,10,0,10,243,606
soc_trang,mild,TwinGate+blindARQ,1,400.0,narrow,0.1,2025,2160,0,0,0.0,240.0,11,13,12,2,1,20.0,79,1864,0.4303,11,1,10,315,770
soc_trang,mild,TwinGate+blindARQ,2,400.0,narrow,0.1,2025,2160,0,0,0.0,340.0,9,23,17,14,8,160.0,81,1857,0.9623,9,0,9,250,542
soc_trang,mild,TwinGate+blindARQ,3,400.0,narrow,0.1,2025,2160,0,0,0.0,320.0,8,20,16,12,8,160.0,82,1824,0.9622,8,0,8,245,531
soc_trang,mild,TwinGate+blindARQ,4,400.0,narrow,0.1,2025,2160,0,0,0.0,260.0,9,19,13,10,4,80.0,81,1831,1.0541,9,0,9,209,554
soc_trang,mild,TwinGate+blindARQ,5,400.0,narrow,0.1,2025,2160,0,0,0.0,300.0,8,22,15,14,7,140.0,82,1826,0.4946,8,0,8,188,480
soc_trang,mild,TwinGate+blindARQ,6,400.0,narrow,0.1,2025,2160,0,0,0.0,400.0,8,21,20,13,12,240.0,82,1835,0.4303,8,0,8,234,527
soc_trang,mild,TwinGate+blindARQ,7,400.0,narrow,0.1,2025,2160,0,0,0.0,260.0,8,20,13,12,5,100.0,82,1839,1.4758,8,1,7,363,624
soc_trang,mild,TwinGate+blindARQ,8,400.0,narrow,0.1,2025,2160,0,0,0.0,240.0,10,13,12,3,2,40.0,80,1831,0.4303,11,0,10,647,644
soc_trang,mild,TwinGate+blindARQ,9,400.0,narrow,0.1,2025,2160,0,0,0.0,240.0,10,16,12,6,2,40.0,80,1804,0.8607,10,1,9,321,754
soc_trang,mild,Reactive+T2,0,400.0,narrow,0.1,2025,2160,0,0,0.0,400.0,8,9,7,1,0,0.0,0,1861,1.2122,3,0,3,26,275
soc_trang,mild,Reactive+T2,1,400.0,narrow,0.1,2025,2160,0,0,0.0,400.0,7,9,7,2,1,60.0,0,1864,1.2122,4,0,3,590,442
soc_trang,mild,Reactive+T2,2,400.0,narrow,0.1,2025,2160,0,0,0.0,400.0,6,10,7,4,2,120.0,0,1857,1.4894,4,0,3,834,772
soc_trang,mild,Reactive+T2,3,400.0,narrow,0.1,2025,2160,0,0,0.0,400.0,6,9,7,3,4,220.0,0,1824,1.2217,4,0,3,830,686
soc_trang,mild,Reactive+T2,4,400.0,narrow,0.1,2025,2160,0,0,0.0,400.0,6,7,7,1,1,60.0,0,1831,0.0,3,0,2,582,418
soc_trang,mild,Reactive+T2,5,400.0,narrow,0.1,2025,2160,0,0,0.0,400.0,6,9,7,3,3,160.0,0,1826,1.2217,4,0,3,830,686
soc_trang,mild,Reactive+T2,6,400.0,narrow,0.1,2025,2160,0,0,0.0,400.0,5,7,7,2,4,220.0,0,1835,0.0,3,0,2,913,752
soc_trang,mild,Reactive+T2,7,400.0,narrow,0.1,2025,2160,0,0,0.0,400.0,5,7,7,2,3,160.0,0,1839,0.0,3,0,2,913,752
soc_trang,mild,Reactive+T2,8,400.0,narrow,0.1,2025,2160,0,0,0.0,400.0,6,8,7,2,1,60.0,0,1831,0.8293,3,0,2,582,419
soc_trang,mild,Reactive+T2,9,400.0,narrow,0.1,2025,2160,0,0,0.0,400.0,6,7,7,1,1,60.0,0,1804,0.0,3,0,2,582,418
soc_trang,mild,Reactive+blindARQ,0,400.0,narrow,0.1,2025,2160,0,0,0.0,400.0,7,9,7,2,0,0.0,0,1861,1.2122,2,0,2,18,253
soc_trang,mild,Reactive+blindARQ,1,400.0,narrow,0.1,2025,2160,0,0,0.0,400.0,6,9,7,3,1,60.0,0,1864,1.2122,3,0,2,582,420
soc_trang,mild,Reactive+blindARQ,2,400.0,narrow,0.1,2025,2160,29,0,0.5128,400.0,4,8,7,4,4,220.0,0,1857,0.918,3,0,2,1109,956
soc_trang,mild,Reactive+blindARQ,3,400.0,narrow,0.1,2025,2160,29,0,0.5126,400.0,4,9,7,5,3,180.0,0,1824,1.2172,3,0,2,1108,957
soc_trang,mild,Reactive+blindARQ,4,400.0,narrow,0.1,2025,2160,0,0,0.0,400.0,6,7,7,1,1,60.0,0,1831,0.0,3,0,2,582,418
soc_trang,mild,Reactive+blindARQ,5,400.0,narrow,0.1,2025,2160,0,0,0.0,400.0,5,10,7,5,3,160.0,0,1826,1.4969,4,0,3,833,773
soc_trang,mild,Reactive+blindARQ,6,400.0,narrow,0.1,2025,2160,29,0,0.5129,400.0,4,7,7,3,4,220.0,0,1835,0.0,3,0,2,1108,955
soc_trang,mild,Reactive+blindARQ,7,400.0,narrow,0.1,2025,2160,0,0,0.0,400.0,5,7,7,2,3,160.0,0,1839,0.0,3,0,2,913,752
soc_trang,mild,Reactive+blindARQ,8,400.0,narrow,0.1,2025,2160,0,0,0.0,400.0,6,8,7,2,1,60.0,0,1831,0.8293,3,0,2,582,419
soc_trang,mild,Reactive+blindARQ,9,400.0,narrow,0.1,2025,2160,0,0,0.0,400.0,6,7,7,1,1,60.0,0,1804,0.0,3,0,2,582,418
soc_trang,mild,FixedSchedule,0,400.0,narrow,0.1,2025,2160,25,0,0.2899,400.0,7,11,7,4,0,0.0,0,1861,1.4623,1,0,0,1045,774
soc_trang,mild,FixedSchedule,1,400.0,narrow,0.1,2025,2160,104,0,1.5689,400.0,6,7,7,1,1,60.0,0,1864,0.0,1,0,0,1256,948
soc_trang,mild,FixedSchedule,2,400.0,narrow,0.1,2025,2160,245,0,6.2845,400.0,4,8,7,4,4,220.0,0,1857,0.0016,1,0,0,1592,1286
soc_trang,mild,FixedSchedule,3,400.0,narrow,0.1,2025,2160,245,0,6.2845,400.0,4,7,7,3,4,220.0,0,1824,0.0,1,0,0,1592,1287
soc_trang,mild,FixedSchedule,4,400.0,narrow,0.1,2025,2160,104,0,1.5678,400.0,6,12,7,6,1,60.0,0,1831,1.6903,1,0,0,1256,951
soc_trang,mild,FixedSchedule,5,400.0,narrow,0.1,2025,2160,163,0,3.5204,400.0,5,7,7,2,3,160.0,0,1826,0.0,1,0,0,1453,1160
soc_trang,mild,FixedSchedule,6,400.0,narrow,0.1,2025,2160,245,0,6.2761,400.0,4,9,7,5,3,180.0,0,1835,1.2023,1,0,0,1592,1288
soc_trang,mild,FixedSchedule,7,400.0,narrow,0.1,2025,2160,163,0,3.5204,400.0,5,13,7,8,3,160.0,0,1839,1.2207,1,0,0,1453,1160
soc_trang,mild,FixedSchedule,8,400.0,narrow,0.1,2025,2160,104,0,1.5678,400.0,6,10,7,4,1,60.0,0,1831,1.2142,1,0,0,1256,950
soc_trang,mild,FixedSchedule,9,400.0,narrow,0.1,2025,2160,104,0,1.5689,400.0,6,8,7,2,1,60.0,0,1804,0.6326,1,0,0,1256,948
soc_trang,mild,Oracle,0,400.0,narrow,0.1,2025,2160,0,0,0.0,280.0,14,23,14,9,2,40.0,0,1861,1.291,0,0,0,0,0
soc_trang,mild,Oracle,1,400.0,narrow,0.1,2025,2160,0,0,0.0,280.0,14,18,14,4,1,20.0,0,1864,0.8747,0,0,0,0,0
soc_trang,mild,Oracle,2,400.0,narrow,0.1,2025,2160,0,0,0.0,280.0,14,15,14,1,7,140.0,0,1857,0.4303,0,0,0,0,0
soc_trang,mild,Oracle,3,400.0,narrow,0.1,2025,2160,0,0,0.0,280.0,14,17,14,3,6,120.0,0,1824,0.7454,0,0,0,0,0
soc_trang,mild,Oracle,4,400.0,narrow,0.1,2025,2160,0,0,0.0,280.0,14,19,14,5,4,80.0,0,1831,1.0781,0,0,0,0,0
soc_trang,mild,Oracle,5,400.0,narrow,0.1,2025,2160,0,0,0.0,280.0,14,18,14,4,7,140.0,0,1826,0.8607,0,0,0,0,0
soc_trang,mild,Oracle,6,400.0,narrow,0.1,2025,2160,0,0,0.0,280.0,14,14,14,0,7,140.0,0,1835,0.0,0,0,0,0,0
soc_trang,mild,Oracle,7,400.0,narrow,0.1,2025,2160,0,0,0.0,280.0,14,19,14,5,4,80.0,0,1839,0.9623,0,0,0,0,0
soc_trang,mild,Oracle,8,400.0,narrow,0.1,2025,2160,0,0,0.0,280.0,14,21,14,7,2,40.0,0,1831,1.238,0,0,0,0,0
soc_trang,mild,Oracle,9,400.0,narrow,0.1,2025,2160,0,0,0.0,280.0,14,18,14,4,2,40.0,0,1804,0.8607,0,0,0,0,0
soc_trang,mild,TwinGate+T2+centre,0,400.0,narrow,0.1,2025,2160,0,0,0.0,240.0,14,19,12,5,2,40.0,76,1861,1.1386,11,0,11,363,734
soc_trang,mild,TwinGate+T2+centre,1,400.0,narrow,0.1,2025,2160,0,0,0.0,240.0,11,13,12,2,1,20.0,79,1864,0.4303,11,1,10,315,770
soc_trang,mild,TwinGate+T2+centre,2,400.0,narrow,0.1,2025,2160,0,0,0.0,240.0,8,12,12,4,7,140.0,82,1857,0.0,8,1,7,331,713
soc_trang,mild,TwinGate+T2+centre,3,400.0,narrow,0.1,2025,2160,0,0,0.0,260.0,10,15,13,5,6,120.0,80,1824,0.6086,9,1,8,345,648
soc_trang,mild,TwinGate+T2+centre,4,400.0,narrow,0.1,2025,2160,0,0,0.0,240.0,11,16,12,5,3,60.0,79,1831,0.8607,10,0,10,222,583
soc_trang,mild,TwinGate+T2+centre,5,400.0,narrow,0.1,2025,2160,0,0,0.0,240.0,11,18,12,7,4,80.0,79,1826,1.2172,9,0,9,268,595
soc_trang,mild,TwinGate+T2+centre,6,400.0,narrow,0.1,2025,2160,0,0,0.0,240.0,10,16,12,6,5,100.0,80,1835,0.8607,9,1,8,335,697
soc_trang,mild,TwinGate+T2+centre,7,400.0,narrow,0.1,2025,2160,0,0,0.0,260.0,11,18,13,7,5,100.0,79,1839,0.9623,9,1,8,310,652
soc_trang,mild,TwinGate+T2+centre,8,400.0,narrow,0.1,2025,2160,0,0,0.0,240.0,10,13,12,3,2,40.0,80,1831,0.4303,11,0,10,647,644
soc_trang,mild,TwinGate+T2+centre,9,400.0,narrow,0.1,2025,2160,0,0,0.0,240.0,11,13,12,2,2,40.0,79,1804,0.4303,11,1,10,331,734
soc_trang,mild,TwinGate+T2,0,inf,awd,0.02,2025,2160,0,0,0.0,260.0,12,16,13,4,2,40.0,78,1861,0.7454,5,0,5,52,468
soc_trang,mild,TwinGate+T2,1,inf,awd,0.02,2025,2160,0,0,0.0,260.0,12,16,13,4,1,20.0,78,1864,1.0541,6,0,6,55,442
soc_trang,mild,TwinGate+T2,2,inf,awd,0.02,2025,2160,0,0,0.0,280.0,10,16,14,6,7,140.0,80,1857,0.6086,3,0,3,29,383
soc_trang,mild,TwinGate+T2,3,inf,awd,0.02,2025,2160,0,0,0.0,260.0,9,13,13,4,6,120.0,81,1824,0.0,4,0,4,35,311
soc_trang,mild,TwinGate+T2,4,inf,awd,0.02,2025,2160,0,0,0.0,260.0,10,14,13,4,4,80.0,80,1831,0.4303,3,0,3,31,412
soc_trang,mild,TwinGate+T2,5,inf,awd,0.02,2025,2160,0,0,0.0,280.0,11,18,14,7,6,120.0,79,1826,0.8607,3,1,2,152,445
soc_trang,mild,TwinGate+T2,6,inf,awd,0.02,2025,2160,0,0,0.0,260.0,10,15,13,5,7,140.0,80,1835,0.6086,3,0,3,31,427
soc_trang,mild,TwinGate+T2,7,inf,awd,0.02,2025,2160,0,0,0.0,260.0,10,16,13,6,5,100.0,80,1839,0.7454,4,0,4,64,363
soc_trang,mild,TwinGate+T2,8,inf,awd,0.02,2025,2160,0,0,0.0,260.0,13,18,13,5,2,40.0,77,1831,1.0541,4,0,4,45,508
soc_trang,mild,TwinGate+T2,9,inf,awd,0.02,2025,2160,0,0,0.0,260.0,12,16,13,4,2,40.0,78,1804,0.7454,6,0,6,93,461
soc_trang,mild,TwinGate+blindARQ,0,inf,awd,0.02,2025,2160,0,0,0.0,280.0,11,17,14,6,3,60.0,79,1861,0.7454,4,0,4,40,410
soc_trang,mild,TwinGate+blindARQ,1,inf,awd,0.02,2025,2160,0,0,0.0,320.0,12,21,16,9,4,80.0,78,1864,1.0541,6,0,6,55,442
soc_trang,mild,TwinGate+blindARQ,2,inf,awd,0.02,2025,2160,0,0,0.0,360.0,10,26,18,16,8,160.0,80,1857,1.3599,4,0,4,36,324
soc_trang,mild,TwinGate+blindARQ,3,inf,awd,0.02,2025,2160,0,0,0.0,320.0,8,17,16,9,8,160.0,82,1824,0.4303,3,0,3,30,307
soc_trang,mild,TwinGate+blindARQ,4,inf,awd,0.02,2025,2160,0,0,0.0,300.0,10,16,15,6,5,100.0,80,1831,0.4303,3,0,3,31,342
soc_trang,mild,TwinGate+blindARQ,5,inf,awd,0.02,2025,2160,0,0,0.0,340.0,9,21,17,12,8,160.0,81,1826,0.8607,2,0,2,23,341
soc_trang,mild,TwinGate+blindARQ,6,inf,awd,0.02,2025,2160,0,0,0.0,420.0,8,23,21,15,13,260.0,82,1835,0.4303,5,0,5,55,284
soc_trang,mild,TwinGate+blindARQ,7,inf,awd,0.02,2025,2160,0,0,0.0,260.0,8,16,13,8,5,100.0,82,1839,0.7454,5,0,5,51,308
soc_trang,mild,TwinGate+blindARQ,8,inf,awd,0.02,2025,2160,0,0,0.0,260.0,11,21,13,10,2,40.0,79,1831,1.2217,6,0,6,56,494
soc_trang,mild,TwinGate+blindARQ,9,inf,awd,0.02,2025,2160,0,0,0.0,260.0,11,17,13,6,2,40.0,79,1804,0.8607,2,0,2,19,449
soc_trang,mild,Reactive+T2,0,inf,awd,0.02,2025,2160,0,0,0.0,420.0,8,9,7,1,0,0.0,0,1861,1.2122,3,0,3,26,275
soc_trang,mild,Reactive+T2,1,inf,awd,0.02,2025,2160,0,0,0.0,480.0,8,11,8,3,1,60.0,0,1864,1.4878,3,0,3,26,276
soc_trang,mild,Reactive+T2,2,inf,awd,0.02,2025,2160,0,0,0.0,660.0,8,14,11,6,5,300.0,0,1857,1.4894,4,0,4,36,344
soc_trang,mild,Reactive+T2,3,inf,awd,0.02,2025,2160,0,0,0.0,540.0,8,13,9,5,5,300.0,0,1824,1.7668,4,0,4,63,311
soc_trang,mild,Reactive+T2,4,inf,awd,0.02,2025,2160,0,0,0.0,540.0,7,9,9,2,2,120.0,0,1831,0.0,2,0,2,18,251
soc_trang,mild,Reactive+T2,5,inf,awd,0.02,2025,2160,0,0,0.0,600.0,8,12,10,4,4,240.0,0,1826,1.2217,4,0,4,39,303
soc_trang,mild,Reactive+T2,6,inf,awd,0.02,2025,2160,0,0,0.0,660.0,7,11,11,4,6,360.0,0,1835,0.0,2,0,2,18,251
soc_trang,mild,Reactive+T2,7,inf,awd,0.02,2025,2160,0,0,0.0,540.0,7,11,9,4,4,240.0,0,1839,0.0009,2,0,2,18,251
soc_trang,mild,Reactive+T2,8,inf,awd,0.02,2025,2160,0,0,0.0,480.0,7,9,8,2,1,60.0,0,1831,0.8293,2,0,2,18,252
soc_trang,mild,Reactive+T2,9,inf,awd,0.02,2025,2160,0,0,0.0,540.0,8,11,9,3,2,120.0,0,1804,1.2199,3,0,3,31,275
soc_trang,mild,Reactive+blindARQ,0,inf,awd,0.02,2025,2160,0,0,0.0,420.0,7,9,7,2,0,0.0,0,1861,1.2122,2,0,2,18,253
soc_trang,mild,Reactive+blindARQ,1,inf,awd,0.02,2025,2160,0,0,0.0,480.0,7,11,8,4,1,60.0,0,1864,1.4878,2,0,2,18,254
soc_trang,mild,Reactive+blindARQ,2,inf,awd,0.02,2025,2160,0,0,0.0,900.0,7,19,15,12,8,480.0,0,1857,1.7059,2,0,2,19,255
soc_trang,mild,Reactive+blindARQ,3,inf,awd,0.02,2025,2160,0,0,0.0,780.0,7,25,13,18,6,360.0,0,1824,2.9621,4,0,4,41,353
soc_trang,mild,Reactive+blindARQ,4,inf,awd,0.02,2025,2160,0,0,0.0,540.0,7,9,9,2,2,120.0,0,1831,0.0,2,0,2,18,251
soc_trang,mild,Reactive+blindARQ,5,inf,awd,0.02,2025,2160,0,0,0.0,840.0,7,20,14,13,7,420.0,0,1826,1.4969,4,0,4,34,331
soc_trang,mild,Reactive+blindARQ,6,inf,awd,0.02,2025,2160,0,0,0.0,1140.0,7,20,19,13,12,720.0,0,1835,0.0002,2,0,2,18,251
soc_trang,mild,Reactive+blindARQ,7,inf,awd,0.02,2025,2160,0,0,0.0,660.0,7,15,11,8,4,240.0,0,1839,1.2756,4,0,4,37,344
soc_trang,mild,Reactive+blindARQ,8,inf,awd,0.02,2025,2160,0,0,0.0,480.0,7,9,8,2,1,60.0,0,1831,0.8293,2,0,2,18,252
soc_trang,mild,Reactive+blindARQ,9,inf,awd,0.02,2025,2160,0,0,0.0,540.0,7,11,9,4,2,120.0,0,1804,1.2199,2,0,2,18,253
soc_trang,mild,FixedSchedule,0,inf,awd,0.02,2025,2160,0,0,0.0,1500.0,18,30,25,12,7,420.0,0,1861,1.2689,0,0,0,0,0
soc_trang,mild,FixedSchedule,1,inf,awd,0.02,2025,2160,0,0,0.0,1320.0,18,23,22,5,4,240.0,0,1864,0.4231,0,0,0,0,0
soc_trang,mild,FixedSchedule,2,inf,awd,0.02,2025,2160,0,0,0.0,1680.0,18,37,28,19,10,600.0,0,1857,0.9879,0,0,0,0,0
soc_trang,mild,FixedSchedule,3,inf,awd,0.02,2025,2160,0,0,0.0,2040.0,18,45,34,27,16,960.0,0,1824,1.6486,0,0,0,0,0
soc_trang,mild,FixedSchedule,4,inf,awd,0.02,2025,2160,0,0,0.0,1500.0,18,29,25,11,7,420.0,0,1831,0.8031,0,0,0,0,0
soc_trang,mild,FixedSchedule,5,inf,awd,0.02,2025,2160,0,0,0.0,1800.0,18,36,30,18,12,720.0,0,1826,1.2298,0,0,0,0,0
soc_trang,mild,FixedSchedule,6,inf,awd,0.02,2025,2160,0,0,0.0,2160.0,18,41,36,23,18,1080.0,0,1835,0.0012,0,0,0,0,0
soc_trang,mild,FixedSchedule,7,inf,awd,0.02,2025,2160,0,0,0.0,1560.0,18,34,26,16,8,480.0,0,1839,1.4517,0,0,0,0,0
soc_trang,mild,FixedSchedule,8,inf,awd,0.02,2025,2160,0,0,0.0,1260.0,18,30,21,12,3,180.0,0,1831,0.8266,0,0,0,0,0
soc_trang,mild,FixedSchedule,9,inf,awd,0.02,2025,2160,0,0,0.0,1260.0,18,31,21,13,3,180.0,0,1804,1.5768,0,0,0,0,0
soc_trang,mild,Oracle,0,inf,awd,0.02,2025,2160,0,0,0.0,280.0,14,23,14,9,2,40.0,0,1861,1.291,0,0,0,0,0
soc_trang,mild,Oracle,1,inf,awd,0.02,2025,2160,0,0,0.0,280.0,14,18,14,4,1,20.0,0,1864,0.8747,0,0,0,0,0
soc_trang,mild,Oracle,2,inf,awd,0.02,2025,2160,0,0,0.0,280.0,14,15,14,1,7,140.0,0,1857,0.4303,0,0,0,0,0
soc_trang,mild,Oracle,3,inf,awd,0.02,2025,2160,0,0,0.0,280.0,14,17,14,3,6,120.0,0,1824,0.7454,0,0,0,0,0
soc_trang,mild,Oracle,4,inf,awd,0.02,2025,2160,0,0,0.0,280.0,14,19,14,5,4,80.0,0,1831,1.0781,0,0,0,0,0
soc_trang,mild,Oracle,5,inf,awd,0.02,2025,2160,0,0,0.0,280.0,14,18,14,4,7,140.0,0,1826,0.8607,0,0,0,0,0
soc_trang,mild,Oracle,6,inf,awd,0.02,2025,2160,0,0,0.0,280.0,14,14,14,0,7,140.0,0,1835,0.0,0,0,0,0,0
soc_trang,mild,Oracle,7,inf,awd,0.02,2025,2160,0,0,0.0,280.0,14,19,14,5,4,80.0,0,1839,0.9623,0,0,0,0,0
soc_trang,mild,Oracle,8,inf,awd,0.02,2025,2160,0,0,0.0,280.0,14,21,14,7,2,40.0,0,1831,1.238,0,0,0,0,0
soc_trang,mild,Oracle,9,inf,awd,0.02,2025,2160,0,0,0.0,280.0,14,18,14,4,2,40.0,0,1804,0.8607,0,0,0,0,0
soc_trang,mild,TwinGate+T2+centre,0,inf,awd,0.02,2025,2160,0,0,0.0,260.0,12,16,13,4,2,40.0,78,1861,0.7454,5,0,5,52,468
soc_trang,mild,TwinGate+T2+centre,1,inf,awd,0.02,2025,2160,0,0,0.0,260.0,12,16,13,4,1,20.0,78,1864,1.0541,6,0,6,55,442
soc_trang,mild,TwinGate+T2+centre,2,inf,awd,0.02,2025,2160,0,0,0.0,280.0,10,16,14,6,7,140.0,80,1857,0.6086,3,0,3,29,383
soc_trang,mild,TwinGate+T2+centre,3,inf,awd,0.02,2025,2160,0,0,0.0,260.0,9,13,13,4,6,120.0,81,1824,0.0,4,0,4,35,311
soc_trang,mild,TwinGate+T2+centre,4,inf,awd,0.02,2025,2160,0,0,0.0,260.0,10,14,13,4,4,80.0,80,1831,0.4303,3,0,3,31,412
soc_trang,mild,TwinGate+T2+centre,5,inf,awd,0.02,2025,2160,0,0,0.0,280.0,11,18,14,7,6,120.0,79,1826,0.8607,3,1,2,152,445
soc_trang,mild,TwinGate+T2+centre,6,inf,awd,0.02,2025,2160,0,0,0.0,260.0,10,15,13,5,7,140.0,80,1835,0.6086,3,0,3,31,427
soc_trang,mild,TwinGate+T2+centre,7,inf,awd,0.02,2025,2160,0,0,0.0,260.0,10,16,13,6,5,100.0,80,1839,0.7454,4,0,4,64,363
soc_trang,mild,TwinGate+T2+centre,8,inf,awd,0.02,2025,2160,0,0,0.0,260.0,13,18,13,5,2,40.0,77,1831,1.0541,4,0,4,45,508
soc_trang,mild,TwinGate+T2+centre,9,inf,awd,0.02,2025,2160,0,0,0.0,260.0,12,16,13,4,2,40.0,78,1804,0.7454,6,0,6,93,461
soc_trang,mild,TwinGate+T2,0,inf,mid,0.05,2025,2160,0,0,0.0,260.0,12,16,13,4,2,40.0,78,1861,0.7454,5,0,5,52,468
soc_trang,mild,TwinGate+T2,1,inf,mid,0.05,2025,2160,0,0,0.0,260.0,12,16,13,4,1,20.0,78,1864,1.0541,6,0,6,55,442
soc_trang,mild,TwinGate+T2,2,inf,mid,0.05,2025,2160,0,0,0.0,280.0,10,16,14,6,7,140.0,80,1857,0.6086,3,0,3,29,383
soc_trang,mild,TwinGate+T2,3,inf,mid,0.05,2025,2160,0,0,0.0,260.0,9,13,13,4,6,120.0,81,1824,0.0,4,0,4,35,311
soc_trang,mild,TwinGate+T2,4,inf,mid,0.05,2025,2160,0,0,0.0,260.0,10,14,13,4,4,80.0,80,1831,0.4303,3,0,3,31,412
soc_trang,mild,TwinGate+T2,5,inf,mid,0.05,2025,2160,0,0,0.0,280.0,11,18,14,7,6,120.0,79,1826,0.8607,3,1,2,152,445
soc_trang,mild,TwinGate+T2,6,inf,mid,0.05,2025,2160,0,0,0.0,260.0,10,15,13,5,7,140.0,80,1835,0.6086,3,0,3,31,427
soc_trang,mild,TwinGate+T2,7,inf,mid,0.05,2025,2160,0,0,0.0,260.0,10,16,13,6,5,100.0,80,1839,0.7454,4,0,4,64,363
soc_trang,mild,TwinGate+T2,8,inf,mid,0.05,2025,2160,0,0,0.0,260.0,13,18,13,5,2,40.0,77,1831,1.0541,4,0,4,45,508
soc_trang,mild,TwinGate+T2,9,inf,mid,0.05,2025,2160,0,0,0.0,260.0,12,16,13,4,2,40.0,78,1804,0.7454,6,0,6,93,461
soc_trang,mild,TwinGate+blindARQ,0,inf,mid,0.05,2025,2160,0,0,0.0,280.0,11,17,14,6,3,60.0,79,1861,0.7454,4,0,4,40,410
soc_trang,mild,TwinGate+blindARQ,1,inf,mid,0.05,2025,2160,0,0,0.0,320.0,12,21,16,9,4,80.0,78,1864,1.0541,6,0,6,55,442
soc_trang,mild,TwinGate+blindARQ,2,inf,mid,0.05,2025,2160,0,0,0.0,360.0,10,26,18,16,8,160.0,80,1857,1.3599,4,0,4,36,324
soc_trang,mild,TwinGate+blindARQ,3,inf,mid,0.05,2025,2160,0,0,0.0,320.0,8,17,16,9,8,160.0,82,1824,0.4303,3,0,3,30,307
soc_trang,mild,TwinGate+blindARQ,4,inf,mid,0.05,2025,2160,0,0,0.0,300.0,10,16,15,6,5,100.0,80,1831,0.4303,3,0,3,31,342
soc_trang,mild,TwinGate+blindARQ,5,inf,mid,0.05,2025,2160,0,0,0.0,340.0,9,21,17,12,8,160.0,81,1826,0.8607,2,0,2,23,341
soc_trang,mild,TwinGate+blindARQ,6,inf,mid,0.05,2025,2160,0,0,0.0,420.0,8,23,21,15,13,260.0,82,1835,0.4303,5,0,5,55,284
soc_trang,mild,TwinGate+blindARQ,7,inf,mid,0.05,2025,2160,0,0,0.0,260.0,8,16,13,8,5,100.0,82,1839,0.7454,5,0,5,51,308
soc_trang,mild,TwinGate+blindARQ,8,inf,mid,0.05,2025,2160,0,0,0.0,260.0,11,21,13,10,2,40.0,79,1831,1.2217,6,0,6,56,494
soc_trang,mild,TwinGate+blindARQ,9,inf,mid,0.05,2025,2160,0,0,0.0,260.0,11,17,13,6,2,40.0,79,1804,0.8607,2,0,2,19,449
soc_trang,mild,Reactive+T2,0,inf,mid,0.05,2025,2160,0,0,0.0,420.0,8,9,7,1,0,0.0,0,1861,1.2122,3,0,3,26,275
soc_trang,mild,Reactive+T2,1,inf,mid,0.05,2025,2160,0,0,0.0,480.0,8,11,8,3,1,60.0,0,1864,1.4878,3,0,3,26,276
soc_trang,mild,Reactive+T2,2,inf,mid,0.05,2025,2160,0,0,0.0,660.0,8,14,11,6,5,300.0,0,1857,1.4894,4,0,4,36,344
soc_trang,mild,Reactive+T2,3,inf,mid,0.05,2025,2160,0,0,0.0,540.0,8,13,9,5,5,300.0,0,1824,1.7668,4,0,4,63,311
soc_trang,mild,Reactive+T2,4,inf,mid,0.05,2025,2160,0,0,0.0,540.0,7,9,9,2,2,120.0,0,1831,0.0,2,0,2,18,251
soc_trang,mild,Reactive+T2,5,inf,mid,0.05,2025,2160,0,0,0.0,600.0,8,12,10,4,4,240.0,0,1826,1.2217,4,0,4,39,303
soc_trang,mild,Reactive+T2,6,inf,mid,0.05,2025,2160,0,0,0.0,660.0,7,11,11,4,6,360.0,0,1835,0.0,2,0,2,18,251
soc_trang,mild,Reactive+T2,7,inf,mid,0.05,2025,2160,0,0,0.0,540.0,7,11,9,4,4,240.0,0,1839,0.0009,2,0,2,18,251
soc_trang,mild,Reactive+T2,8,inf,mid,0.05,2025,2160,0,0,0.0,480.0,7,9,8,2,1,60.0,0,1831,0.8293,2,0,2,18,252
soc_trang,mild,Reactive+T2,9,inf,mid,0.05,2025,2160,0,0,0.0,540.0,8,11,9,3,2,120.0,0,1804,1.2199,3,0,3,31,275
soc_trang,mild,Reactive+blindARQ,0,inf,mid,0.05,2025,2160,0,0,0.0,420.0,7,9,7,2,0,0.0,0,1861,1.2122,2,0,2,18,253
soc_trang,mild,Reactive+blindARQ,1,inf,mid,0.05,2025,2160,0,0,0.0,480.0,7,11,8,4,1,60.0,0,1864,1.4878,2,0,2,18,254
soc_trang,mild,Reactive+blindARQ,2,inf,mid,0.05,2025,2160,0,0,0.0,900.0,7,19,15,12,8,480.0,0,1857,1.7059,2,0,2,19,255
soc_trang,mild,Reactive+blindARQ,3,inf,mid,0.05,2025,2160,0,0,0.0,780.0,7,25,13,18,6,360.0,0,1824,2.9621,4,0,4,41,353
soc_trang,mild,Reactive+blindARQ,4,inf,mid,0.05,2025,2160,0,0,0.0,540.0,7,9,9,2,2,120.0,0,1831,0.0,2,0,2,18,251
soc_trang,mild,Reactive+blindARQ,5,inf,mid,0.05,2025,2160,0,0,0.0,840.0,7,20,14,13,7,420.0,0,1826,1.4969,4,0,4,34,331
soc_trang,mild,Reactive+blindARQ,6,inf,mid,0.05,2025,2160,0,0,0.0,1140.0,7,20,19,13,12,720.0,0,1835,0.0002,2,0,2,18,251
soc_trang,mild,Reactive+blindARQ,7,inf,mid,0.05,2025,2160,0,0,0.0,660.0,7,15,11,8,4,240.0,0,1839,1.2756,4,0,4,37,344
soc_trang,mild,Reactive+blindARQ,8,inf,mid,0.05,2025,2160,0,0,0.0,480.0,7,9,8,2,1,60.0,0,1831,0.8293,2,0,2,18,252
soc_trang,mild,Reactive+blindARQ,9,inf,mid,0.05,2025,2160,0,0,0.0,540.0,7,11,9,4,2,120.0,0,1804,1.2199,2,0,2,18,253
soc_trang,mild,FixedSchedule,0,inf,mid,0.05,2025,2160,0,0,0.0,1500.0,18,30,25,12,7,420.0,0,1861,1.2689,0,0,0,0,0
soc_trang,mild,FixedSchedule,1,inf,mid,0.05,2025,2160,0,0,0.0,1320.0,18,23,22,5,4,240.0,0,1864,0.4231,0,0,0,0,0
soc_trang,mild,FixedSchedule,2,inf,mid,0.05,2025,2160,0,0,0.0,1680.0,18,37,28,19,10,600.0,0,1857,0.9879,0,0,0,0,0
soc_trang,mild,FixedSchedule,3,inf,mid,0.05,2025,2160,0,0,0.0,2040.0,18,45,34,27,16,960.0,0,1824,1.6486,0,0,0,0,0
soc_trang,mild,FixedSchedule,4,inf,mid,0.05,2025,2160,0,0,0.0,1500.0,18,29,25,11,7,420.0,0,1831,0.8031,0,0,0,0,0
soc_trang,mild,FixedSchedule,5,inf,mid,0.05,2025,2160,0,0,0.0,1800.0,18,36,30,18,12,720.0,0,1826,1.2298,0,0,0,0,0
soc_trang,mild,FixedSchedule,6,inf,mid,0.05,2025,2160,0,0,0.0,2160.0,18,41,36,23,18,1080.0,0,1835,0.0012,0,0,0,0,0
soc_trang,mild,FixedSchedule,7,inf,mid,0.05,2025,2160,0,0,0.0,1560.0,18,34,26,16,8,480.0,0,1839,1.4517,0,0,0,0,0
soc_trang,mild,FixedSchedule,8,inf,mid,0.05,2025,2160,0,0,0.0,1260.0,18,30,21,12,3,180.0,0,1831,0.8266,0,0,0,0,0
soc_trang,mild,FixedSchedule,9,inf,mid,0.05,2025,2160,0,0,0.0,1260.0,18,31,21,13,3,180.0,0,1804,1.5768,0,0,0,0,0
soc_trang,mild,Oracle,0,inf,mid,0.05,2025,2160,0,0,0.0,280.0,14,23,14,9,2,40.0,0,1861,1.291,0,0,0,0,0
soc_trang,mild,Oracle,1,inf,mid,0.05,2025,2160,0,0,0.0,280.0,14,18,14,4,1,20.0,0,1864,0.8747,0,0,0,0,0
soc_trang,mild,Oracle,2,inf,mid,0.05,2025,2160,0,0,0.0,280.0,14,15,14,1,7,140.0,0,1857,0.4303,0,0,0,0,0
soc_trang,mild,Oracle,3,inf,mid,0.05,2025,2160,0,0,0.0,280.0,14,17,14,3,6,120.0,0,1824,0.7454,0,0,0,0,0
soc_trang,mild,Oracle,4,inf,mid,0.05,2025,2160,0,0,0.0,280.0,14,19,14,5,4,80.0,0,1831,1.0781,0,0,0,0,0
soc_trang,mild,Oracle,5,inf,mid,0.05,2025,2160,0,0,0.0,280.0,14,18,14,4,7,140.0,0,1826,0.8607,0,0,0,0,0
soc_trang,mild,Oracle,6,inf,mid,0.05,2025,2160,0,0,0.0,280.0,14,14,14,0,7,140.0,0,1835,0.0,0,0,0,0,0
soc_trang,mild,Oracle,7,inf,mid,0.05,2025,2160,0,0,0.0,280.0,14,19,14,5,4,80.0,0,1839,0.9623,0,0,0,0,0
soc_trang,mild,Oracle,8,inf,mid,0.05,2025,2160,0,0,0.0,280.0,14,21,14,7,2,40.0,0,1831,1.238,0,0,0,0,0
soc_trang,mild,Oracle,9,inf,mid,0.05,2025,2160,0,0,0.0,280.0,14,18,14,4,2,40.0,0,1804,0.8607,0,0,0,0,0
soc_trang,mild,TwinGate+T2+centre,0,inf,mid,0.05,2025,2160,0,0,0.0,260.0,12,16,13,4,2,40.0,78,1861,0.7454,5,0,5,52,468
soc_trang,mild,TwinGate+T2+centre,1,inf,mid,0.05,2025,2160,0,0,0.0,260.0,12,16,13,4,1,20.0,78,1864,1.0541,6,0,6,55,442
soc_trang,mild,TwinGate+T2+centre,2,inf,mid,0.05,2025,2160,0,0,0.0,280.0,10,16,14,6,7,140.0,80,1857,0.6086,3,0,3,29,383
soc_trang,mild,TwinGate+T2+centre,3,inf,mid,0.05,2025,2160,0,0,0.0,260.0,9,13,13,4,6,120.0,81,1824,0.0,4,0,4,35,311
soc_trang,mild,TwinGate+T2+centre,4,inf,mid,0.05,2025,2160,0,0,0.0,260.0,10,14,13,4,4,80.0,80,1831,0.4303,3,0,3,31,412
soc_trang,mild,TwinGate+T2+centre,5,inf,mid,0.05,2025,2160,0,0,0.0,280.0,11,18,14,7,6,120.0,79,1826,0.8607,3,1,2,152,445
soc_trang,mild,TwinGate+T2+centre,6,inf,mid,0.05,2025,2160,0,0,0.0,260.0,10,15,13,5,7,140.0,80,1835,0.6086,3,0,3,31,427
soc_trang,mild,TwinGate+T2+centre,7,inf,mid,0.05,2025,2160,0,0,0.0,260.0,10,16,13,6,5,100.0,80,1839,0.7454,4,0,4,64,363
soc_trang,mild,TwinGate+T2+centre,8,inf,mid,0.05,2025,2160,0,0,0.0,260.0,13,18,13,5,2,40.0,77,1831,1.0541,4,0,4,45,508
soc_trang,mild,TwinGate+T2+centre,9,inf,mid,0.05,2025,2160,0,0,0.0,260.0,12,16,13,4,2,40.0,78,1804,0.7454,6,0,6,93,461
soc_trang,mild,TwinGate+T2,0,inf,narrow,0.1,2025,2160,0,0,0.0,240.0,14,19,12,5,2,40.0,76,1861,1.1386,11,0,11,363,734
soc_trang,mild,TwinGate+T2,1,inf,narrow,0.1,2025,2160,0,0,0.0,240.0,11,13,12,2,1,20.0,79,1864,0.4303,11,1,10,315,770
soc_trang,mild,TwinGate+T2,2,inf,narrow,0.1,2025,2160,0,0,0.0,240.0,8,12,12,4,7,140.0,82,1857,0.0,8,1,7,331,713
soc_trang,mild,TwinGate+T2,3,inf,narrow,0.1,2025,2160,0,0,0.0,260.0,10,15,13,5,6,120.0,80,1824,0.6086,9,1,8,345,648
soc_trang,mild,TwinGate+T2,4,inf,narrow,0.1,2025,2160,0,0,0.0,240.0,11,16,12,5,3,60.0,79,1831,0.8607,10,0,10,222,583
soc_trang,mild,TwinGate+T2,5,inf,narrow,0.1,2025,2160,0,0,0.0,240.0,11,18,12,7,4,80.0,79,1826,1.2172,9,0,9,268,595
soc_trang,mild,TwinGate+T2,6,inf,narrow,0.1,2025,2160,0,0,0.0,240.0,10,16,12,6,5,100.0,80,1835,0.8607,9,1,8,335,697
soc_trang,mild,TwinGate+T2,7,inf,narrow,0.1,2025,2160,0,0,0.0,260.0,11,18,13,7,5,100.0,79,1839,0.9623,9,1,8,310,652
soc_trang,mild,TwinGate+T2,8,inf,narrow,0.1,2025,2160,0,0,0.0,240.0,10,13,12,3,2,40.0,80,1831,0.4303,11,0,10,647,644
soc_trang,mild,TwinGate+T2,9,inf,narrow,0.1,2025,2160,0,0,0.0,240.0,11,13,12,2,2,40.0,79,1804,0.4303,11,1,10,331,734
soc_trang,mild,TwinGate+blindARQ,0,inf,narrow,0.1,2025,2160,0,0,0.0,240.0,10,17,12,7,2,40.0,80,1861,1.0541,10,0,10,243,606
soc_trang,mild,TwinGate+blindARQ,1,inf,narrow,0.1,2025,2160,0,0,0.0,240.0,11,13,12,2,1,20.0,79,1864,0.4303,11,1,10,315,770
soc_trang,mild,TwinGate+blindARQ,2,inf,narrow,0.1,2025,2160,0,0,0.0,340.0,9,23,17,14,8,160.0,81,1857,0.9623,9,0,9,250,542
soc_trang,mild,TwinGate+blindARQ,3,inf,narrow,0.1,2025,2160,0,0,0.0,320.0,8,20,16,12,8,160.0,82,1824,0.9622,8,0,8,245,531
soc_trang,mild,TwinGate+blindARQ,4,inf,narrow,0.1,2025,2160,0,0,0.0,260.0,9,19,13,10,4,80.0,81,1831,1.0541,9,0,9,209,554
soc_trang,mild,TwinGate+blindARQ,5,inf,narrow,0.1,2025,2160,0,0,0.0,300.0,8,22,15,14,7,140.0,82,1826,0.4946,8,0,8,188,480
soc_trang,mild,TwinGate+blindARQ,6,inf,narrow,0.1,2025,2160,0,0,0.0,420.0,8,24,21,16,13,260.0,82,1835,0.7454,8,0,8,234,509
soc_trang,mild,TwinGate+blindARQ,7,inf,narrow,0.1,2025,2160,0,0,0.0,260.0,8,20,13,12,5,100.0,82,1839,1.4758,8,1,7,363,624
soc_trang,mild,TwinGate+blindARQ,8,inf,narrow,0.1,2025,2160,0,0,0.0,240.0,10,13,12,3,2,40.0,80,1831,0.4303,11,0,10,647,644
soc_trang,mild,TwinGate+blindARQ,9,inf,narrow,0.1,2025,2160,0,0,0.0,240.0,10,16,12,6,2,40.0,80,1804,0.8607,10,1,9,321,754
soc_trang,mild,Reactive+T2,0,inf,narrow,0.1,2025,2160,0,0,0.0,420.0,8,9,7,1,0,0.0,0,1861,1.2122,3,0,3,26,275
soc_trang,mild,Reactive+T2,1,inf,narrow,0.1,2025,2160,0,0,0.0,480.0,8,11,8,3,1,60.0,0,1864,1.4878,3,0,3,26,276
soc_trang,mild,Reactive+T2,2,inf,narrow,0.1,2025,2160,0,0,0.0,660.0,8,14,11,6,5,300.0,0,1857,1.4894,4,0,4,36,344
soc_trang,mild,Reactive+T2,3,inf,narrow,0.1,2025,2160,0,0,0.0,540.0,8,13,9,5,5,300.0,0,1824,1.7668,4,0,4,63,311
soc_trang,mild,Reactive+T2,4,inf,narrow,0.1,2025,2160,0,0,0.0,540.0,7,9,9,2,2,120.0,0,1831,0.0,2,0,2,18,251
soc_trang,mild,Reactive+T2,5,inf,narrow,0.1,2025,2160,0,0,0.0,600.0,8,12,10,4,4,240.0,0,1826,1.2217,4,0,4,39,303
soc_trang,mild,Reactive+T2,6,inf,narrow,0.1,2025,2160,0,0,0.0,660.0,7,11,11,4,6,360.0,0,1835,0.0,2,0,2,18,251
soc_trang,mild,Reactive+T2,7,inf,narrow,0.1,2025,2160,0,0,0.0,540.0,7,11,9,4,4,240.0,0,1839,0.0009,2,0,2,18,251
soc_trang,mild,Reactive+T2,8,inf,narrow,0.1,2025,2160,0,0,0.0,480.0,7,9,8,2,1,60.0,0,1831,0.8293,2,0,2,18,252
soc_trang,mild,Reactive+T2,9,inf,narrow,0.1,2025,2160,0,0,0.0,540.0,8,11,9,3,2,120.0,0,1804,1.2199,3,0,3,31,275
soc_trang,mild,Reactive+blindARQ,0,inf,narrow,0.1,2025,2160,0,0,0.0,420.0,7,9,7,2,0,0.0,0,1861,1.2122,2,0,2,18,253
soc_trang,mild,Reactive+blindARQ,1,inf,narrow,0.1,2025,2160,0,0,0.0,480.0,7,11,8,4,1,60.0,0,1864,1.4878,2,0,2,18,254
soc_trang,mild,Reactive+blindARQ,2,inf,narrow,0.1,2025,2160,0,0,0.0,900.0,7,19,15,12,8,480.0,0,1857,1.7059,2,0,2,19,255
soc_trang,mild,Reactive+blindARQ,3,inf,narrow,0.1,2025,2160,0,0,0.0,780.0,7,25,13,18,6,360.0,0,1824,2.9621,4,0,4,41,353
soc_trang,mild,Reactive+blindARQ,4,inf,narrow,0.1,2025,2160,0,0,0.0,540.0,7,9,9,2,2,120.0,0,1831,0.0,2,0,2,18,251
soc_trang,mild,Reactive+blindARQ,5,inf,narrow,0.1,2025,2160,0,0,0.0,840.0,7,20,14,13,7,420.0,0,1826,1.4969,4,0,4,34,331
soc_trang,mild,Reactive+blindARQ,6,inf,narrow,0.1,2025,2160,0,0,0.0,1140.0,7,20,19,13,12,720.0,0,1835,0.0002,2,0,2,18,251
soc_trang,mild,Reactive+blindARQ,7,inf,narrow,0.1,2025,2160,0,0,0.0,660.0,7,15,11,8,4,240.0,0,1839,1.2756,4,0,4,37,344
soc_trang,mild,Reactive+blindARQ,8,inf,narrow,0.1,2025,2160,0,0,0.0,480.0,7,9,8,2,1,60.0,0,1831,0.8293,2,0,2,18,252
soc_trang,mild,Reactive+blindARQ,9,inf,narrow,0.1,2025,2160,0,0,0.0,540.0,7,11,9,4,2,120.0,0,1804,1.2199,2,0,2,18,253
soc_trang,mild,FixedSchedule,0,inf,narrow,0.1,2025,2160,0,0,0.0,1500.0,18,30,25,12,7,420.0,0,1861,1.2689,0,0,0,0,0
soc_trang,mild,FixedSchedule,1,inf,narrow,0.1,2025,2160,0,0,0.0,1320.0,18,23,22,5,4,240.0,0,1864,0.4231,0,0,0,0,0
soc_trang,mild,FixedSchedule,2,inf,narrow,0.1,2025,2160,0,0,0.0,1680.0,18,37,28,19,10,600.0,0,1857,0.9879,0,0,0,0,0
soc_trang,mild,FixedSchedule,3,inf,narrow,0.1,2025,2160,0,0,0.0,2040.0,18,45,34,27,16,960.0,0,1824,1.6486,0,0,0,0,0
soc_trang,mild,FixedSchedule,4,inf,narrow,0.1,2025,2160,0,0,0.0,1500.0,18,29,25,11,7,420.0,0,1831,0.8031,0,0,0,0,0
soc_trang,mild,FixedSchedule,5,inf,narrow,0.1,2025,2160,0,0,0.0,1800.0,18,36,30,18,12,720.0,0,1826,1.2298,0,0,0,0,0
soc_trang,mild,FixedSchedule,6,inf,narrow,0.1,2025,2160,0,0,0.0,2160.0,18,41,36,23,18,1080.0,0,1835,0.0012,0,0,0,0,0
soc_trang,mild,FixedSchedule,7,inf,narrow,0.1,2025,2160,0,0,0.0,1560.0,18,34,26,16,8,480.0,0,1839,1.4517,0,0,0,0,0
soc_trang,mild,FixedSchedule,8,inf,narrow,0.1,2025,2160,0,0,0.0,1260.0,18,30,21,12,3,180.0,0,1831,0.8266,0,0,0,0,0
soc_trang,mild,FixedSchedule,9,inf,narrow,0.1,2025,2160,0,0,0.0,1260.0,18,31,21,13,3,180.0,0,1804,1.5768,0,0,0,0,0
soc_trang,mild,Oracle,0,inf,narrow,0.1,2025,2160,0,0,0.0,280.0,14,23,14,9,2,40.0,0,1861,1.291,0,0,0,0,0
soc_trang,mild,Oracle,1,inf,narrow,0.1,2025,2160,0,0,0.0,280.0,14,18,14,4,1,20.0,0,1864,0.8747,0,0,0,0,0
soc_trang,mild,Oracle,2,inf,narrow,0.1,2025,2160,0,0,0.0,280.0,14,15,14,1,7,140.0,0,1857,0.4303,0,0,0,0,0
soc_trang,mild,Oracle,3,inf,narrow,0.1,2025,2160,0,0,0.0,280.0,14,17,14,3,6,120.0,0,1824,0.7454,0,0,0,0,0
soc_trang,mild,Oracle,4,inf,narrow,0.1,2025,2160,0,0,0.0,280.0,14,19,14,5,4,80.0,0,1831,1.0781,0,0,0,0,0
soc_trang,mild,Oracle,5,inf,narrow,0.1,2025,2160,0,0,0.0,280.0,14,18,14,4,7,140.0,0,1826,0.8607,0,0,0,0,0
soc_trang,mild,Oracle,6,inf,narrow,0.1,2025,2160,0,0,0.0,280.0,14,14,14,0,7,140.0,0,1835,0.0,0,0,0,0,0
soc_trang,mild,Oracle,7,inf,narrow,0.1,2025,2160,0,0,0.0,280.0,14,19,14,5,4,80.0,0,1839,0.9623,0,0,0,0,0
soc_trang,mild,Oracle,8,inf,narrow,0.1,2025,2160,0,0,0.0,280.0,14,21,14,7,2,40.0,0,1831,1.238,0,0,0,0,0
soc_trang,mild,Oracle,9,inf,narrow,0.1,2025,2160,0,0,0.0,280.0,14,18,14,4,2,40.0,0,1804,0.8607,0,0,0,0,0
soc_trang,mild,TwinGate+T2+centre,0,inf,narrow,0.1,2025,2160,0,0,0.0,240.0,14,19,12,5,2,40.0,76,1861,1.1386,11,0,11,363,734
soc_trang,mild,TwinGate+T2+centre,1,inf,narrow,0.1,2025,2160,0,0,0.0,240.0,11,13,12,2,1,20.0,79,1864,0.4303,11,1,10,315,770
soc_trang,mild,TwinGate+T2+centre,2,inf,narrow,0.1,2025,2160,0,0,0.0,240.0,8,12,12,4,7,140.0,82,1857,0.0,8,1,7,331,713
soc_trang,mild,TwinGate+T2+centre,3,inf,narrow,0.1,2025,2160,0,0,0.0,260.0,10,15,13,5,6,120.0,80,1824,0.6086,9,1,8,345,648
soc_trang,mild,TwinGate+T2+centre,4,inf,narrow,0.1,2025,2160,0,0,0.0,240.0,11,16,12,5,3,60.0,79,1831,0.8607,10,0,10,222,583
soc_trang,mild,TwinGate+T2+centre,5,inf,narrow,0.1,2025,2160,0,0,0.0,240.0,11,18,12,7,4,80.0,79,1826,1.2172,9,0,9,268,595
soc_trang,mild,TwinGate+T2+centre,6,inf,narrow,0.1,2025,2160,0,0,0.0,240.0,10,16,12,6,5,100.0,80,1835,0.8607,9,1,8,335,697
soc_trang,mild,TwinGate+T2+centre,7,inf,narrow,0.1,2025,2160,0,0,0.0,260.0,11,18,13,7,5,100.0,79,1839,0.9623,9,1,8,310,652
soc_trang,mild,TwinGate+T2+centre,8,inf,narrow,0.1,2025,2160,0,0,0.0,240.0,10,13,12,3,2,40.0,80,1831,0.4303,11,0,10,647,644
soc_trang,mild,TwinGate+T2+centre,9,inf,narrow,0.1,2025,2160,0,0,0.0,240.0,11,13,12,2,2,40.0,79,1804,0.4303,11,1,10,331,734
soc_trang,severe,TwinGate+T2,0,80.0,awd,0.02,2025,2160,122,0,1.9469,80.0,6,13,4,7,0,0.0,84,1861,0.7453,5,4,0,1879,1655
soc_trang,severe,TwinGate+T2,1,80.0,awd,0.02,2025,2160,143,0,3.0526,80.0,4,7,4,3,1,20.0,86,1864,0.0,5,4,0,1780,1583
soc_trang,severe,TwinGate+T2,2,80.0,awd,0.02,2025,2160,143,0,3.014,80.0,5,14,4,9,1,20.0,85,1857,0.9623,5,4,0,1786,1579
soc_trang,severe,TwinGate+T2,3,80.0,awd,0.02,2025,2160,160,0,3.3309,80.0,6,19,4,13,1,20.0,84,1824,1.1386,4,3,0,1825,1554
soc_trang,severe,TwinGate+T2,4,80.0,awd,0.02,2025,2160,116,0,1.6618,80.0,7,22,4,15,0,0.0,83,1831,1.0541,5,4,0,1892,1655
soc_trang,severe,TwinGate+T2,5,80.0,awd,0.02,2025,2160,164,0,3.5978,80.0,3,8,4,5,1,20.0,87,1826,0.4303,4,3,0,1826,1593
soc_trang,severe,TwinGate+T2,6,80.0,awd,0.02,2025,2160,143,0,3.0511,80.0,4,15,4,11,1,20.0,86,1835,0.8607,5,4,0,1782,1583
soc_trang,severe,TwinGate+T2,7,80.0,awd,0.02,2025,2160,122,0,2.0039,80.0,6,21,4,15,0,0.0,84,1839,0.8607,5,4,0,1866,1655
soc_trang,severe,TwinGate+T2,8,80.0,awd,0.02,2025,2160,143,0,3.0535,80.0,4,5,4,1,0,0.0,86,1831,0.4303,5,4,0,1779,1583
soc_trang,severe,TwinGate+T2,9,80.0,awd,0.02,2025,2160,164,0,3.5978,80.0,3,4,4,1,1,20.0,87,1804,0.6082,4,3,0,1823,1592
soc_trang,severe,TwinGate+blindARQ,0,80.0,awd,0.02,2025,2160,142,0,2.971,80.0,4,31,4,27,0,0.0,86,1861,2.2323,5,4,0,1801,1583
soc_trang,severe,TwinGate+blindARQ,1,80.0,awd,0.02,2025,2160,164,0,3.6142,80.0,3,7,4,4,1,20.0,87,1864,0.0,4,3,0,1814,1573
soc_trang,severe,TwinGate+blindARQ,2,80.0,awd,0.02,2025,2160,220,0,4.7581,80.0,2,12,4,10,2,40.0,88,1857,0.9623,3,2,0,1770,1510
soc_trang,severe,TwinGate+blindARQ,3,80.0,awd,0.02,2025,2160,210,0,4.4373,80.0,2,26,4,24,2,40.0,88,1824,2.0255,3,2,0,1751,1515
soc_trang,severe,TwinGate+blindARQ,4,80.0,awd,0.02,2025,2160,164,0,3.6109,80.0,3,12,4,9,1,20.0,87,1831,1.1385,4,3,0,1839,1579
soc_trang,severe,TwinGate+blindARQ,5,80.0,awd,0.02,2025,2160,164,0,3.5978,80.0,3,8,4,5,1,20.0,87,1826,0.4303,4,3,0,1826,1593
soc_trang,severe,TwinGate+blindARQ,6,80.0,awd,0.02,2025,2160,363,0,10.5248,80.0,1,16,4,15,3,60.0,89,1835,0.6657,2,1,0,1779,1499
soc_trang,severe,TwinGate+blindARQ,7,80.0,awd,0.02,2025,2160,217,0,4.5913,80.0,2,18,4,16,2,40.0,88,1839,1.8195,3,2,0,1750,1501
soc_trang,severe,TwinGate+blindARQ,8,80.0,awd,0.02,2025,2160,143,0,3.0535,80.0,4,5,4,1,0,0.0,86,1831,0.4303,5,4,0,1779,1583
soc_trang,severe,TwinGate+blindARQ,9,80.0,awd,0.02,2025,2160,164,0,3.5978,80.0,3,4,4,1,1,20.0,87,1804,0.6082,4,3,0,1823,1592
soc_trang,severe,Reactive+T2,0,80.0,awd,0.02,2025,2160,425,0,14.2252,80.0,2,4,2,2,0,0.0,0,1861,0.0,2,0,1,1702,1439
soc_trang,severe,Reactive+T2,1,80.0,awd,0.02,2025,2160,425,0,14.2612,80.0,2,2,2,0,0,0.0,0,1864,0.0,2,0,1,1700,1437
soc_trang,severe,Reactive+T2,2,80.0,awd,0.02,2025,2160,425,0,14.2612,80.0,2,2,2,0,0,0.0,0,1857,0.4303,2,0,1,1700,1437
soc_trang,severe,Reactive+T2,3,80.0,awd,0.02,2025,2160,248,0,6.4483,80.0,7,22,2,15,0,0.0,0,1824,2.5715,2,1,0,1724,1444
soc_trang,severe,Reactive+T2,4,80.0,awd,0.02,2025,2160,425,0,14.2252,80.0,2,6,2,4,0,0.0,0,1831,0.9218,2,0,1,1702,1441
soc_trang,severe,Reactive+T2,5,80.0,awd,0.02,2025,2160,425,0,14.2612,80.0,2,2,2,0,0,0.0,0,1826,0.6086,2,0,1,1700,1437
soc_trang,severe,Reactive+T2,6,80.0,awd,0.02,2025,2160,399,0,12.5288,80.0,3,6,2,3,1,20.0,0,1835,1.4151,3,0,2,1712,1451
soc_trang,severe,Reactive+T2,7,80.0,awd,0.02,2025,2160,336,0,8.7644,80.0,5,15,2,10,0,0.0,0,1839,2.2571,3,1,1,1734,1460
soc_trang,severe,Reactive+T2,8,80.0,awd,0.02,2025,2160,394,0,11.5971,80.0,5,14,2,9,0,0.0,0,1831,0.7454,3,0,2,1738,1485
soc_trang,severe,Reactive+T2,9,80.0,awd,0.02,2025,2160,421,0,13.6174,80.0,3,6,2,3,0,0.0,0,1804,0.6086,3,0,2,1713,1460
soc_trang,severe,Reactive+blindARQ,0,80.0,awd,0.02,2025,2160,425,0,14.2252,80.0,2,4,2,2,0,0.0,0,1861,0.0,2,0,1,1702,1439
soc_trang,severe,Reactive+blindARQ,1,80.0,awd,0.02,2025,2160,425,0,14.2612,80.0,2,2,2,0,0,0.0,0,1864,0.0,2,0,1,1700,1437
soc_trang,severe,Reactive+blindARQ,2,80.0,awd,0.02,2025,2160,425,0,14.2612,80.0,2,2,2,0,0,0.0,0,1857,0.4303,2,0,1,1700,1437
soc_trang,severe,Reactive+blindARQ,3,80.0,awd,0.02,2025,2160,424,0,14.1667,80.0,2,10,2,8,0,0.0,0,1824,1.7109,2,0,1,1705,1445
soc_trang,severe,Reactive+blindARQ,4,80.0,awd,0.02,2025,2160,425,0,14.2252,80.0,2,6,2,4,0,0.0,0,1831,0.9218,2,0,1,1702,1441
soc_trang,severe,Reactive+blindARQ,5,80.0,awd,0.02,2025,2160,425,0,14.2612,80.0,2,2,2,0,0,0.0,0,1826,0.6086,2,0,1,1700,1437
soc_trang,severe,Reactive+blindARQ,6,80.0,awd,0.02,2025,2160,424,0,14.1411,80.0,2,9,2,7,1,20.0,0,1835,1.8966,2,0,1,1706,1444
soc_trang,severe,Reactive+blindARQ,7,80.0,awd,0.02,2025,2160,424,0,14.182,80.0,2,7,2,5,1,20.0,0,1839,1.3051,2,0,1,1704,1442
soc_trang,severe,Reactive+blindARQ,8,80.0,awd,0.02,2025,2160,425,0,14.2612,80.0,2,6,2,4,0,0.0,0,1831,0.4303,2,0,1,1700,1441
soc_trang,severe,Reactive+blindARQ,9,80.0,awd,0.02,2025,2160,425,0,14.1973,80.0,2,11,2,9,0,0.0,0,1804,1.2908,2,0,1,1700,1446
soc_trang,severe,FixedSchedule,0,80.0,awd,0.02,2025,2160,652,0,34.5632,80.0,2,9,2,7,0,0.0,0,1861,0.0029,2,0,1,1875,1595
soc_trang,severe,FixedSchedule,1,80.0,awd,0.02,2025,2160,652,0,34.5994,80.0,2,3,2,1,0,0.0,0,1864,0.0,2,0,1,1873,1593
soc_trang,severe,FixedSchedule,2,80.0,awd,0.02,2025,2160,652,0,34.5922,80.0,2,4,2,2,0,0.0,0,1857,4.1082,2,0,1,1873,1593
soc_trang,severe,FixedSchedule,3,80.0,awd,0.02,2025,2160,652,0,34.5566,80.0,2,11,2,9,0,0.0,0,1824,6.6724,2,0,1,1878,1599
soc_trang,severe,FixedSchedule,4,80.0,awd,0.02,2025,2160,652,0,34.5744,80.0,2,7,2,5,0,0.0,0,1831,0.0,2,0,1,1875,1595
soc_trang,severe,FixedSchedule,5,80.0,awd,0.02,2025,2160,652,0,34.5487,80.0,2,9,2,7,0,0.0,0,1826,4.1143,2,0,1,1871,1592
soc_trang,severe,FixedSchedule,6,80.0,awd,0.02,2025,2160,652,0,34.5715,80.0,2,9,2,7,0,0.0,0,1835,6.7491,2,0,1,1880,1600
soc_trang,severe,FixedSchedule,7,80.0,awd,0.02,2025,2160,649,0,33.8302,80.0,2,18,2,16,0,0.0,0,1839,6.2376,1,0,0,1861,1591
soc_trang,severe,FixedSchedule,8,80.0,awd,0.02,2025,2160,652,0,34.5685,80.0,2,8,2,6,0,0.0,0,1831,0.0039,2,0,1,1873,1593
soc_trang,severe,FixedSchedule,9,80.0,awd,0.02,2025,2160,649,0,33.8497,80.0,2,13,2,11,0,0.0,0,1804,4.2159,1,0,0,1861,1586
soc_trang,severe,Oracle,0,80.0,awd,0.02,2025,2160,142,0,2.971,80.0,4,31,4,27,0,0.0,0,1861,2.2323,5,4,0,1801,1583
soc_trang,severe,Oracle,1,80.0,awd,0.02,2025,2160,143,0,3.0526,80.0,4,7,4,3,1,20.0,0,1864,0.0,5,4,0,1780,1583
soc_trang,severe,Oracle,2,80.0,awd,0.02,2025,2160,143,0,3.0506,80.0,4,14,4,10,1,20.0,0,1857,1.0541,5,4,0,1778,1583
soc_trang,severe,Oracle,3,80.0,awd,0.02,2025,2160,143,0,3.0432,80.0,4,23,4,19,0,0.0,0,1824,1.3608,5,4,0,1785,1583
soc_trang,severe,Oracle,4,80.0,awd,0.02,2025,2160,143,0,3.0527,80.0,4,15,4,11,0,0.0,0,1831,1.2171,5,4,0,1786,1583
soc_trang,severe,Oracle,5,80.0,awd,0.02,2025,2160,143,0,3.0535,80.0,4,7,4,3,1,20.0,0,1826,0.4303,5,4,0,1781,1583
soc_trang,severe,Oracle,6,80.0,awd,0.02,2025,2160,143,0,3.0511,80.0,4,10,4,6,1,20.0,0,1835,0.6086,5,4,0,1782,1583
soc_trang,severe,Oracle,7,80.0,awd,0.02,2025,2160,142,0,2.9963,80.0,4,27,4,23,0,0.0,0,1839,2.1057,5,4,0,1788,1581
soc_trang,severe,Oracle,8,80.0,awd,0.02,2025,2160,143,0,3.0535,80.0,4,5,4,1,0,0.0,0,1831,0.4303,5,4,0,1779,1583
soc_trang,severe,Oracle,9,80.0,awd,0.02,2025,2160,143,0,3.0535,80.0,4,4,4,0,1,20.0,0,1804,0.6082,5,4,0,1778,1583
soc_trang,severe,TwinGate+T2+centre,0,80.0,awd,0.02,2025,2160,312,0,7.3987,80.0,5,10,4,5,0,0.0,85,1861,0.4303,4,0,3,1653,1442
soc_trang,severe,TwinGate+T2+centre,1,80.0,awd,0.02,2025,2160,321,0,7.7772,80.0,4,7,4,3,1,20.0,86,1864,0.6086,3,0,2,1639,1418
soc_trang,severe,TwinGate+T2+centre,2,80.0,awd,0.02,2025,2160,427,0,14.5893,80.0,2,4,4,2,2,40.0,88,1857,0.6086,2,0,1,1701,1439
soc_trang,severe,TwinGate+T2+centre,3,80.0,awd,0.02,2025,2160,243,0,5.9401,80.0,8,28,4,20,2,40.0,82,1824,1.2909,2,1,0,1700,1465
soc_trang,severe,TwinGate+T2+centre,4,80.0,awd,0.02,2025,2160,312,0,7.3932,80.0,5,17,4,12,0,0.0,85,1831,0.7454,4,0,3,1657,1448
soc_trang,severe,TwinGate+T2+centre,5,80.0,awd,0.02,2025,2160,324,0,8.0179,80.0,3,4,4,1,1,20.0,87,1826,0.4303,2,0,1,1630,1391
soc_trang,severe,TwinGate+T2+centre,6,80.0,awd,0.02,2025,2160,320,0,7.6709,80.0,4,16,4,12,3,60.0,86,1835,1.0541,3,0,2,1661,1422
soc_trang,severe,TwinGate+T2+centre,7,80.0,awd,0.02,2025,2160,248,0,6.4303,80.0,7,26,4,19,1,20.0,83,1839,1.2909,4,1,2,1702,1476
soc_trang,severe,TwinGate+T2+centre,8,80.0,awd,0.02,2025,2160,241,0,5.7054,80.0,9,26,4,17,0,0.0,81,1831,1.2904,4,1,2,1703,1513
soc_trang,severe,TwinGate+T2+centre,9,80.0,awd,0.02,2025,2160,284,0,7.0731,80.0,5,11,4,6,0,0.0,85,1804,0.9623,4,0,3,1670,1460
soc_trang,severe,TwinGate+T2,0,80.0,mid,0.05,2025,2160,237,0,5.2299,80.0,5,11,4,6,0,0.0,85,1861,0.4303,5,1,3,1760,1565
soc_trang,severe,TwinGate+T2,1,80.0,mid,0.05,2025,2160,236,0,5.0945,80.0,5,15,4,10,0,0.0,85,1864,0.7454,5,1,3,1749,1572
soc_trang,severe,TwinGate+T2,2,80.0,mid,0.05,2025,2160,243,0,6.0517,80.0,3,6,4,3,2,40.0,87,1857,0.6527,4,0,3,1727,1499
soc_trang,severe,TwinGate+T2,3,80.0,mid,0.05,2025,2160,207,0,4.2983,80.0,8,26,4,18,1,20.0,82,1824,1.2172,5,2,2,1797,1590
soc_trang,severe,TwinGate+T2,4,80.0,mid,0.05,2025,2160,238,0,5.3601,80.0,4,12,4,8,1,20.0,86,1831,0.6086,4,2,1,1749,1521
soc_trang,severe,TwinGate+T2,5,80.0,mid,0.05,2025,2160,236,0,5.0986,80.0,5,11,4,6,1,20.0,85,1826,0.8607,5,1,3,1745,1568
soc_trang,severe,TwinGate+T2,6,80.0,mid,0.05,2025,2160,480,0,16.9894,80.0,1,4,4,3,3,60.0,89,1835,0.655,2,1,0,1796,1499
soc_trang,severe,TwinGate+T2,7,80.0,mid,0.05,2025,2160,243,0,5.9138,80.0,3,9,4,6,1,20.0,87,1839,0.9621,4,1,2,1729,1506
soc_trang,severe,TwinGate+T2,8,80.0,mid,0.05,2025,2160,238,0,5.4231,80.0,4,8,4,4,0,0.0,86,1831,0.4303,5,1,3,1745,1568
soc_trang,severe,TwinGate+T2,9,80.0,mid,0.05,2025,2160,238,0,5.4227,80.0,4,10,4,6,1,20.0,86,1804,0.6086,5,1,3,1745,1568
soc_trang,severe,TwinGate+blindARQ,0,80.0,mid,0.05,2025,2160,238,0,5.4197,80.0,4,11,4,7,0,0.0,86,1861,0.4303,5,1,3,1747,1569
soc_trang,severe,TwinGate+blindARQ,1,80.0,mid,0.05,2025,2160,243,0,5.9156,80.0,3,12,4,9,1,20.0,87,1864,1.0541,4,1,2,1728,1505
soc_trang,severe,TwinGate+blindARQ,2,80.0,mid,0.05,2025,2160,330,0,8.5139,80.0,2,6,4,4,2,40.0,88,1857,0.6527,3,0,2,1747,1481
soc_trang,severe,TwinGate+blindARQ,3,80.0,mid,0.05,2025,2160,330,0,8.5139,80.0,2,14,4,12,2,40.0,88,1824,1.4907,3,1,1,1761,1509
soc_trang,severe,TwinGate+blindARQ,4,80.0,mid,0.05,2025,2160,242,0,5.8375,80.0,3,10,4,7,1,20.0,87,1831,0.7454,4,1,2,1739,1505
soc_trang,severe,TwinGate+blindARQ,5,80.0,mid,0.05,2025,2160,243,0,5.9519,80.0,3,11,4,8,1,20.0,87,1826,0.8789,4,1,2,1730,1504
soc_trang,severe,TwinGate+blindARQ,6,80.0,mid,0.05,2025,2160,480,0,16.9894,80.0,1,4,4,3,3,60.0,89,1835,0.655,2,1,0,1796,1499
soc_trang,severe,TwinGate+blindARQ,7,80.0,mid,0.05,2025,2160,245,0,6.1403,80.0,2,20,4,18,2,40.0,88,1839,2.1196,3,1,1,1717,1465
soc_trang,severe,TwinGate+blindARQ,8,80.0,mid,0.05,2025,2160,238,0,5.4231,80.0,4,8,4,4,0,0.0,86,1831,0.4303,5,1,3,1745,1568
soc_trang,severe,TwinGate+blindARQ,9,80.0,mid,0.05,2025,2160,243,0,5.9598,80.0,3,7,4,4,1,20.0,87,1804,0.6086,4,1,2,1729,1502
soc_trang,severe,Reactive+T2,0,80.0,mid,0.05,2025,2160,425,0,14.2252,80.0,2,4,2,2,0,0.0,0,1861,0.0,2,0,1,1702,1439
soc_trang,severe,Reactive+T2,1,80.0,mid,0.05,2025,2160,425,0,14.2612,80.0,2,2,2,0,0,0.0,0,1864,0.0,2,0,1,1700,1437
soc_trang,severe,Reactive+T2,2,80.0,mid,0.05,2025,2160,425,0,14.2612,80.0,2,2,2,0,0,0.0,0,1857,0.4303,2,0,1,1700,1437
soc_trang,severe,Reactive+T2,3,80.0,mid,0.05,2025,2160,248,0,6.4483,80.0,7,22,2,15,0,0.0,0,1824,2.5715,2,1,0,1724,1444
soc_trang,severe,Reactive+T2,4,80.0,mid,0.05,2025,2160,425,0,14.2252,80.0,2,6,2,4,0,0.0,0,1831,0.9218,2,0,1,1702,1441
soc_trang,severe,Reactive+T2,5,80.0,mid,0.05,2025,2160,425,0,14.2612,80.0,2,2,2,0,0,0.0,0,1826,0.6086,2,0,1,1700,1437
soc_trang,severe,Reactive+T2,6,80.0,mid,0.05,2025,2160,399,0,12.5288,80.0,3,6,2,3,1,20.0,0,1835,1.4151,3,0,2,1712,1451
soc_trang,severe,Reactive+T2,7,80.0,mid,0.05,2025,2160,336,0,8.7644,80.0,5,15,2,10,0,0.0,0,1839,2.2571,3,1,1,1734,1460
soc_trang,severe,Reactive+T2,8,80.0,mid,0.05,2025,2160,394,0,11.5971,80.0,5,14,2,9,0,0.0,0,1831,0.7454,3,0,2,1738,1485
soc_trang,severe,Reactive+T2,9,80.0,mid,0.05,2025,2160,421,0,13.6174,80.0,3,6,2,3,0,0.0,0,1804,0.6086,3,0,2,1713,1460
soc_trang,severe,Reactive+blindARQ,0,80.0,mid,0.05,2025,2160,425,0,14.2252,80.0,2,4,2,2,0,0.0,0,1861,0.0,2,0,1,1702,1439
soc_trang,severe,Reactive+blindARQ,1,80.0,mid,0.05,2025,2160,425,0,14.2612,80.0,2,2,2,0,0,0.0,0,1864,0.0,2,0,1,1700,1437
soc_trang,severe,Reactive+blindARQ,2,80.0,mid,0.05,2025,2160,425,0,14.2612,80.0,2,2,2,0,0,0.0,0,1857,0.4303,2,0,1,1700,1437
soc_trang,severe,Reactive+blindARQ,3,80.0,mid,0.05,2025,2160,424,0,14.1667,80.0,2,10,2,8,0,0.0,0,1824,1.7109,2,0,1,1705,1445
soc_trang,severe,Reactive+blindARQ,4,80.0,mid,0.05,2025,2160,425,0,14.2252,80.0,2,6,2,4,0,0.0,0,1831,0.9218,2,0,1,1702,1441
soc_trang,severe,Reactive+blindARQ,5,80.0,mid,0.05,2025,2160,425,0,14.2612,80.0,2,2,2,0,0,0.0,0,1826,0.6086,2,0,1,1700,1437
soc_trang,severe,Reactive+blindARQ,6,80.0,mid,0.05,2025,2160,424,0,14.1411,80.0,2,9,2,7,1,20.0,0,1835,1.8966,2,0,1,1706,1444
soc_trang,severe,Reactive+blindARQ,7,80.0,mid,0.05,2025,2160,424,0,14.182,80.0,2,7,2,5,1,20.0,0,1839,1.3051,2,0,1,1704,1442
soc_trang,severe,Reactive+blindARQ,8,80.0,mid,0.05,2025,2160,425,0,14.2612,80.0,2,6,2,4,0,0.0,0,1831,0.4303,2,0,1,1700,1441
soc_trang,severe,Reactive+blindARQ,9,80.0,mid,0.05,2025,2160,425,0,14.1973,80.0,2,11,2,9,0,0.0,0,1804,1.2908,2,0,1,1700,1446
soc_trang,severe,FixedSchedule,0,80.0,mid,0.05,2025,2160,652,0,34.5632,80.0,2,9,2,7,0,0.0,0,1861,0.0029,2,0,1,1875,1595
soc_trang,severe,FixedSchedule,1,80.0,mid,0.05,2025,2160,652,0,34.5994,80.0,2,3,2,1,0,0.0,0,1864,0.0,2,0,1,1873,1593
soc_trang,severe,FixedSchedule,2,80.0,mid,0.05,2025,2160,652,0,34.5922,80.0,2,4,2,2,0,0.0,0,1857,4.1082,2,0,1,1873,1593
soc_trang,severe,FixedSchedule,3,80.0,mid,0.05,2025,2160,652,0,34.5566,80.0,2,11,2,9,0,0.0,0,1824,6.6724,2,0,1,1878,1599
soc_trang,severe,FixedSchedule,4,80.0,mid,0.05,2025,2160,652,0,34.5744,80.0,2,7,2,5,0,0.0,0,1831,0.0,2,0,1,1875,1595
soc_trang,severe,FixedSchedule,5,80.0,mid,0.05,2025,2160,652,0,34.5487,80.0,2,9,2,7,0,0.0,0,1826,4.1143,2,0,1,1871,1592
soc_trang,severe,FixedSchedule,6,80.0,mid,0.05,2025,2160,652,0,34.5715,80.0,2,9,2,7,0,0.0,0,1835,6.7491,2,0,1,1880,1600
soc_trang,severe,FixedSchedule,7,80.0,mid,0.05,2025,2160,649,0,33.8302,80.0,2,18,2,16,0,0.0,0,1839,6.2376,1,0,0,1861,1591
soc_trang,severe,FixedSchedule,8,80.0,mid,0.05,2025,2160,652,0,34.5685,80.0,2,8,2,6,0,0.0,0,1831,0.0039,2,0,1,1873,1593
soc_trang,severe,FixedSchedule,9,80.0,mid,0.05,2025,2160,649,0,33.8497,80.0,2,13,2,11,0,0.0,0,1804,4.2159,1,0,0,1861,1586
soc_trang,severe,Oracle,0,80.0,mid,0.05,2025,2160,142,0,2.971,80.0,4,31,4,27,0,0.0,0,1861,2.2323,5,4,0,1801,1583
soc_trang,severe,Oracle,1,80.0,mid,0.05,2025,2160,143,0,3.0526,80.0,4,7,4,3,1,20.0,0,1864,0.0,5,4,0,1780,1583
soc_trang,severe,Oracle,2,80.0,mid,0.05,2025,2160,143,0,3.0506,80.0,4,14,4,10,1,20.0,0,1857,1.0541,5,4,0,1778,1583
soc_trang,severe,Oracle,3,80.0,mid,0.05,2025,2160,143,0,3.0432,80.0,4,23,4,19,0,0.0,0,1824,1.3608,5,4,0,1785,1583
soc_trang,severe,Oracle,4,80.0,mid,0.05,2025,2160,143,0,3.0527,80.0,4,15,4,11,0,0.0,0,1831,1.2171,5,4,0,1786,1583
soc_trang,severe,Oracle,5,80.0,mid,0.05,2025,2160,143,0,3.0535,80.0,4,7,4,3,1,20.0,0,1826,0.4303,5,4,0,1781,1583
soc_trang,severe,Oracle,6,80.0,mid,0.05,2025,2160,143,0,3.0511,80.0,4,10,4,6,1,20.0,0,1835,0.6086,5,4,0,1782,1583
soc_trang,severe,Oracle,7,80.0,mid,0.05,2025,2160,142,0,2.9963,80.0,4,27,4,23,0,0.0,0,1839,2.1057,5,4,0,1788,1581
soc_trang,severe,Oracle,8,80.0,mid,0.05,2025,2160,143,0,3.0535,80.0,4,5,4,1,0,0.0,0,1831,0.4303,5,4,0,1779,1583
soc_trang,severe,Oracle,9,80.0,mid,0.05,2025,2160,143,0,3.0535,80.0,4,4,4,0,1,20.0,0,1804,0.6082,5,4,0,1778,1583
soc_trang,severe,TwinGate+T2+centre,0,80.0,mid,0.05,2025,2160,312,0,7.3987,80.0,5,10,4,5,0,0.0,85,1861,0.4303,4,0,3,1653,1442
soc_trang,severe,TwinGate+T2+centre,1,80.0,mid,0.05,2025,2160,321,0,7.7772,80.0,4,7,4,3,1,20.0,86,1864,0.6086,3,0,2,1639,1418
soc_trang,severe,TwinGate+T2+centre,2,80.0,mid,0.05,2025,2160,427,0,14.5893,80.0,2,4,4,2,2,40.0,88,1857,0.6086,2,0,1,1701,1439
soc_trang,severe,TwinGate+T2+centre,3,80.0,mid,0.05,2025,2160,243,0,5.9401,80.0,8,28,4,20,2,40.0,82,1824,1.2909,2,1,0,1700,1465
soc_trang,severe,TwinGate+T2+centre,4,80.0,mid,0.05,2025,2160,312,0,7.3932,80.0,5,17,4,12,0,0.0,85,1831,0.7454,4,0,3,1657,1448
soc_trang,severe,TwinGate+T2+centre,5,80.0,mid,0.05,2025,2160,324,0,8.0179,80.0,3,4,4,1,1,20.0,87,1826,0.4303,2,0,1,1630,1391
soc_trang,severe,TwinGate+T2+centre,6,80.0,mid,0.05,2025,2160,320,0,7.6709,80.0,4,16,4,12,3,60.0,86,1835,1.0541,3,0,2,1661,1422
soc_trang,severe,TwinGate+T2+centre,7,80.0,mid,0.05,2025,2160,248,0,6.4303,80.0,7,26,4,19,1,20.0,83,1839,1.2909,4,1,2,1702,1476
soc_trang,severe,TwinGate+T2+centre,8,80.0,mid,0.05,2025,2160,241,0,5.7054,80.0,9,26,4,17,0,0.0,81,1831,1.2904,4,1,2,1703,1513
soc_trang,severe,TwinGate+T2+centre,9,80.0,mid,0.05,2025,2160,284,0,7.0731,80.0,5,11,4,6,0,0.0,85,1804,0.9623,4,0,3,1670,1460
soc_trang,severe,TwinGate+T2,0,80.0,narrow,0.1,2025,2160,241,0,5.7515,80.0,7,16,4,9,0,0.0,83,1861,0.962,5,0,4,1720,1535
soc_trang,severe,TwinGate+T2,1,80.0,narrow,0.1,2025,2160,267,0,6.6444,80.0,4,13,4,9,1,20.0,86,1864,0.6086,4,0,3,1686,1481
soc_trang,severe,TwinGate+T2,2,80.0,narrow,0.1,2025,2160,248,0,6.4557,80.0,4,11,4,7,1,20.0,86,1857,0.7452,4,0,3,1705,1477
soc_trang,severe,TwinGate+T2,3,80.0,narrow,0.1,2025,2160,272,0,7.8197,80.0,8,27,3,19,1,20.0,82,1824,1.3607,3,2,0,1709,1456
soc_trang,severe,TwinGate+T2,4,80.0,narrow,0.1,2025,2160,270,0,8.1766,80.0,5,16,3,11,1,20.0,85,1831,0.962,3,1,1,1753,1484
soc_trang,severe,TwinGate+T2,5,80.0,narrow,0.1,2025,2160,265,0,6.5442,80.0,4,11,4,7,1,20.0,86,1826,0.0,5,0,4,1698,1512
soc_trang,severe,TwinGate+T2,6,80.0,narrow,0.1,2025,2160,279,0,7.022,80.0,3,10,4,7,2,40.0,87,1835,0.7454,4,0,3,1680,1468
soc_trang,severe,TwinGate+T2,7,80.0,narrow,0.1,2025,2160,245,0,6.2779,80.0,5,20,4,15,1,20.0,85,1839,1.1384,4,1,2,1725,1499
soc_trang,severe,TwinGate+T2,8,80.0,narrow,0.1,2025,2160,241,0,5.6442,80.0,7,18,4,11,0,0.0,83,1831,1.0536,5,0,4,1720,1553
soc_trang,severe,TwinGate+T2,9,80.0,narrow,0.1,2025,2160,297,0,7.1445,80.0,3,6,4,3,1,20.0,87,1804,0.4303,4,0,3,1678,1448
soc_trang,severe,TwinGate+blindARQ,0,80.0,narrow,0.1,2025,2160,245,0,6.2634,80.0,4,27,4,23,0,0.0,86,1861,2.4594,5,0,4,1710,1524
soc_trang,severe,TwinGate+blindARQ,1,80.0,narrow,0.1,2025,2160,274,0,6.897,80.0,3,19,4,16,1,20.0,87,1864,1.291,4,0,3,1676,1478
soc_trang,severe,TwinGate+blindARQ,2,80.0,narrow,0.1,2025,2160,398,0,12.0793,80.0,2,15,4,13,2,40.0,88,1857,1.2171,3,0,2,1718,1465
soc_trang,severe,TwinGate+blindARQ,3,80.0,narrow,0.1,2025,2160,398,0,12.2969,80.0,2,8,4,6,2,40.0,88,1824,0.7454,3,0,2,1719,1466
soc_trang,severe,TwinGate+blindARQ,4,80.0,narrow,0.1,2025,2160,268,0,6.6845,80.0,3,10,4,7,1,20.0,87,1831,0.6086,4,0,3,1704,1470
soc_trang,severe,TwinGate+blindARQ,5,80.0,narrow,0.1,2025,2160,297,0,7.1432,80.0,3,14,4,11,1,20.0,87,1826,0.9623,4,0,3,1681,1451
soc_trang,severe,TwinGate+blindARQ,6,80.0,narrow,0.1,2025,2160,518,0,20.3239,80.0,1,22,4,21,3,60.0,89,1835,1.692,2,0,1,1771,1478
soc_trang,severe,TwinGate+blindARQ,7,80.0,narrow,0.1,2025,2160,309,0,7.3107,80.0,2,12,4,10,2,40.0,88,1839,1.1072,3,0,2,1689,1418
soc_trang,severe,TwinGate+blindARQ,8,80.0,narrow,0.1,2025,2160,245,0,6.3,80.0,4,24,4,20,0,0.0,86,1831,2.1015,5,0,4,1708,1522
soc_trang,severe,TwinGate+blindARQ,9,80.0,narrow,0.1,2025,2160,297,0,7.1445,80.0,3,6,4,3,1,20.0,87,1804,0.4303,4,0,3,1678,1448
soc_trang,severe,Reactive+T2,0,80.0,narrow,0.1,2025,2160,425,0,14.2252,80.0,2,4,2,2,0,0.0,0,1861,0.0,2,0,1,1702,1439
soc_trang,severe,Reactive+T2,1,80.0,narrow,0.1,2025,2160,425,0,14.2612,80.0,2,2,2,0,0,0.0,0,1864,0.0,2,0,1,1700,1437
soc_trang,severe,Reactive+T2,2,80.0,narrow,0.1,2025,2160,425,0,14.2612,80.0,2,2,2,0,0,0.0,0,1857,0.4303,2,0,1,1700,1437
soc_trang,severe,Reactive+T2,3,80.0,narrow,0.1,2025,2160,248,0,6.4483,80.0,7,22,2,15,0,0.0,0,1824,2.5715,2,1,0,1724,1444
soc_trang,severe,Reactive+T2,4,80.0,narrow,0.1,2025,2160,425,0,14.2252,80.0,2,6,2,4,0,0.0,0,1831,0.9218,2,0,1,1702,1441
soc_trang,severe,Reactive+T2,5,80.0,narrow,0.1,2025,2160,425,0,14.2612,80.0,2,2,2,0,0,0.0,0,1826,0.6086,2,0,1,1700,1437
soc_trang,severe,Reactive+T2,6,80.0,narrow,0.1,2025,2160,399,0,12.5288,80.0,3,6,2,3,1,20.0,0,1835,1.4151,3,0,2,1712,1451
soc_trang,severe,Reactive+T2,7,80.0,narrow,0.1,2025,2160,336,0,8.7644,80.0,5,15,2,10,0,0.0,0,1839,2.2571,3,1,1,1734,1460
soc_trang,severe,Reactive+T2,8,80.0,narrow,0.1,2025,2160,394,0,11.5971,80.0,5,14,2,9,0,0.0,0,1831,0.7454,3,0,2,1738,1485
soc_trang,severe,Reactive+T2,9,80.0,narrow,0.1,2025,2160,421,0,13.6174,80.0,3,6,2,3,0,0.0,0,1804,0.6086,3,0,2,1713,1460
soc_trang,severe,Reactive+blindARQ,0,80.0,narrow,0.1,2025,2160,425,0,14.2252,80.0,2,4,2,2,0,0.0,0,1861,0.0,2,0,1,1702,1439
soc_trang,severe,Reactive+blindARQ,1,80.0,narrow,0.1,2025,2160,425,0,14.2612,80.0,2,2,2,0,0,0.0,0,1864,0.0,2,0,1,1700,1437
soc_trang,severe,Reactive+blindARQ,2,80.0,narrow,0.1,2025,2160,425,0,14.2612,80.0,2,2,2,0,0,0.0,0,1857,0.4303,2,0,1,1700,1437
soc_trang,severe,Reactive+blindARQ,3,80.0,narrow,0.1,2025,2160,424,0,14.1667,80.0,2,10,2,8,0,0.0,0,1824,1.7109,2,0,1,1705,1445
soc_trang,severe,Reactive+blindARQ,4,80.0,narrow,0.1,2025,2160,425,0,14.2252,80.0,2,6,2,4,0,0.0,0,1831,0.9218,2,0,1,1702,1441
soc_trang,severe,Reactive+blindARQ,5,80.0,narrow,0.1,2025,2160,425,0,14.2612,80.0,2,2,2,0,0,0.0,0,1826,0.6086,2,0,1,1700,1437
soc_trang,severe,Reactive+blindARQ,6,80.0,narrow,0.1,2025,2160,424,0,14.1411,80.0,2,9,2,7,1,20.0,0,1835,1.8966,2,0,1,1706,1444
soc_trang,severe,Reactive+blindARQ,7,80.0,narrow,0.1,2025,2160,424,0,14.182,80.0,2,7,2,5,1,20.0,0,1839,1.3051,2,0,1,1704,1442
soc_trang,severe,Reactive+blindARQ,8,80.0,narrow,0.1,2025,2160,425,0,14.2612,80.0,2,6,2,4,0,0.0,0,1831,0.4303,2,0,1,1700,1441
soc_trang,severe,Reactive+blindARQ,9,80.0,narrow,0.1,2025,2160,425,0,14.1973,80.0,2,11,2,9,0,0.0,0,1804,1.2908,2,0,1,1700,1446
soc_trang,severe,FixedSchedule,0,80.0,narrow,0.1,2025,2160,652,0,34.5632,80.0,2,9,2,7,0,0.0,0,1861,0.0029,2,0,1,1875,1595
soc_trang,severe,FixedSchedule,1,80.0,narrow,0.1,2025,2160,652,0,34.5994,80.0,2,3,2,1,0,0.0,0,1864,0.0,2,0,1,1873,1593
soc_trang,severe,FixedSchedule,2,80.0,narrow,0.1,2025,2160,652,0,34.5922,80.0,2,4,2,2,0,0.0,0,1857,4.1082,2,0,1,1873,1593
soc_trang,severe,FixedSchedule,3,80.0,narrow,0.1,2025,2160,652,0,34.5566,80.0,2,11,2,9,0,0.0,0,1824,6.6724,2,0,1,1878,1599
soc_trang,severe,FixedSchedule,4,80.0,narrow,0.1,2025,2160,652,0,34.5744,80.0,2,7,2,5,0,0.0,0,1831,0.0,2,0,1,1875,1595
soc_trang,severe,FixedSchedule,5,80.0,narrow,0.1,2025,2160,652,0,34.5487,80.0,2,9,2,7,0,0.0,0,1826,4.1143,2,0,1,1871,1592
soc_trang,severe,FixedSchedule,6,80.0,narrow,0.1,2025,2160,652,0,34.5715,80.0,2,9,2,7,0,0.0,0,1835,6.7491,2,0,1,1880,1600
soc_trang,severe,FixedSchedule,7,80.0,narrow,0.1,2025,2160,649,0,33.8302,80.0,2,18,2,16,0,0.0,0,1839,6.2376,1,0,0,1861,1591
soc_trang,severe,FixedSchedule,8,80.0,narrow,0.1,2025,2160,652,0,34.5685,80.0,2,8,2,6,0,0.0,0,1831,0.0039,2,0,1,1873,1593
soc_trang,severe,FixedSchedule,9,80.0,narrow,0.1,2025,2160,649,0,33.8497,80.0,2,13,2,11,0,0.0,0,1804,4.2159,1,0,0,1861,1586
soc_trang,severe,Oracle,0,80.0,narrow,0.1,2025,2160,142,0,2.971,80.0,4,31,4,27,0,0.0,0,1861,2.2323,5,4,0,1801,1583
soc_trang,severe,Oracle,1,80.0,narrow,0.1,2025,2160,143,0,3.0526,80.0,4,7,4,3,1,20.0,0,1864,0.0,5,4,0,1780,1583
soc_trang,severe,Oracle,2,80.0,narrow,0.1,2025,2160,143,0,3.0506,80.0,4,14,4,10,1,20.0,0,1857,1.0541,5,4,0,1778,1583
soc_trang,severe,Oracle,3,80.0,narrow,0.1,2025,2160,143,0,3.0432,80.0,4,23,4,19,0,0.0,0,1824,1.3608,5,4,0,1785,1583
soc_trang,severe,Oracle,4,80.0,narrow,0.1,2025,2160,143,0,3.0527,80.0,4,15,4,11,0,0.0,0,1831,1.2171,5,4,0,1786,1583
soc_trang,severe,Oracle,5,80.0,narrow,0.1,2025,2160,143,0,3.0535,80.0,4,7,4,3,1,20.0,0,1826,0.4303,5,4,0,1781,1583
soc_trang,severe,Oracle,6,80.0,narrow,0.1,2025,2160,143,0,3.0511,80.0,4,10,4,6,1,20.0,0,1835,0.6086,5,4,0,1782,1583
soc_trang,severe,Oracle,7,80.0,narrow,0.1,2025,2160,142,0,2.9963,80.0,4,27,4,23,0,0.0,0,1839,2.1057,5,4,0,1788,1581
soc_trang,severe,Oracle,8,80.0,narrow,0.1,2025,2160,143,0,3.0535,80.0,4,5,4,1,0,0.0,0,1831,0.4303,5,4,0,1779,1583
soc_trang,severe,Oracle,9,80.0,narrow,0.1,2025,2160,143,0,3.0535,80.0,4,4,4,0,1,20.0,0,1804,0.6082,5,4,0,1778,1583
soc_trang,severe,TwinGate+T2+centre,0,80.0,narrow,0.1,2025,2160,241,0,5.7515,80.0,7,16,4,9,0,0.0,83,1861,0.962,5,0,4,1720,1535
soc_trang,severe,TwinGate+T2+centre,1,80.0,narrow,0.1,2025,2160,267,0,6.6444,80.0,4,13,4,9,1,20.0,86,1864,0.6086,4,0,3,1686,1481
soc_trang,severe,TwinGate+T2+centre,2,80.0,narrow,0.1,2025,2160,248,0,6.4557,80.0,4,11,4,7,1,20.0,86,1857,0.7452,4,0,3,1705,1477
soc_trang,severe,TwinGate+T2+centre,3,80.0,narrow,0.1,2025,2160,272,0,7.8197,80.0,8,27,3,19,1,20.0,82,1824,1.3607,3,2,0,1709,1456
soc_trang,severe,TwinGate+T2+centre,4,80.0,narrow,0.1,2025,2160,270,0,8.1766,80.0,5,16,3,11,1,20.0,85,1831,0.962,3,1,1,1753,1484
soc_trang,severe,TwinGate+T2+centre,5,80.0,narrow,0.1,2025,2160,265,0,6.5442,80.0,4,11,4,7,1,20.0,86,1826,0.0,5,0,4,1698,1512
soc_trang,severe,TwinGate+T2+centre,6,80.0,narrow,0.1,2025,2160,279,0,7.022,80.0,3,10,4,7,2,40.0,87,1835,0.7454,4,0,3,1680,1468
soc_trang,severe,TwinGate+T2+centre,7,80.0,narrow,0.1,2025,2160,245,0,6.2779,80.0,5,20,4,15,1,20.0,85,1839,1.1384,4,1,2,1725,1499
soc_trang,severe,TwinGate+T2+centre,8,80.0,narrow,0.1,2025,2160,241,0,5.6442,80.0,7,18,4,11,0,0.0,83,1831,1.0536,5,0,4,1720,1553
soc_trang,severe,TwinGate+T2+centre,9,80.0,narrow,0.1,2025,2160,297,0,7.1445,80.0,3,6,4,3,1,20.0,87,1804,0.4303,4,0,3,1678,1448
soc_trang,severe,TwinGate+T2,0,160.0,awd,0.02,2025,2160,0,0,0.0,120.0,9,22,6,13,0,0.0,81,1861,0.8606,7,6,0,1814,1613
soc_trang,severe,TwinGate+T2,1,160.0,awd,0.02,2025,2160,0,0,0.0,140.0,8,21,7,13,1,20.0,82,1864,0.6085,8,7,0,1543,1462
soc_trang,severe,TwinGate+T2,2,160.0,awd,0.02,2025,2160,0,0,0.0,140.0,8,26,7,18,2,40.0,82,1857,1.291,7,6,0,1529,1397
soc_trang,severe,TwinGate+T2,3,160.0,awd,0.02,2025,2160,0,0,0.0,160.0,8,27,8,19,3,60.0,82,1824,1.291,6,5,0,1514,1260
soc_trang,severe,TwinGate+T2,4,160.0,awd,0.02,2025,2160,11,0,0.0504,120.0,9,24,6,15,0,0.0,81,1831,1.0541,7,6,0,1823,1613
soc_trang,severe,TwinGate+T2,5,160.0,awd,0.02,2025,2160,0,0,0.0,140.0,6,19,7,13,2,40.0,84,1826,1.1386,6,5,0,1626,1420
soc_trang,severe,TwinGate+T2,6,160.0,awd,0.02,2025,2160,0,0,0.0,140.0,7,25,7,18,2,40.0,83,1835,1.1386,7,6,0,1502,1391
soc_trang,severe,TwinGate+T2,7,160.0,awd,0.02,2025,2160,0,0,0.0,120.0,8,26,6,18,0,0.0,82,1839,0.8607,7,6,0,1775,1614
soc_trang,severe,TwinGate+T2,8,160.0,awd,0.02,2025,2160,0,0,0.0,140.0,6,12,7,6,1,20.0,84,1831,0.4303,7,6,0,1622,1450
soc_trang,severe,TwinGate+T2,9,160.0,awd,0.02,2025,2160,1,0,0.0012,160.0,11,29,8,18,2,40.0,79,1804,1.427,6,6,0,1207,1411
soc_trang,severe,TwinGate+blindARQ,0,160.0,awd,0.02,2025,2160,0,0,0.0,140.0,7,45,7,38,0,0.0,83,1861,2.5426,8,7,0,1663,1534
soc_trang,severe,TwinGate+blindARQ,1,160.0,awd,0.02,2025,2160,0,0,0.0,140.0,6,21,7,15,1,20.0,84,1864,1.054,7,6,0,1746,1527
soc_trang,severe,TwinGate+blindARQ,2,160.0,awd,0.02,2025,2160,0,0,0.0,160.0,3,32,8,29,5,100.0,87,1857,1.3335,4,3,0,1470,1239
soc_trang,severe,TwinGate+blindARQ,3,160.0,awd,0.02,2025,2160,0,0,0.0,160.0,4,38,8,34,4,80.0,86,1824,2.1149,5,4,0,1447,1254
soc_trang,severe,TwinGate+blindARQ,4,160.0,awd,0.02,2025,2160,0,0,0.0,160.0,6,17,8,11,2,40.0,84,1831,1.2171,7,6,0,1541,1298
soc_trang,severe,TwinGate+blindARQ,5,160.0,awd,0.02,2025,2160,0,0,0.0,160.0,5,20,8,15,3,60.0,85,1826,0.9373,6,5,0,1516,1302
soc_trang,severe,TwinGate+blindARQ,6,160.0,awd,0.02,2025,2160,25,0,0.2558,160.0,3,26,8,23,5,100.0,87,1835,0.8561,4,3,0,1496,1279
soc_trang,severe,TwinGate+blindARQ,7,160.0,awd,0.02,2025,2160,0,0,0.0,160.0,5,32,8,27,3,60.0,85,1839,2.0583,6,5,0,1412,1207
soc_trang,severe,TwinGate+blindARQ,8,160.0,awd,0.02,2025,2160,0,0,0.0,140.0,6,12,7,6,1,20.0,84,1831,0.4303,7,6,0,1622,1450
soc_trang,severe,TwinGate+blindARQ,9,160.0,awd,0.02,2025,2160,0,0,0.0,160.0,6,22,8,16,2,40.0,84,1804,1.7741,7,6,0,1525,1310
soc_trang,severe,Reactive+T2,0,160.0,awd,0.02,2025,2160,145,0,3.2853,160.0,3,5,3,2,0,0.0,0,1861,0.0,3,0,2,1358,1184
soc_trang,severe,Reactive+T2,1,160.0,awd,0.02,2025,2160,145,0,3.2104,160.0,4,10,3,6,0,0.0,0,1864,0.8607,3,0,2,1379,1179
soc_trang,severe,Reactive+T2,2,160.0,awd,0.02,2025,2160,145,0,3.2852,160.0,3,4,3,1,0,0.0,0,1857,1.2416,3,0,2,1357,1183
soc_trang,severe,Reactive+T2,3,160.0,awd,0.02,2025,2160,104,0,1.5689,160.0,8,23,3,15,1,40.0,0,1824,2.8128,2,1,0,1385,1118
soc_trang,severe,Reactive+T2,4,160.0,awd,0.02,2025,2160,145,0,3.2852,160.0,3,9,3,6,0,0.0,0,1831,0.9218,3,0,2,1359,1187
soc_trang,severe,Reactive+T2,5,160.0,awd,0.02,2025,2160,145,0,3.2115,160.0,4,7,3,3,0,0.0,0,1826,1.5305,3,0,2,1376,1177
soc_trang,severe,Reactive+T2,6,160.0,awd,0.02,2025,2160,142,0,2.9827,160.0,4,10,3,6,2,100.0,0,1835,1.8441,4,0,3,1381,1156
soc_trang,severe,Reactive+T2,7,160.0,awd,0.02,2025,2160,123,0,2.118,160.0,6,22,3,16,0,0.0,0,1839,2.2571,3,1,1,1373,1137
soc_trang,severe,Reactive+T2,8,160.0,awd,0.02,2025,2160,122,0,2.0023,160.0,7,19,3,12,0,0.0,0,1831,1.8982,4,0,3,1348,1153
soc_trang,severe,Reactive+T2,9,160.0,awd,0.02,2025,2160,142,0,2.9827,160.0,4,7,3,3,1,40.0,0,1804,1.3262,4,0,3,1363,1154
soc_trang,severe,Reactive+blindARQ,0,160.0,awd,0.02,2025,2160,145,0,3.2853,160.0,3,5,3,2,0,0.0,0,1861,0.0,3,0,2,1358,1184
soc_trang,severe,Reactive+blindARQ,1,160.0,awd,0.02,2025,2160,145,0,3.2844,160.0,3,10,3,7,0,0.0,0,1864,1.7213,3,0,2,1363,1189
soc_trang,severe,Reactive+blindARQ,2,160.0,awd,0.02,2025,2160,145,0,3.2852,160.0,3,4,3,1,0,0.0,0,1857,1.2416,3,0,2,1357,1183
soc_trang,severe,Reactive+blindARQ,3,160.0,awd,0.02,2025,2160,145,0,3.2853,160.0,3,11,3,8,1,40.0,0,1824,2.2095,3,0,2,1362,1190
soc_trang,severe,Reactive+blindARQ,4,160.0,awd,0.02,2025,2160,311,0,7.3401,160.0,2,12,3,10,1,60.0,0,1831,0.9218,2,0,1,1629,1367
soc_trang,severe,Reactive+blindARQ,5,160.0,awd,0.02,2025,2160,145,0,3.2851,160.0,3,8,3,5,0,0.0,0,1826,1.7568,3,0,2,1361,1187
soc_trang,severe,Reactive+blindARQ,6,160.0,awd,0.02,2025,2160,286,0,7.0911,160.0,2,13,3,11,2,100.0,0,1835,2.0366,2,0,1,1632,1351
soc_trang,severe,Reactive+blindARQ,7,160.0,awd,0.02,2025,2160,307,0,7.2506,160.0,2,11,3,9,1,60.0,0,1839,1.5634,2,0,1,1631,1367
soc_trang,severe,Reactive+blindARQ,8,160.0,awd,0.02,2025,2160,145,0,3.2852,160.0,3,8,3,5,0,0.0,0,1831,0.8949,3,0,2,1357,1187
soc_trang,severe,Reactive+blindARQ,9,160.0,awd,0.02,2025,2160,145,0,3.2571,160.0,3,15,3,12,0,0.0,0,1804,2.1921,3,0,2,1350,1184
soc_trang,severe,FixedSchedule,0,160.0,awd,0.02,2025,2160,403,0,13.0691,160.0,3,13,3,10,0,0.0,0,1861,1.4148,2,0,1,1689,1405
soc_trang,severe,FixedSchedule,1,160.0,awd,0.02,2025,2160,403,0,13.0702,160.0,3,5,3,2,0,0.0,0,1864,9.5056,2,0,1,1684,1400
soc_trang,severe,FixedSchedule,2,160.0,awd,0.02,2025,2160,402,0,12.8895,160.0,3,14,3,11,1,40.0,0,1857,9.6686,1,0,0,1671,1398
soc_trang,severe,FixedSchedule,3,160.0,awd,0.02,2025,2160,551,0,23.869,160.0,3,12,3,9,0,0.0,0,1824,4.9159,1,0,0,1766,1462
soc_trang,severe,FixedSchedule,4,160.0,awd,0.02,2025,2160,555,0,25.288,160.0,2,9,3,7,1,60.0,0,1831,0.0003,2,0,1,1797,1503
soc_trang,severe,FixedSchedule,5,160.0,awd,0.02,2025,2160,551,0,24.0065,160.0,3,10,3,7,1,40.0,0,1826,4.8409,1,0,0,1767,1462
soc_trang,severe,FixedSchedule,6,160.0,awd,0.02,2025,2160,555,0,25.2876,160.0,2,10,3,8,1,60.0,0,1835,2.0508,2,0,1,1802,1508
soc_trang,severe,FixedSchedule,7,160.0,awd,0.02,2025,2160,552,0,24.2438,160.0,2,19,3,17,1,60.0,0,1839,1.2493,1,0,0,1768,1489
soc_trang,severe,FixedSchedule,8,160.0,awd,0.02,2025,2160,403,0,13.0698,160.0,3,10,3,7,0,0.0,0,1831,0.0039,2,0,1,1685,1401
soc_trang,severe,FixedSchedule,9,160.0,awd,0.02,2025,2160,551,0,24.0065,160.0,3,14,3,11,1,40.0,0,1804,4.4611,1,0,0,1767,1462
soc_trang,severe,Oracle,0,160.0,awd,0.02,2025,2160,0,0,0.0,140.0,7,37,7,30,0,0.0,0,1861,2.2323,8,7,0,1563,1434
soc_trang,severe,Oracle,1,160.0,awd,0.02,2025,2160,0,0,0.0,140.0,7,19,7,12,1,20.0,0,1864,0.4303,8,7,0,1563,1456
soc_trang,severe,Oracle,2,160.0,awd,0.02,2025,2160,0,0,0.0,140.0,7,22,7,15,1,20.0,0,1857,1.291,8,7,0,1557,1456
soc_trang,severe,Oracle,3,160.0,awd,0.02,2025,2160,0,0,0.0,140.0,7,42,7,35,0,0.0,0,1824,1.7743,8,7,0,1575,1455
soc_trang,severe,Oracle,4,160.0,awd,0.02,2025,2160,0,0,0.0,140.0,7,20,7,13,0,0.0,0,1831,1.291,8,7,0,1562,1456
soc_trang,severe,Oracle,5,160.0,awd,0.02,2025,2160,0,0,0.0,140.0,7,11,7,4,2,40.0,0,1826,0.9623,8,7,0,1556,1456
soc_trang,severe,Oracle,6,160.0,awd,0.02,2025,2160,0,0,0.0,140.0,7,21,7,14,1,20.0,0,1835,1.1386,8,7,0,1564,1456
soc_trang,severe,Oracle,7,160.0,awd,0.02,2025,2160,0,0,0.0,140.0,7,32,7,25,0,0.0,0,1839,2.1493,8,7,0,1549,1432
soc_trang,severe,Oracle,8,160.0,awd,0.02,2025,2160,0,0,0.0,140.0,7,11,7,4,0,0.0,0,1831,0.4303,8,7,0,1556,1456
soc_trang,severe,Oracle,9,160.0,awd,0.02,2025,2160,0,0,0.0,140.0,7,22,7,15,1,20.0,0,1804,1.2907,8,7,0,1567,1456
soc_trang,severe,TwinGate+T2+centre,0,160.0,awd,0.02,2025,2160,29,0,0.5197,160.0,10,23,8,13,0,0.0,80,1861,0.7453,7,0,6,1161,1155
soc_trang,severe,TwinGate+T2+centre,1,160.0,awd,0.02,2025,2160,28,0,0.4965,160.0,11,29,8,18,1,20.0,79,1864,0.9623,5,0,4,1183,1105
soc_trang,severe,TwinGate+T2+centre,2,160.0,awd,0.02,2025,2160,121,0,1.8688,160.0,6,17,8,11,4,80.0,84,1857,1.2191,4,0,3,1295,1117
soc_trang,severe,TwinGate+T2+centre,3,160.0,awd,0.02,2025,2160,26,0,0.3184,160.0,13,45,8,32,4,80.0,77,1824,1.6166,4,1,2,1234,1089
soc_trang,severe,TwinGate+T2+centre,4,160.0,awd,0.02,2025,2160,89,0,0.7834,160.0,8,22,8,14,1,20.0,82,1831,0.8607,6,0,5,1249,1147
soc_trang,severe,TwinGate+T2+centre,5,160.0,awd,0.02,2025,2160,32,0,0.5955,160.0,7,14,8,7,2,40.0,83,1826,0.8606,3,0,2,1155,1063
soc_trang,severe,TwinGate+T2+centre,6,160.0,awd,0.02,2025,2160,29,0,0.525,160.0,8,26,8,18,5,100.0,82,1835,1.291,6,0,5,1192,1073
soc_trang,severe,TwinGate+T2+centre,7,160.0,awd,0.02,2025,2160,28,0,0.4604,160.0,10,34,8,24,2,40.0,80,1839,1.4906,6,1,4,1203,1086
soc_trang,severe,TwinGate+T2+centre,8,160.0,awd,0.02,2025,2160,21,0,0.1118,160.0,17,49,8,32,1,20.0,73,1831,1.6662,7,1,5,1234,1258
soc_trang,severe,TwinGate+T2+centre,9,160.0,awd,0.02,2025,2160,29,0,0.5348,160.0,8,19,8,11,1,20.0,82,1804,1.0541,6,0,5,1191,1118
soc_trang,severe,TwinGate+T2,0,160.0,mid,0.05,2025,2160,0,0,0.0,160.0,11,29,8,18,0,0.0,79,1861,0.7454,9,4,4,1437,1391
soc_trang,severe,TwinGate+T2,1,160.0,mid,0.05,2025,2160,0,0,0.0,160.0,9,26,8,17,0,0.0,81,1864,0.7454,9,3,5,1416,1438
soc_trang,severe,TwinGate+T2,2,160.0,mid,0.05,2025,2160,12,0,0.0106,160.0,6,18,8,12,3,60.0,84,1857,0.9907,7,1,5,1383,1250
soc_trang,severe,TwinGate+T2,3,160.0,mid,0.05,2025,2160,19,0,0.0932,160.0,10,30,8,20,3,60.0,80,1824,1.4272,7,3,3,1434,1330
soc_trang,severe,TwinGate+T2,4,160.0,mid,0.05,2025,2160,0,0,0.0,160.0,9,27,8,18,2,40.0,81,1831,1.0541,7,4,2,1498,1344
soc_trang,severe,TwinGate+T2,5,160.0,mid,0.05,2025,2160,21,0,0.1253,160.0,7,15,8,8,3,60.0,83,1826,1.217,7,2,4,1404,1321
soc_trang,severe,TwinGate+T2,6,160.0,mid,0.05,2025,2160,103,0,1.4924,160.0,4,12,8,8,5,100.0,86,1835,1.0815,5,1,3,1457,1249
soc_trang,severe,TwinGate+T2,7,160.0,mid,0.05,2025,2160,0,0,0.0,160.0,7,17,8,10,2,40.0,83,1839,1.217,7,3,3,1404,1278
soc_trang,severe,TwinGate+T2,8,160.0,mid,0.05,2025,2160,0,0,0.0,160.0,10,26,8,16,0,0.0,80,1831,0.8607,9,3,5,1496,1485
soc_trang,severe,TwinGate+T2,9,160.0,mid,0.05,2025,2160,0,0,0.0,160.0,7,15,8,8,2,40.0,83,1804,0.9622,8,3,4,1455,1370
soc_trang,severe,TwinGate+blindARQ,0,160.0,mid,0.05,2025,2160,0,0,0.0,160.0,8,31,8,23,0,0.0,82,1861,1.3608,9,4,4,1513,1485
soc_trang,severe,TwinGate+blindARQ,1,160.0,mid,0.05,2025,2160,0,0,0.0,160.0,7,29,8,22,1,20.0,83,1864,1.8157,8,2,5,1412,1331
soc_trang,severe,TwinGate+blindARQ,2,160.0,mid,0.05,2025,2160,126,0,2.5809,160.0,3,21,8,18,5,100.0,87,1857,1.0653,4,0,3,1468,1231
soc_trang,severe,TwinGate+blindARQ,3,160.0,mid,0.05,2025,2160,33,0,0.6206,160.0,4,33,8,29,4,80.0,86,1824,2.0892,5,1,3,1365,1246
soc_trang,severe,TwinGate+blindARQ,4,160.0,mid,0.05,2025,2160,9,0,0.0069,160.0,6,21,8,15,2,40.0,84,1831,1.0541,7,2,4,1376,1251
soc_trang,severe,TwinGate+blindARQ,5,160.0,mid,0.05,2025,2160,21,0,0.1392,160.0,5,27,8,22,3,60.0,85,1826,1.7131,6,2,3,1374,1243
soc_trang,severe,TwinGate+blindARQ,6,160.0,mid,0.05,2025,2160,126,0,2.6361,160.0,3,19,8,16,5,100.0,87,1835,1.1311,4,1,2,1463,1217
soc_trang,severe,TwinGate+blindARQ,7,160.0,mid,0.05,2025,2160,19,0,0.0919,160.0,5,44,8,39,3,60.0,85,1839,2.6963,6,2,3,1336,1212
soc_trang,severe,TwinGate+blindARQ,8,160.0,mid,0.05,2025,2160,0,0,0.0,160.0,7,22,8,15,1,20.0,83,1831,0.9131,8,2,5,1400,1308
soc_trang,severe,TwinGate+blindARQ,9,160.0,mid,0.05,2025,2160,11,0,0.0086,160.0,6,19,8,13,2,40.0,84,1804,1.0541,7,2,4,1383,1253
soc_trang,severe,Reactive+T2,0,160.0,mid,0.05,2025,2160,145,0,3.2853,160.0,3,5,3,2,0,0.0,0,1861,0.0,3,0,2,1358,1184
soc_trang,severe,Reactive+T2,1,160.0,mid,0.05,2025,2160,145,0,3.2104,160.0,4,10,3,6,0,0.0,0,1864,0.8607,3,0,2,1379,1179
soc_trang,severe,Reactive+T2,2,160.0,mid,0.05,2025,2160,145,0,3.2852,160.0,3,4,3,1,0,0.0,0,1857,1.2416,3,0,2,1357,1183
soc_trang,severe,Reactive+T2,3,160.0,mid,0.05,2025,2160,104,0,1.5689,160.0,8,23,3,15,1,40.0,0,1824,2.8128,2,1,0,1385,1118
soc_trang,severe,Reactive+T2,4,160.0,mid,0.05,2025,2160,145,0,3.2852,160.0,3,9,3,6,0,0.0,0,1831,0.9218,3,0,2,1359,1187
soc_trang,severe,Reactive+T2,5,160.0,mid,0.05,2025,2160,145,0,3.2115,160.0,4,7,3,3,0,0.0,0,1826,1.5305,3,0,2,1376,1177
soc_trang,severe,Reactive+T2,6,160.0,mid,0.05,2025,2160,142,0,2.9827,160.0,4,10,3,6,2,100.0,0,1835,1.8441,4,0,3,1381,1156
soc_trang,severe,Reactive+T2,7,160.0,mid,0.05,2025,2160,123,0,2.118,160.0,6,22,3,16,0,0.0,0,1839,2.2571,3,1,1,1373,1137
soc_trang,severe,Reactive+T2,8,160.0,mid,0.05,2025,2160,122,0,2.0023,160.0,7,19,3,12,0,0.0,0,1831,1.8982,4,0,3,1348,1153
soc_trang,severe,Reactive+T2,9,160.0,mid,0.05,2025,2160,142,0,2.9827,160.0,4,7,3,3,1,40.0,0,1804,1.3262,4,0,3,1363,1154
soc_trang,severe,Reactive+blindARQ,0,160.0,mid,0.05,2025,2160,145,0,3.2853,160.0,3,5,3,2,0,0.0,0,1861,0.0,3,0,2,1358,1184
soc_trang,severe,Reactive+blindARQ,1,160.0,mid,0.05,2025,2160,145,0,3.2844,160.0,3,10,3,7,0,0.0,0,1864,1.7213,3,0,2,1363,1189
soc_trang,severe,Reactive+blindARQ,2,160.0,mid,0.05,2025,2160,145,0,3.2852,160.0,3,4,3,1,0,0.0,0,1857,1.2416,3,0,2,1357,1183
soc_trang,severe,Reactive+blindARQ,3,160.0,mid,0.05,2025,2160,145,0,3.2853,160.0,3,11,3,8,1,40.0,0,1824,2.2095,3,0,2,1362,1190
soc_trang,severe,Reactive+blindARQ,4,160.0,mid,0.05,2025,2160,311,0,7.3401,160.0,2,12,3,10,1,60.0,0,1831,0.9218,2,0,1,1629,1367
soc_trang,severe,Reactive+blindARQ,5,160.0,mid,0.05,2025,2160,145,0,3.2851,160.0,3,8,3,5,0,0.0,0,1826,1.7568,3,0,2,1361,1187
soc_trang,severe,Reactive+blindARQ,6,160.0,mid,0.05,2025,2160,286,0,7.0911,160.0,2,13,3,11,2,100.0,0,1835,2.0366,2,0,1,1632,1351
soc_trang,severe,Reactive+blindARQ,7,160.0,mid,0.05,2025,2160,307,0,7.2506,160.0,2,11,3,9,1,60.0,0,1839,1.5634,2,0,1,1631,1367
soc_trang,severe,Reactive+blindARQ,8,160.0,mid,0.05,2025,2160,145,0,3.2852,160.0,3,8,3,5,0,0.0,0,1831,0.8949,3,0,2,1357,1187
soc_trang,severe,Reactive+blindARQ,9,160.0,mid,0.05,2025,2160,145,0,3.2571,160.0,3,15,3,12,0,0.0,0,1804,2.1921,3,0,2,1350,1184
soc_trang,severe,FixedSchedule,0,160.0,mid,0.05,2025,2160,403,0,13.0691,160.0,3,13,3,10,0,0.0,0,1861,1.4148,2,0,1,1689,1405
soc_trang,severe,FixedSchedule,1,160.0,mid,0.05,2025,2160,403,0,13.0702,160.0,3,5,3,2,0,0.0,0,1864,9.5056,2,0,1,1684,1400
soc_trang,severe,FixedSchedule,2,160.0,mid,0.05,2025,2160,402,0,12.8895,160.0,3,14,3,11,1,40.0,0,1857,9.6686,1,0,0,1671,1398
soc_trang,severe,FixedSchedule,3,160.0,mid,0.05,2025,2160,551,0,23.869,160.0,3,12,3,9,0,0.0,0,1824,4.9159,1,0,0,1766,1462
soc_trang,severe,FixedSchedule,4,160.0,mid,0.05,2025,2160,555,0,25.288,160.0,2,9,3,7,1,60.0,0,1831,0.0003,2,0,1,1797,1503
soc_trang,severe,FixedSchedule,5,160.0,mid,0.05,2025,2160,551,0,24.0065,160.0,3,10,3,7,1,40.0,0,1826,4.8409,1,0,0,1767,1462
soc_trang,severe,FixedSchedule,6,160.0,mid,0.05,2025,2160,555,0,25.2876,160.0,2,10,3,8,1,60.0,0,1835,2.0508,2,0,1,1802,1508
soc_trang,severe,FixedSchedule,7,160.0,mid,0.05,2025,2160,552,0,24.2438,160.0,2,19,3,17,1,60.0,0,1839,1.2493,1,0,0,1768,1489
soc_trang,severe,FixedSchedule,8,160.0,mid,0.05,2025,2160,403,0,13.0698,160.0,3,10,3,7,0,0.0,0,1831,0.0039,2,0,1,1685,1401
soc_trang,severe,FixedSchedule,9,160.0,mid,0.05,2025,2160,551,0,24.0065,160.0,3,14,3,11,1,40.0,0,1804,4.4611,1,0,0,1767,1462
soc_trang,severe,Oracle,0,160.0,mid,0.05,2025,2160,0,0,0.0,140.0,7,37,7,30,0,0.0,0,1861,2.2323,8,7,0,1563,1434
soc_trang,severe,Oracle,1,160.0,mid,0.05,2025,2160,0,0,0.0,140.0,7,19,7,12,1,20.0,0,1864,0.4303,8,7,0,1563,1456
soc_trang,severe,Oracle,2,160.0,mid,0.05,2025,2160,0,0,0.0,140.0,7,22,7,15,1,20.0,0,1857,1.291,8,7,0,1557,1456
soc_trang,severe,Oracle,3,160.0,mid,0.05,2025,2160,0,0,0.0,140.0,7,42,7,35,0,0.0,0,1824,1.7743,8,7,0,1575,1455
soc_trang,severe,Oracle,4,160.0,mid,0.05,2025,2160,0,0,0.0,140.0,7,20,7,13,0,0.0,0,1831,1.291,8,7,0,1562,1456
soc_trang,severe,Oracle,5,160.0,mid,0.05,2025,2160,0,0,0.0,140.0,7,11,7,4,2,40.0,0,1826,0.9623,8,7,0,1556,1456
soc_trang,severe,Oracle,6,160.0,mid,0.05,2025,2160,0,0,0.0,140.0,7,21,7,14,1,20.0,0,1835,1.1386,8,7,0,1564,1456
soc_trang,severe,Oracle,7,160.0,mid,0.05,2025,2160,0,0,0.0,140.0,7,32,7,25,0,0.0,0,1839,2.1493,8,7,0,1549,1432
soc_trang,severe,Oracle,8,160.0,mid,0.05,2025,2160,0,0,0.0,140.0,7,11,7,4,0,0.0,0,1831,0.4303,8,7,0,1556,1456
soc_trang,severe,Oracle,9,160.0,mid,0.05,2025,2160,0,0,0.0,140.0,7,22,7,15,1,20.0,0,1804,1.2907,8,7,0,1567,1456
soc_trang,severe,TwinGate+T2+centre,0,160.0,mid,0.05,2025,2160,29,0,0.5197,160.0,10,23,8,13,0,0.0,80,1861,0.7453,7,0,6,1161,1155
soc_trang,severe,TwinGate+T2+centre,1,160.0,mid,0.05,2025,2160,28,0,0.4965,160.0,11,29,8,18,1,20.0,79,1864,0.9623,5,0,4,1183,1105
soc_trang,severe,TwinGate+T2+centre,2,160.0,mid,0.05,2025,2160,121,0,1.8688,160.0,6,17,8,11,4,80.0,84,1857,1.2191,4,0,3,1295,1117
soc_trang,severe,TwinGate+T2+centre,3,160.0,mid,0.05,2025,2160,26,0,0.3184,160.0,13,45,8,32,4,80.0,77,1824,1.6166,4,1,2,1234,1089
soc_trang,severe,TwinGate+T2+centre,4,160.0,mid,0.05,2025,2160,89,0,0.7834,160.0,8,22,8,14,1,20.0,82,1831,0.8607,6,0,5,1249,1147
soc_trang,severe,TwinGate+T2+centre,5,160.0,mid,0.05,2025,2160,32,0,0.5955,160.0,7,14,8,7,2,40.0,83,1826,0.8606,3,0,2,1155,1063
soc_trang,severe,TwinGate+T2+centre,6,160.0,mid,0.05,2025,2160,29,0,0.525,160.0,8,26,8,18,5,100.0,82,1835,1.291,6,0,5,1192,1073
soc_trang,severe,TwinGate+T2+centre,7,160.0,mid,0.05,2025,2160,28,0,0.4604,160.0,10,34,8,24,2,40.0,80,1839,1.4906,6,1,4,1203,1086
soc_trang,severe,TwinGate+T2+centre,8,160.0,mid,0.05,2025,2160,21,0,0.1118,160.0,17,49,8,32,1,20.0,73,1831,1.6662,7,1,5,1234,1258
soc_trang,severe,TwinGate+T2+centre,9,160.0,mid,0.05,2025,2160,29,0,0.5348,160.0,8,19,8,11,1,20.0,82,1804,1.0541,6,0,5,1191,1118
soc_trang,severe,TwinGate+T2,0,160.0,narrow,0.1,2025,2160,0,0,0.0,160.0,14,37,8,23,0,0.0,76,1861,1.427,9,2,6,1376,1361
soc_trang,severe,TwinGate+T2,1,160.0,narrow,0.1,2025,2160,27,0,0.3626,160.0,8,24,8,16,1,20.0,82,1864,0.6086,8,0,7,1259,1174
soc_trang,severe,TwinGate+T2,2,160.0,narrow,0.1,2025,2160,89,0,0.7834,160.0,6,18,8,12,4,80.0,84,1857,1.152,6,0,5,1347,1194
soc_trang,severe,TwinGate+T2,3,160.0,narrow,0.1,2025,2160,129,0,4.796,160.0,12,41,7,29,3,60.0,78,1824,1.5139,6,3,2,1320,1138
soc_trang,severe,TwinGate+T2,4,160.0,narrow,0.1,2025,2160,106,0,4.5858,160.0,10,27,7,17,1,20.0,80,1831,1.1384,7,2,4,1271,1177
soc_trang,severe,TwinGate+T2,5,160.0,narrow,0.1,2025,2160,27,0,0.4095,160.0,8,21,8,13,2,40.0,82,1826,0.8668,8,0,7,1231,1147
soc_trang,severe,TwinGate+T2,6,160.0,narrow,0.1,2025,2160,28,0,0.4206,160.0,7,21,8,14,3,60.0,83,1835,1.0541,7,0,6,1238,1122
soc_trang,severe,TwinGate+T2,7,160.0,narrow,0.1,2025,2160,25,0,0.2649,160.0,9,33,8,24,2,40.0,81,1839,1.3607,7,1,5,1316,1193
soc_trang,severe,TwinGate+T2,8,160.0,narrow,0.1,2025,2160,8,0,0.0049,160.0,12,32,8,20,1,20.0,78,1831,1.2167,9,0,8,1294,1271
soc_trang,severe,TwinGate+T2,9,160.0,narrow,0.1,2025,2160,27,0,0.4013,160.0,8,17,8,9,1,20.0,82,1804,0.9622,8,0,7,1231,1157
soc_trang,severe,TwinGate+blindARQ,0,160.0,narrow,0.1,2025,2160,24,0,0.1928,160.0,8,39,8,31,0,0.0,82,1861,2.6409,9,1,7,1291,1270
soc_trang,severe,TwinGate+blindARQ,1,160.0,narrow,0.1,2025,2160,28,0,0.4336,160.0,7,30,8,23,1,20.0,83,1864,1.291,8,0,7,1209,1165
soc_trang,severe,TwinGate+blindARQ,2,160.0,narrow,0.1,2025,2160,168,0,3.7078,160.0,3,23,8,20,5,100.0,87,1857,1.2909,4,0,3,1539,1312
soc_trang,severe,TwinGate+blindARQ,3,160.0,narrow,0.1,2025,2160,126,0,2.6151,160.0,4,14,8,10,4,80.0,86,1824,1.0539,5,0,4,1382,1181
soc_trang,severe,TwinGate+blindARQ,4,160.0,narrow,0.1,2025,2160,27,0,0.4129,160.0,6,26,8,20,2,40.0,84,1831,1.9517,7,0,6,1249,1116
soc_trang,severe,TwinGate+blindARQ,5,160.0,narrow,0.1,2025,2160,97,0,1.0244,160.0,5,21,8,16,3,60.0,85,1826,1.2363,6,0,5,1327,1169
soc_trang,severe,TwinGate+blindARQ,6,160.0,narrow,0.1,2025,2160,158,0,3.3279,160.0,3,36,8,33,5,100.0,87,1835,1.9534,4,0,3,1520,1255
soc_trang,severe,TwinGate+blindARQ,7,160.0,narrow,0.1,2025,2160,28,0,0.4684,160.0,5,19,8,14,3,60.0,85,1839,1.3347,6,0,5,1230,1091
soc_trang,severe,TwinGate+blindARQ,8,160.0,narrow,0.1,2025,2160,24,0,0.1921,160.0,7,51,8,44,1,20.0,83,1831,2.9382,8,1,6,1286,1224
soc_trang,severe,TwinGate+blindARQ,9,160.0,narrow,0.1,2025,2160,28,0,0.4792,160.0,6,14,8,8,2,40.0,84,1804,0.9622,7,0,6,1208,1124
soc_trang,severe,Reactive+T2,0,160.0,narrow,0.1,2025,2160,145,0,3.2853,160.0,3,5,3,2,0,0.0,0,1861,0.0,3,0,2,1358,1184
soc_trang,severe,Reactive+T2,1,160.0,narrow,0.1,2025,2160,145,0,3.2104,160.0,4,10,3,6,0,0.0,0,1864,0.8607,3,0,2,1379,1179
soc_trang,severe,Reactive+T2,2,160.0,narrow,0.1,2025,2160,145,0,3.2852,160.0,3,4,3,1,0,0.0,0,1857,1.2416,3,0,2,1357,1183
soc_trang,severe,Reactive+T2,3,160.0,narrow,0.1,2025,2160,104,0,1.5689,160.0,8,23,3,15,1,40.0,0,1824,2.8128,2,1,0,1385,1118
soc_trang,severe,Reactive+T2,4,160.0,narrow,0.1,2025,2160,145,0,3.2852,160.0,3,9,3,6,0,0.0,0,1831,0.9218,3,0,2,1359,1187
soc_trang,severe,Reactive+T2,5,160.0,narrow,0.1,2025,2160,145,0,3.2115,160.0,4,7,3,3,0,0.0,0,1826,1.5305,3,0,2,1376,1177
soc_trang,severe,Reactive+T2,6,160.0,narrow,0.1,2025,2160,142,0,2.9827,160.0,4,10,3,6,2,100.0,0,1835,1.8441,4,0,3,1381,1156
soc_trang,severe,Reactive+T2,7,160.0,narrow,0.1,2025,2160,123,0,2.118,160.0,6,22,3,16,0,0.0,0,1839,2.2571,3,1,1,1373,1137
soc_trang,severe,Reactive+T2,8,160.0,narrow,0.1,2025,2160,122,0,2.0023,160.0,7,19,3,12,0,0.0,0,1831,1.8982,4,0,3,1348,1153
soc_trang,severe,Reactive+T2,9,160.0,narrow,0.1,2025,2160,142,0,2.9827,160.0,4,7,3,3,1,40.0,0,1804,1.3262,4,0,3,1363,1154
soc_trang,severe,Reactive+blindARQ,0,160.0,narrow,0.1,2025,2160,145,0,3.2853,160.0,3,5,3,2,0,0.0,0,1861,0.0,3,0,2,1358,1184
soc_trang,severe,Reactive+blindARQ,1,160.0,narrow,0.1,2025,2160,145,0,3.2844,160.0,3,10,3,7,0,0.0,0,1864,1.7213,3,0,2,1363,1189
soc_trang,severe,Reactive+blindARQ,2,160.0,narrow,0.1,2025,2160,145,0,3.2852,160.0,3,4,3,1,0,0.0,0,1857,1.2416,3,0,2,1357,1183
soc_trang,severe,Reactive+blindARQ,3,160.0,narrow,0.1,2025,2160,145,0,3.2853,160.0,3,11,3,8,1,40.0,0,1824,2.2095,3,0,2,1362,1190
soc_trang,severe,Reactive+blindARQ,4,160.0,narrow,0.1,2025,2160,311,0,7.3401,160.0,2,12,3,10,1,60.0,0,1831,0.9218,2,0,1,1629,1367
soc_trang,severe,Reactive+blindARQ,5,160.0,narrow,0.1,2025,2160,145,0,3.2851,160.0,3,8,3,5,0,0.0,0,1826,1.7568,3,0,2,1361,1187
soc_trang,severe,Reactive+blindARQ,6,160.0,narrow,0.1,2025,2160,286,0,7.0911,160.0,2,13,3,11,2,100.0,0,1835,2.0366,2,0,1,1632,1351
soc_trang,severe,Reactive+blindARQ,7,160.0,narrow,0.1,2025,2160,307,0,7.2506,160.0,2,11,3,9,1,60.0,0,1839,1.5634,2,0,1,1631,1367
soc_trang,severe,Reactive+blindARQ,8,160.0,narrow,0.1,2025,2160,145,0,3.2852,160.0,3,8,3,5,0,0.0,0,1831,0.8949,3,0,2,1357,1187
soc_trang,severe,Reactive+blindARQ,9,160.0,narrow,0.1,2025,2160,145,0,3.2571,160.0,3,15,3,12,0,0.0,0,1804,2.1921,3,0,2,1350,1184
soc_trang,severe,FixedSchedule,0,160.0,narrow,0.1,2025,2160,403,0,13.0691,160.0,3,13,3,10,0,0.0,0,1861,1.4148,2,0,1,1689,1405
soc_trang,severe,FixedSchedule,1,160.0,narrow,0.1,2025,2160,403,0,13.0702,160.0,3,5,3,2,0,0.0,0,1864,9.5056,2,0,1,1684,1400
soc_trang,severe,FixedSchedule,2,160.0,narrow,0.1,2025,2160,402,0,12.8895,160.0,3,14,3,11,1,40.0,0,1857,9.6686,1,0,0,1671,1398
soc_trang,severe,FixedSchedule,3,160.0,narrow,0.1,2025,2160,551,0,23.869,160.0,3,12,3,9,0,0.0,0,1824,4.9159,1,0,0,1766,1462
soc_trang,severe,FixedSchedule,4,160.0,narrow,0.1,2025,2160,555,0,25.288,160.0,2,9,3,7,1,60.0,0,1831,0.0003,2,0,1,1797,1503
soc_trang,severe,FixedSchedule,5,160.0,narrow,0.1,2025,2160,551,0,24.0065,160.0,3,10,3,7,1,40.0,0,1826,4.8409,1,0,0,1767,1462
soc_trang,severe,FixedSchedule,6,160.0,narrow,0.1,2025,2160,555,0,25.2876,160.0,2,10,3,8,1,60.0,0,1835,2.0508,2,0,1,1802,1508
soc_trang,severe,FixedSchedule,7,160.0,narrow,0.1,2025,2160,552,0,24.2438,160.0,2,19,3,17,1,60.0,0,1839,1.2493,1,0,0,1768,1489
soc_trang,severe,FixedSchedule,8,160.0,narrow,0.1,2025,2160,403,0,13.0698,160.0,3,10,3,7,0,0.0,0,1831,0.0039,2,0,1,1685,1401
soc_trang,severe,FixedSchedule,9,160.0,narrow,0.1,2025,2160,551,0,24.0065,160.0,3,14,3,11,1,40.0,0,1804,4.4611,1,0,0,1767,1462
soc_trang,severe,Oracle,0,160.0,narrow,0.1,2025,2160,0,0,0.0,140.0,7,37,7,30,0,0.0,0,1861,2.2323,8,7,0,1563,1434
soc_trang,severe,Oracle,1,160.0,narrow,0.1,2025,2160,0,0,0.0,140.0,7,19,7,12,1,20.0,0,1864,0.4303,8,7,0,1563,1456
soc_trang,severe,Oracle,2,160.0,narrow,0.1,2025,2160,0,0,0.0,140.0,7,22,7,15,1,20.0,0,1857,1.291,8,7,0,1557,1456
soc_trang,severe,Oracle,3,160.0,narrow,0.1,2025,2160,0,0,0.0,140.0,7,42,7,35,0,0.0,0,1824,1.7743,8,7,0,1575,1455
soc_trang,severe,Oracle,4,160.0,narrow,0.1,2025,2160,0,0,0.0,140.0,7,20,7,13,0,0.0,0,1831,1.291,8,7,0,1562,1456
soc_trang,severe,Oracle,5,160.0,narrow,0.1,2025,2160,0,0,0.0,140.0,7,11,7,4,2,40.0,0,1826,0.9623,8,7,0,1556,1456
soc_trang,severe,Oracle,6,160.0,narrow,0.1,2025,2160,0,0,0.0,140.0,7,21,7,14,1,20.0,0,1835,1.1386,8,7,0,1564,1456
soc_trang,severe,Oracle,7,160.0,narrow,0.1,2025,2160,0,0,0.0,140.0,7,32,7,25,0,0.0,0,1839,2.1493,8,7,0,1549,1432
soc_trang,severe,Oracle,8,160.0,narrow,0.1,2025,2160,0,0,0.0,140.0,7,11,7,4,0,0.0,0,1831,0.4303,8,7,0,1556,1456
soc_trang,severe,Oracle,9,160.0,narrow,0.1,2025,2160,0,0,0.0,140.0,7,22,7,15,1,20.0,0,1804,1.2907,8,7,0,1567,1456
soc_trang,severe,TwinGate+T2+centre,0,160.0,narrow,0.1,2025,2160,0,0,0.0,160.0,14,37,8,23,0,0.0,76,1861,1.427,9,2,6,1376,1361
soc_trang,severe,TwinGate+T2+centre,1,160.0,narrow,0.1,2025,2160,27,0,0.3626,160.0,8,24,8,16,1,20.0,82,1864,0.6086,8,0,7,1259,1174
soc_trang,severe,TwinGate+T2+centre,2,160.0,narrow,0.1,2025,2160,89,0,0.7834,160.0,6,18,8,12,4,80.0,84,1857,1.152,6,0,5,1347,1194
soc_trang,severe,TwinGate+T2+centre,3,160.0,narrow,0.1,2025,2160,129,0,4.796,160.0,12,41,7,29,3,60.0,78,1824,1.5139,6,3,2,1320,1138
soc_trang,severe,TwinGate+T2+centre,4,160.0,narrow,0.1,2025,2160,106,0,4.5858,160.0,10,27,7,17,1,20.0,80,1831,1.1384,7,2,4,1271,1177
soc_trang,severe,TwinGate+T2+centre,5,160.0,narrow,0.1,2025,2160,27,0,0.4095,160.0,8,21,8,13,2,40.0,82,1826,0.8668,8,0,7,1231,1147
soc_trang,severe,TwinGate+T2+centre,6,160.0,narrow,0.1,2025,2160,28,0,0.4206,160.0,7,21,8,14,3,60.0,83,1835,1.0541,7,0,6,1238,1122
soc_trang,severe,TwinGate+T2+centre,7,160.0,narrow,0.1,2025,2160,25,0,0.2649,160.0,9,33,8,24,2,40.0,81,1839,1.3607,7,1,5,1316,1193
soc_trang,severe,TwinGate+T2+centre,8,160.0,narrow,0.1,2025,2160,8,0,0.0049,160.0,12,32,8,20,1,20.0,78,1831,1.2167,9,0,8,1294,1271
soc_trang,severe,TwinGate+T2+centre,9,160.0,narrow,0.1,2025,2160,27,0,0.4013,160.0,8,17,8,9,1,20.0,82,1804,0.9622,8,0,7,1231,1157
soc_trang,severe,TwinGate+T2,0,240.0,awd,0.02,2025,2160,0,0,0.0,180.0,11,25,9,14,1,20.0,79,1861,0.9622,8,5,3,914,1189
soc_trang,severe,TwinGate+T2,1,240.0,awd,0.02,2025,2160,0,0,0.0,180.0,12,34,9,22,1,20.0,78,1864,0.8606,9,7,2,915,1241
soc_trang,severe,TwinGate+T2,2,240.0,awd,0.02,2025,2160,0,0,0.0,180.0,9,30,9,21,3,60.0,81,1857,1.2172,7,6,1,761,1046
soc_trang,severe,TwinGate+T2,3,240.0,awd,0.02,2025,2160,0,0,0.0,200.0,10,29,10,19,4,80.0,80,1824,1.291,6,6,0,915,1108
soc_trang,severe,TwinGate+T2,4,240.0,awd,0.02,2025,2160,11,0,0.0504,160.0,12,36,8,24,1,20.0,78,1831,1.1386,9,5,3,1417,1276
soc_trang,severe,TwinGate+T2,5,240.0,awd,0.02,2025,2160,0,0,0.0,180.0,8,27,9,19,3,60.0,82,1826,1.291,6,5,1,908,1075
soc_trang,severe,TwinGate+T2,6,240.0,awd,0.02,2025,2160,0,0,0.0,180.0,9,31,9,22,3,60.0,81,1835,1.291,7,6,1,783,1071
soc_trang,severe,TwinGate+T2,7,240.0,awd,0.02,2025,2160,0,0,0.0,180.0,11,34,9,23,2,40.0,79,1839,1.291,7,5,2,888,1161
soc_trang,severe,TwinGate+T2,8,240.0,awd,0.02,2025,2160,0,0,0.0,180.0,10,22,9,12,1,20.0,80,1831,0.7454,8,6,2,890,1165
soc_trang,severe,TwinGate+T2,9,240.0,awd,0.02,2025,2160,1,0,0.0012,180.0,11,27,9,16,2,40.0,79,1804,1.2908,7,5,2,932,1161
soc_trang,severe,TwinGate+blindARQ,0,240.0,awd,0.02,2025,2160,0,0,0.0,180.0,8,53,9,45,1,20.0,82,1861,2.6197,7,7,0,857,1131
soc_trang,severe,TwinGate+blindARQ,1,240.0,awd,0.02,2025,2160,0,0,0.0,180.0,8,25,9,17,1,20.0,82,1864,0.9623,8,6,2,956,1167
soc_trang,severe,TwinGate+blindARQ,2,240.0,awd,0.02,2025,2160,0,0,0.0,220.0,4,37,11,33,7,140.0,86,1857,1.3335,5,4,0,1437,1197
soc_trang,severe,TwinGate+blindARQ,3,240.0,awd,0.02,2025,2160,0,0,0.0,200.0,5,41,10,36,5,100.0,85,1824,2.1583,5,4,1,770,964
soc_trang,severe,TwinGate+blindARQ,4,240.0,awd,0.02,2025,2160,0,0,0.0,180.0,7,25,9,18,2,40.0,83,1831,1.7565,7,6,1,970,1172
soc_trang,severe,TwinGate+blindARQ,5,240.0,awd,0.02,2025,2160,0,0,0.0,200.0,6,25,10,19,4,80.0,84,1826,0.9373,6,5,1,828,1014
soc_trang,severe,TwinGate+blindARQ,6,240.0,awd,0.02,2025,2160,0,0,0.0,220.0,5,34,11,29,6,120.0,85,1835,0.8567,6,5,0,1230,1053
soc_trang,severe,TwinGate+blindARQ,7,240.0,awd,0.02,2025,2160,0,0,0.0,200.0,6,37,10,31,4,80.0,84,1839,2.1028,5,4,1,803,1036
soc_trang,severe,TwinGate+blindARQ,8,240.0,awd,0.02,2025,2160,0,0,0.0,180.0,8,18,9,10,1,20.0,82,1831,0.6086,8,6,2,846,1126
soc_trang,severe,TwinGate+blindARQ,9,240.0,awd,0.02,2025,2160,0,0,0.0,180.0,7,30,9,23,2,40.0,83,1804,1.9243,7,6,1,952,1182
soc_trang,severe,Reactive+T2,0,240.0,awd,0.02,2025,2160,29,0,0.5089,240.0,4,8,4,4,0,0.0,0,1861,0.0,3,0,2,1110,958
soc_trang,severe,Reactive+T2,1,240.0,awd,0.02,2025,2160,27,0,0.3811,240.0,5,12,4,7,0,0.0,0,1864,0.9183,3,0,2,1112,900
soc_trang,severe,Reactive+T2,2,240.0,awd,0.02,2025,2160,144,0,3.1555,240.0,3,8,4,5,1,60.0,0,1857,1.2821,3,0,2,1352,1141
soc_trang,severe,Reactive+T2,3,240.0,awd,0.02,2025,2160,104,0,1.5678,240.0,8,29,4,21,2,120.0,0,1824,2.8128,2,1,0,1385,1118
soc_trang,severe,Reactive+T2,4,240.0,awd,0.02,2025,2160,29,0,0.5089,240.0,4,12,4,8,0,0.0,0,1831,0.9218,3,0,2,1111,961
soc_trang,severe,Reactive+T2,5,240.0,awd,0.02,2025,2160,127,0,2.7882,240.0,4,8,4,4,1,60.0,0,1826,1.2822,3,0,2,1351,1123
soc_trang,severe,Reactive+T2,6,240.0,awd,0.02,2025,2160,245,0,6.2761,240.0,3,11,4,8,3,180.0,0,1835,1.6309,3,0,2,1635,1366
soc_trang,severe,Reactive+T2,7,240.0,awd,0.02,2025,2160,0,0,0.0,240.0,8,28,4,20,0,0.0,0,1839,2.4336,4,1,2,1095,884
soc_trang,severe,Reactive+T2,8,240.0,awd,0.02,2025,2160,0,0,0.0,240.0,9,27,4,18,0,0.0,0,1831,2.1081,5,0,4,1067,880
soc_trang,severe,Reactive+T2,9,240.0,awd,0.02,2025,2160,127,0,2.7882,240.0,4,8,4,4,1,60.0,0,1804,1.3262,4,0,3,1343,1124
soc_trang,severe,Reactive+blindARQ,0,240.0,awd,0.02,2025,2160,29,0,0.5089,240.0,4,8,4,4,0,0.0,0,1861,0.0,3,0,2,1110,958
soc_trang,severe,Reactive+blindARQ,1,240.0,awd,0.02,2025,2160,144,0,3.1395,240.0,3,11,4,8,1,60.0,0,1864,1.8368,3,0,2,1357,1145
soc_trang,severe,Reactive+blindARQ,2,240.0,awd,0.02,2025,2160,249,0,6.4647,240.0,2,15,4,13,2,120.0,0,1857,0.8985,2,0,1,1604,1343
soc_trang,severe,Reactive+blindARQ,3,240.0,awd,0.02,2025,2160,246,0,6.3244,240.0,2,23,4,21,2,120.0,0,1824,1.8338,2,0,1,1608,1349
soc_trang,severe,Reactive+blindARQ,4,240.0,awd,0.02,2025,2160,144,0,3.1556,240.0,3,14,4,11,1,60.0,0,1831,0.9218,3,0,2,1354,1144
soc_trang,severe,Reactive+blindARQ,5,240.0,awd,0.02,2025,2160,144,0,3.1547,240.0,3,9,4,6,1,60.0,0,1826,1.5772,3,0,2,1356,1145
soc_trang,severe,Reactive+blindARQ,6,240.0,awd,0.02,2025,2160,529,0,22.133,240.0,1,20,4,19,3,180.0,0,1835,1.8483,2,0,1,1777,1482
soc_trang,severe,Reactive+blindARQ,7,240.0,awd,0.02,2025,2160,286,0,7.0911,240.0,2,13,4,11,2,120.0,0,1839,1.5724,2,0,1,1630,1366
soc_trang,severe,Reactive+blindARQ,8,240.0,awd,0.02,2025,2160,29,0,0.5089,240.0,4,11,4,7,0,0.0,0,1831,1.2445,3,0,2,1109,961
soc_trang,severe,Reactive+blindARQ,9,240.0,awd,0.02,2025,2160,144,0,3.1552,240.0,3,16,4,13,1,60.0,0,1804,2.1921,2,0,1,1342,1150
soc_trang,severe,FixedSchedule,0,240.0,awd,0.02,2025,2160,330,0,8.5139,240.0,4,10,4,6,0,0.0,0,1861,0.0029,1,0,0,1631,1312
soc_trang,severe,FixedSchedule,1,240.0,awd,0.02,2025,2160,500,0,19.3901,240.0,3,15,4,12,1,60.0,0,1864,0.7709,1,0,0,1734,1416
soc_trang,severe,FixedSchedule,2,240.0,awd,0.02,2025,2160,602,0,29.6537,240.0,2,20,4,18,2,120.0,0,1857,1.3967,1,0,0,1832,1511
soc_trang,severe,FixedSchedule,3,240.0,awd,0.02,2025,2160,627,0,31.8082,240.0,2,14,4,12,2,120.0,0,1824,0.9822,1,0,0,1839,1534
soc_trang,severe,FixedSchedule,4,240.0,awd,0.02,2025,2160,505,0,19.9832,240.0,3,15,4,12,1,60.0,0,1831,1.0923,1,0,0,1737,1418
soc_trang,severe,FixedSchedule,5,240.0,awd,0.02,2025,2160,518,0,20.1725,240.0,3,14,4,11,1,60.0,0,1826,0.9785,1,0,0,1738,1419
soc_trang,severe,FixedSchedule,6,240.0,awd,0.02,2025,2160,752,0,44.0453,240.0,1,8,4,7,3,180.0,0,1835,0.0022,1,0,0,1975,1654
soc_trang,severe,FixedSchedule,7,240.0,awd,0.02,2025,2160,628,0,32.0976,240.0,2,18,4,16,2,120.0,0,1839,0.511,1,0,0,1854,1535
soc_trang,severe,FixedSchedule,8,240.0,awd,0.02,2025,2160,330,0,8.5139,240.0,4,14,4,10,0,0.0,0,1831,0.0039,1,0,0,1631,1312
soc_trang,severe,FixedSchedule,9,240.0,awd,0.02,2025,2160,518,0,20.2111,240.0,3,15,4,12,1,60.0,0,1804,0.5267,1,0,0,1738,1419
soc_trang,severe,Oracle,0,240.0,awd,0.02,2025,2160,0,0,0.0,200.0,9,44,9,35,0,0.0,0,1861,2.3138,7,6,1,802,1023
soc_trang,severe,Oracle,1,240.0,awd,0.02,2025,2160,0,0,0.0,200.0,9,30,9,21,1,20.0,0,1864,1.2172,7,6,1,788,1062
soc_trang,severe,Oracle,2,240.0,awd,0.02,2025,2160,0,0,0.0,200.0,9,27,9,18,1,20.0,0,1857,1.6667,7,6,1,779,1055
soc_trang,severe,Oracle,3,240.0,awd,0.02,2025,2160,0,0,0.0,200.0,9,44,9,35,1,20.0,0,1824,2.0796,7,6,1,792,1060
soc_trang,severe,Oracle,4,240.0,awd,0.02,2025,2160,0,0,0.0,200.0,9,22,9,13,1,20.0,0,1831,1.3608,7,6,1,783,1053
soc_trang,severe,Oracle,5,240.0,awd,0.02,2025,2160,0,0,0.0,200.0,9,20,9,11,1,20.0,0,1826,1.7743,7,6,1,781,1056
soc_trang,severe,Oracle,6,240.0,awd,0.02,2025,2160,0,0,0.0,200.0,9,26,9,17,2,40.0,0,1835,1.4272,7,6,1,787,1055
soc_trang,severe,Oracle,7,240.0,awd,0.02,2025,2160,0,0,0.0,200.0,9,36,9,27,1,20.0,0,1839,2.3152,7,6,1,786,1018
soc_trang,severe,Oracle,8,240.0,awd,0.02,2025,2160,0,0,0.0,200.0,9,13,9,4,0,0.0,0,1831,0.4303,7,6,1,777,1051
soc_trang,severe,Oracle,9,240.0,awd,0.02,2025,2160,0,0,0.0,200.0,9,21,9,12,2,40.0,0,1804,1.61,7,6,1,785,1057
soc_trang,severe,TwinGate+T2+centre,0,240.0,awd,0.02,2025,2160,0,0,0.0,240.0,16,42,12,26,1,20.0,74,1861,1.2171,9,0,8,619,657
soc_trang,severe,TwinGate+T2+centre,1,240.0,awd,0.02,2025,2160,0,0,0.0,240.0,19,54,12,35,1,20.0,71,1864,1.4272,8,1,7,239,671
soc_trang,severe,TwinGate+T2+centre,2,240.0,awd,0.02,2025,2160,0,0,0.0,240.0,8,24,12,16,6,120.0,82,1857,1.2928,4,0,3,961,853
soc_trang,severe,TwinGate+T2+centre,3,240.0,awd,0.02,2025,2160,0,0,0.0,240.0,18,56,12,38,4,80.0,72,1824,1.7274,5,1,4,213,615
soc_trang,severe,TwinGate+T2+centre,4,240.0,awd,0.02,2025,2160,0,0,0.0,240.0,11,29,12,18,2,40.0,79,1831,0.9623,6,0,5,629,627
soc_trang,severe,TwinGate+T2+centre,5,240.0,awd,0.02,2025,2160,0,0,0.0,240.0,10,21,12,11,4,80.0,80,1826,1.1376,5,0,4,602,592
soc_trang,severe,TwinGate+T2+centre,6,240.0,awd,0.02,2025,2160,0,0,0.0,240.0,12,35,12,23,6,120.0,78,1835,1.4272,10,0,9,641,627
soc_trang,severe,TwinGate+T2+centre,7,240.0,awd,0.02,2025,2160,0,0,0.0,240.0,15,46,12,31,2,40.0,75,1839,1.7212,8,1,6,632,598
soc_trang,severe,TwinGate+T2+centre,8,240.0,awd,0.02,2025,2160,0,0,0.0,240.0,20,57,12,37,2,40.0,70,1831,1.7208,7,1,6,254,673
soc_trang,severe,TwinGate+T2+centre,9,240.0,awd,0.02,2025,2160,0,0,0.0,240.0,15,40,12,25,1,20.0,75,1804,1.4272,8,1,7,280,745
soc_trang,severe,TwinGate+T2,0,240.0,mid,0.05,2025,2160,0,0,0.0,200.0,13,33,10,20,0,0.0,77,1861,0.7454,10,6,4,828,1203
soc_trang,severe,TwinGate+T2,1,240.0,mid,0.05,2025,2160,0,0,0.0,200.0,15,50,10,35,0,0.0,75,1864,1.2909,10,4,6,788,1218
soc_trang,severe,TwinGate+T2,2,240.0,mid,0.05,2025,2160,0,0,0.0,220.0,9,26,11,17,3,60.0,81,1857,1.1627,9,2,7,671,1001
soc_trang,severe,TwinGate+T2,3,240.0,mid,0.05,2025,2160,0,0,0.0,220.0,12,36,11,24,4,80.0,78,1824,1.4272,8,5,3,735,1058
soc_trang,severe,TwinGate+T2,4,240.0,mid,0.05,2025,2160,0,0,0.0,200.0,12,34,10,22,2,40.0,78,1831,1.1386,8,6,2,933,1188
soc_trang,severe,TwinGate+T2,5,240.0,mid,0.05,2025,2160,0,0,0.0,240.0,9,24,12,15,5,100.0,81,1826,1.2909,8,4,4,708,989
soc_trang,severe,TwinGate+T2,6,240.0,mid,0.05,2025,2160,0,0,0.0,240.0,8,20,12,12,6,120.0,82,1835,1.241,8,3,4,1034,1044
soc_trang,severe,TwinGate+T2,7,240.0,mid,0.05,2025,2160,0,0,0.0,220.0,9,23,11,14,3,60.0,81,1839,1.217,8,4,4,660,1003
soc_trang,severe,TwinGate+T2,8,240.0,mid,0.05,2025,2160,0,0,0.0,200.0,14,39,10,25,0,0.0,76,1831,1.0541,10,5,5,936,1304
soc_trang,severe,TwinGate+T2,9,240.0,mid,0.05,2025,2160,0,0,0.0,200.0,10,23,10,13,2,40.0,80,1804,1.1385,9,5,4,846,1188
soc_trang,severe,TwinGate+blindARQ,0,240.0,mid,0.05,2025,2160,0,0,0.0,200.0,9,33,10,24,1,20.0,81,1861,1.3608,10,4,5,1192,1106
soc_trang,severe,TwinGate+blindARQ,1,240.0,mid,0.05,2025,2160,0,0,0.0,220.0,10,37,11,27,1,20.0,80,1864,2.0549,10,3,7,649,1015
soc_trang,severe,TwinGate+blindARQ,2,240.0,mid,0.05,2025,2160,4,0,0.0027,240.0,5,34,12,29,7,140.0,85,1857,1.066,6,1,4,1265,1168
soc_trang,severe,TwinGate+blindARQ,3,240.0,mid,0.05,2025,2160,0,0,0.0,240.0,7,40,12,33,5,100.0,83,1824,2.1331,7,3,4,551,863
soc_trang,severe,TwinGate+blindARQ,4,240.0,mid,0.05,2025,2160,0,0,0.0,240.0,9,30,12,21,3,60.0,81,1831,1.291,9,3,6,661,968
soc_trang,severe,TwinGate+blindARQ,5,240.0,mid,0.05,2025,2160,0,0,0.0,240.0,7,36,12,29,5,100.0,83,1826,1.7663,7,4,3,693,910
soc_trang,severe,TwinGate+blindARQ,6,240.0,mid,0.05,2025,2160,0,0,0.0,240.0,6,28,12,22,6,120.0,84,1835,1.2106,7,2,4,1123,1084
soc_trang,severe,TwinGate+blindARQ,7,240.0,mid,0.05,2025,2160,0,0,0.0,220.0,7,61,11,54,4,80.0,83,1839,2.9583,7,4,3,648,938
soc_trang,severe,TwinGate+blindARQ,8,240.0,mid,0.05,2025,2160,0,0,0.0,240.0,10,27,12,17,2,40.0,80,1831,1.0094,10,3,7,633,988
soc_trang,severe,TwinGate+blindARQ,9,240.0,mid,0.05,2025,2160,0,0,0.0,220.0,9,28,11,19,2,40.0,81,1804,1.2172,9,3,6,671,992
soc_trang,severe,Reactive+T2,0,240.0,mid,0.05,2025,2160,29,0,0.5089,240.0,4,8,4,4,0,0.0,0,1861,0.0,3,0,2,1110,958
soc_trang,severe,Reactive+T2,1,240.0,mid,0.05,2025,2160,27,0,0.3811,240.0,5,12,4,7,0,0.0,0,1864,0.9183,3,0,2,1112,900
soc_trang,severe,Reactive+T2,2,240.0,mid,0.05,2025,2160,144,0,3.1555,240.0,3,8,4,5,1,60.0,0,1857,1.2821,3,0,2,1352,1141
soc_trang,severe,Reactive+T2,3,240.0,mid,0.05,2025,2160,104,0,1.5678,240.0,8,29,4,21,2,120.0,0,1824,2.8128,2,1,0,1385,1118
soc_trang,severe,Reactive+T2,4,240.0,mid,0.05,2025,2160,29,0,0.5089,240.0,4,12,4,8,0,0.0,0,1831,0.9218,3,0,2,1111,961
soc_trang,severe,Reactive+T2,5,240.0,mid,0.05,2025,2160,127,0,2.7882,240.0,4,8,4,4,1,60.0,0,1826,1.2822,3,0,2,1351,1123
soc_trang,severe,Reactive+T2,6,240.0,mid,0.05,2025,2160,245,0,6.2761,240.0,3,11,4,8,3,180.0,0,1835,1.6309,3,0,2,1635,1366
soc_trang,severe,Reactive+T2,7,240.0,mid,0.05,2025,2160,0,0,0.0,240.0,8,28,4,20,0,0.0,0,1839,2.4336,4,1,2,1095,884
soc_trang,severe,Reactive+T2,8,240.0,mid,0.05,2025,2160,0,0,0.0,240.0,9,27,4,18,0,0.0,0,1831,2.1081,5,0,4,1067,880
soc_trang,severe,Reactive+T2,9,240.0,mid,0.05,2025,2160,127,0,2.7882,240.0,4,8,4,4,1,60.0,0,1804,1.3262,4,0,3,1343,1124
soc_trang,severe,Reactive+blindARQ,0,240.0,mid,0.05,2025,2160,29,0,0.5089,240.0,4,8,4,4,0,0.0,0,1861,0.0,3,0,2,1110,958
soc_trang,severe,Reactive+blindARQ,1,240.0,mid,0.05,2025,2160,144,0,3.1395,240.0,3,11,4,8,1,60.0,0,1864,1.8368,3,0,2,1357,1145
soc_trang,severe,Reactive+blindARQ,2,240.0,mid,0.05,2025,2160,249,0,6.4647,240.0,2,15,4,13,2,120.0,0,1857,0.8985,2,0,1,1604,1343
soc_trang,severe,Reactive+blindARQ,3,240.0,mid,0.05,2025,2160,246,0,6.3244,240.0,2,23,4,21,2,120.0,0,1824,1.8338,2,0,1,1608,1349
soc_trang,severe,Reactive+blindARQ,4,240.0,mid,0.05,2025,2160,144,0,3.1556,240.0,3,14,4,11,1,60.0,0,1831,0.9218,3,0,2,1354,1144
soc_trang,severe,Reactive+blindARQ,5,240.0,mid,0.05,2025,2160,144,0,3.1547,240.0,3,9,4,6,1,60.0,0,1826,1.5772,3,0,2,1356,1145
soc_trang,severe,Reactive+blindARQ,6,240.0,mid,0.05,2025,2160,529,0,22.133,240.0,1,20,4,19,3,180.0,0,1835,1.8483,2,0,1,1777,1482
soc_trang,severe,Reactive+blindARQ,7,240.0,mid,0.05,2025,2160,286,0,7.0911,240.0,2,13,4,11,2,120.0,0,1839,1.5724,2,0,1,1630,1366
soc_trang,severe,Reactive+blindARQ,8,240.0,mid,0.05,2025,2160,29,0,0.5089,240.0,4,11,4,7,0,0.0,0,1831,1.2445,3,0,2,1109,961
soc_trang,severe,Reactive+blindARQ,9,240.0,mid,0.05,2025,2160,144,0,3.1552,240.0,3,16,4,13,1,60.0,0,1804,2.1921,2,0,1,1342,1150
soc_trang,severe,FixedSchedule,0,240.0,mid,0.05,2025,2160,330,0,8.5139,240.0,4,10,4,6,0,0.0,0,1861,0.0029,1,0,0,1631,1312
soc_trang,severe,FixedSchedule,1,240.0,mid,0.05,2025,2160,500,0,19.3901,240.0,3,15,4,12,1,60.0,0,1864,0.7709,1,0,0,1734,1416
soc_trang,severe,FixedSchedule,2,240.0,mid,0.05,2025,2160,602,0,29.6537,240.0,2,20,4,18,2,120.0,0,1857,1.3967,1,0,0,1832,1511
soc_trang,severe,FixedSchedule,3,240.0,mid,0.05,2025,2160,627,0,31.8082,240.0,2,14,4,12,2,120.0,0,1824,0.9822,1,0,0,1839,1534
soc_trang,severe,FixedSchedule,4,240.0,mid,0.05,2025,2160,505,0,19.9832,240.0,3,15,4,12,1,60.0,0,1831,1.0923,1,0,0,1737,1418
soc_trang,severe,FixedSchedule,5,240.0,mid,0.05,2025,2160,518,0,20.1725,240.0,3,14,4,11,1,60.0,0,1826,0.9785,1,0,0,1738,1419
soc_trang,severe,FixedSchedule,6,240.0,mid,0.05,2025,2160,752,0,44.0453,240.0,1,8,4,7,3,180.0,0,1835,0.0022,1,0,0,1975,1654
soc_trang,severe,FixedSchedule,7,240.0,mid,0.05,2025,2160,628,0,32.0976,240.0,2,18,4,16,2,120.0,0,1839,0.511,1,0,0,1854,1535
soc_trang,severe,FixedSchedule,8,240.0,mid,0.05,2025,2160,330,0,8.5139,240.0,4,14,4,10,0,0.0,0,1831,0.0039,1,0,0,1631,1312
soc_trang,severe,FixedSchedule,9,240.0,mid,0.05,2025,2160,518,0,20.2111,240.0,3,15,4,12,1,60.0,0,1804,0.5267,1,0,0,1738,1419
soc_trang,severe,Oracle,0,240.0,mid,0.05,2025,2160,0,0,0.0,200.0,9,44,9,35,0,0.0,0,1861,2.3138,7,6,1,802,1023
soc_trang,severe,Oracle,1,240.0,mid,0.05,2025,2160,0,0,0.0,200.0,9,30,9,21,1,20.0,0,1864,1.2172,7,6,1,788,1062
soc_trang,severe,Oracle,2,240.0,mid,0.05,2025,2160,0,0,0.0,200.0,9,27,9,18,1,20.0,0,1857,1.6667,7,6,1,779,1055
soc_trang,severe,Oracle,3,240.0,mid,0.05,2025,2160,0,0,0.0,200.0,9,44,9,35,1,20.0,0,1824,2.0796,7,6,1,792,1060
soc_trang,severe,Oracle,4,240.0,mid,0.05,2025,2160,0,0,0.0,200.0,9,22,9,13,1,20.0,0,1831,1.3608,7,6,1,783,1053
soc_trang,severe,Oracle,5,240.0,mid,0.05,2025,2160,0,0,0.0,200.0,9,20,9,11,1,20.0,0,1826,1.7743,7,6,1,781,1056
soc_trang,severe,Oracle,6,240.0,mid,0.05,2025,2160,0,0,0.0,200.0,9,26,9,17,2,40.0,0,1835,1.4272,7,6,1,787,1055
soc_trang,severe,Oracle,7,240.0,mid,0.05,2025,2160,0,0,0.0,200.0,9,36,9,27,1,20.0,0,1839,2.3152,7,6,1,786,1018
soc_trang,severe,Oracle,8,240.0,mid,0.05,2025,2160,0,0,0.0,200.0,9,13,9,4,0,0.0,0,1831,0.4303,7,6,1,777,1051
soc_trang,severe,Oracle,9,240.0,mid,0.05,2025,2160,0,0,0.0,200.0,9,21,9,12,2,40.0,0,1804,1.61,7,6,1,785,1057
soc_trang,severe,TwinGate+T2+centre,0,240.0,mid,0.05,2025,2160,0,0,0.0,240.0,16,42,12,26,1,20.0,74,1861,1.2171,9,0,8,619,657
soc_trang,severe,TwinGate+T2+centre,1,240.0,mid,0.05,2025,2160,0,0,0.0,240.0,19,54,12,35,1,20.0,71,1864,1.4272,8,1,7,239,671
soc_trang,severe,TwinGate+T2+centre,2,240.0,mid,0.05,2025,2160,0,0,0.0,240.0,8,24,12,16,6,120.0,82,1857,1.2928,4,0,3,961,853
soc_trang,severe,TwinGate+T2+centre,3,240.0,mid,0.05,2025,2160,0,0,0.0,240.0,18,56,12,38,4,80.0,72,1824,1.7274,5,1,4,213,615
soc_trang,severe,TwinGate+T2+centre,4,240.0,mid,0.05,2025,2160,0,0,0.0,240.0,11,29,12,18,2,40.0,79,1831,0.9623,6,0,5,629,627
soc_trang,severe,TwinGate+T2+centre,5,240.0,mid,0.05,2025,2160,0,0,0.0,240.0,10,21,12,11,4,80.0,80,1826,1.1376,5,0,4,602,592
soc_trang,severe,TwinGate+T2+centre,6,240.0,mid,0.05,2025,2160,0,0,0.0,240.0,12,35,12,23,6,120.0,78,1835,1.4272,10,0,9,641,627
soc_trang,severe,TwinGate+T2+centre,7,240.0,mid,0.05,2025,2160,0,0,0.0,240.0,15,46,12,31,2,40.0,75,1839,1.7212,8,1,6,632,598
soc_trang,severe,TwinGate+T2+centre,8,240.0,mid,0.05,2025,2160,0,0,0.0,240.0,20,57,12,37,2,40.0,70,1831,1.7208,7,1,6,254,673
soc_trang,severe,TwinGate+T2+centre,9,240.0,mid,0.05,2025,2160,0,0,0.0,240.0,15,40,12,25,1,20.0,75,1804,1.4272,8,1,7,280,745
soc_trang,severe,TwinGate+T2,0,240.0,narrow,0.1,2025,2160,0,0,0.0,240.0,16,43,12,27,2,40.0,74,1861,1.4905,10,3,7,614,991
soc_trang,severe,TwinGate+T2,1,240.0,narrow,0.1,2025,2160,0,0,0.0,240.0,16,47,12,31,1,20.0,74,1864,1.291,11,1,10,414,769
soc_trang,severe,TwinGate+T2,2,240.0,narrow,0.1,2025,2160,0,0,0.0,240.0,10,30,12,20,5,100.0,80,1857,1.2298,9,2,6,1102,1047
soc_trang,severe,TwinGate+T2,3,240.0,narrow,0.1,2025,2160,129,0,4.796,200.0,14,47,9,33,3,60.0,76,1824,1.5139,7,3,4,593,864
soc_trang,severe,TwinGate+T2,4,240.0,narrow,0.1,2025,2160,106,0,4.5858,200.0,11,29,9,18,2,40.0,79,1831,1.1384,8,2,5,973,803
soc_trang,severe,TwinGate+T2,5,240.0,narrow,0.1,2025,2160,0,0,0.0,240.0,12,37,12,25,3,60.0,78,1826,1.1432,10,0,10,253,624
soc_trang,severe,TwinGate+T2,6,240.0,narrow,0.1,2025,2160,0,0,0.0,240.0,10,26,12,16,4,80.0,80,1835,1.1386,9,1,8,342,710
soc_trang,severe,TwinGate+T2,7,240.0,narrow,0.1,2025,2160,0,0,0.0,240.0,14,47,12,33,2,40.0,76,1839,1.5515,10,1,9,486,791
soc_trang,severe,TwinGate+T2,8,240.0,narrow,0.1,2025,2160,0,0,0.0,240.0,17,48,12,31,2,40.0,73,1831,1.4269,11,1,10,597,1006
soc_trang,severe,TwinGate+T2,9,240.0,narrow,0.1,2025,2160,0,0,0.0,240.0,14,32,12,18,1,20.0,76,1804,1.1385,11,1,10,290,718
soc_trang,severe,TwinGate+blindARQ,0,240.0,narrow,0.1,2025,2160,0,0,0.0,240.0,10,44,12,34,2,40.0,80,1861,2.6758,10,1,9,362,673
soc_trang,severe,TwinGate+blindARQ,1,240.0,narrow,0.1,2025,2160,0,0,0.0,240.0,11,43,12,32,1,20.0,79,1864,1.6667,11,1,10,326,769
soc_trang,severe,TwinGate+blindARQ,2,240.0,narrow,0.1,2025,2160,35,0,0.6341,240.0,5,32,12,27,7,140.0,85,1857,1.291,6,0,5,1254,1159
soc_trang,severe,TwinGate+blindARQ,3,240.0,narrow,0.1,2025,2160,0,0,0.0,240.0,7,22,12,15,5,100.0,83,1824,1.1384,8,0,7,974,859
soc_trang,severe,TwinGate+blindARQ,4,240.0,narrow,0.1,2025,2160,0,0,0.0,240.0,9,33,12,24,3,60.0,81,1831,2.176,9,0,9,246,579
soc_trang,severe,TwinGate+blindARQ,5,240.0,narrow,0.1,2025,2160,0,0,0.0,240.0,7,26,12,19,5,100.0,83,1826,1.378,8,0,7,747,662
soc_trang,severe,TwinGate+blindARQ,6,240.0,narrow,0.1,2025,2160,0,0,0.0,240.0,6,48,12,42,6,120.0,84,1835,2.1346,7,0,6,1127,1073
soc_trang,severe,TwinGate+blindARQ,7,240.0,narrow,0.1,2025,2160,0,0,0.0,240.0,8,39,12,31,4,80.0,82,1839,1.8063,8,1,7,375,681
soc_trang,severe,TwinGate+blindARQ,8,240.0,narrow,0.1,2025,2160,0,0,0.0,240.0,10,71,12,61,2,40.0,80,1831,3.2381,10,2,8,443,815
soc_trang,severe,TwinGate+blindARQ,9,240.0,narrow,0.1,2025,2160,0,0,0.0,240.0,10,36,12,26,2,40.0,80,1804,1.9227,10,1,9,334,749
soc_trang,severe,Reactive+T2,0,240.0,narrow,0.1,2025,2160,29,0,0.5089,240.0,4,8,4,4,0,0.0,0,1861,0.0,3,0,2,1110,958
soc_trang,severe,Reactive+T2,1,240.0,narrow,0.1,2025,2160,27,0,0.3811,240.0,5,12,4,7,0,0.0,0,1864,0.9183,3,0,2,1112,900
soc_trang,severe,Reactive+T2,2,240.0,narrow,0.1,2025,2160,144,0,3.1555,240.0,3,8,4,5,1,60.0,0,1857,1.2821,3,0,2,1352,1141
soc_trang,severe,Reactive+T2,3,240.0,narrow,0.1,2025,2160,104,0,1.5678,240.0,8,29,4,21,2,120.0,0,1824,2.8128,2,1,0,1385,1118
soc_trang,severe,Reactive+T2,4,240.0,narrow,0.1,2025,2160,29,0,0.5089,240.0,4,12,4,8,0,0.0,0,1831,0.9218,3,0,2,1111,961
soc_trang,severe,Reactive+T2,5,240.0,narrow,0.1,2025,2160,127,0,2.7882,240.0,4,8,4,4,1,60.0,0,1826,1.2822,3,0,2,1351,1123
soc_trang,severe,Reactive+T2,6,240.0,narrow,0.1,2025,2160,245,0,6.2761,240.0,3,11,4,8,3,180.0,0,1835,1.6309,3,0,2,1635,1366
soc_trang,severe,Reactive+T2,7,240.0,narrow,0.1,2025,2160,0,0,0.0,240.0,8,28,4,20,0,0.0,0,1839,2.4336,4,1,2,1095,884
soc_trang,severe,Reactive+T2,8,240.0,narrow,0.1,2025,2160,0,0,0.0,240.0,9,27,4,18,0,0.0,0,1831,2.1081,5,0,4,1067,880
soc_trang,severe,Reactive+T2,9,240.0,narrow,0.1,2025,2160,127,0,2.7882,240.0,4,8,4,4,1,60.0,0,1804,1.3262,4,0,3,1343,1124
soc_trang,severe,Reactive+blindARQ,0,240.0,narrow,0.1,2025,2160,29,0,0.5089,240.0,4,8,4,4,0,0.0,0,1861,0.0,3,0,2,1110,958
soc_trang,severe,Reactive+blindARQ,1,240.0,narrow,0.1,2025,2160,144,0,3.1395,240.0,3,11,4,8,1,60.0,0,1864,1.8368,3,0,2,1357,1145
soc_trang,severe,Reactive+blindARQ,2,240.0,narrow,0.1,2025,2160,249,0,6.4647,240.0,2,15,4,13,2,120.0,0,1857,0.8985,2,0,1,1604,1343
soc_trang,severe,Reactive+blindARQ,3,240.0,narrow,0.1,2025,2160,246,0,6.3244,240.0,2,23,4,21,2,120.0,0,1824,1.8338,2,0,1,1608,1349
soc_trang,severe,Reactive+blindARQ,4,240.0,narrow,0.1,2025,2160,144,0,3.1556,240.0,3,14,4,11,1,60.0,0,1831,0.9218,3,0,2,1354,1144
soc_trang,severe,Reactive+blindARQ,5,240.0,narrow,0.1,2025,2160,144,0,3.1547,240.0,3,9,4,6,1,60.0,0,1826,1.5772,3,0,2,1356,1145
soc_trang,severe,Reactive+blindARQ,6,240.0,narrow,0.1,2025,2160,529,0,22.133,240.0,1,20,4,19,3,180.0,0,1835,1.8483,2,0,1,1777,1482
soc_trang,severe,Reactive+blindARQ,7,240.0,narrow,0.1,2025,2160,286,0,7.0911,240.0,2,13,4,11,2,120.0,0,1839,1.5724,2,0,1,1630,1366
soc_trang,severe,Reactive+blindARQ,8,240.0,narrow,0.1,2025,2160,29,0,0.5089,240.0,4,11,4,7,0,0.0,0,1831,1.2445,3,0,2,1109,961
soc_trang,severe,Reactive+blindARQ,9,240.0,narrow,0.1,2025,2160,144,0,3.1552,240.0,3,16,4,13,1,60.0,0,1804,2.1921,2,0,1,1342,1150
soc_trang,severe,FixedSchedule,0,240.0,narrow,0.1,2025,2160,330,0,8.5139,240.0,4,10,4,6,0,0.0,0,1861,0.0029,1,0,0,1631,1312
soc_trang,severe,FixedSchedule,1,240.0,narrow,0.1,2025,2160,500,0,19.3901,240.0,3,15,4,12,1,60.0,0,1864,0.7709,1,0,0,1734,1416
soc_trang,severe,FixedSchedule,2,240.0,narrow,0.1,2025,2160,602,0,29.6537,240.0,2,20,4,18,2,120.0,0,1857,1.3967,1,0,0,1832,1511
soc_trang,severe,FixedSchedule,3,240.0,narrow,0.1,2025,2160,627,0,31.8082,240.0,2,14,4,12,2,120.0,0,1824,0.9822,1,0,0,1839,1534
soc_trang,severe,FixedSchedule,4,240.0,narrow,0.1,2025,2160,505,0,19.9832,240.0,3,15,4,12,1,60.0,0,1831,1.0923,1,0,0,1737,1418
soc_trang,severe,FixedSchedule,5,240.0,narrow,0.1,2025,2160,518,0,20.1725,240.0,3,14,4,11,1,60.0,0,1826,0.9785,1,0,0,1738,1419
soc_trang,severe,FixedSchedule,6,240.0,narrow,0.1,2025,2160,752,0,44.0453,240.0,1,8,4,7,3,180.0,0,1835,0.0022,1,0,0,1975,1654
soc_trang,severe,FixedSchedule,7,240.0,narrow,0.1,2025,2160,628,0,32.0976,240.0,2,18,4,16,2,120.0,0,1839,0.511,1,0,0,1854,1535
soc_trang,severe,FixedSchedule,8,240.0,narrow,0.1,2025,2160,330,0,8.5139,240.0,4,14,4,10,0,0.0,0,1831,0.0039,1,0,0,1631,1312
soc_trang,severe,FixedSchedule,9,240.0,narrow,0.1,2025,2160,518,0,20.2111,240.0,3,15,4,12,1,60.0,0,1804,0.5267,1,0,0,1738,1419
soc_trang,severe,Oracle,0,240.0,narrow,0.1,2025,2160,0,0,0.0,200.0,9,44,9,35,0,0.0,0,1861,2.3138,7,6,1,802,1023
soc_trang,severe,Oracle,1,240.0,narrow,0.1,2025,2160,0,0,0.0,200.0,9,30,9,21,1,20.0,0,1864,1.2172,7,6,1,788,1062
soc_trang,severe,Oracle,2,240.0,narrow,0.1,2025,2160,0,0,0.0,200.0,9,27,9,18,1,20.0,0,1857,1.6667,7,6,1,779,1055
soc_trang,severe,Oracle,3,240.0,narrow,0.1,2025,2160,0,0,0.0,200.0,9,44,9,35,1,20.0,0,1824,2.0796,7,6,1,792,1060
soc_trang,severe,Oracle,4,240.0,narrow,0.1,2025,2160,0,0,0.0,200.0,9,22,9,13,1,20.0,0,1831,1.3608,7,6,1,783,1053
soc_trang,severe,Oracle,5,240.0,narrow,0.1,2025,2160,0,0,0.0,200.0,9,20,9,11,1,20.0,0,1826,1.7743,7,6,1,781,1056
soc_trang,severe,Oracle,6,240.0,narrow,0.1,2025,2160,0,0,0.0,200.0,9,26,9,17,2,40.0,0,1835,1.4272,7,6,1,787,1055
soc_trang,severe,Oracle,7,240.0,narrow,0.1,2025,2160,0,0,0.0,200.0,9,36,9,27,1,20.0,0,1839,2.3152,7,6,1,786,1018
soc_trang,severe,Oracle,8,240.0,narrow,0.1,2025,2160,0,0,0.0,200.0,9,13,9,4,0,0.0,0,1831,0.4303,7,6,1,777,1051
soc_trang,severe,Oracle,9,240.0,narrow,0.1,2025,2160,0,0,0.0,200.0,9,21,9,12,2,40.0,0,1804,1.61,7,6,1,785,1057
soc_trang,severe,TwinGate+T2+centre,0,240.0,narrow,0.1,2025,2160,0,0,0.0,240.0,16,43,12,27,2,40.0,74,1861,1.4905,10,3,7,614,991
soc_trang,severe,TwinGate+T2+centre,1,240.0,narrow,0.1,2025,2160,0,0,0.0,240.0,16,47,12,31,1,20.0,74,1864,1.291,11,1,10,414,769
soc_trang,severe,TwinGate+T2+centre,2,240.0,narrow,0.1,2025,2160,0,0,0.0,240.0,10,30,12,20,5,100.0,80,1857,1.2298,9,2,6,1102,1047
soc_trang,severe,TwinGate+T2+centre,3,240.0,narrow,0.1,2025,2160,129,0,4.796,200.0,14,47,9,33,3,60.0,76,1824,1.5139,7,3,4,593,864
soc_trang,severe,TwinGate+T2+centre,4,240.0,narrow,0.1,2025,2160,106,0,4.5858,200.0,11,29,9,18,2,40.0,79,1831,1.1384,8,2,5,973,803
soc_trang,severe,TwinGate+T2+centre,5,240.0,narrow,0.1,2025,2160,0,0,0.0,240.0,12,37,12,25,3,60.0,78,1826,1.1432,10,0,10,253,624
soc_trang,severe,TwinGate+T2+centre,6,240.0,narrow,0.1,2025,2160,0,0,0.0,240.0,10,26,12,16,4,80.0,80,1835,1.1386,9,1,8,342,710
soc_trang,severe,TwinGate+T2+centre,7,240.0,narrow,0.1,2025,2160,0,0,0.0,240.0,14,47,12,33,2,40.0,76,1839,1.5515,10,1,9,486,791
soc_trang,severe,TwinGate+T2+centre,8,240.0,narrow,0.1,2025,2160,0,0,0.0,240.0,17,48,12,31,2,40.0,73,1831,1.4269,11,1,10,597,1006
soc_trang,severe,TwinGate+T2+centre,9,240.0,narrow,0.1,2025,2160,0,0,0.0,240.0,14,32,12,18,1,20.0,76,1804,1.1385,11,1,10,290,718
soc_trang,severe,TwinGate+T2,0,320.0,awd,0.02,2025,2160,0,0,0.0,240.0,16,45,12,29,2,40.0,74,1861,1.4905,6,3,3,501,832
soc_trang,severe,TwinGate+T2,1,320.0,awd,0.02,2025,2160,0,0,0.0,220.0,17,48,11,31,0,0.0,73,1864,1.1385,10,3,7,524,938
soc_trang,severe,TwinGate+T2,2,320.0,awd,0.02,2025,2160,0,0,0.0,260.0,11,37,13,26,5,100.0,79,1857,1.4362,9,3,6,604,922
soc_trang,severe,TwinGate+T2,3,320.0,awd,0.02,2025,2160,0,0,0.0,260.0,11,35,13,24,5,100.0,79,1824,1.3603,9,3,6,474,777
soc_trang,severe,TwinGate+T2,4,320.0,awd,0.02,2025,2160,11,0,0.0504,220.0,16,43,11,27,0,0.0,74,1831,1.5516,8,2,6,414,821
soc_trang,severe,TwinGate+T2,5,320.0,awd,0.02,2025,2160,0,0,0.0,240.0,8,24,12,16,5,100.0,82,1826,1.0541,7,2,5,474,703
soc_trang,severe,TwinGate+T2,6,320.0,awd,0.02,2025,2160,0,0,0.0,220.0,10,32,11,22,3,60.0,80,1835,1.0549,6,3,3,377,693
soc_trang,severe,TwinGate+T2,7,320.0,awd,0.02,2025,2160,0,0,0.0,220.0,11,36,11,25,3,60.0,79,1839,1.0541,5,3,2,417,738
soc_trang,severe,TwinGate+T2,8,320.0,awd,0.02,2025,2160,0,0,0.0,240.0,17,47,12,30,2,40.0,73,1831,1.4902,8,3,5,486,897
soc_trang,severe,TwinGate+T2,9,320.0,awd,0.02,2025,2160,0,0,0.0,220.0,12,29,11,17,2,40.0,78,1804,1.0539,6,3,3,417,788
soc_trang,severe,TwinGate+blindARQ,0,320.0,awd,0.02,2025,2160,0,0,0.0,240.0,10,54,12,44,2,40.0,80,1861,2.6505,5,2,3,402,766
soc_trang,severe,TwinGate+blindARQ,1,320.0,awd,0.02,2025,2160,0,0,0.0,220.0,10,29,11,19,1,20.0,80,1864,1.0541,7,2,5,388,708
soc_trang,severe,TwinGate+blindARQ,2,320.0,awd,0.02,2025,2160,0,0,0.0,280.0,6,27,14,21,8,160.0,84,1857,1.2532,6,6,0,857,1049
soc_trang,severe,TwinGate+blindARQ,3,320.0,awd,0.02,2025,2160,0,0,0.0,260.0,7,47,13,40,6,120.0,83,1824,2.2008,7,2,5,415,693
soc_trang,severe,TwinGate+blindARQ,4,320.0,awd,0.02,2025,2160,0,0,0.0,260.0,9,74,13,65,4,80.0,81,1831,3.3845,8,3,5,443,737
soc_trang,severe,TwinGate+blindARQ,5,320.0,awd,0.02,2025,2160,0,0,0.0,280.0,7,36,14,29,7,140.0,83,1826,1.0191,7,2,5,453,678
soc_trang,severe,TwinGate+blindARQ,6,320.0,awd,0.02,2025,2160,0,0,0.0,260.0,6,30,13,24,7,140.0,84,1835,1.116,6,5,1,644,832
soc_trang,severe,TwinGate+blindARQ,7,320.0,awd,0.02,2025,2160,0,0,0.0,260.0,8,39,13,31,5,100.0,82,1839,2.3912,5,3,2,344,617
soc_trang,severe,TwinGate+blindARQ,8,320.0,awd,0.02,2025,2160,0,0,0.0,240.0,10,48,12,38,2,40.0,80,1831,2.5267,8,2,6,400,675
soc_trang,severe,TwinGate+blindARQ,9,320.0,awd,0.02,2025,2160,0,0,0.0,220.0,9,47,11,38,2,40.0,81,1804,2.1929,7,2,5,416,799
soc_trang,severe,Reactive+T2,0,320.0,awd,0.02,2025,2160,0,0,0.0,320.0,7,14,6,7,0,0.0,0,1861,0.4303,4,0,3,760,606
soc_trang,severe,Reactive+T2,1,320.0,awd,0.02,2025,2160,0,0,0.0,320.0,11,33,6,22,0,0.0,0,1864,1.3979,4,1,2,713,530
soc_trang,severe,Reactive+T2,2,320.0,awd,0.02,2025,2160,0,0,0.0,320.0,6,14,6,8,1,60.0,0,1857,1.6612,4,0,3,1000,872
soc_trang,severe,Reactive+T2,3,320.0,awd,0.02,2025,2160,0,0,0.0,320.0,10,31,6,21,3,140.0,0,1824,2.9893,4,1,2,949,766
soc_trang,severe,Reactive+T2,4,320.0,awd,0.02,2025,2160,0,0,0.0,320.0,6,14,6,8,0,0.0,0,1831,0.9218,3,0,2,754,601
soc_trang,severe,Reactive+T2,5,320.0,awd,0.02,2025,2160,0,0,0.0,320.0,7,16,6,9,1,60.0,0,1826,1.8719,4,0,3,982,811
soc_trang,severe,Reactive+T2,6,320.0,awd,0.02,2025,2160,99,0,1.1275,320.0,5,13,6,8,3,180.0,0,1835,1.6867,4,0,3,1284,1065
soc_trang,severe,Reactive+T2,7,320.0,awd,0.02,2025,2160,0,0,0.0,320.0,10,32,6,22,0,0.0,0,1839,2.4714,6,1,4,620,402
soc_trang,severe,Reactive+T2,8,320.0,awd,0.02,2025,2160,0,0,0.0,320.0,11,30,6,19,1,60.0,0,1831,2.1081,5,0,5,132,416
soc_trang,severe,Reactive+T2,9,320.0,awd,0.02,2025,2160,0,0,0.0,320.0,6,11,6,5,1,60.0,0,1804,1.3262,4,0,3,982,793
soc_trang,severe,Reactive+blindARQ,0,320.0,awd,0.02,2025,2160,0,0,0.0,320.0,6,15,6,9,0,0.0,0,1861,0.7421,3,0,2,753,603
soc_trang,severe,Reactive+blindARQ,1,320.0,awd,0.02,2025,2160,13,0,0.0121,320.0,5,16,6,11,1,60.0,0,1864,1.8368,3,0,2,997,852
soc_trang,severe,Reactive+blindARQ,2,320.0,awd,0.02,2025,2160,104,0,1.5679,320.0,4,18,6,14,3,140.0,0,1857,1.3107,2,0,1,1265,1059
soc_trang,severe,Reactive+blindARQ,3,320.0,awd,0.02,2025,2160,97,0,1.024,320.0,4,49,6,45,2,120.0,0,1824,3.2254,4,0,3,1254,1067
soc_trang,severe,Reactive+blindARQ,4,320.0,awd,0.02,2025,2160,12,0,0.0108,320.0,5,18,6,13,1,60.0,0,1831,0.9218,3,0,2,993,849
soc_trang,severe,Reactive+blindARQ,5,320.0,awd,0.02,2025,2160,12,0,0.0114,320.0,5,12,6,7,2,80.0,0,1826,1.849,3,0,2,995,850
soc_trang,severe,Reactive+blindARQ,6,320.0,awd,0.02,2025,2160,203,0,4.0269,320.0,3,22,6,19,3,180.0,0,1835,1.8977,4,0,3,1531,1289
soc_trang,severe,Reactive+blindARQ,7,320.0,awd,0.02,2025,2160,104,0,1.5684,320.0,4,15,6,11,2,120.0,0,1839,1.6302,3,0,2,1279,1081
soc_trang,severe,Reactive+blindARQ,8,320.0,awd,0.02,2025,2160,0,0,0.0,320.0,5,14,6,9,1,60.0,0,1831,1.2445,4,0,3,1001,878
soc_trang,severe,Reactive+blindARQ,9,320.0,awd,0.02,2025,2160,13,0,0.0121,320.0,5,18,6,13,1,60.0,0,1804,2.1921,2,0,1,981,854
soc_trang,severe,FixedSchedule,0,320.0,awd,0.02,2025,2160,144,0,3.1113,320.0,6,12,6,6,0,0.0,0,1861,0.0029,1,0,0,1332,1048
soc_trang,severe,FixedSchedule,1,320.0,awd,0.02,2025,2160,237,0,5.2049,320.0,5,21,6,16,1,60.0,0,1864,0.7709,2,0,1,1532,1257
soc_trang,severe,FixedSchedule,2,320.0,awd,0.02,2025,2160,393,0,11.4889,320.0,4,22,6,18,3,140.0,0,1857,10.1414,1,0,0,1665,1343
soc_trang,severe,FixedSchedule,3,320.0,awd,0.02,2025,2160,391,0,11.2603,320.0,4,20,6,16,3,140.0,0,1824,4.2563,1,0,0,1664,1357
soc_trang,severe,FixedSchedule,4,320.0,awd,0.02,2025,2160,237,0,5.2096,320.0,5,19,6,14,1,60.0,0,1831,1.0923,1,0,0,1536,1254
soc_trang,severe,FixedSchedule,5,320.0,awd,0.02,2025,2160,245,0,6.2845,320.0,5,16,6,11,2,80.0,0,1826,10.4454,1,0,0,1592,1272
soc_trang,severe,FixedSchedule,6,320.0,awd,0.02,2025,2160,529,0,22.314,320.0,3,16,6,13,3,180.0,0,1835,0.0022,2,0,1,1772,1479
soc_trang,severe,FixedSchedule,7,320.0,awd,0.02,2025,2160,390,0,11.1124,320.0,4,28,6,24,2,120.0,0,1839,4.3422,1,0,0,1662,1356
soc_trang,severe,FixedSchedule,8,320.0,awd,0.02,2025,2160,236,0,5.1376,320.0,5,30,6,25,1,60.0,0,1831,7.2982,2,0,1,1538,1263
soc_trang,severe,FixedSchedule,9,320.0,awd,0.02,2025,2160,237,0,5.2096,320.0,5,18,6,13,1,60.0,0,1804,0.5267,1,0,0,1536,1254
soc_trang,severe,Oracle,0,320.0,awd,0.02,2025,2160,0,0,0.0,260.0,11,30,11,19,1,20.0,0,1861,1.291,4,2,2,323,475
soc_trang,severe,Oracle,1,320.0,awd,0.02,2025,2160,0,0,0.0,260.0,11,42,11,31,0,0.0,0,1864,1.956,4,2,2,320,484
soc_trang,severe,Oracle,2,320.0,awd,0.02,2025,2160,0,0,0.0,260.0,11,57,11,46,0,0.0,0,1857,3.3744,4,2,2,326,496
soc_trang,severe,Oracle,3,320.0,awd,0.02,2025,2160,0,0,0.0,260.0,11,57,11,46,1,40.0,0,1824,3.3601,4,2,2,339,478
soc_trang,severe,Oracle,4,320.0,awd,0.02,2025,2160,0,0,0.0,260.0,11,39,11,28,0,0.0,0,1831,2.0107,4,2,2,327,474
soc_trang,severe,Oracle,5,320.0,awd,0.02,2025,2160,0,0,0.0,260.0,11,31,11,20,2,40.0,0,1826,1.6667,4,2,2,323,477
soc_trang,severe,Oracle,6,320.0,awd,0.02,2025,2160,0,0,0.0,260.0,11,23,11,12,4,100.0,0,1835,1.5516,4,2,2,317,471
soc_trang,severe,Oracle,7,320.0,awd,0.02,2025,2160,0,0,0.0,260.0,11,36,11,25,2,40.0,0,1839,2.016,4,2,2,326,464
soc_trang,severe,Oracle,8,320.0,awd,0.02,2025,2160,0,0,0.0,260.0,11,39,11,28,0,0.0,0,1831,2.5289,4,2,2,324,484
soc_trang,severe,Oracle,9,320.0,awd,0.02,2025,2160,0,0,0.0,260.0,11,59,11,48,0,0.0,0,1804,3.2967,4,2,2,322,477
soc_trang,severe,TwinGate+T2+centre,0,320.0,awd,0.02,2025,2160,0,0,0.0,260.0,17,46,13,29,1,20.0,73,1861,1.2171,8,0,8,147,630
soc_trang,severe,TwinGate+T2+centre,1,320.0,awd,0.02,2025,2160,0,0,0.0,240.0,19,54,12,35,1,20.0,71,1864,1.4272,8,1,7,239,671
soc_trang,severe,TwinGate+T2+centre,2,320.0,awd,0.02,2025,2160,0,0,0.0,300.0,12,35,15,23,6,120.0,78,1857,1.4923,4,0,4,51,469
soc_trang,severe,TwinGate+T2+centre,3,320.0,awd,0.02,2025,2160,0,0,0.0,260.0,18,58,13,40,5,100.0,72,1824,1.7274,5,1,4,213,573
soc_trang,severe,TwinGate+T2+centre,4,320.0,awd,0.02,2025,2160,0,0,0.0,260.0,13,36,13,23,2,40.0,77,1831,1.0541,6,0,6,80,516
soc_trang,severe,TwinGate+T2+centre,5,320.0,awd,0.02,2025,2160,0,0,0.0,300.0,11,26,15,15,6,120.0,79,1826,1.1376,4,0,4,38,463
soc_trang,severe,TwinGate+T2+centre,6,320.0,awd,0.02,2025,2160,0,0,0.0,260.0,13,37,13,24,7,140.0,77,1835,1.4907,10,0,10,162,596
soc_trang,severe,TwinGate+T2+centre,7,320.0,awd,0.02,2025,2160,0,0,0.0,260.0,16,48,13,32,3,60.0,74,1839,1.8256,7,1,6,160,568
soc_trang,severe,TwinGate+T2+centre,8,320.0,awd,0.02,2025,2160,0,0,0.0,240.0,20,57,12,37,2,40.0,70,1831,1.7208,7,1,6,254,673
soc_trang,severe,TwinGate+T2+centre,9,320.0,awd,0.02,2025,2160,0,0,0.0,240.0,15,40,12,25,1,20.0,75,1804,1.4272,8,1,7,280,745
soc_trang,severe,TwinGate+T2,0,320.0,mid,0.05,2025,2160,0,0,0.0,240.0,14,37,12,23,2,40.0,76,1861,1.1385,8,2,6,379,755
soc_trang,severe,TwinGate+T2,1,320.0,mid,0.05,2025,2160,0,0,0.0,220.0,17,51,11,34,0,0.0,73,1864,1.3608,10,2,8,458,941
soc_trang,severe,TwinGate+T2,2,320.0,mid,0.05,2025,2160,0,0,0.0,240.0,12,38,12,26,4,80.0,78,1857,1.5093,7,2,5,475,815
soc_trang,severe,TwinGate+T2,3,320.0,mid,0.05,2025,2160,0,0,0.0,260.0,13,42,13,29,5,100.0,77,1824,1.4907,9,2,7,433,740
soc_trang,severe,TwinGate+T2,4,320.0,mid,0.05,2025,2160,0,0,0.0,260.0,11,30,13,19,4,80.0,79,1831,1.1385,6,3,3,389,707
soc_trang,severe,TwinGate+T2,5,320.0,mid,0.05,2025,2160,0,0,0.0,260.0,10,26,13,16,5,100.0,80,1826,1.291,6,2,4,362,697
soc_trang,severe,TwinGate+T2,6,320.0,mid,0.05,2025,2160,0,0,0.0,260.0,8,21,13,13,7,140.0,82,1835,1.241,7,3,4,467,815
soc_trang,severe,TwinGate+T2,7,320.0,mid,0.05,2025,2160,0,0,0.0,240.0,11,32,12,21,3,60.0,79,1839,1.5515,7,3,4,396,675
soc_trang,severe,TwinGate+T2,8,320.0,mid,0.05,2025,2160,0,0,0.0,240.0,13,38,12,25,1,20.0,77,1831,0.9623,11,2,9,479,882
soc_trang,severe,TwinGate+T2,9,320.0,mid,0.05,2025,2160,0,0,0.0,220.0,15,43,11,28,2,40.0,75,1804,1.3608,9,2,7,528,960
soc_trang,severe,TwinGate+blindARQ,0,320.0,mid,0.05,2025,2160,0,0,0.0,240.0,10,42,12,32,2,40.0,80,1861,1.8636,8,2,6,415,819
soc_trang,severe,TwinGate+blindARQ,1,320.0,mid,0.05,2025,2160,0,0,0.0,240.0,11,47,12,36,1,20.0,79,1864,2.0636,8,2,6,414,778
soc_trang,severe,TwinGate+blindARQ,2,320.0,mid,0.05,2025,2160,0,0,0.0,300.0,7,41,15,34,8,160.0,83,1857,1.3007,7,2,5,489,829
soc_trang,severe,TwinGate+blindARQ,3,320.0,mid,0.05,2025,2160,0,0,0.0,260.0,7,40,13,33,6,120.0,83,1824,2.1331,7,2,5,352,618
soc_trang,severe,TwinGate+blindARQ,4,320.0,mid,0.05,2025,2160,0,0,0.0,260.0,9,27,13,18,4,80.0,81,1831,1.2171,7,2,5,392,691
soc_trang,severe,TwinGate+blindARQ,5,320.0,mid,0.05,2025,2160,0,0,0.0,280.0,7,42,14,35,7,140.0,83,1826,1.7138,5,2,3,331,584
soc_trang,severe,TwinGate+blindARQ,6,320.0,mid,0.05,2025,2160,0,0,0.0,320.0,7,33,16,26,9,180.0,83,1835,1.3549,7,3,4,480,772
soc_trang,severe,TwinGate+blindARQ,7,320.0,mid,0.05,2025,2160,0,0,0.0,260.0,8,56,13,48,5,100.0,82,1839,2.8629,8,1,7,336,623
soc_trang,severe,TwinGate+blindARQ,8,320.0,mid,0.05,2025,2160,0,0,0.0,240.0,10,43,12,33,2,40.0,80,1831,1.851,7,2,5,384,715
soc_trang,severe,TwinGate+blindARQ,9,320.0,mid,0.05,2025,2160,0,0,0.0,240.0,10,25,12,15,2,40.0,80,1804,1.3608,8,2,6,412,729
soc_trang,severe,Reactive+T2,0,320.0,mid,0.05,2025,2160,0,0,0.0,320.0,7,14,6,7,0,0.0,0,1861,0.4303,4,0,3,760,606
soc_trang,severe,Reactive+T2,1,320.0,mid,0.05,2025,2160,0,0,0.0,320.0,11,33,6,22,0,0.0,0,1864,1.3979,4,1,2,713,530
soc_trang,severe,Reactive+T2,2,320.0,mid,0.05,2025,2160,0,0,0.0,320.0,6,14,6,8,1,60.0,0,1857,1.6612,4,0,3,1000,872
soc_trang,severe,Reactive+T2,3,320.0,mid,0.05,2025,2160,0,0,0.0,320.0,10,31,6,21,3,140.0,0,1824,2.9893,4,1,2,949,766
soc_trang,severe,Reactive+T2,4,320.0,mid,0.05,2025,2160,0,0,0.0,320.0,6,14,6,8,0,0.0,0,1831,0.9218,3,0,2,754,601
soc_trang,severe,Reactive+T2,5,320.0,mid,0.05,2025,2160,0,0,0.0,320.0,7,16,6,9,1,60.0,0,1826,1.8719,4,0,3,982,811
soc_trang,severe,Reactive+T2,6,320.0,mid,0.05,2025,2160,99,0,1.1275,320.0,5,13,6,8,3,180.0,0,1835,1.6867,4,0,3,1284,1065
soc_trang,severe,Reactive+T2,7,320.0,mid,0.05,2025,2160,0,0,0.0,320.0,10,32,6,22,0,0.0,0,1839,2.4714,6,1,4,620,402
soc_trang,severe,Reactive+T2,8,320.0,mid,0.05,2025,2160,0,0,0.0,320.0,11,30,6,19,1,60.0,0,1831,2.1081,5,0,5,132,416
soc_trang,severe,Reactive+T2,9,320.0,mid,0.05,2025,2160,0,0,0.0,320.0,6,11,6,5,1,60.0,0,1804,1.3262,4,0,3,982,793
soc_trang,severe,Reactive+blindARQ,0,320.0,mid,0.05,2025,2160,0,0,0.0,320.0,6,15,6,9,0,0.0,0,1861,0.7421,3,0,2,753,603
soc_trang,severe,Reactive+blindARQ,1,320.0,mid,0.05,2025,2160,13,0,0.0121,320.0,5,16,6,11,1,60.0,0,1864,1.8368,3,0,2,997,852
soc_trang,severe,Reactive+blindARQ,2,320.0,mid,0.05,2025,2160,104,0,1.5679,320.0,4,18,6,14,3,140.0,0,1857,1.3107,2,0,1,1265,1059
soc_trang,severe,Reactive+blindARQ,3,320.0,mid,0.05,2025,2160,97,0,1.024,320.0,4,49,6,45,2,120.0,0,1824,3.2254,4,0,3,1254,1067
soc_trang,severe,Reactive+blindARQ,4,320.0,mid,0.05,2025,2160,12,0,0.0108,320.0,5,18,6,13,1,60.0,0,1831,0.9218,3,0,2,993,849
soc_trang,severe,Reactive+blindARQ,5,320.0,mid,0.05,2025,2160,12,0,0.0114,320.0,5,12,6,7,2,80.0,0,1826,1.849,3,0,2,995,850
soc_trang,severe,Reactive+blindARQ,6,320.0,mid,0.05,2025,2160,203,0,4.0269,320.0,3,22,6,19,3,180.0,0,1835,1.8977,4,0,3,1531,1289
soc_trang,severe,Reactive+blindARQ,7,320.0,mid,0.05,2025,2160,104,0,1.5684,320.0,4,15,6,11,2,120.0,0,1839,1.6302,3,0,2,1279,1081
soc_trang,severe,Reactive+blindARQ,8,320.0,mid,0.05,2025,2160,0,0,0.0,320.0,5,14,6,9,1,60.0,0,1831,1.2445,4,0,3,1001,878
soc_trang,severe,Reactive+blindARQ,9,320.0,mid,0.05,2025,2160,13,0,0.0121,320.0,5,18,6,13,1,60.0,0,1804,2.1921,2,0,1,981,854
soc_trang,severe,FixedSchedule,0,320.0,mid,0.05,2025,2160,144,0,3.1113,320.0,6,12,6,6,0,0.0,0,1861,0.0029,1,0,0,1332,1048
soc_trang,severe,FixedSchedule,1,320.0,mid,0.05,2025,2160,237,0,5.2049,320.0,5,21,6,16,1,60.0,0,1864,0.7709,2,0,1,1532,1257
soc_trang,severe,FixedSchedule,2,320.0,mid,0.05,2025,2160,393,0,11.4889,320.0,4,22,6,18,3,140.0,0,1857,10.1414,1,0,0,1665,1343
soc_trang,severe,FixedSchedule,3,320.0,mid,0.05,2025,2160,391,0,11.2603,320.0,4,20,6,16,3,140.0,0,1824,4.2563,1,0,0,1664,1357
soc_trang,severe,FixedSchedule,4,320.0,mid,0.05,2025,2160,237,0,5.2096,320.0,5,19,6,14,1,60.0,0,1831,1.0923,1,0,0,1536,1254
soc_trang,severe,FixedSchedule,5,320.0,mid,0.05,2025,2160,245,0,6.2845,320.0,5,16,6,11,2,80.0,0,1826,10.4454,1,0,0,1592,1272
soc_trang,severe,FixedSchedule,6,320.0,mid,0.05,2025,2160,529,0,22.314,320.0,3,16,6,13,3,180.0,0,1835,0.0022,2,0,1,1772,1479
soc_trang,severe,FixedSchedule,7,320.0,mid,0.05,2025,2160,390,0,11.1124,320.0,4,28,6,24,2,120.0,0,1839,4.3422,1,0,0,1662,1356
soc_trang,severe,FixedSchedule,8,320.0,mid,0.05,2025,2160,236,0,5.1376,320.0,5,30,6,25,1,60.0,0,1831,7.2982,2,0,1,1538,1263
soc_trang,severe,FixedSchedule,9,320.0,mid,0.05,2025,2160,237,0,5.2096,320.0,5,18,6,13,1,60.0,0,1804,0.5267,1,0,0,1536,1254
soc_trang,severe,Oracle,0,320.0,mid,0.05,2025,2160,0,0,0.0,260.0,11,30,11,19,1,20.0,0,1861,1.291,4,2,2,323,475
soc_trang,severe,Oracle,1,320.0,mid,0.05,2025,2160,0,0,0.0,260.0,11,42,11,31,0,0.0,0,1864,1.956,4,2,2,320,484
soc_trang,severe,Oracle,2,320.0,mid,0.05,2025,2160,0,0,0.0,260.0,11,57,11,46,0,0.0,0,1857,3.3744,4,2,2,326,496
soc_trang,severe,Oracle,3,320.0,mid,0.05,2025,2160,0,0,0.0,260.0,11,57,11,46,1,40.0,0,1824,3.3601,4,2,2,339,478
soc_trang,severe,Oracle,4,320.0,mid,0.05,2025,2160,0,0,0.0,260.0,11,39,11,28,0,0.0,0,1831,2.0107,4,2,2,327,474
soc_trang,severe,Oracle,5,320.0,mid,0.05,2025,2160,0,0,0.0,260.0,11,31,11,20,2,40.0,0,1826,1.6667,4,2,2,323,477
soc_trang,severe,Oracle,6,320.0,mid,0.05,2025,2160,0,0,0.0,260.0,11,23,11,12,4,100.0,0,1835,1.5516,4,2,2,317,471
soc_trang,severe,Oracle,7,320.0,mid,0.05,2025,2160,0,0,0.0,260.0,11,36,11,25,2,40.0,0,1839,2.016,4,2,2,326,464
soc_trang,severe,Oracle,8,320.0,mid,0.05,2025,2160,0,0,0.0,260.0,11,39,11,28,0,0.0,0,1831,2.5289,4,2,2,324,484
soc_trang,severe,Oracle,9,320.0,mid,0.05,2025,2160,0,0,0.0,260.0,11,59,11,48,0,0.0,0,1804,3.2967,4,2,2,322,477
soc_trang,severe,TwinGate+T2+centre,0,320.0,mid,0.05,2025,2160,0,0,0.0,260.0,17,46,13,29,1,20.0,73,1861,1.2171,8,0,8,147,630
soc_trang,severe,TwinGate+T2+centre,1,320.0,mid,0.05,2025,2160,0,0,0.0,240.0,19,54,12,35,1,20.0,71,1864,1.4272,8,1,7,239,671
soc_trang,severe,TwinGate+T2+centre,2,320.0,mid,0.05,2025,2160,0,0,0.0,300.0,12,35,15,23,6,120.0,78,1857,1.4923,4,0,4,51,469
soc_trang,severe,TwinGate+T2+centre,3,320.0,mid,0.05,2025,2160,0,0,0.0,260.0,18,58,13,40,5,100.0,72,1824,1.7274,5,1,4,213,573
soc_trang,severe,TwinGate+T2+centre,4,320.0,mid,0.05,2025,2160,0,0,0.0,260.0,13,36,13,23,2,40.0,77,1831,1.0541,6,0,6,80,516
soc_trang,severe,TwinGate+T2+centre,5,320.0,mid,0.05,2025,2160,0,0,0.0,300.0,11,26,15,15,6,120.0,79,1826,1.1376,4,0,4,38,463
soc_trang,severe,TwinGate+T2+centre,6,320.0,mid,0.05,2025,2160,0,0,0.0,260.0,13,37,13,24,7,140.0,77,1835,1.4907,10,0,10,162,596
soc_trang,severe,TwinGate+T2+centre,7,320.0,mid,0.05,2025,2160,0,0,0.0,260.0,16,48,13,32,3,60.0,74,1839,1.8256,7,1,6,160,568
soc_trang,severe,TwinGate+T2+centre,8,320.0,mid,0.05,2025,2160,0,0,0.0,240.0,20,57,12,37,2,40.0,70,1831,1.7208,7,1,6,254,673
soc_trang,severe,TwinGate+T2+centre,9,320.0,mid,0.05,2025,2160,0,0,0.0,240.0,15,40,12,25,1,20.0,75,1804,1.4272,8,1,7,280,745
soc_trang,severe,TwinGate+T2,0,320.0,narrow,0.1,2025,2160,0,0,0.0,240.0,16,43,12,27,2,40.0,74,1861,1.4905,10,3,7,614,991
soc_trang,severe,TwinGate+T2,1,320.0,narrow,0.1,2025,2160,0,0,0.0,240.0,16,47,12,31,1,20.0,74,1864,1.291,11,1,10,414,769
soc_trang,severe,TwinGate+T2,2,320.0,narrow,0.1,2025,2160,0,0,0.0,280.0,11,33,14,22,6,120.0,79,1857,1.3029,9,2,7,408,742
soc_trang,severe,TwinGate+T2,3,320.0,narrow,0.1,2025,2160,129,0,4.796,200.0,14,47,9,33,3,60.0,76,1824,1.5139,7,3,4,593,864
soc_trang,severe,TwinGate+T2,4,320.0,narrow,0.1,2025,2160,106,0,4.5858,200.0,11,29,9,18,2,40.0,79,1831,1.1384,8,2,5,973,803
soc_trang,severe,TwinGate+T2,5,320.0,narrow,0.1,2025,2160,0,0,0.0,240.0,12,37,12,25,3,60.0,78,1826,1.1432,10,0,10,253,624
soc_trang,severe,TwinGate+T2,6,320.0,narrow,0.1,2025,2160,0,0,0.0,260.0,10,27,13,17,5,100.0,80,1835,1.1386,9,1,8,342,668
soc_trang,severe,TwinGate+T2,7,320.0,narrow,0.1,2025,2160,0,0,0.0,260.0,14,48,13,34,3,60.0,76,1839,1.5515,10,1,9,486,791
soc_trang,severe,TwinGate+T2,8,320.0,narrow,0.1,2025,2160,0,0,0.0,240.0,17,48,12,31,2,40.0,73,1831,1.4269,11,1,10,597,1006
soc_trang,severe,TwinGate+T2,9,320.0,narrow,0.1,2025,2160,0,0,0.0,240.0,14,32,12,18,1,20.0,76,1804,1.1385,11,1,10,290,718
soc_trang,severe,TwinGate+blindARQ,0,320.0,narrow,0.1,2025,2160,0,0,0.0,240.0,10,44,12,34,2,40.0,80,1861,2.6758,10,1,9,362,673
soc_trang,severe,TwinGate+blindARQ,1,320.0,narrow,0.1,2025,2160,0,0,0.0,240.0,11,43,12,32,1,20.0,79,1864,1.6667,11,1,10,326,769
soc_trang,severe,TwinGate+blindARQ,2,320.0,narrow,0.1,2025,2160,0,0,0.0,320.0,8,40,16,32,8,160.0,82,1857,1.3609,9,1,7,814,738
soc_trang,severe,TwinGate+blindARQ,3,320.0,narrow,0.1,2025,2160,0,0,0.0,320.0,8,28,16,20,8,160.0,82,1824,1.217,8,0,8,251,537
soc_trang,severe,TwinGate+blindARQ,4,320.0,narrow,0.1,2025,2160,0,0,0.0,260.0,9,34,13,25,4,80.0,81,1831,2.176,9,0,9,246,526
soc_trang,severe,TwinGate+blindARQ,5,320.0,narrow,0.1,2025,2160,0,0,0.0,300.0,8,31,15,23,7,140.0,82,1826,1.3852,8,0,8,195,485
soc_trang,severe,TwinGate+blindARQ,6,320.0,narrow,0.1,2025,2160,0,0,0.0,320.0,7,53,16,46,9,180.0,83,1835,2.2647,7,0,7,209,561
soc_trang,severe,TwinGate+blindARQ,7,320.0,narrow,0.1,2025,2160,0,0,0.0,260.0,8,41,13,33,5,100.0,82,1839,1.8569,8,1,7,375,637
soc_trang,severe,TwinGate+blindARQ,8,320.0,narrow,0.1,2025,2160,0,0,0.0,240.0,10,71,12,61,2,40.0,80,1831,3.2381,10,2,8,443,815
soc_trang,severe,TwinGate+blindARQ,9,320.0,narrow,0.1,2025,2160,0,0,0.0,240.0,10,36,12,26,2,40.0,80,1804,1.9227,10,1,9,334,749
soc_trang,severe,Reactive+T2,0,320.0,narrow,0.1,2025,2160,0,0,0.0,320.0,7,14,6,7,0,0.0,0,1861,0.4303,4,0,3,760,606
soc_trang,severe,Reactive+T2,1,320.0,narrow,0.1,2025,2160,0,0,0.0,320.0,11,33,6,22,0,0.0,0,1864,1.3979,4,1,2,713,530
soc_trang,severe,Reactive+T2,2,320.0,narrow,0.1,2025,2160,0,0,0.0,320.0,6,14,6,8,1,60.0,0,1857,1.6612,4,0,3,1000,872
soc_trang,severe,Reactive+T2,3,320.0,narrow,0.1,2025,2160,0,0,0.0,320.0,10,31,6,21,3,140.0,0,1824,2.9893,4,1,2,949,766
soc_trang,severe,Reactive+T2,4,320.0,narrow,0.1,2025,2160,0,0,0.0,320.0,6,14,6,8,0,0.0,0,1831,0.9218,3,0,2,754,601
soc_trang,severe,Reactive+T2,5,320.0,narrow,0.1,2025,2160,0,0,0.0,320.0,7,16,6,9,1,60.0,0,1826,1.8719,4,0,3,982,811
soc_trang,severe,Reactive+T2,6,320.0,narrow,0.1,2025,2160,99,0,1.1275,320.0,5,13,6,8,3,180.0,0,1835,1.6867,4,0,3,1284,1065
soc_trang,severe,Reactive+T2,7,320.0,narrow,0.1,2025,2160,0,0,0.0,320.0,10,32,6,22,0,0.0,0,1839,2.4714,6,1,4,620,402
soc_trang,severe,Reactive+T2,8,320.0,narrow,0.1,2025,2160,0,0,0.0,320.0,11,30,6,19,1,60.0,0,1831,2.1081,5,0,5,132,416
soc_trang,severe,Reactive+T2,9,320.0,narrow,0.1,2025,2160,0,0,0.0,320.0,6,11,6,5,1,60.0,0,1804,1.3262,4,0,3,982,793
soc_trang,severe,Reactive+blindARQ,0,320.0,narrow,0.1,2025,2160,0,0,0.0,320.0,6,15,6,9,0,0.0,0,1861,0.7421,3,0,2,753,603
soc_trang,severe,Reactive+blindARQ,1,320.0,narrow,0.1,2025,2160,13,0,0.0121,320.0,5,16,6,11,1,60.0,0,1864,1.8368,3,0,2,997,852
soc_trang,severe,Reactive+blindARQ,2,320.0,narrow,0.1,2025,2160,104,0,1.5679,320.0,4,18,6,14,3,140.0,0,1857,1.3107,2,0,1,1265,1059
soc_trang,severe,Reactive+blindARQ,3,320.0,narrow,0.1,2025,2160,97,0,1.024,320.0,4,49,6,45,2,120.0,0,1824,3.2254,4,0,3,1254,1067
soc_trang,severe,Reactive+blindARQ,4,320.0,narrow,0.1,2025,2160,12,0,0.0108,320.0,5,18,6,13,1,60.0,0,1831,0.9218,3,0,2,993,849
soc_trang,severe,Reactive+blindARQ,5,320.0,narrow,0.1,2025,2160,12,0,0.0114,320.0,5,12,6,7,2,80.0,0,1826,1.849,3,0,2,995,850
soc_trang,severe,Reactive+blindARQ,6,320.0,narrow,0.1,2025,2160,203,0,4.0269,320.0,3,22,6,19,3,180.0,0,1835,1.8977,4,0,3,1531,1289
soc_trang,severe,Reactive+blindARQ,7,320.0,narrow,0.1,2025,2160,104,0,1.5684,320.0,4,15,6,11,2,120.0,0,1839,1.6302,3,0,2,1279,1081
soc_trang,severe,Reactive+blindARQ,8,320.0,narrow,0.1,2025,2160,0,0,0.0,320.0,5,14,6,9,1,60.0,0,1831,1.2445,4,0,3,1001,878
soc_trang,severe,Reactive+blindARQ,9,320.0,narrow,0.1,2025,2160,13,0,0.0121,320.0,5,18,6,13,1,60.0,0,1804,2.1921,2,0,1,981,854
soc_trang,severe,FixedSchedule,0,320.0,narrow,0.1,2025,2160,144,0,3.1113,320.0,6,12,6,6,0,0.0,0,1861,0.0029,1,0,0,1332,1048
soc_trang,severe,FixedSchedule,1,320.0,narrow,0.1,2025,2160,237,0,5.2049,320.0,5,21,6,16,1,60.0,0,1864,0.7709,2,0,1,1532,1257
soc_trang,severe,FixedSchedule,2,320.0,narrow,0.1,2025,2160,393,0,11.4889,320.0,4,22,6,18,3,140.0,0,1857,10.1414,1,0,0,1665,1343
soc_trang,severe,FixedSchedule,3,320.0,narrow,0.1,2025,2160,391,0,11.2603,320.0,4,20,6,16,3,140.0,0,1824,4.2563,1,0,0,1664,1357
soc_trang,severe,FixedSchedule,4,320.0,narrow,0.1,2025,2160,237,0,5.2096,320.0,5,19,6,14,1,60.0,0,1831,1.0923,1,0,0,1536,1254
soc_trang,severe,FixedSchedule,5,320.0,narrow,0.1,2025,2160,245,0,6.2845,320.0,5,16,6,11,2,80.0,0,1826,10.4454,1,0,0,1592,1272
soc_trang,severe,FixedSchedule,6,320.0,narrow,0.1,2025,2160,529,0,22.314,320.0,3,16,6,13,3,180.0,0,1835,0.0022,2,0,1,1772,1479
soc_trang,severe,FixedSchedule,7,320.0,narrow,0.1,2025,2160,390,0,11.1124,320.0,4,28,6,24,2,120.0,0,1839,4.3422,1,0,0,1662,1356
soc_trang,severe,FixedSchedule,8,320.0,narrow,0.1,2025,2160,236,0,5.1376,320.0,5,30,6,25,1,60.0,0,1831,7.2982,2,0,1,1538,1263
soc_trang,severe,FixedSchedule,9,320.0,narrow,0.1,2025,2160,237,0,5.2096,320.0,5,18,6,13,1,60.0,0,1804,0.5267,1,0,0,1536,1254
soc_trang,severe,Oracle,0,320.0,narrow,0.1,2025,2160,0,0,0.0,260.0,11,30,11,19,1,20.0,0,1861,1.291,4,2,2,323,475
soc_trang,severe,Oracle,1,320.0,narrow,0.1,2025,2160,0,0,0.0,260.0,11,42,11,31,0,0.0,0,1864,1.956,4,2,2,320,484
soc_trang,severe,Oracle,2,320.0,narrow,0.1,2025,2160,0,0,0.0,260.0,11,57,11,46,0,0.0,0,1857,3.3744,4,2,2,326,496
soc_trang,severe,Oracle,3,320.0,narrow,0.1,2025,2160,0,0,0.0,260.0,11,57,11,46,1,40.0,0,1824,3.3601,4,2,2,339,478
soc_trang,severe,Oracle,4,320.0,narrow,0.1,2025,2160,0,0,0.0,260.0,11,39,11,28,0,0.0,0,1831,2.0107,4,2,2,327,474
soc_trang,severe,Oracle,5,320.0,narrow,0.1,2025,2160,0,0,0.0,260.0,11,31,11,20,2,40.0,0,1826,1.6667,4,2,2,323,477
soc_trang,severe,Oracle,6,320.0,narrow,0.1,2025,2160,0,0,0.0,260.0,11,23,11,12,4,100.0,0,1835,1.5516,4,2,2,317,471
soc_trang,severe,Oracle,7,320.0,narrow,0.1,2025,2160,0,0,0.0,260.0,11,36,11,25,2,40.0,0,1839,2.016,4,2,2,326,464
soc_trang,severe,Oracle,8,320.0,narrow,0.1,2025,2160,0,0,0.0,260.0,11,39,11,28,0,0.0,0,1831,2.5289,4,2,2,324,484
soc_trang,severe,Oracle,9,320.0,narrow,0.1,2025,2160,0,0,0.0,260.0,11,59,11,48,0,0.0,0,1804,3.2967,4,2,2,322,477
soc_trang,severe,TwinGate+T2+centre,0,320.0,narrow,0.1,2025,2160,0,0,0.0,240.0,16,43,12,27,2,40.0,74,1861,1.4905,10,3,7,614,991
soc_trang,severe,TwinGate+T2+centre,1,320.0,narrow,0.1,2025,2160,0,0,0.0,240.0,16,47,12,31,1,20.0,74,1864,1.291,11,1,10,414,769
soc_trang,severe,TwinGate+T2+centre,2,320.0,narrow,0.1,2025,2160,0,0,0.0,280.0,11,33,14,22,6,120.0,79,1857,1.3029,9,2,7,408,742
soc_trang,severe,TwinGate+T2+centre,3,320.0,narrow,0.1,2025,2160,129,0,4.796,200.0,14,47,9,33,3,60.0,76,1824,1.5139,7,3,4,593,864
soc_trang,severe,TwinGate+T2+centre,4,320.0,narrow,0.1,2025,2160,106,0,4.5858,200.0,11,29,9,18,2,40.0,79,1831,1.1384,8,2,5,973,803
soc_trang,severe,TwinGate+T2+centre,5,320.0,narrow,0.1,2025,2160,0,0,0.0,240.0,12,37,12,25,3,60.0,78,1826,1.1432,10,0,10,253,624
soc_trang,severe,TwinGate+T2+centre,6,320.0,narrow,0.1,2025,2160,0,0,0.0,260.0,10,27,13,17,5,100.0,80,1835,1.1386,9,1,8,342,668
soc_trang,severe,TwinGate+T2+centre,7,320.0,narrow,0.1,2025,2160,0,0,0.0,260.0,14,48,13,34,3,60.0,76,1839,1.5515,10,1,9,486,791
soc_trang,severe,TwinGate+T2+centre,8,320.0,narrow,0.1,2025,2160,0,0,0.0,240.0,17,48,12,31,2,40.0,73,1831,1.4269,11,1,10,597,1006
soc_trang,severe,TwinGate+T2+centre,9,320.0,narrow,0.1,2025,2160,0,0,0.0,240.0,14,32,12,18,1,20.0,76,1804,1.1385,11,1,10,290,718
soc_trang,severe,TwinGate+T2,0,400.0,awd,0.02,2025,2160,0,0,0.0,260.0,17,46,13,29,1,20.0,73,1861,1.2171,8,0,8,147,630
soc_trang,severe,TwinGate+T2,1,400.0,awd,0.02,2025,2160,0,0,0.0,240.0,19,54,12,35,1,20.0,71,1864,1.4272,8,1,7,239,671
soc_trang,severe,TwinGate+T2,2,400.0,awd,0.02,2025,2160,0,0,0.0,300.0,12,35,15,23,6,120.0,78,1857,1.4923,4,0,4,51,469
soc_trang,severe,TwinGate+T2,3,400.0,awd,0.02,2025,2160,0,0,0.0,260.0,18,58,13,40,5,100.0,72,1824,1.7274,5,1,4,213,573
soc_trang,severe,TwinGate+T2,4,400.0,awd,0.02,2025,2160,0,0,0.0,260.0,13,36,13,23,2,40.0,77,1831,1.0541,6,0,6,80,516
soc_trang,severe,TwinGate+T2,5,400.0,awd,0.02,2025,2160,0,0,0.0,300.0,11,26,15,15,6,120.0,79,1826,1.1376,4,0,4,38,463
soc_trang,severe,TwinGate+T2,6,400.0,awd,0.02,2025,2160,0,0,0.0,260.0,13,37,13,24,7,140.0,77,1835,1.4907,10,0,10,162,596
soc_trang,severe,TwinGate+T2,7,400.0,awd,0.02,2025,2160,0,0,0.0,260.0,16,48,13,32,3,60.0,74,1839,1.8256,7,1,6,160,568
soc_trang,severe,TwinGate+T2,8,400.0,awd,0.02,2025,2160,0,0,0.0,240.0,20,57,12,37,2,40.0,70,1831,1.7208,7,1,6,254,673
soc_trang,severe,TwinGate+T2,9,400.0,awd,0.02,2025,2160,0,0,0.0,240.0,15,40,12,25,1,20.0,75,1804,1.4272,8,1,7,280,745
soc_trang,severe,TwinGate+blindARQ,0,400.0,awd,0.02,2025,2160,0,0,0.0,280.0,11,58,14,47,3,60.0,79,1861,2.686,4,0,4,54,441
soc_trang,severe,TwinGate+blindARQ,1,400.0,awd,0.02,2025,2160,0,0,0.0,320.0,12,41,16,29,4,80.0,78,1864,1.4274,6,0,6,58,457
soc_trang,severe,TwinGate+blindARQ,2,400.0,awd,0.02,2025,2160,0,0,0.0,320.0,8,59,16,51,8,160.0,82,1857,3.1103,3,2,1,412,727
soc_trang,severe,TwinGate+blindARQ,3,400.0,awd,0.02,2025,2160,0,0,0.0,320.0,8,64,16,56,8,160.0,82,1824,2.446,6,0,6,84,315
soc_trang,severe,TwinGate+blindARQ,4,400.0,awd,0.02,2025,2160,0,0,0.0,300.0,10,51,15,41,5,100.0,80,1831,2.2759,4,0,4,44,371
soc_trang,severe,TwinGate+blindARQ,5,400.0,awd,0.02,2025,2160,0,0,0.0,340.0,9,34,17,25,8,160.0,81,1826,1.361,2,0,2,19,320
soc_trang,severe,TwinGate+blindARQ,6,400.0,awd,0.02,2025,2160,0,0,0.0,380.0,7,55,19,48,12,240.0,83,1835,1.7264,6,1,4,771,648
soc_trang,severe,TwinGate+blindARQ,7,400.0,awd,0.02,2025,2160,0,0,0.0,260.0,8,58,13,50,5,100.0,82,1839,2.4554,5,0,5,62,330
soc_trang,severe,TwinGate+blindARQ,8,400.0,awd,0.02,2025,2160,0,0,0.0,260.0,11,38,13,27,2,40.0,79,1831,1.6667,6,0,6,67,513
soc_trang,severe,TwinGate+blindARQ,9,400.0,awd,0.02,2025,2160,0,0,0.0,260.0,11,50,13,39,2,40.0,79,1804,2.3318,3,0,3,24,437
soc_trang,severe,Reactive+T2,0,400.0,awd,0.02,2025,2160,0,0,0.0,400.0,8,16,7,8,0,0.0,0,1861,0.8572,3,0,3,28,280
soc_trang,severe,Reactive+T2,1,400.0,awd,0.02,2025,2160,0,0,0.0,360.0,11,33,6,22,0,0.0,0,1864,2.6884,3,1,2,151,328
soc_trang,severe,Reactive+T2,2,400.0,awd,0.02,2025,2160,0,0,0.0,400.0,6,15,7,9,2,120.0,0,1857,1.9539,4,0,3,834,772
soc_trang,severe,Reactive+T2,3,400.0,awd,0.02,2025,2160,0,0,0.0,400.0,10,32,7,22,4,220.0,0,1824,2.9581,4,1,2,855,614
soc_trang,severe,Reactive+T2,4,400.0,awd,0.02,2025,2160,0,0,0.0,400.0,8,21,7,13,0,0.0,0,1831,1.5268,3,0,3,36,284
soc_trang,severe,Reactive+T2,5,400.0,awd,0.02,2025,2160,0,0,0.0,400.0,7,18,7,11,2,120.0,0,1826,1.8217,4,0,3,815,631
soc_trang,severe,Reactive+T2,6,400.0,awd,0.02,2025,2160,0,0,0.0,400.0,6,14,7,8,4,220.0,0,1835,2.1948,4,0,3,850,672
soc_trang,severe,Reactive+T2,7,400.0,awd,0.02,2025,2160,0,0,0.0,360.0,10,32,6,22,0,0.0,0,1839,2.6069,5,1,4,148,311
soc_trang,severe,Reactive+T2,8,400.0,awd,0.02,2025,2160,0,0,0.0,360.0,11,30,6,19,1,60.0,0,1831,2.1081,5,0,5,132,376
soc_trang,severe,Reactive+T2,9,400.0,awd,0.02,2025,2160,0,0,0.0,400.0,7,14,7,7,1,60.0,0,1804,1.581,5,0,4,559,327
soc_trang,severe,Reactive+blindARQ,0,400.0,awd,0.02,2025,2160,0,0,0.0,400.0,7,17,7,10,0,0.0,0,1861,1.2107,2,0,2,20,261
soc_trang,severe,Reactive+blindARQ,1,400.0,awd,0.02,2025,2160,0,0,0.0,400.0,6,17,7,11,1,60.0,0,1864,1.8368,3,0,2,589,426
soc_trang,severe,Reactive+blindARQ,2,400.0,awd,0.02,2025,2160,29,0,0.5128,400.0,4,19,7,15,4,220.0,0,1857,1.5078,2,0,1,1099,936
soc_trang,severe,Reactive+blindARQ,3,400.0,awd,0.02,2025,2160,27,0,0.3378,400.0,4,54,7,50,3,180.0,0,1824,4.118,4,0,3,1100,893
soc_trang,severe,Reactive+blindARQ,4,400.0,awd,0.02,2025,2160,0,0,0.0,400.0,6,19,7,13,1,60.0,0,1831,1.2588,3,0,2,585,424
soc_trang,severe,Reactive+blindARQ,5,400.0,awd,0.02,2025,2160,0,0,0.0,400.0,5,13,7,8,3,160.0,0,1826,1.7983,3,0,2,918,758
soc_trang,severe,Reactive+blindARQ,6,400.0,awd,0.02,2025,2160,27,0,0.3979,400.0,4,23,7,19,4,220.0,0,1835,2.2379,4,0,3,1102,886
soc_trang,severe,Reactive+blindARQ,7,400.0,awd,0.02,2025,2160,0,0,0.0,400.0,5,16,7,11,3,160.0,0,1839,1.7939,3,0,2,918,755
soc_trang,severe,Reactive+blindARQ,8,400.0,awd,0.02,2025,2160,0,0,0.0,400.0,6,27,7,21,1,60.0,0,1831,2.8663,5,0,4,537,395
soc_trang,severe,Reactive+blindARQ,9,400.0,awd,0.02,2025,2160,0,0,0.0,400.0,6,20,7,14,1,60.0,0,1804,2.3538,2,0,1,573,429
soc_trang,severe,FixedSchedule,0,400.0,awd,0.02,2025,2160,25,0,0.2899,400.0,7,14,7,7,0,0.0,0,1861,0.0029,1,0,0,1045,774
soc_trang,severe,FixedSchedule,1,400.0,awd,0.02,2025,2160,104,0,1.5678,400.0,6,29,7,23,1,60.0,0,1864,1.5925,1,0,0,1256,952
soc_trang,severe,FixedSchedule,2,400.0,awd,0.02,2025,2160,362,0,10.2073,400.0,4,23,7,19,4,220.0,0,1857,11.1559,1,0,0,1645,1324
soc_trang,severe,FixedSchedule,3,400.0,awd,0.02,2025,2160,243,0,5.867,400.0,4,28,7,24,4,220.0,0,1824,1.1182,1,0,0,1569,1284
soc_trang,severe,FixedSchedule,4,400.0,awd,0.02,2025,2160,104,0,1.5689,400.0,6,22,7,16,1,60.0,0,1831,11.1892,1,0,0,1256,948
soc_trang,severe,FixedSchedule,5,400.0,awd,0.02,2025,2160,163,0,3.5189,400.0,5,24,7,19,2,120.0,0,1826,1.4556,2,0,1,1456,1163
soc_trang,severe,FixedSchedule,6,400.0,awd,0.02,2025,2160,245,0,6.2845,400.0,4,21,7,17,4,220.0,0,1835,9.4753,1,0,0,1592,1286
soc_trang,severe,FixedSchedule,7,400.0,awd,0.02,2025,2160,245,0,6.2845,400.0,5,30,7,25,3,160.0,0,1839,4.3718,1,0,0,1592,1272
soc_trang,severe,FixedSchedule,8,400.0,awd,0.02,2025,2160,104,0,1.5689,400.0,6,20,7,14,1,60.0,0,1831,0.0039,1,0,0,1256,948
soc_trang,severe,FixedSchedule,9,400.0,awd,0.02,2025,2160,104,0,1.5689,400.0,6,19,7,13,1,60.0,0,1804,11.1579,1,0,0,1256,948
soc_trang,severe,Oracle,0,400.0,awd,0.02,2025,2160,0,0,0.0,280.0,14,48,14,34,0,0.0,0,1861,2.024,0,0,0,0,0
soc_trang,severe,Oracle,1,400.0,awd,0.02,2025,2160,0,0,0.0,280.0,14,58,14,44,1,20.0,0,1864,2.0199,0,0,0,0,0
soc_trang,severe,Oracle,2,400.0,awd,0.02,2025,2160,0,0,0.0,280.0,14,50,14,36,3,60.0,0,1857,1.9621,0,0,0,0,0
soc_trang,severe,Oracle,3,400.0,awd,0.02,2025,2160,0,0,0.0,280.0,14,38,14,24,3,60.0,0,1824,1.291,0,0,0,0,0
soc_trang,severe,Oracle,4,400.0,awd,0.02,2025,2160,0,0,0.0,280.0,14,45,14,31,4,80.0,0,1831,2.165,0,0,0,0,0
soc_trang,severe,Oracle,5,400.0,awd,0.02,2025,2160,0,0,0.0,280.0,14,35,14,21,2,40.0,0,1826,1.4594,0,0,0,0,0
soc_trang,severe,Oracle,6,400.0,awd,0.02,2025,2160,0,0,0.0,280.0,14,49,14,35,2,40.0,0,1835,1.7581,0,0,0,0,0
soc_trang,severe,Oracle,7,400.0,awd,0.02,2025,2160,0,0,0.0,280.0,14,60,14,46,1,20.0,0,1839,2.2502,0,0,0,0,0
soc_trang,severe,Oracle,8,400.0,awd,0.02,2025,2160,0,0,0.0,280.0,14,27,14,13,2,40.0,0,1831,0.7454,0,0,0,0,0
soc_trang,severe,Oracle,9,400.0,awd,0.02,2025,2160,0,0,0.0,280.0,14,44,14,30,2,40.0,0,1804,1.7399,0,0,0,0,0
soc_trang,severe,TwinGate+T2+centre,0,400.0,awd,0.02,2025,2160,0,0,0.0,260.0,17,46,13,29,1,20.0,73,1861,1.2171,8,0,8,147,630
soc_trang,severe,TwinGate+T2+centre,1,400.0,awd,0.02,2025,2160,0,0,0.0,240.0,19,54,12,35,1,20.0,71,1864,1.4272,8,1,7,239,671
soc_trang,severe,TwinGate+T2+centre,2,400.0,awd,0.02,2025,2160,0,0,0.0,300.0,12,35,15,23,6,120.0,78,1857,1.4923,4,0,4,51,469
soc_trang,severe,TwinGate+T2+centre,3,400.0,awd,0.02,2025,2160,0,0,0.0,260.0,18,58,13,40,5,100.0,72,1824,1.7274,5,1,4,213,573
soc_trang,severe,TwinGate+T2+centre,4,400.0,awd,0.02,2025,2160,0,0,0.0,260.0,13,36,13,23,2,40.0,77,1831,1.0541,6,0,6,80,516
soc_trang,severe,TwinGate+T2+centre,5,400.0,awd,0.02,2025,2160,0,0,0.0,300.0,11,26,15,15,6,120.0,79,1826,1.1376,4,0,4,38,463
soc_trang,severe,TwinGate+T2+centre,6,400.0,awd,0.02,2025,2160,0,0,0.0,260.0,13,37,13,24,7,140.0,77,1835,1.4907,10,0,10,162,596
soc_trang,severe,TwinGate+T2+centre,7,400.0,awd,0.02,2025,2160,0,0,0.0,260.0,16,48,13,32,3,60.0,74,1839,1.8256,7,1,6,160,568
soc_trang,severe,TwinGate+T2+centre,8,400.0,awd,0.02,2025,2160,0,0,0.0,240.0,20,57,12,37,2,40.0,70,1831,1.7208,7,1,6,254,673
soc_trang,severe,TwinGate+T2+centre,9,400.0,awd,0.02,2025,2160,0,0,0.0,240.0,15,40,12,25,1,20.0,75,1804,1.4272,8,1,7,280,745
soc_trang,severe,TwinGate+T2,0,400.0,mid,0.05,2025,2160,0,0,0.0,260.0,17,46,13,29,1,20.0,73,1861,1.2171,8,0,8,147,630
soc_trang,severe,TwinGate+T2,1,400.0,mid,0.05,2025,2160,0,0,0.0,240.0,19,54,12,35,1,20.0,71,1864,1.4272,8,1,7,239,671
soc_trang,severe,TwinGate+T2,2,400.0,mid,0.05,2025,2160,0,0,0.0,300.0,12,35,15,23,6,120.0,78,1857,1.4923,4,0,4,51,469
soc_trang,severe,TwinGate+T2,3,400.0,mid,0.05,2025,2160,0,0,0.0,260.0,18,58,13,40,5,100.0,72,1824,1.7274,5,1,4,213,573
soc_trang,severe,TwinGate+T2,4,400.0,mid,0.05,2025,2160,0,0,0.0,260.0,13,36,13,23,2,40.0,77,1831,1.0541,6,0,6,80,516
soc_trang,severe,TwinGate+T2,5,400.0,mid,0.05,2025,2160,0,0,0.0,300.0,11,26,15,15,6,120.0,79,1826,1.1376,4,0,4,38,463
soc_trang,severe,TwinGate+T2,6,400.0,mid,0.05,2025,2160,0,0,0.0,260.0,13,37,13,24,7,140.0,77,1835,1.4907,10,0,10,162,596
soc_trang,severe,TwinGate+T2,7,400.0,mid,0.05,2025,2160,0,0,0.0,260.0,16,48,13,32,3,60.0,74,1839,1.8256,7,1,6,160,568
soc_trang,severe,TwinGate+T2,8,400.0,mid,0.05,2025,2160,0,0,0.0,240.0,20,57,12,37,2,40.0,70,1831,1.7208,7,1,6,254,673
soc_trang,severe,TwinGate+T2,9,400.0,mid,0.05,2025,2160,0,0,0.0,240.0,15,40,12,25,1,20.0,75,1804,1.4272,8,1,7,280,745
soc_trang,severe,TwinGate+blindARQ,0,400.0,mid,0.05,2025,2160,0,0,0.0,280.0,11,58,14,47,3,60.0,79,1861,2.686,4,0,4,54,441
soc_trang,severe,TwinGate+blindARQ,1,400.0,mid,0.05,2025,2160,0,0,0.0,320.0,12,41,16,29,4,80.0,78,1864,1.4274,6,0,6,58,457
soc_trang,severe,TwinGate+blindARQ,2,400.0,mid,0.05,2025,2160,0,0,0.0,340.0,9,33,17,24,8,160.0,81,1857,1.2172,5,1,4,325,615
soc_trang,severe,TwinGate+blindARQ,3,400.0,mid,0.05,2025,2160,0,0,0.0,320.0,8,64,16,56,8,160.0,82,1824,2.446,6,0,6,84,315
soc_trang,severe,TwinGate+blindARQ,4,400.0,mid,0.05,2025,2160,0,0,0.0,300.0,10,51,15,41,5,100.0,80,1831,2.2759,4,0,4,44,371
soc_trang,severe,TwinGate+blindARQ,5,400.0,mid,0.05,2025,2160,0,0,0.0,340.0,9,34,17,25,8,160.0,81,1826,1.361,2,0,2,19,320
soc_trang,severe,TwinGate+blindARQ,6,400.0,mid,0.05,2025,2160,0,0,0.0,400.0,8,65,20,57,12,240.0,82,1835,1.7796,6,0,6,157,498
soc_trang,severe,TwinGate+blindARQ,7,400.0,mid,0.05,2025,2160,0,0,0.0,260.0,8,58,13,50,5,100.0,82,1839,2.4554,5,0,5,62,330
soc_trang,severe,TwinGate+blindARQ,8,400.0,mid,0.05,2025,2160,0,0,0.0,260.0,11,38,13,27,2,40.0,79,1831,1.6667,6,0,6,67,513
soc_trang,severe,TwinGate+blindARQ,9,400.0,mid,0.05,2025,2160,0,0,0.0,260.0,11,50,13,39,2,40.0,79,1804,2.3318,3,0,3,24,437
soc_trang,severe,Reactive+T2,0,400.0,mid,0.05,2025,2160,0,0,0.0,400.0,8,16,7,8,0,0.0,0,1861,0.8572,3,0,3,28,280
soc_trang,severe,Reactive+T2,1,400.0,mid,0.05,2025,2160,0,0,0.0,360.0,11,33,6,22,0,0.0,0,1864,2.6884,3,1,2,151,328
soc_trang,severe,Reactive+T2,2,400.0,mid,0.05,2025,2160,0,0,0.0,400.0,6,15,7,9,2,120.0,0,1857,1.9539,4,0,3,834,772
soc_trang,severe,Reactive+T2,3,400.0,mid,0.05,2025,2160,0,0,0.0,400.0,10,32,7,22,4,220.0,0,1824,2.9581,4,1,2,855,614
soc_trang,severe,Reactive+T2,4,400.0,mid,0.05,2025,2160,0,0,0.0,400.0,8,21,7,13,0,0.0,0,1831,1.5268,3,0,3,36,284
soc_trang,severe,Reactive+T2,5,400.0,mid,0.05,2025,2160,0,0,0.0,400.0,7,18,7,11,2,120.0,0,1826,1.8217,4,0,3,815,631
soc_trang,severe,Reactive+T2,6,400.0,mid,0.05,2025,2160,0,0,0.0,400.0,6,14,7,8,4,220.0,0,1835,2.1948,4,0,3,850,672
soc_trang,severe,Reactive+T2,7,400.0,mid,0.05,2025,2160,0,0,0.0,360.0,10,32,6,22,0,0.0,0,1839,2.6069,5,1,4,148,311
soc_trang,severe,Reactive+T2,8,400.0,mid,0.05,2025,2160,0,0,0.0,360.0,11,30,6,19,1,60.0,0,1831,2.1081,5,0,5,132,376
soc_trang,severe,Reactive+T2,9,400.0,mid,0.05,2025,2160,0,0,0.0,400.0,7,14,7,7,1,60.0,0,1804,1.581,5,0,4,559,327
soc_trang,severe,Reactive+blindARQ,0,400.0,mid,0.05,2025,2160,0,0,0.0,400.0,7,17,7,10,0,0.0,0,1861,1.2107,2,0,2,20,261
soc_trang,severe,Reactive+blindARQ,1,400.0,mid,0.05,2025,2160,0,0,0.0,400.0,6,17,7,11,1,60.0,0,1864,1.8368,3,0,2,589,426
soc_trang,severe,Reactive+blindARQ,2,400.0,mid,0.05,2025,2160,29,0,0.5128,400.0,4,19,7,15,4,220.0,0,1857,1.5078,2,0,1,1099,936
soc_trang,severe,Reactive+blindARQ,3,400.0,mid,0.05,2025,2160,27,0,0.3378,400.0,4,54,7,50,3,180.0,0,1824,4.118,4,0,3,1100,893
soc_trang,severe,Reactive+blindARQ,4,400.0,mid,0.05,2025,2160,0,0,0.0,400.0,6,19,7,13,1,60.0,0,1831,1.2588,3,0,2,585,424
soc_trang,severe,Reactive+blindARQ,5,400.0,mid,0.05,2025,2160,0,0,0.0,400.0,5,13,7,8,3,160.0,0,1826,1.7983,3,0,2,918,758
soc_trang,severe,Reactive+blindARQ,6,400.0,mid,0.05,2025,2160,27,0,0.3979,400.0,4,23,7,19,4,220.0,0,1835,2.2379,4,0,3,1102,886
soc_trang,severe,Reactive+blindARQ,7,400.0,mid,0.05,2025,2160,0,0,0.0,400.0,5,16,7,11,3,160.0,0,1839,1.7939,3,0,2,918,755
soc_trang,severe,Reactive+blindARQ,8,400.0,mid,0.05,2025,2160,0,0,0.0,400.0,6,27,7,21,1,60.0,0,1831,2.8663,5,0,4,537,395
soc_trang,severe,Reactive+blindARQ,9,400.0,mid,0.05,2025,2160,0,0,0.0,400.0,6,20,7,14,1,60.0,0,1804,2.3538,2,0,1,573,429
soc_trang,severe,FixedSchedule,0,400.0,mid,0.05,2025,2160,25,0,0.2899,400.0,7,14,7,7,0,0.0,0,1861,0.0029,1,0,0,1045,774
soc_trang,severe,FixedSchedule,1,400.0,mid,0.05,2025,2160,104,0,1.5678,400.0,6,29,7,23,1,60.0,0,1864,1.5925,1,0,0,1256,952
soc_trang,severe,FixedSchedule,2,400.0,mid,0.05,2025,2160,362,0,10.2073,400.0,4,23,7,19,4,220.0,0,1857,11.1559,1,0,0,1645,1324
soc_trang,severe,FixedSchedule,3,400.0,mid,0.05,2025,2160,243,0,5.867,400.0,4,28,7,24,4,220.0,0,1824,1.1182,1,0,0,1569,1284
soc_trang,severe,FixedSchedule,4,400.0,mid,0.05,2025,2160,104,0,1.5689,400.0,6,22,7,16,1,60.0,0,1831,11.1892,1,0,0,1256,948
soc_trang,severe,FixedSchedule,5,400.0,mid,0.05,2025,2160,163,0,3.5189,400.0,5,24,7,19,2,120.0,0,1826,1.4556,2,0,1,1456,1163
soc_trang,severe,FixedSchedule,6,400.0,mid,0.05,2025,2160,245,0,6.2845,400.0,4,21,7,17,4,220.0,0,1835,9.4753,1,0,0,1592,1286
soc_trang,severe,FixedSchedule,7,400.0,mid,0.05,2025,2160,245,0,6.2845,400.0,5,30,7,25,3,160.0,0,1839,4.3718,1,0,0,1592,1272
soc_trang,severe,FixedSchedule,8,400.0,mid,0.05,2025,2160,104,0,1.5689,400.0,6,20,7,14,1,60.0,0,1831,0.0039,1,0,0,1256,948
soc_trang,severe,FixedSchedule,9,400.0,mid,0.05,2025,2160,104,0,1.5689,400.0,6,19,7,13,1,60.0,0,1804,11.1579,1,0,0,1256,948
soc_trang,severe,Oracle,0,400.0,mid,0.05,2025,2160,0,0,0.0,280.0,14,48,14,34,0,0.0,0,1861,2.024,0,0,0,0,0
soc_trang,severe,Oracle,1,400.0,mid,0.05,2025,2160,0,0,0.0,280.0,14,58,14,44,1,20.0,0,1864,2.0199,0,0,0,0,0
soc_trang,severe,Oracle,2,400.0,mid,0.05,2025,2160,0,0,0.0,280.0,14,50,14,36,3,60.0,0,1857,1.9621,0,0,0,0,0
soc_trang,severe,Oracle,3,400.0,mid,0.05,2025,2160,0,0,0.0,280.0,14,38,14,24,3,60.0,0,1824,1.291,0,0,0,0,0
soc_trang,severe,Oracle,4,400.0,mid,0.05,2025,2160,0,0,0.0,280.0,14,45,14,31,4,80.0,0,1831,2.165,0,0,0,0,0
soc_trang,severe,Oracle,5,400.0,mid,0.05,2025,2160,0,0,0.0,280.0,14,35,14,21,2,40.0,0,1826,1.4594,0,0,0,0,0
soc_trang,severe,Oracle,6,400.0,mid,0.05,2025,2160,0,0,0.0,280.0,14,49,14,35,2,40.0,0,1835,1.7581,0,0,0,0,0
soc_trang,severe,Oracle,7,400.0,mid,0.05,2025,2160,0,0,0.0,280.0,14,60,14,46,1,20.0,0,1839,2.2502,0,0,0,0,0
soc_trang,severe,Oracle,8,400.0,mid,0.05,2025,2160,0,0,0.0,280.0,14,27,14,13,2,40.0,0,1831,0.7454,0,0,0,0,0
soc_trang,severe,Oracle,9,400.0,mid,0.05,2025,2160,0,0,0.0,280.0,14,44,14,30,2,40.0,0,1804,1.7399,0,0,0,0,0
soc_trang,severe,TwinGate+T2+centre,0,400.0,mid,0.05,2025,2160,0,0,0.0,260.0,17,46,13,29,1,20.0,73,1861,1.2171,8,0,8,147,630
soc_trang,severe,TwinGate+T2+centre,1,400.0,mid,0.05,2025,2160,0,0,0.0,240.0,19,54,12,35,1,20.0,71,1864,1.4272,8,1,7,239,671
soc_trang,severe,TwinGate+T2+centre,2,400.0,mid,0.05,2025,2160,0,0,0.0,300.0,12,35,15,23,6,120.0,78,1857,1.4923,4,0,4,51,469
soc_trang,severe,TwinGate+T2+centre,3,400.0,mid,0.05,2025,2160,0,0,0.0,260.0,18,58,13,40,5,100.0,72,1824,1.7274,5,1,4,213,573
soc_trang,severe,TwinGate+T2+centre,4,400.0,mid,0.05,2025,2160,0,0,0.0,260.0,13,36,13,23,2,40.0,77,1831,1.0541,6,0,6,80,516
soc_trang,severe,TwinGate+T2+centre,5,400.0,mid,0.05,2025,2160,0,0,0.0,300.0,11,26,15,15,6,120.0,79,1826,1.1376,4,0,4,38,463
soc_trang,severe,TwinGate+T2+centre,6,400.0,mid,0.05,2025,2160,0,0,0.0,260.0,13,37,13,24,7,140.0,77,1835,1.4907,10,0,10,162,596
soc_trang,severe,TwinGate+T2+centre,7,400.0,mid,0.05,2025,2160,0,0,0.0,260.0,16,48,13,32,3,60.0,74,1839,1.8256,7,1,6,160,568
soc_trang,severe,TwinGate+T2+centre,8,400.0,mid,0.05,2025,2160,0,0,0.0,240.0,20,57,12,37,2,40.0,70,1831,1.7208,7,1,6,254,673
soc_trang,severe,TwinGate+T2+centre,9,400.0,mid,0.05,2025,2160,0,0,0.0,240.0,15,40,12,25,1,20.0,75,1804,1.4272,8,1,7,280,745
soc_trang,severe,TwinGate+T2,0,400.0,narrow,0.1,2025,2160,0,0,0.0,240.0,16,43,12,27,2,40.0,74,1861,1.4905,10,3,7,614,991
soc_trang,severe,TwinGate+T2,1,400.0,narrow,0.1,2025,2160,0,0,0.0,240.0,16,47,12,31,1,20.0,74,1864,1.291,11,1,10,414,769
soc_trang,severe,TwinGate+T2,2,400.0,narrow,0.1,2025,2160,0,0,0.0,280.0,11,33,14,22,6,120.0,79,1857,1.3029,9,2,7,408,742
soc_trang,severe,TwinGate+T2,3,400.0,narrow,0.1,2025,2160,129,0,4.796,200.0,14,47,9,33,3,60.0,76,1824,1.5139,7,3,4,593,864
soc_trang,severe,TwinGate+T2,4,400.0,narrow,0.1,2025,2160,106,0,4.5858,200.0,11,29,9,18,2,40.0,79,1831,1.1384,8,2,5,973,803
soc_trang,severe,TwinGate+T2,5,400.0,narrow,0.1,2025,2160,0,0,0.0,240.0,12,37,12,25,3,60.0,78,1826,1.1432,10,0,10,253,624
soc_trang,severe,TwinGate+T2,6,400.0,narrow,0.1,2025,2160,0,0,0.0,260.0,10,27,13,17,5,100.0,80,1835,1.1386,9,1,8,342,668
soc_trang,severe,TwinGate+T2,7,400.0,narrow,0.1,2025,2160,0,0,0.0,260.0,14,48,13,34,3,60.0,76,1839,1.5515,10,1,9,486,791
soc_trang,severe,TwinGate+T2,8,400.0,narrow,0.1,2025,2160,0,0,0.0,240.0,17,48,12,31,2,40.0,73,1831,1.4269,11,1,10,597,1006
soc_trang,severe,TwinGate+T2,9,400.0,narrow,0.1,2025,2160,0,0,0.0,240.0,14,32,12,18,1,20.0,76,1804,1.1385,11,1,10,290,718
soc_trang,severe,TwinGate+blindARQ,0,400.0,narrow,0.1,2025,2160,0,0,0.0,240.0,10,44,12,34,2,40.0,80,1861,2.6758,10,1,9,362,673
soc_trang,severe,TwinGate+blindARQ,1,400.0,narrow,0.1,2025,2160,0,0,0.0,240.0,11,43,12,32,1,20.0,79,1864,1.6667,11,1,10,326,769
soc_trang,severe,TwinGate+blindARQ,2,400.0,narrow,0.1,2025,2160,0,0,0.0,320.0,8,40,16,32,8,160.0,82,1857,1.3609,9,1,7,814,738
soc_trang,severe,TwinGate+blindARQ,3,400.0,narrow,0.1,2025,2160,0,0,0.0,320.0,8,28,16,20,8,160.0,82,1824,1.217,8,0,8,251,537
soc_trang,severe,TwinGate+blindARQ,4,400.0,narrow,0.1,2025,2160,0,0,0.0,260.0,9,34,13,25,4,80.0,81,1831,2.176,9,0,9,246,526
soc_trang,severe,TwinGate+blindARQ,5,400.0,narrow,0.1,2025,2160,0,0,0.0,300.0,8,31,15,23,7,140.0,82,1826,1.3852,8,0,8,195,485
soc_trang,severe,TwinGate+blindARQ,6,400.0,narrow,0.1,2025,2160,0,0,0.0,380.0,7,70,19,63,12,240.0,83,1835,2.2848,7,0,7,209,517
soc_trang,severe,TwinGate+blindARQ,7,400.0,narrow,0.1,2025,2160,0,0,0.0,260.0,8,41,13,33,5,100.0,82,1839,1.8569,8,1,7,375,637
soc_trang,severe,TwinGate+blindARQ,8,400.0,narrow,0.1,2025,2160,0,0,0.0,240.0,10,71,12,61,2,40.0,80,1831,3.2381,10,2,8,443,815
soc_trang,severe,TwinGate+blindARQ,9,400.0,narrow,0.1,2025,2160,0,0,0.0,240.0,10,36,12,26,2,40.0,80,1804,1.9227,10,1,9,334,749
soc_trang,severe,Reactive+T2,0,400.0,narrow,0.1,2025,2160,0,0,0.0,400.0,8,16,7,8,0,0.0,0,1861,0.8572,3,0,3,28,280
soc_trang,severe,Reactive+T2,1,400.0,narrow,0.1,2025,2160,0,0,0.0,360.0,11,33,6,22,0,0.0,0,1864,2.6884,3,1,2,151,328
soc_trang,severe,Reactive+T2,2,400.0,narrow,0.1,2025,2160,0,0,0.0,400.0,6,15,7,9,2,120.0,0,1857,1.9539,4,0,3,834,772
soc_trang,severe,Reactive+T2,3,400.0,narrow,0.1,2025,2160,0,0,0.0,400.0,10,32,7,22,4,220.0,0,1824,2.9581,4,1,2,855,614
soc_trang,severe,Reactive+T2,4,400.0,narrow,0.1,2025,2160,0,0,0.0,400.0,8,21,7,13,0,0.0,0,1831,1.5268,3,0,3,36,284
soc_trang,severe,Reactive+T2,5,400.0,narrow,0.1,2025,2160,0,0,0.0,400.0,7,18,7,11,2,120.0,0,1826,1.8217,4,0,3,815,631
soc_trang,severe,Reactive+T2,6,400.0,narrow,0.1,2025,2160,0,0,0.0,400.0,6,14,7,8,4,220.0,0,1835,2.1948,4,0,3,850,672
soc_trang,severe,Reactive+T2,7,400.0,narrow,0.1,2025,2160,0,0,0.0,360.0,10,32,6,22,0,0.0,0,1839,2.6069,5,1,4,148,311
soc_trang,severe,Reactive+T2,8,400.0,narrow,0.1,2025,2160,0,0,0.0,360.0,11,30,6,19,1,60.0,0,1831,2.1081,5,0,5,132,376
soc_trang,severe,Reactive+T2,9,400.0,narrow,0.1,2025,2160,0,0,0.0,400.0,7,14,7,7,1,60.0,0,1804,1.581,5,0,4,559,327
soc_trang,severe,Reactive+blindARQ,0,400.0,narrow,0.1,2025,2160,0,0,0.0,400.0,7,17,7,10,0,0.0,0,1861,1.2107,2,0,2,20,261
soc_trang,severe,Reactive+blindARQ,1,400.0,narrow,0.1,2025,2160,0,0,0.0,400.0,6,17,7,11,1,60.0,0,1864,1.8368,3,0,2,589,426
soc_trang,severe,Reactive+blindARQ,2,400.0,narrow,0.1,2025,2160,29,0,0.5128,400.0,4,19,7,15,4,220.0,0,1857,1.5078,2,0,1,1099,936
soc_trang,severe,Reactive+blindARQ,3,400.0,narrow,0.1,2025,2160,27,0,0.3378,400.0,4,54,7,50,3,180.0,0,1824,4.118,4,0,3,1100,893
soc_trang,severe,Reactive+blindARQ,4,400.0,narrow,0.1,2025,2160,0,0,0.0,400.0,6,19,7,13,1,60.0,0,1831,1.2588,3,0,2,585,424
soc_trang,severe,Reactive+blindARQ,5,400.0,narrow,0.1,2025,2160,0,0,0.0,400.0,5,13,7,8,3,160.0,0,1826,1.7983,3,0,2,918,758
soc_trang,severe,Reactive+blindARQ,6,400.0,narrow,0.1,2025,2160,27,0,0.3979,400.0,4,23,7,19,4,220.0,0,1835,2.2379,4,0,3,1102,886
soc_trang,severe,Reactive+blindARQ,7,400.0,narrow,0.1,2025,2160,0,0,0.0,400.0,5,16,7,11,3,160.0,0,1839,1.7939,3,0,2,918,755
soc_trang,severe,Reactive+blindARQ,8,400.0,narrow,0.1,2025,2160,0,0,0.0,400.0,6,27,7,21,1,60.0,0,1831,2.8663,5,0,4,537,395
soc_trang,severe,Reactive+blindARQ,9,400.0,narrow,0.1,2025,2160,0,0,0.0,400.0,6,20,7,14,1,60.0,0,1804,2.3538,2,0,1,573,429
soc_trang,severe,FixedSchedule,0,400.0,narrow,0.1,2025,2160,25,0,0.2899,400.0,7,14,7,7,0,0.0,0,1861,0.0029,1,0,0,1045,774
soc_trang,severe,FixedSchedule,1,400.0,narrow,0.1,2025,2160,104,0,1.5678,400.0,6,29,7,23,1,60.0,0,1864,1.5925,1,0,0,1256,952
soc_trang,severe,FixedSchedule,2,400.0,narrow,0.1,2025,2160,362,0,10.2073,400.0,4,23,7,19,4,220.0,0,1857,11.1559,1,0,0,1645,1324
soc_trang,severe,FixedSchedule,3,400.0,narrow,0.1,2025,2160,243,0,5.867,400.0,4,28,7,24,4,220.0,0,1824,1.1182,1,0,0,1569,1284
soc_trang,severe,FixedSchedule,4,400.0,narrow,0.1,2025,2160,104,0,1.5689,400.0,6,22,7,16,1,60.0,0,1831,11.1892,1,0,0,1256,948
soc_trang,severe,FixedSchedule,5,400.0,narrow,0.1,2025,2160,163,0,3.5189,400.0,5,24,7,19,2,120.0,0,1826,1.4556,2,0,1,1456,1163
soc_trang,severe,FixedSchedule,6,400.0,narrow,0.1,2025,2160,245,0,6.2845,400.0,4,21,7,17,4,220.0,0,1835,9.4753,1,0,0,1592,1286
soc_trang,severe,FixedSchedule,7,400.0,narrow,0.1,2025,2160,245,0,6.2845,400.0,5,30,7,25,3,160.0,0,1839,4.3718,1,0,0,1592,1272
soc_trang,severe,FixedSchedule,8,400.0,narrow,0.1,2025,2160,104,0,1.5689,400.0,6,20,7,14,1,60.0,0,1831,0.0039,1,0,0,1256,948
soc_trang,severe,FixedSchedule,9,400.0,narrow,0.1,2025,2160,104,0,1.5689,400.0,6,19,7,13,1,60.0,0,1804,11.1579,1,0,0,1256,948
soc_trang,severe,Oracle,0,400.0,narrow,0.1,2025,2160,0,0,0.0,280.0,14,48,14,34,0,0.0,0,1861,2.024,0,0,0,0,0
soc_trang,severe,Oracle,1,400.0,narrow,0.1,2025,2160,0,0,0.0,280.0,14,58,14,44,1,20.0,0,1864,2.0199,0,0,0,0,0
soc_trang,severe,Oracle,2,400.0,narrow,0.1,2025,2160,0,0,0.0,280.0,14,50,14,36,3,60.0,0,1857,1.9621,0,0,0,0,0
soc_trang,severe,Oracle,3,400.0,narrow,0.1,2025,2160,0,0,0.0,280.0,14,38,14,24,3,60.0,0,1824,1.291,0,0,0,0,0
soc_trang,severe,Oracle,4,400.0,narrow,0.1,2025,2160,0,0,0.0,280.0,14,45,14,31,4,80.0,0,1831,2.165,0,0,0,0,0
soc_trang,severe,Oracle,5,400.0,narrow,0.1,2025,2160,0,0,0.0,280.0,14,35,14,21,2,40.0,0,1826,1.4594,0,0,0,0,0
soc_trang,severe,Oracle,6,400.0,narrow,0.1,2025,2160,0,0,0.0,280.0,14,49,14,35,2,40.0,0,1835,1.7581,0,0,0,0,0
soc_trang,severe,Oracle,7,400.0,narrow,0.1,2025,2160,0,0,0.0,280.0,14,60,14,46,1,20.0,0,1839,2.2502,0,0,0,0,0
soc_trang,severe,Oracle,8,400.0,narrow,0.1,2025,2160,0,0,0.0,280.0,14,27,14,13,2,40.0,0,1831,0.7454,0,0,0,0,0
soc_trang,severe,Oracle,9,400.0,narrow,0.1,2025,2160,0,0,0.0,280.0,14,44,14,30,2,40.0,0,1804,1.7399,0,0,0,0,0
soc_trang,severe,TwinGate+T2+centre,0,400.0,narrow,0.1,2025,2160,0,0,0.0,240.0,16,43,12,27,2,40.0,74,1861,1.4905,10,3,7,614,991
soc_trang,severe,TwinGate+T2+centre,1,400.0,narrow,0.1,2025,2160,0,0,0.0,240.0,16,47,12,31,1,20.0,74,1864,1.291,11,1,10,414,769
soc_trang,severe,TwinGate+T2+centre,2,400.0,narrow,0.1,2025,2160,0,0,0.0,280.0,11,33,14,22,6,120.0,79,1857,1.3029,9,2,7,408,742
soc_trang,severe,TwinGate+T2+centre,3,400.0,narrow,0.1,2025,2160,129,0,4.796,200.0,14,47,9,33,3,60.0,76,1824,1.5139,7,3,4,593,864
soc_trang,severe,TwinGate+T2+centre,4,400.0,narrow,0.1,2025,2160,106,0,4.5858,200.0,11,29,9,18,2,40.0,79,1831,1.1384,8,2,5,973,803
soc_trang,severe,TwinGate+T2+centre,5,400.0,narrow,0.1,2025,2160,0,0,0.0,240.0,12,37,12,25,3,60.0,78,1826,1.1432,10,0,10,253,624
soc_trang,severe,TwinGate+T2+centre,6,400.0,narrow,0.1,2025,2160,0,0,0.0,260.0,10,27,13,17,5,100.0,80,1835,1.1386,9,1,8,342,668
soc_trang,severe,TwinGate+T2+centre,7,400.0,narrow,0.1,2025,2160,0,0,0.0,260.0,14,48,13,34,3,60.0,76,1839,1.5515,10,1,9,486,791
soc_trang,severe,TwinGate+T2+centre,8,400.0,narrow,0.1,2025,2160,0,0,0.0,240.0,17,48,12,31,2,40.0,73,1831,1.4269,11,1,10,597,1006
soc_trang,severe,TwinGate+T2+centre,9,400.0,narrow,0.1,2025,2160,0,0,0.0,240.0,14,32,12,18,1,20.0,76,1804,1.1385,11,1,10,290,718
soc_trang,severe,TwinGate+T2,0,inf,awd,0.02,2025,2160,0,0,0.0,260.0,17,46,13,29,1,20.0,73,1861,1.2171,8,0,8,147,630
soc_trang,severe,TwinGate+T2,1,inf,awd,0.02,2025,2160,0,0,0.0,240.0,19,54,12,35,1,20.0,71,1864,1.4272,8,1,7,239,671
soc_trang,severe,TwinGate+T2,2,inf,awd,0.02,2025,2160,0,0,0.0,300.0,12,35,15,23,6,120.0,78,1857,1.4923,4,0,4,51,469
soc_trang,severe,TwinGate+T2,3,inf,awd,0.02,2025,2160,0,0,0.0,260.0,18,58,13,40,5,100.0,72,1824,1.7274,5,1,4,213,573
soc_trang,severe,TwinGate+T2,4,inf,awd,0.02,2025,2160,0,0,0.0,260.0,13,36,13,23,2,40.0,77,1831,1.0541,6,0,6,80,516
soc_trang,severe,TwinGate+T2,5,inf,awd,0.02,2025,2160,0,0,0.0,300.0,11,26,15,15,6,120.0,79,1826,1.1376,4,0,4,38,463
soc_trang,severe,TwinGate+T2,6,inf,awd,0.02,2025,2160,0,0,0.0,260.0,13,37,13,24,7,140.0,77,1835,1.4907,10,0,10,162,596
soc_trang,severe,TwinGate+T2,7,inf,awd,0.02,2025,2160,0,0,0.0,260.0,16,48,13,32,3,60.0,74,1839,1.8256,7,1,6,160,568
soc_trang,severe,TwinGate+T2,8,inf,awd,0.02,2025,2160,0,0,0.0,240.0,20,57,12,37,2,40.0,70,1831,1.7208,7,1,6,254,673
soc_trang,severe,TwinGate+T2,9,inf,awd,0.02,2025,2160,0,0,0.0,240.0,15,40,12,25,1,20.0,75,1804,1.4272,8,1,7,280,745
soc_trang,severe,TwinGate+blindARQ,0,inf,awd,0.02,2025,2160,0,0,0.0,280.0,11,58,14,47,3,60.0,79,1861,2.686,4,0,4,54,441
soc_trang,severe,TwinGate+blindARQ,1,inf,awd,0.02,2025,2160,0,0,0.0,320.0,12,41,16,29,4,80.0,78,1864,1.4274,6,0,6,58,457
soc_trang,severe,TwinGate+blindARQ,2,inf,awd,0.02,2025,2160,0,0,0.0,360.0,10,37,18,27,8,160.0,80,1857,1.7213,5,0,5,46,373
soc_trang,severe,TwinGate+blindARQ,3,inf,awd,0.02,2025,2160,0,0,0.0,320.0,8,64,16,56,8,160.0,82,1824,2.446,6,0,6,84,315
soc_trang,severe,TwinGate+blindARQ,4,inf,awd,0.02,2025,2160,0,0,0.0,300.0,10,51,15,41,5,100.0,80,1831,2.2759,4,0,4,44,371
soc_trang,severe,TwinGate+blindARQ,5,inf,awd,0.02,2025,2160,0,0,0.0,340.0,9,34,17,25,8,160.0,81,1826,1.361,2,0,2,19,320
soc_trang,severe,TwinGate+blindARQ,6,inf,awd,0.02,2025,2160,0,0,0.0,420.0,8,67,21,59,13,260.0,82,1835,2.1136,4,0,4,51,227
soc_trang,severe,TwinGate+blindARQ,7,inf,awd,0.02,2025,2160,0,0,0.0,260.0,8,58,13,50,5,100.0,82,1839,2.4554,5,0,5,62,330
soc_trang,severe,TwinGate+blindARQ,8,inf,awd,0.02,2025,2160,0,0,0.0,260.0,11,38,13,27,2,40.0,79,1831,1.6667,6,0,6,67,513
soc_trang,severe,TwinGate+blindARQ,9,inf,awd,0.02,2025,2160,0,0,0.0,260.0,11,50,13,39,2,40.0,79,1804,2.3318,3,0,3,24,437
soc_trang,severe,Reactive+T2,0,inf,awd,0.02,2025,2160,0,0,0.0,420.0,8,16,7,8,0,0.0,0,1861,0.8572,3,0,3,28,280
soc_trang,severe,Reactive+T2,1,inf,awd,0.02,2025,2160,0,0,0.0,360.0,11,33,6,22,0,0.0,0,1864,2.6884,3,1,2,151,328
soc_trang,severe,Reactive+T2,2,inf,awd,0.02,2025,2160,0,0,0.0,720.0,7,22,12,15,6,360.0,0,1857,1.8028,4,0,4,39,349
soc_trang,severe,Reactive+T2,3,inf,awd,0.02,2025,2160,0,0,0.0,600.0,12,40,10,28,5,300.0,0,1824,3.2345,4,1,3,181,313
soc_trang,severe,Reactive+T2,4,inf,awd,0.02,2025,2160,0,0,0.0,420.0,8,22,7,14,0,0.0,0,1831,1.585,3,0,3,36,284
soc_trang,severe,Reactive+T2,5,inf,awd,0.02,2025,2160,0,0,0.0,540.0,8,24,9,16,3,180.0,0,1826,2.0164,3,0,3,56,274
soc_trang,severe,Reactive+T2,6,inf,awd,0.02,2025,2160,0,0,0.0,600.0,8,22,10,14,6,360.0,0,1835,2.1947,4,0,4,59,289
soc_trang,severe,Reactive+T2,7,inf,awd,0.02,2025,2160,0,0,0.0,360.0,10,33,6,23,0,0.0,0,1839,2.6069,5,1,4,148,311
soc_trang,severe,Reactive+T2,8,inf,awd,0.02,2025,2160,0,0,0.0,360.0,11,30,6,19,1,60.0,0,1831,2.1081,5,0,5,132,376
soc_trang,severe,Reactive+T2,9,inf,awd,0.02,2025,2160,0,0,0.0,480.0,8,16,8,8,2,120.0,0,1804,1.6041,4,0,4,43,290
soc_trang,severe,Reactive+blindARQ,0,inf,awd,0.02,2025,2160,0,0,0.0,420.0,7,17,7,10,0,0.0,0,1861,1.2107,2,0,2,20,261
soc_trang,severe,Reactive+blindARQ,1,inf,awd,0.02,2025,2160,0,0,0.0,480.0,7,21,8,14,1,60.0,0,1864,1.8368,2,0,2,25,262
soc_trang,severe,Reactive+blindARQ,2,inf,awd,0.02,2025,2160,0,0,0.0,900.0,7,60,15,53,8,480.0,0,1857,4.3509,1,0,1,9,257
soc_trang,severe,Reactive+blindARQ,3,inf,awd,0.02,2025,2160,0,0,0.0,660.0,6,61,11,55,5,300.0,0,1824,2.6012,2,0,2,31,271
soc_trang,severe,Reactive+blindARQ,4,inf,awd,0.02,2025,2160,0,0,0.0,540.0,7,39,9,32,2,120.0,0,1831,3.6985,3,0,3,28,275
soc_trang,severe,Reactive+blindARQ,5,inf,awd,0.02,2025,2160,0,0,0.0,840.0,7,29,14,22,7,420.0,0,1826,2.7032,4,0,4,42,357
soc_trang,severe,Reactive+blindARQ,6,inf,awd,0.02,2025,2160,0,0,0.0,780.0,6,48,13,42,7,420.0,0,1835,2.4224,3,0,3,35,248
soc_trang,severe,Reactive+blindARQ,7,inf,awd,0.02,2025,2160,0,0,0.0,660.0,7,23,11,16,4,240.0,0,1839,1.9763,2,0,2,23,257
soc_trang,severe,Reactive+blindARQ,8,inf,awd,0.02,2025,2160,0,0,0.0,480.0,7,28,8,21,1,60.0,0,1831,3.0031,4,0,4,49,358
soc_trang,severe,Reactive+blindARQ,9,inf,awd,0.02,2025,2160,0,0,0.0,540.0,7,28,9,21,2,120.0,0,1804,2.3538,1,0,1,9,264
soc_trang,severe,FixedSchedule,0,inf,awd,0.02,2025,2160,0,0,0.0,1500.0,18,98,25,80,7,420.0,0,1861,2.4451,0,0,0,0,0
soc_trang,severe,FixedSchedule,1,inf,awd,0.02,2025,2160,0,0,0.0,1320.0,18,72,22,54,4,240.0,0,1864,1.7171,0,0,0,0,0
soc_trang,severe,FixedSchedule,2,inf,awd,0.02,2025,2160,0,0,0.0,1680.0,18,67,28,49,10,600.0,0,1857,1.7065,0,0,0,0,0
soc_trang,severe,FixedSchedule,3,inf,awd,0.02,2025,2160,0,0,0.0,2040.0,18,110,34,92,16,960.0,0,1824,2.8495,0,0,0,0,0
soc_trang,severe,FixedSchedule,4,inf,awd,0.02,2025,2160,0,0,0.0,1500.0,18,74,25,56,7,420.0,0,1831,1.9512,0,0,0,0,0
soc_trang,severe,FixedSchedule,5,inf,awd,0.02,2025,2160,0,0,0.0,1800.0,18,80,30,62,12,720.0,0,1826,2.5901,0,0,0,0,0
soc_trang,severe,FixedSchedule,6,inf,awd,0.02,2025,2160,0,0,0.0,2160.0,18,98,36,80,18,1080.0,0,1835,1.9955,0,0,0,0,0
soc_trang,severe,FixedSchedule,7,inf,awd,0.02,2025,2160,0,0,0.0,1560.0,18,96,26,78,8,480.0,0,1839,2.7531,0,0,0,0,0
soc_trang,severe,FixedSchedule,8,inf,awd,0.02,2025,2160,0,0,0.0,1260.0,18,56,21,38,3,180.0,0,1831,0.4486,0,0,0,0,0
soc_trang,severe,FixedSchedule,9,inf,awd,0.02,2025,2160,0,0,0.0,1260.0,18,62,21,44,3,180.0,0,1804,1.0432,0,0,0,0,0
soc_trang,severe,Oracle,0,inf,awd,0.02,2025,2160,0,0,0.0,280.0,14,48,14,34,0,0.0,0,1861,2.024,0,0,0,0,0
soc_trang,severe,Oracle,1,inf,awd,0.02,2025,2160,0,0,0.0,280.0,14,58,14,44,1,20.0,0,1864,2.0199,0,0,0,0,0
soc_trang,severe,Oracle,2,inf,awd,0.02,2025,2160,0,0,0.0,280.0,14,50,14,36,3,60.0,0,1857,1.9621,0,0,0,0,0
soc_trang,severe,Oracle,3,inf,awd,0.02,2025,2160,0,0,0.0,280.0,14,38,14,24,3,60.0,0,1824,1.291,0,0,0,0,0
soc_trang,severe,Oracle,4,inf,awd,0.02,2025,2160,0,0,0.0,280.0,14,45,14,31,4,80.0,0,1831,2.165,0,0,0,0,0
soc_trang,severe,Oracle,5,inf,awd,0.02,2025,2160,0,0,0.0,280.0,14,35,14,21,2,40.0,0,1826,1.4594,0,0,0,0,0
soc_trang,severe,Oracle,6,inf,awd,0.02,2025,2160,0,0,0.0,280.0,14,49,14,35,2,40.0,0,1835,1.7581,0,0,0,0,0
soc_trang,severe,Oracle,7,inf,awd,0.02,2025,2160,0,0,0.0,280.0,14,60,14,46,1,20.0,0,1839,2.2502,0,0,0,0,0
soc_trang,severe,Oracle,8,inf,awd,0.02,2025,2160,0,0,0.0,280.0,14,27,14,13,2,40.0,0,1831,0.7454,0,0,0,0,0
soc_trang,severe,Oracle,9,inf,awd,0.02,2025,2160,0,0,0.0,280.0,14,44,14,30,2,40.0,0,1804,1.7399,0,0,0,0,0
soc_trang,severe,TwinGate+T2+centre,0,inf,awd,0.02,2025,2160,0,0,0.0,260.0,17,46,13,29,1,20.0,73,1861,1.2171,8,0,8,147,630
soc_trang,severe,TwinGate+T2+centre,1,inf,awd,0.02,2025,2160,0,0,0.0,240.0,19,54,12,35,1,20.0,71,1864,1.4272,8,1,7,239,671
soc_trang,severe,TwinGate+T2+centre,2,inf,awd,0.02,2025,2160,0,0,0.0,300.0,12,35,15,23,6,120.0,78,1857,1.4923,4,0,4,51,469
soc_trang,severe,TwinGate+T2+centre,3,inf,awd,0.02,2025,2160,0,0,0.0,260.0,18,58,13,40,5,100.0,72,1824,1.7274,5,1,4,213,573
soc_trang,severe,TwinGate+T2+centre,4,inf,awd,0.02,2025,2160,0,0,0.0,260.0,13,36,13,23,2,40.0,77,1831,1.0541,6,0,6,80,516
soc_trang,severe,TwinGate+T2+centre,5,inf,awd,0.02,2025,2160,0,0,0.0,300.0,11,26,15,15,6,120.0,79,1826,1.1376,4,0,4,38,463
soc_trang,severe,TwinGate+T2+centre,6,inf,awd,0.02,2025,2160,0,0,0.0,260.0,13,37,13,24,7,140.0,77,1835,1.4907,10,0,10,162,596
soc_trang,severe,TwinGate+T2+centre,7,inf,awd,0.02,2025,2160,0,0,0.0,260.0,16,48,13,32,3,60.0,74,1839,1.8256,7,1,6,160,568
soc_trang,severe,TwinGate+T2+centre,8,inf,awd,0.02,2025,2160,0,0,0.0,240.0,20,57,12,37,2,40.0,70,1831,1.7208,7,1,6,254,673
soc_trang,severe,TwinGate+T2+centre,9,inf,awd,0.02,2025,2160,0,0,0.0,240.0,15,40,12,25,1,20.0,75,1804,1.4272,8,1,7,280,745
soc_trang,severe,TwinGate+T2,0,inf,mid,0.05,2025,2160,0,0,0.0,260.0,17,46,13,29,1,20.0,73,1861,1.2171,8,0,8,147,630
soc_trang,severe,TwinGate+T2,1,inf,mid,0.05,2025,2160,0,0,0.0,240.0,19,54,12,35,1,20.0,71,1864,1.4272,8,1,7,239,671
soc_trang,severe,TwinGate+T2,2,inf,mid,0.05,2025,2160,0,0,0.0,300.0,12,35,15,23,6,120.0,78,1857,1.4923,4,0,4,51,469
soc_trang,severe,TwinGate+T2,3,inf,mid,0.05,2025,2160,0,0,0.0,260.0,18,58,13,40,5,100.0,72,1824,1.7274,5,1,4,213,573
soc_trang,severe,TwinGate+T2,4,inf,mid,0.05,2025,2160,0,0,0.0,260.0,13,36,13,23,2,40.0,77,1831,1.0541,6,0,6,80,516
soc_trang,severe,TwinGate+T2,5,inf,mid,0.05,2025,2160,0,0,0.0,300.0,11,26,15,15,6,120.0,79,1826,1.1376,4,0,4,38,463
soc_trang,severe,TwinGate+T2,6,inf,mid,0.05,2025,2160,0,0,0.0,260.0,13,37,13,24,7,140.0,77,1835,1.4907,10,0,10,162,596
soc_trang,severe,TwinGate+T2,7,inf,mid,0.05,2025,2160,0,0,0.0,260.0,16,48,13,32,3,60.0,74,1839,1.8256,7,1,6,160,568
soc_trang,severe,TwinGate+T2,8,inf,mid,0.05,2025,2160,0,0,0.0,240.0,20,57,12,37,2,40.0,70,1831,1.7208,7,1,6,254,673
soc_trang,severe,TwinGate+T2,9,inf,mid,0.05,2025,2160,0,0,0.0,240.0,15,40,12,25,1,20.0,75,1804,1.4272,8,1,7,280,745
soc_trang,severe,TwinGate+blindARQ,0,inf,mid,0.05,2025,2160,0,0,0.0,280.0,11,58,14,47,3,60.0,79,1861,2.686,4,0,4,54,441
soc_trang,severe,TwinGate+blindARQ,1,inf,mid,0.05,2025,2160,0,0,0.0,320.0,12,41,16,29,4,80.0,78,1864,1.4274,6,0,6,58,457
soc_trang,severe,TwinGate+blindARQ,2,inf,mid,0.05,2025,2160,0,0,0.0,360.0,10,37,18,27,8,160.0,80,1857,1.7213,5,0,5,46,373
soc_trang,severe,TwinGate+blindARQ,3,inf,mid,0.05,2025,2160,0,0,0.0,320.0,8,64,16,56,8,160.0,82,1824,2.446,6,0,6,84,315
soc_trang,severe,TwinGate+blindARQ,4,inf,mid,0.05,2025,2160,0,0,0.0,300.0,10,51,15,41,5,100.0,80,1831,2.2759,4,0,4,44,371
soc_trang,severe,TwinGate+blindARQ,5,inf,mid,0.05,2025,2160,0,0,0.0,340.0,9,34,17,25,8,160.0,81,1826,1.361,2,0,2,19,320
soc_trang,severe,TwinGate+blindARQ,6,inf,mid,0.05,2025,2160,0,0,0.0,420.0,8,67,21,59,13,260.0,82,1835,2.1136,4,0,4,51,227
soc_trang,severe,TwinGate+blindARQ,7,inf,mid,0.05,2025,2160,0,0,0.0,260.0,8,58,13,50,5,100.0,82,1839,2.4554,5,0,5,62,330
soc_trang,severe,TwinGate+blindARQ,8,inf,mid,0.05,2025,2160,0,0,0.0,260.0,11,38,13,27,2,40.0,79,1831,1.6667,6,0,6,67,513
soc_trang,severe,TwinGate+blindARQ,9,inf,mid,0.05,2025,2160,0,0,0.0,260.0,11,50,13,39,2,40.0,79,1804,2.3318,3,0,3,24,437
soc_trang,severe,Reactive+T2,0,inf,mid,0.05,2025,2160,0,0,0.0,420.0,8,16,7,8,0,0.0,0,1861,0.8572,3,0,3,28,280
soc_trang,severe,Reactive+T2,1,inf,mid,0.05,2025,2160,0,0,0.0,360.0,11,33,6,22,0,0.0,0,1864,2.6884,3,1,2,151,328
soc_trang,severe,Reactive+T2,2,inf,mid,0.05,2025,2160,0,0,0.0,720.0,7,22,12,15,6,360.0,0,1857,1.8028,4,0,4,39,349
soc_trang,severe,Reactive+T2,3,inf,mid,0.05,2025,2160,0,0,0.0,600.0,12,40,10,28,5,300.0,0,1824,3.2345,4,1,3,181,313
soc_trang,severe,Reactive+T2,4,inf,mid,0.05,2025,2160,0,0,0.0,420.0,8,22,7,14,0,0.0,0,1831,1.585,3,0,3,36,284
soc_trang,severe,Reactive+T2,5,inf,mid,0.05,2025,2160,0,0,0.0,540.0,8,24,9,16,3,180.0,0,1826,2.0164,3,0,3,56,274
soc_trang,severe,Reactive+T2,6,inf,mid,0.05,2025,2160,0,0,0.0,600.0,8,22,10,14,6,360.0,0,1835,2.1947,4,0,4,59,289
soc_trang,severe,Reactive+T2,7,inf,mid,0.05,2025,2160,0,0,0.0,360.0,10,33,6,23,0,0.0,0,1839,2.6069,5,1,4,148,311
soc_trang,severe,Reactive+T2,8,inf,mid,0.05,2025,2160,0,0,0.0,360.0,11,30,6,19,1,60.0,0,1831,2.1081,5,0,5,132,376
soc_trang,severe,Reactive+T2,9,inf,mid,0.05,2025,2160,0,0,0.0,480.0,8,16,8,8,2,120.0,0,1804,1.6041,4,0,4,43,290
soc_trang,severe,Reactive+blindARQ,0,inf,mid,0.05,2025,2160,0,0,0.0,420.0,7,17,7,10,0,0.0,0,1861,1.2107,2,0,2,20,261
soc_trang,severe,Reactive+blindARQ,1,inf,mid,0.05,2025,2160,0,0,0.0,480.0,7,21,8,14,1,60.0,0,1864,1.8368,2,0,2,25,262
soc_trang,severe,Reactive+blindARQ,2,inf,mid,0.05,2025,2160,0,0,0.0,900.0,7,60,15,53,8,480.0,0,1857,4.3509,1,0,1,9,257
soc_trang,severe,Reactive+blindARQ,3,inf,mid,0.05,2025,2160,0,0,0.0,660.0,6,61,11,55,5,300.0,0,1824,2.6012,2,0,2,31,271
soc_trang,severe,Reactive+blindARQ,4,inf,mid,0.05,2025,2160,0,0,0.0,540.0,7,39,9,32,2,120.0,0,1831,3.6985,3,0,3,28,275
soc_trang,severe,Reactive+blindARQ,5,inf,mid,0.05,2025,2160,0,0,0.0,840.0,7,29,14,22,7,420.0,0,1826,2.7032,4,0,4,42,357
soc_trang,severe,Reactive+blindARQ,6,inf,mid,0.05,2025,2160,0,0,0.0,780.0,6,48,13,42,7,420.0,0,1835,2.4224,3,0,3,35,248
soc_trang,severe,Reactive+blindARQ,7,inf,mid,0.05,2025,2160,0,0,0.0,660.0,7,23,11,16,4,240.0,0,1839,1.9763,2,0,2,23,257
soc_trang,severe,Reactive+blindARQ,8,inf,mid,0.05,2025,2160,0,0,0.0,480.0,7,28,8,21,1,60.0,0,1831,3.0031,4,0,4,49,358
soc_trang,severe,Reactive+blindARQ,9,inf,mid,0.05,2025,2160,0,0,0.0,540.0,7,28,9,21,2,120.0,0,1804,2.3538,1,0,1,9,264
soc_trang,severe,FixedSchedule,0,inf,mid,0.05,2025,2160,0,0,0.0,1500.0,18,98,25,80,7,420.0,0,1861,2.4451,0,0,0,0,0
soc_trang,severe,FixedSchedule,1,inf,mid,0.05,2025,2160,0,0,0.0,1320.0,18,72,22,54,4,240.0,0,1864,1.7171,0,0,0,0,0
soc_trang,severe,FixedSchedule,2,inf,mid,0.05,2025,2160,0,0,0.0,1680.0,18,67,28,49,10,600.0,0,1857,1.7065,0,0,0,0,0
soc_trang,severe,FixedSchedule,3,inf,mid,0.05,2025,2160,0,0,0.0,2040.0,18,110,34,92,16,960.0,0,1824,2.8495,0,0,0,0,0
soc_trang,severe,FixedSchedule,4,inf,mid,0.05,2025,2160,0,0,0.0,1500.0,18,74,25,56,7,420.0,0,1831,1.9512,0,0,0,0,0
soc_trang,severe,FixedSchedule,5,inf,mid,0.05,2025,2160,0,0,0.0,1800.0,18,80,30,62,12,720.0,0,1826,2.5901,0,0,0,0,0
soc_trang,severe,FixedSchedule,6,inf,mid,0.05,2025,2160,0,0,0.0,2160.0,18,98,36,80,18,1080.0,0,1835,1.9955,0,0,0,0,0
soc_trang,severe,FixedSchedule,7,inf,mid,0.05,2025,2160,0,0,0.0,1560.0,18,96,26,78,8,480.0,0,1839,2.7531,0,0,0,0,0
soc_trang,severe,FixedSchedule,8,inf,mid,0.05,2025,2160,0,0,0.0,1260.0,18,56,21,38,3,180.0,0,1831,0.4486,0,0,0,0,0
soc_trang,severe,FixedSchedule,9,inf,mid,0.05,2025,2160,0,0,0.0,1260.0,18,62,21,44,3,180.0,0,1804,1.0432,0,0,0,0,0
soc_trang,severe,Oracle,0,inf,mid,0.05,2025,2160,0,0,0.0,280.0,14,48,14,34,0,0.0,0,1861,2.024,0,0,0,0,0
soc_trang,severe,Oracle,1,inf,mid,0.05,2025,2160,0,0,0.0,280.0,14,58,14,44,1,20.0,0,1864,2.0199,0,0,0,0,0
soc_trang,severe,Oracle,2,inf,mid,0.05,2025,2160,0,0,0.0,280.0,14,50,14,36,3,60.0,0,1857,1.9621,0,0,0,0,0
soc_trang,severe,Oracle,3,inf,mid,0.05,2025,2160,0,0,0.0,280.0,14,38,14,24,3,60.0,0,1824,1.291,0,0,0,0,0
soc_trang,severe,Oracle,4,inf,mid,0.05,2025,2160,0,0,0.0,280.0,14,45,14,31,4,80.0,0,1831,2.165,0,0,0,0,0
soc_trang,severe,Oracle,5,inf,mid,0.05,2025,2160,0,0,0.0,280.0,14,35,14,21,2,40.0,0,1826,1.4594,0,0,0,0,0
soc_trang,severe,Oracle,6,inf,mid,0.05,2025,2160,0,0,0.0,280.0,14,49,14,35,2,40.0,0,1835,1.7581,0,0,0,0,0
soc_trang,severe,Oracle,7,inf,mid,0.05,2025,2160,0,0,0.0,280.0,14,60,14,46,1,20.0,0,1839,2.2502,0,0,0,0,0
soc_trang,severe,Oracle,8,inf,mid,0.05,2025,2160,0,0,0.0,280.0,14,27,14,13,2,40.0,0,1831,0.7454,0,0,0,0,0
soc_trang,severe,Oracle,9,inf,mid,0.05,2025,2160,0,0,0.0,280.0,14,44,14,30,2,40.0,0,1804,1.7399,0,0,0,0,0
soc_trang,severe,TwinGate+T2+centre,0,inf,mid,0.05,2025,2160,0,0,0.0,260.0,17,46,13,29,1,20.0,73,1861,1.2171,8,0,8,147,630
soc_trang,severe,TwinGate+T2+centre,1,inf,mid,0.05,2025,2160,0,0,0.0,240.0,19,54,12,35,1,20.0,71,1864,1.4272,8,1,7,239,671
soc_trang,severe,TwinGate+T2+centre,2,inf,mid,0.05,2025,2160,0,0,0.0,300.0,12,35,15,23,6,120.0,78,1857,1.4923,4,0,4,51,469
soc_trang,severe,TwinGate+T2+centre,3,inf,mid,0.05,2025,2160,0,0,0.0,260.0,18,58,13,40,5,100.0,72,1824,1.7274,5,1,4,213,573
soc_trang,severe,TwinGate+T2+centre,4,inf,mid,0.05,2025,2160,0,0,0.0,260.0,13,36,13,23,2,40.0,77,1831,1.0541,6,0,6,80,516
soc_trang,severe,TwinGate+T2+centre,5,inf,mid,0.05,2025,2160,0,0,0.0,300.0,11,26,15,15,6,120.0,79,1826,1.1376,4,0,4,38,463
soc_trang,severe,TwinGate+T2+centre,6,inf,mid,0.05,2025,2160,0,0,0.0,260.0,13,37,13,24,7,140.0,77,1835,1.4907,10,0,10,162,596
soc_trang,severe,TwinGate+T2+centre,7,inf,mid,0.05,2025,2160,0,0,0.0,260.0,16,48,13,32,3,60.0,74,1839,1.8256,7,1,6,160,568
soc_trang,severe,TwinGate+T2+centre,8,inf,mid,0.05,2025,2160,0,0,0.0,240.0,20,57,12,37,2,40.0,70,1831,1.7208,7,1,6,254,673
soc_trang,severe,TwinGate+T2+centre,9,inf,mid,0.05,2025,2160,0,0,0.0,240.0,15,40,12,25,1,20.0,75,1804,1.4272,8,1,7,280,745
soc_trang,severe,TwinGate+T2,0,inf,narrow,0.1,2025,2160,0,0,0.0,240.0,16,43,12,27,2,40.0,74,1861,1.4905,10,3,7,614,991
soc_trang,severe,TwinGate+T2,1,inf,narrow,0.1,2025,2160,0,0,0.0,240.0,16,47,12,31,1,20.0,74,1864,1.291,11,1,10,414,769
soc_trang,severe,TwinGate+T2,2,inf,narrow,0.1,2025,2160,0,0,0.0,280.0,11,33,14,22,6,120.0,79,1857,1.3029,9,2,7,408,742
soc_trang,severe,TwinGate+T2,3,inf,narrow,0.1,2025,2160,129,0,4.796,200.0,14,47,9,33,3,60.0,76,1824,1.5139,7,3,4,593,864
soc_trang,severe,TwinGate+T2,4,inf,narrow,0.1,2025,2160,106,0,4.5858,200.0,11,29,9,18,2,40.0,79,1831,1.1384,8,2,5,973,803
soc_trang,severe,TwinGate+T2,5,inf,narrow,0.1,2025,2160,0,0,0.0,240.0,12,37,12,25,3,60.0,78,1826,1.1432,10,0,10,253,624
soc_trang,severe,TwinGate+T2,6,inf,narrow,0.1,2025,2160,0,0,0.0,260.0,10,27,13,17,5,100.0,80,1835,1.1386,9,1,8,342,668
soc_trang,severe,TwinGate+T2,7,inf,narrow,0.1,2025,2160,0,0,0.0,260.0,14,48,13,34,3,60.0,76,1839,1.5515,10,1,9,486,791
soc_trang,severe,TwinGate+T2,8,inf,narrow,0.1,2025,2160,0,0,0.0,240.0,17,48,12,31,2,40.0,73,1831,1.4269,11,1,10,597,1006
soc_trang,severe,TwinGate+T2,9,inf,narrow,0.1,2025,2160,0,0,0.0,240.0,14,32,12,18,1,20.0,76,1804,1.1385,11,1,10,290,718
soc_trang,severe,TwinGate+blindARQ,0,inf,narrow,0.1,2025,2160,0,0,0.0,240.0,10,44,12,34,2,40.0,80,1861,2.6758,10,1,9,362,673
soc_trang,severe,TwinGate+blindARQ,1,inf,narrow,0.1,2025,2160,0,0,0.0,240.0,11,43,12,32,1,20.0,79,1864,1.6667,11,1,10,326,769
soc_trang,severe,TwinGate+blindARQ,2,inf,narrow,0.1,2025,2160,0,0,0.0,320.0,8,40,16,32,8,160.0,82,1857,1.3609,9,1,7,814,738
soc_trang,severe,TwinGate+blindARQ,3,inf,narrow,0.1,2025,2160,0,0,0.0,320.0,8,28,16,20,8,160.0,82,1824,1.217,8,0,8,251,537
soc_trang,severe,TwinGate+blindARQ,4,inf,narrow,0.1,2025,2160,0,0,0.0,260.0,9,34,13,25,4,80.0,81,1831,2.176,9,0,9,246,526
soc_trang,severe,TwinGate+blindARQ,5,inf,narrow,0.1,2025,2160,0,0,0.0,300.0,8,31,15,23,7,140.0,82,1826,1.3852,8,0,8,195,485
soc_trang,severe,TwinGate+blindARQ,6,inf,narrow,0.1,2025,2160,0,0,0.0,380.0,7,70,19,63,12,240.0,83,1835,2.2848,7,0,7,209,517
soc_trang,severe,TwinGate+blindARQ,7,inf,narrow,0.1,2025,2160,0,0,0.0,260.0,8,41,13,33,5,100.0,82,1839,1.8569,8,1,7,375,637
soc_trang,severe,TwinGate+blindARQ,8,inf,narrow,0.1,2025,2160,0,0,0.0,240.0,10,71,12,61,2,40.0,80,1831,3.2381,10,2,8,443,815
soc_trang,severe,TwinGate+blindARQ,9,inf,narrow,0.1,2025,2160,0,0,0.0,240.0,10,36,12,26,2,40.0,80,1804,1.9227,10,1,9,334,749
soc_trang,severe,Reactive+T2,0,inf,narrow,0.1,2025,2160,0,0,0.0,420.0,8,16,7,8,0,0.0,0,1861,0.8572,3,0,3,28,280
soc_trang,severe,Reactive+T2,1,inf,narrow,0.1,2025,2160,0,0,0.0,360.0,11,33,6,22,0,0.0,0,1864,2.6884,3,1,2,151,328
soc_trang,severe,Reactive+T2,2,inf,narrow,0.1,2025,2160,0,0,0.0,720.0,7,22,12,15,6,360.0,0,1857,1.8028,4,0,4,39,349
soc_trang,severe,Reactive+T2,3,inf,narrow,0.1,2025,2160,0,0,0.0,600.0,12,40,10,28,5,300.0,0,1824,3.2345,4,1,3,181,313
soc_trang,severe,Reactive+T2,4,inf,narrow,0.1,2025,2160,0,0,0.0,420.0,8,22,7,14,0,0.0,0,1831,1.585,3,0,3,36,284
soc_trang,severe,Reactive+T2,5,inf,narrow,0.1,2025,2160,0,0,0.0,540.0,8,24,9,16,3,180.0,0,1826,2.0164,3,0,3,56,274
soc_trang,severe,Reactive+T2,6,inf,narrow,0.1,2025,2160,0,0,0.0,600.0,8,22,10,14,6,360.0,0,1835,2.1947,4,0,4,59,289
soc_trang,severe,Reactive+T2,7,inf,narrow,0.1,2025,2160,0,0,0.0,360.0,10,33,6,23,0,0.0,0,1839,2.6069,5,1,4,148,311
soc_trang,severe,Reactive+T2,8,inf,narrow,0.1,2025,2160,0,0,0.0,360.0,11,30,6,19,1,60.0,0,1831,2.1081,5,0,5,132,376
soc_trang,severe,Reactive+T2,9,inf,narrow,0.1,2025,2160,0,0,0.0,480.0,8,16,8,8,2,120.0,0,1804,1.6041,4,0,4,43,290
soc_trang,severe,Reactive+blindARQ,0,inf,narrow,0.1,2025,2160,0,0,0.0,420.0,7,17,7,10,0,0.0,0,1861,1.2107,2,0,2,20,261
soc_trang,severe,Reactive+blindARQ,1,inf,narrow,0.1,2025,2160,0,0,0.0,480.0,7,21,8,14,1,60.0,0,1864,1.8368,2,0,2,25,262
soc_trang,severe,Reactive+blindARQ,2,inf,narrow,0.1,2025,2160,0,0,0.0,900.0,7,60,15,53,8,480.0,0,1857,4.3509,1,0,1,9,257
soc_trang,severe,Reactive+blindARQ,3,inf,narrow,0.1,2025,2160,0,0,0.0,660.0,6,61,11,55,5,300.0,0,1824,2.6012,2,0,2,31,271
soc_trang,severe,Reactive+blindARQ,4,inf,narrow,0.1,2025,2160,0,0,0.0,540.0,7,39,9,32,2,120.0,0,1831,3.6985,3,0,3,28,275
soc_trang,severe,Reactive+blindARQ,5,inf,narrow,0.1,2025,2160,0,0,0.0,840.0,7,29,14,22,7,420.0,0,1826,2.7032,4,0,4,42,357
soc_trang,severe,Reactive+blindARQ,6,inf,narrow,0.1,2025,2160,0,0,0.0,780.0,6,48,13,42,7,420.0,0,1835,2.4224,3,0,3,35,248
soc_trang,severe,Reactive+blindARQ,7,inf,narrow,0.1,2025,2160,0,0,0.0,660.0,7,23,11,16,4,240.0,0,1839,1.9763,2,0,2,23,257
soc_trang,severe,Reactive+blindARQ,8,inf,narrow,0.1,2025,2160,0,0,0.0,480.0,7,28,8,21,1,60.0,0,1831,3.0031,4,0,4,49,358
soc_trang,severe,Reactive+blindARQ,9,inf,narrow,0.1,2025,2160,0,0,0.0,540.0,7,28,9,21,2,120.0,0,1804,2.3538,1,0,1,9,264
soc_trang,severe,FixedSchedule,0,inf,narrow,0.1,2025,2160,0,0,0.0,1500.0,18,98,25,80,7,420.0,0,1861,2.4451,0,0,0,0,0
soc_trang,severe,FixedSchedule,1,inf,narrow,0.1,2025,2160,0,0,0.0,1320.0,18,72,22,54,4,240.0,0,1864,1.7171,0,0,0,0,0
soc_trang,severe,FixedSchedule,2,inf,narrow,0.1,2025,2160,0,0,0.0,1680.0,18,67,28,49,10,600.0,0,1857,1.7065,0,0,0,0,0
soc_trang,severe,FixedSchedule,3,inf,narrow,0.1,2025,2160,0,0,0.0,2040.0,18,110,34,92,16,960.0,0,1824,2.8495,0,0,0,0,0
soc_trang,severe,FixedSchedule,4,inf,narrow,0.1,2025,2160,0,0,0.0,1500.0,18,74,25,56,7,420.0,0,1831,1.9512,0,0,0,0,0
soc_trang,severe,FixedSchedule,5,inf,narrow,0.1,2025,2160,0,0,0.0,1800.0,18,80,30,62,12,720.0,0,1826,2.5901,0,0,0,0,0
soc_trang,severe,FixedSchedule,6,inf,narrow,0.1,2025,2160,0,0,0.0,2160.0,18,98,36,80,18,1080.0,0,1835,1.9955,0,0,0,0,0
soc_trang,severe,FixedSchedule,7,inf,narrow,0.1,2025,2160,0,0,0.0,1560.0,18,96,26,78,8,480.0,0,1839,2.7531,0,0,0,0,0
soc_trang,severe,FixedSchedule,8,inf,narrow,0.1,2025,2160,0,0,0.0,1260.0,18,56,21,38,3,180.0,0,1831,0.4486,0,0,0,0,0
soc_trang,severe,FixedSchedule,9,inf,narrow,0.1,2025,2160,0,0,0.0,1260.0,18,62,21,44,3,180.0,0,1804,1.0432,0,0,0,0,0
soc_trang,severe,Oracle,0,inf,narrow,0.1,2025,2160,0,0,0.0,280.0,14,48,14,34,0,0.0,0,1861,2.024,0,0,0,0,0
soc_trang,severe,Oracle,1,inf,narrow,0.1,2025,2160,0,0,0.0,280.0,14,58,14,44,1,20.0,0,1864,2.0199,0,0,0,0,0
soc_trang,severe,Oracle,2,inf,narrow,0.1,2025,2160,0,0,0.0,280.0,14,50,14,36,3,60.0,0,1857,1.9621,0,0,0,0,0
soc_trang,severe,Oracle,3,inf,narrow,0.1,2025,2160,0,0,0.0,280.0,14,38,14,24,3,60.0,0,1824,1.291,0,0,0,0,0
soc_trang,severe,Oracle,4,inf,narrow,0.1,2025,2160,0,0,0.0,280.0,14,45,14,31,4,80.0,0,1831,2.165,0,0,0,0,0
soc_trang,severe,Oracle,5,inf,narrow,0.1,2025,2160,0,0,0.0,280.0,14,35,14,21,2,40.0,0,1826,1.4594,0,0,0,0,0
soc_trang,severe,Oracle,6,inf,narrow,0.1,2025,2160,0,0,0.0,280.0,14,49,14,35,2,40.0,0,1835,1.7581,0,0,0,0,0
soc_trang,severe,Oracle,7,inf,narrow,0.1,2025,2160,0,0,0.0,280.0,14,60,14,46,1,20.0,0,1839,2.2502,0,0,0,0,0
soc_trang,severe,Oracle,8,inf,narrow,0.1,2025,2160,0,0,0.0,280.0,14,27,14,13,2,40.0,0,1831,0.7454,0,0,0,0,0
soc_trang,severe,Oracle,9,inf,narrow,0.1,2025,2160,0,0,0.0,280.0,14,44,14,30,2,40.0,0,1804,1.7399,0,0,0,0,0
soc_trang,severe,TwinGate+T2+centre,0,inf,narrow,0.1,2025,2160,0,0,0.0,240.0,16,43,12,27,2,40.0,74,1861,1.4905,10,3,7,614,991
soc_trang,severe,TwinGate+T2+centre,1,inf,narrow,0.1,2025,2160,0,0,0.0,240.0,16,47,12,31,1,20.0,74,1864,1.291,11,1,10,414,769
soc_trang,severe,TwinGate+T2+centre,2,inf,narrow,0.1,2025,2160,0,0,0.0,280.0,11,33,14,22,6,120.0,79,1857,1.3029,9,2,7,408,742
soc_trang,severe,TwinGate+T2+centre,3,inf,narrow,0.1,2025,2160,129,0,4.796,200.0,14,47,9,33,3,60.0,76,1824,1.5139,7,3,4,593,864
soc_trang,severe,TwinGate+T2+centre,4,inf,narrow,0.1,2025,2160,106,0,4.5858,200.0,11,29,9,18,2,40.0,79,1831,1.1384,8,2,5,973,803
soc_trang,severe,TwinGate+T2+centre,5,inf,narrow,0.1,2025,2160,0,0,0.0,240.0,12,37,12,25,3,60.0,78,1826,1.1432,10,0,10,253,624
soc_trang,severe,TwinGate+T2+centre,6,inf,narrow,0.1,2025,2160,0,0,0.0,260.0,10,27,13,17,5,100.0,80,1835,1.1386,9,1,8,342,668
soc_trang,severe,TwinGate+T2+centre,7,inf,narrow,0.1,2025,2160,0,0,0.0,260.0,14,48,13,34,3,60.0,76,1839,1.5515,10,1,9,486,791
soc_trang,severe,TwinGate+T2+centre,8,inf,narrow,0.1,2025,2160,0,0,0.0,240.0,17,48,12,31,2,40.0,73,1831,1.4269,11,1,10,597,1006
soc_trang,severe,TwinGate+T2+centre,9,inf,narrow,0.1,2025,2160,0,0,0.0,240.0,14,32,12,18,1,20.0,76,1804,1.1385,11,1,10,290,718
ca_mau,mild,TwinGate+T2,0,80.0,awd,0.02,2025,2160,0,0,0.0,60.0,3,3,3,0,0,0.0,87,1861,0.0,4,3,0,1832,882
ca_mau,mild,TwinGate+T2,1,80.0,awd,0.02,2025,2160,0,0,0.0,80.0,4,6,4,2,1,20.0,86,1864,0.6086,4,3,0,1506,806
ca_mau,mild,TwinGate+T2,2,80.0,awd,0.02,2025,2160,0,0,0.0,80.0,3,5,4,2,2,40.0,87,1857,0.4303,4,3,0,1467,785
ca_mau,mild,TwinGate+T2,3,80.0,awd,0.02,2025,2160,0,0,0.0,80.0,3,4,4,1,2,40.0,87,1824,0.0,4,3,0,1456,781
ca_mau,mild,TwinGate+T2,4,80.0,awd,0.02,2025,2160,0,0,0.0,80.0,3,4,4,1,1,20.0,87,1831,0.0,4,3,0,1433,761
ca_mau,mild,TwinGate+T2,5,80.0,awd,0.02,2025,2160,0,0,0.0,60.0,3,5,3,2,1,20.0,87,1826,0.6086,3,2,0,1780,800
ca_mau,mild,TwinGate+T2,6,80.0,awd,0.02,2025,2160,0,0,0.0,80.0,3,5,4,2,3,60.0,87,1835,0.4303,4,3,0,1457,781
ca_mau,mild,TwinGate+T2,7,80.0,awd,0.02,2025,2160,0,0,0.0,80.0,3,6,4,3,2,40.0,87,1839,0.6086,3,2,0,1686,684
ca_mau,mild,TwinGate+T2,8,80.0,awd,0.02,2025,2160,0,0,0.0,60.0,4,5,3,1,0,0.0,86,1831,0.9622,4,3,0,1850,879
ca_mau,mild,TwinGate+T2,9,80.0,awd,0.02,2025,2160,0,0,0.0,80.0,3,4,4,1,1,20.0,87,1804,0.0,4,3,0,1456,781
ca_mau,mild,TwinGate+blindARQ,0,80.0,awd,0.02,2025,2160,0,0,0.0,60.0,3,3,3,0,0,0.0,87,1861,0.0,4,3,0,1832,882
ca_mau,mild,TwinGate+blindARQ,1,80.0,awd,0.02,2025,2160,0,0,0.0,80.0,3,7,4,4,1,20.0,87,1864,0.7454,4,3,0,1469,785
ca_mau,mild,TwinGate+blindARQ,2,80.0,awd,0.02,2025,2160,0,0,0.0,80.0,2,6,4,4,2,40.0,88,1857,0.6086,3,2,0,1713,726
ca_mau,mild,TwinGate+blindARQ,3,80.0,awd,0.02,2025,2160,0,0,0.0,80.0,2,4,4,2,2,40.0,88,1824,0.0,3,2,0,1712,724
ca_mau,mild,TwinGate+blindARQ,4,80.0,awd,0.02,2025,2160,0,0,0.0,80.0,3,4,4,1,1,20.0,87,1831,0.0,4,3,0,1433,761
ca_mau,mild,TwinGate+blindARQ,5,80.0,awd,0.02,2025,2160,0,0,0.0,80.0,3,8,4,5,1,20.0,87,1826,0.8607,4,3,0,1460,783
ca_mau,mild,TwinGate+blindARQ,6,80.0,awd,0.02,2025,2160,47,0,0.6235,80.0,1,6,4,5,3,60.0,89,1835,0.5403,2,1,0,1727,714
ca_mau,mild,TwinGate+blindARQ,7,80.0,awd,0.02,2025,2160,0,0,0.0,80.0,2,6,4,4,2,40.0,88,1839,0.6086,3,2,0,1684,685
ca_mau,mild,TwinGate+blindARQ,8,80.0,awd,0.02,2025,2160,0,0,0.0,60.0,3,5,3,2,0,0.0,87,1831,0.9622,4,3,0,1834,882
ca_mau,mild,TwinGate+blindARQ,9,80.0,awd,0.02,2025,2160,0,0,0.0,80.0,3,4,4,1,1,20.0,87,1804,0.0,4,3,0,1456,781
ca_mau,mild,Reactive+T2,0,80.0,awd,0.02,2025,2160,49,0,0.8888,80.0,3,4,2,1,0,0.0,0,1861,1.204,2,0,1,1635,669
ca_mau,mild,Reactive+T2,1,80.0,awd,0.02,2025,2160,70,0,1.6596,80.0,2,2,2,0,0,0.0,0,1864,0.0,1,0,0,1644,651
ca_mau,mild,Reactive+T2,2,80.0,awd,0.02,2025,2160,70,0,1.6596,80.0,2,2,2,0,0,0.0,0,1857,0.0,1,0,0,1644,651
ca_mau,mild,Reactive+T2,3,80.0,awd,0.02,2025,2160,70,0,1.6596,80.0,2,2,2,0,0,0.0,0,1824,0.0,1,0,0,1644,651
ca_mau,mild,Reactive+T2,4,80.0,awd,0.02,2025,2160,70,0,1.6596,80.0,2,2,2,0,1,20.0,0,1831,0.0,1,0,0,1644,651
ca_mau,mild,Reactive+T2,5,80.0,awd,0.02,2025,2160,70,0,1.6596,80.0,2,2,2,0,0,0.0,0,1826,0.0,1,0,0,1644,651
ca_mau,mild,Reactive+T2,6,80.0,awd,0.02,2025,2160,68,0,1.4253,80.0,3,4,2,1,0,0.0,0,1835,0.6086,2,0,1,1653,673
ca_mau,mild,Reactive+T2,7,80.0,awd,0.02,2025,2160,68,0,1.4253,80.0,3,4,2,1,0,0.0,0,1839,0.6086,2,0,1,1653,673
ca_mau,mild,Reactive+T2,8,80.0,awd,0.02,2025,2160,70,0,1.6596,80.0,2,2,2,0,0,0.0,0,1831,0.0,1,0,0,1644,651
ca_mau,mild,Reactive+T2,9,80.0,awd,0.02,2025,2160,70,0,1.6596,80.0,2,2,2,0,0,0.0,0,1804,0.0,1,0,0,1644,651
ca_mau,mild,Reactive+blindARQ,0,80.0,awd,0.02,2025,2160,70,0,1.6337,80.0,2,4,2,2,0,0.0,0,1861,1.204,1,0,0,1644,652
ca_mau,mild,Reactive+blindARQ,1,80.0,awd,0.02,2025,2160,70,0,1.6596,80.0,2,2,2,0,0,0.0,0,1864,0.0,1,0,0,1644,651
ca_mau,mild,Reactive+blindARQ,2,80.0,awd,0.02,2025,2160,70,0,1.6596,80.0,2,2,2,0,0,0.0,0,1857,0.0,1,0,0,1644,651
ca_mau,mild,Reactive+blindARQ,3,80.0,awd,0.02,2025,2160,70,0,1.6596,80.0,2,2,2,0,0,0.0,0,1824,0.0,1,0,0,1644,651
ca_mau,mild,Reactive+blindARQ,4,80.0,awd,0.02,2025,2160,70,0,1.6596,80.0,2,2,2,0,1,20.0,0,1831,0.0,1,0,0,1644,651
ca_mau,mild,Reactive+blindARQ,5,80.0,awd,0.02,2025,2160,70,0,1.6596,80.0,2,2,2,0,0,0.0,0,1826,0.0,1,0,0,1644,651
ca_mau,mild,Reactive+blindARQ,6,80.0,awd,0.02,2025,2160,70,0,1.6589,80.0,2,4,2,2,0,0.0,0,1835,0.6086,1,0,0,1644,653
ca_mau,mild,Reactive+blindARQ,7,80.0,awd,0.02,2025,2160,70,0,1.6577,80.0,2,6,2,4,0,0.0,0,1839,1.2187,1,0,0,1644,655
ca_mau,mild,Reactive+blindARQ,8,80.0,awd,0.02,2025,2160,70,0,1.6596,80.0,2,2,2,0,0,0.0,0,1831,0.0,1,0,0,1644,651
ca_mau,mild,Reactive+blindARQ,9,80.0,awd,0.02,2025,2160,70,0,1.6596,80.0,2,2,2,0,0,0.0,0,1804,0.0,1,0,0,1644,651
ca_mau,mild,FixedSchedule,0,80.0,awd,0.02,2025,2160,217,0,13.6336,80.0,2,4,2,2,0,0.0,0,1861,5.877,1,0,0,1835,853
ca_mau,mild,FixedSchedule,1,80.0,awd,0.02,2025,2160,217,0,13.6399,80.0,2,2,2,0,0,0.0,0,1864,0.0,1,0,0,1835,851
ca_mau,mild,FixedSchedule,2,80.0,awd,0.02,2025,2160,217,0,13.6399,80.0,2,2,2,0,0,0.0,0,1857,0.0,1,0,0,1835,851
ca_mau,mild,FixedSchedule,3,80.0,awd,0.02,2025,2160,217,0,13.6399,80.0,2,2,2,0,0,0.0,0,1824,0.0,1,0,0,1835,851
ca_mau,mild,FixedSchedule,4,80.0,awd,0.02,2025,2160,217,0,13.6399,80.0,2,2,2,0,1,20.0,0,1831,0.0,1,0,0,1835,851
ca_mau,mild,FixedSchedule,5,80.0,awd,0.02,2025,2160,217,0,13.6399,80.0,2,2,2,0,0,0.0,0,1826,0.0,1,0,0,1835,851
ca_mau,mild,FixedSchedule,6,80.0,awd,0.02,2025,2160,217,0,13.6399,80.0,2,2,2,0,1,20.0,0,1835,0.0,1,0,0,1835,851
ca_mau,mild,FixedSchedule,7,80.0,awd,0.02,2025,2160,217,0,13.6399,80.0,2,2,2,0,1,20.0,0,1839,0.0,1,0,0,1835,851
ca_mau,mild,FixedSchedule,8,80.0,awd,0.02,2025,2160,217,0,13.6399,80.0,2,2,2,0,0,0.0,0,1831,0.0,1,0,0,1835,851
ca_mau,mild,FixedSchedule,9,80.0,awd,0.02,2025,2160,217,0,13.6399,80.0,2,2,2,0,0,0.0,0,1804,0.0,1,0,0,1835,851
ca_mau,mild,Oracle,0,80.0,awd,0.02,2025,2160,0,0,0.0,60.0,3,4,3,1,0,0.0,0,1861,0.6085,4,3,0,1863,873
ca_mau,mild,Oracle,1,80.0,awd,0.02,2025,2160,0,0,0.0,60.0,3,3,3,0,0,0.0,0,1864,0.0,4,3,0,1862,873
ca_mau,mild,Oracle,2,80.0,awd,0.02,2025,2160,0,0,0.0,60.0,3,6,3,3,0,0.0,0,1857,0.7454,4,3,0,1865,873
ca_mau,mild,Oracle,3,80.0,awd,0.02,2025,2160,0,0,0.0,60.0,3,8,3,5,1,20.0,0,1824,1.2172,4,3,0,1867,873
ca_mau,mild,Oracle,4,80.0,awd,0.02,2025,2160,0,0,0.0,60.0,3,7,3,4,1,20.0,0,1831,0.8607,4,3,0,1866,873
ca_mau,mild,Oracle,5,80.0,awd,0.02,2025,2160,0,0,0.0,60.0,3,5,3,2,0,0.0,0,1826,0.6086,4,3,0,1864,873
ca_mau,mild,Oracle,6,80.0,awd,0.02,2025,2160,0,0,0.0,60.0,3,3,3,0,2,40.0,0,1835,0.0,4,3,0,1862,873
ca_mau,mild,Oracle,7,80.0,awd,0.02,2025,2160,0,0,0.0,60.0,3,6,3,3,1,20.0,0,1839,1.0541,4,3,0,1865,873
ca_mau,mild,Oracle,8,80.0,awd,0.02,2025,2160,0,0,0.0,60.0,3,3,3,0,0,0.0,0,1831,0.0,4,3,0,1862,873
ca_mau,mild,Oracle,9,80.0,awd,0.02,2025,2160,0,0,0.0,60.0,3,3,3,0,1,20.0,0,1804,0.0,4,3,0,1862,873
ca_mau,mild,TwinGate+T2+centre,0,80.0,awd,0.02,2025,2160,0,0,0.0,80.0,5,6,4,1,0,0.0,85,1861,0.6086,4,0,3,1572,645
ca_mau,mild,TwinGate+T2+centre,1,80.0,awd,0.02,2025,2160,0,0,0.0,80.0,3,4,4,1,1,20.0,87,1864,0.0,2,0,1,1554,601
ca_mau,mild,TwinGate+T2+centre,2,80.0,awd,0.02,2025,2160,0,0,0.0,80.0,3,5,4,2,1,20.0,87,1857,0.4303,1,0,0,1549,563
ca_mau,mild,TwinGate+T2+centre,3,80.0,awd,0.02,2025,2160,0,0,0.0,80.0,3,4,4,1,2,40.0,87,1824,0.0,1,0,0,1549,562
ca_mau,mild,TwinGate+T2+centre,4,80.0,awd,0.02,2025,2160,0,0,0.0,80.0,4,5,4,1,1,20.0,86,1831,0.4218,3,0,2,1564,620
ca_mau,mild,TwinGate+T2+centre,5,80.0,awd,0.02,2025,2160,0,0,0.0,80.0,3,4,4,1,1,20.0,87,1826,0.0,1,0,0,1549,562
ca_mau,mild,TwinGate+T2+centre,6,80.0,awd,0.02,2025,2160,0,0,0.0,80.0,3,6,4,3,2,40.0,87,1835,0.6086,2,0,1,1558,589
ca_mau,mild,TwinGate+T2+centre,7,80.0,awd,0.02,2025,2160,0,0,0.0,80.0,3,6,4,3,2,40.0,87,1839,0.6086,2,0,1,1558,589
ca_mau,mild,TwinGate+T2+centre,8,80.0,awd,0.02,2025,2160,0,0,0.0,80.0,4,5,4,1,0,0.0,86,1831,0.4303,3,0,2,1564,621
ca_mau,mild,TwinGate+T2+centre,9,80.0,awd,0.02,2025,2160,0,0,0.0,80.0,4,5,4,1,1,20.0,86,1804,0.4294,3,0,2,1564,620
ca_mau,mild,TwinGate+T2,0,80.0,mid,0.05,2025,2160,0,0,0.0,80.0,4,4,4,0,0,0.0,86,1861,0.0,5,0,4,1671,783
ca_mau,mild,TwinGate+T2,1,80.0,mid,0.05,2025,2160,0,0,0.0,80.0,4,6,4,2,0,0.0,86,1864,0.8605,5,0,4,1673,785
ca_mau,mild,TwinGate+T2,2,80.0,mid,0.05,2025,2160,0,0,0.0,80.0,3,5,4,2,2,40.0,87,1857,0.4303,4,0,3,1650,701
ca_mau,mild,TwinGate+T2,3,80.0,mid,0.05,2025,2160,0,0,0.0,80.0,3,4,4,1,2,40.0,87,1824,0.0,4,0,3,1649,700
ca_mau,mild,TwinGate+T2,4,80.0,mid,0.05,2025,2160,0,0,0.0,80.0,3,4,4,1,1,20.0,87,1831,0.0,4,0,3,1654,724
ca_mau,mild,TwinGate+T2,5,80.0,mid,0.05,2025,2160,0,0,0.0,80.0,3,4,4,1,1,20.0,87,1826,0.0,4,0,3,1649,700
ca_mau,mild,TwinGate+T2,6,80.0,mid,0.05,2025,2160,0,0,0.0,80.0,2,4,4,2,3,60.0,88,1835,0.0,3,0,2,1636,664
ca_mau,mild,TwinGate+T2,7,80.0,mid,0.05,2025,2160,0,0,0.0,80.0,2,4,4,2,2,40.0,88,1839,0.0,3,0,2,1636,664
ca_mau,mild,TwinGate+T2,8,80.0,mid,0.05,2025,2160,0,0,0.0,80.0,4,4,4,0,0,0.0,86,1831,0.0,5,0,4,1671,783
ca_mau,mild,TwinGate+T2,9,80.0,mid,0.05,2025,2160,0,0,0.0,80.0,3,4,4,1,1,20.0,87,1804,0.0,4,0,3,1649,700
ca_mau,mild,TwinGate+blindARQ,0,80.0,mid,0.05,2025,2160,0,0,0.0,80.0,4,4,4,0,0,0.0,86,1861,0.0,5,0,4,1671,783
ca_mau,mild,TwinGate+blindARQ,1,80.0,mid,0.05,2025,2160,0,0,0.0,80.0,3,5,4,2,1,20.0,87,1864,0.4303,4,0,3,1634,713
ca_mau,mild,TwinGate+blindARQ,2,80.0,mid,0.05,2025,2160,0,0,0.0,80.0,2,5,4,3,2,40.0,88,1857,0.4303,3,0,2,1667,695
ca_mau,mild,TwinGate+blindARQ,3,80.0,mid,0.05,2025,2160,0,0,0.0,80.0,2,4,4,2,2,40.0,88,1824,0.0,3,0,2,1666,694
ca_mau,mild,TwinGate+blindARQ,4,80.0,mid,0.05,2025,2160,0,0,0.0,80.0,3,4,4,1,1,20.0,87,1831,0.0,4,0,3,1654,724
ca_mau,mild,TwinGate+blindARQ,5,80.0,mid,0.05,2025,2160,0,0,0.0,80.0,3,4,4,1,1,20.0,87,1826,0.0,4,0,3,1649,700
ca_mau,mild,TwinGate+blindARQ,6,80.0,mid,0.05,2025,2160,94,0,3.0661,80.0,1,4,4,3,3,60.0,89,1835,0.0,2,0,1,1725,736
ca_mau,mild,TwinGate+blindARQ,7,80.0,mid,0.05,2025,2160,0,0,0.0,80.0,2,4,4,2,2,40.0,88,1839,0.0,3,0,2,1636,664
ca_mau,mild,TwinGate+blindARQ,8,80.0,mid,0.05,2025,2160,0,0,0.0,80.0,4,4,4,0,0,0.0,86,1831,0.0,5,0,4,1671,783
ca_mau,mild,TwinGate+blindARQ,9,80.0,mid,0.05,2025,2160,0,0,0.0,80.0,3,4,4,1,1,20.0,87,1804,0.0,4,0,3,1649,700
ca_mau,mild,Reactive+T2,0,80.0,mid,0.05,2025,2160,49,0,0.8888,80.0,3,4,2,1,0,0.0,0,1861,1.204,2,0,1,1635,669
ca_mau,mild,Reactive+T2,1,80.0,mid,0.05,2025,2160,70,0,1.6596,80.0,2,2,2,0,0,0.0,0,1864,0.0,1,0,0,1644,651
ca_mau,mild,Reactive+T2,2,80.0,mid,0.05,2025,2160,70,0,1.6596,80.0,2,2,2,0,0,0.0,0,1857,0.0,1,0,0,1644,651
ca_mau,mild,Reactive+T2,3,80.0,mid,0.05,2025,2160,70,0,1.6596,80.0,2,2,2,0,0,0.0,0,1824,0.0,1,0,0,1644,651
ca_mau,mild,Reactive+T2,4,80.0,mid,0.05,2025,2160,70,0,1.6596,80.0,2,2,2,0,1,20.0,0,1831,0.0,1,0,0,1644,651
ca_mau,mild,Reactive+T2,5,80.0,mid,0.05,2025,2160,70,0,1.6596,80.0,2,2,2,0,0,0.0,0,1826,0.0,1,0,0,1644,651
ca_mau,mild,Reactive+T2,6,80.0,mid,0.05,2025,2160,68,0,1.4253,80.0,3,4,2,1,0,0.0,0,1835,0.6086,2,0,1,1653,673
ca_mau,mild,Reactive+T2,7,80.0,mid,0.05,2025,2160,68,0,1.4253,80.0,3,4,2,1,0,0.0,0,1839,0.6086,2,0,1,1653,673
ca_mau,mild,Reactive+T2,8,80.0,mid,0.05,2025,2160,70,0,1.6596,80.0,2,2,2,0,0,0.0,0,1831,0.0,1,0,0,1644,651
ca_mau,mild,Reactive+T2,9,80.0,mid,0.05,2025,2160,70,0,1.6596,80.0,2,2,2,0,0,0.0,0,1804,0.0,1,0,0,1644,651
ca_mau,mild,Reactive+blindARQ,0,80.0,mid,0.05,2025,2160,70,0,1.6337,80.0,2,4,2,2,0,0.0,0,1861,1.204,1,0,0,1644,652
ca_mau,mild,Reactive+blindARQ,1,80.0,mid,0.05,2025,2160,70,0,1.6596,80.0,2,2,2,0,0,0.0,0,1864,0.0,1,0,0,1644,651
ca_mau,mild,Reactive+blindARQ,2,80.0,mid,0.05,2025,2160,70,0,1.6596,80.0,2,2,2,0,0,0.0,0,1857,0.0,1,0,0,1644,651
ca_mau,mild,Reactive+blindARQ,3,80.0,mid,0.05,2025,2160,70,0,1.6596,80.0,2,2,2,0,0,0.0,0,1824,0.0,1,0,0,1644,651
ca_mau,mild,Reactive+blindARQ,4,80.0,mid,0.05,2025,2160,70,0,1.6596,80.0,2,2,2,0,1,20.0,0,1831,0.0,1,0,0,1644,651
ca_mau,mild,Reactive+blindARQ,5,80.0,mid,0.05,2025,2160,70,0,1.6596,80.0,2,2,2,0,0,0.0,0,1826,0.0,1,0,0,1644,651
ca_mau,mild,Reactive+blindARQ,6,80.0,mid,0.05,2025,2160,70,0,1.6589,80.0,2,4,2,2,0,0.0,0,1835,0.6086,1,0,0,1644,653
ca_mau,mild,Reactive+blindARQ,7,80.0,mid,0.05,2025,2160,70,0,1.6577,80.0,2,6,2,4,0,0.0,0,1839,1.2187,1,0,0,1644,655
ca_mau,mild,Reactive+blindARQ,8,80.0,mid,0.05,2025,2160,70,0,1.6596,80.0,2,2,2,0,0,0.0,0,1831,0.0,1,0,0,1644,651
ca_mau,mild,Reactive+blindARQ,9,80.0,mid,0.05,2025,2160,70,0,1.6596,80.0,2,2,2,0,0,0.0,0,1804,0.0,1,0,0,1644,651
ca_mau,mild,FixedSchedule,0,80.0,mid,0.05,2025,2160,217,0,13.6336,80.0,2,4,2,2,0,0.0,0,1861,5.877,1,0,0,1835,853
ca_mau,mild,FixedSchedule,1,80.0,mid,0.05,2025,2160,217,0,13.6399,80.0,2,2,2,0,0,0.0,0,1864,0.0,1,0,0,1835,851
ca_mau,mild,FixedSchedule,2,80.0,mid,0.05,2025,2160,217,0,13.6399,80.0,2,2,2,0,0,0.0,0,1857,0.0,1,0,0,1835,851
ca_mau,mild,FixedSchedule,3,80.0,mid,0.05,2025,2160,217,0,13.6399,80.0,2,2,2,0,0,0.0,0,1824,0.0,1,0,0,1835,851
ca_mau,mild,FixedSchedule,4,80.0,mid,0.05,2025,2160,217,0,13.6399,80.0,2,2,2,0,1,20.0,0,1831,0.0,1,0,0,1835,851
ca_mau,mild,FixedSchedule,5,80.0,mid,0.05,2025,2160,217,0,13.6399,80.0,2,2,2,0,0,0.0,0,1826,0.0,1,0,0,1835,851
ca_mau,mild,FixedSchedule,6,80.0,mid,0.05,2025,2160,217,0,13.6399,80.0,2,2,2,0,1,20.0,0,1835,0.0,1,0,0,1835,851
ca_mau,mild,FixedSchedule,7,80.0,mid,0.05,2025,2160,217,0,13.6399,80.0,2,2,2,0,1,20.0,0,1839,0.0,1,0,0,1835,851
ca_mau,mild,FixedSchedule,8,80.0,mid,0.05,2025,2160,217,0,13.6399,80.0,2,2,2,0,0,0.0,0,1831,0.0,1,0,0,1835,851
ca_mau,mild,FixedSchedule,9,80.0,mid,0.05,2025,2160,217,0,13.6399,80.0,2,2,2,0,0,0.0,0,1804,0.0,1,0,0,1835,851
ca_mau,mild,Oracle,0,80.0,mid,0.05,2025,2160,0,0,0.0,60.0,3,4,3,1,0,0.0,0,1861,0.6085,4,3,0,1863,873
ca_mau,mild,Oracle,1,80.0,mid,0.05,2025,2160,0,0,0.0,60.0,3,3,3,0,0,0.0,0,1864,0.0,4,3,0,1862,873
ca_mau,mild,Oracle,2,80.0,mid,0.05,2025,2160,0,0,0.0,60.0,3,6,3,3,0,0.0,0,1857,0.7454,4,3,0,1865,873
ca_mau,mild,Oracle,3,80.0,mid,0.05,2025,2160,0,0,0.0,60.0,3,8,3,5,1,20.0,0,1824,1.2172,4,3,0,1867,873
ca_mau,mild,Oracle,4,80.0,mid,0.05,2025,2160,0,0,0.0,60.0,3,7,3,4,1,20.0,0,1831,0.8607,4,3,0,1866,873
ca_mau,mild,Oracle,5,80.0,mid,0.05,2025,2160,0,0,0.0,60.0,3,5,3,2,0,0.0,0,1826,0.6086,4,3,0,1864,873
ca_mau,mild,Oracle,6,80.0,mid,0.05,2025,2160,0,0,0.0,60.0,3,3,3,0,2,40.0,0,1835,0.0,4,3,0,1862,873
ca_mau,mild,Oracle,7,80.0,mid,0.05,2025,2160,0,0,0.0,60.0,3,6,3,3,1,20.0,0,1839,1.0541,4,3,0,1865,873
ca_mau,mild,Oracle,8,80.0,mid,0.05,2025,2160,0,0,0.0,60.0,3,3,3,0,0,0.0,0,1831,0.0,4,3,0,1862,873
ca_mau,mild,Oracle,9,80.0,mid,0.05,2025,2160,0,0,0.0,60.0,3,3,3,0,1,20.0,0,1804,0.0,4,3,0,1862,873
ca_mau,mild,TwinGate+T2+centre,0,80.0,mid,0.05,2025,2160,0,0,0.0,80.0,5,6,4,1,0,0.0,85,1861,0.6086,4,0,3,1572,645
ca_mau,mild,TwinGate+T2+centre,1,80.0,mid,0.05,2025,2160,0,0,0.0,80.0,3,4,4,1,1,20.0,87,1864,0.0,2,0,1,1554,601
ca_mau,mild,TwinGate+T2+centre,2,80.0,mid,0.05,2025,2160,0,0,0.0,80.0,3,5,4,2,1,20.0,87,1857,0.4303,1,0,0,1549,563
ca_mau,mild,TwinGate+T2+centre,3,80.0,mid,0.05,2025,2160,0,0,0.0,80.0,3,4,4,1,2,40.0,87,1824,0.0,1,0,0,1549,562
ca_mau,mild,TwinGate+T2+centre,4,80.0,mid,0.05,2025,2160,0,0,0.0,80.0,4,5,4,1,1,20.0,86,1831,0.4218,3,0,2,1564,620
ca_mau,mild,TwinGate+T2+centre,5,80.0,mid,0.05,2025,2160,0,0,0.0,80.0,3,4,4,1,1,20.0,87,1826,0.0,1,0,0,1549,562
ca_mau,mild,TwinGate+T2+centre,6,80.0,mid,0.05,2025,2160,0,0,0.0,80.0,3,6,4,3,2,40.0,87,1835,0.6086,2,0,1,1558,589
ca_mau,mild,TwinGate+T2+centre,7,80.0,mid,0.05,2025,2160,0,0,0.0,80.0,3,6,4,3,2,40.0,87,1839,0.6086,2,0,1,1558,589
ca_mau,mild,TwinGate+T2+centre,8,80.0,mid,0.05,2025,2160,0,0,0.0,80.0,4,5,4,1,0,0.0,86,1831,0.4303,3,0,2,1564,621
ca_mau,mild,TwinGate+T2+centre,9,80.0,mid,0.05,2025,2160,0,0,0.0,80.0,4,5,4,1,1,20.0,86,1804,0.4294,3,0,2,1564,620
ca_mau,mild,TwinGate+T2,0,80.0,narrow,0.1,2025,2160,0,0,0.0,80.0,4,4,4,0,0,0.0,86,1861,0.0,5,0,4,1637,734
ca_mau,mild,TwinGate+T2,1,80.0,narrow,0.1,2025,2160,0,0,0.0,80.0,5,7,4,2,1,20.0,85,1864,0.7454,5,0,4,1620,731
ca_mau,mild,TwinGate+T2,2,80.0,narrow,0.1,2025,2160,0,0,0.0,80.0,4,6,4,2,2,40.0,86,1857,0.6086,4,0,3,1642,677
ca_mau,mild,TwinGate+T2,3,80.0,narrow,0.1,2025,2160,0,0,0.0,80.0,4,6,4,2,2,40.0,86,1824,0.9623,4,0,3,1642,677
ca_mau,mild,TwinGate+T2,4,80.0,narrow,0.1,2025,2160,0,0,0.0,80.0,3,4,4,1,1,20.0,87,1831,0.0,4,0,3,1588,651
ca_mau,mild,TwinGate+T2,5,80.0,narrow,0.1,2025,2160,0,0,0.0,80.0,4,6,4,2,1,20.0,86,1826,0.7453,4,0,3,1626,674
ca_mau,mild,TwinGate+T2,6,80.0,narrow,0.1,2025,2160,0,0,0.0,80.0,2,4,4,2,3,60.0,88,1835,0.0,3,0,2,1575,619
ca_mau,mild,TwinGate+T2,7,80.0,narrow,0.1,2025,2160,0,0,0.0,80.0,6,10,4,4,0,0.0,84,1839,1.291,5,0,4,1645,738
ca_mau,mild,TwinGate+T2,8,80.0,narrow,0.1,2025,2160,0,0,0.0,80.0,4,4,4,0,0,0.0,86,1831,0.0,5,0,4,1637,734
ca_mau,mild,TwinGate+T2,9,80.0,narrow,0.1,2025,2160,0,0,0.0,80.0,4,6,4,2,1,20.0,86,1804,1.2907,4,0,3,1626,674
ca_mau,mild,TwinGate+blindARQ,0,80.0,narrow,0.1,2025,2160,0,0,0.0,80.0,4,4,4,0,0,0.0,86,1861,0.0,5,0,4,1637,734
ca_mau,mild,TwinGate+blindARQ,1,80.0,narrow,0.1,2025,2160,0,0,0.0,80.0,3,10,4,7,1,20.0,87,1864,1.5838,4,0,3,1629,684
ca_mau,mild,TwinGate+blindARQ,2,80.0,narrow,0.1,2025,2160,4,0,0.011,80.0,2,8,4,6,2,40.0,88,1857,0.8607,3,0,2,1662,692
ca_mau,mild,TwinGate+blindARQ,3,80.0,narrow,0.1,2025,2160,3,0,0.0082,80.0,2,10,4,8,2,40.0,88,1824,1.2251,3,0,2,1665,691
ca_mau,mild,TwinGate+blindARQ,4,80.0,narrow,0.1,2025,2160,0,0,0.0,80.0,3,4,4,1,1,20.0,87,1831,0.0,4,0,3,1588,651
ca_mau,mild,TwinGate+blindARQ,5,80.0,narrow,0.1,2025,2160,0,0,0.0,80.0,3,6,4,3,1,20.0,87,1826,0.7453,4,0,3,1607,650
ca_mau,mild,TwinGate+blindARQ,6,80.0,narrow,0.1,2025,2160,99,0,4.2504,80.0,1,7,4,6,3,60.0,89,1835,0.0013,2,0,1,1723,725
ca_mau,mild,TwinGate+blindARQ,7,80.0,narrow,0.1,2025,2160,0,0,0.0,80.0,2,6,4,4,2,40.0,88,1839,0.6086,3,0,2,1575,619
ca_mau,mild,TwinGate+blindARQ,8,80.0,narrow,0.1,2025,2160,0,0,0.0,80.0,4,4,4,0,0,0.0,86,1831,0.0,5,0,4,1637,734
ca_mau,mild,TwinGate+blindARQ,9,80.0,narrow,0.1,2025,2160,0,0,0.0,80.0,3,8,4,5,1,20.0,87,1804,1.4618,4,0,3,1609,652
ca_mau,mild,Reactive+T2,0,80.0,narrow,0.1,2025,2160,49,0,0.8888,80.0,3,4,2,1,0,0.0,0,1861,1.204,2,0,1,1635,669
ca_mau,mild,Reactive+T2,1,80.0,narrow,0.1,2025,2160,70,0,1.6596,80.0,2,2,2,0,0,0.0,0,1864,0.0,1,0,0,1644,651
ca_mau,mild,Reactive+T2,2,80.0,narrow,0.1,2025,2160,70,0,1.6596,80.0,2,2,2,0,0,0.0,0,1857,0.0,1,0,0,1644,651
ca_mau,mild,Reactive+T2,3,80.0,narrow,0.1,2025,2160,70,0,1.6596,80.0,2,2,2,0,0,0.0,0,1824,0.0,1,0,0,1644,651
ca_mau,mild,Reactive+T2,4,80.0,narrow,0.1,2025,2160,70,0,1.6596,80.0,2,2,2,0,1,20.0,0,1831,0.0,1,0,0,1644,651
ca_mau,mild,Reactive+T2,5,80.0,narrow,0.1,2025,2160,70,0,1.6596,80.0,2,2,2,0,0,0.0,0,1826,0.0,1,0,0,1644,651
ca_mau,mild,Reactive+T2,6,80.0,narrow,0.1,2025,2160,68,0,1.4253,80.0,3,4,2,1,0,0.0,0,1835,0.6086,2,0,1,1653,673
ca_mau,mild,Reactive+T2,7,80.0,narrow,0.1,2025,2160,68,0,1.4253,80.0,3,4,2,1,0,0.0,0,1839,0.6086,2,0,1,1653,673
ca_mau,mild,Reactive+T2,8,80.0,narrow,0.1,2025,2160,70,0,1.6596,80.0,2,2,2,0,0,0.0,0,1831,0.0,1,0,0,1644,651
ca_mau,mild,Reactive+T2,9,80.0,narrow,0.1,2025,2160,70,0,1.6596,80.0,2,2,2,0,0,0.0,0,1804,0.0,1,0,0,1644,651
ca_mau,mild,Reactive+blindARQ,0,80.0,narrow,0.1,2025,2160,70,0,1.6337,80.0,2,4,2,2,0,0.0,0,1861,1.204,1,0,0,1644,652
ca_mau,mild,Reactive+blindARQ,1,80.0,narrow,0.1,2025,2160,70,0,1.6596,80.0,2,2,2,0,0,0.0,0,1864,0.0,1,0,0,1644,651
ca_mau,mild,Reactive+blindARQ,2,80.0,narrow,0.1,2025,2160,70,0,1.6596,80.0,2,2,2,0,0,0.0,0,1857,0.0,1,0,0,1644,651
ca_mau,mild,Reactive+blindARQ,3,80.0,narrow,0.1,2025,2160,70,0,1.6596,80.0,2,2,2,0,0,0.0,0,1824,0.0,1,0,0,1644,651
ca_mau,mild,Reactive+blindARQ,4,80.0,narrow,0.1,2025,2160,70,0,1.6596,80.0,2,2,2,0,1,20.0,0,1831,0.0,1,0,0,1644,651
ca_mau,mild,Reactive+blindARQ,5,80.0,narrow,0.1,2025,2160,70,0,1.6596,80.0,2,2,2,0,0,0.0,0,1826,0.0,1,0,0,1644,651
ca_mau,mild,Reactive+blindARQ,6,80.0,narrow,0.1,2025,2160,70,0,1.6589,80.0,2,4,2,2,0,0.0,0,1835,0.6086,1,0,0,1644,653
ca_mau,mild,Reactive+blindARQ,7,80.0,narrow,0.1,2025,2160,70,0,1.6577,80.0,2,6,2,4,0,0.0,0,1839,1.2187,1,0,0,1644,655
ca_mau,mild,Reactive+blindARQ,8,80.0,narrow,0.1,2025,2160,70,0,1.6596,80.0,2,2,2,0,0,0.0,0,1831,0.0,1,0,0,1644,651
ca_mau,mild,Reactive+blindARQ,9,80.0,narrow,0.1,2025,2160,70,0,1.6596,80.0,2,2,2,0,0,0.0,0,1804,0.0,1,0,0,1644,651
ca_mau,mild,FixedSchedule,0,80.0,narrow,0.1,2025,2160,217,0,13.6336,80.0,2,4,2,2,0,0.0,0,1861,5.877,1,0,0,1835,853
ca_mau,mild,FixedSchedule,1,80.0,narrow,0.1,2025,2160,217,0,13.6399,80.0,2,2,2,0,0,0.0,0,1864,0.0,1,0,0,1835,851
ca_mau,mild,FixedSchedule,2,80.0,narrow,0.1,2025,2160,217,0,13.6399,80.0,2,2,2,0,0,0.0,0,1857,0.0,1,0,0,1835,851
ca_mau,mild,FixedSchedule,3,80.0,narrow,0.1,2025,2160,217,0,13.6399,80.0,2,2,2,0,0,0.0,0,1824,0.0,1,0,0,1835,851
ca_mau,mild,FixedSchedule,4,80.0,narrow,0.1,2025,2160,217,0,13.6399,80.0,2,2,2,0,1,20.0,0,1831,0.0,1,0,0,1835,851
ca_mau,mild,FixedSchedule,5,80.0,narrow,0.1,2025,2160,217,0,13.6399,80.0,2,2,2,0,0,0.0,0,1826,0.0,1,0,0,1835,851
ca_mau,mild,FixedSchedule,6,80.0,narrow,0.1,2025,2160,217,0,13.6399,80.0,2,2,2,0,1,20.0,0,1835,0.0,1,0,0,1835,851
ca_mau,mild,FixedSchedule,7,80.0,narrow,0.1,2025,2160,217,0,13.6399,80.0,2,2,2,0,1,20.0,0,1839,0.0,1,0,0,1835,851
ca_mau,mild,FixedSchedule,8,80.0,narrow,0.1,2025,2160,217,0,13.6399,80.0,2,2,2,0,0,0.0,0,1831,0.0,1,0,0,1835,851
ca_mau,mild,FixedSchedule,9,80.0,narrow,0.1,2025,2160,217,0,13.6399,80.0,2,2,2,0,0,0.0,0,1804,0.0,1,0,0,1835,851
ca_mau,mild,Oracle,0,80.0,narrow,0.1,2025,2160,0,0,0.0,60.0,3,4,3,1,0,0.0,0,1861,0.6085,4,3,0,1863,873
ca_mau,mild,Oracle,1,80.0,narrow,0.1,2025,2160,0,0,0.0,60.0,3,3,3,0,0,0.0,0,1864,0.0,4,3,0,1862,873
ca_mau,mild,Oracle,2,80.0,narrow,0.1,2025,2160,0,0,0.0,60.0,3,6,3,3,0,0.0,0,1857,0.7454,4,3,0,1865,873
ca_mau,mild,Oracle,3,80.0,narrow,0.1,2025,2160,0,0,0.0,60.0,3,8,3,5,1,20.0,0,1824,1.2172,4,3,0,1867,873
ca_mau,mild,Oracle,4,80.0,narrow,0.1,2025,2160,0,0,0.0,60.0,3,7,3,4,1,20.0,0,1831,0.8607,4,3,0,1866,873
ca_mau,mild,Oracle,5,80.0,narrow,0.1,2025,2160,0,0,0.0,60.0,3,5,3,2,0,0.0,0,1826,0.6086,4,3,0,1864,873
ca_mau,mild,Oracle,6,80.0,narrow,0.1,2025,2160,0,0,0.0,60.0,3,3,3,0,2,40.0,0,1835,0.0,4,3,0,1862,873
ca_mau,mild,Oracle,7,80.0,narrow,0.1,2025,2160,0,0,0.0,60.0,3,6,3,3,1,20.0,0,1839,1.0541,4,3,0,1865,873
ca_mau,mild,Oracle,8,80.0,narrow,0.1,2025,2160,0,0,0.0,60.0,3,3,3,0,0,0.0,0,1831,0.0,4,3,0,1862,873
ca_mau,mild,Oracle,9,80.0,narrow,0.1,2025,2160,0,0,0.0,60.0,3,3,3,0,1,20.0,0,1804,0.0,4,3,0,1862,873
ca_mau,mild,TwinGate+T2+centre,0,80.0,narrow,0.1,2025,2160,0,0,0.0,80.0,4,4,4,0,0,0.0,86,1861,0.0,5,0,4,1637,734
ca_mau,mild,TwinGate+T2+centre,1,80.0,narrow,0.1,2025,2160,0,0,0.0,80.0,5,7,4,2,1,20.0,85,1864,0.7454,5,0,4,1620,731
ca_mau,mild,TwinGate+T2+centre,2,80.0,narrow,0.1,2025,2160,0,0,0.0,80.0,4,6,4,2,2,40.0,86,1857,0.6086,4,0,3,1642,677
ca_mau,mild,TwinGate+T2+centre,3,80.0,narrow,0.1,2025,2160,0,0,0.0,80.0,4,6,4,2,2,40.0,86,1824,0.9623,4,0,3,1642,677
ca_mau,mild,TwinGate+T2+centre,4,80.0,narrow,0.1,2025,2160,0,0,0.0,80.0,3,4,4,1,1,20.0,87,1831,0.0,4,0,3,1588,651
ca_mau,mild,TwinGate+T2+centre,5,80.0,narrow,0.1,2025,2160,0,0,0.0,80.0,4,6,4,2,1,20.0,86,1826,0.7453,4,0,3,1626,674
ca_mau,mild,TwinGate+T2+centre,6,80.0,narrow,0.1,2025,2160,0,0,0.0,80.0,2,4,4,2,3,60.0,88,1835,0.0,3,0,2,1575,619
ca_mau,mild,TwinGate+T2+centre,7,80.0,narrow,0.1,2025,2160,0,0,0.0,80.0,6,10,4,4,0,0.0,84,1839,1.291,5,0,4,1645,738
ca_mau,mild,TwinGate+T2+centre,8,80.0,narrow,0.1,2025,2160,0,0,0.0,80.0,4,4,4,0,0,0.0,86,1831,0.0,5,0,4,1637,734
ca_mau,mild,TwinGate+T2+centre,9,80.0,narrow,0.1,2025,2160,0,0,0.0,80.0,4,6,4,2,1,20.0,86,1804,1.2907,4,0,3,1626,674
ca_mau,mild,TwinGate+T2,0,160.0,awd,0.02,2025,2160,0,0,0.0,60.0,3,3,3,0,0,0.0,87,1861,0.0,4,3,0,1832,882
ca_mau,mild,TwinGate+T2,1,160.0,awd,0.02,2025,2160,0,0,0.0,80.0,4,6,4,2,1,20.0,86,1864,0.6086,4,3,0,1506,806
ca_mau,mild,TwinGate+T2,2,160.0,awd,0.02,2025,2160,0,0,0.0,80.0,3,5,4,2,2,40.0,87,1857,0.4303,4,3,0,1467,785
ca_mau,mild,TwinGate+T2,3,160.0,awd,0.02,2025,2160,0,0,0.0,80.0,3,4,4,1,2,40.0,87,1824,0.0,4,3,0,1456,781
ca_mau,mild,TwinGate+T2,4,160.0,awd,0.02,2025,2160,0,0,0.0,80.0,3,4,4,1,1,20.0,87,1831,0.0,4,3,0,1433,761
ca_mau,mild,TwinGate+T2,5,160.0,awd,0.02,2025,2160,0,0,0.0,60.0,3,5,3,2,1,20.0,87,1826,0.6086,3,2,0,1780,800
ca_mau,mild,TwinGate+T2,6,160.0,awd,0.02,2025,2160,0,0,0.0,80.0,3,5,4,2,3,60.0,87,1835,0.4303,4,3,0,1457,781
ca_mau,mild,TwinGate+T2,7,160.0,awd,0.02,2025,2160,0,0,0.0,80.0,3,6,4,3,2,40.0,87,1839,0.6086,3,2,0,1686,684
ca_mau,mild,TwinGate+T2,8,160.0,awd,0.02,2025,2160,0,0,0.0,60.0,4,5,3,1,0,0.0,86,1831,0.9622,4,3,0,1850,879
ca_mau,mild,TwinGate+T2,9,160.0,awd,0.02,2025,2160,0,0,0.0,80.0,3,4,4,1,1,20.0,87,1804,0.0,4,3,0,1456,781
ca_mau,mild,TwinGate+blindARQ,0,160.0,awd,0.02,2025,2160,0,0,0.0,60.0,3,3,3,0,0,0.0,87,1861,0.0,4,3,0,1832,882
ca_mau,mild,TwinGate+blindARQ,1,160.0,awd,0.02,2025,2160,0,0,0.0,80.0,3,7,4,4,1,20.0,87,1864,0.7454,4,3,0,1469,785
ca_mau,mild,TwinGate+blindARQ,2,160.0,awd,0.02,2025,2160,0,0,0.0,80.0,2,6,4,4,2,40.0,88,1857,0.6086,3,2,0,1713,726
ca_mau,mild,TwinGate+blindARQ,3,160.0,awd,0.02,2025,2160,0,0,0.0,80.0,2,4,4,2,2,40.0,88,1824,0.0,3,2,0,1712,724
ca_mau,mild,TwinGate+blindARQ,4,160.0,awd,0.02,2025,2160,0,0,0.0,80.0,3,4,4,1,1,20.0,87,1831,0.0,4,3,0,1433,761
ca_mau,mild,TwinGate+blindARQ,5,160.0,awd,0.02,2025,2160,0,0,0.0,80.0,3,8,4,5,1,20.0,87,1826,0.8607,4,3,0,1460,783
ca_mau,mild,TwinGate+blindARQ,6,160.0,awd,0.02,2025,2160,0,0,0.0,100.0,2,7,5,5,3,60.0,88,1835,0.5403,3,2,0,1694,707
ca_mau,mild,TwinGate+blindARQ,7,160.0,awd,0.02,2025,2160,0,0,0.0,80.0,2,6,4,4,2,40.0,88,1839,0.6086,3,2,0,1684,685
ca_mau,mild,TwinGate+blindARQ,8,160.0,awd,0.02,2025,2160,0,0,0.0,60.0,3,5,3,2,0,0.0,87,1831,0.9622,4,3,0,1834,882
ca_mau,mild,TwinGate+blindARQ,9,160.0,awd,0.02,2025,2160,0,0,0.0,80.0,3,4,4,1,1,20.0,87,1804,0.0,4,3,0,1456,781
ca_mau,mild,Reactive+T2,0,160.0,awd,0.02,2025,2160,0,0,0.0,160.0,4,5,3,1,0,0.0,0,1861,1.204,3,0,2,1132,445
ca_mau,mild,Reactive+T2,1,160.0,awd,0.02,2025,2160,0,0,0.0,160.0,3,3,3,0,0,0.0,0,1864,0.0,1,0,0,1115,418
ca_mau,mild,Reactive+T2,2,160.0,awd,0.02,2025,2160,0,0,0.0,160.0,3,3,3,0,1,40.0,0,1857,0.0,1,0,0,1115,418
ca_mau,mild,Reactive+T2,3,160.0,awd,0.02,2025,2160,0,0,0.0,160.0,3,3,3,0,1,40.0,0,1824,0.0,1,0,0,1115,418
ca_mau,mild,Reactive+T2,4,160.0,awd,0.02,2025,2160,0,0,0.0,160.0,3,4,3,1,1,60.0,0,1831,0.0014,1,0,0,1115,418
ca_mau,mild,Reactive+T2,5,160.0,awd,0.02,2025,2160,0,0,0.0,160.0,3,3,3,0,1,40.0,0,1826,0.0,1,0,0,1115,418
ca_mau,mild,Reactive+T2,6,160.0,awd,0.02,2025,2160,0,0,0.0,160.0,3,5,3,2,1,60.0,0,1835,1.2172,2,0,1,1558,589
ca_mau,mild,Reactive+T2,7,160.0,awd,0.02,2025,2160,0,0,0.0,160.0,3,5,3,2,1,60.0,0,1839,1.2172,2,0,1,1558,589
ca_mau,mild,Reactive+T2,8,160.0,awd,0.02,2025,2160,0,0,0.0,160.0,3,3,3,0,0,0.0,0,1831,0.0,1,0,0,1115,418
ca_mau,mild,Reactive+T2,9,160.0,awd,0.02,2025,2160,0,0,0.0,160.0,3,3,3,0,1,40.0,0,1804,0.0,1,0,0,1115,418
ca_mau,mild,Reactive+blindARQ,0,160.0,awd,0.02,2025,2160,0,0,0.0,160.0,3,8,3,5,0,0.0,0,1861,1.9162,1,0,0,1115,422
ca_mau,mild,Reactive+blindARQ,1,160.0,awd,0.02,2025,2160,0,0,0.0,160.0,3,3,3,0,0,0.0,0,1864,0.0,1,0,0,1115,418
ca_mau,mild,Reactive+blindARQ,2,160.0,awd,0.02,2025,2160,0,0,0.0,160.0,3,3,3,0,1,40.0,0,1857,0.0,1,0,0,1115,418
ca_mau,mild,Reactive+blindARQ,3,160.0,awd,0.02,2025,2160,0,0,0.0,160.0,3,3,3,0,1,40.0,0,1824,0.0,1,0,0,1115,418
ca_mau,mild,Reactive+blindARQ,4,160.0,awd,0.02,2025,2160,0,0,0.0,160.0,2,4,3,2,1,60.0,0,1831,0.0014,1,0,0,1549,568
ca_mau,mild,Reactive+blindARQ,5,160.0,awd,0.02,2025,2160,0,0,0.0,160.0,3,3,3,0,1,40.0,0,1826,0.0,1,0,0,1115,418
ca_mau,mild,Reactive+blindARQ,6,160.0,awd,0.02,2025,2160,0,0,0.0,160.0,2,5,3,3,1,60.0,0,1835,1.2172,1,0,0,1550,570
ca_mau,mild,Reactive+blindARQ,7,160.0,awd,0.02,2025,2160,0,0,0.0,160.0,2,7,3,5,1,60.0,0,1839,1.7228,1,0,0,1550,572
ca_mau,mild,Reactive+blindARQ,8,160.0,awd,0.02,2025,2160,0,0,0.0,160.0,3,3,3,0,0,0.0,0,1831,0.0,1,0,0,1115,418
ca_mau,mild,Reactive+blindARQ,9,160.0,awd,0.02,2025,2160,0,0,0.0,160.0,3,3,3,0,1,40.0,0,1804,0.0,1,0,0,1115,418
ca_mau,mild,FixedSchedule,0,160.0,awd,0.02,2025,2160,48,0,0.7488,160.0,3,3,3,0,0,0.0,0,1861,0.0,1,0,0,1622,596
ca_mau,mild,FixedSchedule,1,160.0,awd,0.02,2025,2160,48,0,0.7487,160.0,3,5,3,2,0,0.0,0,1864,1.2541,1,0,0,1622,598
ca_mau,mild,FixedSchedule,2,160.0,awd,0.02,2025,2160,48,0,0.7488,160.0,3,3,3,0,1,40.0,0,1857,0.0,1,0,0,1622,596
ca_mau,mild,FixedSchedule,3,160.0,awd,0.02,2025,2160,48,0,0.7488,160.0,3,3,3,0,1,40.0,0,1824,0.0,1,0,0,1622,596
ca_mau,mild,FixedSchedule,4,160.0,awd,0.02,2025,2160,144,0,7.2191,160.0,2,3,3,1,1,60.0,0,1831,0.0,1,0,0,1737,765
ca_mau,mild,FixedSchedule,5,160.0,awd,0.02,2025,2160,48,0,0.7488,160.0,3,3,3,0,1,40.0,0,1826,0.0,1,0,0,1622,596
ca_mau,mild,FixedSchedule,6,160.0,awd,0.02,2025,2160,144,0,7.2191,160.0,2,3,3,1,2,100.0,0,1835,0.0,1,0,0,1737,765
ca_mau,mild,FixedSchedule,7,160.0,awd,0.02,2025,2160,144,0,7.2191,160.0,2,3,3,1,1,60.0,0,1839,0.0,1,0,0,1737,765
ca_mau,mild,FixedSchedule,8,160.0,awd,0.02,2025,2160,48,0,0.7488,160.0,3,3,3,0,0,0.0,0,1831,0.0,1,0,0,1622,596
ca_mau,mild,FixedSchedule,9,160.0,awd,0.02,2025,2160,48,0,0.7488,160.0,3,3,3,0,1,40.0,0,1804,0.0,1,0,0,1622,596
ca_mau,mild,Oracle,0,160.0,awd,0.02,2025,2160,0,0,0.0,80.0,4,5,4,1,0,0.0,0,1861,0.6085,4,4,0,1000,830
ca_mau,mild,Oracle,1,160.0,awd,0.02,2025,2160,0,0,0.0,80.0,4,5,4,1,0,0.0,0,1864,0.4303,4,4,0,1000,831
ca_mau,mild,Oracle,2,160.0,awd,0.02,2025,2160,0,0,0.0,80.0,4,8,4,4,0,0.0,0,1857,0.9213,4,4,0,1003,831
ca_mau,mild,Oracle,3,160.0,awd,0.02,2025,2160,0,0,0.0,80.0,4,9,4,5,2,40.0,0,1824,1.2172,4,4,0,1004,830
ca_mau,mild,Oracle,4,160.0,awd,0.02,2025,2160,0,0,0.0,80.0,4,8,4,4,1,20.0,0,1831,0.8607,4,4,0,1003,830
ca_mau,mild,Oracle,5,160.0,awd,0.02,2025,2160,0,0,0.0,80.0,4,7,4,3,0,0.0,0,1826,0.7454,4,4,0,1002,831
ca_mau,mild,Oracle,6,160.0,awd,0.02,2025,2160,0,0,0.0,80.0,4,4,4,0,3,60.0,0,1835,0.0,4,4,0,999,830
ca_mau,mild,Oracle,7,160.0,awd,0.02,2025,2160,0,0,0.0,80.0,4,7,4,3,2,40.0,0,1839,1.0541,4,4,0,1002,830
ca_mau,mild,Oracle,8,160.0,awd,0.02,2025,2160,0,0,0.0,80.0,4,4,4,0,0,0.0,0,1831,0.0,4,4,0,999,830
ca_mau,mild,Oracle,9,160.0,awd,0.02,2025,2160,0,0,0.0,80.0,4,4,4,0,1,20.0,0,1804,0.0,4,4,0,999,830
ca_mau,mild,TwinGate+T2+centre,0,160.0,awd,0.02,2025,2160,0,0,0.0,140.0,10,13,7,3,0,0.0,80,1861,1.0541,6,0,6,62,369
ca_mau,mild,TwinGate+T2+centre,1,160.0,awd,0.02,2025,2160,0,0,0.0,140.0,7,9,7,2,1,20.0,83,1864,0.6086,3,0,3,27,297
ca_mau,mild,TwinGate+T2+centre,2,160.0,awd,0.02,2025,2160,0,0,0.0,160.0,5,9,8,4,4,80.0,85,1857,0.4303,1,0,1,12,154
ca_mau,mild,TwinGate+T2+centre,3,160.0,awd,0.02,2025,2160,0,0,0.0,160.0,6,9,8,3,3,60.0,84,1824,0.4303,1,0,1,13,186
ca_mau,mild,TwinGate+T2+centre,4,160.0,awd,0.02,2025,2160,0,0,0.0,160.0,7,9,8,2,2,40.0,83,1831,0.4218,4,0,4,41,256
ca_mau,mild,TwinGate+T2+centre,5,160.0,awd,0.02,2025,2160,0,0,0.0,140.0,7,11,7,4,2,40.0,83,1826,0.8607,2,0,2,70,284
ca_mau,mild,TwinGate+T2+centre,6,160.0,awd,0.02,2025,2160,0,0,0.0,160.0,6,10,8,4,4,80.0,84,1835,0.6086,3,0,3,31,285
ca_mau,mild,TwinGate+T2+centre,7,160.0,awd,0.02,2025,2160,0,0,0.0,160.0,7,11,8,4,3,60.0,83,1839,0.7454,3,0,3,32,248
ca_mau,mild,TwinGate+T2+centre,8,160.0,awd,0.02,2025,2160,0,0,0.0,160.0,7,9,8,2,1,20.0,83,1831,0.4303,3,0,3,30,264
ca_mau,mild,TwinGate+T2+centre,9,160.0,awd,0.02,2025,2160,0,0,0.0,160.0,7,9,8,2,2,40.0,83,1804,0.4294,4,0,4,41,256
ca_mau,mild,TwinGate+T2,0,160.0,mid,0.05,2025,2160,0,0,0.0,120.0,6,6,6,0,0,0.0,84,1861,0.0,6,1,5,412,655
ca_mau,mild,TwinGate+T2,1,160.0,mid,0.05,2025,2160,0,0,0.0,120.0,6,8,6,2,0,0.0,84,1864,0.8605,6,1,5,414,657
ca_mau,mild,TwinGate+T2,2,160.0,mid,0.05,2025,2160,0,0,0.0,160.0,5,9,8,4,5,100.0,85,1857,0.4303,5,1,4,367,535
ca_mau,mild,TwinGate+T2,3,160.0,mid,0.05,2025,2160,0,0,0.0,140.0,7,11,7,4,3,60.0,83,1824,0.8607,5,1,4,414,582
ca_mau,mild,TwinGate+T2,4,160.0,mid,0.05,2025,2160,0,0,0.0,120.0,5,6,6,1,1,20.0,85,1831,0.0,5,1,4,371,574
ca_mau,mild,TwinGate+T2,5,160.0,mid,0.05,2025,2160,0,0,0.0,140.0,6,10,7,4,2,40.0,84,1826,0.9623,5,1,4,390,561
ca_mau,mild,TwinGate+T2,6,160.0,mid,0.05,2025,2160,0,0,0.0,140.0,4,7,7,3,4,80.0,86,1835,0.0,4,1,3,353,517
ca_mau,mild,TwinGate+T2,7,160.0,mid,0.05,2025,2160,0,0,0.0,120.0,4,8,6,4,2,40.0,86,1839,0.6086,4,1,3,355,533
ca_mau,mild,TwinGate+T2,8,160.0,mid,0.05,2025,2160,0,0,0.0,120.0,5,6,6,1,1,20.0,85,1831,0.0,5,1,4,372,576
ca_mau,mild,TwinGate+T2,9,160.0,mid,0.05,2025,2160,0,0,0.0,120.0,5,6,6,1,1,20.0,85,1804,0.0,5,1,4,366,551
ca_mau,mild,TwinGate+blindARQ,0,160.0,mid,0.05,2025,2160,0,0,0.0,120.0,6,6,6,0,0,0.0,84,1861,0.0,6,1,5,412,655
ca_mau,mild,TwinGate+blindARQ,1,160.0,mid,0.05,2025,2160,0,0,0.0,120.0,5,7,6,2,1,20.0,85,1864,0.4303,5,1,4,351,565
ca_mau,mild,TwinGate+blindARQ,2,160.0,mid,0.05,2025,2160,0,0,0.0,160.0,3,9,8,6,5,100.0,87,1857,0.4303,4,0,3,1271,588
ca_mau,mild,TwinGate+blindARQ,3,160.0,mid,0.05,2025,2160,0,0,0.0,160.0,4,14,8,10,4,80.0,86,1824,1.0541,4,1,3,341,494
ca_mau,mild,TwinGate+blindARQ,4,160.0,mid,0.05,2025,2160,0,0,0.0,120.0,5,6,6,1,1,20.0,85,1831,0.0,5,1,4,371,574
ca_mau,mild,TwinGate+blindARQ,5,160.0,mid,0.05,2025,2160,0,0,0.0,160.0,5,17,8,12,3,60.0,85,1826,1.5262,5,1,4,369,551
ca_mau,mild,TwinGate+blindARQ,6,160.0,mid,0.05,2025,2160,0,0,0.0,160.0,3,8,8,5,5,100.0,87,1835,0.0,4,0,3,1267,585
ca_mau,mild,TwinGate+blindARQ,7,160.0,mid,0.05,2025,2160,0,0,0.0,140.0,4,9,7,5,3,60.0,86,1839,0.6086,4,1,3,355,519
ca_mau,mild,TwinGate+blindARQ,8,160.0,mid,0.05,2025,2160,0,0,0.0,120.0,5,6,6,1,1,20.0,85,1831,0.0,5,1,4,372,576
ca_mau,mild,TwinGate+blindARQ,9,160.0,mid,0.05,2025,2160,0,0,0.0,120.0,5,6,6,1,1,20.0,85,1804,0.0,5,1,4,366,551
ca_mau,mild,Reactive+T2,0,160.0,mid,0.05,2025,2160,0,0,0.0,160.0,4,5,3,1,0,0.0,0,1861,1.204,3,0,2,1132,445
ca_mau,mild,Reactive+T2,1,160.0,mid,0.05,2025,2160,0,0,0.0,160.0,3,3,3,0,0,0.0,0,1864,0.0,1,0,0,1115,418
ca_mau,mild,Reactive+T2,2,160.0,mid,0.05,2025,2160,0,0,0.0,160.0,3,3,3,0,1,40.0,0,1857,0.0,1,0,0,1115,418
ca_mau,mild,Reactive+T2,3,160.0,mid,0.05,2025,2160,0,0,0.0,160.0,3,3,3,0,1,40.0,0,1824,0.0,1,0,0,1115,418
ca_mau,mild,Reactive+T2,4,160.0,mid,0.05,2025,2160,0,0,0.0,160.0,3,4,3,1,1,60.0,0,1831,0.0014,1,0,0,1115,418
ca_mau,mild,Reactive+T2,5,160.0,mid,0.05,2025,2160,0,0,0.0,160.0,3,3,3,0,1,40.0,0,1826,0.0,1,0,0,1115,418
ca_mau,mild,Reactive+T2,6,160.0,mid,0.05,2025,2160,0,0,0.0,160.0,3,5,3,2,1,60.0,0,1835,1.2172,2,0,1,1558,589
ca_mau,mild,Reactive+T2,7,160.0,mid,0.05,2025,2160,0,0,0.0,160.0,3,5,3,2,1,60.0,0,1839,1.2172,2,0,1,1558,589
ca_mau,mild,Reactive+T2,8,160.0,mid,0.05,2025,2160,0,0,0.0,160.0,3,3,3,0,0,0.0,0,1831,0.0,1,0,0,1115,418
ca_mau,mild,Reactive+T2,9,160.0,mid,0.05,2025,2160,0,0,0.0,160.0,3,3,3,0,1,40.0,0,1804,0.0,1,0,0,1115,418
ca_mau,mild,Reactive+blindARQ,0,160.0,mid,0.05,2025,2160,0,0,0.0,160.0,3,8,3,5,0,0.0,0,1861,1.9162,1,0,0,1115,422
ca_mau,mild,Reactive+blindARQ,1,160.0,mid,0.05,2025,2160,0,0,0.0,160.0,3,3,3,0,0,0.0,0,1864,0.0,1,0,0,1115,418
ca_mau,mild,Reactive+blindARQ,2,160.0,mid,0.05,2025,2160,0,0,0.0,160.0,3,3,3,0,1,40.0,0,1857,0.0,1,0,0,1115,418
ca_mau,mild,Reactive+blindARQ,3,160.0,mid,0.05,2025,2160,0,0,0.0,160.0,3,3,3,0,1,40.0,0,1824,0.0,1,0,0,1115,418
ca_mau,mild,Reactive+blindARQ,4,160.0,mid,0.05,2025,2160,0,0,0.0,160.0,2,4,3,2,1,60.0,0,1831,0.0014,1,0,0,1549,568
ca_mau,mild,Reactive+blindARQ,5,160.0,mid,0.05,2025,2160,0,0,0.0,160.0,3,3,3,0,1,40.0,0,1826,0.0,1,0,0,1115,418
ca_mau,mild,Reactive+blindARQ,6,160.0,mid,0.05,2025,2160,0,0,0.0,160.0,2,5,3,3,1,60.0,0,1835,1.2172,1,0,0,1550,570
ca_mau,mild,Reactive+blindARQ,7,160.0,mid,0.05,2025,2160,0,0,0.0,160.0,2,7,3,5,1,60.0,0,1839,1.7228,1,0,0,1550,572
ca_mau,mild,Reactive+blindARQ,8,160.0,mid,0.05,2025,2160,0,0,0.0,160.0,3,3,3,0,0,0.0,0,1831,0.0,1,0,0,1115,418
ca_mau,mild,Reactive+blindARQ,9,160.0,mid,0.05,2025,2160,0,0,0.0,160.0,3,3,3,0,1,40.0,0,1804,0.0,1,0,0,1115,418
ca_mau,mild,FixedSchedule,0,160.0,mid,0.05,2025,2160,48,0,0.7488,160.0,3,3,3,0,0,0.0,0,1861,0.0,1,0,0,1622,596
ca_mau,mild,FixedSchedule,1,160.0,mid,0.05,2025,2160,48,0,0.7487,160.0,3,5,3,2,0,0.0,0,1864,1.2541,1,0,0,1622,598
ca_mau,mild,FixedSchedule,2,160.0,mid,0.05,2025,2160,48,0,0.7488,160.0,3,3,3,0,1,40.0,0,1857,0.0,1,0,0,1622,596
ca_mau,mild,FixedSchedule,3,160.0,mid,0.05,2025,2160,48,0,0.7488,160.0,3,3,3,0,1,40.0,0,1824,0.0,1,0,0,1622,596
ca_mau,mild,FixedSchedule,4,160.0,mid,0.05,2025,2160,144,0,7.2191,160.0,2,3,3,1,1,60.0,0,1831,0.0,1,0,0,1737,765
ca_mau,mild,FixedSchedule,5,160.0,mid,0.05,2025,2160,48,0,0.7488,160.0,3,3,3,0,1,40.0,0,1826,0.0,1,0,0,1622,596
ca_mau,mild,FixedSchedule,6,160.0,mid,0.05,2025,2160,144,0,7.2191,160.0,2,3,3,1,2,100.0,0,1835,0.0,1,0,0,1737,765
ca_mau,mild,FixedSchedule,7,160.0,mid,0.05,2025,2160,144,0,7.2191,160.0,2,3,3,1,1,60.0,0,1839,0.0,1,0,0,1737,765
ca_mau,mild,FixedSchedule,8,160.0,mid,0.05,2025,2160,48,0,0.7488,160.0,3,3,3,0,0,0.0,0,1831,0.0,1,0,0,1622,596
ca_mau,mild,FixedSchedule,9,160.0,mid,0.05,2025,2160,48,0,0.7488,160.0,3,3,3,0,1,40.0,0,1804,0.0,1,0,0,1622,596
ca_mau,mild,Oracle,0,160.0,mid,0.05,2025,2160,0,0,0.0,80.0,4,5,4,1,0,0.0,0,1861,0.6085,4,4,0,1000,830
ca_mau,mild,Oracle,1,160.0,mid,0.05,2025,2160,0,0,0.0,80.0,4,5,4,1,0,0.0,0,1864,0.4303,4,4,0,1000,831
ca_mau,mild,Oracle,2,160.0,mid,0.05,2025,2160,0,0,0.0,80.0,4,8,4,4,0,0.0,0,1857,0.9213,4,4,0,1003,831
ca_mau,mild,Oracle,3,160.0,mid,0.05,2025,2160,0,0,0.0,80.0,4,9,4,5,2,40.0,0,1824,1.2172,4,4,0,1004,830
ca_mau,mild,Oracle,4,160.0,mid,0.05,2025,2160,0,0,0.0,80.0,4,8,4,4,1,20.0,0,1831,0.8607,4,4,0,1003,830
ca_mau,mild,Oracle,5,160.0,mid,0.05,2025,2160,0,0,0.0,80.0,4,7,4,3,0,0.0,0,1826,0.7454,4,4,0,1002,831
ca_mau,mild,Oracle,6,160.0,mid,0.05,2025,2160,0,0,0.0,80.0,4,4,4,0,3,60.0,0,1835,0.0,4,4,0,999,830
ca_mau,mild,Oracle,7,160.0,mid,0.05,2025,2160,0,0,0.0,80.0,4,7,4,3,2,40.0,0,1839,1.0541,4,4,0,1002,830
ca_mau,mild,Oracle,8,160.0,mid,0.05,2025,2160,0,0,0.0,80.0,4,4,4,0,0,0.0,0,1831,0.0,4,4,0,999,830
ca_mau,mild,Oracle,9,160.0,mid,0.05,2025,2160,0,0,0.0,80.0,4,4,4,0,1,20.0,0,1804,0.0,4,4,0,999,830
ca_mau,mild,TwinGate+T2+centre,0,160.0,mid,0.05,2025,2160,0,0,0.0,140.0,10,13,7,3,0,0.0,80,1861,1.0541,6,0,6,62,369
ca_mau,mild,TwinGate+T2+centre,1,160.0,mid,0.05,2025,2160,0,0,0.0,140.0,7,9,7,2,1,20.0,83,1864,0.6086,3,0,3,27,297
ca_mau,mild,TwinGate+T2+centre,2,160.0,mid,0.05,2025,2160,0,0,0.0,160.0,5,9,8,4,4,80.0,85,1857,0.4303,1,0,1,12,154
ca_mau,mild,TwinGate+T2+centre,3,160.0,mid,0.05,2025,2160,0,0,0.0,160.0,6,9,8,3,3,60.0,84,1824,0.4303,1,0,1,13,186
ca_mau,mild,TwinGate+T2+centre,4,160.0,mid,0.05,2025,2160,0,0,0.0,160.0,7,9,8,2,2,40.0,83,1831,0.4218,4,0,4,41,256
ca_mau,mild,TwinGate+T2+centre,5,160.0,mid,0.05,2025,2160,0,0,0.0,140.0,7,11,7,4,2,40.0,83,1826,0.8607,2,0,2,70,284
ca_mau,mild,TwinGate+T2+centre,6,160.0,mid,0.05,2025,2160,0,0,0.0,160.0,6,10,8,4,4,80.0,84,1835,0.6086,3,0,3,31,285
ca_mau,mild,TwinGate+T2+centre,7,160.0,mid,0.05,2025,2160,0,0,0.0,160.0,7,11,8,4,3,60.0,83,1839,0.7454,3,0,3,32,248
ca_mau,mild,TwinGate+T2+centre,8,160.0,mid,0.05,2025,2160,0,0,0.0,160.0,7,9,8,2,1,20.0,83,1831,0.4303,3,0,3,30,264
ca_mau,mild,TwinGate+T2+centre,9,160.0,mid,0.05,2025,2160,0,0,0.0,160.0,7,9,8,2,2,40.0,83,1804,0.4294,4,0,4,41,256
ca_mau,mild,TwinGate+T2,0,160.0,narrow,0.1,2025,2160,0,0,0.0,120.0,6,7,6,1,0,0.0,84,1861,0.6085,6,1,5,307,562
ca_mau,mild,TwinGate+T2,1,160.0,narrow,0.1,2025,2160,0,0,0.0,120.0,7,9,6,2,1,20.0,83,1864,0.7454,6,1,5,289,558
ca_mau,mild,TwinGate+T2,2,160.0,narrow,0.1,2025,2160,0,0,0.0,140.0,6,10,7,4,4,80.0,84,1857,0.7454,5,1,4,312,489
ca_mau,mild,TwinGate+T2,3,160.0,narrow,0.1,2025,2160,0,0,0.0,140.0,6,10,7,4,4,80.0,84,1824,1.0541,5,1,4,311,488
ca_mau,mild,TwinGate+T2,4,160.0,narrow,0.1,2025,2160,0,0,0.0,120.0,7,10,6,3,1,20.0,83,1831,1.1385,5,1,4,281,501
ca_mau,mild,TwinGate+T2,5,160.0,narrow,0.1,2025,2160,0,0,0.0,140.0,7,12,7,5,3,60.0,83,1826,1.054,5,1,4,319,505
ca_mau,mild,TwinGate+T2,6,160.0,narrow,0.1,2025,2160,0,0,0.0,140.0,4,7,7,3,4,80.0,86,1835,0.0,4,1,3,547,428
ca_mau,mild,TwinGate+T2,7,160.0,narrow,0.1,2025,2160,0,0,0.0,120.0,8,13,6,5,0,0.0,82,1839,1.4272,6,1,5,315,564
ca_mau,mild,TwinGate+T2,8,160.0,narrow,0.1,2025,2160,0,0,0.0,120.0,5,6,6,1,1,20.0,85,1831,0.0,5,1,4,313,530
ca_mau,mild,TwinGate+T2,9,160.0,narrow,0.1,2025,2160,0,0,0.0,120.0,7,10,6,3,1,20.0,83,1804,1.6099,5,1,4,319,523
ca_mau,mild,TwinGate+blindARQ,0,160.0,narrow,0.1,2025,2160,0,0,0.0,120.0,6,7,6,1,0,0.0,84,1861,0.6085,6,1,5,307,562
ca_mau,mild,TwinGate+blindARQ,1,160.0,narrow,0.1,2025,2160,0,0,0.0,120.0,5,12,6,7,1,20.0,85,1864,1.5838,5,1,4,298,513
ca_mau,mild,TwinGate+blindARQ,2,160.0,narrow,0.1,2025,2160,0,0,0.0,160.0,3,12,8,9,5,100.0,87,1857,0.8607,4,0,3,1194,513
ca_mau,mild,TwinGate+blindARQ,3,160.0,narrow,0.1,2025,2160,0,0,0.0,160.0,4,14,8,10,4,80.0,86,1824,1.2251,4,1,3,238,392
ca_mau,mild,TwinGate+blindARQ,4,160.0,narrow,0.1,2025,2160,0,0,0.0,120.0,5,9,6,4,1,20.0,85,1831,1.0541,5,1,4,551,479
ca_mau,mild,TwinGate+blindARQ,5,160.0,narrow,0.1,2025,2160,0,0,0.0,160.0,5,12,8,7,3,60.0,85,1826,0.9622,5,1,4,278,454
ca_mau,mild,TwinGate+blindARQ,6,160.0,narrow,0.1,2025,2160,0,0,0.0,160.0,3,11,8,8,5,100.0,87,1835,0.0013,4,0,3,1218,523
ca_mau,mild,TwinGate+blindARQ,7,160.0,narrow,0.1,2025,2160,0,0,0.0,140.0,4,10,7,6,3,60.0,86,1839,0.8607,4,1,3,548,429
ca_mau,mild,TwinGate+blindARQ,8,160.0,narrow,0.1,2025,2160,0,0,0.0,120.0,5,6,6,1,1,20.0,85,1831,0.0,5,1,4,313,530
ca_mau,mild,TwinGate+blindARQ,9,160.0,narrow,0.1,2025,2160,0,0,0.0,120.0,5,16,6,11,1,20.0,85,1804,2.0879,5,1,4,575,483
ca_mau,mild,Reactive+T2,0,160.0,narrow,0.1,2025,2160,0,0,0.0,160.0,4,5,3,1,0,0.0,0,1861,1.204,3,0,2,1132,445
ca_mau,mild,Reactive+T2,1,160.0,narrow,0.1,2025,2160,0,0,0.0,160.0,3,3,3,0,0,0.0,0,1864,0.0,1,0,0,1115,418
ca_mau,mild,Reactive+T2,2,160.0,narrow,0.1,2025,2160,0,0,0.0,160.0,3,3,3,0,1,40.0,0,1857,0.0,1,0,0,1115,418
ca_mau,mild,Reactive+T2,3,160.0,narrow,0.1,2025,2160,0,0,0.0,160.0,3,3,3,0,1,40.0,0,1824,0.0,1,0,0,1115,418
ca_mau,mild,Reactive+T2,4,160.0,narrow,0.1,2025,2160,0,0,0.0,160.0,3,4,3,1,1,60.0,0,1831,0.0014,1,0,0,1115,418
ca_mau,mild,Reactive+T2,5,160.0,narrow,0.1,2025,2160,0,0,0.0,160.0,3,3,3,0,1,40.0,0,1826,0.0,1,0,0,1115,418
ca_mau,mild,Reactive+T2,6,160.0,narrow,0.1,2025,2160,0,0,0.0,160.0,3,5,3,2,1,60.0,0,1835,1.2172,2,0,1,1558,589
ca_mau,mild,Reactive+T2,7,160.0,narrow,0.1,2025,2160,0,0,0.0,160.0,3,5,3,2,1,60.0,0,1839,1.2172,2,0,1,1558,589
ca_mau,mild,Reactive+T2,8,160.0,narrow,0.1,2025,2160,0,0,0.0,160.0,3,3,3,0,0,0.0,0,1831,0.0,1,0,0,1115,418
ca_mau,mild,Reactive+T2,9,160.0,narrow,0.1,2025,2160,0,0,0.0,160.0,3,3,3,0,1,40.0,0,1804,0.0,1,0,0,1115,418
ca_mau,mild,Reactive+blindARQ,0,160.0,narrow,0.1,2025,2160,0,0,0.0,160.0,3,8,3,5,0,0.0,0,1861,1.9162,1,0,0,1115,422
ca_mau,mild,Reactive+blindARQ,1,160.0,narrow,0.1,2025,2160,0,0,0.0,160.0,3,3,3,0,0,0.0,0,1864,0.0,1,0,0,1115,418
ca_mau,mild,Reactive+blindARQ,2,160.0,narrow,0.1,2025,2160,0,0,0.0,160.0,3,3,3,0,1,40.0,0,1857,0.0,1,0,0,1115,418
ca_mau,mild,Reactive+blindARQ,3,160.0,narrow,0.1,2025,2160,0,0,0.0,160.0,3,3,3,0,1,40.0,0,1824,0.0,1,0,0,1115,418
ca_mau,mild,Reactive+blindARQ,4,160.0,narrow,0.1,2025,2160,0,0,0.0,160.0,2,4,3,2,1,60.0,0,1831,0.0014,1,0,0,1549,568
ca_mau,mild,Reactive+blindARQ,5,160.0,narrow,0.1,2025,2160,0,0,0.0,160.0,3,3,3,0,1,40.0,0,1826,0.0,1,0,0,1115,418
ca_mau,mild,Reactive+blindARQ,6,160.0,narrow,0.1,2025,2160,0,0,0.0,160.0,2,5,3,3,1,60.0,0,1835,1.2172,1,0,0,1550,570
ca_mau,mild,Reactive+blindARQ,7,160.0,narrow,0.1,2025,2160,0,0,0.0,160.0,2,7,3,5,1,60.0,0,1839,1.7228,1,0,0,1550,572
ca_mau,mild,Reactive+blindARQ,8,160.0,narrow,0.1,2025,2160,0,0,0.0,160.0,3,3,3,0,0,0.0,0,1831,0.0,1,0,0,1115,418
ca_mau,mild,Reactive+blindARQ,9,160.0,narrow,0.1,2025,2160,0,0,0.0,160.0,3,3,3,0,1,40.0,0,1804,0.0,1,0,0,1115,418
ca_mau,mild,FixedSchedule,0,160.0,narrow,0.1,2025,2160,48,0,0.7488,160.0,3,3,3,0,0,0.0,0,1861,0.0,1,0,0,1622,596
ca_mau,mild,FixedSchedule,1,160.0,narrow,0.1,2025,2160,48,0,0.7487,160.0,3,5,3,2,0,0.0,0,1864,1.2541,1,0,0,1622,598
ca_mau,mild,FixedSchedule,2,160.0,narrow,0.1,2025,2160,48,0,0.7488,160.0,3,3,3,0,1,40.0,0,1857,0.0,1,0,0,1622,596
ca_mau,mild,FixedSchedule,3,160.0,narrow,0.1,2025,2160,48,0,0.7488,160.0,3,3,3,0,1,40.0,0,1824,0.0,1,0,0,1622,596
ca_mau,mild,FixedSchedule,4,160.0,narrow,0.1,2025,2160,144,0,7.2191,160.0,2,3,3,1,1,60.0,0,1831,0.0,1,0,0,1737,765
ca_mau,mild,FixedSchedule,5,160.0,narrow,0.1,2025,2160,48,0,0.7488,160.0,3,3,3,0,1,40.0,0,1826,0.0,1,0,0,1622,596
ca_mau,mild,FixedSchedule,6,160.0,narrow,0.1,2025,2160,144,0,7.2191,160.0,2,3,3,1,2,100.0,0,1835,0.0,1,0,0,1737,765
ca_mau,mild,FixedSchedule,7,160.0,narrow,0.1,2025,2160,144,0,7.2191,160.0,2,3,3,1,1,60.0,0,1839,0.0,1,0,0,1737,765
ca_mau,mild,FixedSchedule,8,160.0,narrow,0.1,2025,2160,48,0,0.7488,160.0,3,3,3,0,0,0.0,0,1831,0.0,1,0,0,1622,596
ca_mau,mild,FixedSchedule,9,160.0,narrow,0.1,2025,2160,48,0,0.7488,160.0,3,3,3,0,1,40.0,0,1804,0.0,1,0,0,1622,596
ca_mau,mild,Oracle,0,160.0,narrow,0.1,2025,2160,0,0,0.0,80.0,4,5,4,1,0,0.0,0,1861,0.6085,4,4,0,1000,830
ca_mau,mild,Oracle,1,160.0,narrow,0.1,2025,2160,0,0,0.0,80.0,4,5,4,1,0,0.0,0,1864,0.4303,4,4,0,1000,831
ca_mau,mild,Oracle,2,160.0,narrow,0.1,2025,2160,0,0,0.0,80.0,4,8,4,4,0,0.0,0,1857,0.9213,4,4,0,1003,831
ca_mau,mild,Oracle,3,160.0,narrow,0.1,2025,2160,0,0,0.0,80.0,4,9,4,5,2,40.0,0,1824,1.2172,4,4,0,1004,830
ca_mau,mild,Oracle,4,160.0,narrow,0.1,2025,2160,0,0,0.0,80.0,4,8,4,4,1,20.0,0,1831,0.8607,4,4,0,1003,830
ca_mau,mild,Oracle,5,160.0,narrow,0.1,2025,2160,0,0,0.0,80.0,4,7,4,3,0,0.0,0,1826,0.7454,4,4,0,1002,831
ca_mau,mild,Oracle,6,160.0,narrow,0.1,2025,2160,0,0,0.0,80.0,4,4,4,0,3,60.0,0,1835,0.0,4,4,0,999,830
ca_mau,mild,Oracle,7,160.0,narrow,0.1,2025,2160,0,0,0.0,80.0,4,7,4,3,2,40.0,0,1839,1.0541,4,4,0,1002,830
ca_mau,mild,Oracle,8,160.0,narrow,0.1,2025,2160,0,0,0.0,80.0,4,4,4,0,0,0.0,0,1831,0.0,4,4,0,999,830
ca_mau,mild,Oracle,9,160.0,narrow,0.1,2025,2160,0,0,0.0,80.0,4,4,4,0,1,20.0,0,1804,0.0,4,4,0,999,830
ca_mau,mild,TwinGate+T2+centre,0,160.0,narrow,0.1,2025,2160,0,0,0.0,120.0,6,7,6,1,0,0.0,84,1861,0.6085,6,1,5,307,562
ca_mau,mild,TwinGate+T2+centre,1,160.0,narrow,0.1,2025,2160,0,0,0.0,120.0,7,9,6,2,1,20.0,83,1864,0.7454,6,1,5,289,558
ca_mau,mild,TwinGate+T2+centre,2,160.0,narrow,0.1,2025,2160,0,0,0.0,140.0,6,10,7,4,4,80.0,84,1857,0.7454,5,1,4,312,489
ca_mau,mild,TwinGate+T2+centre,3,160.0,narrow,0.1,2025,2160,0,0,0.0,140.0,6,10,7,4,4,80.0,84,1824,1.0541,5,1,4,311,488
ca_mau,mild,TwinGate+T2+centre,4,160.0,narrow,0.1,2025,2160,0,0,0.0,120.0,7,10,6,3,1,20.0,83,1831,1.1385,5,1,4,281,501
ca_mau,mild,TwinGate+T2+centre,5,160.0,narrow,0.1,2025,2160,0,0,0.0,140.0,7,12,7,5,3,60.0,83,1826,1.054,5,1,4,319,505
ca_mau,mild,TwinGate+T2+centre,6,160.0,narrow,0.1,2025,2160,0,0,0.0,140.0,4,7,7,3,4,80.0,86,1835,0.0,4,1,3,547,428
ca_mau,mild,TwinGate+T2+centre,7,160.0,narrow,0.1,2025,2160,0,0,0.0,120.0,8,13,6,5,0,0.0,82,1839,1.4272,6,1,5,315,564
ca_mau,mild,TwinGate+T2+centre,8,160.0,narrow,0.1,2025,2160,0,0,0.0,120.0,5,6,6,1,1,20.0,85,1831,0.0,5,1,4,313,530
ca_mau,mild,TwinGate+T2+centre,9,160.0,narrow,0.1,2025,2160,0,0,0.0,120.0,7,10,6,3,1,20.0,83,1804,1.6099,5,1,4,319,523
ca_mau,mild,TwinGate+T2,0,240.0,awd,0.02,2025,2160,0,0,0.0,80.0,5,6,4,1,0,0.0,85,1861,0.6086,4,4,0,729,694
ca_mau,mild,TwinGate+T2,1,240.0,awd,0.02,2025,2160,0,0,0.0,100.0,6,9,5,3,1,20.0,84,1864,0.8607,4,3,1,403,618
ca_mau,mild,TwinGate+T2,2,240.0,awd,0.02,2025,2160,0,0,0.0,120.0,4,7,6,3,3,60.0,86,1857,0.4303,4,3,1,364,527
ca_mau,mild,TwinGate+T2,3,240.0,awd,0.02,2025,2160,0,0,0.0,140.0,5,8,7,3,4,80.0,85,1824,0.4303,4,3,1,354,556
ca_mau,mild,TwinGate+T2,4,240.0,awd,0.02,2025,2160,0,0,0.0,120.0,5,6,6,1,1,20.0,85,1831,0.0,4,3,1,330,535
ca_mau,mild,TwinGate+T2,5,240.0,awd,0.02,2025,2160,0,0,0.0,80.0,5,8,4,3,1,20.0,85,1826,0.8607,3,3,0,725,638
ca_mau,mild,TwinGate+T2,6,240.0,awd,0.02,2025,2160,0,0,0.0,140.0,5,8,7,3,4,80.0,85,1835,0.4303,4,3,1,354,555
ca_mau,mild,TwinGate+T2,7,240.0,awd,0.02,2025,2160,0,0,0.0,120.0,5,9,6,4,2,40.0,85,1839,0.7454,3,3,0,583,458
ca_mau,mild,TwinGate+T2,8,240.0,awd,0.02,2025,2160,0,0,0.0,100.0,5,7,5,2,1,20.0,85,1831,0.9622,4,4,0,747,621
ca_mau,mild,TwinGate+T2,9,240.0,awd,0.02,2025,2160,0,0,0.0,120.0,5,6,6,1,1,20.0,85,1804,0.0,4,3,1,353,555
ca_mau,mild,TwinGate+blindARQ,0,240.0,awd,0.02,2025,2160,0,0,0.0,100.0,5,7,5,2,0,0.0,85,1861,0.6086,4,4,0,729,658
ca_mau,mild,TwinGate+blindARQ,1,240.0,awd,0.02,2025,2160,0,0,0.0,120.0,5,11,6,6,1,20.0,85,1864,0.9623,4,3,1,366,561
ca_mau,mild,TwinGate+blindARQ,2,240.0,awd,0.02,2025,2160,0,0,0.0,200.0,3,12,10,9,7,140.0,87,1857,0.6086,3,3,0,610,468
ca_mau,mild,TwinGate+blindARQ,3,240.0,awd,0.02,2025,2160,0,0,0.0,140.0,3,8,7,5,4,80.0,87,1824,0.4303,3,3,0,610,467
ca_mau,mild,TwinGate+blindARQ,4,240.0,awd,0.02,2025,2160,0,0,0.0,120.0,5,6,6,1,1,20.0,85,1831,0.0,4,3,1,330,535
ca_mau,mild,TwinGate+blindARQ,5,240.0,awd,0.02,2025,2160,0,0,0.0,140.0,4,15,7,11,3,60.0,86,1826,1.2172,4,3,1,361,529
ca_mau,mild,TwinGate+blindARQ,6,240.0,awd,0.02,2025,2160,0,0,0.0,180.0,3,11,9,8,6,120.0,87,1835,0.5403,3,3,0,591,449
ca_mau,mild,TwinGate+blindARQ,7,240.0,awd,0.02,2025,2160,0,0,0.0,140.0,4,10,7,6,3,60.0,86,1839,0.7454,3,3,0,581,459
ca_mau,mild,TwinGate+blindARQ,8,240.0,awd,0.02,2025,2160,0,0,0.0,100.0,4,7,5,3,1,20.0,86,1831,0.9622,4,4,0,731,624
ca_mau,mild,TwinGate+blindARQ,9,240.0,awd,0.02,2025,2160,0,0,0.0,120.0,5,6,6,1,1,20.0,85,1804,0.0,4,3,1,353,555
ca_mau,mild,Reactive+T2,0,240.0,awd,0.02,2025,2160,0,0,0.0,240.0,5,6,4,1,0,0.0,0,1861,1.204,2,0,2,17,163
ca_mau,mild,Reactive+T2,1,240.0,awd,0.02,2025,2160,0,0,0.0,240.0,3,4,4,1,1,60.0,0,1864,0.0,1,0,0,1115,418
ca_mau,mild,Reactive+T2,2,240.0,awd,0.02,2025,2160,0,0,0.0,240.0,3,4,4,1,2,120.0,0,1857,0.0,1,0,0,1115,418
ca_mau,mild,Reactive+T2,3,240.0,awd,0.02,2025,2160,0,0,0.0,240.0,3,4,4,1,2,120.0,0,1824,0.0,1,0,0,1115,418
ca_mau,mild,Reactive+T2,4,240.0,awd,0.02,2025,2160,0,0,0.0,240.0,4,5,4,1,1,60.0,0,1831,0.0014,0,0,0,0,136
ca_mau,mild,Reactive+T2,5,240.0,awd,0.02,2025,2160,0,0,0.0,240.0,3,4,4,1,1,60.0,0,1826,0.0,1,0,0,1115,418
ca_mau,mild,Reactive+T2,6,240.0,awd,0.02,2025,2160,0,0,0.0,240.0,3,6,4,3,2,120.0,0,1835,1.2204,2,0,1,1553,569
ca_mau,mild,Reactive+T2,7,240.0,awd,0.02,2025,2160,0,0,0.0,240.0,3,6,4,3,2,120.0,0,1839,1.2204,2,0,1,1553,569
ca_mau,mild,Reactive+T2,8,240.0,awd,0.02,2025,2160,0,0,0.0,240.0,4,5,4,1,0,0.0,0,1831,0.8436,0,0,0,0,137
ca_mau,mild,Reactive+T2,9,240.0,awd,0.02,2025,2160,0,0,0.0,240.0,4,5,4,1,1,60.0,0,1804,0.0,0,0,0,0,136
ca_mau,mild,Reactive+blindARQ,0,240.0,awd,0.02,2025,2160,0,0,0.0,240.0,4,9,4,5,0,0.0,0,1861,1.9444,0,0,0,0,140
ca_mau,mild,Reactive+blindARQ,1,240.0,awd,0.02,2025,2160,0,0,0.0,240.0,3,4,4,1,1,60.0,0,1864,0.0,1,0,0,1115,418
ca_mau,mild,Reactive+blindARQ,2,240.0,awd,0.02,2025,2160,0,0,0.0,240.0,2,4,4,2,2,120.0,0,1857,0.0,1,0,0,1549,569
ca_mau,mild,Reactive+blindARQ,3,240.0,awd,0.02,2025,2160,0,0,0.0,240.0,2,4,4,2,2,120.0,0,1824,0.0,1,0,0,1549,569
ca_mau,mild,Reactive+blindARQ,4,240.0,awd,0.02,2025,2160,0,0,0.0,240.0,3,5,4,2,1,60.0,0,1831,0.0014,1,0,0,1115,417
ca_mau,mild,Reactive+blindARQ,5,240.0,awd,0.02,2025,2160,0,0,0.0,240.0,3,4,4,1,1,60.0,0,1826,0.0,1,0,0,1115,418
ca_mau,mild,Reactive+blindARQ,6,240.0,awd,0.02,2025,2160,144,0,7.1575,240.0,1,4,4,3,3,180.0,0,1835,0.0,1,0,0,1736,764
ca_mau,mild,Reactive+blindARQ,7,240.0,awd,0.02,2025,2160,0,0,0.0,240.0,2,8,4,6,2,120.0,0,1839,1.7263,1,0,0,1549,572
ca_mau,mild,Reactive+blindARQ,8,240.0,awd,0.02,2025,2160,0,0,0.0,240.0,4,5,4,1,0,0.0,0,1831,0.8436,0,0,0,0,137
ca_mau,mild,Reactive+blindARQ,9,240.0,awd,0.02,2025,2160,0,0,0.0,240.0,3,6,4,3,1,60.0,0,1804,0.0004,1,0,0,1115,418
ca_mau,mild,FixedSchedule,0,240.0,awd,0.02,2025,2160,4,0,0.011,240.0,4,4,4,0,0,0.0,0,1861,0.0,1,0,0,1595,547
ca_mau,mild,FixedSchedule,1,240.0,awd,0.02,2025,2160,122,0,5.9918,240.0,3,4,4,1,1,60.0,0,1864,0.0,1,0,0,1716,689
ca_mau,mild,FixedSchedule,2,240.0,awd,0.02,2025,2160,212,0,11.9574,240.0,2,4,4,2,2,120.0,0,1857,0.0,1,0,0,1813,807
ca_mau,mild,FixedSchedule,3,240.0,awd,0.02,2025,2160,212,0,11.9574,240.0,2,4,4,2,2,120.0,0,1824,0.0,1,0,0,1813,807
ca_mau,mild,FixedSchedule,4,240.0,awd,0.02,2025,2160,123,0,6.0049,240.0,3,6,4,3,1,60.0,0,1831,0.7691,1,0,0,1716,689
ca_mau,mild,FixedSchedule,5,240.0,awd,0.02,2025,2160,123,0,6.0049,240.0,3,4,4,1,1,60.0,0,1826,0.0,1,0,0,1716,689
ca_mau,mild,FixedSchedule,6,240.0,awd,0.02,2025,2160,296,0,20.1632,240.0,1,4,4,3,3,180.0,0,1835,0.0,1,0,0,1927,955
ca_mau,mild,FixedSchedule,7,240.0,awd,0.02,2025,2160,212,0,11.9574,240.0,2,7,4,5,2,120.0,0,1839,0.5438,1,0,0,1813,807
ca_mau,mild,FixedSchedule,8,240.0,awd,0.02,2025,2160,4,0,0.011,240.0,4,4,4,0,0,0.0,0,1831,0.0,1,0,0,1595,547
ca_mau,mild,FixedSchedule,9,240.0,awd,0.02,2025,2160,123,0,6.0049,240.0,3,4,4,1,1,60.0,0,1804,0.0,1,0,0,1716,689
ca_mau,mild,Oracle,0,240.0,awd,0.02,2025,2160,0,0,0.0,120.0,6,11,6,5,0,0.0,0,1861,1.0541,4,4,0,616,560
ca_mau,mild,Oracle,1,240.0,awd,0.02,2025,2160,0,0,0.0,120.0,6,9,6,3,0,0.0,0,1864,0.7454,4,4,0,616,560
ca_mau,mild,Oracle,2,240.0,awd,0.02,2025,2160,0,0,0.0,120.0,6,10,6,4,1,20.0,0,1857,0.8607,4,4,0,619,560
ca_mau,mild,Oracle,3,240.0,awd,0.02,2025,2160,0,0,0.0,120.0,6,11,6,5,3,60.0,0,1824,1.2172,4,4,0,620,560
ca_mau,mild,Oracle,4,240.0,awd,0.02,2025,2160,0,0,0.0,120.0,6,11,6,5,1,20.0,0,1831,0.9623,4,4,0,619,560
ca_mau,mild,Oracle,5,240.0,awd,0.02,2025,2160,0,0,0.0,120.0,6,8,6,2,1,20.0,0,1826,0.6086,4,4,0,617,560
ca_mau,mild,Oracle,6,240.0,awd,0.02,2025,2160,0,0,0.0,120.0,6,7,6,1,2,40.0,0,1835,0.4303,4,4,0,616,560
ca_mau,mild,Oracle,7,240.0,awd,0.02,2025,2160,0,0,0.0,120.0,6,9,6,3,2,40.0,0,1839,1.0541,4,4,0,618,560
ca_mau,mild,Oracle,8,240.0,awd,0.02,2025,2160,0,0,0.0,120.0,6,7,6,1,1,20.0,0,1831,0.4303,4,4,0,616,560
ca_mau,mild,Oracle,9,240.0,awd,0.02,2025,2160,0,0,0.0,120.0,6,6,6,0,1,20.0,0,1804,0.0,4,4,0,615,560
ca_mau,mild,TwinGate+T2+centre,0,240.0,awd,0.02,2025,2160,0,0,0.0,140.0,10,13,7,3,0,0.0,80,1861,1.0541,6,0,6,62,369
ca_mau,mild,TwinGate+T2+centre,1,240.0,awd,0.02,2025,2160,0,0,0.0,140.0,7,9,7,2,1,20.0,83,1864,0.6086,3,0,3,27,297
ca_mau,mild,TwinGate+T2+centre,2,240.0,awd,0.02,2025,2160,0,0,0.0,160.0,5,9,8,4,4,80.0,85,1857,0.4303,1,0,1,12,154
ca_mau,mild,TwinGate+T2+centre,3,240.0,awd,0.02,2025,2160,0,0,0.0,180.0,6,10,9,4,4,80.0,84,1824,0.4303,1,0,1,13,186
ca_mau,mild,TwinGate+T2+centre,4,240.0,awd,0.02,2025,2160,0,0,0.0,160.0,7,9,8,2,2,40.0,83,1831,0.4218,4,0,4,41,256
ca_mau,mild,TwinGate+T2+centre,5,240.0,awd,0.02,2025,2160,0,0,0.0,140.0,7,11,7,4,2,40.0,83,1826,0.8607,2,0,2,70,284
ca_mau,mild,TwinGate+T2+centre,6,240.0,awd,0.02,2025,2160,0,0,0.0,180.0,6,11,9,5,5,100.0,84,1835,0.6086,3,0,3,31,215
ca_mau,mild,TwinGate+T2+centre,7,240.0,awd,0.02,2025,2160,0,0,0.0,160.0,7,12,8,5,3,60.0,83,1839,0.8607,3,0,3,32,248
ca_mau,mild,TwinGate+T2+centre,8,240.0,awd,0.02,2025,2160,0,0,0.0,160.0,7,9,8,2,1,20.0,83,1831,0.4303,3,0,3,30,264
ca_mau,mild,TwinGate+T2+centre,9,240.0,awd,0.02,2025,2160,0,0,0.0,160.0,7,9,8,2,2,40.0,83,1804,0.4294,4,0,4,41,256
ca_mau,mild,TwinGate+T2,0,240.0,mid,0.05,2025,2160,0,0,0.0,120.0,7,8,6,1,0,0.0,83,1861,0.6086,6,0,6,244,566
ca_mau,mild,TwinGate+T2,1,240.0,mid,0.05,2025,2160,0,0,0.0,120.0,7,10,6,3,0,0.0,83,1864,1.054,6,0,6,246,568
ca_mau,mild,TwinGate+T2,2,240.0,mid,0.05,2025,2160,0,0,0.0,160.0,5,9,8,4,5,100.0,85,1857,0.4303,5,1,4,343,511
ca_mau,mild,TwinGate+T2,3,240.0,mid,0.05,2025,2160,0,0,0.0,140.0,6,9,7,3,4,80.0,84,1824,0.6086,5,1,4,366,551
ca_mau,mild,TwinGate+T2,4,240.0,mid,0.05,2025,2160,0,0,0.0,160.0,6,8,8,2,2,40.0,84,1831,0.0,5,0,5,203,447
ca_mau,mild,TwinGate+T2,5,240.0,mid,0.05,2025,2160,0,0,0.0,140.0,6,10,7,4,2,40.0,84,1826,0.7454,5,0,5,246,440
ca_mau,mild,TwinGate+T2,6,240.0,mid,0.05,2025,2160,0,0,0.0,140.0,4,7,7,3,4,80.0,86,1835,0.0,4,0,4,185,372
ca_mau,mild,TwinGate+T2,7,240.0,mid,0.05,2025,2160,0,0,0.0,140.0,4,8,7,4,3,60.0,86,1839,0.4303,4,0,4,186,373
ca_mau,mild,TwinGate+T2,8,240.0,mid,0.05,2025,2160,0,0,0.0,140.0,6,7,7,1,1,20.0,84,1831,0.0,5,0,5,204,449
ca_mau,mild,TwinGate+T2,9,240.0,mid,0.05,2025,2160,0,0,0.0,160.0,6,8,8,2,2,40.0,84,1804,0.0,5,0,5,198,424
ca_mau,mild,TwinGate+blindARQ,0,240.0,mid,0.05,2025,2160,0,0,0.0,140.0,7,9,7,2,0,0.0,83,1861,0.6086,6,0,6,244,530
ca_mau,mild,TwinGate+blindARQ,1,240.0,mid,0.05,2025,2160,0,0,0.0,140.0,6,10,7,4,1,20.0,84,1864,0.7454,5,0,5,183,440
ca_mau,mild,TwinGate+blindARQ,2,240.0,mid,0.05,2025,2160,0,0,0.0,220.0,4,12,11,8,7,140.0,86,1857,0.4303,4,1,3,336,489
ca_mau,mild,TwinGate+blindARQ,3,240.0,mid,0.05,2025,2160,0,0,0.0,180.0,4,16,9,12,5,100.0,86,1824,1.1386,4,1,3,341,480
ca_mau,mild,TwinGate+blindARQ,4,240.0,mid,0.05,2025,2160,0,0,0.0,160.0,6,8,8,2,2,40.0,84,1831,0.0,5,0,5,203,447
ca_mau,mild,TwinGate+blindARQ,5,240.0,mid,0.05,2025,2160,0,0,0.0,180.0,5,18,9,13,4,80.0,85,1826,1.5262,5,1,4,369,537
ca_mau,mild,TwinGate+blindARQ,6,240.0,mid,0.05,2025,2160,0,0,0.0,200.0,4,10,10,6,6,120.0,86,1835,0.0,4,1,3,332,486
ca_mau,mild,TwinGate+blindARQ,7,240.0,mid,0.05,2025,2160,0,0,0.0,140.0,4,8,7,4,3,60.0,86,1839,0.4303,4,0,4,186,373
ca_mau,mild,TwinGate+blindARQ,8,240.0,mid,0.05,2025,2160,0,0,0.0,140.0,6,7,7,1,1,20.0,84,1831,0.0,5,0,5,204,449
ca_mau,mild,TwinGate+blindARQ,9,240.0,mid,0.05,2025,2160,0,0,0.0,160.0,6,8,8,2,2,40.0,84,1804,0.0,5,0,5,198,424
ca_mau,mild,Reactive+T2,0,240.0,mid,0.05,2025,2160,0,0,0.0,240.0,5,6,4,1,0,0.0,0,1861,1.204,2,0,2,17,163
ca_mau,mild,Reactive+T2,1,240.0,mid,0.05,2025,2160,0,0,0.0,240.0,3,4,4,1,1,60.0,0,1864,0.0,1,0,0,1115,418
ca_mau,mild,Reactive+T2,2,240.0,mid,0.05,2025,2160,0,0,0.0,240.0,3,4,4,1,2,120.0,0,1857,0.0,1,0,0,1115,418
ca_mau,mild,Reactive+T2,3,240.0,mid,0.05,2025,2160,0,0,0.0,240.0,3,4,4,1,2,120.0,0,1824,0.0,1,0,0,1115,418
ca_mau,mild,Reactive+T2,4,240.0,mid,0.05,2025,2160,0,0,0.0,240.0,4,5,4,1,1,60.0,0,1831,0.0014,0,0,0,0,136
ca_mau,mild,Reactive+T2,5,240.0,mid,0.05,2025,2160,0,0,0.0,240.0,3,4,4,1,1,60.0,0,1826,0.0,1,0,0,1115,418
ca_mau,mild,Reactive+T2,6,240.0,mid,0.05,2025,2160,0,0,0.0,240.0,3,6,4,3,2,120.0,0,1835,1.2204,2,0,1,1553,569
ca_mau,mild,Reactive+T2,7,240.0,mid,0.05,2025,2160,0,0,0.0,240.0,3,6,4,3,2,120.0,0,1839,1.2204,2,0,1,1553,569
ca_mau,mild,Reactive+T2,8,240.0,mid,0.05,2025,2160,0,0,0.0,240.0,4,5,4,1,0,0.0,0,1831,0.8436,0,0,0,0,137
ca_mau,mild,Reactive+T2,9,240.0,mid,0.05,2025,2160,0,0,0.0,240.0,4,5,4,1,1,60.0,0,1804,0.0,0,0,0,0,136
ca_mau,mild,Reactive+blindARQ,0,240.0,mid,0.05,2025,2160,0,0,0.0,240.0,4,9,4,5,0,0.0,0,1861,1.9444,0,0,0,0,140
ca_mau,mild,Reactive+blindARQ,1,240.0,mid,0.05,2025,2160,0,0,0.0,240.0,3,4,4,1,1,60.0,0,1864,0.0,1,0,0,1115,418
ca_mau,mild,Reactive+blindARQ,2,240.0,mid,0.05,2025,2160,0,0,0.0,240.0,2,4,4,2,2,120.0,0,1857,0.0,1,0,0,1549,569
ca_mau,mild,Reactive+blindARQ,3,240.0,mid,0.05,2025,2160,0,0,0.0,240.0,2,4,4,2,2,120.0,0,1824,0.0,1,0,0,1549,569
ca_mau,mild,Reactive+blindARQ,4,240.0,mid,0.05,2025,2160,0,0,0.0,240.0,3,5,4,2,1,60.0,0,1831,0.0014,1,0,0,1115,417
ca_mau,mild,Reactive+blindARQ,5,240.0,mid,0.05,2025,2160,0,0,0.0,240.0,3,4,4,1,1,60.0,0,1826,0.0,1,0,0,1115,418
ca_mau,mild,Reactive+blindARQ,6,240.0,mid,0.05,2025,2160,144,0,7.1575,240.0,1,4,4,3,3,180.0,0,1835,0.0,1,0,0,1736,764
ca_mau,mild,Reactive+blindARQ,7,240.0,mid,0.05,2025,2160,0,0,0.0,240.0,2,8,4,6,2,120.0,0,1839,1.7263,1,0,0,1549,572
ca_mau,mild,Reactive+blindARQ,8,240.0,mid,0.05,2025,2160,0,0,0.0,240.0,4,5,4,1,0,0.0,0,1831,0.8436,0,0,0,0,137
ca_mau,mild,Reactive+blindARQ,9,240.0,mid,0.05,2025,2160,0,0,0.0,240.0,3,6,4,3,1,60.0,0,1804,0.0004,1,0,0,1115,418
ca_mau,mild,FixedSchedule,0,240.0,mid,0.05,2025,2160,4,0,0.011,240.0,4,4,4,0,0,0.0,0,1861,0.0,1,0,0,1595,547
ca_mau,mild,FixedSchedule,1,240.0,mid,0.05,2025,2160,122,0,5.9918,240.0,3,4,4,1,1,60.0,0,1864,0.0,1,0,0,1716,689
ca_mau,mild,FixedSchedule,2,240.0,mid,0.05,2025,2160,212,0,11.9574,240.0,2,4,4,2,2,120.0,0,1857,0.0,1,0,0,1813,807
ca_mau,mild,FixedSchedule,3,240.0,mid,0.05,2025,2160,212,0,11.9574,240.0,2,4,4,2,2,120.0,0,1824,0.0,1,0,0,1813,807
ca_mau,mild,FixedSchedule,4,240.0,mid,0.05,2025,2160,123,0,6.0049,240.0,3,6,4,3,1,60.0,0,1831,0.7691,1,0,0,1716,689
ca_mau,mild,FixedSchedule,5,240.0,mid,0.05,2025,2160,123,0,6.0049,240.0,3,4,4,1,1,60.0,0,1826,0.0,1,0,0,1716,689
ca_mau,mild,FixedSchedule,6,240.0,mid,0.05,2025,2160,296,0,20.1632,240.0,1,4,4,3,3,180.0,0,1835,0.0,1,0,0,1927,955
ca_mau,mild,FixedSchedule,7,240.0,mid,0.05,2025,2160,212,0,11.9574,240.0,2,7,4,5,2,120.0,0,1839,0.5438,1,0,0,1813,807
ca_mau,mild,FixedSchedule,8,240.0,mid,0.05,2025,2160,4,0,0.011,240.0,4,4,4,0,0,0.0,0,1831,0.0,1,0,0,1595,547
ca_mau,mild,FixedSchedule,9,240.0,mid,0.05,2025,2160,123,0,6.0049,240.0,3,4,4,1,1,60.0,0,1804,0.0,1,0,0,1716,689
ca_mau,mild,Oracle,0,240.0,mid,0.05,2025,2160,0,0,0.0,120.0,6,11,6,5,0,0.0,0,1861,1.0541,4,4,0,616,560
ca_mau,mild,Oracle,1,240.0,mid,0.05,2025,2160,0,0,0.0,120.0,6,9,6,3,0,0.0,0,1864,0.7454,4,4,0,616,560
ca_mau,mild,Oracle,2,240.0,mid,0.05,2025,2160,0,0,0.0,120.0,6,10,6,4,1,20.0,0,1857,0.8607,4,4,0,619,560
ca_mau,mild,Oracle,3,240.0,mid,0.05,2025,2160,0,0,0.0,120.0,6,11,6,5,3,60.0,0,1824,1.2172,4,4,0,620,560
ca_mau,mild,Oracle,4,240.0,mid,0.05,2025,2160,0,0,0.0,120.0,6,11,6,5,1,20.0,0,1831,0.9623,4,4,0,619,560
ca_mau,mild,Oracle,5,240.0,mid,0.05,2025,2160,0,0,0.0,120.0,6,8,6,2,1,20.0,0,1826,0.6086,4,4,0,617,560
ca_mau,mild,Oracle,6,240.0,mid,0.05,2025,2160,0,0,0.0,120.0,6,7,6,1,2,40.0,0,1835,0.4303,4,4,0,616,560
ca_mau,mild,Oracle,7,240.0,mid,0.05,2025,2160,0,0,0.0,120.0,6,9,6,3,2,40.0,0,1839,1.0541,4,4,0,618,560
ca_mau,mild,Oracle,8,240.0,mid,0.05,2025,2160,0,0,0.0,120.0,6,7,6,1,1,20.0,0,1831,0.4303,4,4,0,616,560
ca_mau,mild,Oracle,9,240.0,mid,0.05,2025,2160,0,0,0.0,120.0,6,6,6,0,1,20.0,0,1804,0.0,4,4,0,615,560
ca_mau,mild,TwinGate+T2+centre,0,240.0,mid,0.05,2025,2160,0,0,0.0,140.0,10,13,7,3,0,0.0,80,1861,1.0541,6,0,6,62,369
ca_mau,mild,TwinGate+T2+centre,1,240.0,mid,0.05,2025,2160,0,0,0.0,140.0,7,9,7,2,1,20.0,83,1864,0.6086,3,0,3,27,297
ca_mau,mild,TwinGate+T2+centre,2,240.0,mid,0.05,2025,2160,0,0,0.0,160.0,5,9,8,4,4,80.0,85,1857,0.4303,1,0,1,12,154
ca_mau,mild,TwinGate+T2+centre,3,240.0,mid,0.05,2025,2160,0,0,0.0,180.0,6,10,9,4,4,80.0,84,1824,0.4303,1,0,1,13,186
ca_mau,mild,TwinGate+T2+centre,4,240.0,mid,0.05,2025,2160,0,0,0.0,160.0,7,9,8,2,2,40.0,83,1831,0.4218,4,0,4,41,256
ca_mau,mild,TwinGate+T2+centre,5,240.0,mid,0.05,2025,2160,0,0,0.0,140.0,7,11,7,4,2,40.0,83,1826,0.8607,2,0,2,70,284
ca_mau,mild,TwinGate+T2+centre,6,240.0,mid,0.05,2025,2160,0,0,0.0,180.0,6,11,9,5,5,100.0,84,1835,0.6086,3,0,3,31,215
ca_mau,mild,TwinGate+T2+centre,7,240.0,mid,0.05,2025,2160,0,0,0.0,160.0,7,12,8,5,3,60.0,83,1839,0.8607,3,0,3,32,248
ca_mau,mild,TwinGate+T2+centre,8,240.0,mid,0.05,2025,2160,0,0,0.0,160.0,7,9,8,2,1,20.0,83,1831,0.4303,3,0,3,30,264
ca_mau,mild,TwinGate+T2+centre,9,240.0,mid,0.05,2025,2160,0,0,0.0,160.0,7,9,8,2,2,40.0,83,1804,0.4294,4,0,4,41,256
ca_mau,mild,TwinGate+T2,0,240.0,narrow,0.1,2025,2160,0,0,0.0,120.0,6,7,6,1,0,0.0,84,1861,0.6085,6,1,5,307,562
ca_mau,mild,TwinGate+T2,1,240.0,narrow,0.1,2025,2160,0,0,0.0,120.0,7,9,6,2,1,20.0,83,1864,0.7454,6,1,5,289,558
ca_mau,mild,TwinGate+T2,2,240.0,narrow,0.1,2025,2160,0,0,0.0,140.0,6,10,7,4,4,80.0,84,1857,0.7454,5,1,4,312,489
ca_mau,mild,TwinGate+T2,3,240.0,narrow,0.1,2025,2160,0,0,0.0,140.0,6,10,7,4,4,80.0,84,1824,1.0541,5,1,4,311,488
ca_mau,mild,TwinGate+T2,4,240.0,narrow,0.1,2025,2160,0,0,0.0,120.0,7,10,6,3,1,20.0,83,1831,1.1385,5,1,4,281,501
ca_mau,mild,TwinGate+T2,5,240.0,narrow,0.1,2025,2160,0,0,0.0,140.0,7,12,7,5,3,60.0,83,1826,1.054,5,1,4,319,505
ca_mau,mild,TwinGate+T2,6,240.0,narrow,0.1,2025,2160,0,0,0.0,140.0,4,7,7,3,4,80.0,86,1835,0.0,4,1,3,547,428
ca_mau,mild,TwinGate+T2,7,240.0,narrow,0.1,2025,2160,0,0,0.0,120.0,8,13,6,5,0,0.0,82,1839,1.4272,6,1,5,315,564
ca_mau,mild,TwinGate+T2,8,240.0,narrow,0.1,2025,2160,0,0,0.0,120.0,5,6,6,1,1,20.0,85,1831,0.0,5,1,4,313,530
ca_mau,mild,TwinGate+T2,9,240.0,narrow,0.1,2025,2160,0,0,0.0,120.0,7,10,6,3,1,20.0,83,1804,1.6099,5,1,4,319,523
ca_mau,mild,TwinGate+blindARQ,0,240.0,narrow,0.1,2025,2160,0,0,0.0,120.0,6,7,6,1,0,0.0,84,1861,0.6085,6,1,5,307,562
ca_mau,mild,TwinGate+blindARQ,1,240.0,narrow,0.1,2025,2160,0,0,0.0,120.0,5,12,6,7,1,20.0,85,1864,1.5838,5,1,4,298,513
ca_mau,mild,TwinGate+blindARQ,2,240.0,narrow,0.1,2025,2160,0,0,0.0,220.0,4,15,11,11,7,140.0,86,1857,0.8607,4,1,3,235,393
ca_mau,mild,TwinGate+blindARQ,3,240.0,narrow,0.1,2025,2160,0,0,0.0,180.0,4,15,9,11,5,100.0,86,1824,1.2251,4,1,3,238,375
ca_mau,mild,TwinGate+blindARQ,4,240.0,narrow,0.1,2025,2160,0,0,0.0,120.0,5,9,6,4,1,20.0,85,1831,1.0541,5,1,4,551,479
ca_mau,mild,TwinGate+blindARQ,5,240.0,narrow,0.1,2025,2160,0,0,0.0,180.0,5,13,9,8,4,80.0,85,1826,0.9622,5,1,4,278,437
ca_mau,mild,TwinGate+blindARQ,6,240.0,narrow,0.1,2025,2160,0,0,0.0,200.0,4,14,10,10,6,120.0,86,1835,0.0013,4,1,3,259,403
ca_mau,mild,TwinGate+blindARQ,7,240.0,narrow,0.1,2025,2160,0,0,0.0,140.0,4,10,7,6,3,60.0,86,1839,0.8607,4,1,3,548,429
ca_mau,mild,TwinGate+blindARQ,8,240.0,narrow,0.1,2025,2160,0,0,0.0,120.0,5,6,6,1,1,20.0,85,1831,0.0,5,1,4,313,530
ca_mau,mild,TwinGate+blindARQ,9,240.0,narrow,0.1,2025,2160,0,0,0.0,120.0,5,16,6,11,1,20.0,85,1804,2.0879,5,1,4,575,483
ca_mau,mild,Reactive+T2,0,240.0,narrow,0.1,2025,2160,0,0,0.0,240.0,5,6,4,1,0,0.0,0,1861,1.204,2,0,2,17,163
ca_mau,mild,Reactive+T2,1,240.0,narrow,0.1,2025,2160,0,0,0.0,240.0,3,4,4,1,1,60.0,0,1864,0.0,1,0,0,1115,418
ca_mau,mild,Reactive+T2,2,240.0,narrow,0.1,2025,2160,0,0,0.0,240.0,3,4,4,1,2,120.0,0,1857,0.0,1,0,0,1115,418
ca_mau,mild,Reactive+T2,3,240.0,narrow,0.1,2025,2160,0,0,0.0,240.0,3,4,4,1,2,120.0,0,1824,0.0,1,0,0,1115,418
ca_mau,mild,Reactive+T2,4,240.0,narrow,0.1,2025,2160,0,0,0.0,240.0,4,5,4,1,1,60.0,0,1831,0.0014,0,0,0,0,136
ca_mau,mild,Reactive+T2,5,240.0,narrow,0.1,2025,2160,0,0,0.0,240.0,3,4,4,1,1,60.0,0,1826,0.0,1,0,0,1115,418
ca_mau,mild,Reactive+T2,6,240.0,narrow,0.1,2025,2160,0,0,0.0,240.0,3,6,4,3,2,120.0,0,1835,1.2204,2,0,1,1553,569
ca_mau,mild,Reactive+T2,7,240.0,narrow,0.1,2025,2160,0,0,0.0,240.0,3,6,4,3,2,120.0,0,1839,1.2204,2,0,1,1553,569
ca_mau,mild,Reactive+T2,8,240.0,narrow,0.1,2025,2160,0,0,0.0,240.0,4,5,4,1,0,0.0,0,1831,0.8436,0,0,0,0,137
ca_mau,mild,Reactive+T2,9,240.0,narrow,0.1,2025,2160,0,0,0.0,240.0,4,5,4,1,1,60.0,0,1804,0.0,0,0,0,0,136
ca_mau,mild,Reactive+blindARQ,0,240.0,narrow,0.1,2025,2160,0,0,0.0,240.0,4,9,4,5,0,0.0,0,1861,1.9444,0,0,0,0,140
ca_mau,mild,Reactive+blindARQ,1,240.0,narrow,0.1,2025,2160,0,0,0.0,240.0,3,4,4,1,1,60.0,0,1864,0.0,1,0,0,1115,418
ca_mau,mild,Reactive+blindARQ,2,240.0,narrow,0.1,2025,2160,0,0,0.0,240.0,2,4,4,2,2,120.0,0,1857,0.0,1,0,0,1549,569
ca_mau,mild,Reactive+blindARQ,3,240.0,narrow,0.1,2025,2160,0,0,0.0,240.0,2,4,4,2,2,120.0,0,1824,0.0,1,0,0,1549,569
ca_mau,mild,Reactive+blindARQ,4,240.0,narrow,0.1,2025,2160,0,0,0.0,240.0,3,5,4,2,1,60.0,0,1831,0.0014,1,0,0,1115,417
ca_mau,mild,Reactive+blindARQ,5,240.0,narrow,0.1,2025,2160,0,0,0.0,240.0,3,4,4,1,1,60.0,0,1826,0.0,1,0,0,1115,418
ca_mau,mild,Reactive+blindARQ,6,240.0,narrow,0.1,2025,2160,144,0,7.1575,240.0,1,4,4,3,3,180.0,0,1835,0.0,1,0,0,1736,764
ca_mau,mild,Reactive+blindARQ,7,240.0,narrow,0.1,2025,2160,0,0,0.0,240.0,2,8,4,6,2,120.0,0,1839,1.7263,1,0,0,1549,572
ca_mau,mild,Reactive+blindARQ,8,240.0,narrow,0.1,2025,2160,0,0,0.0,240.0,4,5,4,1,0,0.0,0,1831,0.8436,0,0,0,0,137
ca_mau,mild,Reactive+blindARQ,9,240.0,narrow,0.1,2025,2160,0,0,0.0,240.0,3,6,4,3,1,60.0,0,1804,0.0004,1,0,0,1115,418
ca_mau,mild,FixedSchedule,0,240.0,narrow,0.1,2025,2160,4,0,0.011,240.0,4,4,4,0,0,0.0,0,1861,0.0,1,0,0,1595,547
ca_mau,mild,FixedSchedule,1,240.0,narrow,0.1,2025,2160,122,0,5.9918,240.0,3,4,4,1,1,60.0,0,1864,0.0,1,0,0,1716,689
ca_mau,mild,FixedSchedule,2,240.0,narrow,0.1,2025,2160,212,0,11.9574,240.0,2,4,4,2,2,120.0,0,1857,0.0,1,0,0,1813,807
ca_mau,mild,FixedSchedule,3,240.0,narrow,0.1,2025,2160,212,0,11.9574,240.0,2,4,4,2,2,120.0,0,1824,0.0,1,0,0,1813,807
ca_mau,mild,FixedSchedule,4,240.0,narrow,0.1,2025,2160,123,0,6.0049,240.0,3,6,4,3,1,60.0,0,1831,0.7691,1,0,0,1716,689
ca_mau,mild,FixedSchedule,5,240.0,narrow,0.1,2025,2160,123,0,6.0049,240.0,3,4,4,1,1,60.0,0,1826,0.0,1,0,0,1716,689
ca_mau,mild,FixedSchedule,6,240.0,narrow,0.1,2025,2160,296,0,20.1632,240.0,1,4,4,3,3,180.0,0,1835,0.0,1,0,0,1927,955
ca_mau,mild,FixedSchedule,7,240.0,narrow,0.1,2025,2160,212,0,11.9574,240.0,2,7,4,5,2,120.0,0,1839,0.5438,1,0,0,1813,807
ca_mau,mild,FixedSchedule,8,240.0,narrow,0.1,2025,2160,4,0,0.011,240.0,4,4,4,0,0,0.0,0,1831,0.0,1,0,0,1595,547
ca_mau,mild,FixedSchedule,9,240.0,narrow,0.1,2025,2160,123,0,6.0049,240.0,3,4,4,1,1,60.0,0,1804,0.0,1,0,0,1716,689
ca_mau,mild,Oracle,0,240.0,narrow,0.1,2025,2160,0,0,0.0,120.0,6,11,6,5,0,0.0,0,1861,1.0541,4,4,0,616,560
ca_mau,mild,Oracle,1,240.0,narrow,0.1,2025,2160,0,0,0.0,120.0,6,9,6,3,0,0.0,0,1864,0.7454,4,4,0,616,560
ca_mau,mild,Oracle,2,240.0,narrow,0.1,2025,2160,0,0,0.0,120.0,6,10,6,4,1,20.0,0,1857,0.8607,4,4,0,619,560
ca_mau,mild,Oracle,3,240.0,narrow,0.1,2025,2160,0,0,0.0,120.0,6,11,6,5,3,60.0,0,1824,1.2172,4,4,0,620,560
ca_mau,mild,Oracle,4,240.0,narrow,0.1,2025,2160,0,0,0.0,120.0,6,11,6,5,1,20.0,0,1831,0.9623,4,4,0,619,560
ca_mau,mild,Oracle,5,240.0,narrow,0.1,2025,2160,0,0,0.0,120.0,6,8,6,2,1,20.0,0,1826,0.6086,4,4,0,617,560
ca_mau,mild,Oracle,6,240.0,narrow,0.1,2025,2160,0,0,0.0,120.0,6,7,6,1,2,40.0,0,1835,0.4303,4,4,0,616,560
ca_mau,mild,Oracle,7,240.0,narrow,0.1,2025,2160,0,0,0.0,120.0,6,9,6,3,2,40.0,0,1839,1.0541,4,4,0,618,560
ca_mau,mild,Oracle,8,240.0,narrow,0.1,2025,2160,0,0,0.0,120.0,6,7,6,1,1,20.0,0,1831,0.4303,4,4,0,616,560
ca_mau,mild,Oracle,9,240.0,narrow,0.1,2025,2160,0,0,0.0,120.0,6,6,6,0,1,20.0,0,1804,0.0,4,4,0,615,560
ca_mau,mild,TwinGate+T2+centre,0,240.0,narrow,0.1,2025,2160,0,0,0.0,120.0,6,7,6,1,0,0.0,84,1861,0.6085,6,1,5,307,562
ca_mau,mild,TwinGate+T2+centre,1,240.0,narrow,0.1,2025,2160,0,0,0.0,120.0,7,9,6,2,1,20.0,83,1864,0.7454,6,1,5,289,558
ca_mau,mild,TwinGate+T2+centre,2,240.0,narrow,0.1,2025,2160,0,0,0.0,140.0,6,10,7,4,4,80.0,84,1857,0.7454,5,1,4,312,489
ca_mau,mild,TwinGate+T2+centre,3,240.0,narrow,0.1,2025,2160,0,0,0.0,140.0,6,10,7,4,4,80.0,84,1824,1.0541,5,1,4,311,488
ca_mau,mild,TwinGate+T2+centre,4,240.0,narrow,0.1,2025,2160,0,0,0.0,120.0,7,10,6,3,1,20.0,83,1831,1.1385,5,1,4,281,501
ca_mau,mild,TwinGate+T2+centre,5,240.0,narrow,0.1,2025,2160,0,0,0.0,140.0,7,12,7,5,3,60.0,83,1826,1.054,5,1,4,319,505
ca_mau,mild,TwinGate+T2+centre,6,240.0,narrow,0.1,2025,2160,0,0,0.0,140.0,4,7,7,3,4,80.0,86,1835,0.0,4,1,3,547,428
ca_mau,mild,TwinGate+T2+centre,7,240.0,narrow,0.1,2025,2160,0,0,0.0,120.0,8,13,6,5,0,0.0,82,1839,1.4272,6,1,5,315,564
ca_mau,mild,TwinGate+T2+centre,8,240.0,narrow,0.1,2025,2160,0,0,0.0,120.0,5,6,6,1,1,20.0,85,1831,0.0,5,1,4,313,530
ca_mau,mild,TwinGate+T2+centre,9,240.0,narrow,0.1,2025,2160,0,0,0.0,120.0,7,10,6,3,1,20.0,83,1804,1.6099,5,1,4,319,523
ca_mau,mild,TwinGate+T2,0,320.0,awd,0.02,2025,2160,0,0,0.0,140.0,10,13,7,3,0,0.0,80,1861,1.0541,6,0,6,62,369
ca_mau,mild,TwinGate+T2,1,320.0,awd,0.02,2025,2160,0,0,0.0,140.0,7,9,7,2,1,20.0,83,1864,0.6086,3,0,3,27,297
ca_mau,mild,TwinGate+T2,2,320.0,awd,0.02,2025,2160,0,0,0.0,160.0,5,9,8,4,4,80.0,85,1857,0.4303,1,0,1,12,154
ca_mau,mild,TwinGate+T2,3,320.0,awd,0.02,2025,2160,0,0,0.0,180.0,6,10,9,4,4,80.0,84,1824,0.4303,1,0,1,13,186
ca_mau,mild,TwinGate+T2,4,320.0,awd,0.02,2025,2160,0,0,0.0,160.0,7,9,8,2,2,40.0,83,1831,0.4218,4,0,4,41,256
ca_mau,mild,TwinGate+T2,5,320.0,awd,0.02,2025,2160,0,0,0.0,140.0,7,11,7,4,2,40.0,83,1826,0.8607,2,0,2,70,284
ca_mau,mild,TwinGate+T2,6,320.0,awd,0.02,2025,2160,0,0,0.0,180.0,6,11,9,5,5,100.0,84,1835,0.6086,3,0,3,31,215
ca_mau,mild,TwinGate+T2,7,320.0,awd,0.02,2025,2160,0,0,0.0,160.0,7,12,8,5,3,60.0,83,1839,0.8607,3,0,3,32,248
ca_mau,mild,TwinGate+T2,8,320.0,awd,0.02,2025,2160,0,0,0.0,160.0,7,9,8,2,1,20.0,83,1831,0.4303,3,0,3,30,264
ca_mau,mild,TwinGate+T2,9,320.0,awd,0.02,2025,2160,0,0,0.0,160.0,7,9,8,2,2,40.0,83,1804,0.4294,4,0,4,41,256
ca_mau,mild,TwinGate+blindARQ,0,320.0,awd,0.02,2025,2160,0,0,0.0,180.0,8,15,9,7,1,20.0,82,1861,1.0541,4,0,4,41,291
ca_mau,mild,TwinGate+blindARQ,1,320.0,awd,0.02,2025,2160,0,0,0.0,160.0,7,10,8,3,1,20.0,83,1864,0.6086,3,0,3,27,261
ca_mau,mild,TwinGate+blindARQ,2,320.0,awd,0.02,2025,2160,0,0,0.0,220.0,4,11,11,7,7,140.0,86,1857,0.0,2,1,1,500,329
ca_mau,mild,TwinGate+blindARQ,3,320.0,awd,0.02,2025,2160,0,0,0.0,180.0,4,10,9,6,5,100.0,86,1824,0.4303,2,1,1,360,193
ca_mau,mild,TwinGate+blindARQ,4,320.0,awd,0.02,2025,2160,0,0,0.0,160.0,6,9,8,3,2,40.0,84,1831,0.4218,2,0,2,22,208
ca_mau,mild,TwinGate+blindARQ,5,320.0,awd,0.02,2025,2160,0,0,0.0,180.0,5,14,9,9,4,80.0,85,1826,0.9623,1,0,1,16,157
ca_mau,mild,TwinGate+blindARQ,6,320.0,awd,0.02,2025,2160,0,0,0.0,220.0,5,12,11,7,6,120.0,85,1835,0.4303,3,1,2,179,374
ca_mau,mild,TwinGate+blindARQ,7,320.0,awd,0.02,2025,2160,0,0,0.0,180.0,5,14,9,9,4,80.0,85,1839,1.2921,2,0,2,23,200
ca_mau,mild,TwinGate+blindARQ,8,320.0,awd,0.02,2025,2160,0,0,0.0,160.0,7,9,8,2,1,20.0,83,1831,0.4303,3,0,3,30,264
ca_mau,mild,TwinGate+blindARQ,9,320.0,awd,0.02,2025,2160,0,0,0.0,160.0,6,10,8,4,2,40.0,84,1804,0.6073,2,0,2,22,188
ca_mau,mild,Reactive+T2,0,320.0,awd,0.02,2025,2160,0,0,0.0,240.0,5,6,4,1,0,0.0,0,1861,1.204,2,0,2,17,163
ca_mau,mild,Reactive+T2,1,320.0,awd,0.02,2025,2160,0,0,0.0,300.0,4,5,5,1,1,60.0,0,1864,0.0,0,0,0,0,136
ca_mau,mild,Reactive+T2,2,320.0,awd,0.02,2025,2160,0,0,0.0,300.0,5,7,5,2,2,120.0,0,1857,1.1931,1,0,1,12,160
ca_mau,mild,Reactive+T2,3,320.0,awd,0.02,2025,2160,0,0,0.0,300.0,4,5,5,1,2,120.0,0,1824,0.0,0,0,0,0,136
ca_mau,mild,Reactive+T2,4,320.0,awd,0.02,2025,2160,0,0,0.0,240.0,4,5,4,1,1,60.0,0,1831,0.0014,0,0,0,0,136
ca_mau,mild,Reactive+T2,5,320.0,awd,0.02,2025,2160,0,0,0.0,300.0,4,5,5,1,1,60.0,0,1826,0.0,0,0,0,0,136
ca_mau,mild,Reactive+T2,6,320.0,awd,0.02,2025,2160,0,0,0.0,320.0,5,9,6,4,2,120.0,0,1835,1.5215,2,0,2,19,234
ca_mau,mild,Reactive+T2,7,320.0,awd,0.02,2025,2160,0,0,0.0,320.0,5,8,6,3,2,120.0,0,1839,1.2204,2,0,2,18,233
ca_mau,mild,Reactive+T2,8,320.0,awd,0.02,2025,2160,0,0,0.0,240.0,4,5,4,1,0,0.0,0,1831,0.8436,0,0,0,0,137
ca_mau,mild,Reactive+T2,9,320.0,awd,0.02,2025,2160,0,0,0.0,240.0,4,5,4,1,1,60.0,0,1804,0.0,0,0,0,0,136
ca_mau,mild,Reactive+blindARQ,0,320.0,awd,0.02,2025,2160,0,0,0.0,240.0,4,9,4,5,0,0.0,0,1861,1.9444,0,0,0,0,140
ca_mau,mild,Reactive+blindARQ,1,320.0,awd,0.02,2025,2160,0,0,0.0,300.0,4,5,5,1,1,60.0,0,1864,0.0,0,0,0,0,136
ca_mau,mild,Reactive+blindARQ,2,320.0,awd,0.02,2025,2160,0,0,0.0,320.0,4,9,6,5,2,120.0,0,1857,0.7454,0,0,0,0,211
ca_mau,mild,Reactive+blindARQ,3,320.0,awd,0.02,2025,2160,0,0,0.0,320.0,4,6,6,2,3,140.0,0,1824,0.0,0,0,0,0,208
ca_mau,mild,Reactive+blindARQ,4,320.0,awd,0.02,2025,2160,0,0,0.0,300.0,4,6,5,2,1,60.0,0,1831,0.0014,0,0,0,0,135
ca_mau,mild,Reactive+blindARQ,5,320.0,awd,0.02,2025,2160,0,0,0.0,300.0,4,5,5,1,1,60.0,0,1826,0.0,0,0,0,0,136
ca_mau,mild,Reactive+blindARQ,6,320.0,awd,0.02,2025,2160,0,0,0.0,320.0,3,8,6,5,3,180.0,0,1835,1.2169,1,0,0,1473,503
ca_mau,mild,Reactive+blindARQ,7,320.0,awd,0.02,2025,2160,0,0,0.0,320.0,4,10,6,6,2,120.0,0,1839,1.7263,0,0,0,0,211
ca_mau,mild,Reactive+blindARQ,8,320.0,awd,0.02,2025,2160,0,0,0.0,300.0,4,6,5,2,1,60.0,0,1831,0.8436,0,0,0,0,137
ca_mau,mild,Reactive+blindARQ,9,320.0,awd,0.02,2025,2160,0,0,0.0,300.0,4,7,5,3,1,60.0,0,1804,0.0004,0,0,0,0,136
ca_mau,mild,FixedSchedule,0,320.0,awd,0.02,2025,2160,0,0,0.0,320.0,6,6,6,0,0,0.0,0,1861,0.0,1,0,0,1115,347
ca_mau,mild,FixedSchedule,1,320.0,awd,0.02,2025,2160,0,0,0.0,320.0,5,6,6,1,1,60.0,0,1864,0.0,1,0,0,1501,475
ca_mau,mild,FixedSchedule,2,320.0,awd,0.02,2025,2160,49,0,0.8888,320.0,4,6,6,2,3,140.0,0,1857,0.0,1,0,0,1626,609
ca_mau,mild,FixedSchedule,3,320.0,awd,0.02,2025,2160,49,0,0.8888,320.0,4,6,6,2,3,140.0,0,1824,0.0,1,0,0,1626,609
ca_mau,mild,FixedSchedule,4,320.0,awd,0.02,2025,2160,0,0,0.0,320.0,5,8,6,3,1,60.0,0,1831,0.7691,1,0,0,1501,475
ca_mau,mild,FixedSchedule,5,320.0,awd,0.02,2025,2160,0,0,0.0,320.0,5,6,6,1,2,80.0,0,1826,0.0,1,0,0,1501,475
ca_mau,mild,FixedSchedule,6,320.0,awd,0.02,2025,2160,121,0,5.6102,320.0,3,7,6,4,3,180.0,0,1835,6.0176,1,0,0,1715,720
ca_mau,mild,FixedSchedule,7,320.0,awd,0.02,2025,2160,49,0,0.8888,320.0,4,9,6,5,2,120.0,0,1839,0.5438,1,0,0,1626,609
ca_mau,mild,FixedSchedule,8,320.0,awd,0.02,2025,2160,0,0,0.0,320.0,5,7,6,2,1,60.0,0,1831,0.0,1,0,0,1501,475
ca_mau,mild,FixedSchedule,9,320.0,awd,0.02,2025,2160,0,0,0.0,320.0,5,6,6,1,1,60.0,0,1804,0.0,1,0,0,1501,475
ca_mau,mild,Oracle,0,320.0,awd,0.02,2025,2160,0,0,0.0,200.0,10,16,10,6,0,0.0,0,1861,1.0541,0,0,0,0,0
ca_mau,mild,Oracle,1,320.0,awd,0.02,2025,2160,0,0,0.0,200.0,10,21,10,11,1,20.0,0,1864,1.6074,0,0,0,0,0
ca_mau,mild,Oracle,2,320.0,awd,0.02,2025,2160,0,0,0.0,200.0,10,16,10,6,5,100.0,0,1857,1.1654,0,0,0,0,0
ca_mau,mild,Oracle,3,320.0,awd,0.02,2025,2160,0,0,0.0,200.0,10,13,10,3,4,80.0,0,1824,0.7574,0,0,0,0,0
ca_mau,mild,Oracle,4,320.0,awd,0.02,2025,2160,0,0,0.0,200.0,10,11,10,1,2,40.0,0,1831,0.4303,0,0,0,0,0
ca_mau,mild,Oracle,5,320.0,awd,0.02,2025,2160,0,0,0.0,200.0,10,13,10,3,4,80.0,0,1826,0.7784,0,0,0,0,0
ca_mau,mild,Oracle,6,320.0,awd,0.02,2025,2160,0,0,0.0,200.0,10,13,10,3,4,80.0,0,1835,0.7454,0,0,0,0,0
ca_mau,mild,Oracle,7,320.0,awd,0.02,2025,2160,0,0,0.0,200.0,10,11,10,1,3,60.0,0,1839,0.4303,0,0,0,0,0
ca_mau,mild,Oracle,8,320.0,awd,0.02,2025,2160,0,0,0.0,200.0,10,11,10,1,1,20.0,0,1831,0.4303,0,0,0,0,0
ca_mau,mild,Oracle,9,320.0,awd,0.02,2025,2160,0,0,0.0,200.0,10,14,10,4,2,40.0,0,1804,1.1076,0,0,0,0,0
ca_mau,mild,TwinGate+T2+centre,0,320.0,awd,0.02,2025,2160,0,0,0.0,140.0,10,13,7,3,0,0.0,80,1861,1.0541,6,0,6,62,369
ca_mau,mild,TwinGate+T2+centre,1,320.0,awd,0.02,2025,2160,0,0,0.0,140.0,7,9,7,2,1,20.0,83,1864,0.6086,3,0,3,27,297
ca_mau,mild,TwinGate+T2+centre,2,320.0,awd,0.02,2025,2160,0,0,0.0,160.0,5,9,8,4,4,80.0,85,1857,0.4303,1,0,1,12,154
ca_mau,mild,TwinGate+T2+centre,3,320.0,awd,0.02,2025,2160,0,0,0.0,180.0,6,10,9,4,4,80.0,84,1824,0.4303,1,0,1,13,186
ca_mau,mild,TwinGate+T2+centre,4,320.0,awd,0.02,2025,2160,0,0,0.0,160.0,7,9,8,2,2,40.0,83,1831,0.4218,4,0,4,41,256
ca_mau,mild,TwinGate+T2+centre,5,320.0,awd,0.02,2025,2160,0,0,0.0,140.0,7,11,7,4,2,40.0,83,1826,0.8607,2,0,2,70,284
ca_mau,mild,TwinGate+T2+centre,6,320.0,awd,0.02,2025,2160,0,0,0.0,180.0,6,11,9,5,5,100.0,84,1835,0.6086,3,0,3,31,215
ca_mau,mild,TwinGate+T2+centre,7,320.0,awd,0.02,2025,2160,0,0,0.0,160.0,7,12,8,5,3,60.0,83,1839,0.8607,3,0,3,32,248
ca_mau,mild,TwinGate+T2+centre,8,320.0,awd,0.02,2025,2160,0,0,0.0,160.0,7,9,8,2,1,20.0,83,1831,0.4303,3,0,3,30,264
ca_mau,mild,TwinGate+T2+centre,9,320.0,awd,0.02,2025,2160,0,0,0.0,160.0,7,9,8,2,2,40.0,83,1804,0.4294,4,0,4,41,256
ca_mau,mild,TwinGate+T2,0,320.0,mid,0.05,2025,2160,0,0,0.0,140.0,10,13,7,3,0,0.0,80,1861,1.0541,6,0,6,62,369
ca_mau,mild,TwinGate+T2,1,320.0,mid,0.05,2025,2160,0,0,0.0,140.0,7,9,7,2,1,20.0,83,1864,0.6086,3,0,3,27,297
ca_mau,mild,TwinGate+T2,2,320.0,mid,0.05,2025,2160,0,0,0.0,160.0,5,9,8,4,4,80.0,85,1857,0.4303,1,0,1,12,154
ca_mau,mild,TwinGate+T2,3,320.0,mid,0.05,2025,2160,0,0,0.0,180.0,6,10,9,4,4,80.0,84,1824,0.4303,1,0,1,13,186
ca_mau,mild,TwinGate+T2,4,320.0,mid,0.05,2025,2160,0,0,0.0,160.0,7,9,8,2,2,40.0,83,1831,0.4218,4,0,4,41,256
ca_mau,mild,TwinGate+T2,5,320.0,mid,0.05,2025,2160,0,0,0.0,140.0,7,11,7,4,2,40.0,83,1826,0.8607,2,0,2,70,284
ca_mau,mild,TwinGate+T2,6,320.0,mid,0.05,2025,2160,0,0,0.0,180.0,6,11,9,5,5,100.0,84,1835,0.6086,3,0,3,31,215
ca_mau,mild,TwinGate+T2,7,320.0,mid,0.05,2025,2160,0,0,0.0,160.0,7,12,8,5,3,60.0,83,1839,0.8607,3,0,3,32,248
ca_mau,mild,TwinGate+T2,8,320.0,mid,0.05,2025,2160,0,0,0.0,160.0,7,9,8,2,1,20.0,83,1831,0.4303,3,0,3,30,264
ca_mau,mild,TwinGate+T2,9,320.0,mid,0.05,2025,2160,0,0,0.0,160.0,7,9,8,2,2,40.0,83,1804,0.4294,4,0,4,41,256
ca_mau,mild,TwinGate+blindARQ,0,320.0,mid,0.05,2025,2160,0,0,0.0,180.0,8,15,9,7,1,20.0,82,1861,1.0541,4,0,4,41,291
ca_mau,mild,TwinGate+blindARQ,1,320.0,mid,0.05,2025,2160,0,0,0.0,160.0,7,10,8,3,1,20.0,83,1864,0.6086,3,0,3,27,261
ca_mau,mild,TwinGate+blindARQ,2,320.0,mid,0.05,2025,2160,0,0,0.0,220.0,4,11,11,7,7,140.0,86,1857,0.0,2,1,1,500,329
ca_mau,mild,TwinGate+blindARQ,3,320.0,mid,0.05,2025,2160,0,0,0.0,180.0,4,10,9,6,5,100.0,86,1824,0.4303,2,1,1,360,193
ca_mau,mild,TwinGate+blindARQ,4,320.0,mid,0.05,2025,2160,0,0,0.0,160.0,6,9,8,3,2,40.0,84,1831,0.4218,2,0,2,22,208
ca_mau,mild,TwinGate+blindARQ,5,320.0,mid,0.05,2025,2160,0,0,0.0,180.0,5,14,9,9,4,80.0,85,1826,0.9623,1,0,1,16,157
ca_mau,mild,TwinGate+blindARQ,6,320.0,mid,0.05,2025,2160,0,0,0.0,220.0,5,11,11,6,6,120.0,85,1835,0.0,3,0,3,108,301
ca_mau,mild,TwinGate+blindARQ,7,320.0,mid,0.05,2025,2160,0,0,0.0,180.0,5,14,9,9,4,80.0,85,1839,1.2921,2,0,2,23,200
ca_mau,mild,TwinGate+blindARQ,8,320.0,mid,0.05,2025,2160,0,0,0.0,160.0,7,9,8,2,1,20.0,83,1831,0.4303,3,0,3,30,264
ca_mau,mild,TwinGate+blindARQ,9,320.0,mid,0.05,2025,2160,0,0,0.0,160.0,6,10,8,4,2,40.0,84,1804,0.6073,2,0,2,22,188
ca_mau,mild,Reactive+T2,0,320.0,mid,0.05,2025,2160,0,0,0.0,240.0,5,6,4,1,0,0.0,0,1861,1.204,2,0,2,17,163
ca_mau,mild,Reactive+T2,1,320.0,mid,0.05,2025,2160,0,0,0.0,300.0,4,5,5,1,1,60.0,0,1864,0.0,0,0,0,0,136
ca_mau,mild,Reactive+T2,2,320.0,mid,0.05,2025,2160,0,0,0.0,300.0,5,7,5,2,2,120.0,0,1857,1.1931,1,0,1,12,160
ca_mau,mild,Reactive+T2,3,320.0,mid,0.05,2025,2160,0,0,0.0,300.0,4,5,5,1,2,120.0,0,1824,0.0,0,0,0,0,136
ca_mau,mild,Reactive+T2,4,320.0,mid,0.05,2025,2160,0,0,0.0,240.0,4,5,4,1,1,60.0,0,1831,0.0014,0,0,0,0,136
ca_mau,mild,Reactive+T2,5,320.0,mid,0.05,2025,2160,0,0,0.0,300.0,4,5,5,1,1,60.0,0,1826,0.0,0,0,0,0,136
ca_mau,mild,Reactive+T2,6,320.0,mid,0.05,2025,2160,0,0,0.0,320.0,5,9,6,4,2,120.0,0,1835,1.5215,2,0,2,19,234
ca_mau,mild,Reactive+T2,7,320.0,mid,0.05,2025,2160,0,0,0.0,320.0,5,8,6,3,2,120.0,0,1839,1.2204,2,0,2,18,233
ca_mau,mild,Reactive+T2,8,320.0,mid,0.05,2025,2160,0,0,0.0,240.0,4,5,4,1,0,0.0,0,1831,0.8436,0,0,0,0,137
ca_mau,mild,Reactive+T2,9,320.0,mid,0.05,2025,2160,0,0,0.0,240.0,4,5,4,1,1,60.0,0,1804,0.0,0,0,0,0,136
ca_mau,mild,Reactive+blindARQ,0,320.0,mid,0.05,2025,2160,0,0,0.0,240.0,4,9,4,5,0,0.0,0,1861,1.9444,0,0,0,0,140
ca_mau,mild,Reactive+blindARQ,1,320.0,mid,0.05,2025,2160,0,0,0.0,300.0,4,5,5,1,1,60.0,0,1864,0.0,0,0,0,0,136
ca_mau,mild,Reactive+blindARQ,2,320.0,mid,0.05,2025,2160,0,0,0.0,320.0,4,9,6,5,2,120.0,0,1857,0.7454,0,0,0,0,211
ca_mau,mild,Reactive+blindARQ,3,320.0,mid,0.05,2025,2160,0,0,0.0,320.0,4,6,6,2,3,140.0,0,1824,0.0,0,0,0,0,208
ca_mau,mild,Reactive+blindARQ,4,320.0,mid,0.05,2025,2160,0,0,0.0,300.0,4,6,5,2,1,60.0,0,1831,0.0014,0,0,0,0,135
ca_mau,mild,Reactive+blindARQ,5,320.0,mid,0.05,2025,2160,0,0,0.0,300.0,4,5,5,1,1,60.0,0,1826,0.0,0,0,0,0,136
ca_mau,mild,Reactive+blindARQ,6,320.0,mid,0.05,2025,2160,0,0,0.0,320.0,3,8,6,5,3,180.0,0,1835,1.2169,1,0,0,1473,503
ca_mau,mild,Reactive+blindARQ,7,320.0,mid,0.05,2025,2160,0,0,0.0,320.0,4,10,6,6,2,120.0,0,1839,1.7263,0,0,0,0,211
ca_mau,mild,Reactive+blindARQ,8,320.0,mid,0.05,2025,2160,0,0,0.0,300.0,4,6,5,2,1,60.0,0,1831,0.8436,0,0,0,0,137
ca_mau,mild,Reactive+blindARQ,9,320.0,mid,0.05,2025,2160,0,0,0.0,300.0,4,7,5,3,1,60.0,0,1804,0.0004,0,0,0,0,136
ca_mau,mild,FixedSchedule,0,320.0,mid,0.05,2025,2160,0,0,0.0,320.0,6,6,6,0,0,0.0,0,1861,0.0,1,0,0,1115,347
ca_mau,mild,FixedSchedule,1,320.0,mid,0.05,2025,2160,0,0,0.0,320.0,5,6,6,1,1,60.0,0,1864,0.0,1,0,0,1501,475
ca_mau,mild,FixedSchedule,2,320.0,mid,0.05,2025,2160,49,0,0.8888,320.0,4,6,6,2,3,140.0,0,1857,0.0,1,0,0,1626,609
ca_mau,mild,FixedSchedule,3,320.0,mid,0.05,2025,2160,49,0,0.8888,320.0,4,6,6,2,3,140.0,0,1824,0.0,1,0,0,1626,609
ca_mau,mild,FixedSchedule,4,320.0,mid,0.05,2025,2160,0,0,0.0,320.0,5,8,6,3,1,60.0,0,1831,0.7691,1,0,0,1501,475
ca_mau,mild,FixedSchedule,5,320.0,mid,0.05,2025,2160,0,0,0.0,320.0,5,6,6,1,2,80.0,0,1826,0.0,1,0,0,1501,475
ca_mau,mild,FixedSchedule,6,320.0,mid,0.05,2025,2160,121,0,5.6102,320.0,3,7,6,4,3,180.0,0,1835,6.0176,1,0,0,1715,720
ca_mau,mild,FixedSchedule,7,320.0,mid,0.05,2025,2160,49,0,0.8888,320.0,4,9,6,5,2,120.0,0,1839,0.5438,1,0,0,1626,609
ca_mau,mild,FixedSchedule,8,320.0,mid,0.05,2025,2160,0,0,0.0,320.0,5,7,6,2,1,60.0,0,1831,0.0,1,0,0,1501,475
ca_mau,mild,FixedSchedule,9,320.0,mid,0.05,2025,2160,0,0,0.0,320.0,5,6,6,1,1,60.0,0,1804,0.0,1,0,0,1501,475
ca_mau,mild,Oracle,0,320.0,mid,0.05,2025,2160,0,0,0.0,200.0,10,16,10,6,0,0.0,0,1861,1.0541,0,0,0,0,0
ca_mau,mild,Oracle,1,320.0,mid,0.05,2025,2160,0,0,0.0,200.0,10,21,10,11,1,20.0,0,1864,1.6074,0,0,0,0,0
ca_mau,mild,Oracle,2,320.0,mid,0.05,2025,2160,0,0,0.0,200.0,10,16,10,6,5,100.0,0,1857,1.1654,0,0,0,0,0
ca_mau,mild,Oracle,3,320.0,mid,0.05,2025,2160,0,0,0.0,200.0,10,13,10,3,4,80.0,0,1824,0.7574,0,0,0,0,0
ca_mau,mild,Oracle,4,320.0,mid,0.05,2025,2160,0,0,0.0,200.0,10,11,10,1,2,40.0,0,1831,0.4303,0,0,0,0,0
ca_mau,mild,Oracle,5,320.0,mid,0.05,2025,2160,0,0,0.0,200.0,10,13,10,3,4,80.0,0,1826,0.7784,0,0,0,0,0
ca_mau,mild,Oracle,6,320.0,mid,0.05,2025,2160,0,0,0.0,200.0,10,13,10,3,4,80.0,0,1835,0.7454,0,0,0,0,0
ca_mau,mild,Oracle,7,320.0,mid,0.05,2025,2160,0,0,0.0,200.0,10,11,10,1,3,60.0,0,1839,0.4303,0,0,0,0,0
ca_mau,mild,Oracle,8,320.0,mid,0.05,2025,2160,0,0,0.0,200.0,10,11,10,1,1,20.0,0,1831,0.4303,0,0,0,0,0
ca_mau,mild,Oracle,9,320.0,mid,0.05,2025,2160,0,0,0.0,200.0,10,14,10,4,2,40.0,0,1804,1.1076,0,0,0,0,0
ca_mau,mild,TwinGate+T2+centre,0,320.0,mid,0.05,2025,2160,0,0,0.0,140.0,10,13,7,3,0,0.0,80,1861,1.0541,6,0,6,62,369
ca_mau,mild,TwinGate+T2+centre,1,320.0,mid,0.05,2025,2160,0,0,0.0,140.0,7,9,7,2,1,20.0,83,1864,0.6086,3,0,3,27,297
ca_mau,mild,TwinGate+T2+centre,2,320.0,mid,0.05,2025,2160,0,0,0.0,160.0,5,9,8,4,4,80.0,85,1857,0.4303,1,0,1,12,154
ca_mau,mild,TwinGate+T2+centre,3,320.0,mid,0.05,2025,2160,0,0,0.0,180.0,6,10,9,4,4,80.0,84,1824,0.4303,1,0,1,13,186
ca_mau,mild,TwinGate+T2+centre,4,320.0,mid,0.05,2025,2160,0,0,0.0,160.0,7,9,8,2,2,40.0,83,1831,0.4218,4,0,4,41,256
ca_mau,mild,TwinGate+T2+centre,5,320.0,mid,0.05,2025,2160,0,0,0.0,140.0,7,11,7,4,2,40.0,83,1826,0.8607,2,0,2,70,284
ca_mau,mild,TwinGate+T2+centre,6,320.0,mid,0.05,2025,2160,0,0,0.0,180.0,6,11,9,5,5,100.0,84,1835,0.6086,3,0,3,31,215
ca_mau,mild,TwinGate+T2+centre,7,320.0,mid,0.05,2025,2160,0,0,0.0,160.0,7,12,8,5,3,60.0,83,1839,0.8607,3,0,3,32,248
ca_mau,mild,TwinGate+T2+centre,8,320.0,mid,0.05,2025,2160,0,0,0.0,160.0,7,9,8,2,1,20.0,83,1831,0.4303,3,0,3,30,264
ca_mau,mild,TwinGate+T2+centre,9,320.0,mid,0.05,2025,2160,0,0,0.0,160.0,7,9,8,2,2,40.0,83,1804,0.4294,4,0,4,41,256
ca_mau,mild,TwinGate+T2,0,320.0,narrow,0.1,2025,2160,0,0,0.0,120.0,6,7,6,1,0,0.0,84,1861,0.6085,6,1,5,307,562
ca_mau,mild,TwinGate+T2,1,320.0,narrow,0.1,2025,2160,0,0,0.0,120.0,7,9,6,2,1,20.0,83,1864,0.7454,6,1,5,289,558
ca_mau,mild,TwinGate+T2,2,320.0,narrow,0.1,2025,2160,0,0,0.0,140.0,6,10,7,4,4,80.0,84,1857,0.7454,5,1,4,312,489
ca_mau,mild,TwinGate+T2,3,320.0,narrow,0.1,2025,2160,0,0,0.0,140.0,6,10,7,4,4,80.0,84,1824,1.0541,5,1,4,311,488
ca_mau,mild,TwinGate+T2,4,320.0,narrow,0.1,2025,2160,0,0,0.0,120.0,7,10,6,3,1,20.0,83,1831,1.1385,5,1,4,281,501
ca_mau,mild,TwinGate+T2,5,320.0,narrow,0.1,2025,2160,0,0,0.0,140.0,7,12,7,5,3,60.0,83,1826,1.054,5,1,4,319,505
ca_mau,mild,TwinGate+T2,6,320.0,narrow,0.1,2025,2160,0,0,0.0,140.0,4,7,7,3,4,80.0,86,1835,0.0,4,1,3,547,428
ca_mau,mild,TwinGate+T2,7,320.0,narrow,0.1,2025,2160,0,0,0.0,120.0,8,13,6,5,0,0.0,82,1839,1.4272,6,1,5,315,564
ca_mau,mild,TwinGate+T2,8,320.0,narrow,0.1,2025,2160,0,0,0.0,120.0,5,6,6,1,1,20.0,85,1831,0.0,5,1,4,313,530
ca_mau,mild,TwinGate+T2,9,320.0,narrow,0.1,2025,2160,0,0,0.0,120.0,7,10,6,3,1,20.0,83,1804,1.6099,5,1,4,319,523
ca_mau,mild,TwinGate+blindARQ,0,320.0,narrow,0.1,2025,2160,0,0,0.0,120.0,6,7,6,1,0,0.0,84,1861,0.6085,6,1,5,307,562
ca_mau,mild,TwinGate+blindARQ,1,320.0,narrow,0.1,2025,2160,0,0,0.0,120.0,5,12,6,7,1,20.0,85,1864,1.5838,5,1,4,298,513
ca_mau,mild,TwinGate+blindARQ,2,320.0,narrow,0.1,2025,2160,0,0,0.0,220.0,4,15,11,11,7,140.0,86,1857,0.8607,4,1,3,235,393
ca_mau,mild,TwinGate+blindARQ,3,320.0,narrow,0.1,2025,2160,0,0,0.0,180.0,4,15,9,11,5,100.0,86,1824,1.2251,4,1,3,238,375
ca_mau,mild,TwinGate+blindARQ,4,320.0,narrow,0.1,2025,2160,0,0,0.0,120.0,5,9,6,4,1,20.0,85,1831,1.0541,5,1,4,551,479
ca_mau,mild,TwinGate+blindARQ,5,320.0,narrow,0.1,2025,2160,0,0,0.0,180.0,5,13,9,8,4,80.0,85,1826,0.9622,5,1,4,278,437
ca_mau,mild,TwinGate+blindARQ,6,320.0,narrow,0.1,2025,2160,0,0,0.0,200.0,4,14,10,10,6,120.0,86,1835,0.0013,4,1,3,259,403
ca_mau,mild,TwinGate+blindARQ,7,320.0,narrow,0.1,2025,2160,0,0,0.0,140.0,4,10,7,6,3,60.0,86,1839,0.8607,4,1,3,548,429
ca_mau,mild,TwinGate+blindARQ,8,320.0,narrow,0.1,2025,2160,0,0,0.0,120.0,5,6,6,1,1,20.0,85,1831,0.0,5,1,4,313,530
ca_mau,mild,TwinGate+blindARQ,9,320.0,narrow,0.1,2025,2160,0,0,0.0,120.0,5,16,6,11,1,20.0,85,1804,2.0879,5,1,4,575,483
ca_mau,mild,Reactive+T2,0,320.0,narrow,0.1,2025,2160,0,0,0.0,240.0,5,6,4,1,0,0.0,0,1861,1.204,2,0,2,17,163
ca_mau,mild,Reactive+T2,1,320.0,narrow,0.1,2025,2160,0,0,0.0,300.0,4,5,5,1,1,60.0,0,1864,0.0,0,0,0,0,136
ca_mau,mild,Reactive+T2,2,320.0,narrow,0.1,2025,2160,0,0,0.0,300.0,5,7,5,2,2,120.0,0,1857,1.1931,1,0,1,12,160
ca_mau,mild,Reactive+T2,3,320.0,narrow,0.1,2025,2160,0,0,0.0,300.0,4,5,5,1,2,120.0,0,1824,0.0,0,0,0,0,136
ca_mau,mild,Reactive+T2,4,320.0,narrow,0.1,2025,2160,0,0,0.0,240.0,4,5,4,1,1,60.0,0,1831,0.0014,0,0,0,0,136
ca_mau,mild,Reactive+T2,5,320.0,narrow,0.1,2025,2160,0,0,0.0,300.0,4,5,5,1,1,60.0,0,1826,0.0,0,0,0,0,136
ca_mau,mild,Reactive+T2,6,320.0,narrow,0.1,2025,2160,0,0,0.0,320.0,5,9,6,4,2,120.0,0,1835,1.5215,2,0,2,19,234
ca_mau,mild,Reactive+T2,7,320.0,narrow,0.1,2025,2160,0,0,0.0,320.0,5,8,6,3,2,120.0,0,1839,1.2204,2,0,2,18,233
ca_mau,mild,Reactive+T2,8,320.0,narrow,0.1,2025,2160,0,0,0.0,240.0,4,5,4,1,0,0.0,0,1831,0.8436,0,0,0,0,137
ca_mau,mild,Reactive+T2,9,320.0,narrow,0.1,2025,2160,0,0,0.0,240.0,4,5,4,1,1,60.0,0,1804,0.0,0,0,0,0,136
ca_mau,mild,Reactive+blindARQ,0,320.0,narrow,0.1,2025,2160,0,0,0.0,240.0,4,9,4,5,0,0.0,0,1861,1.9444,0,0,0,0,140
ca_mau,mild,Reactive+blindARQ,1,320.0,narrow,0.1,2025,2160,0,0,0.0,300.0,4,5,5,1,1,60.0,0,1864,0.0,0,0,0,0,136
ca_mau,mild,Reactive+blindARQ,2,320.0,narrow,0.1,2025,2160,0,0,0.0,320.0,4,9,6,5,2,120.0,0,1857,0.7454,0,0,0,0,211
ca_mau,mild,Reactive+blindARQ,3,320.0,narrow,0.1,2025,2160,0,0,0.0,320.0,4,6,6,2,3,140.0,0,1824,0.0,0,0,0,0,208
ca_mau,mild,Reactive+blindARQ,4,320.0,narrow,0.1,2025,2160,0,0,0.0,300.0,4,6,5,2,1,60.0,0,1831,0.0014,0,0,0,0,135
ca_mau,mild,Reactive+blindARQ,5,320.0,narrow,0.1,2025,2160,0,0,0.0,300.0,4,5,5,1,1,60.0,0,1826,0.0,0,0,0,0,136
ca_mau,mild,Reactive+blindARQ,6,320.0,narrow,0.1,2025,2160,0,0,0.0,320.0,3,8,6,5,3,180.0,0,1835,1.2169,1,0,0,1473,503
ca_mau,mild,Reactive+blindARQ,7,320.0,narrow,0.1,2025,2160,0,0,0.0,320.0,4,10,6,6,2,120.0,0,1839,1.7263,0,0,0,0,211
ca_mau,mild,Reactive+blindARQ,8,320.0,narrow,0.1,2025,2160,0,0,0.0,300.0,4,6,5,2,1,60.0,0,1831,0.8436,0,0,0,0,137
ca_mau,mild,Reactive+blindARQ,9,320.0,narrow,0.1,2025,2160,0,0,0.0,300.0,4,7,5,3,1,60.0,0,1804,0.0004,0,0,0,0,136
ca_mau,mild,FixedSchedule,0,320.0,narrow,0.1,2025,2160,0,0,0.0,320.0,6,6,6,0,0,0.0,0,1861,0.0,1,0,0,1115,347
ca_mau,mild,FixedSchedule,1,320.0,narrow,0.1,2025,2160,0,0,0.0,320.0,5,6,6,1,1,60.0,0,1864,0.0,1,0,0,1501,475
ca_mau,mild,FixedSchedule,2,320.0,narrow,0.1,2025,2160,49,0,0.8888,320.0,4,6,6,2,3,140.0,0,1857,0.0,1,0,0,1626,609
ca_mau,mild,FixedSchedule,3,320.0,narrow,0.1,2025,2160,49,0,0.8888,320.0,4,6,6,2,3,140.0,0,1824,0.0,1,0,0,1626,609
ca_mau,mild,FixedSchedule,4,320.0,narrow,0.1,2025,2160,0,0,0.0,320.0,5,8,6,3,1,60.0,0,1831,0.7691,1,0,0,1501,475
ca_mau,mild,FixedSchedule,5,320.0,narrow,0.1,2025,2160,0,0,0.0,320.0,5,6,6,1,2,80.0,0,1826,0.0,1,0,0,1501,475
ca_mau,mild,FixedSchedule,6,320.0,narrow,0.1,2025,2160,121,0,5.6102,320.0,3,7,6,4,3,180.0,0,1835,6.0176,1,0,0,1715,720
ca_mau,mild,FixedSchedule,7,320.0,narrow,0.1,2025,2160,49,0,0.8888,320.0,4,9,6,5,2,120.0,0,1839,0.5438,1,0,0,1626,609
ca_mau,mild,FixedSchedule,8,320.0,narrow,0.1,2025,2160,0,0,0.0,320.0,5,7,6,2,1,60.0,0,1831,0.0,1,0,0,1501,475
ca_mau,mild,FixedSchedule,9,320.0,narrow,0.1,2025,2160,0,0,0.0,320.0,5,6,6,1,1,60.0,0,1804,0.0,1,0,0,1501,475
ca_mau,mild,Oracle,0,320.0,narrow,0.1,2025,2160,0,0,0.0,200.0,10,16,10,6,0,0.0,0,1861,1.0541,0,0,0,0,0
ca_mau,mild,Oracle,1,320.0,narrow,0.1,2025,2160,0,0,0.0,200.0,10,21,10,11,1,20.0,0,1864,1.6074,0,0,0,0,0
ca_mau,mild,Oracle,2,320.0,narrow,0.1,2025,2160,0,0,0.0,200.0,10,16,10,6,5,100.0,0,1857,1.1654,0,0,0,0,0
ca_mau,mild,Oracle,3,320.0,narrow,0.1,2025,2160,0,0,0.0,200.0,10,13,10,3,4,80.0,0,1824,0.7574,0,0,0,0,0
ca_mau,mild,Oracle,4,320.0,narrow,0.1,2025,2160,0,0,0.0,200.0,10,11,10,1,2,40.0,0,1831,0.4303,0,0,0,0,0
ca_mau,mild,Oracle,5,320.0,narrow,0.1,2025,2160,0,0,0.0,200.0,10,13,10,3,4,80.0,0,1826,0.7784,0,0,0,0,0
ca_mau,mild,Oracle,6,320.0,narrow,0.1,2025,2160,0,0,0.0,200.0,10,13,10,3,4,80.0,0,1835,0.7454,0,0,0,0,0
ca_mau,mild,Oracle,7,320.0,narrow,0.1,2025,2160,0,0,0.0,200.0,10,11,10,1,3,60.0,0,1839,0.4303,0,0,0,0,0
ca_mau,mild,Oracle,8,320.0,narrow,0.1,2025,2160,0,0,0.0,200.0,10,11,10,1,1,20.0,0,1831,0.4303,0,0,0,0,0
ca_mau,mild,Oracle,9,320.0,narrow,0.1,2025,2160,0,0,0.0,200.0,10,14,10,4,2,40.0,0,1804,1.1076,0,0,0,0,0
ca_mau,mild,TwinGate+T2+centre,0,320.0,narrow,0.1,2025,2160,0,0,0.0,120.0,6,7,6,1,0,0.0,84,1861,0.6085,6,1,5,307,562
ca_mau,mild,TwinGate+T2+centre,1,320.0,narrow,0.1,2025,2160,0,0,0.0,120.0,7,9,6,2,1,20.0,83,1864,0.7454,6,1,5,289,558
ca_mau,mild,TwinGate+T2+centre,2,320.0,narrow,0.1,2025,2160,0,0,0.0,140.0,6,10,7,4,4,80.0,84,1857,0.7454,5,1,4,312,489
ca_mau,mild,TwinGate+T2+centre,3,320.0,narrow,0.1,2025,2160,0,0,0.0,140.0,6,10,7,4,4,80.0,84,1824,1.0541,5,1,4,311,488
ca_mau,mild,TwinGate+T2+centre,4,320.0,narrow,0.1,2025,2160,0,0,0.0,120.0,7,10,6,3,1,20.0,83,1831,1.1385,5,1,4,281,501
ca_mau,mild,TwinGate+T2+centre,5,320.0,narrow,0.1,2025,2160,0,0,0.0,140.0,7,12,7,5,3,60.0,83,1826,1.054,5,1,4,319,505
ca_mau,mild,TwinGate+T2+centre,6,320.0,narrow,0.1,2025,2160,0,0,0.0,140.0,4,7,7,3,4,80.0,86,1835,0.0,4,1,3,547,428
ca_mau,mild,TwinGate+T2+centre,7,320.0,narrow,0.1,2025,2160,0,0,0.0,120.0,8,13,6,5,0,0.0,82,1839,1.4272,6,1,5,315,564
ca_mau,mild,TwinGate+T2+centre,8,320.0,narrow,0.1,2025,2160,0,0,0.0,120.0,5,6,6,1,1,20.0,85,1831,0.0,5,1,4,313,530
ca_mau,mild,TwinGate+T2+centre,9,320.0,narrow,0.1,2025,2160,0,0,0.0,120.0,7,10,6,3,1,20.0,83,1804,1.6099,5,1,4,319,523
ca_mau,mild,TwinGate+T2,0,400.0,awd,0.02,2025,2160,0,0,0.0,140.0,10,13,7,3,0,0.0,80,1861,1.0541,6,0,6,62,369
ca_mau,mild,TwinGate+T2,1,400.0,awd,0.02,2025,2160,0,0,0.0,140.0,7,9,7,2,1,20.0,83,1864,0.6086,3,0,3,27,297
ca_mau,mild,TwinGate+T2,2,400.0,awd,0.02,2025,2160,0,0,0.0,160.0,5,9,8,4,4,80.0,85,1857,0.4303,1,0,1,12,154
ca_mau,mild,TwinGate+T2,3,400.0,awd,0.02,2025,2160,0,0,0.0,180.0,6,10,9,4,4,80.0,84,1824,0.4303,1,0,1,13,186
ca_mau,mild,TwinGate+T2,4,400.0,awd,0.02,2025,2160,0,0,0.0,160.0,7,9,8,2,2,40.0,83,1831,0.4218,4,0,4,41,256
ca_mau,mild,TwinGate+T2,5,400.0,awd,0.02,2025,2160,0,0,0.0,140.0,7,11,7,4,2,40.0,83,1826,0.8607,2,0,2,70,284
ca_mau,mild,TwinGate+T2,6,400.0,awd,0.02,2025,2160,0,0,0.0,180.0,6,11,9,5,5,100.0,84,1835,0.6086,3,0,3,31,215
ca_mau,mild,TwinGate+T2,7,400.0,awd,0.02,2025,2160,0,0,0.0,160.0,7,12,8,5,3,60.0,83,1839,0.8607,3,0,3,32,248
ca_mau,mild,TwinGate+T2,8,400.0,awd,0.02,2025,2160,0,0,0.0,160.0,7,9,8,2,1,20.0,83,1831,0.4303,3,0,3,30,264
ca_mau,mild,TwinGate+T2,9,400.0,awd,0.02,2025,2160,0,0,0.0,160.0,7,9,8,2,2,40.0,83,1804,0.4294,4,0,4,41,256
ca_mau,mild,TwinGate+blindARQ,0,400.0,awd,0.02,2025,2160,0,0,0.0,180.0,8,15,9,7,1,20.0,82,1861,1.0541,4,0,4,41,291
ca_mau,mild,TwinGate+blindARQ,1,400.0,awd,0.02,2025,2160,0,0,0.0,160.0,7,10,8,3,1,20.0,83,1864,0.6086,3,0,3,27,261
ca_mau,mild,TwinGate+blindARQ,2,400.0,awd,0.02,2025,2160,0,0,0.0,280.0,6,17,14,11,8,160.0,84,1857,0.6032,2,0,2,23,188
ca_mau,mild,TwinGate+blindARQ,3,400.0,awd,0.02,2025,2160,0,0,0.0,220.0,6,15,11,9,5,100.0,84,1824,0.9622,2,0,2,27,191
ca_mau,mild,TwinGate+blindARQ,4,400.0,awd,0.02,2025,2160,0,0,0.0,160.0,6,9,8,3,2,40.0,84,1831,0.4218,2,0,2,22,208
ca_mau,mild,TwinGate+blindARQ,5,400.0,awd,0.02,2025,2160,0,0,0.0,180.0,5,14,9,9,4,80.0,85,1826,0.9623,1,0,1,16,157
ca_mau,mild,TwinGate+blindARQ,6,400.0,awd,0.02,2025,2160,0,0,0.0,260.0,6,15,13,9,7,140.0,84,1835,0.6086,3,0,3,35,233
ca_mau,mild,TwinGate+blindARQ,7,400.0,awd,0.02,2025,2160,0,0,0.0,180.0,5,14,9,9,4,80.0,85,1839,1.2921,2,0,2,23,200
ca_mau,mild,TwinGate+blindARQ,8,400.0,awd,0.02,2025,2160,0,0,0.0,160.0,7,9,8,2,1,20.0,83,1831,0.4303,3,0,3,30,264
ca_mau,mild,TwinGate+blindARQ,9,400.0,awd,0.02,2025,2160,0,0,0.0,160.0,6,10,8,4,2,40.0,84,1804,0.6073,2,0,2,22,188
ca_mau,mild,Reactive+T2,0,400.0,awd,0.02,2025,2160,0,0,0.0,240.0,5,6,4,1,0,0.0,0,1861,1.204,2,0,2,17,163
ca_mau,mild,Reactive+T2,1,400.0,awd,0.02,2025,2160,0,0,0.0,300.0,4,5,5,1,1,60.0,0,1864,0.0,0,0,0,0,136
ca_mau,mild,Reactive+T2,2,400.0,awd,0.02,2025,2160,0,0,0.0,360.0,5,8,6,3,3,180.0,0,1857,1.1931,1,0,1,12,160
ca_mau,mild,Reactive+T2,3,400.0,awd,0.02,2025,2160,0,0,0.0,360.0,4,6,6,2,3,180.0,0,1824,0.0,0,0,0,0,136
ca_mau,mild,Reactive+T2,4,400.0,awd,0.02,2025,2160,0,0,0.0,240.0,4,5,4,1,1,60.0,0,1831,0.0014,0,0,0,0,136
ca_mau,mild,Reactive+T2,5,400.0,awd,0.02,2025,2160,0,0,0.0,360.0,4,6,6,2,2,120.0,0,1826,0.0,0,0,0,0,136
ca_mau,mild,Reactive+T2,6,400.0,awd,0.02,2025,2160,0,0,0.0,360.0,5,9,6,4,2,120.0,0,1835,1.5215,2,0,2,19,162
ca_mau,mild,Reactive+T2,7,400.0,awd,0.02,2025,2160,0,0,0.0,360.0,5,8,6,3,2,120.0,0,1839,1.2204,2,0,2,18,161
ca_mau,mild,Reactive+T2,8,400.0,awd,0.02,2025,2160,0,0,0.0,240.0,4,5,4,1,0,0.0,0,1831,0.8436,0,0,0,0,137
ca_mau,mild,Reactive+T2,9,400.0,awd,0.02,2025,2160,0,0,0.0,240.0,4,5,4,1,1,60.0,0,1804,0.0,0,0,0,0,136
ca_mau,mild,Reactive+blindARQ,0,400.0,awd,0.02,2025,2160,0,0,0.0,240.0,4,9,4,5,0,0.0,0,1861,1.9444,0,0,0,0,140
ca_mau,mild,Reactive+blindARQ,1,400.0,awd,0.02,2025,2160,0,0,0.0,300.0,4,5,5,1,1,60.0,0,1864,0.0,0,0,0,0,136
ca_mau,mild,Reactive+blindARQ,2,400.0,awd,0.02,2025,2160,0,0,0.0,400.0,4,10,7,6,3,180.0,0,1857,1.4612,0,0,0,0,139
ca_mau,mild,Reactive+blindARQ,3,400.0,awd,0.02,2025,2160,0,0,0.0,400.0,4,7,7,3,4,220.0,0,1824,0.0,0,0,0,0,136
ca_mau,mild,Reactive+blindARQ,4,400.0,awd,0.02,2025,2160,0,0,0.0,300.0,4,6,5,2,1,60.0,0,1831,0.0014,0,0,0,0,135
ca_mau,mild,Reactive+blindARQ,5,400.0,awd,0.02,2025,2160,0,0,0.0,360.0,4,6,6,2,2,120.0,0,1826,0.0,0,0,0,0,136
ca_mau,mild,Reactive+blindARQ,6,400.0,awd,0.02,2025,2160,0,0,0.0,400.0,4,9,7,5,4,220.0,0,1835,1.2169,0,0,0,0,137
ca_mau,mild,Reactive+blindARQ,7,400.0,awd,0.02,2025,2160,0,0,0.0,360.0,4,10,6,6,2,120.0,0,1839,1.7263,0,0,0,0,139
ca_mau,mild,Reactive+blindARQ,8,400.0,awd,0.02,2025,2160,0,0,0.0,300.0,4,6,5,2,1,60.0,0,1831,0.8436,0,0,0,0,137
ca_mau,mild,Reactive+blindARQ,9,400.0,awd,0.02,2025,2160,0,0,0.0,300.0,4,7,5,3,1,60.0,0,1804,0.0004,0,0,0,0,136
ca_mau,mild,FixedSchedule,0,400.0,awd,0.02,2025,2160,0,0,0.0,400.0,7,10,7,3,0,0.0,0,1861,1.0195,0,0,0,0,31
ca_mau,mild,FixedSchedule,1,400.0,awd,0.02,2025,2160,0,0,0.0,400.0,6,7,7,1,1,60.0,0,1864,0.0,1,0,0,1115,325
ca_mau,mild,FixedSchedule,2,400.0,awd,0.02,2025,2160,0,0,0.0,400.0,4,8,7,4,4,220.0,0,1857,0.001,1,0,0,1543,511
ca_mau,mild,FixedSchedule,3,400.0,awd,0.02,2025,2160,0,0,0.0,400.0,4,7,7,3,4,220.0,0,1824,0.0,1,0,0,1543,511
ca_mau,mild,FixedSchedule,4,400.0,awd,0.02,2025,2160,0,0,0.0,400.0,6,12,7,6,1,60.0,0,1831,1.6296,1,0,0,1115,328
ca_mau,mild,FixedSchedule,5,400.0,awd,0.02,2025,2160,0,0,0.0,400.0,5,7,7,2,3,160.0,0,1826,0.0,1,0,0,1115,369
ca_mau,mild,FixedSchedule,6,400.0,awd,0.02,2025,2160,0,0,0.0,400.0,4,7,7,3,4,220.0,0,1835,0.0,1,0,0,1543,511
ca_mau,mild,FixedSchedule,7,400.0,awd,0.02,2025,2160,0,0,0.0,400.0,5,13,7,8,3,160.0,0,1839,1.1693,1,0,0,1115,369
ca_mau,mild,FixedSchedule,8,400.0,awd,0.02,2025,2160,0,0,0.0,400.0,6,10,7,4,1,60.0,0,1831,1.173,1,0,0,1115,327
ca_mau,mild,FixedSchedule,9,400.0,awd,0.02,2025,2160,0,0,0.0,400.0,6,8,7,2,1,60.0,0,1804,0.4967,1,0,0,1115,325
ca_mau,mild,Oracle,0,400.0,awd,0.02,2025,2160,0,0,0.0,200.0,10,16,10,6,0,0.0,0,1861,1.0541,0,0,0,0,0
ca_mau,mild,Oracle,1,400.0,awd,0.02,2025,2160,0,0,0.0,200.0,10,21,10,11,1,20.0,0,1864,1.6074,0,0,0,0,0
ca_mau,mild,Oracle,2,400.0,awd,0.02,2025,2160,0,0,0.0,200.0,10,11,10,1,6,120.0,0,1857,0.4303,0,0,0,0,0
ca_mau,mild,Oracle,3,400.0,awd,0.02,2025,2160,0,0,0.0,200.0,10,13,10,3,4,80.0,0,1824,0.7574,0,0,0,0,0
ca_mau,mild,Oracle,4,400.0,awd,0.02,2025,2160,0,0,0.0,200.0,10,13,10,3,2,40.0,0,1831,0.7454,0,0,0,0,0
ca_mau,mild,Oracle,5,400.0,awd,0.02,2025,2160,0,0,0.0,200.0,10,12,10,2,4,80.0,0,1826,0.6486,0,0,0,0,0
ca_mau,mild,Oracle,6,400.0,awd,0.02,2025,2160,0,0,0.0,200.0,10,13,10,3,4,80.0,0,1835,0.7454,0,0,0,0,0
ca_mau,mild,Oracle,7,400.0,awd,0.02,2025,2160,0,0,0.0,200.0,10,12,10,2,3,60.0,0,1839,0.6086,0,0,0,0,0
ca_mau,mild,Oracle,8,400.0,awd,0.02,2025,2160,0,0,0.0,200.0,10,11,10,1,1,20.0,0,1831,0.4303,0,0,0,0,0
ca_mau,mild,Oracle,9,400.0,awd,0.02,2025,2160,0,0,0.0,200.0,10,14,10,4,2,40.0,0,1804,1.1076,0,0,0,0,0
ca_mau,mild,TwinGate+T2+centre,0,400.0,awd,0.02,2025,2160,0,0,0.0,140.0,10,13,7,3,0,0.0,80,1861,1.0541,6,0,6,62,369
ca_mau,mild,TwinGate+T2+centre,1,400.0,awd,0.02,2025,2160,0,0,0.0,140.0,7,9,7,2,1,20.0,83,1864,0.6086,3,0,3,27,297
ca_mau,mild,TwinGate+T2+centre,2,400.0,awd,0.02,2025,2160,0,0,0.0,160.0,5,9,8,4,4,80.0,85,1857,0.4303,1,0,1,12,154
ca_mau,mild,TwinGate+T2+centre,3,400.0,awd,0.02,2025,2160,0,0,0.0,180.0,6,10,9,4,4,80.0,84,1824,0.4303,1,0,1,13,186
ca_mau,mild,TwinGate+T2+centre,4,400.0,awd,0.02,2025,2160,0,0,0.0,160.0,7,9,8,2,2,40.0,83,1831,0.4218,4,0,4,41,256
ca_mau,mild,TwinGate+T2+centre,5,400.0,awd,0.02,2025,2160,0,0,0.0,140.0,7,11,7,4,2,40.0,83,1826,0.8607,2,0,2,70,284
ca_mau,mild,TwinGate+T2+centre,6,400.0,awd,0.02,2025,2160,0,0,0.0,180.0,6,11,9,5,5,100.0,84,1835,0.6086,3,0,3,31,215
ca_mau,mild,TwinGate+T2+centre,7,400.0,awd,0.02,2025,2160,0,0,0.0,160.0,7,12,8,5,3,60.0,83,1839,0.8607,3,0,3,32,248
ca_mau,mild,TwinGate+T2+centre,8,400.0,awd,0.02,2025,2160,0,0,0.0,160.0,7,9,8,2,1,20.0,83,1831,0.4303,3,0,3,30,264
ca_mau,mild,TwinGate+T2+centre,9,400.0,awd,0.02,2025,2160,0,0,0.0,160.0,7,9,8,2,2,40.0,83,1804,0.4294,4,0,4,41,256
ca_mau,mild,TwinGate+T2,0,400.0,mid,0.05,2025,2160,0,0,0.0,140.0,10,13,7,3,0,0.0,80,1861,1.0541,6,0,6,62,369
ca_mau,mild,TwinGate+T2,1,400.0,mid,0.05,2025,2160,0,0,0.0,140.0,7,9,7,2,1,20.0,83,1864,0.6086,3,0,3,27,297
ca_mau,mild,TwinGate+T2,2,400.0,mid,0.05,2025,2160,0,0,0.0,160.0,5,9,8,4,4,80.0,85,1857,0.4303,1,0,1,12,154
ca_mau,mild,TwinGate+T2,3,400.0,mid,0.05,2025,2160,0,0,0.0,180.0,6,10,9,4,4,80.0,84,1824,0.4303,1,0,1,13,186
ca_mau,mild,TwinGate+T2,4,400.0,mid,0.05,2025,2160,0,0,0.0,160.0,7,9,8,2,2,40.0,83,1831,0.4218,4,0,4,41,256
ca_mau,mild,TwinGate+T2,5,400.0,mid,0.05,2025,2160,0,0,0.0,140.0,7,11,7,4,2,40.0,83,1826,0.8607,2,0,2,70,284
ca_mau,mild,TwinGate+T2,6,400.0,mid,0.05,2025,2160,0,0,0.0,180.0,6,11,9,5,5,100.0,84,1835,0.6086,3,0,3,31,215
ca_mau,mild,TwinGate+T2,7,400.0,mid,0.05,2025,2160,0,0,0.0,160.0,7,12,8,5,3,60.0,83,1839,0.8607,3,0,3,32,248
ca_mau,mild,TwinGate+T2,8,400.0,mid,0.05,2025,2160,0,0,0.0,160.0,7,9,8,2,1,20.0,83,1831,0.4303,3,0,3,30,264
ca_mau,mild,TwinGate+T2,9,400.0,mid,0.05,2025,2160,0,0,0.0,160.0,7,9,8,2,2,40.0,83,1804,0.4294,4,0,4,41,256
ca_mau,mild,TwinGate+blindARQ,0,400.0,mid,0.05,2025,2160,0,0,0.0,180.0,8,15,9,7,1,20.0,82,1861,1.0541,4,0,4,41,291
ca_mau,mild,TwinGate+blindARQ,1,400.0,mid,0.05,2025,2160,0,0,0.0,160.0,7,10,8,3,1,20.0,83,1864,0.6086,3,0,3,27,261
ca_mau,mild,TwinGate+blindARQ,2,400.0,mid,0.05,2025,2160,0,0,0.0,280.0,6,17,14,11,8,160.0,84,1857,0.6032,2,0,2,23,188
ca_mau,mild,TwinGate+blindARQ,3,400.0,mid,0.05,2025,2160,0,0,0.0,220.0,6,15,11,9,5,100.0,84,1824,0.9622,2,0,2,27,191
ca_mau,mild,TwinGate+blindARQ,4,400.0,mid,0.05,2025,2160,0,0,0.0,160.0,6,9,8,3,2,40.0,84,1831,0.4218,2,0,2,22,208
ca_mau,mild,TwinGate+blindARQ,5,400.0,mid,0.05,2025,2160,0,0,0.0,180.0,5,14,9,9,4,80.0,85,1826,0.9623,1,0,1,16,157
ca_mau,mild,TwinGate+blindARQ,6,400.0,mid,0.05,2025,2160,0,0,0.0,260.0,6,15,13,9,7,140.0,84,1835,0.6086,3,0,3,35,233
ca_mau,mild,TwinGate+blindARQ,7,400.0,mid,0.05,2025,2160,0,0,0.0,180.0,5,14,9,9,4,80.0,85,1839,1.2921,2,0,2,23,200
ca_mau,mild,TwinGate+blindARQ,8,400.0,mid,0.05,2025,2160,0,0,0.0,160.0,7,9,8,2,1,20.0,83,1831,0.4303,3,0,3,30,264
ca_mau,mild,TwinGate+blindARQ,9,400.0,mid,0.05,2025,2160,0,0,0.0,160.0,6,10,8,4,2,40.0,84,1804,0.6073,2,0,2,22,188
ca_mau,mild,Reactive+T2,0,400.0,mid,0.05,2025,2160,0,0,0.0,240.0,5,6,4,1,0,0.0,0,1861,1.204,2,0,2,17,163
ca_mau,mild,Reactive+T2,1,400.0,mid,0.05,2025,2160,0,0,0.0,300.0,4,5,5,1,1,60.0,0,1864,0.0,0,0,0,0,136
ca_mau,mild,Reactive+T2,2,400.0,mid,0.05,2025,2160,0,0,0.0,360.0,5,8,6,3,3,180.0,0,1857,1.1931,1,0,1,12,160
ca_mau,mild,Reactive+T2,3,400.0,mid,0.05,2025,2160,0,0,0.0,360.0,4,6,6,2,3,180.0,0,1824,0.0,0,0,0,0,136
ca_mau,mild,Reactive+T2,4,400.0,mid,0.05,2025,2160,0,0,0.0,240.0,4,5,4,1,1,60.0,0,1831,0.0014,0,0,0,0,136
ca_mau,mild,Reactive+T2,5,400.0,mid,0.05,2025,2160,0,0,0.0,360.0,4,6,6,2,2,120.0,0,1826,0.0,0,0,0,0,136
ca_mau,mild,Reactive+T2,6,400.0,mid,0.05,2025,2160,0,0,0.0,360.0,5,9,6,4,2,120.0,0,1835,1.5215,2,0,2,19,162
ca_mau,mild,Reactive+T2,7,400.0,mid,0.05,2025,2160,0,0,0.0,360.0,5,8,6,3,2,120.0,0,1839,1.2204,2,0,2,18,161
ca_mau,mild,Reactive+T2,8,400.0,mid,0.05,2025,2160,0,0,0.0,240.0,4,5,4,1,0,0.0,0,1831,0.8436,0,0,0,0,137
ca_mau,mild,Reactive+T2,9,400.0,mid,0.05,2025,2160,0,0,0.0,240.0,4,5,4,1,1,60.0,0,1804,0.0,0,0,0,0,136
ca_mau,mild,Reactive+blindARQ,0,400.0,mid,0.05,2025,2160,0,0,0.0,240.0,4,9,4,5,0,0.0,0,1861,1.9444,0,0,0,0,140
ca_mau,mild,Reactive+blindARQ,1,400.0,mid,0.05,2025,2160,0,0,0.0,300.0,4,5,5,1,1,60.0,0,1864,0.0,0,0,0,0,136
ca_mau,mild,Reactive+blindARQ,2,400.0,mid,0.05,2025,2160,0,0,0.0,400.0,4,10,7,6,3,180.0,0,1857,1.4612,0,0,0,0,139
ca_mau,mild,Reactive+blindARQ,3,400.0,mid,0.05,2025,2160,0,0,0.0,400.0,4,7,7,3,4,220.0,0,1824,0.0,0,0,0,0,136
ca_mau,mild,Reactive+blindARQ,4,400.0,mid,0.05,2025,2160,0,0,0.0,300.0,4,6,5,2,1,60.0,0,1831,0.0014,0,0,0,0,135
ca_mau,mild,Reactive+blindARQ,5,400.0,mid,0.05,2025,2160,0,0,0.0,360.0,4,6,6,2,2,120.0,0,1826,0.0,0,0,0,0,136
ca_mau,mild,Reactive+blindARQ,6,400.0,mid,0.05,2025,2160,0,0,0.0,400.0,4,9,7,5,4,220.0,0,1835,1.2169,0,0,0,0,137
ca_mau,mild,Reactive+blindARQ,7,400.0,mid,0.05,2025,2160,0,0,0.0,360.0,4,10,6,6,2,120.0,0,1839,1.7263,0,0,0,0,139
ca_mau,mild,Reactive+blindARQ,8,400.0,mid,0.05,2025,2160,0,0,0.0,300.0,4,6,5,2,1,60.0,0,1831,0.8436,0,0,0,0,137
ca_mau,mild,Reactive+blindARQ,9,400.0,mid,0.05,2025,2160,0,0,0.0,300.0,4,7,5,3,1,60.0,0,1804,0.0004,0,0,0,0,136
ca_mau,mild,FixedSchedule,0,400.0,mid,0.05,2025,2160,0,0,0.0,400.0,7,10,7,3,0,0.0,0,1861,1.0195,0,0,0,0,31
ca_mau,mild,FixedSchedule,1,400.0,mid,0.05,2025,2160,0,0,0.0,400.0,6,7,7,1,1,60.0,0,1864,0.0,1,0,0,1115,325
ca_mau,mild,FixedSchedule,2,400.0,mid,0.05,2025,2160,0,0,0.0,400.0,4,8,7,4,4,220.0,0,1857,0.001,1,0,0,1543,511
ca_mau,mild,FixedSchedule,3,400.0,mid,0.05,2025,2160,0,0,0.0,400.0,4,7,7,3,4,220.0,0,1824,0.0,1,0,0,1543,511
ca_mau,mild,FixedSchedule,4,400.0,mid,0.05,2025,2160,0,0,0.0,400.0,6,12,7,6,1,60.0,0,1831,1.6296,1,0,0,1115,328
ca_mau,mild,FixedSchedule,5,400.0,mid,0.05,2025,2160,0,0,0.0,400.0,5,7,7,2,3,160.0,0,1826,0.0,1,0,0,1115,369
ca_mau,mild,FixedSchedule,6,400.0,mid,0.05,2025,2160,0,0,0.0,400.0,4,7,7,3,4,220.0,0,1835,0.0,1,0,0,1543,511
ca_mau,mild,FixedSchedule,7,400.0,mid,0.05,2025,2160,0,0,0.0,400.0,5,13,7,8,3,160.0,0,1839,1.1693,1,0,0,1115,369
ca_mau,mild,FixedSchedule,8,400.0,mid,0.05,2025,2160,0,0,0.0,400.0,6,10,7,4,1,60.0,0,1831,1.173,1,0,0,1115,327
ca_mau,mild,FixedSchedule,9,400.0,mid,0.05,2025,2160,0,0,0.0,400.0,6,8,7,2,1,60.0,0,1804,0.4967,1,0,0,1115,325
ca_mau,mild,Oracle,0,400.0,mid,0.05,2025,2160,0,0,0.0,200.0,10,16,10,6,0,0.0,0,1861,1.0541,0,0,0,0,0
ca_mau,mild,Oracle,1,400.0,mid,0.05,2025,2160,0,0,0.0,200.0,10,21,10,11,1,20.0,0,1864,1.6074,0,0,0,0,0
ca_mau,mild,Oracle,2,400.0,mid,0.05,2025,2160,0,0,0.0,200.0,10,11,10,1,6,120.0,0,1857,0.4303,0,0,0,0,0
ca_mau,mild,Oracle,3,400.0,mid,0.05,2025,2160,0,0,0.0,200.0,10,13,10,3,4,80.0,0,1824,0.7574,0,0,0,0,0
ca_mau,mild,Oracle,4,400.0,mid,0.05,2025,2160,0,0,0.0,200.0,10,13,10,3,2,40.0,0,1831,0.7454,0,0,0,0,0
ca_mau,mild,Oracle,5,400.0,mid,0.05,2025,2160,0,0,0.0,200.0,10,12,10,2,4,80.0,0,1826,0.6486,0,0,0,0,0
ca_mau,mild,Oracle,6,400.0,mid,0.05,2025,2160,0,0,0.0,200.0,10,13,10,3,4,80.0,0,1835,0.7454,0,0,0,0,0
ca_mau,mild,Oracle,7,400.0,mid,0.05,2025,2160,0,0,0.0,200.0,10,12,10,2,3,60.0,0,1839,0.6086,0,0,0,0,0
ca_mau,mild,Oracle,8,400.0,mid,0.05,2025,2160,0,0,0.0,200.0,10,11,10,1,1,20.0,0,1831,0.4303,0,0,0,0,0
ca_mau,mild,Oracle,9,400.0,mid,0.05,2025,2160,0,0,0.0,200.0,10,14,10,4,2,40.0,0,1804,1.1076,0,0,0,0,0
ca_mau,mild,TwinGate+T2+centre,0,400.0,mid,0.05,2025,2160,0,0,0.0,140.0,10,13,7,3,0,0.0,80,1861,1.0541,6,0,6,62,369
ca_mau,mild,TwinGate+T2+centre,1,400.0,mid,0.05,2025,2160,0,0,0.0,140.0,7,9,7,2,1,20.0,83,1864,0.6086,3,0,3,27,297
ca_mau,mild,TwinGate+T2+centre,2,400.0,mid,0.05,2025,2160,0,0,0.0,160.0,5,9,8,4,4,80.0,85,1857,0.4303,1,0,1,12,154
ca_mau,mild,TwinGate+T2+centre,3,400.0,mid,0.05,2025,2160,0,0,0.0,180.0,6,10,9,4,4,80.0,84,1824,0.4303,1,0,1,13,186
ca_mau,mild,TwinGate+T2+centre,4,400.0,mid,0.05,2025,2160,0,0,0.0,160.0,7,9,8,2,2,40.0,83,1831,0.4218,4,0,4,41,256
ca_mau,mild,TwinGate+T2+centre,5,400.0,mid,0.05,2025,2160,0,0,0.0,140.0,7,11,7,4,2,40.0,83,1826,0.8607,2,0,2,70,284
ca_mau,mild,TwinGate+T2+centre,6,400.0,mid,0.05,2025,2160,0,0,0.0,180.0,6,11,9,5,5,100.0,84,1835,0.6086,3,0,3,31,215
ca_mau,mild,TwinGate+T2+centre,7,400.0,mid,0.05,2025,2160,0,0,0.0,160.0,7,12,8,5,3,60.0,83,1839,0.8607,3,0,3,32,248
ca_mau,mild,TwinGate+T2+centre,8,400.0,mid,0.05,2025,2160,0,0,0.0,160.0,7,9,8,2,1,20.0,83,1831,0.4303,3,0,3,30,264
ca_mau,mild,TwinGate+T2+centre,9,400.0,mid,0.05,2025,2160,0,0,0.0,160.0,7,9,8,2,2,40.0,83,1804,0.4294,4,0,4,41,256
ca_mau,mild,TwinGate+T2,0,400.0,narrow,0.1,2025,2160,0,0,0.0,120.0,6,7,6,1,0,0.0,84,1861,0.6085,6,1,5,307,562
ca_mau,mild,TwinGate+T2,1,400.0,narrow,0.1,2025,2160,0,0,0.0,120.0,7,9,6,2,1,20.0,83,1864,0.7454,6,1,5,289,558
ca_mau,mild,TwinGate+T2,2,400.0,narrow,0.1,2025,2160,0,0,0.0,140.0,6,10,7,4,4,80.0,84,1857,0.7454,5,1,4,312,489
ca_mau,mild,TwinGate+T2,3,400.0,narrow,0.1,2025,2160,0,0,0.0,140.0,6,10,7,4,4,80.0,84,1824,1.0541,5,1,4,311,488
ca_mau,mild,TwinGate+T2,4,400.0,narrow,0.1,2025,2160,0,0,0.0,120.0,7,10,6,3,1,20.0,83,1831,1.1385,5,1,4,281,501
ca_mau,mild,TwinGate+T2,5,400.0,narrow,0.1,2025,2160,0,0,0.0,140.0,7,12,7,5,3,60.0,83,1826,1.054,5,1,4,319,505
ca_mau,mild,TwinGate+T2,6,400.0,narrow,0.1,2025,2160,0,0,0.0,140.0,4,7,7,3,4,80.0,86,1835,0.0,4,1,3,547,428
ca_mau,mild,TwinGate+T2,7,400.0,narrow,0.1,2025,2160,0,0,0.0,120.0,8,13,6,5,0,0.0,82,1839,1.4272,6,1,5,315,564
ca_mau,mild,TwinGate+T2,8,400.0,narrow,0.1,2025,2160,0,0,0.0,120.0,5,6,6,1,1,20.0,85,1831,0.0,5,1,4,313,530
ca_mau,mild,TwinGate+T2,9,400.0,narrow,0.1,2025,2160,0,0,0.0,120.0,7,10,6,3,1,20.0,83,1804,1.6099,5,1,4,319,523
ca_mau,mild,TwinGate+blindARQ,0,400.0,narrow,0.1,2025,2160,0,0,0.0,120.0,6,7,6,1,0,0.0,84,1861,0.6085,6,1,5,307,562
ca_mau,mild,TwinGate+blindARQ,1,400.0,narrow,0.1,2025,2160,0,0,0.0,120.0,5,12,6,7,1,20.0,85,1864,1.5838,5,1,4,298,513
ca_mau,mild,TwinGate+blindARQ,2,400.0,narrow,0.1,2025,2160,0,0,0.0,220.0,4,15,11,11,7,140.0,86,1857,0.8607,4,1,3,235,393
ca_mau,mild,TwinGate+blindARQ,3,400.0,narrow,0.1,2025,2160,0,0,0.0,180.0,4,15,9,11,5,100.0,86,1824,1.2251,4,1,3,238,375
ca_mau,mild,TwinGate+blindARQ,4,400.0,narrow,0.1,2025,2160,0,0,0.0,120.0,5,9,6,4,1,20.0,85,1831,1.0541,5,1,4,551,479
ca_mau,mild,TwinGate+blindARQ,5,400.0,narrow,0.1,2025,2160,0,0,0.0,180.0,5,13,9,8,4,80.0,85,1826,0.9622,5,1,4,278,437
ca_mau,mild,TwinGate+blindARQ,6,400.0,narrow,0.1,2025,2160,0,0,0.0,200.0,4,14,10,10,6,120.0,86,1835,0.0013,4,1,3,259,403
ca_mau,mild,TwinGate+blindARQ,7,400.0,narrow,0.1,2025,2160,0,0,0.0,140.0,4,10,7,6,3,60.0,86,1839,0.8607,4,1,3,548,429
ca_mau,mild,TwinGate+blindARQ,8,400.0,narrow,0.1,2025,2160,0,0,0.0,120.0,5,6,6,1,1,20.0,85,1831,0.0,5,1,4,313,530
ca_mau,mild,TwinGate+blindARQ,9,400.0,narrow,0.1,2025,2160,0,0,0.0,120.0,5,16,6,11,1,20.0,85,1804,2.0879,5,1,4,575,483
ca_mau,mild,Reactive+T2,0,400.0,narrow,0.1,2025,2160,0,0,0.0,240.0,5,6,4,1,0,0.0,0,1861,1.204,2,0,2,17,163
ca_mau,mild,Reactive+T2,1,400.0,narrow,0.1,2025,2160,0,0,0.0,300.0,4,5,5,1,1,60.0,0,1864,0.0,0,0,0,0,136
ca_mau,mild,Reactive+T2,2,400.0,narrow,0.1,2025,2160,0,0,0.0,360.0,5,8,6,3,3,180.0,0,1857,1.1931,1,0,1,12,160
ca_mau,mild,Reactive+T2,3,400.0,narrow,0.1,2025,2160,0,0,0.0,360.0,4,6,6,2,3,180.0,0,1824,0.0,0,0,0,0,136
ca_mau,mild,Reactive+T2,4,400.0,narrow,0.1,2025,2160,0,0,0.0,240.0,4,5,4,1,1,60.0,0,1831,0.0014,0,0,0,0,136
ca_mau,mild,Reactive+T2,5,400.0,narrow,0.1,2025,2160,0,0,0.0,360.0,4,6,6,2,2,120.0,0,1826,0.0,0,0,0,0,136
ca_mau,mild,Reactive+T2,6,400.0,narrow,0.1,2025,2160,0,0,0.0,360.0,5,9,6,4,2,120.0,0,1835,1.5215,2,0,2,19,162
ca_mau,mild,Reactive+T2,7,400.0,narrow,0.1,2025,2160,0,0,0.0,360.0,5,8,6,3,2,120.0,0,1839,1.2204,2,0,2,18,161
ca_mau,mild,Reactive+T2,8,400.0,narrow,0.1,2025,2160,0,0,0.0,240.0,4,5,4,1,0,0.0,0,1831,0.8436,0,0,0,0,137
ca_mau,mild,Reactive+T2,9,400.0,narrow,0.1,2025,2160,0,0,0.0,240.0,4,5,4,1,1,60.0,0,1804,0.0,0,0,0,0,136
ca_mau,mild,Reactive+blindARQ,0,400.0,narrow,0.1,2025,2160,0,0,0.0,240.0,4,9,4,5,0,0.0,0,1861,1.9444,0,0,0,0,140
ca_mau,mild,Reactive+blindARQ,1,400.0,narrow,0.1,2025,2160,0,0,0.0,300.0,4,5,5,1,1,60.0,0,1864,0.0,0,0,0,0,136
ca_mau,mild,Reactive+blindARQ,2,400.0,narrow,0.1,2025,2160,0,0,0.0,400.0,4,10,7,6,3,180.0,0,1857,1.4612,0,0,0,0,139
ca_mau,mild,Reactive+blindARQ,3,400.0,narrow,0.1,2025,2160,0,0,0.0,400.0,4,7,7,3,4,220.0,0,1824,0.0,0,0,0,0,136
ca_mau,mild,Reactive+blindARQ,4,400.0,narrow,0.1,2025,2160,0,0,0.0,300.0,4,6,5,2,1,60.0,0,1831,0.0014,0,0,0,0,135
ca_mau,mild,Reactive+blindARQ,5,400.0,narrow,0.1,2025,2160,0,0,0.0,360.0,4,6,6,2,2,120.0,0,1826,0.0,0,0,0,0,136
ca_mau,mild,Reactive+blindARQ,6,400.0,narrow,0.1,2025,2160,0,0,0.0,400.0,4,9,7,5,4,220.0,0,1835,1.2169,0,0,0,0,137
ca_mau,mild,Reactive+blindARQ,7,400.0,narrow,0.1,2025,2160,0,0,0.0,360.0,4,10,6,6,2,120.0,0,1839,1.7263,0,0,0,0,139
ca_mau,mild,Reactive+blindARQ,8,400.0,narrow,0.1,2025,2160,0,0,0.0,300.0,4,6,5,2,1,60.0,0,1831,0.8436,0,0,0,0,137
ca_mau,mild,Reactive+blindARQ,9,400.0,narrow,0.1,2025,2160,0,0,0.0,300.0,4,7,5,3,1,60.0,0,1804,0.0004,0,0,0,0,136
ca_mau,mild,FixedSchedule,0,400.0,narrow,0.1,2025,2160,0,0,0.0,400.0,7,10,7,3,0,0.0,0,1861,1.0195,0,0,0,0,31
ca_mau,mild,FixedSchedule,1,400.0,narrow,0.1,2025,2160,0,0,0.0,400.0,6,7,7,1,1,60.0,0,1864,0.0,1,0,0,1115,325
ca_mau,mild,FixedSchedule,2,400.0,narrow,0.1,2025,2160,0,0,0.0,400.0,4,8,7,4,4,220.0,0,1857,0.001,1,0,0,1543,511
ca_mau,mild,FixedSchedule,3,400.0,narrow,0.1,2025,2160,0,0,0.0,400.0,4,7,7,3,4,220.0,0,1824,0.0,1,0,0,1543,511
ca_mau,mild,FixedSchedule,4,400.0,narrow,0.1,2025,2160,0,0,0.0,400.0,6,12,7,6,1,60.0,0,1831,1.6296,1,0,0,1115,328
ca_mau,mild,FixedSchedule,5,400.0,narrow,0.1,2025,2160,0,0,0.0,400.0,5,7,7,2,3,160.0,0,1826,0.0,1,0,0,1115,369
ca_mau,mild,FixedSchedule,6,400.0,narrow,0.1,2025,2160,0,0,0.0,400.0,4,7,7,3,4,220.0,0,1835,0.0,1,0,0,1543,511
ca_mau,mild,FixedSchedule,7,400.0,narrow,0.1,2025,2160,0,0,0.0,400.0,5,13,7,8,3,160.0,0,1839,1.1693,1,0,0,1115,369
ca_mau,mild,FixedSchedule,8,400.0,narrow,0.1,2025,2160,0,0,0.0,400.0,6,10,7,4,1,60.0,0,1831,1.173,1,0,0,1115,327
ca_mau,mild,FixedSchedule,9,400.0,narrow,0.1,2025,2160,0,0,0.0,400.0,6,8,7,2,1,60.0,0,1804,0.4967,1,0,0,1115,325
ca_mau,mild,Oracle,0,400.0,narrow,0.1,2025,2160,0,0,0.0,200.0,10,16,10,6,0,0.0,0,1861,1.0541,0,0,0,0,0
ca_mau,mild,Oracle,1,400.0,narrow,0.1,2025,2160,0,0,0.0,200.0,10,21,10,11,1,20.0,0,1864,1.6074,0,0,0,0,0
ca_mau,mild,Oracle,2,400.0,narrow,0.1,2025,2160,0,0,0.0,200.0,10,11,10,1,6,120.0,0,1857,0.4303,0,0,0,0,0
ca_mau,mild,Oracle,3,400.0,narrow,0.1,2025,2160,0,0,0.0,200.0,10,13,10,3,4,80.0,0,1824,0.7574,0,0,0,0,0
ca_mau,mild,Oracle,4,400.0,narrow,0.1,2025,2160,0,0,0.0,200.0,10,13,10,3,2,40.0,0,1831,0.7454,0,0,0,0,0
ca_mau,mild,Oracle,5,400.0,narrow,0.1,2025,2160,0,0,0.0,200.0,10,12,10,2,4,80.0,0,1826,0.6486,0,0,0,0,0
ca_mau,mild,Oracle,6,400.0,narrow,0.1,2025,2160,0,0,0.0,200.0,10,13,10,3,4,80.0,0,1835,0.7454,0,0,0,0,0
ca_mau,mild,Oracle,7,400.0,narrow,0.1,2025,2160,0,0,0.0,200.0,10,12,10,2,3,60.0,0,1839,0.6086,0,0,0,0,0
ca_mau,mild,Oracle,8,400.0,narrow,0.1,2025,2160,0,0,0.0,200.0,10,11,10,1,1,20.0,0,1831,0.4303,0,0,0,0,0
ca_mau,mild,Oracle,9,400.0,narrow,0.1,2025,2160,0,0,0.0,200.0,10,14,10,4,2,40.0,0,1804,1.1076,0,0,0,0,0
ca_mau,mild,TwinGate+T2+centre,0,400.0,narrow,0.1,2025,2160,0,0,0.0,120.0,6,7,6,1,0,0.0,84,1861,0.6085,6,1,5,307,562
ca_mau,mild,TwinGate+T2+centre,1,400.0,narrow,0.1,2025,2160,0,0,0.0,120.0,7,9,6,2,1,20.0,83,1864,0.7454,6,1,5,289,558
ca_mau,mild,TwinGate+T2+centre,2,400.0,narrow,0.1,2025,2160,0,0,0.0,140.0,6,10,7,4,4,80.0,84,1857,0.7454,5,1,4,312,489
ca_mau,mild,TwinGate+T2+centre,3,400.0,narrow,0.1,2025,2160,0,0,0.0,140.0,6,10,7,4,4,80.0,84,1824,1.0541,5,1,4,311,488
ca_mau,mild,TwinGate+T2+centre,4,400.0,narrow,0.1,2025,2160,0,0,0.0,120.0,7,10,6,3,1,20.0,83,1831,1.1385,5,1,4,281,501
ca_mau,mild,TwinGate+T2+centre,5,400.0,narrow,0.1,2025,2160,0,0,0.0,140.0,7,12,7,5,3,60.0,83,1826,1.054,5,1,4,319,505
ca_mau,mild,TwinGate+T2+centre,6,400.0,narrow,0.1,2025,2160,0,0,0.0,140.0,4,7,7,3,4,80.0,86,1835,0.0,4,1,3,547,428
ca_mau,mild,TwinGate+T2+centre,7,400.0,narrow,0.1,2025,2160,0,0,0.0,120.0,8,13,6,5,0,0.0,82,1839,1.4272,6,1,5,315,564
ca_mau,mild,TwinGate+T2+centre,8,400.0,narrow,0.1,2025,2160,0,0,0.0,120.0,5,6,6,1,1,20.0,85,1831,0.0,5,1,4,313,530
ca_mau,mild,TwinGate+T2+centre,9,400.0,narrow,0.1,2025,2160,0,0,0.0,120.0,7,10,6,3,1,20.0,83,1804,1.6099,5,1,4,319,523
ca_mau,mild,TwinGate+T2,0,inf,awd,0.02,2025,2160,0,0,0.0,140.0,10,13,7,3,0,0.0,80,1861,1.0541,6,0,6,62,369
ca_mau,mild,TwinGate+T2,1,inf,awd,0.02,2025,2160,0,0,0.0,140.0,7,9,7,2,1,20.0,83,1864,0.6086,3,0,3,27,297
ca_mau,mild,TwinGate+T2,2,inf,awd,0.02,2025,2160,0,0,0.0,160.0,5,9,8,4,4,80.0,85,1857,0.4303,1,0,1,12,154
ca_mau,mild,TwinGate+T2,3,inf,awd,0.02,2025,2160,0,0,0.0,180.0,6,10,9,4,4,80.0,84,1824,0.4303,1,0,1,13,186
ca_mau,mild,TwinGate+T2,4,inf,awd,0.02,2025,2160,0,0,0.0,160.0,7,9,8,2,2,40.0,83,1831,0.4218,4,0,4,41,256
ca_mau,mild,TwinGate+T2,5,inf,awd,0.02,2025,2160,0,0,0.0,140.0,7,11,7,4,2,40.0,83,1826,0.8607,2,0,2,70,284
ca_mau,mild,TwinGate+T2,6,inf,awd,0.02,2025,2160,0,0,0.0,180.0,6,11,9,5,5,100.0,84,1835,0.6086,3,0,3,31,215
ca_mau,mild,TwinGate+T2,7,inf,awd,0.02,2025,2160,0,0,0.0,160.0,7,12,8,5,3,60.0,83,1839,0.8607,3,0,3,32,248
ca_mau,mild,TwinGate+T2,8,inf,awd,0.02,2025,2160,0,0,0.0,160.0,7,9,8,2,1,20.0,83,1831,0.4303,3,0,3,30,264
ca_mau,mild,TwinGate+T2,9,inf,awd,0.02,2025,2160,0,0,0.0,160.0,7,9,8,2,2,40.0,83,1804,0.4294,4,0,4,41,256
ca_mau,mild,TwinGate+blindARQ,0,inf,awd,0.02,2025,2160,0,0,0.0,180.0,8,15,9,7,1,20.0,82,1861,1.0541,4,0,4,41,291
ca_mau,mild,TwinGate+blindARQ,1,inf,awd,0.02,2025,2160,0,0,0.0,160.0,7,10,8,3,1,20.0,83,1864,0.6086,3,0,3,27,261
ca_mau,mild,TwinGate+blindARQ,2,inf,awd,0.02,2025,2160,0,0,0.0,280.0,6,17,14,11,8,160.0,84,1857,0.6032,2,0,2,23,188
ca_mau,mild,TwinGate+blindARQ,3,inf,awd,0.02,2025,2160,0,0,0.0,220.0,6,15,11,9,5,100.0,84,1824,0.9622,2,0,2,27,191
ca_mau,mild,TwinGate+blindARQ,4,inf,awd,0.02,2025,2160,0,0,0.0,160.0,6,9,8,3,2,40.0,84,1831,0.4218,2,0,2,22,208
ca_mau,mild,TwinGate+blindARQ,5,inf,awd,0.02,2025,2160,0,0,0.0,180.0,5,14,9,9,4,80.0,85,1826,0.9623,1,0,1,16,157
ca_mau,mild,TwinGate+blindARQ,6,inf,awd,0.02,2025,2160,0,0,0.0,260.0,6,15,13,9,7,140.0,84,1835,0.6086,3,0,3,35,233
ca_mau,mild,TwinGate+blindARQ,7,inf,awd,0.02,2025,2160,0,0,0.0,180.0,5,14,9,9,4,80.0,85,1839,1.2921,2,0,2,23,200
ca_mau,mild,TwinGate+blindARQ,8,inf,awd,0.02,2025,2160,0,0,0.0,160.0,7,9,8,2,1,20.0,83,1831,0.4303,3,0,3,30,264
ca_mau,mild,TwinGate+blindARQ,9,inf,awd,0.02,2025,2160,0,0,0.0,160.0,6,10,8,4,2,40.0,84,1804,0.6073,2,0,2,22,188
ca_mau,mild,Reactive+T2,0,inf,awd,0.02,2025,2160,0,0,0.0,240.0,5,6,4,1,0,0.0,0,1861,1.204,2,0,2,17,163
ca_mau,mild,Reactive+T2,1,inf,awd,0.02,2025,2160,0,0,0.0,300.0,4,5,5,1,1,60.0,0,1864,0.0,0,0,0,0,136
ca_mau,mild,Reactive+T2,2,inf,awd,0.02,2025,2160,0,0,0.0,360.0,5,8,6,3,3,180.0,0,1857,1.1931,1,0,1,12,160
ca_mau,mild,Reactive+T2,3,inf,awd,0.02,2025,2160,0,0,0.0,360.0,4,6,6,2,3,180.0,0,1824,0.0,0,0,0,0,136
ca_mau,mild,Reactive+T2,4,inf,awd,0.02,2025,2160,0,0,0.0,240.0,4,5,4,1,1,60.0,0,1831,0.0014,0,0,0,0,136
ca_mau,mild,Reactive+T2,5,inf,awd,0.02,2025,2160,0,0,0.0,360.0,4,6,6,2,2,120.0,0,1826,0.0,0,0,0,0,136
ca_mau,mild,Reactive+T2,6,inf,awd,0.02,2025,2160,0,0,0.0,420.0,5,10,7,5,3,180.0,0,1835,1.5215,2,0,2,19,162
ca_mau,mild,Reactive+T2,7,inf,awd,0.02,2025,2160,0,0,0.0,420.0,5,9,7,4,3,180.0,0,1839,1.2204,2,0,2,18,161
ca_mau,mild,Reactive+T2,8,inf,awd,0.02,2025,2160,0,0,0.0,240.0,4,5,4,1,0,0.0,0,1831,0.8436,0,0,0,0,137
ca_mau,mild,Reactive+T2,9,inf,awd,0.02,2025,2160,0,0,0.0,240.0,4,5,4,1,1,60.0,0,1804,0.0,0,0,0,0,136
ca_mau,mild,Reactive+blindARQ,0,inf,awd,0.02,2025,2160,0,0,0.0,240.0,4,9,4,5,0,0.0,0,1861,1.9444,0,0,0,0,140
ca_mau,mild,Reactive+blindARQ,1,inf,awd,0.02,2025,2160,0,0,0.0,300.0,4,5,5,1,1,60.0,0,1864,0.0,0,0,0,0,136
ca_mau,mild,Reactive+blindARQ,2,inf,awd,0.02,2025,2160,0,0,0.0,660.0,4,14,11,10,7,420.0,0,1857,1.4612,0,0,0,0,139
ca_mau,mild,Reactive+blindARQ,3,inf,awd,0.02,2025,2160,0,0,0.0,540.0,4,9,9,5,5,300.0,0,1824,0.0,0,0,0,0,136
ca_mau,mild,Reactive+blindARQ,4,inf,awd,0.02,2025,2160,0,0,0.0,300.0,4,6,5,2,1,60.0,0,1831,0.0014,0,0,0,0,135
ca_mau,mild,Reactive+blindARQ,5,inf,awd,0.02,2025,2160,0,0,0.0,420.0,4,7,7,3,3,180.0,0,1826,0.0,0,0,0,0,136
ca_mau,mild,Reactive+blindARQ,6,inf,awd,0.02,2025,2160,0,0,0.0,600.0,4,13,10,9,6,360.0,0,1835,1.2169,0,0,0,0,137
ca_mau,mild,Reactive+blindARQ,7,inf,awd,0.02,2025,2160,0,0,0.0,420.0,4,11,7,7,3,180.0,0,1839,1.7263,0,0,0,0,139
ca_mau,mild,Reactive+blindARQ,8,inf,awd,0.02,2025,2160,0,0,0.0,300.0,4,6,5,2,1,60.0,0,1831,0.8436,0,0,0,0,137
ca_mau,mild,Reactive+blindARQ,9,inf,awd,0.02,2025,2160,0,0,0.0,300.0,4,7,5,3,1,60.0,0,1804,0.0004,0,0,0,0,136
ca_mau,mild,FixedSchedule,0,inf,awd,0.02,2025,2160,0,0,0.0,1500.0,18,30,25,12,7,420.0,0,1861,1.0709,0,0,0,0,0
ca_mau,mild,FixedSchedule,1,inf,awd,0.02,2025,2160,0,0,0.0,1320.0,18,23,22,5,4,240.0,0,1864,0.1624,0,0,0,0,0
ca_mau,mild,FixedSchedule,2,inf,awd,0.02,2025,2160,0,0,0.0,1680.0,18,37,28,19,10,600.0,0,1857,0.9294,0,0,0,0,0
ca_mau,mild,FixedSchedule,3,inf,awd,0.02,2025,2160,0,0,0.0,2040.0,18,45,34,27,16,960.0,0,1824,1.3709,0,0,0,0,0
ca_mau,mild,FixedSchedule,4,inf,awd,0.02,2025,2160,0,0,0.0,1500.0,18,29,25,11,7,420.0,0,1831,0.7691,0,0,0,0,0
ca_mau,mild,FixedSchedule,5,inf,awd,0.02,2025,2160,0,0,0.0,1800.0,18,36,30,18,12,720.0,0,1826,1.2254,0,0,0,0,0
ca_mau,mild,FixedSchedule,6,inf,awd,0.02,2025,2160,0,0,0.0,2160.0,18,41,36,23,18,1080.0,0,1835,0.0003,0,0,0,0,0
ca_mau,mild,FixedSchedule,7,inf,awd,0.02,2025,2160,0,0,0.0,1560.0,18,34,26,16,8,480.0,0,1839,1.3146,0,0,0,0,0
ca_mau,mild,FixedSchedule,8,inf,awd,0.02,2025,2160,0,0,0.0,1260.0,18,30,21,12,3,180.0,0,1831,0.6667,0,0,0,0,0
ca_mau,mild,FixedSchedule,9,inf,awd,0.02,2025,2160,0,0,0.0,1260.0,18,31,21,13,3,180.0,0,1804,1.2164,0,0,0,0,0
ca_mau,mild,Oracle,0,inf,awd,0.02,2025,2160,0,0,0.0,200.0,10,16,10,6,0,0.0,0,1861,1.0541,0,0,0,0,0
ca_mau,mild,Oracle,1,inf,awd,0.02,2025,2160,0,0,0.0,200.0,10,21,10,11,1,20.0,0,1864,1.6074,0,0,0,0,0
ca_mau,mild,Oracle,2,inf,awd,0.02,2025,2160,0,0,0.0,200.0,10,11,10,1,6,120.0,0,1857,0.4303,0,0,0,0,0
ca_mau,mild,Oracle,3,inf,awd,0.02,2025,2160,0,0,0.0,200.0,10,13,10,3,4,80.0,0,1824,0.7574,0,0,0,0,0
ca_mau,mild,Oracle,4,inf,awd,0.02,2025,2160,0,0,0.0,200.0,10,13,10,3,2,40.0,0,1831,0.7454,0,0,0,0,0
ca_mau,mild,Oracle,5,inf,awd,0.02,2025,2160,0,0,0.0,200.0,10,12,10,2,4,80.0,0,1826,0.6486,0,0,0,0,0
ca_mau,mild,Oracle,6,inf,awd,0.02,2025,2160,0,0,0.0,200.0,10,13,10,3,4,80.0,0,1835,0.7454,0,0,0,0,0
ca_mau,mild,Oracle,7,inf,awd,0.02,2025,2160,0,0,0.0,200.0,10,12,10,2,3,60.0,0,1839,0.6086,0,0,0,0,0
ca_mau,mild,Oracle,8,inf,awd,0.02,2025,2160,0,0,0.0,200.0,10,11,10,1,1,20.0,0,1831,0.4303,0,0,0,0,0
ca_mau,mild,Oracle,9,inf,awd,0.02,2025,2160,0,0,0.0,200.0,10,14,10,4,2,40.0,0,1804,1.1076,0,0,0,0,0
ca_mau,mild,TwinGate+T2+centre,0,inf,awd,0.02,2025,2160,0,0,0.0,140.0,10,13,7,3,0,0.0,80,1861,1.0541,6,0,6,62,369
ca_mau,mild,TwinGate+T2+centre,1,inf,awd,0.02,2025,2160,0,0,0.0,140.0,7,9,7,2,1,20.0,83,1864,0.6086,3,0,3,27,297
ca_mau,mild,TwinGate+T2+centre,2,inf,awd,0.02,2025,2160,0,0,0.0,160.0,5,9,8,4,4,80.0,85,1857,0.4303,1,0,1,12,154
ca_mau,mild,TwinGate+T2+centre,3,inf,awd,0.02,2025,2160,0,0,0.0,180.0,6,10,9,4,4,80.0,84,1824,0.4303,1,0,1,13,186
ca_mau,mild,TwinGate+T2+centre,4,inf,awd,0.02,2025,2160,0,0,0.0,160.0,7,9,8,2,2,40.0,83,1831,0.4218,4,0,4,41,256
ca_mau,mild,TwinGate+T2+centre,5,inf,awd,0.02,2025,2160,0,0,0.0,140.0,7,11,7,4,2,40.0,83,1826,0.8607,2,0,2,70,284
ca_mau,mild,TwinGate+T2+centre,6,inf,awd,0.02,2025,2160,0,0,0.0,180.0,6,11,9,5,5,100.0,84,1835,0.6086,3,0,3,31,215
ca_mau,mild,TwinGate+T2+centre,7,inf,awd,0.02,2025,2160,0,0,0.0,160.0,7,12,8,5,3,60.0,83,1839,0.8607,3,0,3,32,248
ca_mau,mild,TwinGate+T2+centre,8,inf,awd,0.02,2025,2160,0,0,0.0,160.0,7,9,8,2,1,20.0,83,1831,0.4303,3,0,3,30,264
ca_mau,mild,TwinGate+T2+centre,9,inf,awd,0.02,2025,2160,0,0,0.0,160.0,7,9,8,2,2,40.0,83,1804,0.4294,4,0,4,41,256
ca_mau,mild,TwinGate+T2,0,inf,mid,0.05,2025,2160,0,0,0.0,140.0,10,13,7,3,0,0.0,80,1861,1.0541,6,0,6,62,369
ca_mau,mild,TwinGate+T2,1,inf,mid,0.05,2025,2160,0,0,0.0,140.0,7,9,7,2,1,20.0,83,1864,0.6086,3,0,3,27,297
ca_mau,mild,TwinGate+T2,2,inf,mid,0.05,2025,2160,0,0,0.0,160.0,5,9,8,4,4,80.0,85,1857,0.4303,1,0,1,12,154
ca_mau,mild,TwinGate+T2,3,inf,mid,0.05,2025,2160,0,0,0.0,180.0,6,10,9,4,4,80.0,84,1824,0.4303,1,0,1,13,186
ca_mau,mild,TwinGate+T2,4,inf,mid,0.05,2025,2160,0,0,0.0,160.0,7,9,8,2,2,40.0,83,1831,0.4218,4,0,4,41,256
ca_mau,mild,TwinGate+T2,5,inf,mid,0.05,2025,2160,0,0,0.0,140.0,7,11,7,4,2,40.0,83,1826,0.8607,2,0,2,70,284
ca_mau,mild,TwinGate+T2,6,inf,mid,0.05,2025,2160,0,0,0.0,180.0,6,11,9,5,5,100.0,84,1835,0.6086,3,0,3,31,215
ca_mau,mild,TwinGate+T2,7,inf,mid,0.05,2025,2160,0,0,0.0,160.0,7,12,8,5,3,60.0,83,1839,0.8607,3,0,3,32,248
ca_mau,mild,TwinGate+T2,8,inf,mid,0.05,2025,2160,0,0,0.0,160.0,7,9,8,2,1,20.0,83,1831,0.4303,3,0,3,30,264
ca_mau,mild,TwinGate+T2,9,inf,mid,0.05,2025,2160,0,0,0.0,160.0,7,9,8,2,2,40.0,83,1804,0.4294,4,0,4,41,256
ca_mau,mild,TwinGate+blindARQ,0,inf,mid,0.05,2025,2160,0,0,0.0,180.0,8,15,9,7,1,20.0,82,1861,1.0541,4,0,4,41,291
ca_mau,mild,TwinGate+blindARQ,1,inf,mid,0.05,2025,2160,0,0,0.0,160.0,7,10,8,3,1,20.0,83,1864,0.6086,3,0,3,27,261
ca_mau,mild,TwinGate+blindARQ,2,inf,mid,0.05,2025,2160,0,0,0.0,280.0,6,17,14,11,8,160.0,84,1857,0.6032,2,0,2,23,188
ca_mau,mild,TwinGate+blindARQ,3,inf,mid,0.05,2025,2160,0,0,0.0,220.0,6,15,11,9,5,100.0,84,1824,0.9622,2,0,2,27,191
ca_mau,mild,TwinGate+blindARQ,4,inf,mid,0.05,2025,2160,0,0,0.0,160.0,6,9,8,3,2,40.0,84,1831,0.4218,2,0,2,22,208
ca_mau,mild,TwinGate+blindARQ,5,inf,mid,0.05,2025,2160,0,0,0.0,180.0,5,14,9,9,4,80.0,85,1826,0.9623,1,0,1,16,157
ca_mau,mild,TwinGate+blindARQ,6,inf,mid,0.05,2025,2160,0,0,0.0,260.0,6,15,13,9,7,140.0,84,1835,0.6086,3,0,3,35,233
ca_mau,mild,TwinGate+blindARQ,7,inf,mid,0.05,2025,2160,0,0,0.0,180.0,5,14,9,9,4,80.0,85,1839,1.2921,2,0,2,23,200
ca_mau,mild,TwinGate+blindARQ,8,inf,mid,0.05,2025,2160,0,0,0.0,160.0,7,9,8,2,1,20.0,83,1831,0.4303,3,0,3,30,264
ca_mau,mild,TwinGate+blindARQ,9,inf,mid,0.05,2025,2160,0,0,0.0,160.0,6,10,8,4,2,40.0,84,1804,0.6073,2,0,2,22,188
ca_mau,mild,Reactive+T2,0,inf,mid,0.05,2025,2160,0,0,0.0,240.0,5,6,4,1,0,0.0,0,1861,1.204,2,0,2,17,163
ca_mau,mild,Reactive+T2,1,inf,mid,0.05,2025,2160,0,0,0.0,300.0,4,5,5,1,1,60.0,0,1864,0.0,0,0,0,0,136
ca_mau,mild,Reactive+T2,2,inf,mid,0.05,2025,2160,0,0,0.0,360.0,5,8,6,3,3,180.0,0,1857,1.1931,1,0,1,12,160
ca_mau,mild,Reactive+T2,3,inf,mid,0.05,2025,2160,0,0,0.0,360.0,4,6,6,2,3,180.0,0,1824,0.0,0,0,0,0,136
ca_mau,mild,Reactive+T2,4,inf,mid,0.05,2025,2160,0,0,0.0,240.0,4,5,4,1,1,60.0,0,1831,0.0014,0,0,0,0,136
ca_mau,mild,Reactive+T2,5,inf,mid,0.05,2025,2160,0,0,0.0,360.0,4,6,6,2,2,120.0,0,1826,0.0,0,0,0,0,136
ca_mau,mild,Reactive+T2,6,inf,mid,0.05,2025,2160,0,0,0.0,420.0,5,10,7,5,3,180.0,0,1835,1.5215,2,0,2,19,162
ca_mau,mild,Reactive+T2,7,inf,mid,0.05,2025,2160,0,0,0.0,420.0,5,9,7,4,3,180.0,0,1839,1.2204,2,0,2,18,161
ca_mau,mild,Reactive+T2,8,inf,mid,0.05,2025,2160,0,0,0.0,240.0,4,5,4,1,0,0.0,0,1831,0.8436,0,0,0,0,137
ca_mau,mild,Reactive+T2,9,inf,mid,0.05,2025,2160,0,0,0.0,240.0,4,5,4,1,1,60.0,0,1804,0.0,0,0,0,0,136
ca_mau,mild,Reactive+blindARQ,0,inf,mid,0.05,2025,2160,0,0,0.0,240.0,4,9,4,5,0,0.0,0,1861,1.9444,0,0,0,0,140
ca_mau,mild,Reactive+blindARQ,1,inf,mid,0.05,2025,2160,0,0,0.0,300.0,4,5,5,1,1,60.0,0,1864,0.0,0,0,0,0,136
ca_mau,mild,Reactive+blindARQ,2,inf,mid,0.05,2025,2160,0,0,0.0,660.0,4,14,11,10,7,420.0,0,1857,1.4612,0,0,0,0,139
ca_mau,mild,Reactive+blindARQ,3,inf,mid,0.05,2025,2160,0,0,0.0,540.0,4,9,9,5,5,300.0,0,1824,0.0,0,0,0,0,136
ca_mau,mild,Reactive+blindARQ,4,inf,mid,0.05,2025,2160,0,0,0.0,300.0,4,6,5,2,1,60.0,0,1831,0.0014,0,0,0,0,135
ca_mau,mild,Reactive+blindARQ,5,inf,mid,0.05,2025,2160,0,0,0.0,420.0,4,7,7,3,3,180.0,0,1826,0.0,0,0,0,0,136
ca_mau,mild,Reactive+blindARQ,6,inf,mid,0.05,2025,2160,0,0,0.0,600.0,4,13,10,9,6,360.0,0,1835,1.2169,0,0,0,0,137
ca_mau,mild,Reactive+blindARQ,7,inf,mid,0.05,2025,2160,0,0,0.0,420.0,4,11,7,7,3,180.0,0,1839,1.7263,0,0,0,0,139
ca_mau,mild,Reactive+blindARQ,8,inf,mid,0.05,2025,2160,0,0,0.0,300.0,4,6,5,2,1,60.0,0,1831,0.8436,0,0,0,0,137
ca_mau,mild,Reactive+blindARQ,9,inf,mid,0.05,2025,2160,0,0,0.0,300.0,4,7,5,3,1,60.0,0,1804,0.0004,0,0,0,0,136
ca_mau,mild,FixedSchedule,0,inf,mid,0.05,2025,2160,0,0,0.0,1500.0,18,30,25,12,7,420.0,0,1861,1.0709,0,0,0,0,0
ca_mau,mild,FixedSchedule,1,inf,mid,0.05,2025,2160,0,0,0.0,1320.0,18,23,22,5,4,240.0,0,1864,0.1624,0,0,0,0,0
ca_mau,mild,FixedSchedule,2,inf,mid,0.05,2025,2160,0,0,0.0,1680.0,18,37,28,19,10,600.0,0,1857,0.9294,0,0,0,0,0
ca_mau,mild,FixedSchedule,3,inf,mid,0.05,2025,2160,0,0,0.0,2040.0,18,45,34,27,16,960.0,0,1824,1.3709,0,0,0,0,0
ca_mau,mild,FixedSchedule,4,inf,mid,0.05,2025,2160,0,0,0.0,1500.0,18,29,25,11,7,420.0,0,1831,0.7691,0,0,0,0,0
ca_mau,mild,FixedSchedule,5,inf,mid,0.05,2025,2160,0,0,0.0,1800.0,18,36,30,18,12,720.0,0,1826,1.2254,0,0,0,0,0
ca_mau,mild,FixedSchedule,6,inf,mid,0.05,2025,2160,0,0,0.0,2160.0,18,41,36,23,18,1080.0,0,1835,0.0003,0,0,0,0,0
ca_mau,mild,FixedSchedule,7,inf,mid,0.05,2025,2160,0,0,0.0,1560.0,18,34,26,16,8,480.0,0,1839,1.3146,0,0,0,0,0
ca_mau,mild,FixedSchedule,8,inf,mid,0.05,2025,2160,0,0,0.0,1260.0,18,30,21,12,3,180.0,0,1831,0.6667,0,0,0,0,0
ca_mau,mild,FixedSchedule,9,inf,mid,0.05,2025,2160,0,0,0.0,1260.0,18,31,21,13,3,180.0,0,1804,1.2164,0,0,0,0,0
ca_mau,mild,Oracle,0,inf,mid,0.05,2025,2160,0,0,0.0,200.0,10,16,10,6,0,0.0,0,1861,1.0541,0,0,0,0,0
ca_mau,mild,Oracle,1,inf,mid,0.05,2025,2160,0,0,0.0,200.0,10,21,10,11,1,20.0,0,1864,1.6074,0,0,0,0,0
ca_mau,mild,Oracle,2,inf,mid,0.05,2025,2160,0,0,0.0,200.0,10,11,10,1,6,120.0,0,1857,0.4303,0,0,0,0,0
ca_mau,mild,Oracle,3,inf,mid,0.05,2025,2160,0,0,0.0,200.0,10,13,10,3,4,80.0,0,1824,0.7574,0,0,0,0,0
ca_mau,mild,Oracle,4,inf,mid,0.05,2025,2160,0,0,0.0,200.0,10,13,10,3,2,40.0,0,1831,0.7454,0,0,0,0,0
ca_mau,mild,Oracle,5,inf,mid,0.05,2025,2160,0,0,0.0,200.0,10,12,10,2,4,80.0,0,1826,0.6486,0,0,0,0,0
ca_mau,mild,Oracle,6,inf,mid,0.05,2025,2160,0,0,0.0,200.0,10,13,10,3,4,80.0,0,1835,0.7454,0,0,0,0,0
ca_mau,mild,Oracle,7,inf,mid,0.05,2025,2160,0,0,0.0,200.0,10,12,10,2,3,60.0,0,1839,0.6086,0,0,0,0,0
ca_mau,mild,Oracle,8,inf,mid,0.05,2025,2160,0,0,0.0,200.0,10,11,10,1,1,20.0,0,1831,0.4303,0,0,0,0,0
ca_mau,mild,Oracle,9,inf,mid,0.05,2025,2160,0,0,0.0,200.0,10,14,10,4,2,40.0,0,1804,1.1076,0,0,0,0,0
ca_mau,mild,TwinGate+T2+centre,0,inf,mid,0.05,2025,2160,0,0,0.0,140.0,10,13,7,3,0,0.0,80,1861,1.0541,6,0,6,62,369
ca_mau,mild,TwinGate+T2+centre,1,inf,mid,0.05,2025,2160,0,0,0.0,140.0,7,9,7,2,1,20.0,83,1864,0.6086,3,0,3,27,297
ca_mau,mild,TwinGate+T2+centre,2,inf,mid,0.05,2025,2160,0,0,0.0,160.0,5,9,8,4,4,80.0,85,1857,0.4303,1,0,1,12,154
ca_mau,mild,TwinGate+T2+centre,3,inf,mid,0.05,2025,2160,0,0,0.0,180.0,6,10,9,4,4,80.0,84,1824,0.4303,1,0,1,13,186
ca_mau,mild,TwinGate+T2+centre,4,inf,mid,0.05,2025,2160,0,0,0.0,160.0,7,9,8,2,2,40.0,83,1831,0.4218,4,0,4,41,256
ca_mau,mild,TwinGate+T2+centre,5,inf,mid,0.05,2025,2160,0,0,0.0,140.0,7,11,7,4,2,40.0,83,1826,0.8607,2,0,2,70,284
ca_mau,mild,TwinGate+T2+centre,6,inf,mid,0.05,2025,2160,0,0,0.0,180.0,6,11,9,5,5,100.0,84,1835,0.6086,3,0,3,31,215
ca_mau,mild,TwinGate+T2+centre,7,inf,mid,0.05,2025,2160,0,0,0.0,160.0,7,12,8,5,3,60.0,83,1839,0.8607,3,0,3,32,248
ca_mau,mild,TwinGate+T2+centre,8,inf,mid,0.05,2025,2160,0,0,0.0,160.0,7,9,8,2,1,20.0,83,1831,0.4303,3,0,3,30,264
ca_mau,mild,TwinGate+T2+centre,9,inf,mid,0.05,2025,2160,0,0,0.0,160.0,7,9,8,2,2,40.0,83,1804,0.4294,4,0,4,41,256
ca_mau,mild,TwinGate+T2,0,inf,narrow,0.1,2025,2160,0,0,0.0,120.0,6,7,6,1,0,0.0,84,1861,0.6085,6,1,5,307,562
ca_mau,mild,TwinGate+T2,1,inf,narrow,0.1,2025,2160,0,0,0.0,120.0,7,9,6,2,1,20.0,83,1864,0.7454,6,1,5,289,558
ca_mau,mild,TwinGate+T2,2,inf,narrow,0.1,2025,2160,0,0,0.0,140.0,6,10,7,4,4,80.0,84,1857,0.7454,5,1,4,312,489
ca_mau,mild,TwinGate+T2,3,inf,narrow,0.1,2025,2160,0,0,0.0,140.0,6,10,7,4,4,80.0,84,1824,1.0541,5,1,4,311,488
ca_mau,mild,TwinGate+T2,4,inf,narrow,0.1,2025,2160,0,0,0.0,120.0,7,10,6,3,1,20.0,83,1831,1.1385,5,1,4,281,501
ca_mau,mild,TwinGate+T2,5,inf,narrow,0.1,2025,2160,0,0,0.0,140.0,7,12,7,5,3,60.0,83,1826,1.054,5,1,4,319,505
ca_mau,mild,TwinGate+T2,6,inf,narrow,0.1,2025,2160,0,0,0.0,140.0,4,7,7,3,4,80.0,86,1835,0.0,4,1,3,547,428
ca_mau,mild,TwinGate+T2,7,inf,narrow,0.1,2025,2160,0,0,0.0,120.0,8,13,6,5,0,0.0,82,1839,1.4272,6,1,5,315,564
ca_mau,mild,TwinGate+T2,8,inf,narrow,0.1,2025,2160,0,0,0.0,120.0,5,6,6,1,1,20.0,85,1831,0.0,5,1,4,313,530
ca_mau,mild,TwinGate+T2,9,inf,narrow,0.1,2025,2160,0,0,0.0,120.0,7,10,6,3,1,20.0,83,1804,1.6099,5,1,4,319,523
ca_mau,mild,TwinGate+blindARQ,0,inf,narrow,0.1,2025,2160,0,0,0.0,120.0,6,7,6,1,0,0.0,84,1861,0.6085,6,1,5,307,562
ca_mau,mild,TwinGate+blindARQ,1,inf,narrow,0.1,2025,2160,0,0,0.0,120.0,5,12,6,7,1,20.0,85,1864,1.5838,5,1,4,298,513
ca_mau,mild,TwinGate+blindARQ,2,inf,narrow,0.1,2025,2160,0,0,0.0,220.0,4,15,11,11,7,140.0,86,1857,0.8607,4,1,3,235,393
ca_mau,mild,TwinGate+blindARQ,3,inf,narrow,0.1,2025,2160,0,0,0.0,180.0,4,15,9,11,5,100.0,86,1824,1.2251,4,1,3,238,375
ca_mau,mild,TwinGate+blindARQ,4,inf,narrow,0.1,2025,2160,0,0,0.0,120.0,5,9,6,4,1,20.0,85,1831,1.0541,5,1,4,551,479
ca_mau,mild,TwinGate+blindARQ,5,inf,narrow,0.1,2025,2160,0,0,0.0,180.0,5,13,9,8,4,80.0,85,1826,0.9622,5,1,4,278,437
ca_mau,mild,TwinGate+blindARQ,6,inf,narrow,0.1,2025,2160,0,0,0.0,200.0,4,14,10,10,6,120.0,86,1835,0.0013,4,1,3,259,403
ca_mau,mild,TwinGate+blindARQ,7,inf,narrow,0.1,2025,2160,0,0,0.0,140.0,4,10,7,6,3,60.0,86,1839,0.8607,4,1,3,548,429
ca_mau,mild,TwinGate+blindARQ,8,inf,narrow,0.1,2025,2160,0,0,0.0,120.0,5,6,6,1,1,20.0,85,1831,0.0,5,1,4,313,530
ca_mau,mild,TwinGate+blindARQ,9,inf,narrow,0.1,2025,2160,0,0,0.0,120.0,5,16,6,11,1,20.0,85,1804,2.0879,5,1,4,575,483
ca_mau,mild,Reactive+T2,0,inf,narrow,0.1,2025,2160,0,0,0.0,240.0,5,6,4,1,0,0.0,0,1861,1.204,2,0,2,17,163
ca_mau,mild,Reactive+T2,1,inf,narrow,0.1,2025,2160,0,0,0.0,300.0,4,5,5,1,1,60.0,0,1864,0.0,0,0,0,0,136
ca_mau,mild,Reactive+T2,2,inf,narrow,0.1,2025,2160,0,0,0.0,360.0,5,8,6,3,3,180.0,0,1857,1.1931,1,0,1,12,160
ca_mau,mild,Reactive+T2,3,inf,narrow,0.1,2025,2160,0,0,0.0,360.0,4,6,6,2,3,180.0,0,1824,0.0,0,0,0,0,136
ca_mau,mild,Reactive+T2,4,inf,narrow,0.1,2025,2160,0,0,0.0,240.0,4,5,4,1,1,60.0,0,1831,0.0014,0,0,0,0,136
ca_mau,mild,Reactive+T2,5,inf,narrow,0.1,2025,2160,0,0,0.0,360.0,4,6,6,2,2,120.0,0,1826,0.0,0,0,0,0,136
ca_mau,mild,Reactive+T2,6,inf,narrow,0.1,2025,2160,0,0,0.0,420.0,5,10,7,5,3,180.0,0,1835,1.5215,2,0,2,19,162
ca_mau,mild,Reactive+T2,7,inf,narrow,0.1,2025,2160,0,0,0.0,420.0,5,9,7,4,3,180.0,0,1839,1.2204,2,0,2,18,161
ca_mau,mild,Reactive+T2,8,inf,narrow,0.1,2025,2160,0,0,0.0,240.0,4,5,4,1,0,0.0,0,1831,0.8436,0,0,0,0,137
ca_mau,mild,Reactive+T2,9,inf,narrow,0.1,2025,2160,0,0,0.0,240.0,4,5,4,1,1,60.0,0,1804,0.0,0,0,0,0,136
ca_mau,mild,Reactive+blindARQ,0,inf,narrow,0.1,2025,2160,0,0,0.0,240.0,4,9,4,5,0,0.0,0,1861,1.9444,0,0,0,0,140
ca_mau,mild,Reactive+blindARQ,1,inf,narrow,0.1,2025,2160,0,0,0.0,300.0,4,5,5,1,1,60.0,0,1864,0.0,0,0,0,0,136
ca_mau,mild,Reactive+blindARQ,2,inf,narrow,0.1,2025,2160,0,0,0.0,660.0,4,14,11,10,7,420.0,0,1857,1.4612,0,0,0,0,139
ca_mau,mild,Reactive+blindARQ,3,inf,narrow,0.1,2025,2160,0,0,0.0,540.0,4,9,9,5,5,300.0,0,1824,0.0,0,0,0,0,136
ca_mau,mild,Reactive+blindARQ,4,inf,narrow,0.1,2025,2160,0,0,0.0,300.0,4,6,5,2,1,60.0,0,1831,0.0014,0,0,0,0,135
ca_mau,mild,Reactive+blindARQ,5,inf,narrow,0.1,2025,2160,0,0,0.0,420.0,4,7,7,3,3,180.0,0,1826,0.0,0,0,0,0,136
ca_mau,mild,Reactive+blindARQ,6,inf,narrow,0.1,2025,2160,0,0,0.0,600.0,4,13,10,9,6,360.0,0,1835,1.2169,0,0,0,0,137
ca_mau,mild,Reactive+blindARQ,7,inf,narrow,0.1,2025,2160,0,0,0.0,420.0,4,11,7,7,3,180.0,0,1839,1.7263,0,0,0,0,139
ca_mau,mild,Reactive+blindARQ,8,inf,narrow,0.1,2025,2160,0,0,0.0,300.0,4,6,5,2,1,60.0,0,1831,0.8436,0,0,0,0,137
ca_mau,mild,Reactive+blindARQ,9,inf,narrow,0.1,2025,2160,0,0,0.0,300.0,4,7,5,3,1,60.0,0,1804,0.0004,0,0,0,0,136
ca_mau,mild,FixedSchedule,0,inf,narrow,0.1,2025,2160,0,0,0.0,1500.0,18,30,25,12,7,420.0,0,1861,1.0709,0,0,0,0,0
ca_mau,mild,FixedSchedule,1,inf,narrow,0.1,2025,2160,0,0,0.0,1320.0,18,23,22,5,4,240.0,0,1864,0.1624,0,0,0,0,0
ca_mau,mild,FixedSchedule,2,inf,narrow,0.1,2025,2160,0,0,0.0,1680.0,18,37,28,19,10,600.0,0,1857,0.9294,0,0,0,0,0
ca_mau,mild,FixedSchedule,3,inf,narrow,0.1,2025,2160,0,0,0.0,2040.0,18,45,34,27,16,960.0,0,1824,1.3709,0,0,0,0,0
ca_mau,mild,FixedSchedule,4,inf,narrow,0.1,2025,2160,0,0,0.0,1500.0,18,29,25,11,7,420.0,0,1831,0.7691,0,0,0,0,0
ca_mau,mild,FixedSchedule,5,inf,narrow,0.1,2025,2160,0,0,0.0,1800.0,18,36,30,18,12,720.0,0,1826,1.2254,0,0,0,0,0
ca_mau,mild,FixedSchedule,6,inf,narrow,0.1,2025,2160,0,0,0.0,2160.0,18,41,36,23,18,1080.0,0,1835,0.0003,0,0,0,0,0
ca_mau,mild,FixedSchedule,7,inf,narrow,0.1,2025,2160,0,0,0.0,1560.0,18,34,26,16,8,480.0,0,1839,1.3146,0,0,0,0,0
ca_mau,mild,FixedSchedule,8,inf,narrow,0.1,2025,2160,0,0,0.0,1260.0,18,30,21,12,3,180.0,0,1831,0.6667,0,0,0,0,0
ca_mau,mild,FixedSchedule,9,inf,narrow,0.1,2025,2160,0,0,0.0,1260.0,18,31,21,13,3,180.0,0,1804,1.2164,0,0,0,0,0
ca_mau,mild,Oracle,0,inf,narrow,0.1,2025,2160,0,0,0.0,200.0,10,16,10,6,0,0.0,0,1861,1.0541,0,0,0,0,0
ca_mau,mild,Oracle,1,inf,narrow,0.1,2025,2160,0,0,0.0,200.0,10,21,10,11,1,20.0,0,1864,1.6074,0,0,0,0,0
ca_mau,mild,Oracle,2,inf,narrow,0.1,2025,2160,0,0,0.0,200.0,10,11,10,1,6,120.0,0,1857,0.4303,0,0,0,0,0
ca_mau,mild,Oracle,3,inf,narrow,0.1,2025,2160,0,0,0.0,200.0,10,13,10,3,4,80.0,0,1824,0.7574,0,0,0,0,0
ca_mau,mild,Oracle,4,inf,narrow,0.1,2025,2160,0,0,0.0,200.0,10,13,10,3,2,40.0,0,1831,0.7454,0,0,0,0,0
ca_mau,mild,Oracle,5,inf,narrow,0.1,2025,2160,0,0,0.0,200.0,10,12,10,2,4,80.0,0,1826,0.6486,0,0,0,0,0
ca_mau,mild,Oracle,6,inf,narrow,0.1,2025,2160,0,0,0.0,200.0,10,13,10,3,4,80.0,0,1835,0.7454,0,0,0,0,0
ca_mau,mild,Oracle,7,inf,narrow,0.1,2025,2160,0,0,0.0,200.0,10,12,10,2,3,60.0,0,1839,0.6086,0,0,0,0,0
ca_mau,mild,Oracle,8,inf,narrow,0.1,2025,2160,0,0,0.0,200.0,10,11,10,1,1,20.0,0,1831,0.4303,0,0,0,0,0
ca_mau,mild,Oracle,9,inf,narrow,0.1,2025,2160,0,0,0.0,200.0,10,14,10,4,2,40.0,0,1804,1.1076,0,0,0,0,0
ca_mau,mild,TwinGate+T2+centre,0,inf,narrow,0.1,2025,2160,0,0,0.0,120.0,6,7,6,1,0,0.0,84,1861,0.6085,6,1,5,307,562
ca_mau,mild,TwinGate+T2+centre,1,inf,narrow,0.1,2025,2160,0,0,0.0,120.0,7,9,6,2,1,20.0,83,1864,0.7454,6,1,5,289,558
ca_mau,mild,TwinGate+T2+centre,2,inf,narrow,0.1,2025,2160,0,0,0.0,140.0,6,10,7,4,4,80.0,84,1857,0.7454,5,1,4,312,489
ca_mau,mild,TwinGate+T2+centre,3,inf,narrow,0.1,2025,2160,0,0,0.0,140.0,6,10,7,4,4,80.0,84,1824,1.0541,5,1,4,311,488
ca_mau,mild,TwinGate+T2+centre,4,inf,narrow,0.1,2025,2160,0,0,0.0,120.0,7,10,6,3,1,20.0,83,1831,1.1385,5,1,4,281,501
ca_mau,mild,TwinGate+T2+centre,5,inf,narrow,0.1,2025,2160,0,0,0.0,140.0,7,12,7,5,3,60.0,83,1826,1.054,5,1,4,319,505
ca_mau,mild,TwinGate+T2+centre,6,inf,narrow,0.1,2025,2160,0,0,0.0,140.0,4,7,7,3,4,80.0,86,1835,0.0,4,1,3,547,428
ca_mau,mild,TwinGate+T2+centre,7,inf,narrow,0.1,2025,2160,0,0,0.0,120.0,8,13,6,5,0,0.0,82,1839,1.4272,6,1,5,315,564
ca_mau,mild,TwinGate+T2+centre,8,inf,narrow,0.1,2025,2160,0,0,0.0,120.0,5,6,6,1,1,20.0,85,1831,0.0,5,1,4,313,530
ca_mau,mild,TwinGate+T2+centre,9,inf,narrow,0.1,2025,2160,0,0,0.0,120.0,7,10,6,3,1,20.0,83,1804,1.6099,5,1,4,319,523
ca_mau,severe,TwinGate+T2,0,80.0,awd,0.02,2025,2160,0,0,0.0,60.0,6,17,3,11,0,0.0,84,1861,0.8604,4,3,0,1864,866
ca_mau,severe,TwinGate+T2,1,80.0,awd,0.02,2025,2160,0,0,0.0,80.0,4,13,4,9,1,20.0,86,1864,0.6086,4,3,0,1494,808
ca_mau,severe,TwinGate+T2,2,80.0,awd,0.02,2025,2160,0,0,0.0,80.0,3,6,4,3,2,40.0,87,1857,0.4303,4,3,0,1457,783
ca_mau,severe,TwinGate+T2,3,80.0,awd,0.02,2025,2160,0,0,0.0,60.0,3,9,3,6,1,20.0,87,1824,0.745,3,2,0,1781,802
ca_mau,severe,TwinGate+T2,4,80.0,awd,0.02,2025,2160,0,0,0.0,60.0,4,11,3,7,1,20.0,86,1831,0.7454,4,3,0,1865,873
ca_mau,severe,TwinGate+T2,5,80.0,awd,0.02,2025,2160,0,0,0.0,60.0,4,12,3,8,0,0.0,86,1826,0.6086,4,3,0,1854,879
ca_mau,severe,TwinGate+T2,6,80.0,awd,0.02,2025,2160,0,0,0.0,60.0,4,16,3,12,1,20.0,86,1835,0.9623,3,2,0,1788,805
ca_mau,severe,TwinGate+T2,7,80.0,awd,0.02,2025,2160,0,0,0.0,80.0,5,17,4,12,1,20.0,85,1839,0.9619,4,3,0,1505,807
ca_mau,severe,TwinGate+T2,8,80.0,awd,0.02,2025,2160,0,0,0.0,60.0,5,15,3,10,0,0.0,85,1831,0.9614,4,3,0,1852,870
ca_mau,severe,TwinGate+T2,9,80.0,awd,0.02,2025,2160,0,0,0.0,80.0,3,9,4,6,1,20.0,87,1804,0.4303,4,3,0,1460,783
ca_mau,severe,TwinGate+blindARQ,0,80.0,awd,0.02,2025,2160,0,0,0.0,60.0,3,20,3,17,0,0.0,87,1861,2.3479,4,3,0,1836,882
ca_mau,severe,TwinGate+blindARQ,1,80.0,awd,0.02,2025,2160,0,0,0.0,80.0,3,11,4,8,1,20.0,87,1864,0.4303,4,3,0,1473,788
ca_mau,severe,TwinGate+blindARQ,2,80.0,awd,0.02,2025,2160,0,0,0.0,80.0,2,6,4,4,2,40.0,88,1857,0.4303,3,2,0,1713,726
ca_mau,severe,TwinGate+blindARQ,3,80.0,awd,0.02,2025,2160,0,0,0.0,80.0,2,6,4,4,2,40.0,88,1824,0.6081,3,2,0,1713,726
ca_mau,severe,TwinGate+blindARQ,4,80.0,awd,0.02,2025,2160,0,0,0.0,80.0,3,8,4,5,1,20.0,87,1831,0.4303,4,3,0,1437,765
ca_mau,severe,TwinGate+blindARQ,5,80.0,awd,0.02,2025,2160,0,0,0.0,80.0,3,9,4,6,1,20.0,87,1826,0.0,4,3,0,1458,783
ca_mau,severe,TwinGate+blindARQ,6,80.0,awd,0.02,2025,2160,24,0,0.0735,80.0,1,15,4,14,3,60.0,89,1835,1.5555,2,1,0,1704,716
ca_mau,severe,TwinGate+blindARQ,7,80.0,awd,0.02,2025,2160,0,0,0.0,80.0,2,17,4,15,2,40.0,88,1839,1.291,3,2,0,1687,696
ca_mau,severe,TwinGate+blindARQ,8,80.0,awd,0.02,2025,2160,0,0,0.0,60.0,3,19,3,16,0,0.0,87,1831,2.0549,4,3,0,1836,882
ca_mau,severe,TwinGate+blindARQ,9,80.0,awd,0.02,2025,2160,0,0,0.0,80.0,3,9,4,6,1,20.0,87,1804,0.4303,4,3,0,1460,783
ca_mau,severe,Reactive+T2,0,80.0,awd,0.02,2025,2160,70,0,1.6595,80.0,2,3,2,1,0,0.0,0,1861,0.0,1,0,0,1644,652
ca_mau,severe,Reactive+T2,1,80.0,awd,0.02,2025,2160,67,0,1.3934,80.0,3,9,2,6,0,0.0,0,1864,0.4303,2,0,1,1652,674
ca_mau,severe,Reactive+T2,2,80.0,awd,0.02,2025,2160,49,0,0.8847,80.0,3,9,2,6,0,0.0,0,1857,1.2084,2,0,1,1634,672
ca_mau,severe,Reactive+T2,3,80.0,awd,0.02,2025,2160,0,0,0.0,80.0,6,19,2,13,0,0.0,0,1824,2.2254,2,1,0,1630,645
ca_mau,severe,Reactive+T2,4,80.0,awd,0.02,2025,2160,48,0,0.7591,80.0,5,16,2,11,0,0.0,0,1831,1.2101,2,0,1,1682,710
ca_mau,severe,Reactive+T2,5,80.0,awd,0.02,2025,2160,70,0,1.6475,80.0,2,3,2,1,0,0.0,0,1826,0.4303,1,0,0,1644,651
ca_mau,severe,Reactive+T2,6,80.0,awd,0.02,2025,2160,70,0,1.6596,80.0,2,2,2,0,1,20.0,0,1835,0.9534,1,0,0,1644,651
ca_mau,severe,Reactive+T2,7,80.0,awd,0.02,2025,2160,23,0,0.0601,80.0,4,11,2,7,0,0.0,0,1839,1.8575,2,0,1,1630,651
ca_mau,severe,Reactive+T2,8,80.0,awd,0.02,2025,2160,50,0,1.0785,80.0,4,10,2,6,0,0.0,0,1831,0.6086,2,0,1,1674,694
ca_mau,severe,Reactive+T2,9,80.0,awd,0.02,2025,2160,70,0,1.6337,80.0,2,4,2,2,0,0.0,0,1804,0.4303,1,0,0,1644,652
ca_mau,severe,Reactive+blindARQ,0,80.0,awd,0.02,2025,2160,70,0,1.6595,80.0,2,3,2,1,0,0.0,0,1861,0.0,1,0,0,1644,652
ca_mau,severe,Reactive+blindARQ,1,80.0,awd,0.02,2025,2160,69,0,1.55,80.0,2,16,2,14,0,0.0,0,1864,1.2172,1,0,0,1643,663
ca_mau,severe,Reactive+blindARQ,2,80.0,awd,0.02,2025,2160,70,0,1.6101,80.0,2,11,2,9,0,0.0,0,1857,1.2869,1,0,0,1644,659
ca_mau,severe,Reactive+blindARQ,3,80.0,awd,0.02,2025,2160,70,0,1.6124,80.0,2,6,2,4,0,0.0,0,1824,0.9568,1,0,0,1644,654
ca_mau,severe,Reactive+blindARQ,4,80.0,awd,0.02,2025,2160,70,0,1.6577,80.0,2,6,2,4,0,0.0,0,1831,0.9534,1,0,0,1644,655
ca_mau,severe,Reactive+blindARQ,5,80.0,awd,0.02,2025,2160,70,0,1.6475,80.0,2,3,2,1,0,0.0,0,1826,0.4303,1,0,0,1644,651
ca_mau,severe,Reactive+blindARQ,6,80.0,awd,0.02,2025,2160,70,0,1.6596,80.0,2,2,2,0,1,20.0,0,1835,0.9534,1,0,0,1644,651
ca_mau,severe,Reactive+blindARQ,7,80.0,awd,0.02,2025,2160,70,0,1.6124,80.0,2,6,2,4,1,20.0,0,1839,0.8545,1,0,0,1644,654
ca_mau,severe,Reactive+blindARQ,8,80.0,awd,0.02,2025,2160,70,0,1.6577,80.0,2,6,2,4,0,0.0,0,1831,0.4303,1,0,0,1644,655
ca_mau,severe,Reactive+blindARQ,9,80.0,awd,0.02,2025,2160,70,0,1.6337,80.0,2,4,2,2,0,0.0,0,1804,0.4303,1,0,0,1644,652
ca_mau,severe,FixedSchedule,0,80.0,awd,0.02,2025,2160,217,0,13.6285,80.0,2,7,2,5,0,0.0,0,1861,0.0013,1,0,0,1835,851
ca_mau,severe,FixedSchedule,1,80.0,awd,0.02,2025,2160,217,0,13.6281,80.0,2,6,2,4,0,0.0,0,1864,0.0,1,0,0,1835,854
ca_mau,severe,FixedSchedule,2,80.0,awd,0.02,2025,2160,217,0,13.6236,80.0,2,8,2,6,0,0.0,0,1857,5.8132,1,0,0,1835,855
ca_mau,severe,FixedSchedule,3,80.0,awd,0.02,2025,2160,217,0,13.6215,80.0,2,9,2,7,0,0.0,0,1824,5.8116,1,0,0,1835,855
ca_mau,severe,FixedSchedule,4,80.0,awd,0.02,2025,2160,217,0,13.6328,80.0,2,5,2,3,1,20.0,0,1831,0.0,1,0,0,1835,851
ca_mau,severe,FixedSchedule,5,80.0,awd,0.02,2025,2160,217,0,13.6125,80.0,2,10,2,8,0,0.0,0,1826,4.3144,1,0,0,1835,852
ca_mau,severe,FixedSchedule,6,80.0,awd,0.02,2025,2160,217,0,13.6399,80.0,2,2,2,0,1,20.0,0,1835,4.3301,1,0,0,1835,851
ca_mau,severe,FixedSchedule,7,80.0,awd,0.02,2025,2160,215,0,12.8118,80.0,2,21,2,19,0,0.0,0,1839,6.4479,1,0,0,1832,875
ca_mau,severe,FixedSchedule,8,80.0,awd,0.02,2025,2160,217,0,13.6269,80.0,2,8,2,6,0,0.0,0,1831,0.0018,1,0,0,1835,851
ca_mau,severe,FixedSchedule,9,80.0,awd,0.02,2025,2160,215,0,12.8476,80.0,2,13,2,11,0,0.0,0,1804,4.127,1,0,0,1832,867
ca_mau,severe,Oracle,0,80.0,awd,0.02,2025,2160,0,0,0.0,60.0,3,13,3,10,0,0.0,0,1861,1.0537,4,3,0,1872,873
ca_mau,severe,Oracle,1,80.0,awd,0.02,2025,2160,0,0,0.0,60.0,3,8,3,5,0,0.0,0,1864,0.4303,4,3,0,1867,873
ca_mau,severe,Oracle,2,80.0,awd,0.02,2025,2160,0,0,0.0,60.0,3,4,3,1,0,0.0,0,1857,0.6086,4,3,0,1863,873
ca_mau,severe,Oracle,3,80.0,awd,0.02,2025,2160,0,0,0.0,60.0,3,5,3,2,1,20.0,0,1824,0.6086,4,3,0,1864,873
ca_mau,severe,Oracle,4,80.0,awd,0.02,2025,2160,0,0,0.0,60.0,3,6,3,3,1,20.0,0,1831,0.4303,4,3,0,1865,873
ca_mau,severe,Oracle,5,80.0,awd,0.02,2025,2160,0,0,0.0,60.0,3,6,3,3,1,20.0,0,1826,0.0,4,3,0,1865,873
ca_mau,severe,Oracle,6,80.0,awd,0.02,2025,2160,0,0,0.0,60.0,3,14,3,11,1,20.0,0,1835,1.0541,4,3,0,1873,873
ca_mau,severe,Oracle,7,80.0,awd,0.02,2025,2160,0,0,0.0,60.0,3,5,3,2,0,0.0,0,1839,0.7453,4,3,0,1864,873
ca_mau,severe,Oracle,8,80.0,awd,0.02,2025,2160,0,0,0.0,60.0,3,19,3,16,0,0.0,0,1831,2.1161,4,3,0,1873,870
ca_mau,severe,Oracle,9,80.0,awd,0.02,2025,2160,0,0,0.0,60.0,3,4,3,1,1,20.0,0,1804,0.4303,4,3,0,1863,873
ca_mau,severe,TwinGate+T2+centre,0,80.0,awd,0.02,2025,2160,0,0,0.0,80.0,6,12,4,6,0,0.0,84,1861,0.8606,3,0,2,1573,661
ca_mau,severe,TwinGate+T2+centre,1,80.0,awd,0.02,2025,2160,0,0,0.0,80.0,3,9,4,6,1,20.0,87,1864,0.4303,2,0,1,1554,604
ca_mau,severe,TwinGate+T2+centre,2,80.0,awd,0.02,2025,2160,0,0,0.0,80.0,4,10,4,6,2,40.0,86,1857,0.7453,4,0,3,1575,609
ca_mau,severe,TwinGate+T2+centre,3,80.0,awd,0.02,2025,2160,4,0,0.011,80.0,6,20,4,14,2,40.0,84,1824,1.3608,3,1,1,1686,715
ca_mau,severe,TwinGate+T2+centre,4,80.0,awd,0.02,2025,2160,0,0,0.0,80.0,6,19,4,13,1,20.0,84,1831,0.9621,2,0,1,1585,639
ca_mau,severe,TwinGate+T2+centre,5,80.0,awd,0.02,2025,2160,0,0,0.0,80.0,4,11,4,7,1,20.0,86,1826,0.0,3,0,2,1567,627
ca_mau,severe,TwinGate+T2+centre,6,80.0,awd,0.02,2025,2160,0,0,0.0,80.0,5,17,4,12,0,0.0,85,1835,0.7421,3,0,2,1573,647
ca_mau,severe,TwinGate+T2+centre,7,80.0,awd,0.02,2025,2160,0,0,0.0,80.0,5,20,4,15,1,20.0,85,1839,1.1385,3,0,2,1587,636
ca_mau,severe,TwinGate+T2+centre,8,80.0,awd,0.02,2025,2160,0,0,0.0,80.0,6,14,4,8,0,0.0,84,1831,0.962,3,0,2,1589,663
ca_mau,severe,TwinGate+T2+centre,9,80.0,awd,0.02,2025,2160,0,0,0.0,80.0,3,7,4,4,1,20.0,87,1804,0.4303,1,0,0,1549,565
ca_mau,severe,TwinGate+T2,0,80.0,mid,0.05,2025,2160,0,0,0.0,80.0,6,12,4,6,0,0.0,84,1861,0.7451,5,1,3,1704,788
ca_mau,severe,TwinGate+T2,1,80.0,mid,0.05,2025,2160,0,0,0.0,80.0,3,5,4,2,1,20.0,87,1864,0.4303,4,0,3,1634,713
ca_mau,severe,TwinGate+T2,2,80.0,mid,0.05,2025,2160,0,0,0.0,80.0,3,9,4,6,1,20.0,87,1857,0.7454,4,0,3,1634,713
ca_mau,severe,TwinGate+T2,3,80.0,mid,0.05,2025,2160,0,0,0.0,80.0,3,9,4,6,2,40.0,87,1824,0.7454,3,1,1,1688,714
ca_mau,severe,TwinGate+T2,4,80.0,mid,0.05,2025,2160,0,0,0.0,80.0,4,10,4,6,0,0.0,86,1831,0.4303,5,0,4,1676,788
ca_mau,severe,TwinGate+T2,5,80.0,mid,0.05,2025,2160,0,0,0.0,80.0,4,10,4,6,1,20.0,86,1826,0.7454,4,1,2,1672,721
ca_mau,severe,TwinGate+T2,6,80.0,mid,0.05,2025,2160,0,0,0.0,80.0,3,10,4,7,2,40.0,87,1835,0.7454,4,0,3,1650,701
ca_mau,severe,TwinGate+T2,7,80.0,mid,0.05,2025,2160,0,0,0.0,80.0,4,12,4,8,2,40.0,86,1839,1.0539,4,0,3,1655,719
ca_mau,severe,TwinGate+T2,8,80.0,mid,0.05,2025,2160,0,0,0.0,80.0,7,18,4,11,0,0.0,83,1831,0.9622,5,1,3,1716,792
ca_mau,severe,TwinGate+T2,9,80.0,mid,0.05,2025,2160,0,0,0.0,80.0,4,11,4,7,1,20.0,86,1804,0.6086,4,0,3,1657,721
ca_mau,severe,TwinGate+blindARQ,0,80.0,mid,0.05,2025,2160,0,0,0.0,80.0,4,21,4,17,0,0.0,86,1861,2.2736,5,0,4,1674,772
ca_mau,severe,TwinGate+blindARQ,1,80.0,mid,0.05,2025,2160,0,0,0.0,80.0,3,5,4,2,1,20.0,87,1864,0.4303,4,0,3,1634,713
ca_mau,severe,TwinGate+blindARQ,2,80.0,mid,0.05,2025,2160,0,0,0.0,80.0,2,15,4,13,2,40.0,88,1857,1.0681,3,0,2,1645,685
ca_mau,severe,TwinGate+blindARQ,3,80.0,mid,0.05,2025,2160,0,0,0.0,80.0,2,23,4,21,2,40.0,88,1824,1.723,3,0,2,1652,693
ca_mau,severe,TwinGate+blindARQ,4,80.0,mid,0.05,2025,2160,0,0,0.0,80.0,3,34,4,31,1,20.0,87,1831,2.655,4,0,3,1657,740
ca_mau,severe,TwinGate+blindARQ,5,80.0,mid,0.05,2025,2160,0,0,0.0,80.0,3,9,4,6,1,20.0,87,1826,0.8607,4,0,3,1654,705
ca_mau,severe,TwinGate+blindARQ,6,80.0,mid,0.05,2025,2160,74,0,2.3815,80.0,1,13,4,12,3,60.0,89,1835,0.9624,2,0,1,1719,711
ca_mau,severe,TwinGate+blindARQ,7,80.0,mid,0.05,2025,2160,0,0,0.0,80.0,2,17,4,15,2,40.0,88,1839,1.561,3,0,2,1643,671
ca_mau,severe,TwinGate+blindARQ,8,80.0,mid,0.05,2025,2160,0,0,0.0,80.0,4,32,4,28,0,0.0,86,1831,2.4288,5,0,4,1693,792
ca_mau,severe,TwinGate+blindARQ,9,80.0,mid,0.05,2025,2160,0,0,0.0,80.0,3,16,4,13,1,20.0,87,1804,1.2908,4,0,3,1648,711
ca_mau,severe,Reactive+T2,0,80.0,mid,0.05,2025,2160,70,0,1.6595,80.0,2,3,2,1,0,0.0,0,1861,0.0,1,0,0,1644,652
ca_mau,severe,Reactive+T2,1,80.0,mid,0.05,2025,2160,67,0,1.3934,80.0,3,9,2,6,0,0.0,0,1864,0.4303,2,0,1,1652,674
ca_mau,severe,Reactive+T2,2,80.0,mid,0.05,2025,2160,49,0,0.8847,80.0,3,9,2,6,0,0.0,0,1857,1.2084,2,0,1,1634,672
ca_mau,severe,Reactive+T2,3,80.0,mid,0.05,2025,2160,0,0,0.0,80.0,6,19,2,13,0,0.0,0,1824,2.2254,2,1,0,1630,645
ca_mau,severe,Reactive+T2,4,80.0,mid,0.05,2025,2160,48,0,0.7591,80.0,5,16,2,11,0,0.0,0,1831,1.2101,2,0,1,1682,710
ca_mau,severe,Reactive+T2,5,80.0,mid,0.05,2025,2160,70,0,1.6475,80.0,2,3,2,1,0,0.0,0,1826,0.4303,1,0,0,1644,651
ca_mau,severe,Reactive+T2,6,80.0,mid,0.05,2025,2160,70,0,1.6596,80.0,2,2,2,0,1,20.0,0,1835,0.9534,1,0,0,1644,651
ca_mau,severe,Reactive+T2,7,80.0,mid,0.05,2025,2160,23,0,0.0601,80.0,4,11,2,7,0,0.0,0,1839,1.8575,2,0,1,1630,651
ca_mau,severe,Reactive+T2,8,80.0,mid,0.05,2025,2160,50,0,1.0785,80.0,4,10,2,6,0,0.0,0,1831,0.6086,2,0,1,1674,694
ca_mau,severe,Reactive+T2,9,80.0,mid,0.05,2025,2160,70,0,1.6337,80.0,2,4,2,2,0,0.0,0,1804,0.4303,1,0,0,1644,652
ca_mau,severe,Reactive+blindARQ,0,80.0,mid,0.05,2025,2160,70,0,1.6595,80.0,2,3,2,1,0,0.0,0,1861,0.0,1,0,0,1644,652
ca_mau,severe,Reactive+blindARQ,1,80.0,mid,0.05,2025,2160,69,0,1.55,80.0,2,16,2,14,0,0.0,0,1864,1.2172,1,0,0,1643,663
ca_mau,severe,Reactive+blindARQ,2,80.0,mid,0.05,2025,2160,70,0,1.6101,80.0,2,11,2,9,0,0.0,0,1857,1.2869,1,0,0,1644,659
ca_mau,severe,Reactive+blindARQ,3,80.0,mid,0.05,2025,2160,70,0,1.6124,80.0,2,6,2,4,0,0.0,0,1824,0.9568,1,0,0,1644,654
ca_mau,severe,Reactive+blindARQ,4,80.0,mid,0.05,2025,2160,70,0,1.6577,80.0,2,6,2,4,0,0.0,0,1831,0.9534,1,0,0,1644,655
ca_mau,severe,Reactive+blindARQ,5,80.0,mid,0.05,2025,2160,70,0,1.6475,80.0,2,3,2,1,0,0.0,0,1826,0.4303,1,0,0,1644,651
ca_mau,severe,Reactive+blindARQ,6,80.0,mid,0.05,2025,2160,70,0,1.6596,80.0,2,2,2,0,1,20.0,0,1835,0.9534,1,0,0,1644,651
ca_mau,severe,Reactive+blindARQ,7,80.0,mid,0.05,2025,2160,70,0,1.6124,80.0,2,6,2,4,1,20.0,0,1839,0.8545,1,0,0,1644,654
ca_mau,severe,Reactive+blindARQ,8,80.0,mid,0.05,2025,2160,70,0,1.6577,80.0,2,6,2,4,0,0.0,0,1831,0.4303,1,0,0,1644,655
ca_mau,severe,Reactive+blindARQ,9,80.0,mid,0.05,2025,2160,70,0,1.6337,80.0,2,4,2,2,0,0.0,0,1804,0.4303,1,0,0,1644,652
ca_mau,severe,FixedSchedule,0,80.0,mid,0.05,2025,2160,217,0,13.6285,80.0,2,7,2,5,0,0.0,0,1861,0.0013,1,0,0,1835,851
ca_mau,severe,FixedSchedule,1,80.0,mid,0.05,2025,2160,217,0,13.6281,80.0,2,6,2,4,0,0.0,0,1864,0.0,1,0,0,1835,854
ca_mau,severe,FixedSchedule,2,80.0,mid,0.05,2025,2160,217,0,13.6236,80.0,2,8,2,6,0,0.0,0,1857,5.8132,1,0,0,1835,855
ca_mau,severe,FixedSchedule,3,80.0,mid,0.05,2025,2160,217,0,13.6215,80.0,2,9,2,7,0,0.0,0,1824,5.8116,1,0,0,1835,855
ca_mau,severe,FixedSchedule,4,80.0,mid,0.05,2025,2160,217,0,13.6328,80.0,2,5,2,3,1,20.0,0,1831,0.0,1,0,0,1835,851
ca_mau,severe,FixedSchedule,5,80.0,mid,0.05,2025,2160,217,0,13.6125,80.0,2,10,2,8,0,0.0,0,1826,4.3144,1,0,0,1835,852
ca_mau,severe,FixedSchedule,6,80.0,mid,0.05,2025,2160,217,0,13.6399,80.0,2,2,2,0,1,20.0,0,1835,4.3301,1,0,0,1835,851
ca_mau,severe,FixedSchedule,7,80.0,mid,0.05,2025,2160,215,0,12.8118,80.0,2,21,2,19,0,0.0,0,1839,6.4479,1,0,0,1832,875
ca_mau,severe,FixedSchedule,8,80.0,mid,0.05,2025,2160,217,0,13.6269,80.0,2,8,2,6,0,0.0,0,1831,0.0018,1,0,0,1835,851
ca_mau,severe,FixedSchedule,9,80.0,mid,0.05,2025,2160,215,0,12.8476,80.0,2,13,2,11,0,0.0,0,1804,4.127,1,0,0,1832,867
ca_mau,severe,Oracle,0,80.0,mid,0.05,2025,2160,0,0,0.0,60.0,3,13,3,10,0,0.0,0,1861,1.0537,4,3,0,1872,873
ca_mau,severe,Oracle,1,80.0,mid,0.05,2025,2160,0,0,0.0,60.0,3,8,3,5,0,0.0,0,1864,0.4303,4,3,0,1867,873
ca_mau,severe,Oracle,2,80.0,mid,0.05,2025,2160,0,0,0.0,60.0,3,4,3,1,0,0.0,0,1857,0.6086,4,3,0,1863,873
ca_mau,severe,Oracle,3,80.0,mid,0.05,2025,2160,0,0,0.0,60.0,3,5,3,2,1,20.0,0,1824,0.6086,4,3,0,1864,873
ca_mau,severe,Oracle,4,80.0,mid,0.05,2025,2160,0,0,0.0,60.0,3,6,3,3,1,20.0,0,1831,0.4303,4,3,0,1865,873
ca_mau,severe,Oracle,5,80.0,mid,0.05,2025,2160,0,0,0.0,60.0,3,6,3,3,1,20.0,0,1826,0.0,4,3,0,1865,873
ca_mau,severe,Oracle,6,80.0,mid,0.05,2025,2160,0,0,0.0,60.0,3,14,3,11,1,20.0,0,1835,1.0541,4,3,0,1873,873
ca_mau,severe,Oracle,7,80.0,mid,0.05,2025,2160,0,0,0.0,60.0,3,5,3,2,0,0.0,0,1839,0.7453,4,3,0,1864,873
ca_mau,severe,Oracle,8,80.0,mid,0.05,2025,2160,0,0,0.0,60.0,3,19,3,16,0,0.0,0,1831,2.1161,4,3,0,1873,870
ca_mau,severe,Oracle,9,80.0,mid,0.05,2025,2160,0,0,0.0,60.0,3,4,3,1,1,20.0,0,1804,0.4303,4,3,0,1863,873
ca_mau,severe,TwinGate+T2+centre,0,80.0,mid,0.05,2025,2160,0,0,0.0,80.0,6,12,4,6,0,0.0,84,1861,0.8606,3,0,2,1573,661
ca_mau,severe,TwinGate+T2+centre,1,80.0,mid,0.05,2025,2160,0,0,0.0,80.0,3,9,4,6,1,20.0,87,1864,0.4303,2,0,1,1554,604
ca_mau,severe,TwinGate+T2+centre,2,80.0,mid,0.05,2025,2160,0,0,0.0,80.0,4,10,4,6,2,40.0,86,1857,0.7453,4,0,3,1575,609
ca_mau,severe,TwinGate+T2+centre,3,80.0,mid,0.05,2025,2160,4,0,0.011,80.0,6,20,4,14,2,40.0,84,1824,1.3608,3,1,1,1686,715
ca_mau,severe,TwinGate+T2+centre,4,80.0,mid,0.05,2025,2160,0,0,0.0,80.0,6,19,4,13,1,20.0,84,1831,0.9621,2,0,1,1585,639
ca_mau,severe,TwinGate+T2+centre,5,80.0,mid,0.05,2025,2160,0,0,0.0,80.0,4,11,4,7,1,20.0,86,1826,0.0,3,0,2,1567,627
ca_mau,severe,TwinGate+T2+centre,6,80.0,mid,0.05,2025,2160,0,0,0.0,80.0,5,17,4,12,0,0.0,85,1835,0.7421,3,0,2,1573,647
ca_mau,severe,TwinGate+T2+centre,7,80.0,mid,0.05,2025,2160,0,0,0.0,80.0,5,20,4,15,1,20.0,85,1839,1.1385,3,0,2,1587,636
ca_mau,severe,TwinGate+T2+centre,8,80.0,mid,0.05,2025,2160,0,0,0.0,80.0,6,14,4,8,0,0.0,84,1831,0.962,3,0,2,1589,663
ca_mau,severe,TwinGate+T2+centre,9,80.0,mid,0.05,2025,2160,0,0,0.0,80.0,3,7,4,4,1,20.0,87,1804,0.4303,1,0,0,1549,565
ca_mau,severe,TwinGate+T2,0,80.0,narrow,0.1,2025,2160,0,0,0.0,80.0,5,11,4,6,0,0.0,85,1861,0.4303,5,0,4,1660,744
ca_mau,severe,TwinGate+T2,1,80.0,narrow,0.1,2025,2160,0,0,0.0,80.0,4,10,4,6,1,20.0,86,1864,0.6086,4,0,3,1646,701
ca_mau,severe,TwinGate+T2,2,80.0,narrow,0.1,2025,2160,0,0,0.0,80.0,3,10,4,7,1,20.0,87,1857,0.6242,4,0,3,1631,671
ca_mau,severe,TwinGate+T2,3,80.0,narrow,0.1,2025,2160,0,0,0.0,80.0,5,17,4,12,1,20.0,85,1824,0.9621,4,1,2,1653,687
ca_mau,severe,TwinGate+T2,4,80.0,narrow,0.1,2025,2160,0,0,0.0,80.0,4,11,4,7,1,20.0,86,1831,0.6086,4,0,3,1629,683
ca_mau,severe,TwinGate+T2,5,80.0,narrow,0.1,2025,2160,0,0,0.0,80.0,4,8,4,4,0,0.0,86,1826,0.7454,5,0,4,1638,735
ca_mau,severe,TwinGate+T2,6,80.0,narrow,0.1,2025,2160,99,0,4.2609,80.0,1,4,4,3,3,60.0,89,1835,0.6274,2,0,1,1723,725
ca_mau,severe,TwinGate+T2,7,80.0,narrow,0.1,2025,2160,0,0,0.0,80.0,4,13,4,9,0,0.0,86,1839,0.9623,5,0,4,1641,738
ca_mau,severe,TwinGate+T2,8,80.0,narrow,0.1,2025,2160,0,0,0.0,80.0,4,7,4,3,0,0.0,86,1831,0.4303,5,0,4,1640,737
ca_mau,severe,TwinGate+T2,9,80.0,narrow,0.1,2025,2160,0,0,0.0,80.0,4,7,4,3,1,20.0,86,1804,0.6086,5,0,4,1638,735
ca_mau,severe,TwinGate+blindARQ,0,80.0,narrow,0.1,2025,2160,0,0,0.0,80.0,4,12,4,8,0,0.0,86,1861,0.6086,5,0,4,1645,742
ca_mau,severe,TwinGate+blindARQ,1,80.0,narrow,0.1,2025,2160,0,0,0.0,80.0,3,11,4,8,1,20.0,87,1864,0.7454,4,0,3,1631,686
ca_mau,severe,TwinGate+blindARQ,2,80.0,narrow,0.1,2025,2160,4,0,0.011,80.0,2,8,4,6,2,40.0,88,1857,0.6242,3,0,2,1662,692
ca_mau,severe,TwinGate+blindARQ,3,80.0,narrow,0.1,2025,2160,4,0,0.011,80.0,2,14,4,12,2,40.0,88,1824,1.4907,3,0,2,1656,699
ca_mau,severe,TwinGate+blindARQ,4,80.0,narrow,0.1,2025,2160,0,0,0.0,80.0,3,11,4,8,1,20.0,87,1831,0.7454,4,0,3,1593,657
ca_mau,severe,TwinGate+blindARQ,5,80.0,narrow,0.1,2025,2160,0,0,0.0,80.0,3,13,4,10,1,20.0,87,1826,1.118,4,0,3,1610,661
ca_mau,severe,TwinGate+blindARQ,6,80.0,narrow,0.1,2025,2160,99,0,4.2609,80.0,1,4,4,3,3,60.0,89,1835,0.6274,2,0,1,1723,725
ca_mau,severe,TwinGate+blindARQ,7,80.0,narrow,0.1,2025,2160,0,0,0.0,80.0,2,20,4,18,2,40.0,88,1839,1.9699,3,0,2,1576,620
ca_mau,severe,TwinGate+blindARQ,8,80.0,narrow,0.1,2025,2160,0,0,0.0,80.0,4,7,4,3,0,0.0,86,1831,0.4303,5,0,4,1640,737
ca_mau,severe,TwinGate+blindARQ,9,80.0,narrow,0.1,2025,2160,0,0,0.0,80.0,3,10,4,7,1,20.0,87,1804,0.6086,4,0,3,1609,661
ca_mau,severe,Reactive+T2,0,80.0,narrow,0.1,2025,2160,70,0,1.6595,80.0,2,3,2,1,0,0.0,0,1861,0.0,1,0,0,1644,652
ca_mau,severe,Reactive+T2,1,80.0,narrow,0.1,2025,2160,67,0,1.3934,80.0,3,9,2,6,0,0.0,0,1864,0.4303,2,0,1,1652,674
ca_mau,severe,Reactive+T2,2,80.0,narrow,0.1,2025,2160,49,0,0.8847,80.0,3,9,2,6,0,0.0,0,1857,1.2084,2,0,1,1634,672
ca_mau,severe,Reactive+T2,3,80.0,narrow,0.1,2025,2160,0,0,0.0,80.0,6,19,2,13,0,0.0,0,1824,2.2254,2,1,0,1630,645
ca_mau,severe,Reactive+T2,4,80.0,narrow,0.1,2025,2160,48,0,0.7591,80.0,5,16,2,11,0,0.0,0,1831,1.2101,2,0,1,1682,710
ca_mau,severe,Reactive+T2,5,80.0,narrow,0.1,2025,2160,70,0,1.6475,80.0,2,3,2,1,0,0.0,0,1826,0.4303,1,0,0,1644,651
ca_mau,severe,Reactive+T2,6,80.0,narrow,0.1,2025,2160,70,0,1.6596,80.0,2,2,2,0,1,20.0,0,1835,0.9534,1,0,0,1644,651
ca_mau,severe,Reactive+T2,7,80.0,narrow,0.1,2025,2160,23,0,0.0601,80.0,4,11,2,7,0,0.0,0,1839,1.8575,2,0,1,1630,651
ca_mau,severe,Reactive+T2,8,80.0,narrow,0.1,2025,2160,50,0,1.0785,80.0,4,10,2,6,0,0.0,0,1831,0.6086,2,0,1,1674,694
ca_mau,severe,Reactive+T2,9,80.0,narrow,0.1,2025,2160,70,0,1.6337,80.0,2,4,2,2,0,0.0,0,1804,0.4303,1,0,0,1644,652
ca_mau,severe,Reactive+blindARQ,0,80.0,narrow,0.1,2025,2160,70,0,1.6595,80.0,2,3,2,1,0,0.0,0,1861,0.0,1,0,0,1644,652
ca_mau,severe,Reactive+blindARQ,1,80.0,narrow,0.1,2025,2160,69,0,1.55,80.0,2,16,2,14,0,0.0,0,1864,1.2172,1,0,0,1643,663
ca_mau,severe,Reactive+blindARQ,2,80.0,narrow,0.1,2025,2160,70,0,1.6101,80.0,2,11,2,9,0,0.0,0,1857,1.2869,1,0,0,1644,659
ca_mau,severe,Reactive+blindARQ,3,80.0,narrow,0.1,2025,2160,70,0,1.6124,80.0,2,6,2,4,0,0.0,0,1824,0.9568,1,0,0,1644,654
ca_mau,severe,Reactive+blindARQ,4,80.0,narrow,0.1,2025,2160,70,0,1.6577,80.0,2,6,2,4,0,0.0,0,1831,0.9534,1,0,0,1644,655
ca_mau,severe,Reactive+blindARQ,5,80.0,narrow,0.1,2025,2160,70,0,1.6475,80.0,2,3,2,1,0,0.0,0,1826,0.4303,1,0,0,1644,651
ca_mau,severe,Reactive+blindARQ,6,80.0,narrow,0.1,2025,2160,70,0,1.6596,80.0,2,2,2,0,1,20.0,0,1835,0.9534,1,0,0,1644,651
ca_mau,severe,Reactive+blindARQ,7,80.0,narrow,0.1,2025,2160,70,0,1.6124,80.0,2,6,2,4,1,20.0,0,1839,0.8545,1,0,0,1644,654
ca_mau,severe,Reactive+blindARQ,8,80.0,narrow,0.1,2025,2160,70,0,1.6577,80.0,2,6,2,4,0,0.0,0,1831,0.4303,1,0,0,1644,655
ca_mau,severe,Reactive+blindARQ,9,80.0,narrow,0.1,2025,2160,70,0,1.6337,80.0,2,4,2,2,0,0.0,0,1804,0.4303,1,0,0,1644,652
ca_mau,severe,FixedSchedule,0,80.0,narrow,0.1,2025,2160,217,0,13.6285,80.0,2,7,2,5,0,0.0,0,1861,0.0013,1,0,0,1835,851
ca_mau,severe,FixedSchedule,1,80.0,narrow,0.1,2025,2160,217,0,13.6281,80.0,2,6,2,4,0,0.0,0,1864,0.0,1,0,0,1835,854
ca_mau,severe,FixedSchedule,2,80.0,narrow,0.1,2025,2160,217,0,13.6236,80.0,2,8,2,6,0,0.0,0,1857,5.8132,1,0,0,1835,855
ca_mau,severe,FixedSchedule,3,80.0,narrow,0.1,2025,2160,217,0,13.6215,80.0,2,9,2,7,0,0.0,0,1824,5.8116,1,0,0,1835,855
ca_mau,severe,FixedSchedule,4,80.0,narrow,0.1,2025,2160,217,0,13.6328,80.0,2,5,2,3,1,20.0,0,1831,0.0,1,0,0,1835,851
ca_mau,severe,FixedSchedule,5,80.0,narrow,0.1,2025,2160,217,0,13.6125,80.0,2,10,2,8,0,0.0,0,1826,4.3144,1,0,0,1835,852
ca_mau,severe,FixedSchedule,6,80.0,narrow,0.1,2025,2160,217,0,13.6399,80.0,2,2,2,0,1,20.0,0,1835,4.3301,1,0,0,1835,851
ca_mau,severe,FixedSchedule,7,80.0,narrow,0.1,2025,2160,215,0,12.8118,80.0,2,21,2,19,0,0.0,0,1839,6.4479,1,0,0,1832,875
ca_mau,severe,FixedSchedule,8,80.0,narrow,0.1,2025,2160,217,0,13.6269,80.0,2,8,2,6,0,0.0,0,1831,0.0018,1,0,0,1835,851
ca_mau,severe,FixedSchedule,9,80.0,narrow,0.1,2025,2160,215,0,12.8476,80.0,2,13,2,11,0,0.0,0,1804,4.127,1,0,0,1832,867
ca_mau,severe,Oracle,0,80.0,narrow,0.1,2025,2160,0,0,0.0,60.0,3,13,3,10,0,0.0,0,1861,1.0537,4,3,0,1872,873
ca_mau,severe,Oracle,1,80.0,narrow,0.1,2025,2160,0,0,0.0,60.0,3,8,3,5,0,0.0,0,1864,0.4303,4,3,0,1867,873
ca_mau,severe,Oracle,2,80.0,narrow,0.1,2025,2160,0,0,0.0,60.0,3,4,3,1,0,0.0,0,1857,0.6086,4,3,0,1863,873
ca_mau,severe,Oracle,3,80.0,narrow,0.1,2025,2160,0,0,0.0,60.0,3,5,3,2,1,20.0,0,1824,0.6086,4,3,0,1864,873
ca_mau,severe,Oracle,4,80.0,narrow,0.1,2025,2160,0,0,0.0,60.0,3,6,3,3,1,20.0,0,1831,0.4303,4,3,0,1865,873
ca_mau,severe,Oracle,5,80.0,narrow,0.1,2025,2160,0,0,0.0,60.0,3,6,3,3,1,20.0,0,1826,0.0,4,3,0,1865,873
ca_mau,severe,Oracle,6,80.0,narrow,0.1,2025,2160,0,0,0.0,60.0,3,14,3,11,1,20.0,0,1835,1.0541,4,3,0,1873,873
ca_mau,severe,Oracle,7,80.0,narrow,0.1,2025,2160,0,0,0.0,60.0,3,5,3,2,0,0.0,0,1839,0.7453,4,3,0,1864,873
ca_mau,severe,Oracle,8,80.0,narrow,0.1,2025,2160,0,0,0.0,60.0,3,19,3,16,0,0.0,0,1831,2.1161,4,3,0,1873,870
ca_mau,severe,Oracle,9,80.0,narrow,0.1,2025,2160,0,0,0.0,60.0,3,4,3,1,1,20.0,0,1804,0.4303,4,3,0,1863,873
ca_mau,severe,TwinGate+T2+centre,0,80.0,narrow,0.1,2025,2160,0,0,0.0,80.0,5,11,4,6,0,0.0,85,1861,0.4303,5,0,4,1660,744
ca_mau,severe,TwinGate+T2+centre,1,80.0,narrow,0.1,2025,2160,0,0,0.0,80.0,4,10,4,6,1,20.0,86,1864,0.6086,4,0,3,1646,701
ca_mau,severe,TwinGate+T2+centre,2,80.0,narrow,0.1,2025,2160,0,0,0.0,80.0,3,10,4,7,1,20.0,87,1857,0.6242,4,0,3,1631,671
ca_mau,severe,TwinGate+T2+centre,3,80.0,narrow,0.1,2025,2160,0,0,0.0,80.0,5,17,4,12,1,20.0,85,1824,0.9621,4,1,2,1653,687
ca_mau,severe,TwinGate+T2+centre,4,80.0,narrow,0.1,2025,2160,0,0,0.0,80.0,4,11,4,7,1,20.0,86,1831,0.6086,4,0,3,1629,683
ca_mau,severe,TwinGate+T2+centre,5,80.0,narrow,0.1,2025,2160,0,0,0.0,80.0,4,8,4,4,0,0.0,86,1826,0.7454,5,0,4,1638,735
ca_mau,severe,TwinGate+T2+centre,6,80.0,narrow,0.1,2025,2160,99,0,4.2609,80.0,1,4,4,3,3,60.0,89,1835,0.6274,2,0,1,1723,725
ca_mau,severe,TwinGate+T2+centre,7,80.0,narrow,0.1,2025,2160,0,0,0.0,80.0,4,13,4,9,0,0.0,86,1839,0.9623,5,0,4,1641,738
ca_mau,severe,TwinGate+T2+centre,8,80.0,narrow,0.1,2025,2160,0,0,0.0,80.0,4,7,4,3,0,0.0,86,1831,0.4303,5,0,4,1640,737
ca_mau,severe,TwinGate+T2+centre,9,80.0,narrow,0.1,2025,2160,0,0,0.0,80.0,4,7,4,3,1,20.0,86,1804,0.6086,5,0,4,1638,735
ca_mau,severe,TwinGate+T2,0,160.0,awd,0.02,2025,2160,0,0,0.0,60.0,6,17,3,11,0,0.0,84,1861,0.8604,4,3,0,1864,866
ca_mau,severe,TwinGate+T2,1,160.0,awd,0.02,2025,2160,0,0,0.0,80.0,4,13,4,9,1,20.0,86,1864,0.6086,4,3,0,1494,808
ca_mau,severe,TwinGate+T2,2,160.0,awd,0.02,2025,2160,0,0,0.0,80.0,3,6,4,3,2,40.0,87,1857,0.4303,4,3,0,1457,783
ca_mau,severe,TwinGate+T2,3,160.0,awd,0.02,2025,2160,0,0,0.0,60.0,3,9,3,6,1,20.0,87,1824,0.745,3,2,0,1781,802
ca_mau,severe,TwinGate+T2,4,160.0,awd,0.02,2025,2160,0,0,0.0,60.0,4,11,3,7,1,20.0,86,1831,0.7454,4,3,0,1865,873
ca_mau,severe,TwinGate+T2,5,160.0,awd,0.02,2025,2160,0,0,0.0,60.0,4,12,3,8,0,0.0,86,1826,0.6086,4,3,0,1854,879
ca_mau,severe,TwinGate+T2,6,160.0,awd,0.02,2025,2160,0,0,0.0,60.0,4,16,3,12,1,20.0,86,1835,0.9623,3,2,0,1788,805
ca_mau,severe,TwinGate+T2,7,160.0,awd,0.02,2025,2160,0,0,0.0,80.0,5,17,4,12,1,20.0,85,1839,0.9619,4,3,0,1505,807
ca_mau,severe,TwinGate+T2,8,160.0,awd,0.02,2025,2160,0,0,0.0,60.0,5,15,3,10,0,0.0,85,1831,0.9614,4,3,0,1852,870
ca_mau,severe,TwinGate+T2,9,160.0,awd,0.02,2025,2160,0,0,0.0,80.0,3,9,4,6,1,20.0,87,1804,0.4303,4,3,0,1460,783
ca_mau,severe,TwinGate+blindARQ,0,160.0,awd,0.02,2025,2160,0,0,0.0,60.0,3,20,3,17,0,0.0,87,1861,2.3479,4,3,0,1836,882
ca_mau,severe,TwinGate+blindARQ,1,160.0,awd,0.02,2025,2160,0,0,0.0,80.0,3,11,4,8,1,20.0,87,1864,0.4303,4,3,0,1473,788
ca_mau,severe,TwinGate+blindARQ,2,160.0,awd,0.02,2025,2160,0,0,0.0,80.0,2,6,4,4,2,40.0,88,1857,0.4303,3,2,0,1713,726
ca_mau,severe,TwinGate+blindARQ,3,160.0,awd,0.02,2025,2160,0,0,0.0,80.0,2,6,4,4,2,40.0,88,1824,0.6081,3,2,0,1713,726
ca_mau,severe,TwinGate+blindARQ,4,160.0,awd,0.02,2025,2160,0,0,0.0,80.0,3,8,4,5,1,20.0,87,1831,0.4303,4,3,0,1437,765
ca_mau,severe,TwinGate+blindARQ,5,160.0,awd,0.02,2025,2160,0,0,0.0,80.0,3,9,4,6,1,20.0,87,1826,0.0,4,3,0,1458,783
ca_mau,severe,TwinGate+blindARQ,6,160.0,awd,0.02,2025,2160,0,0,0.0,100.0,2,16,5,14,3,60.0,88,1835,1.5555,3,2,0,1688,699
ca_mau,severe,TwinGate+blindARQ,7,160.0,awd,0.02,2025,2160,0,0,0.0,80.0,2,17,4,15,2,40.0,88,1839,1.291,3,2,0,1687,696
ca_mau,severe,TwinGate+blindARQ,8,160.0,awd,0.02,2025,2160,0,0,0.0,60.0,3,19,3,16,0,0.0,87,1831,2.0549,4,3,0,1836,882
ca_mau,severe,TwinGate+blindARQ,9,160.0,awd,0.02,2025,2160,0,0,0.0,80.0,3,9,4,6,1,20.0,87,1804,0.4303,4,3,0,1460,783
ca_mau,severe,Reactive+T2,0,160.0,awd,0.02,2025,2160,0,0,0.0,160.0,3,4,3,1,0,0.0,0,1861,0.0,1,0,0,1115,419
ca_mau,severe,Reactive+T2,1,160.0,awd,0.02,2025,2160,0,0,0.0,160.0,6,19,3,13,0,0.0,0,1864,1.7216,3,0,2,1181,495
ca_mau,severe,Reactive+T2,2,160.0,awd,0.02,2025,2160,0,0,0.0,160.0,4,12,3,8,0,0.0,0,1857,1.4835,3,0,2,1133,450
ca_mau,severe,Reactive+T2,3,160.0,awd,0.02,2025,2160,0,0,0.0,160.0,7,20,3,13,1,40.0,0,1824,2.594,2,1,0,1196,472
ca_mau,severe,Reactive+T2,4,160.0,awd,0.02,2025,2160,0,0,0.0,160.0,5,18,3,13,1,60.0,0,1831,1.92,2,0,1,1586,617
ca_mau,severe,Reactive+T2,5,160.0,awd,0.02,2025,2160,0,0,0.0,160.0,4,10,3,6,0,0.0,0,1826,1.2187,2,0,1,1131,444
ca_mau,severe,Reactive+T2,6,160.0,awd,0.02,2025,2160,0,0,0.0,160.0,3,7,3,4,1,60.0,0,1835,1.487,1,0,0,1115,419
ca_mau,severe,Reactive+T2,7,160.0,awd,0.02,2025,2160,0,0,0.0,160.0,6,19,3,13,0,0.0,0,1839,2.3817,3,0,2,1181,473
ca_mau,severe,Reactive+T2,8,160.0,awd,0.02,2025,2160,0,0,0.0,160.0,5,11,3,6,0,0.0,0,1831,1.2678,3,0,2,1158,467
ca_mau,severe,Reactive+T2,9,160.0,awd,0.02,2025,2160,0,0,0.0,160.0,3,8,3,5,0,0.0,0,1804,0.8616,1,0,0,1115,422
ca_mau,severe,Reactive+blindARQ,0,160.0,awd,0.02,2025,2160,0,0,0.0,160.0,3,4,3,1,0,0.0,0,1861,0.0,1,0,0,1115,419
ca_mau,severe,Reactive+blindARQ,1,160.0,awd,0.02,2025,2160,0,0,0.0,160.0,3,21,3,18,0,0.0,0,1864,2.5989,1,0,0,1115,433
ca_mau,severe,Reactive+blindARQ,2,160.0,awd,0.02,2025,2160,0,0,0.0,160.0,3,12,3,9,1,40.0,0,1857,1.7181,1,0,0,1115,426
ca_mau,severe,Reactive+blindARQ,3,160.0,awd,0.02,2025,2160,0,0,0.0,160.0,3,17,3,14,0,0.0,0,1824,2.5976,1,0,0,1115,431
ca_mau,severe,Reactive+blindARQ,4,160.0,awd,0.02,2025,2160,0,0,0.0,160.0,2,8,3,6,1,60.0,0,1831,1.2102,1,0,0,1549,572
ca_mau,severe,Reactive+blindARQ,5,160.0,awd,0.02,2025,2160,0,0,0.0,160.0,3,9,3,6,0,0.0,0,1826,1.492,1,0,0,1115,423
ca_mau,severe,Reactive+blindARQ,6,160.0,awd,0.02,2025,2160,0,0,0.0,160.0,2,21,3,19,1,60.0,0,1835,0.859,1,0,0,1544,552
ca_mau,severe,Reactive+blindARQ,7,160.0,awd,0.02,2025,2160,0,0,0.0,160.0,2,11,3,9,1,60.0,0,1839,1.2091,1,0,0,1549,572
ca_mau,severe,Reactive+blindARQ,8,160.0,awd,0.02,2025,2160,0,0,0.0,160.0,3,7,3,4,0,0.0,0,1831,0.8647,1,0,0,1115,422
ca_mau,severe,Reactive+blindARQ,9,160.0,awd,0.02,2025,2160,0,0,0.0,160.0,3,8,3,5,0,0.0,0,1804,0.8616,1,0,0,1115,422
ca_mau,severe,FixedSchedule,0,160.0,awd,0.02,2025,2160,48,0,0.7488,160.0,3,8,3,5,0,0.0,0,1861,0.0013,1,0,0,1622,596
ca_mau,severe,FixedSchedule,1,160.0,awd,0.02,2025,2160,48,0,0.7481,160.0,3,7,3,4,0,0.0,0,1864,10.1124,1,0,0,1622,598
ca_mau,severe,FixedSchedule,2,160.0,awd,0.02,2025,2160,47,0,0.6677,160.0,3,14,3,11,1,40.0,0,1857,10.3393,1,0,0,1621,585
ca_mau,severe,FixedSchedule,3,160.0,awd,0.02,2025,2160,144,0,7.1426,160.0,3,10,3,7,0,0.0,0,1824,5.3927,1,0,0,1736,728
ca_mau,severe,FixedSchedule,4,160.0,awd,0.02,2025,2160,144,0,7.2191,160.0,2,7,3,5,1,60.0,0,1831,0.0002,1,0,0,1737,765
ca_mau,severe,FixedSchedule,5,160.0,awd,0.02,2025,2160,144,0,7.1996,160.0,3,11,3,8,0,0.0,0,1826,5.3178,1,0,0,1737,728
ca_mau,severe,FixedSchedule,6,160.0,awd,0.02,2025,2160,144,0,7.2191,160.0,2,3,3,1,2,100.0,0,1835,10.0555,1,0,0,1737,765
ca_mau,severe,FixedSchedule,7,160.0,awd,0.02,2025,2160,124,0,6.2356,160.0,2,22,3,20,1,60.0,0,1839,2.0175,1,0,0,1718,764
ca_mau,severe,FixedSchedule,8,160.0,awd,0.02,2025,2160,48,0,0.7488,160.0,3,10,3,7,0,0.0,0,1831,0.0018,1,0,0,1622,597
ca_mau,severe,FixedSchedule,9,160.0,awd,0.02,2025,2160,123,0,6.0049,160.0,3,14,3,11,1,40.0,0,1804,5.5217,1,0,0,1716,689
ca_mau,severe,Oracle,0,160.0,awd,0.02,2025,2160,0,0,0.0,80.0,4,14,4,10,0,0.0,0,1861,1.0537,4,4,0,1009,830
ca_mau,severe,Oracle,1,160.0,awd,0.02,2025,2160,0,0,0.0,80.0,4,10,4,6,0,0.0,0,1864,0.4303,4,4,0,1005,831
ca_mau,severe,Oracle,2,160.0,awd,0.02,2025,2160,0,0,0.0,80.0,4,5,4,1,1,20.0,0,1857,0.6086,4,4,0,1000,830
ca_mau,severe,Oracle,3,160.0,awd,0.02,2025,2160,0,0,0.0,80.0,4,6,4,2,2,40.0,0,1824,0.6086,4,4,0,1001,830
ca_mau,severe,Oracle,4,160.0,awd,0.02,2025,2160,0,0,0.0,80.0,4,7,4,3,1,20.0,0,1831,0.4303,4,4,0,1002,830
ca_mau,severe,Oracle,5,160.0,awd,0.02,2025,2160,0,0,0.0,80.0,4,13,4,9,1,20.0,0,1826,0.8147,4,4,0,1008,836
ca_mau,severe,Oracle,6,160.0,awd,0.02,2025,2160,0,0,0.0,80.0,4,19,4,15,1,20.0,0,1835,1.1851,4,4,0,1014,834
ca_mau,severe,Oracle,7,160.0,awd,0.02,2025,2160,0,0,0.0,80.0,4,9,4,5,0,0.0,0,1839,0.7453,4,4,0,1004,833
ca_mau,severe,Oracle,8,160.0,awd,0.02,2025,2160,0,0,0.0,80.0,4,25,4,21,0,0.0,0,1831,2.2019,4,4,0,1015,832
ca_mau,severe,Oracle,9,160.0,awd,0.02,2025,2160,0,0,0.0,80.0,4,6,4,2,1,20.0,0,1804,0.4303,4,4,0,1001,831
ca_mau,severe,TwinGate+T2+centre,0,160.0,awd,0.02,2025,2160,0,0,0.0,120.0,10,25,6,15,0,0.0,80,1861,1.1384,3,1,2,396,400
ca_mau,severe,TwinGate+T2+centre,1,160.0,awd,0.02,2025,2160,0,0,0.0,160.0,9,24,8,15,1,20.0,81,1864,0.7454,3,0,3,82,338
ca_mau,severe,TwinGate+T2+centre,2,160.0,awd,0.02,2025,2160,0,0,0.0,160.0,6,17,8,11,5,100.0,84,1857,1.1386,5,0,4,1157,501
ca_mau,severe,TwinGate+T2+centre,3,160.0,awd,0.02,2025,2160,0,0,0.0,160.0,11,37,8,26,3,60.0,79,1824,1.7367,4,1,3,166,363
ca_mau,severe,TwinGate+T2+centre,4,160.0,awd,0.02,2025,2160,0,0,0.0,160.0,10,26,8,16,2,40.0,80,1831,1.1384,3,0,3,83,324
ca_mau,severe,TwinGate+T2+centre,5,160.0,awd,0.02,2025,2160,0,0,0.0,160.0,7,20,8,13,2,40.0,83,1826,0.7454,4,0,4,46,333
ca_mau,severe,TwinGate+T2+centre,6,160.0,awd,0.02,2025,2160,0,0,0.0,160.0,7,21,8,14,2,40.0,83,1835,0.9574,3,0,2,1160,534
ca_mau,severe,TwinGate+T2+centre,7,160.0,awd,0.02,2025,2160,0,0,0.0,160.0,9,31,8,22,2,40.0,81,1839,1.3608,4,0,4,115,365
ca_mau,severe,TwinGate+T2+centre,8,160.0,awd,0.02,2025,2160,0,0,0.0,160.0,11,24,8,13,0,0.0,79,1831,1.1384,4,0,4,90,369
ca_mau,severe,TwinGate+T2+centre,9,160.0,awd,0.02,2025,2160,0,0,0.0,160.0,6,17,8,11,2,40.0,84,1804,0.6086,2,0,2,23,195
ca_mau,severe,TwinGate+T2,0,160.0,mid,0.05,2025,2160,0,0,0.0,100.0,7,16,5,9,0,0.0,83,1861,0.7451,5,2,3,772,692
ca_mau,severe,TwinGate+T2,1,160.0,mid,0.05,2025,2160,0,0,0.0,120.0,6,12,6,6,1,20.0,84,1864,0.6086,5,1,4,376,576
ca_mau,severe,TwinGate+T2,2,160.0,mid,0.05,2025,2160,0,0,0.0,160.0,4,13,8,9,4,80.0,86,1857,0.984,5,0,4,1286,660
ca_mau,severe,TwinGate+T2,3,160.0,mid,0.05,2025,2160,0,0,0.0,140.0,6,18,7,12,3,60.0,84,1824,0.9623,4,2,2,381,522
ca_mau,severe,TwinGate+T2,4,160.0,mid,0.05,2025,2160,0,0,0.0,120.0,6,14,6,8,0,0.0,84,1831,0.4303,6,1,5,419,662
ca_mau,severe,TwinGate+T2,5,160.0,mid,0.05,2025,2160,0,0,0.0,160.0,6,15,8,9,3,60.0,84,1826,1.2172,5,2,3,414,594
ca_mau,severe,TwinGate+T2,6,160.0,mid,0.05,2025,2160,0,0,0.0,160.0,5,14,8,9,4,80.0,85,1835,0.9833,5,1,4,367,538
ca_mau,severe,TwinGate+T2,7,160.0,mid,0.05,2025,2160,0,0,0.0,100.0,6,17,5,11,2,40.0,84,1839,1.1384,4,1,3,720,620
ca_mau,severe,TwinGate+T2,8,160.0,mid,0.05,2025,2160,0,0,0.0,120.0,8,20,6,12,1,20.0,82,1831,0.9622,5,2,3,444,639
ca_mau,severe,TwinGate+T2,9,160.0,mid,0.05,2025,2160,0,0,0.0,120.0,7,19,6,12,1,20.0,83,1804,0.7454,5,1,4,400,583
ca_mau,severe,TwinGate+blindARQ,0,160.0,mid,0.05,2025,2160,0,0,0.0,120.0,6,39,6,33,0,0.0,84,1861,2.9444,6,1,5,431,660
ca_mau,severe,TwinGate+blindARQ,1,160.0,mid,0.05,2025,2160,0,0,0.0,120.0,5,12,6,7,1,20.0,85,1864,0.6086,5,1,4,356,570
ca_mau,severe,TwinGate+blindARQ,2,160.0,mid,0.05,2025,2160,0,0,0.0,160.0,3,27,8,24,5,100.0,87,1857,1.3863,4,0,3,1250,583
ca_mau,severe,TwinGate+blindARQ,3,160.0,mid,0.05,2025,2160,0,0,0.0,160.0,4,38,8,34,4,80.0,86,1824,1.9555,4,1,3,327,497
ca_mau,severe,TwinGate+blindARQ,4,160.0,mid,0.05,2025,2160,0,0,0.0,120.0,5,38,6,33,1,20.0,85,1831,2.655,5,1,4,376,592
ca_mau,severe,TwinGate+blindARQ,5,160.0,mid,0.05,2025,2160,0,0,0.0,160.0,5,17,8,12,3,60.0,85,1826,1.2332,5,1,4,373,555
ca_mau,severe,TwinGate+blindARQ,6,160.0,mid,0.05,2025,2160,0,0,0.0,160.0,3,38,8,35,5,100.0,87,1835,1.7602,4,0,3,1268,588
ca_mau,severe,TwinGate+blindARQ,7,160.0,mid,0.05,2025,2160,0,0,0.0,140.0,4,21,7,17,3,60.0,86,1839,1.6192,4,1,3,360,524
ca_mau,severe,TwinGate+blindARQ,8,160.0,mid,0.05,2025,2160,0,0,0.0,120.0,5,34,6,29,1,20.0,85,1831,2.4288,5,1,4,396,593
ca_mau,severe,TwinGate+blindARQ,9,160.0,mid,0.05,2025,2160,0,0,0.0,120.0,5,24,6,19,1,20.0,85,1804,1.427,5,1,4,371,568
ca_mau,severe,Reactive+T2,0,160.0,mid,0.05,2025,2160,0,0,0.0,160.0,3,4,3,1,0,0.0,0,1861,0.0,1,0,0,1115,419
ca_mau,severe,Reactive+T2,1,160.0,mid,0.05,2025,2160,0,0,0.0,160.0,6,19,3,13,0,0.0,0,1864,1.7216,3,0,2,1181,495
ca_mau,severe,Reactive+T2,2,160.0,mid,0.05,2025,2160,0,0,0.0,160.0,4,12,3,8,0,0.0,0,1857,1.4835,3,0,2,1133,450
ca_mau,severe,Reactive+T2,3,160.0,mid,0.05,2025,2160,0,0,0.0,160.0,7,20,3,13,1,40.0,0,1824,2.594,2,1,0,1196,472
ca_mau,severe,Reactive+T2,4,160.0,mid,0.05,2025,2160,0,0,0.0,160.0,5,18,3,13,1,60.0,0,1831,1.92,2,0,1,1586,617
ca_mau,severe,Reactive+T2,5,160.0,mid,0.05,2025,2160,0,0,0.0,160.0,4,10,3,6,0,0.0,0,1826,1.2187,2,0,1,1131,444
ca_mau,severe,Reactive+T2,6,160.0,mid,0.05,2025,2160,0,0,0.0,160.0,3,7,3,4,1,60.0,0,1835,1.487,1,0,0,1115,419
ca_mau,severe,Reactive+T2,7,160.0,mid,0.05,2025,2160,0,0,0.0,160.0,6,19,3,13,0,0.0,0,1839,2.3817,3,0,2,1181,473
ca_mau,severe,Reactive+T2,8,160.0,mid,0.05,2025,2160,0,0,0.0,160.0,5,11,3,6,0,0.0,0,1831,1.2678,3,0,2,1158,467
ca_mau,severe,Reactive+T2,9,160.0,mid,0.05,2025,2160,0,0,0.0,160.0,3,8,3,5,0,0.0,0,1804,0.8616,1,0,0,1115,422
ca_mau,severe,Reactive+blindARQ,0,160.0,mid,0.05,2025,2160,0,0,0.0,160.0,3,4,3,1,0,0.0,0,1861,0.0,1,0,0,1115,419
ca_mau,severe,Reactive+blindARQ,1,160.0,mid,0.05,2025,2160,0,0,0.0,160.0,3,21,3,18,0,0.0,0,1864,2.5989,1,0,0,1115,433
ca_mau,severe,Reactive+blindARQ,2,160.0,mid,0.05,2025,2160,0,0,0.0,160.0,3,12,3,9,1,40.0,0,1857,1.7181,1,0,0,1115,426
ca_mau,severe,Reactive+blindARQ,3,160.0,mid,0.05,2025,2160,0,0,0.0,160.0,3,17,3,14,0,0.0,0,1824,2.5976,1,0,0,1115,431
ca_mau,severe,Reactive+blindARQ,4,160.0,mid,0.05,2025,2160,0,0,0.0,160.0,2,8,3,6,1,60.0,0,1831,1.2102,1,0,0,1549,572
ca_mau,severe,Reactive+blindARQ,5,160.0,mid,0.05,2025,2160,0,0,0.0,160.0,3,9,3,6,0,0.0,0,1826,1.492,1,0,0,1115,423
ca_mau,severe,Reactive+blindARQ,6,160.0,mid,0.05,2025,2160,0,0,0.0,160.0,2,21,3,19,1,60.0,0,1835,0.859,1,0,0,1544,552
ca_mau,severe,Reactive+blindARQ,7,160.0,mid,0.05,2025,2160,0,0,0.0,160.0,2,11,3,9,1,60.0,0,1839,1.2091,1,0,0,1549,572
ca_mau,severe,Reactive+blindARQ,8,160.0,mid,0.05,2025,2160,0,0,0.0,160.0,3,7,3,4,0,0.0,0,1831,0.8647,1,0,0,1115,422
ca_mau,severe,Reactive+blindARQ,9,160.0,mid,0.05,2025,2160,0,0,0.0,160.0,3,8,3,5,0,0.0,0,1804,0.8616,1,0,0,1115,422
ca_mau,severe,FixedSchedule,0,160.0,mid,0.05,2025,2160,48,0,0.7488,160.0,3,8,3,5,0,0.0,0,1861,0.0013,1,0,0,1622,596
ca_mau,severe,FixedSchedule,1,160.0,mid,0.05,2025,2160,48,0,0.7481,160.0,3,7,3,4,0,0.0,0,1864,10.1124,1,0,0,1622,598
ca_mau,severe,FixedSchedule,2,160.0,mid,0.05,2025,2160,47,0,0.6677,160.0,3,14,3,11,1,40.0,0,1857,10.3393,1,0,0,1621,585
ca_mau,severe,FixedSchedule,3,160.0,mid,0.05,2025,2160,144,0,7.1426,160.0,3,10,3,7,0,0.0,0,1824,5.3927,1,0,0,1736,728
ca_mau,severe,FixedSchedule,4,160.0,mid,0.05,2025,2160,144,0,7.2191,160.0,2,7,3,5,1,60.0,0,1831,0.0002,1,0,0,1737,765
ca_mau,severe,FixedSchedule,5,160.0,mid,0.05,2025,2160,144,0,7.1996,160.0,3,11,3,8,0,0.0,0,1826,5.3178,1,0,0,1737,728
ca_mau,severe,FixedSchedule,6,160.0,mid,0.05,2025,2160,144,0,7.2191,160.0,2,3,3,1,2,100.0,0,1835,10.0555,1,0,0,1737,765
ca_mau,severe,FixedSchedule,7,160.0,mid,0.05,2025,2160,124,0,6.2356,160.0,2,22,3,20,1,60.0,0,1839,2.0175,1,0,0,1718,764
ca_mau,severe,FixedSchedule,8,160.0,mid,0.05,2025,2160,48,0,0.7488,160.0,3,10,3,7,0,0.0,0,1831,0.0018,1,0,0,1622,597
ca_mau,severe,FixedSchedule,9,160.0,mid,0.05,2025,2160,123,0,6.0049,160.0,3,14,3,11,1,40.0,0,1804,5.5217,1,0,0,1716,689
ca_mau,severe,Oracle,0,160.0,mid,0.05,2025,2160,0,0,0.0,80.0,4,14,4,10,0,0.0,0,1861,1.0537,4,4,0,1009,830
ca_mau,severe,Oracle,1,160.0,mid,0.05,2025,2160,0,0,0.0,80.0,4,10,4,6,0,0.0,0,1864,0.4303,4,4,0,1005,831
ca_mau,severe,Oracle,2,160.0,mid,0.05,2025,2160,0,0,0.0,80.0,4,5,4,1,1,20.0,0,1857,0.6086,4,4,0,1000,830
ca_mau,severe,Oracle,3,160.0,mid,0.05,2025,2160,0,0,0.0,80.0,4,6,4,2,2,40.0,0,1824,0.6086,4,4,0,1001,830
ca_mau,severe,Oracle,4,160.0,mid,0.05,2025,2160,0,0,0.0,80.0,4,7,4,3,1,20.0,0,1831,0.4303,4,4,0,1002,830
ca_mau,severe,Oracle,5,160.0,mid,0.05,2025,2160,0,0,0.0,80.0,4,13,4,9,1,20.0,0,1826,0.8147,4,4,0,1008,836
ca_mau,severe,Oracle,6,160.0,mid,0.05,2025,2160,0,0,0.0,80.0,4,19,4,15,1,20.0,0,1835,1.1851,4,4,0,1014,834
ca_mau,severe,Oracle,7,160.0,mid,0.05,2025,2160,0,0,0.0,80.0,4,9,4,5,0,0.0,0,1839,0.7453,4,4,0,1004,833
ca_mau,severe,Oracle,8,160.0,mid,0.05,2025,2160,0,0,0.0,80.0,4,25,4,21,0,0.0,0,1831,2.2019,4,4,0,1015,832
ca_mau,severe,Oracle,9,160.0,mid,0.05,2025,2160,0,0,0.0,80.0,4,6,4,2,1,20.0,0,1804,0.4303,4,4,0,1001,831
ca_mau,severe,TwinGate+T2+centre,0,160.0,mid,0.05,2025,2160,0,0,0.0,120.0,10,25,6,15,0,0.0,80,1861,1.1384,3,1,2,396,400
ca_mau,severe,TwinGate+T2+centre,1,160.0,mid,0.05,2025,2160,0,0,0.0,160.0,9,24,8,15,1,20.0,81,1864,0.7454,3,0,3,82,338
ca_mau,severe,TwinGate+T2+centre,2,160.0,mid,0.05,2025,2160,0,0,0.0,160.0,6,17,8,11,5,100.0,84,1857,1.1386,5,0,4,1157,501
ca_mau,severe,TwinGate+T2+centre,3,160.0,mid,0.05,2025,2160,0,0,0.0,160.0,11,37,8,26,3,60.0,79,1824,1.7367,4,1,3,166,363
ca_mau,severe,TwinGate+T2+centre,4,160.0,mid,0.05,2025,2160,0,0,0.0,160.0,10,26,8,16,2,40.0,80,1831,1.1384,3,0,3,83,324
ca_mau,severe,TwinGate+T2+centre,5,160.0,mid,0.05,2025,2160,0,0,0.0,160.0,7,20,8,13,2,40.0,83,1826,0.7454,4,0,4,46,333
ca_mau,severe,TwinGate+T2+centre,6,160.0,mid,0.05,2025,2160,0,0,0.0,160.0,7,21,8,14,2,40.0,83,1835,0.9574,3,0,2,1160,534
ca_mau,severe,TwinGate+T2+centre,7,160.0,mid,0.05,2025,2160,0,0,0.0,160.0,9,31,8,22,2,40.0,81,1839,1.3608,4,0,4,115,365
ca_mau,severe,TwinGate+T2+centre,8,160.0,mid,0.05,2025,2160,0,0,0.0,160.0,11,24,8,13,0,0.0,79,1831,1.1384,4,0,4,90,369
ca_mau,severe,TwinGate+T2+centre,9,160.0,mid,0.05,2025,2160,0,0,0.0,160.0,6,17,8,11,2,40.0,84,1804,0.6086,2,0,2,23,195
ca_mau,severe,TwinGate+T2,0,160.0,narrow,0.1,2025,2160,0,0,0.0,120.0,9,26,6,17,0,0.0,81,1861,0.7454,6,1,5,382,600
ca_mau,severe,TwinGate+T2,1,160.0,narrow,0.1,2025,2160,0,0,0.0,120.0,6,15,6,9,1,20.0,84,1864,0.6086,5,1,4,318,532
ca_mau,severe,TwinGate+T2,2,160.0,narrow,0.1,2025,2160,0,0,0.0,160.0,5,18,8,13,3,60.0,85,1857,0.8718,5,1,4,303,459
ca_mau,severe,TwinGate+T2,3,160.0,narrow,0.1,2025,2160,0,0,0.0,160.0,7,21,8,14,3,60.0,83,1824,1.217,5,2,3,322,490
ca_mau,severe,TwinGate+T2,4,160.0,narrow,0.1,2025,2160,0,0,0.0,120.0,6,14,6,8,1,20.0,84,1831,0.6086,5,1,4,299,512
ca_mau,severe,TwinGate+T2,5,160.0,narrow,0.1,2025,2160,0,0,0.0,160.0,7,17,8,10,2,40.0,83,1826,1.291,6,1,5,332,560
ca_mau,severe,TwinGate+T2,6,160.0,narrow,0.1,2025,2160,0,0,0.0,160.0,7,22,8,15,4,80.0,83,1835,1.3694,5,2,3,342,512
ca_mau,severe,TwinGate+T2,7,160.0,narrow,0.1,2025,2160,0,0,0.0,140.0,6,16,7,10,1,20.0,84,1839,1.1386,6,1,5,310,548
ca_mau,severe,TwinGate+T2,8,160.0,narrow,0.1,2025,2160,0,0,0.0,120.0,5,10,6,5,1,20.0,85,1831,0.4303,5,1,4,316,533
ca_mau,severe,TwinGate+T2,9,160.0,narrow,0.1,2025,2160,0,0,0.0,120.0,8,18,6,10,1,20.0,82,1804,0.9623,6,1,5,356,594
ca_mau,severe,TwinGate+blindARQ,0,160.0,narrow,0.1,2025,2160,0,0,0.0,120.0,6,29,6,23,0,0.0,84,1861,1.4272,6,1,5,329,584
ca_mau,severe,TwinGate+blindARQ,1,160.0,narrow,0.1,2025,2160,0,0,0.0,120.0,5,16,6,11,1,20.0,85,1864,0.7454,5,1,4,303,518
ca_mau,severe,TwinGate+blindARQ,2,160.0,narrow,0.1,2025,2160,0,0,0.0,160.0,3,23,8,20,5,100.0,87,1857,0.9883,4,0,3,1196,514
ca_mau,severe,TwinGate+blindARQ,3,160.0,narrow,0.1,2025,2160,0,0,0.0,160.0,4,33,8,29,4,80.0,86,1824,1.987,4,1,3,235,405
ca_mau,severe,TwinGate+blindARQ,4,160.0,narrow,0.1,2025,2160,0,0,0.0,120.0,5,13,6,8,1,20.0,85,1831,0.7454,5,1,4,553,482
ca_mau,severe,TwinGate+blindARQ,5,160.0,narrow,0.1,2025,2160,0,0,0.0,160.0,5,22,8,17,3,60.0,85,1826,1.4751,5,1,4,284,468
ca_mau,severe,TwinGate+blindARQ,6,160.0,narrow,0.1,2025,2160,0,0,0.0,160.0,3,32,8,29,5,100.0,87,1835,1.8692,4,0,3,1227,533
ca_mau,severe,TwinGate+blindARQ,7,160.0,narrow,0.1,2025,2160,0,0,0.0,140.0,4,28,7,24,3,60.0,86,1839,2.1497,4,1,3,553,434
ca_mau,severe,TwinGate+blindARQ,8,160.0,narrow,0.1,2025,2160,0,0,0.0,120.0,5,10,6,5,1,20.0,85,1831,0.4303,5,1,4,316,533
ca_mau,severe,TwinGate+blindARQ,9,160.0,narrow,0.1,2025,2160,0,0,0.0,120.0,5,18,6,13,1,20.0,85,1804,1.2172,5,1,4,575,492
ca_mau,severe,Reactive+T2,0,160.0,narrow,0.1,2025,2160,0,0,0.0,160.0,3,4,3,1,0,0.0,0,1861,0.0,1,0,0,1115,419
ca_mau,severe,Reactive+T2,1,160.0,narrow,0.1,2025,2160,0,0,0.0,160.0,6,19,3,13,0,0.0,0,1864,1.7216,3,0,2,1181,495
ca_mau,severe,Reactive+T2,2,160.0,narrow,0.1,2025,2160,0,0,0.0,160.0,4,12,3,8,0,0.0,0,1857,1.4835,3,0,2,1133,450
ca_mau,severe,Reactive+T2,3,160.0,narrow,0.1,2025,2160,0,0,0.0,160.0,7,20,3,13,1,40.0,0,1824,2.594,2,1,0,1196,472
ca_mau,severe,Reactive+T2,4,160.0,narrow,0.1,2025,2160,0,0,0.0,160.0,5,18,3,13,1,60.0,0,1831,1.92,2,0,1,1586,617
ca_mau,severe,Reactive+T2,5,160.0,narrow,0.1,2025,2160,0,0,0.0,160.0,4,10,3,6,0,0.0,0,1826,1.2187,2,0,1,1131,444
ca_mau,severe,Reactive+T2,6,160.0,narrow,0.1,2025,2160,0,0,0.0,160.0,3,7,3,4,1,60.0,0,1835,1.487,1,0,0,1115,419
ca_mau,severe,Reactive+T2,7,160.0,narrow,0.1,2025,2160,0,0,0.0,160.0,6,19,3,13,0,0.0,0,1839,2.3817,3,0,2,1181,473
ca_mau,severe,Reactive+T2,8,160.0,narrow,0.1,2025,2160,0,0,0.0,160.0,5,11,3,6,0,0.0,0,1831,1.2678,3,0,2,1158,467
ca_mau,severe,Reactive+T2,9,160.0,narrow,0.1,2025,2160,0,0,0.0,160.0,3,8,3,5,0,0.0,0,1804,0.8616,1,0,0,1115,422
ca_mau,severe,Reactive+blindARQ,0,160.0,narrow,0.1,2025,2160,0,0,0.0,160.0,3,4,3,1,0,0.0,0,1861,0.0,1,0,0,1115,419
ca_mau,severe,Reactive+blindARQ,1,160.0,narrow,0.1,2025,2160,0,0,0.0,160.0,3,21,3,18,0,0.0,0,1864,2.5989,1,0,0,1115,433
ca_mau,severe,Reactive+blindARQ,2,160.0,narrow,0.1,2025,2160,0,0,0.0,160.0,3,12,3,9,1,40.0,0,1857,1.7181,1,0,0,1115,426
ca_mau,severe,Reactive+blindARQ,3,160.0,narrow,0.1,2025,2160,0,0,0.0,160.0,3,17,3,14,0,0.0,0,1824,2.5976,1,0,0,1115,431
ca_mau,severe,Reactive+blindARQ,4,160.0,narrow,0.1,2025,2160,0,0,0.0,160.0,2,8,3,6,1,60.0,0,1831,1.2102,1,0,0,1549,572
ca_mau,severe,Reactive+blindARQ,5,160.0,narrow,0.1,2025,2160,0,0,0.0,160.0,3,9,3,6,0,0.0,0,1826,1.492,1,0,0,1115,423
ca_mau,severe,Reactive+blindARQ,6,160.0,narrow,0.1,2025,2160,0,0,0.0,160.0,2,21,3,19,1,60.0,0,1835,0.859,1,0,0,1544,552
ca_mau,severe,Reactive+blindARQ,7,160.0,narrow,0.1,2025,2160,0,0,0.0,160.0,2,11,3,9,1,60.0,0,1839,1.2091,1,0,0,1549,572
ca_mau,severe,Reactive+blindARQ,8,160.0,narrow,0.1,2025,2160,0,0,0.0,160.0,3,7,3,4,0,0.0,0,1831,0.8647,1,0,0,1115,422
ca_mau,severe,Reactive+blindARQ,9,160.0,narrow,0.1,2025,2160,0,0,0.0,160.0,3,8,3,5,0,0.0,0,1804,0.8616,1,0,0,1115,422
ca_mau,severe,FixedSchedule,0,160.0,narrow,0.1,2025,2160,48,0,0.7488,160.0,3,8,3,5,0,0.0,0,1861,0.0013,1,0,0,1622,596
ca_mau,severe,FixedSchedule,1,160.0,narrow,0.1,2025,2160,48,0,0.7481,160.0,3,7,3,4,0,0.0,0,1864,10.1124,1,0,0,1622,598
ca_mau,severe,FixedSchedule,2,160.0,narrow,0.1,2025,2160,47,0,0.6677,160.0,3,14,3,11,1,40.0,0,1857,10.3393,1,0,0,1621,585
ca_mau,severe,FixedSchedule,3,160.0,narrow,0.1,2025,2160,144,0,7.1426,160.0,3,10,3,7,0,0.0,0,1824,5.3927,1,0,0,1736,728
ca_mau,severe,FixedSchedule,4,160.0,narrow,0.1,2025,2160,144,0,7.2191,160.0,2,7,3,5,1,60.0,0,1831,0.0002,1,0,0,1737,765
ca_mau,severe,FixedSchedule,5,160.0,narrow,0.1,2025,2160,144,0,7.1996,160.0,3,11,3,8,0,0.0,0,1826,5.3178,1,0,0,1737,728
ca_mau,severe,FixedSchedule,6,160.0,narrow,0.1,2025,2160,144,0,7.2191,160.0,2,3,3,1,2,100.0,0,1835,10.0555,1,0,0,1737,765
ca_mau,severe,FixedSchedule,7,160.0,narrow,0.1,2025,2160,124,0,6.2356,160.0,2,22,3,20,1,60.0,0,1839,2.0175,1,0,0,1718,764
ca_mau,severe,FixedSchedule,8,160.0,narrow,0.1,2025,2160,48,0,0.7488,160.0,3,10,3,7,0,0.0,0,1831,0.0018,1,0,0,1622,597
ca_mau,severe,FixedSchedule,9,160.0,narrow,0.1,2025,2160,123,0,6.0049,160.0,3,14,3,11,1,40.0,0,1804,5.5217,1,0,0,1716,689
ca_mau,severe,Oracle,0,160.0,narrow,0.1,2025,2160,0,0,0.0,80.0,4,14,4,10,0,0.0,0,1861,1.0537,4,4,0,1009,830
ca_mau,severe,Oracle,1,160.0,narrow,0.1,2025,2160,0,0,0.0,80.0,4,10,4,6,0,0.0,0,1864,0.4303,4,4,0,1005,831
ca_mau,severe,Oracle,2,160.0,narrow,0.1,2025,2160,0,0,0.0,80.0,4,5,4,1,1,20.0,0,1857,0.6086,4,4,0,1000,830
ca_mau,severe,Oracle,3,160.0,narrow,0.1,2025,2160,0,0,0.0,80.0,4,6,4,2,2,40.0,0,1824,0.6086,4,4,0,1001,830
ca_mau,severe,Oracle,4,160.0,narrow,0.1,2025,2160,0,0,0.0,80.0,4,7,4,3,1,20.0,0,1831,0.4303,4,4,0,1002,830
ca_mau,severe,Oracle,5,160.0,narrow,0.1,2025,2160,0,0,0.0,80.0,4,13,4,9,1,20.0,0,1826,0.8147,4,4,0,1008,836
ca_mau,severe,Oracle,6,160.0,narrow,0.1,2025,2160,0,0,0.0,80.0,4,19,4,15,1,20.0,0,1835,1.1851,4,4,0,1014,834
ca_mau,severe,Oracle,7,160.0,narrow,0.1,2025,2160,0,0,0.0,80.0,4,9,4,5,0,0.0,0,1839,0.7453,4,4,0,1004,833
ca_mau,severe,Oracle,8,160.0,narrow,0.1,2025,2160,0,0,0.0,80.0,4,25,4,21,0,0.0,0,1831,2.2019,4,4,0,1015,832
ca_mau,severe,Oracle,9,160.0,narrow,0.1,2025,2160,0,0,0.0,80.0,4,6,4,2,1,20.0,0,1804,0.4303,4,4,0,1001,831
ca_mau,severe,TwinGate+T2+centre,0,160.0,narrow,0.1,2025,2160,0,0,0.0,120.0,9,26,6,17,0,0.0,81,1861,0.7454,6,1,5,382,600
ca_mau,severe,TwinGate+T2+centre,1,160.0,narrow,0.1,2025,2160,0,0,0.0,120.0,6,15,6,9,1,20.0,84,1864,0.6086,5,1,4,318,532
ca_mau,severe,TwinGate+T2+centre,2,160.0,narrow,0.1,2025,2160,0,0,0.0,160.0,5,18,8,13,3,60.0,85,1857,0.8718,5,1,4,303,459
ca_mau,severe,TwinGate+T2+centre,3,160.0,narrow,0.1,2025,2160,0,0,0.0,160.0,7,21,8,14,3,60.0,83,1824,1.217,5,2,3,322,490
ca_mau,severe,TwinGate+T2+centre,4,160.0,narrow,0.1,2025,2160,0,0,0.0,120.0,6,14,6,8,1,20.0,84,1831,0.6086,5,1,4,299,512
ca_mau,severe,TwinGate+T2+centre,5,160.0,narrow,0.1,2025,2160,0,0,0.0,160.0,7,17,8,10,2,40.0,83,1826,1.291,6,1,5,332,560
ca_mau,severe,TwinGate+T2+centre,6,160.0,narrow,0.1,2025,2160,0,0,0.0,160.0,7,22,8,15,4,80.0,83,1835,1.3694,5,2,3,342,512
ca_mau,severe,TwinGate+T2+centre,7,160.0,narrow,0.1,2025,2160,0,0,0.0,140.0,6,16,7,10,1,20.0,84,1839,1.1386,6,1,5,310,548
ca_mau,severe,TwinGate+T2+centre,8,160.0,narrow,0.1,2025,2160,0,0,0.0,120.0,5,10,6,5,1,20.0,85,1831,0.4303,5,1,4,316,533
ca_mau,severe,TwinGate+T2+centre,9,160.0,narrow,0.1,2025,2160,0,0,0.0,120.0,8,18,6,10,1,20.0,82,1804,0.9623,6,1,5,356,594
ca_mau,severe,TwinGate+T2,0,240.0,awd,0.02,2025,2160,0,0,0.0,80.0,8,25,4,17,0,0.0,82,1861,0.9621,4,4,0,764,681
ca_mau,severe,TwinGate+T2,1,240.0,awd,0.02,2025,2160,0,0,0.0,120.0,6,17,6,11,1,20.0,84,1864,0.6086,4,3,1,393,584
ca_mau,severe,TwinGate+T2,2,240.0,awd,0.02,2025,2160,0,0,0.0,120.0,4,10,6,6,3,60.0,86,1857,0.748,4,3,1,355,526
ca_mau,severe,TwinGate+T2,3,240.0,awd,0.02,2025,2160,0,0,0.0,120.0,5,17,6,12,2,40.0,85,1824,0.8603,3,3,0,681,579
ca_mau,severe,TwinGate+T2,4,240.0,awd,0.02,2025,2160,0,0,0.0,100.0,6,14,5,8,1,20.0,84,1831,0.7454,4,4,0,763,648
ca_mau,severe,TwinGate+T2,5,240.0,awd,0.02,2025,2160,0,0,0.0,140.0,6,16,7,10,2,40.0,84,1826,0.8607,4,4,0,751,653
ca_mau,severe,TwinGate+T2,6,240.0,awd,0.02,2025,2160,0,0,0.0,80.0,6,23,4,17,1,20.0,84,1835,1.0541,3,3,0,735,645
ca_mau,severe,TwinGate+T2,7,240.0,awd,0.02,2025,2160,0,0,0.0,100.0,7,22,5,15,1,20.0,83,1839,1.0538,4,3,1,450,645
ca_mau,severe,TwinGate+T2,8,240.0,awd,0.02,2025,2160,0,0,0.0,100.0,6,17,5,11,1,20.0,84,1831,1.0533,4,4,0,749,612
ca_mau,severe,TwinGate+T2,9,240.0,awd,0.02,2025,2160,0,0,0.0,120.0,5,12,6,7,1,20.0,85,1804,0.4303,4,3,1,357,558
ca_mau,severe,TwinGate+blindARQ,0,240.0,awd,0.02,2025,2160,0,0,0.0,100.0,5,30,5,25,0,0.0,85,1861,2.4634,4,4,0,736,664
ca_mau,severe,TwinGate+blindARQ,1,240.0,awd,0.02,2025,2160,0,0,0.0,120.0,5,15,6,10,1,20.0,85,1864,0.4303,4,3,1,372,564
ca_mau,severe,TwinGate+blindARQ,2,240.0,awd,0.02,2025,2160,0,0,0.0,200.0,3,27,10,24,7,140.0,87,1857,0.7523,3,3,0,611,469
ca_mau,severe,TwinGate+blindARQ,3,240.0,awd,0.02,2025,2160,0,0,0.0,140.0,3,17,7,14,4,80.0,87,1824,0.8629,3,3,0,613,471
ca_mau,severe,TwinGate+blindARQ,4,240.0,awd,0.02,2025,2160,0,0,0.0,120.0,5,11,6,6,1,20.0,85,1831,0.4303,4,3,1,335,540
ca_mau,severe,TwinGate+blindARQ,5,240.0,awd,0.02,2025,2160,0,0,0.0,140.0,4,12,7,8,3,60.0,86,1826,0.6086,4,3,1,355,525
ca_mau,severe,TwinGate+blindARQ,6,240.0,awd,0.02,2025,2160,0,0,0.0,180.0,3,30,9,27,6,120.0,87,1835,1.7258,3,3,0,591,447
ca_mau,severe,TwinGate+blindARQ,7,240.0,awd,0.02,2025,2160,0,0,0.0,140.0,4,32,7,28,3,60.0,86,1839,2.1075,3,3,0,595,481
ca_mau,severe,TwinGate+blindARQ,8,240.0,awd,0.02,2025,2160,0,0,0.0,100.0,4,21,5,17,1,20.0,86,1831,2.0995,4,4,0,733,624
ca_mau,severe,TwinGate+blindARQ,9,240.0,awd,0.02,2025,2160,0,0,0.0,120.0,5,12,6,7,1,20.0,85,1804,0.4303,4,3,1,357,558
ca_mau,severe,Reactive+T2,0,240.0,awd,0.02,2025,2160,0,0,0.0,240.0,4,5,4,1,0,0.0,0,1861,0.0,0,0,0,0,137
ca_mau,severe,Reactive+T2,1,240.0,awd,0.02,2025,2160,0,0,0.0,240.0,6,21,4,15,1,60.0,0,1864,1.9359,3,0,2,1181,495
ca_mau,severe,Reactive+T2,2,240.0,awd,0.02,2025,2160,0,0,0.0,240.0,6,19,4,13,0,0.0,0,1857,1.7305,3,0,3,31,193
ca_mau,severe,Reactive+T2,3,240.0,awd,0.02,2025,2160,0,0,0.0,240.0,7,22,4,15,2,120.0,0,1824,2.4563,2,1,0,1196,472
ca_mau,severe,Reactive+T2,4,240.0,awd,0.02,2025,2160,0,0,0.0,240.0,6,19,4,13,1,60.0,0,1831,2.0463,2,0,1,1174,469
ca_mau,severe,Reactive+T2,5,240.0,awd,0.02,2025,2160,0,0,0.0,240.0,5,14,4,9,0,0.0,0,1826,1.2336,1,0,1,16,162
ca_mau,severe,Reactive+T2,6,240.0,awd,0.02,2025,2160,0,0,0.0,240.0,2,7,4,5,3,180.0,0,1835,1.2126,1,0,0,1549,569
ca_mau,severe,Reactive+T2,7,240.0,awd,0.02,2025,2160,0,0,0.0,240.0,6,21,4,15,1,60.0,0,1839,2.5123,3,0,2,1181,473
ca_mau,severe,Reactive+T2,8,240.0,awd,0.02,2025,2160,0,0,0.0,240.0,7,16,4,9,0,0.0,0,1831,1.783,3,0,3,55,209
ca_mau,severe,Reactive+T2,9,240.0,awd,0.02,2025,2160,0,0,0.0,240.0,3,9,4,6,1,60.0,0,1804,0.8616,1,0,0,1115,422
ca_mau,severe,Reactive+blindARQ,0,240.0,awd,0.02,2025,2160,0,0,0.0,240.0,4,5,4,1,0,0.0,0,1861,0.0,0,0,0,0,137
ca_mau,severe,Reactive+blindARQ,1,240.0,awd,0.02,2025,2160,0,0,0.0,240.0,3,22,4,19,1,60.0,0,1864,2.5989,1,0,0,1115,433
ca_mau,severe,Reactive+blindARQ,2,240.0,awd,0.02,2025,2160,0,0,0.0,240.0,2,18,4,16,2,120.0,0,1857,1.4873,1,0,0,1547,572
ca_mau,severe,Reactive+blindARQ,3,240.0,awd,0.02,2025,2160,0,0,0.0,240.0,2,9,4,7,2,120.0,0,1824,1.2121,1,0,0,1549,572
ca_mau,severe,Reactive+blindARQ,4,240.0,awd,0.02,2025,2160,0,0,0.0,240.0,3,9,4,6,1,60.0,0,1831,1.2113,1,0,0,1115,421
ca_mau,severe,Reactive+blindARQ,5,240.0,awd,0.02,2025,2160,0,0,0.0,240.0,3,13,4,10,1,60.0,0,1826,1.515,1,0,0,1115,423
ca_mau,severe,Reactive+blindARQ,6,240.0,awd,0.02,2025,2160,123,0,6.0523,240.0,1,22,4,21,3,180.0,0,1835,0.859,1,0,0,1717,727
ca_mau,severe,Reactive+blindARQ,7,240.0,awd,0.02,2025,2160,0,0,0.0,240.0,2,12,4,10,2,120.0,0,1839,1.2091,1,0,0,1549,572
ca_mau,severe,Reactive+blindARQ,8,240.0,awd,0.02,2025,2160,0,0,0.0,240.0,4,14,4,10,0,0.0,0,1831,1.6979,0,0,0,0,146
ca_mau,severe,Reactive+blindARQ,9,240.0,awd,0.02,2025,2160,0,0,0.0,240.0,3,9,4,6,1,60.0,0,1804,0.8616,1,0,0,1115,422
ca_mau,severe,FixedSchedule,0,240.0,awd,0.02,2025,2160,4,0,0.011,240.0,4,10,4,6,0,0.0,0,1861,0.0013,1,0,0,1595,547
ca_mau,severe,FixedSchedule,1,240.0,awd,0.02,2025,2160,121,0,5.6033,240.0,3,15,4,12,1,60.0,0,1864,0.5838,1,0,0,1715,687
ca_mau,severe,FixedSchedule,2,240.0,awd,0.02,2025,2160,173,0,10.677,240.0,2,20,4,18,2,120.0,0,1857,1.3385,1,0,0,1807,784
ca_mau,severe,FixedSchedule,3,240.0,awd,0.02,2025,2160,211,0,11.7403,240.0,2,14,4,12,2,120.0,0,1824,0.9414,1,0,0,1812,803
ca_mau,severe,FixedSchedule,4,240.0,awd,0.02,2025,2160,122,0,5.9246,240.0,3,15,4,12,1,60.0,0,1831,0.8269,1,0,0,1716,689
ca_mau,severe,FixedSchedule,5,240.0,awd,0.02,2025,2160,122,0,5.9918,240.0,3,14,4,11,1,60.0,0,1826,0.939,1,0,0,1716,689
ca_mau,severe,FixedSchedule,6,240.0,awd,0.02,2025,2160,296,0,20.1433,240.0,1,8,4,7,3,180.0,0,1835,0.001,1,0,0,1927,955
ca_mau,severe,FixedSchedule,7,240.0,awd,0.02,2025,2160,212,0,11.9574,240.0,2,18,4,16,2,120.0,0,1839,0.4923,1,0,0,1813,807
ca_mau,severe,FixedSchedule,8,240.0,awd,0.02,2025,2160,4,0,0.011,240.0,4,14,4,10,0,0.0,0,1831,0.0018,1,0,0,1595,547
ca_mau,severe,FixedSchedule,9,240.0,awd,0.02,2025,2160,123,0,6.0049,240.0,3,15,4,12,1,60.0,0,1804,0.5067,1,0,0,1716,689
ca_mau,severe,Oracle,0,240.0,awd,0.02,2025,2160,0,0,0.0,120.0,6,28,6,22,0,0.0,0,1861,1.3002,4,4,0,628,560
ca_mau,severe,Oracle,1,240.0,awd,0.02,2025,2160,0,0,0.0,120.0,6,15,6,9,0,0.0,0,1864,0.6086,4,4,0,624,560
ca_mau,severe,Oracle,2,240.0,awd,0.02,2025,2160,0,0,0.0,120.0,6,10,6,4,2,40.0,0,1857,0.7454,4,4,0,616,560
ca_mau,severe,Oracle,3,240.0,awd,0.02,2025,2160,0,0,0.0,120.0,6,9,6,3,3,60.0,0,1824,0.8607,4,4,0,617,560
ca_mau,severe,Oracle,4,240.0,awd,0.02,2025,2160,0,0,0.0,120.0,6,10,6,4,1,20.0,0,1831,0.4303,4,4,0,618,560
ca_mau,severe,Oracle,5,240.0,awd,0.02,2025,2160,0,0,0.0,120.0,6,11,6,5,2,40.0,0,1826,0.6086,4,4,0,618,560
ca_mau,severe,Oracle,6,240.0,awd,0.02,2025,2160,0,0,0.0,120.0,6,20,6,14,2,40.0,0,1835,1.1386,4,4,0,626,560
ca_mau,severe,Oracle,7,240.0,awd,0.02,2025,2160,0,0,0.0,120.0,6,10,6,4,0,0.0,0,1839,0.8606,4,4,0,618,560
ca_mau,severe,Oracle,8,240.0,awd,0.02,2025,2160,0,0,0.0,120.0,6,33,6,27,0,0.0,0,1831,2.3542,4,4,0,633,557
ca_mau,severe,Oracle,9,240.0,awd,0.02,2025,2160,0,0,0.0,120.0,6,16,6,10,1,20.0,0,1804,1.12,4,4,0,624,560
ca_mau,severe,TwinGate+T2+centre,0,240.0,awd,0.02,2025,2160,0,0,0.0,120.0,10,25,6,15,0,0.0,80,1861,1.1384,3,1,2,396,400
ca_mau,severe,TwinGate+T2+centre,1,240.0,awd,0.02,2025,2160,0,0,0.0,160.0,9,24,8,15,1,20.0,81,1864,0.7454,3,0,3,82,338
ca_mau,severe,TwinGate+T2+centre,2,240.0,awd,0.02,2025,2160,0,0,0.0,220.0,8,21,11,13,6,120.0,82,1857,1.1386,5,0,5,55,276
ca_mau,severe,TwinGate+T2+centre,3,240.0,awd,0.02,2025,2160,0,0,0.0,180.0,11,40,9,29,4,80.0,79,1824,1.7367,4,1,3,166,363
ca_mau,severe,TwinGate+T2+centre,4,240.0,awd,0.02,2025,2160,0,0,0.0,160.0,10,26,8,16,2,40.0,80,1831,1.1384,3,0,3,83,324
ca_mau,severe,TwinGate+T2+centre,5,240.0,awd,0.02,2025,2160,0,0,0.0,180.0,7,21,9,14,3,60.0,83,1826,0.7454,4,0,4,46,263
ca_mau,severe,TwinGate+T2+centre,6,240.0,awd,0.02,2025,2160,0,0,0.0,200.0,9,29,10,20,3,60.0,81,1835,1.0496,3,0,3,107,374
ca_mau,severe,TwinGate+T2+centre,7,240.0,awd,0.02,2025,2160,0,0,0.0,180.0,9,32,9,23,3,60.0,81,1839,1.3608,4,0,4,115,317
ca_mau,severe,TwinGate+T2+centre,8,240.0,awd,0.02,2025,2160,0,0,0.0,160.0,11,24,8,13,0,0.0,79,1831,1.1384,4,0,4,90,369
ca_mau,severe,TwinGate+T2+centre,9,240.0,awd,0.02,2025,2160,0,0,0.0,160.0,6,17,8,11,2,40.0,84,1804,0.6086,2,0,2,23,195
ca_mau,severe,TwinGate+T2,0,240.0,mid,0.05,2025,2160,0,0,0.0,100.0,8,20,5,12,0,0.0,82,1861,0.8605,5,2,3,604,603
ca_mau,severe,TwinGate+T2,1,240.0,mid,0.05,2025,2160,0,0,0.0,140.0,6,11,7,5,1,20.0,84,1864,0.4303,5,0,5,186,441
ca_mau,severe,TwinGate+T2,2,240.0,mid,0.05,2025,2160,0,0,0.0,180.0,5,17,9,12,4,80.0,85,1857,1.157,5,1,4,353,563
ca_mau,severe,TwinGate+T2,3,240.0,mid,0.05,2025,2160,0,0,0.0,140.0,5,14,7,9,4,80.0,85,1824,0.8607,4,2,2,333,491
ca_mau,severe,TwinGate+T2,4,240.0,mid,0.05,2025,2160,0,0,0.0,160.0,7,15,8,8,1,20.0,83,1831,0.6086,6,0,6,250,534
ca_mau,severe,TwinGate+T2,5,240.0,mid,0.05,2025,2160,0,0,0.0,180.0,6,16,9,10,4,80.0,84,1826,1.2172,5,2,3,414,580
ca_mau,severe,TwinGate+T2,6,240.0,mid,0.05,2025,2160,0,0,0.0,140.0,6,19,7,13,3,60.0,84,1835,0.9623,5,0,5,249,443
ca_mau,severe,TwinGate+T2,7,240.0,mid,0.05,2025,2160,0,0,0.0,100.0,7,21,5,14,2,40.0,83,1839,1.217,4,1,3,600,557
ca_mau,severe,TwinGate+T2,8,240.0,mid,0.05,2025,2160,0,0,0.0,140.0,9,21,7,12,1,20.0,81,1831,0.9622,5,1,4,276,512
ca_mau,severe,TwinGate+T2,9,240.0,mid,0.05,2025,2160,0,0,0.0,140.0,7,18,7,11,1,20.0,83,1804,0.8607,5,0,5,207,446
ca_mau,severe,TwinGate+blindARQ,0,240.0,mid,0.05,2025,2160,0,0,0.0,140.0,7,45,7,38,0,0.0,83,1861,3.0373,6,0,6,263,538
ca_mau,severe,TwinGate+blindARQ,1,240.0,mid,0.05,2025,2160,0,0,0.0,140.0,6,11,7,5,1,20.0,84,1864,0.4303,5,0,5,186,441
ca_mau,severe,TwinGate+blindARQ,2,240.0,mid,0.05,2025,2160,0,0,0.0,220.0,4,33,11,29,7,140.0,86,1857,1.3864,4,1,3,317,486
ca_mau,severe,TwinGate+blindARQ,3,240.0,mid,0.05,2025,2160,0,0,0.0,180.0,4,45,9,41,5,100.0,86,1824,2.2215,4,1,3,327,483
ca_mau,severe,TwinGate+blindARQ,4,240.0,mid,0.05,2025,2160,0,0,0.0,160.0,6,39,8,33,2,40.0,84,1831,2.6897,5,0,5,207,464
ca_mau,severe,TwinGate+blindARQ,5,240.0,mid,0.05,2025,2160,0,0,0.0,180.0,5,18,9,13,4,80.0,85,1826,1.2332,5,1,4,373,541
ca_mau,severe,TwinGate+blindARQ,6,240.0,mid,0.05,2025,2160,0,0,0.0,200.0,4,40,10,36,6,120.0,86,1835,1.7602,4,1,3,333,489
ca_mau,severe,TwinGate+blindARQ,7,240.0,mid,0.05,2025,2160,0,0,0.0,140.0,4,33,7,29,3,60.0,86,1839,2.3231,4,0,4,203,390
ca_mau,severe,TwinGate+blindARQ,8,240.0,mid,0.05,2025,2160,0,0,0.0,140.0,6,35,7,29,1,20.0,84,1831,2.4288,5,0,5,228,466
ca_mau,severe,TwinGate+blindARQ,9,240.0,mid,0.05,2025,2160,0,0,0.0,160.0,6,26,8,20,2,40.0,84,1804,1.5514,5,0,5,198,437
ca_mau,severe,Reactive+T2,0,240.0,mid,0.05,2025,2160,0,0,0.0,240.0,4,5,4,1,0,0.0,0,1861,0.0,0,0,0,0,137
ca_mau,severe,Reactive+T2,1,240.0,mid,0.05,2025,2160,0,0,0.0,240.0,6,21,4,15,1,60.0,0,1864,1.9359,3,0,2,1181,495
ca_mau,severe,Reactive+T2,2,240.0,mid,0.05,2025,2160,0,0,0.0,240.0,6,19,4,13,0,0.0,0,1857,1.7305,3,0,3,31,193
ca_mau,severe,Reactive+T2,3,240.0,mid,0.05,2025,2160,0,0,0.0,240.0,7,22,4,15,2,120.0,0,1824,2.4563,2,1,0,1196,472
ca_mau,severe,Reactive+T2,4,240.0,mid,0.05,2025,2160,0,0,0.0,240.0,6,19,4,13,1,60.0,0,1831,2.0463,2,0,1,1174,469
ca_mau,severe,Reactive+T2,5,240.0,mid,0.05,2025,2160,0,0,0.0,240.0,5,14,4,9,0,0.0,0,1826,1.2336,1,0,1,16,162
ca_mau,severe,Reactive+T2,6,240.0,mid,0.05,2025,2160,0,0,0.0,240.0,2,7,4,5,3,180.0,0,1835,1.2126,1,0,0,1549,569
ca_mau,severe,Reactive+T2,7,240.0,mid,0.05,2025,2160,0,0,0.0,240.0,6,21,4,15,1,60.0,0,1839,2.5123,3,0,2,1181,473
ca_mau,severe,Reactive+T2,8,240.0,mid,0.05,2025,2160,0,0,0.0,240.0,7,16,4,9,0,0.0,0,1831,1.783,3,0,3,55,209
ca_mau,severe,Reactive+T2,9,240.0,mid,0.05,2025,2160,0,0,0.0,240.0,3,9,4,6,1,60.0,0,1804,0.8616,1,0,0,1115,422
ca_mau,severe,Reactive+blindARQ,0,240.0,mid,0.05,2025,2160,0,0,0.0,240.0,4,5,4,1,0,0.0,0,1861,0.0,0,0,0,0,137
ca_mau,severe,Reactive+blindARQ,1,240.0,mid,0.05,2025,2160,0,0,0.0,240.0,3,22,4,19,1,60.0,0,1864,2.5989,1,0,0,1115,433
ca_mau,severe,Reactive+blindARQ,2,240.0,mid,0.05,2025,2160,0,0,0.0,240.0,2,18,4,16,2,120.0,0,1857,1.4873,1,0,0,1547,572
ca_mau,severe,Reactive+blindARQ,3,240.0,mid,0.05,2025,2160,0,0,0.0,240.0,2,9,4,7,2,120.0,0,1824,1.2121,1,0,0,1549,572
ca_mau,severe,Reactive+blindARQ,4,240.0,mid,0.05,2025,2160,0,0,0.0,240.0,3,9,4,6,1,60.0,0,1831,1.2113,1,0,0,1115,421
ca_mau,severe,Reactive+blindARQ,5,240.0,mid,0.05,2025,2160,0,0,0.0,240.0,3,13,4,10,1,60.0,0,1826,1.515,1,0,0,1115,423
ca_mau,severe,Reactive+blindARQ,6,240.0,mid,0.05,2025,2160,123,0,6.0523,240.0,1,22,4,21,3,180.0,0,1835,0.859,1,0,0,1717,727
ca_mau,severe,Reactive+blindARQ,7,240.0,mid,0.05,2025,2160,0,0,0.0,240.0,2,12,4,10,2,120.0,0,1839,1.2091,1,0,0,1549,572
ca_mau,severe,Reactive+blindARQ,8,240.0,mid,0.05,2025,2160,0,0,0.0,240.0,4,14,4,10,0,0.0,0,1831,1.6979,0,0,0,0,146
ca_mau,severe,Reactive+blindARQ,9,240.0,mid,0.05,2025,2160,0,0,0.0,240.0,3,9,4,6,1,60.0,0,1804,0.8616,1,0,0,1115,422
ca_mau,severe,FixedSchedule,0,240.0,mid,0.05,2025,2160,4,0,0.011,240.0,4,10,4,6,0,0.0,0,1861,0.0013,1,0,0,1595,547
ca_mau,severe,FixedSchedule,1,240.0,mid,0.05,2025,2160,121,0,5.6033,240.0,3,15,4,12,1,60.0,0,1864,0.5838,1,0,0,1715,687
ca_mau,severe,FixedSchedule,2,240.0,mid,0.05,2025,2160,173,0,10.677,240.0,2,20,4,18,2,120.0,0,1857,1.3385,1,0,0,1807,784
ca_mau,severe,FixedSchedule,3,240.0,mid,0.05,2025,2160,211,0,11.7403,240.0,2,14,4,12,2,120.0,0,1824,0.9414,1,0,0,1812,803
ca_mau,severe,FixedSchedule,4,240.0,mid,0.05,2025,2160,122,0,5.9246,240.0,3,15,4,12,1,60.0,0,1831,0.8269,1,0,0,1716,689
ca_mau,severe,FixedSchedule,5,240.0,mid,0.05,2025,2160,122,0,5.9918,240.0,3,14,4,11,1,60.0,0,1826,0.939,1,0,0,1716,689
ca_mau,severe,FixedSchedule,6,240.0,mid,0.05,2025,2160,296,0,20.1433,240.0,1,8,4,7,3,180.0,0,1835,0.001,1,0,0,1927,955
ca_mau,severe,FixedSchedule,7,240.0,mid,0.05,2025,2160,212,0,11.9574,240.0,2,18,4,16,2,120.0,0,1839,0.4923,1,0,0,1813,807
ca_mau,severe,FixedSchedule,8,240.0,mid,0.05,2025,2160,4,0,0.011,240.0,4,14,4,10,0,0.0,0,1831,0.0018,1,0,0,1595,547
ca_mau,severe,FixedSchedule,9,240.0,mid,0.05,2025,2160,123,0,6.0049,240.0,3,15,4,12,1,60.0,0,1804,0.5067,1,0,0,1716,689
ca_mau,severe,Oracle,0,240.0,mid,0.05,2025,2160,0,0,0.0,120.0,6,28,6,22,0,0.0,0,1861,1.3002,4,4,0,628,560
ca_mau,severe,Oracle,1,240.0,mid,0.05,2025,2160,0,0,0.0,120.0,6,15,6,9,0,0.0,0,1864,0.6086,4,4,0,624,560
ca_mau,severe,Oracle,2,240.0,mid,0.05,2025,2160,0,0,0.0,120.0,6,10,6,4,2,40.0,0,1857,0.7454,4,4,0,616,560
ca_mau,severe,Oracle,3,240.0,mid,0.05,2025,2160,0,0,0.0,120.0,6,9,6,3,3,60.0,0,1824,0.8607,4,4,0,617,560
ca_mau,severe,Oracle,4,240.0,mid,0.05,2025,2160,0,0,0.0,120.0,6,10,6,4,1,20.0,0,1831,0.4303,4,4,0,618,560
ca_mau,severe,Oracle,5,240.0,mid,0.05,2025,2160,0,0,0.0,120.0,6,11,6,5,2,40.0,0,1826,0.6086,4,4,0,618,560
ca_mau,severe,Oracle,6,240.0,mid,0.05,2025,2160,0,0,0.0,120.0,6,20,6,14,2,40.0,0,1835,1.1386,4,4,0,626,560
ca_mau,severe,Oracle,7,240.0,mid,0.05,2025,2160,0,0,0.0,120.0,6,10,6,4,0,0.0,0,1839,0.8606,4,4,0,618,560
ca_mau,severe,Oracle,8,240.0,mid,0.05,2025,2160,0,0,0.0,120.0,6,33,6,27,0,0.0,0,1831,2.3542,4,4,0,633,557
ca_mau,severe,Oracle,9,240.0,mid,0.05,2025,2160,0,0,0.0,120.0,6,16,6,10,1,20.0,0,1804,1.12,4,4,0,624,560
ca_mau,severe,TwinGate+T2+centre,0,240.0,mid,0.05,2025,2160,0,0,0.0,120.0,10,25,6,15,0,0.0,80,1861,1.1384,3,1,2,396,400
ca_mau,severe,TwinGate+T2+centre,1,240.0,mid,0.05,2025,2160,0,0,0.0,160.0,9,24,8,15,1,20.0,81,1864,0.7454,3,0,3,82,338
ca_mau,severe,TwinGate+T2+centre,2,240.0,mid,0.05,2025,2160,0,0,0.0,220.0,8,21,11,13,6,120.0,82,1857,1.1386,5,0,5,55,276
ca_mau,severe,TwinGate+T2+centre,3,240.0,mid,0.05,2025,2160,0,0,0.0,180.0,11,40,9,29,4,80.0,79,1824,1.7367,4,1,3,166,363
ca_mau,severe,TwinGate+T2+centre,4,240.0,mid,0.05,2025,2160,0,0,0.0,160.0,10,26,8,16,2,40.0,80,1831,1.1384,3,0,3,83,324
ca_mau,severe,TwinGate+T2+centre,5,240.0,mid,0.05,2025,2160,0,0,0.0,180.0,7,21,9,14,3,60.0,83,1826,0.7454,4,0,4,46,263
ca_mau,severe,TwinGate+T2+centre,6,240.0,mid,0.05,2025,2160,0,0,0.0,200.0,9,29,10,20,3,60.0,81,1835,1.0496,3,0,3,107,374
ca_mau,severe,TwinGate+T2+centre,7,240.0,mid,0.05,2025,2160,0,0,0.0,180.0,9,32,9,23,3,60.0,81,1839,1.3608,4,0,4,115,317
ca_mau,severe,TwinGate+T2+centre,8,240.0,mid,0.05,2025,2160,0,0,0.0,160.0,11,24,8,13,0,0.0,79,1831,1.1384,4,0,4,90,369
ca_mau,severe,TwinGate+T2+centre,9,240.0,mid,0.05,2025,2160,0,0,0.0,160.0,6,17,8,11,2,40.0,84,1804,0.6086,2,0,2,23,195
ca_mau,severe,TwinGate+T2,0,240.0,narrow,0.1,2025,2160,0,0,0.0,120.0,9,26,6,17,0,0.0,81,1861,0.7454,6,1,5,382,600
ca_mau,severe,TwinGate+T2,1,240.0,narrow,0.1,2025,2160,0,0,0.0,120.0,6,15,6,9,1,20.0,84,1864,0.6086,5,1,4,318,532
ca_mau,severe,TwinGate+T2,2,240.0,narrow,0.1,2025,2160,0,0,0.0,160.0,5,18,8,13,3,60.0,85,1857,0.8718,5,1,4,303,459
ca_mau,severe,TwinGate+T2,3,240.0,narrow,0.1,2025,2160,0,0,0.0,180.0,7,22,9,15,4,80.0,83,1824,1.217,5,2,3,322,473
ca_mau,severe,TwinGate+T2,4,240.0,narrow,0.1,2025,2160,0,0,0.0,120.0,6,14,6,8,1,20.0,84,1831,0.6086,5,1,4,299,512
ca_mau,severe,TwinGate+T2,5,240.0,narrow,0.1,2025,2160,0,0,0.0,180.0,7,18,9,11,3,60.0,83,1826,1.291,6,1,5,332,546
ca_mau,severe,TwinGate+T2,6,240.0,narrow,0.1,2025,2160,0,0,0.0,180.0,7,25,9,18,5,100.0,83,1835,1.3694,5,2,3,342,495
ca_mau,severe,TwinGate+T2,7,240.0,narrow,0.1,2025,2160,0,0,0.0,140.0,6,16,7,10,1,20.0,84,1839,1.1386,6,1,5,310,548
ca_mau,severe,TwinGate+T2,8,240.0,narrow,0.1,2025,2160,0,0,0.0,120.0,5,10,6,5,1,20.0,85,1831,0.4303,5,1,4,316,533
ca_mau,severe,TwinGate+T2,9,240.0,narrow,0.1,2025,2160,0,0,0.0,120.0,8,18,6,10,1,20.0,82,1804,0.9623,6,1,5,356,594
ca_mau,severe,TwinGate+blindARQ,0,240.0,narrow,0.1,2025,2160,0,0,0.0,120.0,6,29,6,23,0,0.0,84,1861,1.4272,6,1,5,329,584
ca_mau,severe,TwinGate+blindARQ,1,240.0,narrow,0.1,2025,2160,0,0,0.0,120.0,5,16,6,11,1,20.0,85,1864,0.7454,5,1,4,303,518
ca_mau,severe,TwinGate+blindARQ,2,240.0,narrow,0.1,2025,2160,0,0,0.0,220.0,4,34,11,30,7,140.0,86,1857,0.9896,4,1,3,239,396
ca_mau,severe,TwinGate+blindARQ,3,240.0,narrow,0.1,2025,2160,0,0,0.0,180.0,4,34,9,30,5,100.0,86,1824,1.987,4,1,3,235,388
ca_mau,severe,TwinGate+blindARQ,4,240.0,narrow,0.1,2025,2160,0,0,0.0,120.0,5,13,6,8,1,20.0,85,1831,0.7454,5,1,4,553,482
ca_mau,severe,TwinGate+blindARQ,5,240.0,narrow,0.1,2025,2160,0,0,0.0,180.0,5,24,9,19,4,80.0,85,1826,1.5366,5,1,4,284,451
ca_mau,severe,TwinGate+blindARQ,6,240.0,narrow,0.1,2025,2160,0,0,0.0,200.0,4,36,10,32,6,120.0,86,1835,1.8692,4,1,3,268,413
ca_mau,severe,TwinGate+blindARQ,7,240.0,narrow,0.1,2025,2160,0,0,0.0,140.0,4,28,7,24,3,60.0,86,1839,2.1497,4,1,3,553,434
ca_mau,severe,TwinGate+blindARQ,8,240.0,narrow,0.1,2025,2160,0,0,0.0,120.0,5,10,6,5,1,20.0,85,1831,0.4303,5,1,4,316,533
ca_mau,severe,TwinGate+blindARQ,9,240.0,narrow,0.1,2025,2160,0,0,0.0,120.0,5,18,6,13,1,20.0,85,1804,1.2172,5,1,4,575,492
ca_mau,severe,Reactive+T2,0,240.0,narrow,0.1,2025,2160,0,0,0.0,240.0,4,5,4,1,0,0.0,0,1861,0.0,0,0,0,0,137
ca_mau,severe,Reactive+T2,1,240.0,narrow,0.1,2025,2160,0,0,0.0,240.0,6,21,4,15,1,60.0,0,1864,1.9359,3,0,2,1181,495
ca_mau,severe,Reactive+T2,2,240.0,narrow,0.1,2025,2160,0,0,0.0,240.0,6,19,4,13,0,0.0,0,1857,1.7305,3,0,3,31,193
ca_mau,severe,Reactive+T2,3,240.0,narrow,0.1,2025,2160,0,0,0.0,240.0,7,22,4,15,2,120.0,0,1824,2.4563,2,1,0,1196,472
ca_mau,severe,Reactive+T2,4,240.0,narrow,0.1,2025,2160,0,0,0.0,240.0,6,19,4,13,1,60.0,0,1831,2.0463,2,0,1,1174,469
ca_mau,severe,Reactive+T2,5,240.0,narrow,0.1,2025,2160,0,0,0.0,240.0,5,14,4,9,0,0.0,0,1826,1.2336,1,0,1,16,162
ca_mau,severe,Reactive+T2,6,240.0,narrow,0.1,2025,2160,0,0,0.0,240.0,2,7,4,5,3,180.0,0,1835,1.2126,1,0,0,1549,569
ca_mau,severe,Reactive+T2,7,240.0,narrow,0.1,2025,2160,0,0,0.0,240.0,6,21,4,15,1,60.0,0,1839,2.5123,3,0,2,1181,473
ca_mau,severe,Reactive+T2,8,240.0,narrow,0.1,2025,2160,0,0,0.0,240.0,7,16,4,9,0,0.0,0,1831,1.783,3,0,3,55,209
ca_mau,severe,Reactive+T2,9,240.0,narrow,0.1,2025,2160,0,0,0.0,240.0,3,9,4,6,1,60.0,0,1804,0.8616,1,0,0,1115,422
ca_mau,severe,Reactive+blindARQ,0,240.0,narrow,0.1,2025,2160,0,0,0.0,240.0,4,5,4,1,0,0.0,0,1861,0.0,0,0,0,0,137
ca_mau,severe,Reactive+blindARQ,1,240.0,narrow,0.1,2025,2160,0,0,0.0,240.0,3,22,4,19,1,60.0,0,1864,2.5989,1,0,0,1115,433
ca_mau,severe,Reactive+blindARQ,2,240.0,narrow,0.1,2025,2160,0,0,0.0,240.0,2,18,4,16,2,120.0,0,1857,1.4873,1,0,0,1547,572
ca_mau,severe,Reactive+blindARQ,3,240.0,narrow,0.1,2025,2160,0,0,0.0,240.0,2,9,4,7,2,120.0,0,1824,1.2121,1,0,0,1549,572
ca_mau,severe,Reactive+blindARQ,4,240.0,narrow,0.1,2025,2160,0,0,0.0,240.0,3,9,4,6,1,60.0,0,1831,1.2113,1,0,0,1115,421
ca_mau,severe,Reactive+blindARQ,5,240.0,narrow,0.1,2025,2160,0,0,0.0,240.0,3,13,4,10,1,60.0,0,1826,1.515,1,0,0,1115,423
ca_mau,severe,Reactive+blindARQ,6,240.0,narrow,0.1,2025,2160,123,0,6.0523,240.0,1,22,4,21,3,180.0,0,1835,0.859,1,0,0,1717,727
ca_mau,severe,Reactive+blindARQ,7,240.0,narrow,0.1,2025,2160,0,0,0.0,240.0,2,12,4,10,2,120.0,0,1839,1.2091,1,0,0,1549,572
ca_mau,severe,Reactive+blindARQ,8,240.0,narrow,0.1,2025,2160,0,0,0.0,240.0,4,14,4,10,0,0.0,0,1831,1.6979,0,0,0,0,146
ca_mau,severe,Reactive+blindARQ,9,240.0,narrow,0.1,2025,2160,0,0,0.0,240.0,3,9,4,6,1,60.0,0,1804,0.8616,1,0,0,1115,422
ca_mau,severe,FixedSchedule,0,240.0,narrow,0.1,2025,2160,4,0,0.011,240.0,4,10,4,6,0,0.0,0,1861,0.0013,1,0,0,1595,547
ca_mau,severe,FixedSchedule,1,240.0,narrow,0.1,2025,2160,121,0,5.6033,240.0,3,15,4,12,1,60.0,0,1864,0.5838,1,0,0,1715,687
ca_mau,severe,FixedSchedule,2,240.0,narrow,0.1,2025,2160,173,0,10.677,240.0,2,20,4,18,2,120.0,0,1857,1.3385,1,0,0,1807,784
ca_mau,severe,FixedSchedule,3,240.0,narrow,0.1,2025,2160,211,0,11.7403,240.0,2,14,4,12,2,120.0,0,1824,0.9414,1,0,0,1812,803
ca_mau,severe,FixedSchedule,4,240.0,narrow,0.1,2025,2160,122,0,5.9246,240.0,3,15,4,12,1,60.0,0,1831,0.8269,1,0,0,1716,689
ca_mau,severe,FixedSchedule,5,240.0,narrow,0.1,2025,2160,122,0,5.9918,240.0,3,14,4,11,1,60.0,0,1826,0.939,1,0,0,1716,689
ca_mau,severe,FixedSchedule,6,240.0,narrow,0.1,2025,2160,296,0,20.1433,240.0,1,8,4,7,3,180.0,0,1835,0.001,1,0,0,1927,955
ca_mau,severe,FixedSchedule,7,240.0,narrow,0.1,2025,2160,212,0,11.9574,240.0,2,18,4,16,2,120.0,0,1839,0.4923,1,0,0,1813,807
ca_mau,severe,FixedSchedule,8,240.0,narrow,0.1,2025,2160,4,0,0.011,240.0,4,14,4,10,0,0.0,0,1831,0.0018,1,0,0,1595,547
ca_mau,severe,FixedSchedule,9,240.0,narrow,0.1,2025,2160,123,0,6.0049,240.0,3,15,4,12,1,60.0,0,1804,0.5067,1,0,0,1716,689
ca_mau,severe,Oracle,0,240.0,narrow,0.1,2025,2160,0,0,0.0,120.0,6,28,6,22,0,0.0,0,1861,1.3002,4,4,0,628,560
ca_mau,severe,Oracle,1,240.0,narrow,0.1,2025,2160,0,0,0.0,120.0,6,15,6,9,0,0.0,0,1864,0.6086,4,4,0,624,560
ca_mau,severe,Oracle,2,240.0,narrow,0.1,2025,2160,0,0,0.0,120.0,6,10,6,4,2,40.0,0,1857,0.7454,4,4,0,616,560
ca_mau,severe,Oracle,3,240.0,narrow,0.1,2025,2160,0,0,0.0,120.0,6,9,6,3,3,60.0,0,1824,0.8607,4,4,0,617,560
ca_mau,severe,Oracle,4,240.0,narrow,0.1,2025,2160,0,0,0.0,120.0,6,10,6,4,1,20.0,0,1831,0.4303,4,4,0,618,560
ca_mau,severe,Oracle,5,240.0,narrow,0.1,2025,2160,0,0,0.0,120.0,6,11,6,5,2,40.0,0,1826,0.6086,4,4,0,618,560
ca_mau,severe,Oracle,6,240.0,narrow,0.1,2025,2160,0,0,0.0,120.0,6,20,6,14,2,40.0,0,1835,1.1386,4,4,0,626,560
ca_mau,severe,Oracle,7,240.0,narrow,0.1,2025,2160,0,0,0.0,120.0,6,10,6,4,0,0.0,0,1839,0.8606,4,4,0,618,560
ca_mau,severe,Oracle,8,240.0,narrow,0.1,2025,2160,0,0,0.0,120.0,6,33,6,27,0,0.0,0,1831,2.3542,4,4,0,633,557
ca_mau,severe,Oracle,9,240.0,narrow,0.1,2025,2160,0,0,0.0,120.0,6,16,6,10,1,20.0,0,1804,1.12,4,4,0,624,560
ca_mau,severe,TwinGate+T2+centre,0,240.0,narrow,0.1,2025,2160,0,0,0.0,120.0,9,26,6,17,0,0.0,81,1861,0.7454,6,1,5,382,600
ca_mau,severe,TwinGate+T2+centre,1,240.0,narrow,0.1,2025,2160,0,0,0.0,120.0,6,15,6,9,1,20.0,84,1864,0.6086,5,1,4,318,532
ca_mau,severe,TwinGate+T2+centre,2,240.0,narrow,0.1,2025,2160,0,0,0.0,160.0,5,18,8,13,3,60.0,85,1857,0.8718,5,1,4,303,459
ca_mau,severe,TwinGate+T2+centre,3,240.0,narrow,0.1,2025,2160,0,0,0.0,180.0,7,22,9,15,4,80.0,83,1824,1.217,5,2,3,322,473
ca_mau,severe,TwinGate+T2+centre,4,240.0,narrow,0.1,2025,2160,0,0,0.0,120.0,6,14,6,8,1,20.0,84,1831,0.6086,5,1,4,299,512
ca_mau,severe,TwinGate+T2+centre,5,240.0,narrow,0.1,2025,2160,0,0,0.0,180.0,7,18,9,11,3,60.0,83,1826,1.291,6,1,5,332,546
ca_mau,severe,TwinGate+T2+centre,6,240.0,narrow,0.1,2025,2160,0,0,0.0,180.0,7,25,9,18,5,100.0,83,1835,1.3694,5,2,3,342,495
ca_mau,severe,TwinGate+T2+centre,7,240.0,narrow,0.1,2025,2160,0,0,0.0,140.0,6,16,7,10,1,20.0,84,1839,1.1386,6,1,5,310,548
ca_mau,severe,TwinGate+T2+centre,8,240.0,narrow,0.1,2025,2160,0,0,0.0,120.0,5,10,6,5,1,20.0,85,1831,0.4303,5,1,4,316,533
ca_mau,severe,TwinGate+T2+centre,9,240.0,narrow,0.1,2025,2160,0,0,0.0,120.0,8,18,6,10,1,20.0,82,1804,0.9623,6,1,5,356,594
ca_mau,severe,TwinGate+T2,0,320.0,awd,0.02,2025,2160,0,0,0.0,120.0,10,25,6,15,0,0.0,80,1861,1.1384,3,1,2,396,400
ca_mau,severe,TwinGate+T2,1,320.0,awd,0.02,2025,2160,0,0,0.0,160.0,9,24,8,15,1,20.0,81,1864,0.7454,3,0,3,82,338
ca_mau,severe,TwinGate+T2,2,320.0,awd,0.02,2025,2160,0,0,0.0,220.0,8,21,11,13,6,120.0,82,1857,1.1386,5,0,5,55,276
ca_mau,severe,TwinGate+T2,3,320.0,awd,0.02,2025,2160,0,0,0.0,180.0,11,40,9,29,4,80.0,79,1824,1.7367,4,1,3,166,363
ca_mau,severe,TwinGate+T2,4,320.0,awd,0.02,2025,2160,0,0,0.0,160.0,10,26,8,16,2,40.0,80,1831,1.1384,3,0,3,83,324
ca_mau,severe,TwinGate+T2,5,320.0,awd,0.02,2025,2160,0,0,0.0,180.0,7,21,9,14,3,60.0,83,1826,0.7454,4,0,4,46,263
ca_mau,severe,TwinGate+T2,6,320.0,awd,0.02,2025,2160,0,0,0.0,200.0,9,29,10,20,3,60.0,81,1835,1.0496,3,0,3,107,374
ca_mau,severe,TwinGate+T2,7,320.0,awd,0.02,2025,2160,0,0,0.0,180.0,9,32,9,23,3,60.0,81,1839,1.3608,4,0,4,115,317
ca_mau,severe,TwinGate+T2,8,320.0,awd,0.02,2025,2160,0,0,0.0,160.0,11,24,8,13,0,0.0,79,1831,1.1384,4,0,4,90,369
ca_mau,severe,TwinGate+T2,9,320.0,awd,0.02,2025,2160,0,0,0.0,160.0,6,17,8,11,2,40.0,84,1804,0.6086,2,0,2,23,195
ca_mau,severe,TwinGate+blindARQ,0,320.0,awd,0.02,2025,2160,0,0,0.0,180.0,8,29,9,21,1,20.0,82,1861,1.551,4,0,4,49,305
ca_mau,severe,TwinGate+blindARQ,1,320.0,awd,0.02,2025,2160,0,0,0.0,160.0,7,22,8,15,1,20.0,83,1864,0.8607,3,0,3,39,293
ca_mau,severe,TwinGate+blindARQ,2,320.0,awd,0.02,2025,2160,0,0,0.0,220.0,4,29,11,25,7,140.0,86,1857,1.4237,2,1,1,485,333
ca_mau,severe,TwinGate+blindARQ,3,320.0,awd,0.02,2025,2160,0,0,0.0,180.0,4,23,9,19,5,100.0,86,1824,1.2905,2,1,1,359,200
ca_mau,severe,TwinGate+blindARQ,4,320.0,awd,0.02,2025,2160,0,0,0.0,160.0,6,18,8,12,2,40.0,84,1831,0.9623,2,0,2,23,214
ca_mau,severe,TwinGate+blindARQ,5,320.0,awd,0.02,2025,2160,0,0,0.0,180.0,5,37,9,32,4,80.0,85,1826,1.9299,1,0,1,12,165
ca_mau,severe,TwinGate+blindARQ,6,320.0,awd,0.02,2025,2160,0,0,0.0,220.0,5,59,11,54,6,120.0,85,1835,2.411,3,1,2,170,356
ca_mau,severe,TwinGate+blindARQ,7,320.0,awd,0.02,2025,2160,0,0,0.0,180.0,5,34,9,29,4,80.0,85,1839,2.1056,2,0,2,33,213
ca_mau,severe,TwinGate+blindARQ,8,320.0,awd,0.02,2025,2160,0,0,0.0,160.0,7,39,8,32,1,20.0,83,1831,2.7141,4,0,4,50,292
ca_mau,severe,TwinGate+blindARQ,9,320.0,awd,0.02,2025,2160,0,0,0.0,160.0,6,17,8,11,2,40.0,84,1804,0.6086,2,0,2,23,195
ca_mau,severe,Reactive+T2,0,320.0,awd,0.02,2025,2160,0,0,0.0,240.0,4,5,4,1,0,0.0,0,1861,0.0,0,0,0,0,137
ca_mau,severe,Reactive+T2,1,320.0,awd,0.02,2025,2160,0,0,0.0,300.0,7,25,5,18,1,60.0,0,1864,1.9359,2,0,2,66,216
ca_mau,severe,Reactive+T2,2,320.0,awd,0.02,2025,2160,0,0,0.0,240.0,6,19,4,13,0,0.0,0,1857,1.7305,3,0,3,31,193
ca_mau,severe,Reactive+T2,3,320.0,awd,0.02,2025,2160,0,0,0.0,300.0,8,24,5,16,2,120.0,0,1824,2.5971,1,1,0,81,191
ca_mau,severe,Reactive+T2,4,320.0,awd,0.02,2025,2160,0,0,0.0,300.0,7,20,5,13,1,60.0,0,1831,2.0463,1,0,1,59,187
ca_mau,severe,Reactive+T2,5,320.0,awd,0.02,2025,2160,0,0,0.0,240.0,5,14,4,9,0,0.0,0,1826,1.2336,1,0,1,16,162
ca_mau,severe,Reactive+T2,6,320.0,awd,0.02,2025,2160,0,0,0.0,320.0,4,10,6,6,3,180.0,0,1835,1.2867,0,0,0,0,209
ca_mau,severe,Reactive+T2,7,320.0,awd,0.02,2025,2160,0,0,0.0,300.0,7,22,5,15,1,60.0,0,1839,2.5123,2,0,2,66,191
ca_mau,severe,Reactive+T2,8,320.0,awd,0.02,2025,2160,0,0,0.0,300.0,7,17,5,10,1,60.0,0,1831,1.783,3,0,3,55,209
ca_mau,severe,Reactive+T2,9,320.0,awd,0.02,2025,2160,0,0,0.0,300.0,4,10,5,6,1,60.0,0,1804,0.8616,0,0,0,0,140
ca_mau,severe,Reactive+blindARQ,0,320.0,awd,0.02,2025,2160,0,0,0.0,240.0,4,5,4,1,0,0.0,0,1861,0.0,0,0,0,0,137
ca_mau,severe,Reactive+blindARQ,1,320.0,awd,0.02,2025,2160,0,0,0.0,300.0,4,26,5,22,1,60.0,0,1864,2.5989,0,0,0,0,154
ca_mau,severe,Reactive+blindARQ,2,320.0,awd,0.02,2025,2160,0,0,0.0,320.0,4,45,6,41,2,120.0,0,1857,3.1153,1,0,1,13,235
ca_mau,severe,Reactive+blindARQ,3,320.0,awd,0.02,2025,2160,0,0,0.0,320.0,4,22,6,18,2,120.0,0,1824,2.6677,0,0,0,0,222
ca_mau,severe,Reactive+blindARQ,4,320.0,awd,0.02,2025,2160,0,0,0.0,300.0,4,10,5,6,1,60.0,0,1831,1.2113,0,0,0,0,139
ca_mau,severe,Reactive+blindARQ,5,320.0,awd,0.02,2025,2160,0,0,0.0,300.0,4,14,5,10,1,60.0,0,1826,1.734,0,0,0,0,141
ca_mau,severe,Reactive+blindARQ,6,320.0,awd,0.02,2025,2160,0,0,0.0,320.0,3,27,6,24,3,180.0,0,1835,0.9608,2,0,1,1458,476
ca_mau,severe,Reactive+blindARQ,7,320.0,awd,0.02,2025,2160,0,0,0.0,320.0,4,18,6,14,2,120.0,0,1839,1.6717,0,0,0,0,215
ca_mau,severe,Reactive+blindARQ,8,320.0,awd,0.02,2025,2160,0,0,0.0,300.0,4,17,5,13,1,60.0,0,1831,1.6979,0,0,0,0,146
ca_mau,severe,Reactive+blindARQ,9,320.0,awd,0.02,2025,2160,0,0,0.0,300.0,4,10,5,6,1,60.0,0,1804,0.8616,0,0,0,0,140
ca_mau,severe,FixedSchedule,0,320.0,awd,0.02,2025,2160,0,0,0.0,320.0,6,12,6,6,0,0.0,0,1861,0.0013,1,0,0,1115,347
ca_mau,severe,FixedSchedule,1,320.0,awd,0.02,2025,2160,0,0,0.0,320.0,5,25,6,20,1,60.0,0,1864,5.6367,1,0,0,1501,482
ca_mau,severe,FixedSchedule,2,320.0,awd,0.02,2025,2160,50,0,0.9887,320.0,4,22,6,18,3,140.0,0,1857,9.1802,1,0,0,1638,574
ca_mau,severe,FixedSchedule,3,320.0,awd,0.02,2025,2160,49,0,0.8675,320.0,4,20,6,16,3,140.0,0,1824,4.4318,1,0,0,1624,609
ca_mau,severe,FixedSchedule,4,320.0,awd,0.02,2025,2160,0,0,0.0,320.0,5,20,6,15,1,60.0,0,1831,0.8269,1,0,0,1501,476
ca_mau,severe,FixedSchedule,5,320.0,awd,0.02,2025,2160,0,0,0.0,320.0,5,16,6,11,2,80.0,0,1826,11.2072,1,0,0,1543,475
ca_mau,severe,FixedSchedule,6,320.0,awd,0.02,2025,2160,121,0,5.609,320.0,3,15,6,12,3,180.0,0,1835,4.1998,1,0,0,1715,721
ca_mau,severe,FixedSchedule,7,320.0,awd,0.02,2025,2160,48,0,0.8176,320.0,4,30,6,26,2,120.0,0,1839,4.4173,1,0,0,1623,609
ca_mau,severe,FixedSchedule,8,320.0,awd,0.02,2025,2160,0,0,0.0,320.0,5,20,6,15,1,60.0,0,1831,0.0018,1,0,0,1501,476
ca_mau,severe,FixedSchedule,9,320.0,awd,0.02,2025,2160,0,0,0.0,320.0,5,21,6,16,1,60.0,0,1804,0.5067,1,0,0,1501,478
ca_mau,severe,Oracle,0,320.0,awd,0.02,2025,2160,0,0,0.0,200.0,10,35,10,25,0,0.0,0,1861,1.1419,0,0,0,0,0
ca_mau,severe,Oracle,1,320.0,awd,0.02,2025,2160,0,0,0.0,200.0,10,26,10,16,1,20.0,0,1864,1.0541,0,0,0,0,0
ca_mau,severe,Oracle,2,320.0,awd,0.02,2025,2160,0,0,0.0,200.0,10,25,10,15,4,80.0,0,1857,1.4272,0,0,0,0,0
ca_mau,severe,Oracle,3,320.0,awd,0.02,2025,2160,0,0,0.0,200.0,10,33,10,23,3,60.0,0,1824,1.7743,0,0,0,0,0
ca_mau,severe,Oracle,4,320.0,awd,0.02,2025,2160,0,0,0.0,200.0,10,22,10,12,2,40.0,0,1831,0.9623,0,0,0,0,0
ca_mau,severe,Oracle,5,320.0,awd,0.02,2025,2160,0,0,0.0,200.0,10,22,10,12,0,0.0,0,1826,0.8607,0,0,0,0,0
ca_mau,severe,Oracle,6,320.0,awd,0.02,2025,2160,0,0,0.0,200.0,10,27,10,17,3,60.0,0,1835,1.3608,0,0,0,0,0
ca_mau,severe,Oracle,7,320.0,awd,0.02,2025,2160,0,0,0.0,200.0,10,20,10,10,3,60.0,0,1839,0.6086,0,0,0,0,0
ca_mau,severe,Oracle,8,320.0,awd,0.02,2025,2160,0,0,0.0,200.0,10,65,10,55,0,0.0,0,1831,2.8901,0,0,0,0,0
ca_mau,severe,Oracle,9,320.0,awd,0.02,2025,2160,0,0,0.0,200.0,10,38,10,28,0,0.0,0,1804,1.8646,0,0,0,0,0
ca_mau,severe,TwinGate+T2+centre,0,320.0,awd,0.02,2025,2160,0,0,0.0,120.0,10,25,6,15,0,0.0,80,1861,1.1384,3,1,2,396,400
ca_mau,severe,TwinGate+T2+centre,1,320.0,awd,0.02,2025,2160,0,0,0.0,160.0,9,24,8,15,1,20.0,81,1864,0.7454,3,0,3,82,338
ca_mau,severe,TwinGate+T2+centre,2,320.0,awd,0.02,2025,2160,0,0,0.0,220.0,8,21,11,13,6,120.0,82,1857,1.1386,5,0,5,55,276
ca_mau,severe,TwinGate+T2+centre,3,320.0,awd,0.02,2025,2160,0,0,0.0,180.0,11,40,9,29,4,80.0,79,1824,1.7367,4,1,3,166,363
ca_mau,severe,TwinGate+T2+centre,4,320.0,awd,0.02,2025,2160,0,0,0.0,160.0,10,26,8,16,2,40.0,80,1831,1.1384,3,0,3,83,324
ca_mau,severe,TwinGate+T2+centre,5,320.0,awd,0.02,2025,2160,0,0,0.0,180.0,7,21,9,14,3,60.0,83,1826,0.7454,4,0,4,46,263
ca_mau,severe,TwinGate+T2+centre,6,320.0,awd,0.02,2025,2160,0,0,0.0,200.0,9,29,10,20,3,60.0,81,1835,1.0496,3,0,3,107,374
ca_mau,severe,TwinGate+T2+centre,7,320.0,awd,0.02,2025,2160,0,0,0.0,180.0,9,32,9,23,3,60.0,81,1839,1.3608,4,0,4,115,317
ca_mau,severe,TwinGate+T2+centre,8,320.0,awd,0.02,2025,2160,0,0,0.0,160.0,11,24,8,13,0,0.0,79,1831,1.1384,4,0,4,90,369
ca_mau,severe,TwinGate+T2+centre,9,320.0,awd,0.02,2025,2160,0,0,0.0,160.0,6,17,8,11,2,40.0,84,1804,0.6086,2,0,2,23,195
ca_mau,severe,TwinGate+T2,0,320.0,mid,0.05,2025,2160,0,0,0.0,120.0,10,25,6,15,0,0.0,80,1861,1.1384,3,1,2,396,400
ca_mau,severe,TwinGate+T2,1,320.0,mid,0.05,2025,2160,0,0,0.0,160.0,9,24,8,15,1,20.0,81,1864,0.7454,3,0,3,82,338
ca_mau,severe,TwinGate+T2,2,320.0,mid,0.05,2025,2160,0,0,0.0,220.0,8,21,11,13,6,120.0,82,1857,1.1386,5,0,5,55,276
ca_mau,severe,TwinGate+T2,3,320.0,mid,0.05,2025,2160,0,0,0.0,180.0,11,40,9,29,4,80.0,79,1824,1.7367,4,1,3,166,363
ca_mau,severe,TwinGate+T2,4,320.0,mid,0.05,2025,2160,0,0,0.0,160.0,10,26,8,16,2,40.0,80,1831,1.1384,3,0,3,83,324
ca_mau,severe,TwinGate+T2,5,320.0,mid,0.05,2025,2160,0,0,0.0,180.0,7,21,9,14,3,60.0,83,1826,0.7454,4,0,4,46,263
ca_mau,severe,TwinGate+T2,6,320.0,mid,0.05,2025,2160,0,0,0.0,200.0,9,29,10,20,3,60.0,81,1835,1.0496,3,0,3,107,374
ca_mau,severe,TwinGate+T2,7,320.0,mid,0.05,2025,2160,0,0,0.0,180.0,9,32,9,23,3,60.0,81,1839,1.3608,4,0,4,115,317
ca_mau,severe,TwinGate+T2,8,320.0,mid,0.05,2025,2160,0,0,0.0,160.0,11,24,8,13,0,0.0,79,1831,1.1384,4,0,4,90,369
ca_mau,severe,TwinGate+T2,9,320.0,mid,0.05,2025,2160,0,0,0.0,160.0,6,17,8,11,2,40.0,84,1804,0.6086,2,0,2,23,195
ca_mau,severe,TwinGate+blindARQ,0,320.0,mid,0.05,2025,2160,0,0,0.0,180.0,8,29,9,21,1,20.0,82,1861,1.551,4,0,4,49,305
ca_mau,severe,TwinGate+blindARQ,1,320.0,mid,0.05,2025,2160,0,0,0.0,160.0,7,22,8,15,1,20.0,83,1864,0.8607,3,0,3,39,293
ca_mau,severe,TwinGate+blindARQ,2,320.0,mid,0.05,2025,2160,0,0,0.0,220.0,4,29,11,25,7,140.0,86,1857,1.4237,2,1,1,485,333
ca_mau,severe,TwinGate+blindARQ,3,320.0,mid,0.05,2025,2160,0,0,0.0,180.0,4,23,9,19,5,100.0,86,1824,1.2905,2,1,1,359,200
ca_mau,severe,TwinGate+blindARQ,4,320.0,mid,0.05,2025,2160,0,0,0.0,160.0,6,18,8,12,2,40.0,84,1831,0.9623,2,0,2,23,214
ca_mau,severe,TwinGate+blindARQ,5,320.0,mid,0.05,2025,2160,0,0,0.0,180.0,5,37,9,32,4,80.0,85,1826,1.9299,1,0,1,12,165
ca_mau,severe,TwinGate+blindARQ,6,320.0,mid,0.05,2025,2160,0,0,0.0,220.0,5,62,11,57,6,120.0,85,1835,2.529,3,0,3,129,331
ca_mau,severe,TwinGate+blindARQ,7,320.0,mid,0.05,2025,2160,0,0,0.0,180.0,5,34,9,29,4,80.0,85,1839,2.1056,2,0,2,33,213
ca_mau,severe,TwinGate+blindARQ,8,320.0,mid,0.05,2025,2160,0,0,0.0,160.0,7,39,8,32,1,20.0,83,1831,2.7141,4,0,4,50,292
ca_mau,severe,TwinGate+blindARQ,9,320.0,mid,0.05,2025,2160,0,0,0.0,160.0,6,17,8,11,2,40.0,84,1804,0.6086,2,0,2,23,195
ca_mau,severe,Reactive+T2,0,320.0,mid,0.05,2025,2160,0,0,0.0,240.0,4,5,4,1,0,0.0,0,1861,0.0,0,0,0,0,137
ca_mau,severe,Reactive+T2,1,320.0,mid,0.05,2025,2160,0,0,0.0,300.0,7,25,5,18,1,60.0,0,1864,1.9359,2,0,2,66,216
ca_mau,severe,Reactive+T2,2,320.0,mid,0.05,2025,2160,0,0,0.0,240.0,6,19,4,13,0,0.0,0,1857,1.7305,3,0,3,31,193
ca_mau,severe,Reactive+T2,3,320.0,mid,0.05,2025,2160,0,0,0.0,300.0,8,24,5,16,2,120.0,0,1824,2.5971,1,1,0,81,191
ca_mau,severe,Reactive+T2,4,320.0,mid,0.05,2025,2160,0,0,0.0,300.0,7,20,5,13,1,60.0,0,1831,2.0463,1,0,1,59,187
ca_mau,severe,Reactive+T2,5,320.0,mid,0.05,2025,2160,0,0,0.0,240.0,5,14,4,9,0,0.0,0,1826,1.2336,1,0,1,16,162
ca_mau,severe,Reactive+T2,6,320.0,mid,0.05,2025,2160,0,0,0.0,320.0,4,10,6,6,3,180.0,0,1835,1.2867,0,0,0,0,209
ca_mau,severe,Reactive+T2,7,320.0,mid,0.05,2025,2160,0,0,0.0,300.0,7,22,5,15,1,60.0,0,1839,2.5123,2,0,2,66,191
ca_mau,severe,Reactive+T2,8,320.0,mid,0.05,2025,2160,0,0,0.0,300.0,7,17,5,10,1,60.0,0,1831,1.783,3,0,3,55,209
ca_mau,severe,Reactive+T2,9,320.0,mid,0.05,2025,2160,0,0,0.0,300.0,4,10,5,6,1,60.0,0,1804,0.8616,0,0,0,0,140
ca_mau,severe,Reactive+blindARQ,0,320.0,mid,0.05,2025,2160,0,0,0.0,240.0,4,5,4,1,0,0.0,0,1861,0.0,0,0,0,0,137
ca_mau,severe,Reactive+blindARQ,1,320.0,mid,0.05,2025,2160,0,0,0.0,300.0,4,26,5,22,1,60.0,0,1864,2.5989,0,0,0,0,154
ca_mau,severe,Reactive+blindARQ,2,320.0,mid,0.05,2025,2160,0,0,0.0,320.0,4,45,6,41,2,120.0,0,1857,3.1153,1,0,1,13,235
ca_mau,severe,Reactive+blindARQ,3,320.0,mid,0.05,2025,2160,0,0,0.0,320.0,4,22,6,18,2,120.0,0,1824,2.6677,0,0,0,0,222
ca_mau,severe,Reactive+blindARQ,4,320.0,mid,0.05,2025,2160,0,0,0.0,300.0,4,10,5,6,1,60.0,0,1831,1.2113,0,0,0,0,139
ca_mau,severe,Reactive+blindARQ,5,320.0,mid,0.05,2025,2160,0,0,0.0,300.0,4,14,5,10,1,60.0,0,1826,1.734,0,0,0,0,141
ca_mau,severe,Reactive+blindARQ,6,320.0,mid,0.05,2025,2160,0,0,0.0,320.0,3,27,6,24,3,180.0,0,1835,0.9608,2,0,1,1458,476
ca_mau,severe,Reactive+blindARQ,7,320.0,mid,0.05,2025,2160,0,0,0.0,320.0,4,18,6,14,2,120.0,0,1839,1.6717,0,0,0,0,215
ca_mau,severe,Reactive+blindARQ,8,320.0,mid,0.05,2025,2160,0,0,0.0,300.0,4,17,5,13,1,60.0,0,1831,1.6979,0,0,0,0,146
ca_mau,severe,Reactive+blindARQ,9,320.0,mid,0.05,2025,2160,0,0,0.0,300.0,4,10,5,6,1,60.0,0,1804,0.8616,0,0,0,0,140
ca_mau,severe,FixedSchedule,0,320.0,mid,0.05,2025,2160,0,0,0.0,320.0,6,12,6,6,0,0.0,0,1861,0.0013,1,0,0,1115,347
ca_mau,severe,FixedSchedule,1,320.0,mid,0.05,2025,2160,0,0,0.0,320.0,5,25,6,20,1,60.0,0,1864,5.6367,1,0,0,1501,482
ca_mau,severe,FixedSchedule,2,320.0,mid,0.05,2025,2160,50,0,0.9887,320.0,4,22,6,18,3,140.0,0,1857,9.1802,1,0,0,1638,574
ca_mau,severe,FixedSchedule,3,320.0,mid,0.05,2025,2160,49,0,0.8675,320.0,4,20,6,16,3,140.0,0,1824,4.4318,1,0,0,1624,609
ca_mau,severe,FixedSchedule,4,320.0,mid,0.05,2025,2160,0,0,0.0,320.0,5,20,6,15,1,60.0,0,1831,0.8269,1,0,0,1501,476
ca_mau,severe,FixedSchedule,5,320.0,mid,0.05,2025,2160,0,0,0.0,320.0,5,16,6,11,2,80.0,0,1826,11.2072,1,0,0,1543,475
ca_mau,severe,FixedSchedule,6,320.0,mid,0.05,2025,2160,121,0,5.609,320.0,3,15,6,12,3,180.0,0,1835,4.1998,1,0,0,1715,721
ca_mau,severe,FixedSchedule,7,320.0,mid,0.05,2025,2160,48,0,0.8176,320.0,4,30,6,26,2,120.0,0,1839,4.4173,1,0,0,1623,609
ca_mau,severe,FixedSchedule,8,320.0,mid,0.05,2025,2160,0,0,0.0,320.0,5,20,6,15,1,60.0,0,1831,0.0018,1,0,0,1501,476
ca_mau,severe,FixedSchedule,9,320.0,mid,0.05,2025,2160,0,0,0.0,320.0,5,21,6,16,1,60.0,0,1804,0.5067,1,0,0,1501,478
ca_mau,severe,Oracle,0,320.0,mid,0.05,2025,2160,0,0,0.0,200.0,10,35,10,25,0,0.0,0,1861,1.1419,0,0,0,0,0
ca_mau,severe,Oracle,1,320.0,mid,0.05,2025,2160,0,0,0.0,200.0,10,26,10,16,1,20.0,0,1864,1.0541,0,0,0,0,0
ca_mau,severe,Oracle,2,320.0,mid,0.05,2025,2160,0,0,0.0,200.0,10,25,10,15,4,80.0,0,1857,1.4272,0,0,0,0,0
ca_mau,severe,Oracle,3,320.0,mid,0.05,2025,2160,0,0,0.0,200.0,10,33,10,23,3,60.0,0,1824,1.7743,0,0,0,0,0
ca_mau,severe,Oracle,4,320.0,mid,0.05,2025,2160,0,0,0.0,200.0,10,22,10,12,2,40.0,0,1831,0.9623,0,0,0,0,0
ca_mau,severe,Oracle,5,320.0,mid,0.05,2025,2160,0,0,0.0,200.0,10,22,10,12,0,0.0,0,1826,0.8607,0,0,0,0,0
ca_mau,severe,Oracle,6,320.0,mid,0.05,2025,2160,0,0,0.0,200.0,10,27,10,17,3,60.0,0,1835,1.3608,0,0,0,0,0
ca_mau,severe,Oracle,7,320.0,mid,0.05,2025,2160,0,0,0.0,200.0,10,20,10,10,3,60.0,0,1839,0.6086,0,0,0,0,0
ca_mau,severe,Oracle,8,320.0,mid,0.05,2025,2160,0,0,0.0,200.0,10,65,10,55,0,0.0,0,1831,2.8901,0,0,0,0,0
ca_mau,severe,Oracle,9,320.0,mid,0.05,2025,2160,0,0,0.0,200.0,10,38,10,28,0,0.0,0,1804,1.8646,0,0,0,0,0
ca_mau,severe,TwinGate+T2+centre,0,320.0,mid,0.05,2025,2160,0,0,0.0,120.0,10,25,6,15,0,0.0,80,1861,1.1384,3,1,2,396,400
ca_mau,severe,TwinGate+T2+centre,1,320.0,mid,0.05,2025,2160,0,0,0.0,160.0,9,24,8,15,1,20.0,81,1864,0.7454,3,0,3,82,338
ca_mau,severe,TwinGate+T2+centre,2,320.0,mid,0.05,2025,2160,0,0,0.0,220.0,8,21,11,13,6,120.0,82,1857,1.1386,5,0,5,55,276
ca_mau,severe,TwinGate+T2+centre,3,320.0,mid,0.05,2025,2160,0,0,0.0,180.0,11,40,9,29,4,80.0,79,1824,1.7367,4,1,3,166,363
ca_mau,severe,TwinGate+T2+centre,4,320.0,mid,0.05,2025,2160,0,0,0.0,160.0,10,26,8,16,2,40.0,80,1831,1.1384,3,0,3,83,324
ca_mau,severe,TwinGate+T2+centre,5,320.0,mid,0.05,2025,2160,0,0,0.0,180.0,7,21,9,14,3,60.0,83,1826,0.7454,4,0,4,46,263
ca_mau,severe,TwinGate+T2+centre,6,320.0,mid,0.05,2025,2160,0,0,0.0,200.0,9,29,10,20,3,60.0,81,1835,1.0496,3,0,3,107,374
ca_mau,severe,TwinGate+T2+centre,7,320.0,mid,0.05,2025,2160,0,0,0.0,180.0,9,32,9,23,3,60.0,81,1839,1.3608,4,0,4,115,317
ca_mau,severe,TwinGate+T2+centre,8,320.0,mid,0.05,2025,2160,0,0,0.0,160.0,11,24,8,13,0,0.0,79,1831,1.1384,4,0,4,90,369
ca_mau,severe,TwinGate+T2+centre,9,320.0,mid,0.05,2025,2160,0,0,0.0,160.0,6,17,8,11,2,40.0,84,1804,0.6086,2,0,2,23,195
ca_mau,severe,TwinGate+T2,0,320.0,narrow,0.1,2025,2160,0,0,0.0,120.0,9,26,6,17,0,0.0,81,1861,0.7454,6,1,5,382,600
ca_mau,severe,TwinGate+T2,1,320.0,narrow,0.1,2025,2160,0,0,0.0,120.0,6,15,6,9,1,20.0,84,1864,0.6086,5,1,4,318,532
ca_mau,severe,TwinGate+T2,2,320.0,narrow,0.1,2025,2160,0,0,0.0,160.0,5,18,8,13,3,60.0,85,1857,0.8718,5,1,4,303,459
ca_mau,severe,TwinGate+T2,3,320.0,narrow,0.1,2025,2160,0,0,0.0,180.0,7,22,9,15,4,80.0,83,1824,1.217,5,2,3,322,473
ca_mau,severe,TwinGate+T2,4,320.0,narrow,0.1,2025,2160,0,0,0.0,120.0,6,14,6,8,1,20.0,84,1831,0.6086,5,1,4,299,512
ca_mau,severe,TwinGate+T2,5,320.0,narrow,0.1,2025,2160,0,0,0.0,180.0,7,18,9,11,3,60.0,83,1826,1.291,6,1,5,332,546
ca_mau,severe,TwinGate+T2,6,320.0,narrow,0.1,2025,2160,0,0,0.0,180.0,7,25,9,18,5,100.0,83,1835,1.3694,5,2,3,342,495
ca_mau,severe,TwinGate+T2,7,320.0,narrow,0.1,2025,2160,0,0,0.0,140.0,6,16,7,10,1,20.0,84,1839,1.1386,6,1,5,310,548
ca_mau,severe,TwinGate+T2,8,320.0,narrow,0.1,2025,2160,0,0,0.0,120.0,5,10,6,5,1,20.0,85,1831,0.4303,5,1,4,316,533
ca_mau,severe,TwinGate+T2,9,320.0,narrow,0.1,2025,2160,0,0,0.0,120.0,8,18,6,10,1,20.0,82,1804,0.9623,6,1,5,356,594
ca_mau,severe,TwinGate+blindARQ,0,320.0,narrow,0.1,2025,2160,0,0,0.0,120.0,6,29,6,23,0,0.0,84,1861,1.4272,6,1,5,329,584
ca_mau,severe,TwinGate+blindARQ,1,320.0,narrow,0.1,2025,2160,0,0,0.0,120.0,5,16,6,11,1,20.0,85,1864,0.7454,5,1,4,303,518
ca_mau,severe,TwinGate+blindARQ,2,320.0,narrow,0.1,2025,2160,0,0,0.0,220.0,4,34,11,30,7,140.0,86,1857,0.9896,4,1,3,239,396
ca_mau,severe,TwinGate+blindARQ,3,320.0,narrow,0.1,2025,2160,0,0,0.0,180.0,4,34,9,30,5,100.0,86,1824,1.987,4,1,3,235,388
ca_mau,severe,TwinGate+blindARQ,4,320.0,narrow,0.1,2025,2160,0,0,0.0,120.0,5,13,6,8,1,20.0,85,1831,0.7454,5,1,4,553,482
ca_mau,severe,TwinGate+blindARQ,5,320.0,narrow,0.1,2025,2160,0,0,0.0,180.0,5,24,9,19,4,80.0,85,1826,1.5366,5,1,4,284,451
ca_mau,severe,TwinGate+blindARQ,6,320.0,narrow,0.1,2025,2160,0,0,0.0,200.0,4,36,10,32,6,120.0,86,1835,1.8692,4,1,3,268,413
ca_mau,severe,TwinGate+blindARQ,7,320.0,narrow,0.1,2025,2160,0,0,0.0,140.0,4,28,7,24,3,60.0,86,1839,2.1497,4,1,3,553,434
ca_mau,severe,TwinGate+blindARQ,8,320.0,narrow,0.1,2025,2160,0,0,0.0,120.0,5,10,6,5,1,20.0,85,1831,0.4303,5,1,4,316,533
ca_mau,severe,TwinGate+blindARQ,9,320.0,narrow,0.1,2025,2160,0,0,0.0,120.0,5,18,6,13,1,20.0,85,1804,1.2172,5,1,4,575,492
ca_mau,severe,Reactive+T2,0,320.0,narrow,0.1,2025,2160,0,0,0.0,240.0,4,5,4,1,0,0.0,0,1861,0.0,0,0,0,0,137
ca_mau,severe,Reactive+T2,1,320.0,narrow,0.1,2025,2160,0,0,0.0,300.0,7,25,5,18,1,60.0,0,1864,1.9359,2,0,2,66,216
ca_mau,severe,Reactive+T2,2,320.0,narrow,0.1,2025,2160,0,0,0.0,240.0,6,19,4,13,0,0.0,0,1857,1.7305,3,0,3,31,193
ca_mau,severe,Reactive+T2,3,320.0,narrow,0.1,2025,2160,0,0,0.0,300.0,8,24,5,16,2,120.0,0,1824,2.5971,1,1,0,81,191
ca_mau,severe,Reactive+T2,4,320.0,narrow,0.1,2025,2160,0,0,0.0,300.0,7,20,5,13,1,60.0,0,1831,2.0463,1,0,1,59,187
ca_mau,severe,Reactive+T2,5,320.0,narrow,0.1,2025,2160,0,0,0.0,240.0,5,14,4,9,0,0.0,0,1826,1.2336,1,0,1,16,162
ca_mau,severe,Reactive+T2,6,320.0,narrow,0.1,2025,2160,0,0,0.0,320.0,4,10,6,6,3,180.0,0,1835,1.2867,0,0,0,0,209
ca_mau,severe,Reactive+T2,7,320.0,narrow,0.1,2025,2160,0,0,0.0,300.0,7,22,5,15,1,60.0,0,1839,2.5123,2,0,2,66,191
ca_mau,severe,Reactive+T2,8,320.0,narrow,0.1,2025,2160,0,0,0.0,300.0,7,17,5,10,1,60.0,0,1831,1.783,3,0,3,55,209
ca_mau,severe,Reactive+T2,9,320.0,narrow,0.1,2025,2160,0,0,0.0,300.0,4,10,5,6,1,60.0,0,1804,0.8616,0,0,0,0,140
ca_mau,severe,Reactive+blindARQ,0,320.0,narrow,0.1,2025,2160,0,0,0.0,240.0,4,5,4,1,0,0.0,0,1861,0.0,0,0,0,0,137
ca_mau,severe,Reactive+blindARQ,1,320.0,narrow,0.1,2025,2160,0,0,0.0,300.0,4,26,5,22,1,60.0,0,1864,2.5989,0,0,0,0,154
ca_mau,severe,Reactive+blindARQ,2,320.0,narrow,0.1,2025,2160,0,0,0.0,320.0,4,45,6,41,2,120.0,0,1857,3.1153,1,0,1,13,235
ca_mau,severe,Reactive+blindARQ,3,320.0,narrow,0.1,2025,2160,0,0,0.0,320.0,4,22,6,18,2,120.0,0,1824,2.6677,0,0,0,0,222
ca_mau,severe,Reactive+blindARQ,4,320.0,narrow,0.1,2025,2160,0,0,0.0,300.0,4,10,5,6,1,60.0,0,1831,1.2113,0,0,0,0,139
ca_mau,severe,Reactive+blindARQ,5,320.0,narrow,0.1,2025,2160,0,0,0.0,300.0,4,14,5,10,1,60.0,0,1826,1.734,0,0,0,0,141
ca_mau,severe,Reactive+blindARQ,6,320.0,narrow,0.1,2025,2160,0,0,0.0,320.0,3,27,6,24,3,180.0,0,1835,0.9608,2,0,1,1458,476
ca_mau,severe,Reactive+blindARQ,7,320.0,narrow,0.1,2025,2160,0,0,0.0,320.0,4,18,6,14,2,120.0,0,1839,1.6717,0,0,0,0,215
ca_mau,severe,Reactive+blindARQ,8,320.0,narrow,0.1,2025,2160,0,0,0.0,300.0,4,17,5,13,1,60.0,0,1831,1.6979,0,0,0,0,146
ca_mau,severe,Reactive+blindARQ,9,320.0,narrow,0.1,2025,2160,0,0,0.0,300.0,4,10,5,6,1,60.0,0,1804,0.8616,0,0,0,0,140
ca_mau,severe,FixedSchedule,0,320.0,narrow,0.1,2025,2160,0,0,0.0,320.0,6,12,6,6,0,0.0,0,1861,0.0013,1,0,0,1115,347
ca_mau,severe,FixedSchedule,1,320.0,narrow,0.1,2025,2160,0,0,0.0,320.0,5,25,6,20,1,60.0,0,1864,5.6367,1,0,0,1501,482
ca_mau,severe,FixedSchedule,2,320.0,narrow,0.1,2025,2160,50,0,0.9887,320.0,4,22,6,18,3,140.0,0,1857,9.1802,1,0,0,1638,574
ca_mau,severe,FixedSchedule,3,320.0,narrow,0.1,2025,2160,49,0,0.8675,320.0,4,20,6,16,3,140.0,0,1824,4.4318,1,0,0,1624,609
ca_mau,severe,FixedSchedule,4,320.0,narrow,0.1,2025,2160,0,0,0.0,320.0,5,20,6,15,1,60.0,0,1831,0.8269,1,0,0,1501,476
ca_mau,severe,FixedSchedule,5,320.0,narrow,0.1,2025,2160,0,0,0.0,320.0,5,16,6,11,2,80.0,0,1826,11.2072,1,0,0,1543,475
ca_mau,severe,FixedSchedule,6,320.0,narrow,0.1,2025,2160,121,0,5.609,320.0,3,15,6,12,3,180.0,0,1835,4.1998,1,0,0,1715,721
ca_mau,severe,FixedSchedule,7,320.0,narrow,0.1,2025,2160,48,0,0.8176,320.0,4,30,6,26,2,120.0,0,1839,4.4173,1,0,0,1623,609
ca_mau,severe,FixedSchedule,8,320.0,narrow,0.1,2025,2160,0,0,0.0,320.0,5,20,6,15,1,60.0,0,1831,0.0018,1,0,0,1501,476
ca_mau,severe,FixedSchedule,9,320.0,narrow,0.1,2025,2160,0,0,0.0,320.0,5,21,6,16,1,60.0,0,1804,0.5067,1,0,0,1501,478
ca_mau,severe,Oracle,0,320.0,narrow,0.1,2025,2160,0,0,0.0,200.0,10,35,10,25,0,0.0,0,1861,1.1419,0,0,0,0,0
ca_mau,severe,Oracle,1,320.0,narrow,0.1,2025,2160,0,0,0.0,200.0,10,26,10,16,1,20.0,0,1864,1.0541,0,0,0,0,0
ca_mau,severe,Oracle,2,320.0,narrow,0.1,2025,2160,0,0,0.0,200.0,10,25,10,15,4,80.0,0,1857,1.4272,0,0,0,0,0
ca_mau,severe,Oracle,3,320.0,narrow,0.1,2025,2160,0,0,0.0,200.0,10,33,10,23,3,60.0,0,1824,1.7743,0,0,0,0,0
ca_mau,severe,Oracle,4,320.0,narrow,0.1,2025,2160,0,0,0.0,200.0,10,22,10,12,2,40.0,0,1831,0.9623,0,0,0,0,0
ca_mau,severe,Oracle,5,320.0,narrow,0.1,2025,2160,0,0,0.0,200.0,10,22,10,12,0,0.0,0,1826,0.8607,0,0,0,0,0
ca_mau,severe,Oracle,6,320.0,narrow,0.1,2025,2160,0,0,0.0,200.0,10,27,10,17,3,60.0,0,1835,1.3608,0,0,0,0,0
ca_mau,severe,Oracle,7,320.0,narrow,0.1,2025,2160,0,0,0.0,200.0,10,20,10,10,3,60.0,0,1839,0.6086,0,0,0,0,0
ca_mau,severe,Oracle,8,320.0,narrow,0.1,2025,2160,0,0,0.0,200.0,10,65,10,55,0,0.0,0,1831,2.8901,0,0,0,0,0
ca_mau,severe,Oracle,9,320.0,narrow,0.1,2025,2160,0,0,0.0,200.0,10,38,10,28,0,0.0,0,1804,1.8646,0,0,0,0,0
ca_mau,severe,TwinGate+T2+centre,0,320.0,narrow,0.1,2025,2160,0,0,0.0,120.0,9,26,6,17,0,0.0,81,1861,0.7454,6,1,5,382,600
ca_mau,severe,TwinGate+T2+centre,1,320.0,narrow,0.1,2025,2160,0,0,0.0,120.0,6,15,6,9,1,20.0,84,1864,0.6086,5,1,4,318,532
ca_mau,severe,TwinGate+T2+centre,2,320.0,narrow,0.1,2025,2160,0,0,0.0,160.0,5,18,8,13,3,60.0,85,1857,0.8718,5,1,4,303,459
ca_mau,severe,TwinGate+T2+centre,3,320.0,narrow,0.1,2025,2160,0,0,0.0,180.0,7,22,9,15,4,80.0,83,1824,1.217,5,2,3,322,473
ca_mau,severe,TwinGate+T2+centre,4,320.0,narrow,0.1,2025,2160,0,0,0.0,120.0,6,14,6,8,1,20.0,84,1831,0.6086,5,1,4,299,512
ca_mau,severe,TwinGate+T2+centre,5,320.0,narrow,0.1,2025,2160,0,0,0.0,180.0,7,18,9,11,3,60.0,83,1826,1.291,6,1,5,332,546
ca_mau,severe,TwinGate+T2+centre,6,320.0,narrow,0.1,2025,2160,0,0,0.0,180.0,7,25,9,18,5,100.0,83,1835,1.3694,5,2,3,342,495
ca_mau,severe,TwinGate+T2+centre,7,320.0,narrow,0.1,2025,2160,0,0,0.0,140.0,6,16,7,10,1,20.0,84,1839,1.1386,6,1,5,310,548
ca_mau,severe,TwinGate+T2+centre,8,320.0,narrow,0.1,2025,2160,0,0,0.0,120.0,5,10,6,5,1,20.0,85,1831,0.4303,5,1,4,316,533
ca_mau,severe,TwinGate+T2+centre,9,320.0,narrow,0.1,2025,2160,0,0,0.0,120.0,8,18,6,10,1,20.0,82,1804,0.9623,6,1,5,356,594
ca_mau,severe,TwinGate+T2,0,400.0,awd,0.02,2025,2160,0,0,0.0,120.0,10,25,6,15,0,0.0,80,1861,1.1384,3,1,2,396,400
ca_mau,severe,TwinGate+T2,1,400.0,awd,0.02,2025,2160,0,0,0.0,160.0,9,24,8,15,1,20.0,81,1864,0.7454,3,0,3,82,338
ca_mau,severe,TwinGate+T2,2,400.0,awd,0.02,2025,2160,0,0,0.0,220.0,8,21,11,13,6,120.0,82,1857,1.1386,5,0,5,55,276
ca_mau,severe,TwinGate+T2,3,400.0,awd,0.02,2025,2160,0,0,0.0,180.0,11,40,9,29,4,80.0,79,1824,1.7367,4,1,3,166,363
ca_mau,severe,TwinGate+T2,4,400.0,awd,0.02,2025,2160,0,0,0.0,160.0,10,26,8,16,2,40.0,80,1831,1.1384,3,0,3,83,324
ca_mau,severe,TwinGate+T2,5,400.0,awd,0.02,2025,2160,0,0,0.0,180.0,7,21,9,14,3,60.0,83,1826,0.7454,4,0,4,46,263
ca_mau,severe,TwinGate+T2,6,400.0,awd,0.02,2025,2160,0,0,0.0,200.0,9,29,10,20,3,60.0,81,1835,1.0496,3,0,3,107,374
ca_mau,severe,TwinGate+T2,7,400.0,awd,0.02,2025,2160,0,0,0.0,180.0,9,32,9,23,3,60.0,81,1839,1.3608,4,0,4,115,317
ca_mau,severe,TwinGate+T2,8,400.0,awd,0.02,2025,2160,0,0,0.0,160.0,11,24,8,13,0,0.0,79,1831,1.1384,4,0,4,90,369
ca_mau,severe,TwinGate+T2,9,400.0,awd,0.02,2025,2160,0,0,0.0,160.0,6,17,8,11,2,40.0,84,1804,0.6086,2,0,2,23,195
ca_mau,severe,TwinGate+blindARQ,0,400.0,awd,0.02,2025,2160,0,0,0.0,180.0,8,29,9,21,1,20.0,82,1861,1.551,4,0,4,49,305
ca_mau,severe,TwinGate+blindARQ,1,400.0,awd,0.02,2025,2160,0,0,0.0,160.0,7,22,8,15,1,20.0,83,1864,0.8607,3,0,3,39,293
ca_mau,severe,TwinGate+blindARQ,2,400.0,awd,0.02,2025,2160,0,0,0.0,280.0,6,32,14,26,8,160.0,84,1857,1.4874,2,0,2,25,213
ca_mau,severe,TwinGate+blindARQ,3,400.0,awd,0.02,2025,2160,0,0,0.0,220.0,6,20,11,14,5,100.0,84,1824,1.0534,2,0,2,26,195
ca_mau,severe,TwinGate+blindARQ,4,400.0,awd,0.02,2025,2160,0,0,0.0,160.0,6,18,8,12,2,40.0,84,1831,0.9623,2,0,2,23,214
ca_mau,severe,TwinGate+blindARQ,5,400.0,awd,0.02,2025,2160,0,0,0.0,180.0,5,37,9,32,4,80.0,85,1826,1.9299,1,0,1,12,165
ca_mau,severe,TwinGate+blindARQ,6,400.0,awd,0.02,2025,2160,0,0,0.0,260.0,6,54,13,48,7,140.0,84,1835,2.1072,2,0,2,23,244
ca_mau,severe,TwinGate+blindARQ,7,400.0,awd,0.02,2025,2160,0,0,0.0,180.0,5,34,9,29,4,80.0,85,1839,2.1056,2,0,2,33,213
ca_mau,severe,TwinGate+blindARQ,8,400.0,awd,0.02,2025,2160,0,0,0.0,160.0,7,39,8,32,1,20.0,83,1831,2.7141,4,0,4,50,292
ca_mau,severe,TwinGate+blindARQ,9,400.0,awd,0.02,2025,2160,0,0,0.0,160.0,6,17,8,11,2,40.0,84,1804,0.6086,2,0,2,23,195
ca_mau,severe,Reactive+T2,0,400.0,awd,0.02,2025,2160,0,0,0.0,240.0,4,5,4,1,0,0.0,0,1861,0.0,0,0,0,0,137
ca_mau,severe,Reactive+T2,1,400.0,awd,0.02,2025,2160,0,0,0.0,300.0,7,25,5,18,1,60.0,0,1864,1.9359,2,0,2,66,216
ca_mau,severe,Reactive+T2,2,400.0,awd,0.02,2025,2160,0,0,0.0,240.0,6,19,4,13,0,0.0,0,1857,1.7305,3,0,3,31,193
ca_mau,severe,Reactive+T2,3,400.0,awd,0.02,2025,2160,0,0,0.0,360.0,8,26,6,18,3,180.0,0,1824,2.5971,1,1,0,81,191
ca_mau,severe,Reactive+T2,4,400.0,awd,0.02,2025,2160,0,0,0.0,300.0,7,20,5,13,1,60.0,0,1831,2.0463,1,0,1,59,187
ca_mau,severe,Reactive+T2,5,400.0,awd,0.02,2025,2160,0,0,0.0,240.0,5,14,4,9,0,0.0,0,1826,1.2336,1,0,1,16,162
ca_mau,severe,Reactive+T2,6,400.0,awd,0.02,2025,2160,0,0,0.0,360.0,4,10,6,6,3,180.0,0,1835,1.4772,0,0,0,0,137
ca_mau,severe,Reactive+T2,7,400.0,awd,0.02,2025,2160,0,0,0.0,300.0,7,22,5,15,1,60.0,0,1839,2.5123,2,0,2,66,191
ca_mau,severe,Reactive+T2,8,400.0,awd,0.02,2025,2160,0,0,0.0,300.0,7,17,5,10,1,60.0,0,1831,1.783,3,0,3,55,209
ca_mau,severe,Reactive+T2,9,400.0,awd,0.02,2025,2160,0,0,0.0,300.0,4,10,5,6,1,60.0,0,1804,0.8616,0,0,0,0,140
ca_mau,severe,Reactive+blindARQ,0,400.0,awd,0.02,2025,2160,0,0,0.0,240.0,4,5,4,1,0,0.0,0,1861,0.0,0,0,0,0,137
ca_mau,severe,Reactive+blindARQ,1,400.0,awd,0.02,2025,2160,0,0,0.0,300.0,4,26,5,22,1,60.0,0,1864,2.5989,0,0,0,0,154
ca_mau,severe,Reactive+blindARQ,2,400.0,awd,0.02,2025,2160,0,0,0.0,400.0,4,46,7,42,3,180.0,0,1857,4.3908,1,0,1,13,165
ca_mau,severe,Reactive+blindARQ,3,400.0,awd,0.02,2025,2160,0,0,0.0,400.0,4,23,7,19,3,180.0,0,1824,2.6327,0,0,0,0,150
ca_mau,severe,Reactive+blindARQ,4,400.0,awd,0.02,2025,2160,0,0,0.0,300.0,4,10,5,6,1,60.0,0,1831,1.2113,0,0,0,0,139
ca_mau,severe,Reactive+blindARQ,5,400.0,awd,0.02,2025,2160,0,0,0.0,360.0,4,15,6,11,2,120.0,0,1826,1.734,0,0,0,0,141
ca_mau,severe,Reactive+blindARQ,6,400.0,awd,0.02,2025,2160,0,0,0.0,400.0,4,28,7,24,4,220.0,0,1835,1.5072,1,0,1,7,143
ca_mau,severe,Reactive+blindARQ,7,400.0,awd,0.02,2025,2160,0,0,0.0,360.0,4,18,6,14,2,120.0,0,1839,2.0914,0,0,0,0,143
ca_mau,severe,Reactive+blindARQ,8,400.0,awd,0.02,2025,2160,0,0,0.0,300.0,4,17,5,13,1,60.0,0,1831,1.6979,0,0,0,0,146
ca_mau,severe,Reactive+blindARQ,9,400.0,awd,0.02,2025,2160,0,0,0.0,300.0,4,10,5,6,1,60.0,0,1804,0.8616,0,0,0,0,140
ca_mau,severe,FixedSchedule,0,400.0,awd,0.02,2025,2160,0,0,0.0,400.0,7,13,7,6,0,0.0,0,1861,0.0013,0,0,0,0,31
ca_mau,severe,FixedSchedule,1,400.0,awd,0.02,2025,2160,0,0,0.0,400.0,6,26,7,20,1,60.0,0,1864,1.0414,2,0,1,1127,350
ca_mau,severe,FixedSchedule,2,400.0,awd,0.02,2025,2160,4,0,0.011,400.0,4,23,7,19,4,220.0,0,1857,11.4456,1,0,0,1595,547
ca_mau,severe,FixedSchedule,3,400.0,awd,0.02,2025,2160,0,0,0.0,400.0,4,37,7,33,3,180.0,0,1824,2.569,2,0,1,1538,500
ca_mau,severe,FixedSchedule,4,400.0,awd,0.02,2025,2160,0,0,0.0,400.0,6,22,7,16,1,60.0,0,1831,7.9603,1,0,0,1115,325
ca_mau,severe,FixedSchedule,5,400.0,awd,0.02,2025,2160,0,0,0.0,400.0,5,26,7,21,2,120.0,0,1826,1.8451,1,0,0,1115,374
ca_mau,severe,FixedSchedule,6,400.0,awd,0.02,2025,2160,0,0,0.0,400.0,4,24,7,20,3,180.0,0,1835,0.8267,1,0,0,1542,514
ca_mau,severe,FixedSchedule,7,400.0,awd,0.02,2025,2160,0,0,0.0,400.0,5,32,7,27,2,120.0,0,1839,5.1001,1,0,0,1542,475
ca_mau,severe,FixedSchedule,8,400.0,awd,0.02,2025,2160,0,0,0.0,400.0,6,20,7,14,1,60.0,0,1831,0.0018,1,0,0,1115,325
ca_mau,severe,FixedSchedule,9,400.0,awd,0.02,2025,2160,0,0,0.0,400.0,6,19,7,13,1,60.0,0,1804,7.9378,1,0,0,1115,325
ca_mau,severe,Oracle,0,400.0,awd,0.02,2025,2160,0,0,0.0,200.0,10,31,10,21,0,0.0,0,1861,1.0577,0,0,0,0,0
ca_mau,severe,Oracle,1,400.0,awd,0.02,2025,2160,0,0,0.0,200.0,10,27,10,17,1,20.0,0,1864,1.0541,0,0,0,0,0
ca_mau,severe,Oracle,2,400.0,awd,0.02,2025,2160,0,0,0.0,200.0,10,29,10,19,4,80.0,0,1857,1.4907,0,0,0,0,0
ca_mau,severe,Oracle,3,400.0,awd,0.02,2025,2160,0,0,0.0,200.0,10,23,10,13,4,80.0,0,1824,1.4272,0,0,0,0,0
ca_mau,severe,Oracle,4,400.0,awd,0.02,2025,2160,0,0,0.0,200.0,10,23,10,13,2,40.0,0,1831,1.2599,0,0,0,0,0
ca_mau,severe,Oracle,5,400.0,awd,0.02,2025,2160,0,0,0.0,200.0,10,20,10,10,0,0.0,0,1826,0.8607,0,0,0,0,0
ca_mau,severe,Oracle,6,400.0,awd,0.02,2025,2160,0,0,0.0,200.0,10,28,10,18,3,60.0,0,1835,1.291,0,0,0,0,0
ca_mau,severe,Oracle,7,400.0,awd,0.02,2025,2160,0,0,0.0,200.0,10,23,10,13,3,60.0,0,1839,0.6086,0,0,0,0,0
ca_mau,severe,Oracle,8,400.0,awd,0.02,2025,2160,0,0,0.0,200.0,10,60,10,50,0,0.0,0,1831,2.6504,0,0,0,0,0
ca_mau,severe,Oracle,9,400.0,awd,0.02,2025,2160,0,0,0.0,200.0,10,31,10,21,0,0.0,0,1804,1.6541,0,0,0,0,0
ca_mau,severe,TwinGate+T2+centre,0,400.0,awd,0.02,2025,2160,0,0,0.0,120.0,10,25,6,15,0,0.0,80,1861,1.1384,3,1,2,396,400
ca_mau,severe,TwinGate+T2+centre,1,400.0,awd,0.02,2025,2160,0,0,0.0,160.0,9,24,8,15,1,20.0,81,1864,0.7454,3,0,3,82,338
ca_mau,severe,TwinGate+T2+centre,2,400.0,awd,0.02,2025,2160,0,0,0.0,220.0,8,21,11,13,6,120.0,82,1857,1.1386,5,0,5,55,276
ca_mau,severe,TwinGate+T2+centre,3,400.0,awd,0.02,2025,2160,0,0,0.0,180.0,11,40,9,29,4,80.0,79,1824,1.7367,4,1,3,166,363
ca_mau,severe,TwinGate+T2+centre,4,400.0,awd,0.02,2025,2160,0,0,0.0,160.0,10,26,8,16,2,40.0,80,1831,1.1384,3,0,3,83,324
ca_mau,severe,TwinGate+T2+centre,5,400.0,awd,0.02,2025,2160,0,0,0.0,180.0,7,21,9,14,3,60.0,83,1826,0.7454,4,0,4,46,263
ca_mau,severe,TwinGate+T2+centre,6,400.0,awd,0.02,2025,2160,0,0,0.0,200.0,9,29,10,20,3,60.0,81,1835,1.0496,3,0,3,107,374
ca_mau,severe,TwinGate+T2+centre,7,400.0,awd,0.02,2025,2160,0,0,0.0,180.0,9,32,9,23,3,60.0,81,1839,1.3608,4,0,4,115,317
ca_mau,severe,TwinGate+T2+centre,8,400.0,awd,0.02,2025,2160,0,0,0.0,160.0,11,24,8,13,0,0.0,79,1831,1.1384,4,0,4,90,369
ca_mau,severe,TwinGate+T2+centre,9,400.0,awd,0.02,2025,2160,0,0,0.0,160.0,6,17,8,11,2,40.0,84,1804,0.6086,2,0,2,23,195
ca_mau,severe,TwinGate+T2,0,400.0,mid,0.05,2025,2160,0,0,0.0,120.0,10,25,6,15,0,0.0,80,1861,1.1384,3,1,2,396,400
ca_mau,severe,TwinGate+T2,1,400.0,mid,0.05,2025,2160,0,0,0.0,160.0,9,24,8,15,1,20.0,81,1864,0.7454,3,0,3,82,338
ca_mau,severe,TwinGate+T2,2,400.0,mid,0.05,2025,2160,0,0,0.0,220.0,8,21,11,13,6,120.0,82,1857,1.1386,5,0,5,55,276
ca_mau,severe,TwinGate+T2,3,400.0,mid,0.05,2025,2160,0,0,0.0,180.0,11,40,9,29,4,80.0,79,1824,1.7367,4,1,3,166,363
ca_mau,severe,TwinGate+T2,4,400.0,mid,0.05,2025,2160,0,0,0.0,160.0,10,26,8,16,2,40.0,80,1831,1.1384,3,0,3,83,324
ca_mau,severe,TwinGate+T2,5,400.0,mid,0.05,2025,2160,0,0,0.0,180.0,7,21,9,14,3,60.0,83,1826,0.7454,4,0,4,46,263
ca_mau,severe,TwinGate+T2,6,400.0,mid,0.05,2025,2160,0,0,0.0,200.0,9,29,10,20,3,60.0,81,1835,1.0496,3,0,3,107,374
ca_mau,severe,TwinGate+T2,7,400.0,mid,0.05,2025,2160,0,0,0.0,180.0,9,32,9,23,3,60.0,81,1839,1.3608,4,0,4,115,317
ca_mau,severe,TwinGate+T2,8,400.0,mid,0.05,2025,2160,0,0,0.0,160.0,11,24,8,13,0,0.0,79,1831,1.1384,4,0,4,90,369
ca_mau,severe,TwinGate+T2,9,400.0,mid,0.05,2025,2160,0,0,0.0,160.0,6,17,8,11,2,40.0,84,1804,0.6086,2,0,2,23,195
ca_mau,severe,TwinGate+blindARQ,0,400.0,mid,0.05,2025,2160,0,0,0.0,180.0,8,29,9,21,1,20.0,82,1861,1.551,4,0,4,49,305
ca_mau,severe,TwinGate+blindARQ,1,400.0,mid,0.05,2025,2160,0,0,0.0,160.0,7,22,8,15,1,20.0,83,1864,0.8607,3,0,3,39,293
ca_mau,severe,TwinGate+blindARQ,2,400.0,mid,0.05,2025,2160,0,0,0.0,280.0,6,32,14,26,8,160.0,84,1857,1.4874,2,0,2,25,213
ca_mau,severe,TwinGate+blindARQ,3,400.0,mid,0.05,2025,2160,0,0,0.0,220.0,6,20,11,14,5,100.0,84,1824,1.0534,2,0,2,26,195
ca_mau,severe,TwinGate+blindARQ,4,400.0,mid,0.05,2025,2160,0,0,0.0,160.0,6,18,8,12,2,40.0,84,1831,0.9623,2,0,2,23,214
ca_mau,severe,TwinGate+blindARQ,5,400.0,mid,0.05,2025,2160,0,0,0.0,180.0,5,37,9,32,4,80.0,85,1826,1.9299,1,0,1,12,165
ca_mau,severe,TwinGate+blindARQ,6,400.0,mid,0.05,2025,2160,0,0,0.0,260.0,6,54,13,48,7,140.0,84,1835,2.1072,2,0,2,23,244
ca_mau,severe,TwinGate+blindARQ,7,400.0,mid,0.05,2025,2160,0,0,0.0,180.0,5,34,9,29,4,80.0,85,1839,2.1056,2,0,2,33,213
ca_mau,severe,TwinGate+blindARQ,8,400.0,mid,0.05,2025,2160,0,0,0.0,160.0,7,39,8,32,1,20.0,83,1831,2.7141,4,0,4,50,292
ca_mau,severe,TwinGate+blindARQ,9,400.0,mid,0.05,2025,2160,0,0,0.0,160.0,6,17,8,11,2,40.0,84,1804,0.6086,2,0,2,23,195
ca_mau,severe,Reactive+T2,0,400.0,mid,0.05,2025,2160,0,0,0.0,240.0,4,5,4,1,0,0.0,0,1861,0.0,0,0,0,0,137
ca_mau,severe,Reactive+T2,1,400.0,mid,0.05,2025,2160,0,0,0.0,300.0,7,25,5,18,1,60.0,0,1864,1.9359,2,0,2,66,216
ca_mau,severe,Reactive+T2,2,400.0,mid,0.05,2025,2160,0,0,0.0,240.0,6,19,4,13,0,0.0,0,1857,1.7305,3,0,3,31,193
ca_mau,severe,Reactive+T2,3,400.0,mid,0.05,2025,2160,0,0,0.0,360.0,8,26,6,18,3,180.0,0,1824,2.5971,1,1,0,81,191
ca_mau,severe,Reactive+T2,4,400.0,mid,0.05,2025,2160,0,0,0.0,300.0,7,20,5,13,1,60.0,0,1831,2.0463,1,0,1,59,187
ca_mau,severe,Reactive+T2,5,400.0,mid,0.05,2025,2160,0,0,0.0,240.0,5,14,4,9,0,0.0,0,1826,1.2336,1,0,1,16,162
ca_mau,severe,Reactive+T2,6,400.0,mid,0.05,2025,2160,0,0,0.0,360.0,4,10,6,6,3,180.0,0,1835,1.4772,0,0,0,0,137
ca_mau,severe,Reactive+T2,7,400.0,mid,0.05,2025,2160,0,0,0.0,300.0,7,22,5,15,1,60.0,0,1839,2.5123,2,0,2,66,191
ca_mau,severe,Reactive+T2,8,400.0,mid,0.05,2025,2160,0,0,0.0,300.0,7,17,5,10,1,60.0,0,1831,1.783,3,0,3,55,209
ca_mau,severe,Reactive+T2,9,400.0,mid,0.05,2025,2160,0,0,0.0,300.0,4,10,5,6,1,60.0,0,1804,0.8616,0,0,0,0,140
ca_mau,severe,Reactive+blindARQ,0,400.0,mid,0.05,2025,2160,0,0,0.0,240.0,4,5,4,1,0,0.0,0,1861,0.0,0,0,0,0,137
ca_mau,severe,Reactive+blindARQ,1,400.0,mid,0.05,2025,2160,0,0,0.0,300.0,4,26,5,22,1,60.0,0,1864,2.5989,0,0,0,0,154
ca_mau,severe,Reactive+blindARQ,2,400.0,mid,0.05,2025,2160,0,0,0.0,400.0,4,46,7,42,3,180.0,0,1857,4.3908,1,0,1,13,165
ca_mau,severe,Reactive+blindARQ,3,400.0,mid,0.05,2025,2160,0,0,0.0,400.0,4,23,7,19,3,180.0,0,1824,2.6327,0,0,0,0,150
ca_mau,severe,Reactive+blindARQ,4,400.0,mid,0.05,2025,2160,0,0,0.0,300.0,4,10,5,6,1,60.0,0,1831,1.2113,0,0,0,0,139
ca_mau,severe,Reactive+blindARQ,5,400.0,mid,0.05,2025,2160,0,0,0.0,360.0,4,15,6,11,2,120.0,0,1826,1.734,0,0,0,0,141
ca_mau,severe,Reactive+blindARQ,6,400.0,mid,0.05,2025,2160,0,0,0.0,400.0,4,28,7,24,4,220.0,0,1835,1.5072,1,0,1,7,143
ca_mau,severe,Reactive+blindARQ,7,400.0,mid,0.05,2025,2160,0,0,0.0,360.0,4,18,6,14,2,120.0,0,1839,2.0914,0,0,0,0,143
ca_mau,severe,Reactive+blindARQ,8,400.0,mid,0.05,2025,2160,0,0,0.0,300.0,4,17,5,13,1,60.0,0,1831,1.6979,0,0,0,0,146
ca_mau,severe,Reactive+blindARQ,9,400.0,mid,0.05,2025,2160,0,0,0.0,300.0,4,10,5,6,1,60.0,0,1804,0.8616,0,0,0,0,140
ca_mau,severe,FixedSchedule,0,400.0,mid,0.05,2025,2160,0,0,0.0,400.0,7,13,7,6,0,0.0,0,1861,0.0013,0,0,0,0,31
ca_mau,severe,FixedSchedule,1,400.0,mid,0.05,2025,2160,0,0,0.0,400.0,6,26,7,20,1,60.0,0,1864,1.0414,2,0,1,1127,350
ca_mau,severe,FixedSchedule,2,400.0,mid,0.05,2025,2160,4,0,0.011,400.0,4,23,7,19,4,220.0,0,1857,11.4456,1,0,0,1595,547
ca_mau,severe,FixedSchedule,3,400.0,mid,0.05,2025,2160,0,0,0.0,400.0,4,37,7,33,3,180.0,0,1824,2.569,2,0,1,1538,500
ca_mau,severe,FixedSchedule,4,400.0,mid,0.05,2025,2160,0,0,0.0,400.0,6,22,7,16,1,60.0,0,1831,7.9603,1,0,0,1115,325
ca_mau,severe,FixedSchedule,5,400.0,mid,0.05,2025,2160,0,0,0.0,400.0,5,26,7,21,2,120.0,0,1826,1.8451,1,0,0,1115,374
ca_mau,severe,FixedSchedule,6,400.0,mid,0.05,2025,2160,0,0,0.0,400.0,4,24,7,20,3,180.0,0,1835,0.8267,1,0,0,1542,514
ca_mau,severe,FixedSchedule,7,400.0,mid,0.05,2025,2160,0,0,0.0,400.0,5,32,7,27,2,120.0,0,1839,5.1001,1,0,0,1542,475
ca_mau,severe,FixedSchedule,8,400.0,mid,0.05,2025,2160,0,0,0.0,400.0,6,20,7,14,1,60.0,0,1831,0.0018,1,0,0,1115,325
ca_mau,severe,FixedSchedule,9,400.0,mid,0.05,2025,2160,0,0,0.0,400.0,6,19,7,13,1,60.0,0,1804,7.9378,1,0,0,1115,325
ca_mau,severe,Oracle,0,400.0,mid,0.05,2025,2160,0,0,0.0,200.0,10,31,10,21,0,0.0,0,1861,1.0577,0,0,0,0,0
ca_mau,severe,Oracle,1,400.0,mid,0.05,2025,2160,0,0,0.0,200.0,10,27,10,17,1,20.0,0,1864,1.0541,0,0,0,0,0
ca_mau,severe,Oracle,2,400.0,mid,0.05,2025,2160,0,0,0.0,200.0,10,29,10,19,4,80.0,0,1857,1.4907,0,0,0,0,0
ca_mau,severe,Oracle,3,400.0,mid,0.05,2025,2160,0,0,0.0,200.0,10,23,10,13,4,80.0,0,1824,1.4272,0,0,0,0,0
ca_mau,severe,Oracle,4,400.0,mid,0.05,2025,2160,0,0,0.0,200.0,10,23,10,13,2,40.0,0,1831,1.2599,0,0,0,0,0
ca_mau,severe,Oracle,5,400.0,mid,0.05,2025,2160,0,0,0.0,200.0,10,20,10,10,0,0.0,0,1826,0.8607,0,0,0,0,0
ca_mau,severe,Oracle,6,400.0,mid,0.05,2025,2160,0,0,0.0,200.0,10,28,10,18,3,60.0,0,1835,1.291,0,0,0,0,0
ca_mau,severe,Oracle,7,400.0,mid,0.05,2025,2160,0,0,0.0,200.0,10,23,10,13,3,60.0,0,1839,0.6086,0,0,0,0,0
ca_mau,severe,Oracle,8,400.0,mid,0.05,2025,2160,0,0,0.0,200.0,10,60,10,50,0,0.0,0,1831,2.6504,0,0,0,0,0
ca_mau,severe,Oracle,9,400.0,mid,0.05,2025,2160,0,0,0.0,200.0,10,31,10,21,0,0.0,0,1804,1.6541,0,0,0,0,0
ca_mau,severe,TwinGate+T2+centre,0,400.0,mid,0.05,2025,2160,0,0,0.0,120.0,10,25,6,15,0,0.0,80,1861,1.1384,3,1,2,396,400
ca_mau,severe,TwinGate+T2+centre,1,400.0,mid,0.05,2025,2160,0,0,0.0,160.0,9,24,8,15,1,20.0,81,1864,0.7454,3,0,3,82,338
ca_mau,severe,TwinGate+T2+centre,2,400.0,mid,0.05,2025,2160,0,0,0.0,220.0,8,21,11,13,6,120.0,82,1857,1.1386,5,0,5,55,276
ca_mau,severe,TwinGate+T2+centre,3,400.0,mid,0.05,2025,2160,0,0,0.0,180.0,11,40,9,29,4,80.0,79,1824,1.7367,4,1,3,166,363
ca_mau,severe,TwinGate+T2+centre,4,400.0,mid,0.05,2025,2160,0,0,0.0,160.0,10,26,8,16,2,40.0,80,1831,1.1384,3,0,3,83,324
ca_mau,severe,TwinGate+T2+centre,5,400.0,mid,0.05,2025,2160,0,0,0.0,180.0,7,21,9,14,3,60.0,83,1826,0.7454,4,0,4,46,263
ca_mau,severe,TwinGate+T2+centre,6,400.0,mid,0.05,2025,2160,0,0,0.0,200.0,9,29,10,20,3,60.0,81,1835,1.0496,3,0,3,107,374
ca_mau,severe,TwinGate+T2+centre,7,400.0,mid,0.05,2025,2160,0,0,0.0,180.0,9,32,9,23,3,60.0,81,1839,1.3608,4,0,4,115,317
ca_mau,severe,TwinGate+T2+centre,8,400.0,mid,0.05,2025,2160,0,0,0.0,160.0,11,24,8,13,0,0.0,79,1831,1.1384,4,0,4,90,369
ca_mau,severe,TwinGate+T2+centre,9,400.0,mid,0.05,2025,2160,0,0,0.0,160.0,6,17,8,11,2,40.0,84,1804,0.6086,2,0,2,23,195
ca_mau,severe,TwinGate+T2,0,400.0,narrow,0.1,2025,2160,0,0,0.0,120.0,9,26,6,17,0,0.0,81,1861,0.7454,6,1,5,382,600
ca_mau,severe,TwinGate+T2,1,400.0,narrow,0.1,2025,2160,0,0,0.0,120.0,6,15,6,9,1,20.0,84,1864,0.6086,5,1,4,318,532
ca_mau,severe,TwinGate+T2,2,400.0,narrow,0.1,2025,2160,0,0,0.0,160.0,5,18,8,13,3,60.0,85,1857,0.8718,5,1,4,303,459
ca_mau,severe,TwinGate+T2,3,400.0,narrow,0.1,2025,2160,0,0,0.0,180.0,7,22,9,15,4,80.0,83,1824,1.217,5,2,3,322,473
ca_mau,severe,TwinGate+T2,4,400.0,narrow,0.1,2025,2160,0,0,0.0,120.0,6,14,6,8,1,20.0,84,1831,0.6086,5,1,4,299,512
ca_mau,severe,TwinGate+T2,5,400.0,narrow,0.1,2025,2160,0,0,0.0,180.0,7,18,9,11,3,60.0,83,1826,1.291,6,1,5,332,546
ca_mau,severe,TwinGate+T2,6,400.0,narrow,0.1,2025,2160,0,0,0.0,180.0,7,25,9,18,5,100.0,83,1835,1.3694,5,2,3,342,495
ca_mau,severe,TwinGate+T2,7,400.0,narrow,0.1,2025,2160,0,0,0.0,140.0,6,16,7,10,1,20.0,84,1839,1.1386,6,1,5,310,548
ca_mau,severe,TwinGate+T2,8,400.0,narrow,0.1,2025,2160,0,0,0.0,120.0,5,10,6,5,1,20.0,85,1831,0.4303,5,1,4,316,533
ca_mau,severe,TwinGate+T2,9,400.0,narrow,0.1,2025,2160,0,0,0.0,120.0,8,18,6,10,1,20.0,82,1804,0.9623,6,1,5,356,594
ca_mau,severe,TwinGate+blindARQ,0,400.0,narrow,0.1,2025,2160,0,0,0.0,120.0,6,29,6,23,0,0.0,84,1861,1.4272,6,1,5,329,584
ca_mau,severe,TwinGate+blindARQ,1,400.0,narrow,0.1,2025,2160,0,0,0.0,120.0,5,16,6,11,1,20.0,85,1864,0.7454,5,1,4,303,518
ca_mau,severe,TwinGate+blindARQ,2,400.0,narrow,0.1,2025,2160,0,0,0.0,220.0,4,34,11,30,7,140.0,86,1857,0.9896,4,1,3,239,396
ca_mau,severe,TwinGate+blindARQ,3,400.0,narrow,0.1,2025,2160,0,0,0.0,180.0,4,34,9,30,5,100.0,86,1824,1.987,4,1,3,235,388
ca_mau,severe,TwinGate+blindARQ,4,400.0,narrow,0.1,2025,2160,0,0,0.0,120.0,5,13,6,8,1,20.0,85,1831,0.7454,5,1,4,553,482
ca_mau,severe,TwinGate+blindARQ,5,400.0,narrow,0.1,2025,2160,0,0,0.0,180.0,5,24,9,19,4,80.0,85,1826,1.5366,5,1,4,284,451
ca_mau,severe,TwinGate+blindARQ,6,400.0,narrow,0.1,2025,2160,0,0,0.0,200.0,4,36,10,32,6,120.0,86,1835,1.8692,4,1,3,268,413
ca_mau,severe,TwinGate+blindARQ,7,400.0,narrow,0.1,2025,2160,0,0,0.0,140.0,4,28,7,24,3,60.0,86,1839,2.1497,4,1,3,553,434
ca_mau,severe,TwinGate+blindARQ,8,400.0,narrow,0.1,2025,2160,0,0,0.0,120.0,5,10,6,5,1,20.0,85,1831,0.4303,5,1,4,316,533
ca_mau,severe,TwinGate+blindARQ,9,400.0,narrow,0.1,2025,2160,0,0,0.0,120.0,5,18,6,13,1,20.0,85,1804,1.2172,5,1,4,575,492
ca_mau,severe,Reactive+T2,0,400.0,narrow,0.1,2025,2160,0,0,0.0,240.0,4,5,4,1,0,0.0,0,1861,0.0,0,0,0,0,137
ca_mau,severe,Reactive+T2,1,400.0,narrow,0.1,2025,2160,0,0,0.0,300.0,7,25,5,18,1,60.0,0,1864,1.9359,2,0,2,66,216
ca_mau,severe,Reactive+T2,2,400.0,narrow,0.1,2025,2160,0,0,0.0,240.0,6,19,4,13,0,0.0,0,1857,1.7305,3,0,3,31,193
ca_mau,severe,Reactive+T2,3,400.0,narrow,0.1,2025,2160,0,0,0.0,360.0,8,26,6,18,3,180.0,0,1824,2.5971,1,1,0,81,191
ca_mau,severe,Reactive+T2,4,400.0,narrow,0.1,2025,2160,0,0,0.0,300.0,7,20,5,13,1,60.0,0,1831,2.0463,1,0,1,59,187
ca_mau,severe,Reactive+T2,5,400.0,narrow,0.1,2025,2160,0,0,0.0,240.0,5,14,4,9,0,0.0,0,1826,1.2336,1,0,1,16,162
ca_mau,severe,Reactive+T2,6,400.0,narrow,0.1,2025,2160,0,0,0.0,360.0,4,10,6,6,3,180.0,0,1835,1.4772,0,0,0,0,137
ca_mau,severe,Reactive+T2,7,400.0,narrow,0.1,2025,2160,0,0,0.0,300.0,7,22,5,15,1,60.0,0,1839,2.5123,2,0,2,66,191
ca_mau,severe,Reactive+T2,8,400.0,narrow,0.1,2025,2160,0,0,0.0,300.0,7,17,5,10,1,60.0,0,1831,1.783,3,0,3,55,209
ca_mau,severe,Reactive+T2,9,400.0,narrow,0.1,2025,2160,0,0,0.0,300.0,4,10,5,6,1,60.0,0,1804,0.8616,0,0,0,0,140
ca_mau,severe,Reactive+blindARQ,0,400.0,narrow,0.1,2025,2160,0,0,0.0,240.0,4,5,4,1,0,0.0,0,1861,0.0,0,0,0,0,137
ca_mau,severe,Reactive+blindARQ,1,400.0,narrow,0.1,2025,2160,0,0,0.0,300.0,4,26,5,22,1,60.0,0,1864,2.5989,0,0,0,0,154
ca_mau,severe,Reactive+blindARQ,2,400.0,narrow,0.1,2025,2160,0,0,0.0,400.0,4,46,7,42,3,180.0,0,1857,4.3908,1,0,1,13,165
ca_mau,severe,Reactive+blindARQ,3,400.0,narrow,0.1,2025,2160,0,0,0.0,400.0,4,23,7,19,3,180.0,0,1824,2.6327,0,0,0,0,150
ca_mau,severe,Reactive+blindARQ,4,400.0,narrow,0.1,2025,2160,0,0,0.0,300.0,4,10,5,6,1,60.0,0,1831,1.2113,0,0,0,0,139
ca_mau,severe,Reactive+blindARQ,5,400.0,narrow,0.1,2025,2160,0,0,0.0,360.0,4,15,6,11,2,120.0,0,1826,1.734,0,0,0,0,141
ca_mau,severe,Reactive+blindARQ,6,400.0,narrow,0.1,2025,2160,0,0,0.0,400.0,4,28,7,24,4,220.0,0,1835,1.5072,1,0,1,7,143
ca_mau,severe,Reactive+blindARQ,7,400.0,narrow,0.1,2025,2160,0,0,0.0,360.0,4,18,6,14,2,120.0,0,1839,2.0914,0,0,0,0,143
ca_mau,severe,Reactive+blindARQ,8,400.0,narrow,0.1,2025,2160,0,0,0.0,300.0,4,17,5,13,1,60.0,0,1831,1.6979,0,0,0,0,146
ca_mau,severe,Reactive+blindARQ,9,400.0,narrow,0.1,2025,2160,0,0,0.0,300.0,4,10,5,6,1,60.0,0,1804,0.8616,0,0,0,0,140
ca_mau,severe,FixedSchedule,0,400.0,narrow,0.1,2025,2160,0,0,0.0,400.0,7,13,7,6,0,0.0,0,1861,0.0013,0,0,0,0,31
ca_mau,severe,FixedSchedule,1,400.0,narrow,0.1,2025,2160,0,0,0.0,400.0,6,26,7,20,1,60.0,0,1864,1.0414,2,0,1,1127,350
ca_mau,severe,FixedSchedule,2,400.0,narrow,0.1,2025,2160,4,0,0.011,400.0,4,23,7,19,4,220.0,0,1857,11.4456,1,0,0,1595,547
ca_mau,severe,FixedSchedule,3,400.0,narrow,0.1,2025,2160,0,0,0.0,400.0,4,37,7,33,3,180.0,0,1824,2.569,2,0,1,1538,500
ca_mau,severe,FixedSchedule,4,400.0,narrow,0.1,2025,2160,0,0,0.0,400.0,6,22,7,16,1,60.0,0,1831,7.9603,1,0,0,1115,325
ca_mau,severe,FixedSchedule,5,400.0,narrow,0.1,2025,2160,0,0,0.0,400.0,5,26,7,21,2,120.0,0,1826,1.8451,1,0,0,1115,374
ca_mau,severe,FixedSchedule,6,400.0,narrow,0.1,2025,2160,0,0,0.0,400.0,4,24,7,20,3,180.0,0,1835,0.8267,1,0,0,1542,514
ca_mau,severe,FixedSchedule,7,400.0,narrow,0.1,2025,2160,0,0,0.0,400.0,5,32,7,27,2,120.0,0,1839,5.1001,1,0,0,1542,475
ca_mau,severe,FixedSchedule,8,400.0,narrow,0.1,2025,2160,0,0,0.0,400.0,6,20,7,14,1,60.0,0,1831,0.0018,1,0,0,1115,325
ca_mau,severe,FixedSchedule,9,400.0,narrow,0.1,2025,2160,0,0,0.0,400.0,6,19,7,13,1,60.0,0,1804,7.9378,1,0,0,1115,325
ca_mau,severe,Oracle,0,400.0,narrow,0.1,2025,2160,0,0,0.0,200.0,10,31,10,21,0,0.0,0,1861,1.0577,0,0,0,0,0
ca_mau,severe,Oracle,1,400.0,narrow,0.1,2025,2160,0,0,0.0,200.0,10,27,10,17,1,20.0,0,1864,1.0541,0,0,0,0,0
ca_mau,severe,Oracle,2,400.0,narrow,0.1,2025,2160,0,0,0.0,200.0,10,29,10,19,4,80.0,0,1857,1.4907,0,0,0,0,0
ca_mau,severe,Oracle,3,400.0,narrow,0.1,2025,2160,0,0,0.0,200.0,10,23,10,13,4,80.0,0,1824,1.4272,0,0,0,0,0
ca_mau,severe,Oracle,4,400.0,narrow,0.1,2025,2160,0,0,0.0,200.0,10,23,10,13,2,40.0,0,1831,1.2599,0,0,0,0,0
ca_mau,severe,Oracle,5,400.0,narrow,0.1,2025,2160,0,0,0.0,200.0,10,20,10,10,0,0.0,0,1826,0.8607,0,0,0,0,0
ca_mau,severe,Oracle,6,400.0,narrow,0.1,2025,2160,0,0,0.0,200.0,10,28,10,18,3,60.0,0,1835,1.291,0,0,0,0,0
ca_mau,severe,Oracle,7,400.0,narrow,0.1,2025,2160,0,0,0.0,200.0,10,23,10,13,3,60.0,0,1839,0.6086,0,0,0,0,0
ca_mau,severe,Oracle,8,400.0,narrow,0.1,2025,2160,0,0,0.0,200.0,10,60,10,50,0,0.0,0,1831,2.6504,0,0,0,0,0
ca_mau,severe,Oracle,9,400.0,narrow,0.1,2025,2160,0,0,0.0,200.0,10,31,10,21,0,0.0,0,1804,1.6541,0,0,0,0,0
ca_mau,severe,TwinGate+T2+centre,0,400.0,narrow,0.1,2025,2160,0,0,0.0,120.0,9,26,6,17,0,0.0,81,1861,0.7454,6,1,5,382,600
ca_mau,severe,TwinGate+T2+centre,1,400.0,narrow,0.1,2025,2160,0,0,0.0,120.0,6,15,6,9,1,20.0,84,1864,0.6086,5,1,4,318,532
ca_mau,severe,TwinGate+T2+centre,2,400.0,narrow,0.1,2025,2160,0,0,0.0,160.0,5,18,8,13,3,60.0,85,1857,0.8718,5,1,4,303,459
ca_mau,severe,TwinGate+T2+centre,3,400.0,narrow,0.1,2025,2160,0,0,0.0,180.0,7,22,9,15,4,80.0,83,1824,1.217,5,2,3,322,473
ca_mau,severe,TwinGate+T2+centre,4,400.0,narrow,0.1,2025,2160,0,0,0.0,120.0,6,14,6,8,1,20.0,84,1831,0.6086,5,1,4,299,512
ca_mau,severe,TwinGate+T2+centre,5,400.0,narrow,0.1,2025,2160,0,0,0.0,180.0,7,18,9,11,3,60.0,83,1826,1.291,6,1,5,332,546
ca_mau,severe,TwinGate+T2+centre,6,400.0,narrow,0.1,2025,2160,0,0,0.0,180.0,7,25,9,18,5,100.0,83,1835,1.3694,5,2,3,342,495
ca_mau,severe,TwinGate+T2+centre,7,400.0,narrow,0.1,2025,2160,0,0,0.0,140.0,6,16,7,10,1,20.0,84,1839,1.1386,6,1,5,310,548
ca_mau,severe,TwinGate+T2+centre,8,400.0,narrow,0.1,2025,2160,0,0,0.0,120.0,5,10,6,5,1,20.0,85,1831,0.4303,5,1,4,316,533
ca_mau,severe,TwinGate+T2+centre,9,400.0,narrow,0.1,2025,2160,0,0,0.0,120.0,8,18,6,10,1,20.0,82,1804,0.9623,6,1,5,356,594
ca_mau,severe,TwinGate+T2,0,inf,awd,0.02,2025,2160,0,0,0.0,120.0,10,25,6,15,0,0.0,80,1861,1.1384,3,1,2,396,400
ca_mau,severe,TwinGate+T2,1,inf,awd,0.02,2025,2160,0,0,0.0,160.0,9,24,8,15,1,20.0,81,1864,0.7454,3,0,3,82,338
ca_mau,severe,TwinGate+T2,2,inf,awd,0.02,2025,2160,0,0,0.0,220.0,8,21,11,13,6,120.0,82,1857,1.1386,5,0,5,55,276
ca_mau,severe,TwinGate+T2,3,inf,awd,0.02,2025,2160,0,0,0.0,180.0,11,40,9,29,4,80.0,79,1824,1.7367,4,1,3,166,363
ca_mau,severe,TwinGate+T2,4,inf,awd,0.02,2025,2160,0,0,0.0,160.0,10,26,8,16,2,40.0,80,1831,1.1384,3,0,3,83,324
ca_mau,severe,TwinGate+T2,5,inf,awd,0.02,2025,2160,0,0,0.0,180.0,7,21,9,14,3,60.0,83,1826,0.7454,4,0,4,46,263
ca_mau,severe,TwinGate+T2,6,inf,awd,0.02,2025,2160,0,0,0.0,200.0,9,29,10,20,3,60.0,81,1835,1.0496,3,0,3,107,374
ca_mau,severe,TwinGate+T2,7,inf,awd,0.02,2025,2160,0,0,0.0,180.0,9,32,9,23,3,60.0,81,1839,1.3608,4,0,4,115,317
ca_mau,severe,TwinGate+T2,8,inf,awd,0.02,2025,2160,0,0,0.0,160.0,11,24,8,13,0,0.0,79,1831,1.1384,4,0,4,90,369
ca_mau,severe,TwinGate+T2,9,inf,awd,0.02,2025,2160,0,0,0.0,160.0,6,17,8,11,2,40.0,84,1804,0.6086,2,0,2,23,195
ca_mau,severe,TwinGate+blindARQ,0,inf,awd,0.02,2025,2160,0,0,0.0,180.0,8,29,9,21,1,20.0,82,1861,1.551,4,0,4,49,305
ca_mau,severe,TwinGate+blindARQ,1,inf,awd,0.02,2025,2160,0,0,0.0,160.0,7,22,8,15,1,20.0,83,1864,0.8607,3,0,3,39,293
ca_mau,severe,TwinGate+blindARQ,2,inf,awd,0.02,2025,2160,0,0,0.0,280.0,6,32,14,26,8,160.0,84,1857,1.4874,2,0,2,25,213
ca_mau,severe,TwinGate+blindARQ,3,inf,awd,0.02,2025,2160,0,0,0.0,220.0,6,20,11,14,5,100.0,84,1824,1.0534,2,0,2,26,195
ca_mau,severe,TwinGate+blindARQ,4,inf,awd,0.02,2025,2160,0,0,0.0,160.0,6,18,8,12,2,40.0,84,1831,0.9623,2,0,2,23,214
ca_mau,severe,TwinGate+blindARQ,5,inf,awd,0.02,2025,2160,0,0,0.0,180.0,5,37,9,32,4,80.0,85,1826,1.9299,1,0,1,12,165
ca_mau,severe,TwinGate+blindARQ,6,inf,awd,0.02,2025,2160,0,0,0.0,260.0,6,54,13,48,7,140.0,84,1835,2.1072,2,0,2,23,244
ca_mau,severe,TwinGate+blindARQ,7,inf,awd,0.02,2025,2160,0,0,0.0,180.0,5,34,9,29,4,80.0,85,1839,2.1056,2,0,2,33,213
ca_mau,severe,TwinGate+blindARQ,8,inf,awd,0.02,2025,2160,0,0,0.0,160.0,7,39,8,32,1,20.0,83,1831,2.7141,4,0,4,50,292
ca_mau,severe,TwinGate+blindARQ,9,inf,awd,0.02,2025,2160,0,0,0.0,160.0,6,17,8,11,2,40.0,84,1804,0.6086,2,0,2,23,195
ca_mau,severe,Reactive+T2,0,inf,awd,0.02,2025,2160,0,0,0.0,240.0,4,5,4,1,0,0.0,0,1861,0.0,0,0,0,0,137
ca_mau,severe,Reactive+T2,1,inf,awd,0.02,2025,2160,0,0,0.0,300.0,7,25,5,18,1,60.0,0,1864,1.9359,2,0,2,66,216
ca_mau,severe,Reactive+T2,2,inf,awd,0.02,2025,2160,0,0,0.0,240.0,6,19,4,13,0,0.0,0,1857,1.7305,3,0,3,31,193
ca_mau,severe,Reactive+T2,3,inf,awd,0.02,2025,2160,0,0,0.0,360.0,8,26,6,18,3,180.0,0,1824,2.5971,1,1,0,81,191
ca_mau,severe,Reactive+T2,4,inf,awd,0.02,2025,2160,0,0,0.0,300.0,7,20,5,13,1,60.0,0,1831,2.0463,1,0,1,59,187
ca_mau,severe,Reactive+T2,5,inf,awd,0.02,2025,2160,0,0,0.0,240.0,5,14,4,9,0,0.0,0,1826,1.2336,1,0,1,16,162
ca_mau,severe,Reactive+T2,6,inf,awd,0.02,2025,2160,0,0,0.0,480.0,4,13,8,9,5,300.0,0,1835,1.4772,0,0,0,0,137
ca_mau,severe,Reactive+T2,7,inf,awd,0.02,2025,2160,0,0,0.0,300.0,7,22,5,15,1,60.0,0,1839,2.5123,2,0,2,66,191
ca_mau,severe,Reactive+T2,8,inf,awd,0.02,2025,2160,0,0,0.0,300.0,7,17,5,10,1,60.0,0,1831,1.783,3,0,3,55,209
ca_mau,severe,Reactive+T2,9,inf,awd,0.02,2025,2160,0,0,0.0,300.0,4,10,5,6,1,60.0,0,1804,0.8616,0,0,0,0,140
ca_mau,severe,Reactive+blindARQ,0,inf,awd,0.02,2025,2160,0,0,0.0,240.0,4,5,4,1,0,0.0,0,1861,0.0,0,0,0,0,137
ca_mau,severe,Reactive+blindARQ,1,inf,awd,0.02,2025,2160,0,0,0.0,300.0,4,26,5,22,1,60.0,0,1864,2.5989,0,0,0,0,154
ca_mau,severe,Reactive+blindARQ,2,inf,awd,0.02,2025,2160,0,0,0.0,660.0,4,63,11,59,7,420.0,0,1857,4.5272,1,0,1,13,165
ca_mau,severe,Reactive+blindARQ,3,inf,awd,0.02,2025,2160,0,0,0.0,540.0,4,26,9,22,5,300.0,0,1824,2.7646,0,0,0,0,150
ca_mau,severe,Reactive+blindARQ,4,inf,awd,0.02,2025,2160,0,0,0.0,300.0,4,10,5,6,1,60.0,0,1831,1.2113,0,0,0,0,139
ca_mau,severe,Reactive+blindARQ,5,inf,awd,0.02,2025,2160,0,0,0.0,420.0,4,25,7,21,3,180.0,0,1826,1.7344,0,0,0,0,141
ca_mau,severe,Reactive+blindARQ,6,inf,awd,0.02,2025,2160,0,0,0.0,600.0,4,47,10,43,6,360.0,0,1835,1.253,1,0,1,7,143
ca_mau,severe,Reactive+blindARQ,7,inf,awd,0.02,2025,2160,0,0,0.0,420.0,4,19,7,15,3,180.0,0,1839,1.7178,0,0,0,0,143
ca_mau,severe,Reactive+blindARQ,8,inf,awd,0.02,2025,2160,0,0,0.0,300.0,4,17,5,13,1,60.0,0,1831,1.6979,0,0,0,0,146
ca_mau,severe,Reactive+blindARQ,9,inf,awd,0.02,2025,2160,0,0,0.0,300.0,4,10,5,6,1,60.0,0,1804,0.8616,0,0,0,0,140
ca_mau,severe,FixedSchedule,0,inf,awd,0.02,2025,2160,0,0,0.0,1500.0,18,98,25,80,7,420.0,0,1861,2.3218,0,0,0,0,0
ca_mau,severe,FixedSchedule,1,inf,awd,0.02,2025,2160,0,0,0.0,1320.0,18,72,22,54,4,240.0,0,1864,1.254,0,0,0,0,0
ca_mau,severe,FixedSchedule,2,inf,awd,0.02,2025,2160,0,0,0.0,1680.0,18,67,28,49,10,600.0,0,1857,1.5726,0,0,0,0,0
ca_mau,severe,FixedSchedule,3,inf,awd,0.02,2025,2160,0,0,0.0,2040.0,18,110,34,92,16,960.0,0,1824,2.3244,0,0,0,0,0
ca_mau,severe,FixedSchedule,4,inf,awd,0.02,2025,2160,0,0,0.0,1500.0,18,74,25,56,7,420.0,0,1831,1.4042,0,0,0,0,0
ca_mau,severe,FixedSchedule,5,inf,awd,0.02,2025,2160,0,0,0.0,1800.0,18,80,30,62,12,720.0,0,1826,2.2313,0,0,0,0,0
ca_mau,severe,FixedSchedule,6,inf,awd,0.02,2025,2160,0,0,0.0,2160.0,18,98,36,80,18,1080.0,0,1835,1.5515,0,0,0,0,0
ca_mau,severe,FixedSchedule,7,inf,awd,0.02,2025,2160,0,0,0.0,1560.0,18,96,26,78,8,480.0,0,1839,2.4193,0,0,0,0,0
ca_mau,severe,FixedSchedule,8,inf,awd,0.02,2025,2160,0,0,0.0,1260.0,18,56,21,38,3,180.0,0,1831,0.2538,0,0,0,0,0
ca_mau,severe,FixedSchedule,9,inf,awd,0.02,2025,2160,0,0,0.0,1260.0,18,62,21,44,3,180.0,0,1804,0.7788,0,0,0,0,0
ca_mau,severe,Oracle,0,inf,awd,0.02,2025,2160,0,0,0.0,200.0,10,31,10,21,0,0.0,0,1861,1.0577,0,0,0,0,0
ca_mau,severe,Oracle,1,inf,awd,0.02,2025,2160,0,0,0.0,200.0,10,27,10,17,1,20.0,0,1864,1.0541,0,0,0,0,0
ca_mau,severe,Oracle,2,inf,awd,0.02,2025,2160,0,0,0.0,200.0,10,29,10,19,4,80.0,0,1857,1.4907,0,0,0,0,0
ca_mau,severe,Oracle,3,inf,awd,0.02,2025,2160,0,0,0.0,200.0,10,23,10,13,4,80.0,0,1824,1.4272,0,0,0,0,0
ca_mau,severe,Oracle,4,inf,awd,0.02,2025,2160,0,0,0.0,200.0,10,23,10,13,2,40.0,0,1831,1.2599,0,0,0,0,0
ca_mau,severe,Oracle,5,inf,awd,0.02,2025,2160,0,0,0.0,200.0,10,20,10,10,0,0.0,0,1826,0.8607,0,0,0,0,0
ca_mau,severe,Oracle,6,inf,awd,0.02,2025,2160,0,0,0.0,200.0,10,28,10,18,3,60.0,0,1835,1.291,0,0,0,0,0
ca_mau,severe,Oracle,7,inf,awd,0.02,2025,2160,0,0,0.0,200.0,10,23,10,13,3,60.0,0,1839,0.6086,0,0,0,0,0
ca_mau,severe,Oracle,8,inf,awd,0.02,2025,2160,0,0,0.0,200.0,10,60,10,50,0,0.0,0,1831,2.6504,0,0,0,0,0
ca_mau,severe,Oracle,9,inf,awd,0.02,2025,2160,0,0,0.0,200.0,10,31,10,21,0,0.0,0,1804,1.6541,0,0,0,0,0
ca_mau,severe,TwinGate+T2+centre,0,inf,awd,0.02,2025,2160,0,0,0.0,120.0,10,25,6,15,0,0.0,80,1861,1.1384,3,1,2,396,400
ca_mau,severe,TwinGate+T2+centre,1,inf,awd,0.02,2025,2160,0,0,0.0,160.0,9,24,8,15,1,20.0,81,1864,0.7454,3,0,3,82,338
ca_mau,severe,TwinGate+T2+centre,2,inf,awd,0.02,2025,2160,0,0,0.0,220.0,8,21,11,13,6,120.0,82,1857,1.1386,5,0,5,55,276
ca_mau,severe,TwinGate+T2+centre,3,inf,awd,0.02,2025,2160,0,0,0.0,180.0,11,40,9,29,4,80.0,79,1824,1.7367,4,1,3,166,363
ca_mau,severe,TwinGate+T2+centre,4,inf,awd,0.02,2025,2160,0,0,0.0,160.0,10,26,8,16,2,40.0,80,1831,1.1384,3,0,3,83,324
ca_mau,severe,TwinGate+T2+centre,5,inf,awd,0.02,2025,2160,0,0,0.0,180.0,7,21,9,14,3,60.0,83,1826,0.7454,4,0,4,46,263
ca_mau,severe,TwinGate+T2+centre,6,inf,awd,0.02,2025,2160,0,0,0.0,200.0,9,29,10,20,3,60.0,81,1835,1.0496,3,0,3,107,374
ca_mau,severe,TwinGate+T2+centre,7,inf,awd,0.02,2025,2160,0,0,0.0,180.0,9,32,9,23,3,60.0,81,1839,1.3608,4,0,4,115,317
ca_mau,severe,TwinGate+T2+centre,8,inf,awd,0.02,2025,2160,0,0,0.0,160.0,11,24,8,13,0,0.0,79,1831,1.1384,4,0,4,90,369
ca_mau,severe,TwinGate+T2+centre,9,inf,awd,0.02,2025,2160,0,0,0.0,160.0,6,17,8,11,2,40.0,84,1804,0.6086,2,0,2,23,195
ca_mau,severe,TwinGate+T2,0,inf,mid,0.05,2025,2160,0,0,0.0,120.0,10,25,6,15,0,0.0,80,1861,1.1384,3,1,2,396,400
ca_mau,severe,TwinGate+T2,1,inf,mid,0.05,2025,2160,0,0,0.0,160.0,9,24,8,15,1,20.0,81,1864,0.7454,3,0,3,82,338
ca_mau,severe,TwinGate+T2,2,inf,mid,0.05,2025,2160,0,0,0.0,220.0,8,21,11,13,6,120.0,82,1857,1.1386,5,0,5,55,276
ca_mau,severe,TwinGate+T2,3,inf,mid,0.05,2025,2160,0,0,0.0,180.0,11,40,9,29,4,80.0,79,1824,1.7367,4,1,3,166,363
ca_mau,severe,TwinGate+T2,4,inf,mid,0.05,2025,2160,0,0,0.0,160.0,10,26,8,16,2,40.0,80,1831,1.1384,3,0,3,83,324
ca_mau,severe,TwinGate+T2,5,inf,mid,0.05,2025,2160,0,0,0.0,180.0,7,21,9,14,3,60.0,83,1826,0.7454,4,0,4,46,263
ca_mau,severe,TwinGate+T2,6,inf,mid,0.05,2025,2160,0,0,0.0,200.0,9,29,10,20,3,60.0,81,1835,1.0496,3,0,3,107,374
ca_mau,severe,TwinGate+T2,7,inf,mid,0.05,2025,2160,0,0,0.0,180.0,9,32,9,23,3,60.0,81,1839,1.3608,4,0,4,115,317
ca_mau,severe,TwinGate+T2,8,inf,mid,0.05,2025,2160,0,0,0.0,160.0,11,24,8,13,0,0.0,79,1831,1.1384,4,0,4,90,369
ca_mau,severe,TwinGate+T2,9,inf,mid,0.05,2025,2160,0,0,0.0,160.0,6,17,8,11,2,40.0,84,1804,0.6086,2,0,2,23,195
ca_mau,severe,TwinGate+blindARQ,0,inf,mid,0.05,2025,2160,0,0,0.0,180.0,8,29,9,21,1,20.0,82,1861,1.551,4,0,4,49,305
ca_mau,severe,TwinGate+blindARQ,1,inf,mid,0.05,2025,2160,0,0,0.0,160.0,7,22,8,15,1,20.0,83,1864,0.8607,3,0,3,39,293
ca_mau,severe,TwinGate+blindARQ,2,inf,mid,0.05,2025,2160,0,0,0.0,280.0,6,32,14,26,8,160.0,84,1857,1.4874,2,0,2,25,213
ca_mau,severe,TwinGate+blindARQ,3,inf,mid,0.05,2025,2160,0,0,0.0,220.0,6,20,11,14,5,100.0,84,1824,1.0534,2,0,2,26,195
ca_mau,severe,TwinGate+blindARQ,4,inf,mid,0.05,2025,2160,0,0,0.0,160.0,6,18,8,12,2,40.0,84,1831,0.9623,2,0,2,23,214
ca_mau,severe,TwinGate+blindARQ,5,inf,mid,0.05,2025,2160,0,0,0.0,180.0,5,37,9,32,4,80.0,85,1826,1.9299,1,0,1,12,165
ca_mau,severe,TwinGate+blindARQ,6,inf,mid,0.05,2025,2160,0,0,0.0,260.0,6,54,13,48,7,140.0,84,1835,2.1072,2,0,2,23,244
ca_mau,severe,TwinGate+blindARQ,7,inf,mid,0.05,2025,2160,0,0,0.0,180.0,5,34,9,29,4,80.0,85,1839,2.1056,2,0,2,33,213
ca_mau,severe,TwinGate+blindARQ,8,inf,mid,0.05,2025,2160,0,0,0.0,160.0,7,39,8,32,1,20.0,83,1831,2.7141,4,0,4,50,292
ca_mau,severe,TwinGate+blindARQ,9,inf,mid,0.05,2025,2160,0,0,0.0,160.0,6,17,8,11,2,40.0,84,1804,0.6086,2,0,2,23,195
ca_mau,severe,Reactive+T2,0,inf,mid,0.05,2025,2160,0,0,0.0,240.0,4,5,4,1,0,0.0,0,1861,0.0,0,0,0,0,137
ca_mau,severe,Reactive+T2,1,inf,mid,0.05,2025,2160,0,0,0.0,300.0,7,25,5,18,1,60.0,0,1864,1.9359,2,0,2,66,216
ca_mau,severe,Reactive+T2,2,inf,mid,0.05,2025,2160,0,0,0.0,240.0,6,19,4,13,0,0.0,0,1857,1.7305,3,0,3,31,193
ca_mau,severe,Reactive+T2,3,inf,mid,0.05,2025,2160,0,0,0.0,360.0,8,26,6,18,3,180.0,0,1824,2.5971,1,1,0,81,191
ca_mau,severe,Reactive+T2,4,inf,mid,0.05,2025,2160,0,0,0.0,300.0,7,20,5,13,1,60.0,0,1831,2.0463,1,0,1,59,187
ca_mau,severe,Reactive+T2,5,inf,mid,0.05,2025,2160,0,0,0.0,240.0,5,14,4,9,0,0.0,0,1826,1.2336,1,0,1,16,162
ca_mau,severe,Reactive+T2,6,inf,mid,0.05,2025,2160,0,0,0.0,480.0,4,13,8,9,5,300.0,0,1835,1.4772,0,0,0,0,137
ca_mau,severe,Reactive+T2,7,inf,mid,0.05,2025,2160,0,0,0.0,300.0,7,22,5,15,1,60.0,0,1839,2.5123,2,0,2,66,191
ca_mau,severe,Reactive+T2,8,inf,mid,0.05,2025,2160,0,0,0.0,300.0,7,17,5,10,1,60.0,0,1831,1.783,3,0,3,55,209
ca_mau,severe,Reactive+T2,9,inf,mid,0.05,2025,2160,0,0,0.0,300.0,4,10,5,6,1,60.0,0,1804,0.8616,0,0,0,0,140
ca_mau,severe,Reactive+blindARQ,0,inf,mid,0.05,2025,2160,0,0,0.0,240.0,4,5,4,1,0,0.0,0,1861,0.0,0,0,0,0,137
ca_mau,severe,Reactive+blindARQ,1,inf,mid,0.05,2025,2160,0,0,0.0,300.0,4,26,5,22,1,60.0,0,1864,2.5989,0,0,0,0,154
ca_mau,severe,Reactive+blindARQ,2,inf,mid,0.05,2025,2160,0,0,0.0,660.0,4,63,11,59,7,420.0,0,1857,4.5272,1,0,1,13,165
ca_mau,severe,Reactive+blindARQ,3,inf,mid,0.05,2025,2160,0,0,0.0,540.0,4,26,9,22,5,300.0,0,1824,2.7646,0,0,0,0,150
ca_mau,severe,Reactive+blindARQ,4,inf,mid,0.05,2025,2160,0,0,0.0,300.0,4,10,5,6,1,60.0,0,1831,1.2113,0,0,0,0,139
ca_mau,severe,Reactive+blindARQ,5,inf,mid,0.05,2025,2160,0,0,0.0,420.0,4,25,7,21,3,180.0,0,1826,1.7344,0,0,0,0,141
ca_mau,severe,Reactive+blindARQ,6,inf,mid,0.05,2025,2160,0,0,0.0,600.0,4,47,10,43,6,360.0,0,1835,1.253,1,0,1,7,143
ca_mau,severe,Reactive+blindARQ,7,inf,mid,0.05,2025,2160,0,0,0.0,420.0,4,19,7,15,3,180.0,0,1839,1.7178,0,0,0,0,143
ca_mau,severe,Reactive+blindARQ,8,inf,mid,0.05,2025,2160,0,0,0.0,300.0,4,17,5,13,1,60.0,0,1831,1.6979,0,0,0,0,146
ca_mau,severe,Reactive+blindARQ,9,inf,mid,0.05,2025,2160,0,0,0.0,300.0,4,10,5,6,1,60.0,0,1804,0.8616,0,0,0,0,140
ca_mau,severe,FixedSchedule,0,inf,mid,0.05,2025,2160,0,0,0.0,1500.0,18,98,25,80,7,420.0,0,1861,2.3218,0,0,0,0,0
ca_mau,severe,FixedSchedule,1,inf,mid,0.05,2025,2160,0,0,0.0,1320.0,18,72,22,54,4,240.0,0,1864,1.254,0,0,0,0,0
ca_mau,severe,FixedSchedule,2,inf,mid,0.05,2025,2160,0,0,0.0,1680.0,18,67,28,49,10,600.0,0,1857,1.5726,0,0,0,0,0
ca_mau,severe,FixedSchedule,3,inf,mid,0.05,2025,2160,0,0,0.0,2040.0,18,110,34,92,16,960.0,0,1824,2.3244,0,0,0,0,0
ca_mau,severe,FixedSchedule,4,inf,mid,0.05,2025,2160,0,0,0.0,1500.0,18,74,25,56,7,420.0,0,1831,1.4042,0,0,0,0,0
ca_mau,severe,FixedSchedule,5,inf,mid,0.05,2025,2160,0,0,0.0,1800.0,18,80,30,62,12,720.0,0,1826,2.2313,0,0,0,0,0
ca_mau,severe,FixedSchedule,6,inf,mid,0.05,2025,2160,0,0,0.0,2160.0,18,98,36,80,18,1080.0,0,1835,1.5515,0,0,0,0,0
ca_mau,severe,FixedSchedule,7,inf,mid,0.05,2025,2160,0,0,0.0,1560.0,18,96,26,78,8,480.0,0,1839,2.4193,0,0,0,0,0
ca_mau,severe,FixedSchedule,8,inf,mid,0.05,2025,2160,0,0,0.0,1260.0,18,56,21,38,3,180.0,0,1831,0.2538,0,0,0,0,0
ca_mau,severe,FixedSchedule,9,inf,mid,0.05,2025,2160,0,0,0.0,1260.0,18,62,21,44,3,180.0,0,1804,0.7788,0,0,0,0,0
ca_mau,severe,Oracle,0,inf,mid,0.05,2025,2160,0,0,0.0,200.0,10,31,10,21,0,0.0,0,1861,1.0577,0,0,0,0,0
ca_mau,severe,Oracle,1,inf,mid,0.05,2025,2160,0,0,0.0,200.0,10,27,10,17,1,20.0,0,1864,1.0541,0,0,0,0,0
ca_mau,severe,Oracle,2,inf,mid,0.05,2025,2160,0,0,0.0,200.0,10,29,10,19,4,80.0,0,1857,1.4907,0,0,0,0,0
ca_mau,severe,Oracle,3,inf,mid,0.05,2025,2160,0,0,0.0,200.0,10,23,10,13,4,80.0,0,1824,1.4272,0,0,0,0,0
ca_mau,severe,Oracle,4,inf,mid,0.05,2025,2160,0,0,0.0,200.0,10,23,10,13,2,40.0,0,1831,1.2599,0,0,0,0,0
ca_mau,severe,Oracle,5,inf,mid,0.05,2025,2160,0,0,0.0,200.0,10,20,10,10,0,0.0,0,1826,0.8607,0,0,0,0,0
ca_mau,severe,Oracle,6,inf,mid,0.05,2025,2160,0,0,0.0,200.0,10,28,10,18,3,60.0,0,1835,1.291,0,0,0,0,0
ca_mau,severe,Oracle,7,inf,mid,0.05,2025,2160,0,0,0.0,200.0,10,23,10,13,3,60.0,0,1839,0.6086,0,0,0,0,0
ca_mau,severe,Oracle,8,inf,mid,0.05,2025,2160,0,0,0.0,200.0,10,60,10,50,0,0.0,0,1831,2.6504,0,0,0,0,0
ca_mau,severe,Oracle,9,inf,mid,0.05,2025,2160,0,0,0.0,200.0,10,31,10,21,0,0.0,0,1804,1.6541,0,0,0,0,0
ca_mau,severe,TwinGate+T2+centre,0,inf,mid,0.05,2025,2160,0,0,0.0,120.0,10,25,6,15,0,0.0,80,1861,1.1384,3,1,2,396,400
ca_mau,severe,TwinGate+T2+centre,1,inf,mid,0.05,2025,2160,0,0,0.0,160.0,9,24,8,15,1,20.0,81,1864,0.7454,3,0,3,82,338
ca_mau,severe,TwinGate+T2+centre,2,inf,mid,0.05,2025,2160,0,0,0.0,220.0,8,21,11,13,6,120.0,82,1857,1.1386,5,0,5,55,276
ca_mau,severe,TwinGate+T2+centre,3,inf,mid,0.05,2025,2160,0,0,0.0,180.0,11,40,9,29,4,80.0,79,1824,1.7367,4,1,3,166,363
ca_mau,severe,TwinGate+T2+centre,4,inf,mid,0.05,2025,2160,0,0,0.0,160.0,10,26,8,16,2,40.0,80,1831,1.1384,3,0,3,83,324
ca_mau,severe,TwinGate+T2+centre,5,inf,mid,0.05,2025,2160,0,0,0.0,180.0,7,21,9,14,3,60.0,83,1826,0.7454,4,0,4,46,263
ca_mau,severe,TwinGate+T2+centre,6,inf,mid,0.05,2025,2160,0,0,0.0,200.0,9,29,10,20,3,60.0,81,1835,1.0496,3,0,3,107,374
ca_mau,severe,TwinGate+T2+centre,7,inf,mid,0.05,2025,2160,0,0,0.0,180.0,9,32,9,23,3,60.0,81,1839,1.3608,4,0,4,115,317
ca_mau,severe,TwinGate+T2+centre,8,inf,mid,0.05,2025,2160,0,0,0.0,160.0,11,24,8,13,0,0.0,79,1831,1.1384,4,0,4,90,369
ca_mau,severe,TwinGate+T2+centre,9,inf,mid,0.05,2025,2160,0,0,0.0,160.0,6,17,8,11,2,40.0,84,1804,0.6086,2,0,2,23,195
ca_mau,severe,TwinGate+T2,0,inf,narrow,0.1,2025,2160,0,0,0.0,120.0,9,26,6,17,0,0.0,81,1861,0.7454,6,1,5,382,600
ca_mau,severe,TwinGate+T2,1,inf,narrow,0.1,2025,2160,0,0,0.0,120.0,6,15,6,9,1,20.0,84,1864,0.6086,5,1,4,318,532
ca_mau,severe,TwinGate+T2,2,inf,narrow,0.1,2025,2160,0,0,0.0,160.0,5,18,8,13,3,60.0,85,1857,0.8718,5,1,4,303,459
ca_mau,severe,TwinGate+T2,3,inf,narrow,0.1,2025,2160,0,0,0.0,180.0,7,22,9,15,4,80.0,83,1824,1.217,5,2,3,322,473
ca_mau,severe,TwinGate+T2,4,inf,narrow,0.1,2025,2160,0,0,0.0,120.0,6,14,6,8,1,20.0,84,1831,0.6086,5,1,4,299,512
ca_mau,severe,TwinGate+T2,5,inf,narrow,0.1,2025,2160,0,0,0.0,180.0,7,18,9,11,3,60.0,83,1826,1.291,6,1,5,332,546
ca_mau,severe,TwinGate+T2,6,inf,narrow,0.1,2025,2160,0,0,0.0,180.0,7,25,9,18,5,100.0,83,1835,1.3694,5,2,3,342,495
ca_mau,severe,TwinGate+T2,7,inf,narrow,0.1,2025,2160,0,0,0.0,140.0,6,16,7,10,1,20.0,84,1839,1.1386,6,1,5,310,548
ca_mau,severe,TwinGate+T2,8,inf,narrow,0.1,2025,2160,0,0,0.0,120.0,5,10,6,5,1,20.0,85,1831,0.4303,5,1,4,316,533
ca_mau,severe,TwinGate+T2,9,inf,narrow,0.1,2025,2160,0,0,0.0,120.0,8,18,6,10,1,20.0,82,1804,0.9623,6,1,5,356,594
ca_mau,severe,TwinGate+blindARQ,0,inf,narrow,0.1,2025,2160,0,0,0.0,120.0,6,29,6,23,0,0.0,84,1861,1.4272,6,1,5,329,584
ca_mau,severe,TwinGate+blindARQ,1,inf,narrow,0.1,2025,2160,0,0,0.0,120.0,5,16,6,11,1,20.0,85,1864,0.7454,5,1,4,303,518
ca_mau,severe,TwinGate+blindARQ,2,inf,narrow,0.1,2025,2160,0,0,0.0,220.0,4,34,11,30,7,140.0,86,1857,0.9896,4,1,3,239,396
ca_mau,severe,TwinGate+blindARQ,3,inf,narrow,0.1,2025,2160,0,0,0.0,180.0,4,34,9,30,5,100.0,86,1824,1.987,4,1,3,235,388
ca_mau,severe,TwinGate+blindARQ,4,inf,narrow,0.1,2025,2160,0,0,0.0,120.0,5,13,6,8,1,20.0,85,1831,0.7454,5,1,4,553,482
ca_mau,severe,TwinGate+blindARQ,5,inf,narrow,0.1,2025,2160,0,0,0.0,180.0,5,24,9,19,4,80.0,85,1826,1.5366,5,1,4,284,451
ca_mau,severe,TwinGate+blindARQ,6,inf,narrow,0.1,2025,2160,0,0,0.0,200.0,4,36,10,32,6,120.0,86,1835,1.8692,4,1,3,268,413
ca_mau,severe,TwinGate+blindARQ,7,inf,narrow,0.1,2025,2160,0,0,0.0,140.0,4,28,7,24,3,60.0,86,1839,2.1497,4,1,3,553,434
ca_mau,severe,TwinGate+blindARQ,8,inf,narrow,0.1,2025,2160,0,0,0.0,120.0,5,10,6,5,1,20.0,85,1831,0.4303,5,1,4,316,533
ca_mau,severe,TwinGate+blindARQ,9,inf,narrow,0.1,2025,2160,0,0,0.0,120.0,5,18,6,13,1,20.0,85,1804,1.2172,5,1,4,575,492
ca_mau,severe,Reactive+T2,0,inf,narrow,0.1,2025,2160,0,0,0.0,240.0,4,5,4,1,0,0.0,0,1861,0.0,0,0,0,0,137
ca_mau,severe,Reactive+T2,1,inf,narrow,0.1,2025,2160,0,0,0.0,300.0,7,25,5,18,1,60.0,0,1864,1.9359,2,0,2,66,216
ca_mau,severe,Reactive+T2,2,inf,narrow,0.1,2025,2160,0,0,0.0,240.0,6,19,4,13,0,0.0,0,1857,1.7305,3,0,3,31,193
ca_mau,severe,Reactive+T2,3,inf,narrow,0.1,2025,2160,0,0,0.0,360.0,8,26,6,18,3,180.0,0,1824,2.5971,1,1,0,81,191
ca_mau,severe,Reactive+T2,4,inf,narrow,0.1,2025,2160,0,0,0.0,300.0,7,20,5,13,1,60.0,0,1831,2.0463,1,0,1,59,187
ca_mau,severe,Reactive+T2,5,inf,narrow,0.1,2025,2160,0,0,0.0,240.0,5,14,4,9,0,0.0,0,1826,1.2336,1,0,1,16,162
ca_mau,severe,Reactive+T2,6,inf,narrow,0.1,2025,2160,0,0,0.0,480.0,4,13,8,9,5,300.0,0,1835,1.4772,0,0,0,0,137
ca_mau,severe,Reactive+T2,7,inf,narrow,0.1,2025,2160,0,0,0.0,300.0,7,22,5,15,1,60.0,0,1839,2.5123,2,0,2,66,191
ca_mau,severe,Reactive+T2,8,inf,narrow,0.1,2025,2160,0,0,0.0,300.0,7,17,5,10,1,60.0,0,1831,1.783,3,0,3,55,209
ca_mau,severe,Reactive+T2,9,inf,narrow,0.1,2025,2160,0,0,0.0,300.0,4,10,5,6,1,60.0,0,1804,0.8616,0,0,0,0,140
ca_mau,severe,Reactive+blindARQ,0,inf,narrow,0.1,2025,2160,0,0,0.0,240.0,4,5,4,1,0,0.0,0,1861,0.0,0,0,0,0,137
ca_mau,severe,Reactive+blindARQ,1,inf,narrow,0.1,2025,2160,0,0,0.0,300.0,4,26,5,22,1,60.0,0,1864,2.5989,0,0,0,0,154
ca_mau,severe,Reactive+blindARQ,2,inf,narrow,0.1,2025,2160,0,0,0.0,660.0,4,63,11,59,7,420.0,0,1857,4.5272,1,0,1,13,165
ca_mau,severe,Reactive+blindARQ,3,inf,narrow,0.1,2025,2160,0,0,0.0,540.0,4,26,9,22,5,300.0,0,1824,2.7646,0,0,0,0,150
ca_mau,severe,Reactive+blindARQ,4,inf,narrow,0.1,2025,2160,0,0,0.0,300.0,4,10,5,6,1,60.0,0,1831,1.2113,0,0,0,0,139
ca_mau,severe,Reactive+blindARQ,5,inf,narrow,0.1,2025,2160,0,0,0.0,420.0,4,25,7,21,3,180.0,0,1826,1.7344,0,0,0,0,141
ca_mau,severe,Reactive+blindARQ,6,inf,narrow,0.1,2025,2160,0,0,0.0,600.0,4,47,10,43,6,360.0,0,1835,1.253,1,0,1,7,143
ca_mau,severe,Reactive+blindARQ,7,inf,narrow,0.1,2025,2160,0,0,0.0,420.0,4,19,7,15,3,180.0,0,1839,1.7178,0,0,0,0,143
ca_mau,severe,Reactive+blindARQ,8,inf,narrow,0.1,2025,2160,0,0,0.0,300.0,4,17,5,13,1,60.0,0,1831,1.6979,0,0,0,0,146
ca_mau,severe,Reactive+blindARQ,9,inf,narrow,0.1,2025,2160,0,0,0.0,300.0,4,10,5,6,1,60.0,0,1804,0.8616,0,0,0,0,140
ca_mau,severe,FixedSchedule,0,inf,narrow,0.1,2025,2160,0,0,0.0,1500.0,18,98,25,80,7,420.0,0,1861,2.3218,0,0,0,0,0
ca_mau,severe,FixedSchedule,1,inf,narrow,0.1,2025,2160,0,0,0.0,1320.0,18,72,22,54,4,240.0,0,1864,1.254,0,0,0,0,0
ca_mau,severe,FixedSchedule,2,inf,narrow,0.1,2025,2160,0,0,0.0,1680.0,18,67,28,49,10,600.0,0,1857,1.5726,0,0,0,0,0
ca_mau,severe,FixedSchedule,3,inf,narrow,0.1,2025,2160,0,0,0.0,2040.0,18,110,34,92,16,960.0,0,1824,2.3244,0,0,0,0,0
ca_mau,severe,FixedSchedule,4,inf,narrow,0.1,2025,2160,0,0,0.0,1500.0,18,74,25,56,7,420.0,0,1831,1.4042,0,0,0,0,0
ca_mau,severe,FixedSchedule,5,inf,narrow,0.1,2025,2160,0,0,0.0,1800.0,18,80,30,62,12,720.0,0,1826,2.2313,0,0,0,0,0
ca_mau,severe,FixedSchedule,6,inf,narrow,0.1,2025,2160,0,0,0.0,2160.0,18,98,36,80,18,1080.0,0,1835,1.5515,0,0,0,0,0
ca_mau,severe,FixedSchedule,7,inf,narrow,0.1,2025,2160,0,0,0.0,1560.0,18,96,26,78,8,480.0,0,1839,2.4193,0,0,0,0,0
ca_mau,severe,FixedSchedule,8,inf,narrow,0.1,2025,2160,0,0,0.0,1260.0,18,56,21,38,3,180.0,0,1831,0.2538,0,0,0,0,0
ca_mau,severe,FixedSchedule,9,inf,narrow,0.1,2025,2160,0,0,0.0,1260.0,18,62,21,44,3,180.0,0,1804,0.7788,0,0,0,0,0
ca_mau,severe,Oracle,0,inf,narrow,0.1,2025,2160,0,0,0.0,200.0,10,31,10,21,0,0.0,0,1861,1.0577,0,0,0,0,0
ca_mau,severe,Oracle,1,inf,narrow,0.1,2025,2160,0,0,0.0,200.0,10,27,10,17,1,20.0,0,1864,1.0541,0,0,0,0,0
ca_mau,severe,Oracle,2,inf,narrow,0.1,2025,2160,0,0,0.0,200.0,10,29,10,19,4,80.0,0,1857,1.4907,0,0,0,0,0
ca_mau,severe,Oracle,3,inf,narrow,0.1,2025,2160,0,0,0.0,200.0,10,23,10,13,4,80.0,0,1824,1.4272,0,0,0,0,0
ca_mau,severe,Oracle,4,inf,narrow,0.1,2025,2160,0,0,0.0,200.0,10,23,10,13,2,40.0,0,1831,1.2599,0,0,0,0,0
ca_mau,severe,Oracle,5,inf,narrow,0.1,2025,2160,0,0,0.0,200.0,10,20,10,10,0,0.0,0,1826,0.8607,0,0,0,0,0
ca_mau,severe,Oracle,6,inf,narrow,0.1,2025,2160,0,0,0.0,200.0,10,28,10,18,3,60.0,0,1835,1.291,0,0,0,0,0
ca_mau,severe,Oracle,7,inf,narrow,0.1,2025,2160,0,0,0.0,200.0,10,23,10,13,3,60.0,0,1839,0.6086,0,0,0,0,0
ca_mau,severe,Oracle,8,inf,narrow,0.1,2025,2160,0,0,0.0,200.0,10,60,10,50,0,0.0,0,1831,2.6504,0,0,0,0,0
ca_mau,severe,Oracle,9,inf,narrow,0.1,2025,2160,0,0,0.0,200.0,10,31,10,21,0,0.0,0,1804,1.6541,0,0,0,0,0
ca_mau,severe,TwinGate+T2+centre,0,inf,narrow,0.1,2025,2160,0,0,0.0,120.0,9,26,6,17,0,0.0,81,1861,0.7454,6,1,5,382,600
ca_mau,severe,TwinGate+T2+centre,1,inf,narrow,0.1,2025,2160,0,0,0.0,120.0,6,15,6,9,1,20.0,84,1864,0.6086,5,1,4,318,532
ca_mau,severe,TwinGate+T2+centre,2,inf,narrow,0.1,2025,2160,0,0,0.0,160.0,5,18,8,13,3,60.0,85,1857,0.8718,5,1,4,303,459
ca_mau,severe,TwinGate+T2+centre,3,inf,narrow,0.1,2025,2160,0,0,0.0,180.0,7,22,9,15,4,80.0,83,1824,1.217,5,2,3,322,473
ca_mau,severe,TwinGate+T2+centre,4,inf,narrow,0.1,2025,2160,0,0,0.0,120.0,6,14,6,8,1,20.0,84,1831,0.6086,5,1,4,299,512
ca_mau,severe,TwinGate+T2+centre,5,inf,narrow,0.1,2025,2160,0,0,0.0,180.0,7,18,9,11,3,60.0,83,1826,1.291,6,1,5,332,546
ca_mau,severe,TwinGate+T2+centre,6,inf,narrow,0.1,2025,2160,0,0,0.0,180.0,7,25,9,18,5,100.0,83,1835,1.3694,5,2,3,342,495
ca_mau,severe,TwinGate+T2+centre,7,inf,narrow,0.1,2025,2160,0,0,0.0,140.0,6,16,7,10,1,20.0,84,1839,1.1386,6,1,5,310,548
ca_mau,severe,TwinGate+T2+centre,8,inf,narrow,0.1,2025,2160,0,0,0.0,120.0,5,10,6,5,1,20.0,85,1831,0.4303,5,1,4,316,533
ca_mau,severe,TwinGate+T2+centre,9,inf,narrow,0.1,2025,2160,0,0,0.0,120.0,8,18,6,10,1,20.0,82,1804,0.9623,6,1,5,356,594
