field,budget,epoch_h,unsafe_pct,severe_pct,water_mm,awd_eff,awd_short,withheld,dup,dup_mm,stress_h,cmd_per_day,alloc,total_budget_mm,slots_per_day,network,seed,year
F1_dat_cat,80.0,24,37.8704,0.0,80.0,0,1,85,0,0.0,1455,0.056,equal,480.0,6,mild,0,2024
F2_thit,80.0,24,42.4537,0.0,80.0,0,2,86,0,0.0,1390,0.044,equal,480.0,6,mild,0,2024
F3_set,80.0,24,40.1389,0.0,80.0,0,0,86,0,0.0,1439,0.044,equal,480.0,6,mild,0,2024
F4_thit_soc,80.0,24,41.4815,0.0,80.0,0,2,86,0,0.0,1484,0.044,equal,480.0,6,mild,0,2024
F5_set_camau,80.0,24,35.8333,0.0,80.0,0,1,86,0,0.0,1419,0.044,equal,480.0,6,mild,0,2024
F6_cat_camau,80.0,24,33.4259,0.0,80.0,0,0,85,0,0.0,1464,0.056,equal,480.0,6,mild,0,2024
F1_dat_cat,80.0,24,38.0093,0.0,80.0,0,0,87,1,20.0,1381,0.033,equal,480.0,6,mild,1,2024
F2_thit,80.0,24,42.2685,0.0,80.0,0,3,85,1,20.0,1402,0.056,equal,480.0,6,mild,1,2024
F3_set,80.0,24,40.0926,0.0,80.0,0,1,86,1,20.0,1446,0.044,equal,480.0,6,mild,1,2024
F4_thit_soc,80.0,24,41.2963,0.0,80.0,0,2,86,1,20.0,1466,0.044,equal,480.0,6,mild,1,2024
F5_set_camau,80.0,24,35.9259,0.0,80.0,0,1,87,1,20.0,1394,0.033,equal,480.0,6,mild,1,2024
F6_cat_camau,80.0,24,33.5185,0.0,80.0,0,0,87,1,20.0,1427,0.033,equal,480.0,6,mild,1,2024
F1_dat_cat,80.0,24,37.963,0.0,80.0,0,0,86,1,20.0,1405,0.044,equal,480.0,6,mild,2,2024
F2_thit,80.0,24,42.5463,0.0,80.0,0,2,87,2,40.0,1362,0.033,equal,480.0,6,mild,2,2024
F3_set,80.0,24,40.1389,0.0,80.0,0,0,87,2,40.0,1407,0.033,equal,480.0,6,mild,2,2024
F4_thit_soc,80.0,24,42.1296,0.0,80.0,0,2,87,2,40.0,1453,0.033,equal,480.0,6,mild,2,2024
F5_set_camau,80.0,24,35.787,0.0,80.0,0,2,86,1,20.0,1410,0.044,equal,480.0,6,mild,2,2024
F6_cat_camau,80.0,24,33.5185,0.0,80.0,0,0,87,2,40.0,1424,0.033,equal,480.0,6,mild,2,2024
F1_dat_cat,80.0,24,37.963,0.0,80.0,0,0,87,2,40.0,1403,0.033,equal,480.0,6,mild,3,2024
F2_thit,80.0,24,42.5463,0.0,80.0,0,2,87,2,40.0,1362,0.033,equal,480.0,6,mild,3,2024
F3_set,80.0,24,40.1389,0.0,80.0,0,0,87,2,40.0,1407,0.033,equal,480.0,6,mild,3,2024
F4_thit_soc,80.0,24,42.1296,0.0,80.0,0,2,87,2,40.0,1453,0.033,equal,480.0,6,mild,3,2024
F5_set_camau,80.0,24,35.8796,0.0,80.0,0,1,87,2,40.0,1406,0.033,equal,480.0,6,mild,3,2024
F6_cat_camau,80.0,24,33.5185,0.0,80.0,0,0,87,2,40.0,1424,0.033,equal,480.0,6,mild,3,2024
F1_dat_cat,80.0,24,37.963,0.0,80.0,0,0,86,1,20.0,1414,0.044,equal,480.0,6,mild,4,2024
F2_thit,80.0,24,42.5926,0.0,80.0,0,2,87,1,20.0,1375,0.033,equal,480.0,6,mild,4,2024
F3_set,80.0,24,40.1389,0.0,80.0,0,0,87,1,20.0,1426,0.033,equal,480.0,6,mild,4,2024
F4_thit_soc,80.0,24,42.1759,0.0,80.0,0,1,87,1,20.0,1453,0.033,equal,480.0,6,mild,4,2024
F5_set_camau,80.0,24,35.9722,0.0,80.0,0,0,87,1,20.0,1398,0.033,equal,480.0,6,mild,4,2024
F6_cat_camau,80.0,24,33.4722,0.0,80.0,0,0,86,1,20.0,1456,0.044,equal,480.0,6,mild,4,2024
F1_dat_cat,80.0,24,37.8704,0.0,80.0,0,1,85,0,0.0,1435,0.056,equal,480.0,6,severe,0,2024
F2_thit,80.0,24,42.4537,0.0,80.0,0,2,86,0,0.0,1395,0.044,equal,480.0,6,severe,0,2024
F3_set,80.0,24,40.1389,0.0,80.0,0,0,86,0,0.0,1444,0.044,equal,480.0,6,severe,0,2024
F4_thit_soc,80.0,24,41.4815,0.0,80.0,0,2,86,0,0.0,1486,0.044,equal,480.0,6,severe,0,2024
F5_set_camau,80.0,24,35.5556,0.0,80.0,0,2,85,0,0.0,1443,0.056,equal,480.0,6,severe,0,2024
F6_cat_camau,80.0,24,33.4259,0.0,80.0,0,1,85,0,0.0,1464,0.056,equal,480.0,6,severe,0,2024
F1_dat_cat,80.0,24,38.0093,0.0,80.0,0,0,87,1,20.0,1385,0.033,equal,480.0,6,severe,1,2024
F2_thit,80.0,24,42.5,0.0,80.0,0,2,87,1,20.0,1379,0.033,equal,480.0,6,severe,1,2024
F3_set,80.0,24,40.1389,0.0,80.0,0,0,87,1,20.0,1426,0.033,equal,480.0,6,severe,1,2024
F4_thit_soc,80.0,24,41.3426,0.0,80.0,0,3,86,1,20.0,1479,0.044,equal,480.0,6,severe,1,2024
F5_set_camau,80.0,24,35.9259,0.0,80.0,0,1,87,1,20.0,1395,0.033,equal,480.0,6,severe,1,2024
F6_cat_camau,80.0,24,33.3796,0.0,80.0,0,1,86,1,20.0,1452,0.044,equal,480.0,6,severe,1,2024
F1_dat_cat,80.0,24,39.1667,0.0,80.0,0,1,87,2,40.0,1418,0.033,equal,480.0,6,severe,2,2024
F2_thit,80.0,24,42.4074,0.0,80.0,0,3,86,1,20.0,1388,0.044,equal,480.0,6,severe,2,2024
F3_set,80.0,24,40.1389,0.0,80.0,0,0,87,1,20.0,1412,0.033,equal,480.0,6,severe,2,2024
F4_thit_soc,80.0,24,42.1296,0.0,80.0,0,2,87,1,20.0,1459,0.033,equal,480.0,6,severe,2,2024
F5_set_camau,80.0,24,41.1111,0.0,80.0,0,1,88,2,40.0,1422,0.022,equal,480.0,6,severe,2,2024
F6_cat_camau,80.0,24,33.3796,0.0,80.0,0,1,84,0,0.0,1487,0.067,equal,480.0,6,severe,2,2024
F1_dat_cat,80.0,24,36.4815,0.0,80.0,1,0,84,1,20.0,1459,0.067,equal,480.0,6,severe,3,2024
F2_thit,80.0,24,40.2778,0.0,80.0,1,1,83,1,20.0,1413,0.078,equal,480.0,6,severe,3,2024
F3_set,80.0,24,37.9167,0.0,80.0,1,0,83,1,20.0,1483,0.078,equal,480.0,6,severe,3,2024
F4_thit_soc,80.0,24,39.3519,0.0,80.0,1,1,81,2,40.0,1511,0.1,equal,480.0,6,severe,3,2024
F5_set_camau,80.0,24,34.4907,0.0,80.0,1,0,82,2,40.0,1446,0.089,equal,480.0,6,severe,3,2024
F6_cat_camau,80.0,24,33.1481,0.0,80.0,0,1,83,2,40.0,1488,0.078,equal,480.0,6,severe,3,2024
F1_dat_cat,80.0,24,37.8704,0.0,80.0,0,1,86,1,20.0,1426,0.044,equal,480.0,6,severe,4,2024
F2_thit,80.0,24,41.25,0.0,80.0,0,4,83,1,20.0,1464,0.078,equal,480.0,6,severe,4,2024
F3_set,80.0,24,39.9074,0.0,80.0,0,1,84,1,20.0,1489,0.067,equal,480.0,6,severe,4,2024
F4_thit_soc,80.0,24,41.1111,0.0,80.0,0,3,83,1,20.0,1537,0.078,equal,480.0,6,severe,4,2024
F5_set_camau,80.0,24,35.5556,0.0,80.0,0,2,85,0,0.0,1448,0.056,equal,480.0,6,severe,4,2024
F6_cat_camau,80.0,24,33.5648,0.0,80.0,0,0,87,1,20.0,1408,0.033,equal,480.0,6,severe,4,2024
F1_dat_cat,80.0,48,37.7315,0.0,80.0,0,2,41,0,0.0,1463,0.044,equal,480.0,3,mild,0,2024
F2_thit,80.0,48,42.2685,0.0,80.0,0,3,41,0,0.0,1414,0.044,equal,480.0,3,mild,0,2024
F3_set,80.0,48,39.1204,0.0,80.0,0,3,41,0,0.0,1512,0.044,equal,480.0,3,mild,0,2024
F4_thit_soc,80.0,48,40.2315,0.0,80.0,0,4,41,0,0.0,1558,0.044,equal,480.0,3,mild,0,2024
F5_set_camau,80.0,48,35.5093,0.0,80.0,0,3,41,0,0.0,1461,0.044,equal,480.0,3,mild,0,2024
F6_cat_camau,80.0,48,33.3333,0.0,80.0,0,2,41,0,0.0,1502,0.044,equal,480.0,3,mild,0,2024
F1_dat_cat,80.0,48,37.9167,0.0,80.0,0,1,42,1,20.0,1425,0.033,equal,480.0,3,mild,1,2024
F2_thit,80.0,48,41.4352,0.0,80.0,0,3,41,1,20.0,1423,0.044,equal,480.0,3,mild,1,2024
F3_set,80.0,48,40.0,0.0,80.0,0,2,42,1,20.0,1469,0.033,equal,480.0,3,mild,1,2024
F4_thit_soc,80.0,48,41.2037,0.0,80.0,0,3,42,1,20.0,1502,0.033,equal,480.0,3,mild,1,2024
F5_set_camau,80.0,48,35.787,0.0,80.0,0,2,42,1,20.0,1409,0.033,equal,480.0,3,mild,1,2024
F6_cat_camau,80.0,48,33.2407,0.0,80.0,0,1,41,1,20.0,1499,0.044,equal,480.0,3,mild,1,2024
F1_dat_cat,80.0,48,37.9167,0.0,80.0,0,1,42,2,40.0,1426,0.033,equal,480.0,3,mild,2,2024
F2_thit,80.0,48,42.3611,0.0,80.0,0,2,42,2,40.0,1381,0.033,equal,480.0,3,mild,2,2024
F3_set,80.0,48,40.0,0.0,80.0,0,2,42,2,40.0,1470,0.033,equal,480.0,3,mild,2,2024
F4_thit_soc,80.0,48,41.2037,0.0,80.0,0,3,42,2,40.0,1503,0.033,equal,480.0,3,mild,2,2024
F5_set_camau,80.0,48,35.787,0.0,80.0,0,2,42,2,40.0,1410,0.033,equal,480.0,3,mild,2,2024
F6_cat_camau,80.0,48,33.4259,0.0,80.0,0,1,42,2,40.0,1452,0.033,equal,480.0,3,mild,2,2024
F1_dat_cat,80.0,48,37.8241,0.0,80.0,0,2,42,2,40.0,1432,0.033,equal,480.0,3,mild,3,2024
F2_thit,80.0,48,42.3148,0.0,80.0,0,3,42,2,40.0,1401,0.033,equal,480.0,3,mild,3,2024
F3_set,80.0,48,40.0926,0.0,80.0,0,1,42,2,40.0,1427,0.033,equal,480.0,3,mild,3,2024
F4_thit_soc,80.0,48,41.2963,0.0,80.0,0,2,42,2,40.0,1479,0.033,equal,480.0,3,mild,3,2024
F5_set_camau,80.0,48,35.5556,0.0,80.0,0,2,42,2,40.0,1428,0.033,equal,480.0,3,mild,3,2024
F6_cat_camau,80.0,48,33.4259,0.0,80.0,0,1,42,2,40.0,1452,0.033,equal,480.0,3,mild,3,2024
F1_dat_cat,80.0,48,37.7778,0.0,80.0,0,2,42,1,20.0,1452,0.033,equal,480.0,3,mild,4,2024
F2_thit,80.0,48,42.4074,0.0,80.0,0,3,42,1,20.0,1396,0.033,equal,480.0,3,mild,4,2024
F3_set,80.0,48,39.213,0.0,80.0,0,2,42,1,20.0,1490,0.033,equal,480.0,3,mild,4,2024
F4_thit_soc,80.0,48,41.4815,0.0,80.0,0,2,42,1,20.0,1472,0.033,equal,480.0,3,mild,4,2024
F5_set_camau,80.0,48,35.5556,0.0,80.0,0,2,42,1,20.0,1430,0.033,equal,480.0,3,mild,4,2024
F6_cat_camau,80.0,48,33.3796,0.0,80.0,0,1,42,1,20.0,1452,0.033,equal,480.0,3,mild,4,2024
F1_dat_cat,80.0,48,37.7315,0.0,80.0,0,2,41,0,0.0,1463,0.044,equal,480.0,3,severe,0,2024
F2_thit,80.0,48,42.2685,0.0,80.0,0,3,41,0,0.0,1416,0.044,equal,480.0,3,severe,0,2024
F3_set,80.0,48,39.1204,0.0,80.0,0,3,41,0,0.0,1514,0.044,equal,480.0,3,severe,0,2024
F4_thit_soc,80.0,48,40.2315,0.0,80.0,0,4,41,0,0.0,1560,0.044,equal,480.0,3,severe,0,2024
F5_set_camau,80.0,48,35.5093,0.0,80.0,0,3,41,0,0.0,1463,0.044,equal,480.0,3,severe,0,2024
F6_cat_camau,80.0,48,33.3333,0.0,80.0,0,2,41,0,0.0,1502,0.044,equal,480.0,3,severe,0,2024
F1_dat_cat,80.0,48,35.7407,0.0,80.0,0,3,39,0,0.0,1520,0.067,equal,480.0,3,severe,1,2024
F2_thit,80.0,48,42.3611,0.0,80.0,0,2,42,1,20.0,1382,0.033,equal,480.0,3,severe,1,2024
F3_set,80.0,48,38.0556,0.0,80.0,1,2,40,0,0.0,1541,0.056,equal,480.0,3,severe,1,2024
F4_thit_soc,80.0,48,39.213,0.0,80.0,1,3,40,0,0.0,1575,0.056,equal,480.0,3,severe,1,2024
F5_set_camau,80.0,48,35.1852,0.0,80.0,0,3,40,0,0.0,1489,0.056,equal,480.0,3,severe,1,2024
F6_cat_camau,80.0,48,33.2407,0.0,80.0,0,1,41,1,20.0,1481,0.044,equal,480.0,3,severe,1,2024
F1_dat_cat,80.0,48,39.1667,0.0,80.0,0,1,43,2,40.0,1418,0.022,equal,480.0,3,severe,2,2024
F2_thit,80.0,48,44.4907,0.0,80.0,0,2,43,2,40.0,1412,0.022,equal,480.0,3,severe,2,2024
F3_set,80.0,48,41.4352,0.0,80.0,0,1,43,2,40.0,1458,0.022,equal,480.0,3,severe,2,2024
F4_thit_soc,80.0,48,44.3981,0.0,80.0,0,2,43,2,40.0,1494,0.022,equal,480.0,3,severe,2,2024
F5_set_camau,80.0,48,41.1111,0.0,80.0,0,1,43,2,40.0,1422,0.022,equal,480.0,3,severe,2,2024
F6_cat_camau,80.0,48,33.4259,0.0,80.0,0,1,42,1,20.0,1454,0.033,equal,480.0,3,severe,2,2024
F1_dat_cat,80.0,48,35.6481,0.0,80.0,1,1,41,1,20.0,1467,0.044,equal,480.0,3,severe,3,2024
F2_thit,80.0,48,40.463,0.0,80.0,1,1,40,1,20.0,1417,0.056,equal,480.0,3,severe,3,2024
F3_set,80.0,48,36.8981,0.0,80.0,1,1,40,1,20.0,1489,0.056,equal,480.0,3,severe,3,2024
F4_thit_soc,80.0,48,39.4907,0.0,80.0,1,1,40,1,20.0,1493,0.056,equal,480.0,3,severe,3,2024
F5_set_camau,80.0,48,34.3981,0.0,80.0,1,0,40,1,20.0,1463,0.056,equal,480.0,3,severe,3,2024
F6_cat_camau,80.0,48,32.2685,0.0,80.0,1,1,40,2,40.0,1492,0.056,equal,480.0,3,severe,3,2024
F1_dat_cat,80.0,48,34.5833,0.0,80.0,0,4,38,0,0.0,1582,0.078,equal,480.0,3,severe,4,2024
F2_thit,80.0,48,41.1111,0.0,80.0,0,4,39,0,0.0,1487,0.067,equal,480.0,3,severe,4,2024
F3_set,80.0,48,39.1204,0.0,80.0,0,3,41,0,0.0,1519,0.044,equal,480.0,3,severe,4,2024
F4_thit_soc,80.0,48,40.2315,0.0,80.0,0,4,41,0,0.0,1565,0.044,equal,480.0,3,severe,4,2024
F5_set_camau,80.0,48,35.5093,0.0,80.0,0,3,41,0,0.0,1469,0.044,equal,480.0,3,severe,4,2024
F6_cat_camau,80.0,48,32.2222,0.0,80.0,0,3,38,0,0.0,1585,0.078,equal,480.0,3,severe,4,2024
F1_dat_cat,80.0,72,35.6944,0.0,80.0,0,4,25,0,0.0,1540,0.056,equal,480.0,2,mild,0,2024
F2_thit,80.0,72,38.9352,0.0,80.0,1,3,25,0,0.0,1501,0.056,equal,480.0,2,mild,0,2024
F3_set,80.0,72,36.9907,0.0,80.0,1,3,25,0,0.0,1586,0.056,equal,480.0,2,mild,0,2024
F4_thit_soc,80.0,72,38.7963,0.0,80.0,1,3,25,0,0.0,1590,0.056,equal,480.0,2,mild,0,2024
F5_set_camau,80.0,72,34.4444,0.0,80.0,1,2,25,0,0.0,1527,0.056,equal,480.0,2,mild,0,2024
F6_cat_camau,80.0,72,33.1944,0.0,80.0,0,2,25,0,0.0,1532,0.056,equal,480.0,2,mild,0,2024
F1_dat_cat,80.0,72,38.0093,0.0,80.0,0,0,27,1,20.0,1381,0.033,equal,480.0,2,mild,1,2024
F2_thit,80.0,72,42.1759,0.0,80.0,0,3,27,1,20.0,1419,0.033,equal,480.0,2,mild,1,2024
F3_set,80.0,72,40.0463,0.0,80.0,0,2,27,1,20.0,1451,0.033,equal,480.0,2,mild,1,2024
F4_thit_soc,80.0,72,41.2037,0.0,80.0,0,2,27,1,20.0,1495,0.033,equal,480.0,2,mild,1,2024
F5_set_camau,80.0,72,35.463,0.0,80.0,0,2,27,1,20.0,1469,0.033,equal,480.0,2,mild,1,2024
F6_cat_camau,80.0,72,33.3333,0.0,80.0,0,2,27,1,20.0,1475,0.033,equal,480.0,2,mild,1,2024
F1_dat_cat,80.0,72,36.9907,0.0,80.0,0,1,26,1,20.0,1433,0.044,equal,480.0,2,mild,2,2024
F2_thit,80.0,72,40.2315,0.0,80.0,1,2,26,1,20.0,1464,0.044,equal,480.0,2,mild,2,2024
F3_set,80.0,72,38.9815,0.0,80.0,0,3,26,1,20.0,1501,0.044,equal,480.0,2,mild,2,2024
F4_thit_soc,80.0,72,40.1389,0.0,80.0,0,3,26,1,20.0,1544,0.044,equal,480.0,2,mild,2,2024
F5_set_camau,80.0,72,35.463,0.0,80.0,0,2,27,2,40.0,1470,0.033,equal,480.0,2,mild,2,2024
F6_cat_camau,80.0,72,32.2685,0.0,80.0,1,0,26,0,0.0,1478,0.044,equal,480.0,2,mild,2,2024
F1_dat_cat,80.0,72,36.9444,0.0,80.0,0,1,27,2,40.0,1431,0.033,equal,480.0,2,mild,3,2024
F2_thit,80.0,72,42.1759,0.0,80.0,0,3,27,2,40.0,1417,0.033,equal,480.0,2,mild,3,2024
F3_set,80.0,72,39.0278,0.0,80.0,0,3,27,2,40.0,1497,0.033,equal,480.0,2,mild,3,2024
F4_thit_soc,80.0,72,41.25,0.0,80.0,0,2,27,2,40.0,1477,0.033,equal,480.0,2,mild,3,2024
F5_set_camau,80.0,72,35.463,0.0,80.0,0,2,27,2,40.0,1469,0.033,equal,480.0,2,mild,3,2024
F6_cat_camau,80.0,72,32.2685,0.0,80.0,1,0,26,1,20.0,1477,0.044,equal,480.0,2,mild,3,2024
F1_dat_cat,80.0,72,36.9444,0.0,80.0,0,1,26,1,20.0,1442,0.044,equal,480.0,2,mild,4,2024
F2_thit,80.0,72,41.4815,0.0,80.0,0,4,26,1,20.0,1451,0.044,equal,480.0,2,mild,4,2024
F3_set,80.0,72,38.9815,0.0,80.0,0,3,26,1,20.0,1511,0.044,equal,480.0,2,mild,4,2024
F4_thit_soc,80.0,72,41.2037,0.0,80.0,0,2,26,1,20.0,1509,0.044,equal,480.0,2,mild,4,2024
F5_set_camau,80.0,72,34.6759,0.0,80.0,0,3,26,1,20.0,1510,0.044,equal,480.0,2,mild,4,2024
F6_cat_camau,80.0,72,33.287,0.0,80.0,0,2,26,1,20.0,1509,0.044,equal,480.0,2,mild,4,2024
F1_dat_cat,80.0,72,33.5185,0.0,80.0,1,0,24,0,0.0,1454,0.067,equal,480.0,2,severe,0,2024
F2_thit,80.0,72,41.4815,0.0,80.0,0,4,26,0,0.0,1452,0.044,equal,480.0,2,severe,0,2024
F3_set,80.0,72,36.0185,0.0,80.0,1,2,24,0,0.0,1524,0.067,equal,480.0,2,severe,0,2024
F4_thit_soc,80.0,72,41.2037,0.0,80.0,0,2,26,0,0.0,1510,0.044,equal,480.0,2,severe,0,2024
F5_set_camau,80.0,72,32.3611,0.0,80.0,1,2,24,0,0.0,1546,0.067,equal,480.0,2,severe,0,2024
F6_cat_camau,80.0,72,31.1574,0.0,80.0,1,2,24,0,0.0,1568,0.067,equal,480.0,2,severe,0,2024
F1_dat_cat,80.0,72,38.0093,0.0,80.0,0,0,27,1,20.0,1385,0.033,equal,480.0,2,severe,1,2024
F2_thit,80.0,72,42.1759,0.0,80.0,0,3,27,1,20.0,1423,0.033,equal,480.0,2,severe,1,2024
F3_set,80.0,72,40.0463,0.0,80.0,0,2,27,1,20.0,1455,0.033,equal,480.0,2,severe,1,2024
F4_thit_soc,80.0,72,41.2037,0.0,80.0,0,2,27,1,20.0,1499,0.033,equal,480.0,2,severe,1,2024
F5_set_camau,80.0,72,35.463,0.0,80.0,0,2,27,1,20.0,1472,0.033,equal,480.0,2,severe,1,2024
F6_cat_camau,80.0,72,33.3333,0.0,80.0,0,2,27,1,20.0,1479,0.033,equal,480.0,2,severe,1,2024
F1_dat_cat,80.0,72,35.787,0.0,80.0,0,3,26,1,20.0,1504,0.044,equal,480.0,2,severe,2,2024
F2_thit,80.0,72,39.0741,0.0,80.0,1,2,26,1,20.0,1464,0.044,equal,480.0,2,severe,2,2024
F3_set,80.0,72,37.8241,0.0,80.0,1,2,26,1,20.0,1536,0.044,equal,480.0,2,severe,2,2024
F4_thit_soc,80.0,72,38.9815,0.0,80.0,1,2,26,1,20.0,1542,0.044,equal,480.0,2,severe,2,2024
F5_set_camau,80.0,72,34.4907,0.0,80.0,1,2,26,1,20.0,1494,0.044,equal,480.0,2,severe,2,2024
F6_cat_camau,80.0,72,33.2407,0.0,80.0,0,2,26,1,20.0,1500,0.044,equal,480.0,2,severe,2,2024
F1_dat_cat,80.0,72,34.7222,0.0,80.0,1,0,26,1,20.0,1466,0.044,equal,480.0,2,severe,3,2024
F2_thit,80.0,72,40.6019,0.0,80.0,1,0,26,1,20.0,1411,0.044,equal,480.0,2,severe,3,2024
F3_set,80.0,72,36.6667,0.0,80.0,1,0,26,1,20.0,1487,0.044,equal,480.0,2,severe,3,2024
F4_thit_soc,80.0,72,40.3704,0.0,80.0,1,0,26,1,20.0,1490,0.044,equal,480.0,2,severe,3,2024
F5_set_camau,80.0,72,33.2407,0.0,80.0,1,1,26,1,20.0,1493,0.044,equal,480.0,2,severe,3,2024
F6_cat_camau,80.0,72,32.2222,0.0,80.0,1,0,26,1,20.0,1464,0.044,equal,480.0,2,severe,3,2024
F1_dat_cat,80.0,72,36.9444,0.0,80.0,0,1,27,1,20.0,1432,0.033,equal,480.0,2,severe,4,2024
F2_thit,80.0,72,40.2315,0.0,80.0,1,2,26,1,20.0,1457,0.044,equal,480.0,2,severe,4,2024
F3_set,80.0,72,39.0278,0.0,80.0,0,2,26,1,20.0,1498,0.044,equal,480.0,2,severe,4,2024
F4_thit_soc,80.0,72,40.1389,0.0,80.0,0,3,26,1,20.0,1528,0.044,equal,480.0,2,severe,4,2024
F5_set_camau,80.0,72,34.3519,0.0,80.0,1,1,27,1,20.0,1465,0.033,equal,480.0,2,severe,4,2024
F6_cat_camau,80.0,72,32.3148,0.0,80.0,1,0,27,1,20.0,1460,0.033,equal,480.0,2,severe,4,2024
F1_dat_cat,160.0,24,23.4259,0.0,160.0,0,2,79,0,0.0,1261,0.122,equal,960.0,6,mild,0,2024
F2_thit,160.0,24,27.7778,0.0,160.0,0,4,82,0,0.0,1170,0.089,equal,960.0,6,mild,0,2024
F3_set,160.0,24,25.5093,0.0,160.0,0,2,80,0,0.0,1239,0.111,equal,960.0,6,mild,0,2024
F4_thit_soc,160.0,24,26.6667,0.0,160.0,0,6,80,0,0.0,1293,0.111,equal,960.0,6,mild,0,2024
F5_set_camau,160.0,24,22.4074,0.0,160.0,0,1,82,0,0.0,1147,0.089,equal,960.0,6,mild,0,2024
F6_cat_camau,160.0,24,19.9537,0.0,160.0,0,0,81,0,0.0,1178,0.1,equal,960.0,6,mild,0,2024
F1_dat_cat,160.0,24,23.7037,0.0,160.0,0,0,83,1,20.0,1139,0.078,equal,960.0,6,mild,1,2024
F2_thit,160.0,24,26.9444,0.0,160.0,0,5,81,1,20.0,1193,0.1,equal,960.0,6,mild,1,2024
F3_set,160.0,24,25.5093,0.0,160.0,0,3,82,1,20.0,1209,0.089,equal,960.0,6,mild,1,2024
F4_thit_soc,160.0,24,26.7593,0.0,160.0,0,4,82,1,20.0,1248,0.089,equal,960.0,6,mild,1,2024
F5_set_camau,160.0,24,22.4537,0.0,160.0,0,1,83,1,20.0,1127,0.078,equal,960.0,6,mild,1,2024
F6_cat_camau,160.0,24,20.0,0.0,160.0,0,0,83,1,20.0,1141,0.078,equal,960.0,6,mild,1,2024
F1_dat_cat,160.0,24,23.6574,0.0,160.0,0,0,83,3,60.0,1148,0.078,equal,960.0,6,mild,2,2024
F2_thit,160.0,24,27.9167,0.0,160.0,0,3,85,5,100.0,1092,0.056,equal,960.0,6,mild,2,2024
F3_set,160.0,24,25.787,0.0,160.0,0,0,84,5,100.0,1131,0.067,equal,960.0,6,mild,2,2024
F4_thit_soc,160.0,24,26.9444,0.0,160.0,0,4,84,5,100.0,1201,0.067,equal,960.0,6,mild,2,2024
F5_set_camau,160.0,24,22.5,0.0,160.0,0,2,84,4,80.0,1096,0.067,equal,960.0,6,mild,2,2024
F6_cat_camau,160.0,24,20.0463,0.0,160.0,0,0,84,5,100.0,1116,0.067,equal,960.0,6,mild,2,2024
F1_dat_cat,160.0,24,23.6574,0.0,160.0,0,0,84,4,80.0,1145,0.067,equal,960.0,6,mild,3,2024
F2_thit,160.0,24,27.8241,0.0,160.0,0,4,84,4,80.0,1121,0.067,equal,960.0,6,mild,3,2024
F3_set,160.0,24,25.6019,0.0,160.0,0,1,83,3,60.0,1157,0.078,equal,960.0,6,mild,3,2024
F4_thit_soc,160.0,24,26.9907,0.0,160.0,0,3,84,4,80.0,1181,0.067,equal,960.0,6,mild,3,2024
F5_set_camau,160.0,24,22.3611,0.0,160.0,0,2,83,4,80.0,1129,0.078,equal,960.0,6,mild,3,2024
F6_cat_camau,160.0,24,20.0463,0.0,160.0,0,0,84,4,80.0,1123,0.067,equal,960.0,6,mild,3,2024
F1_dat_cat,160.0,24,23.6111,0.0,160.0,0,0,82,2,40.0,1161,0.089,equal,960.0,6,mild,4,2024
F2_thit,160.0,24,26.9907,0.0,160.0,0,4,82,2,40.0,1167,0.089,equal,960.0,6,mild,4,2024
F3_set,160.0,24,25.7407,0.0,160.0,0,0,84,2,40.0,1166,0.067,equal,960.0,6,mild,4,2024
F4_thit_soc,160.0,24,26.8981,0.0,160.0,0,4,84,2,40.0,1205,0.067,equal,960.0,6,mild,4,2024
F5_set_camau,160.0,24,23.0093,0.0,160.0,0,0,84,2,40.0,1117,0.067,equal,960.0,6,mild,4,2024
F6_cat_camau,160.0,24,19.1204,0.0,160.0,0,1,80,2,40.0,1244,0.111,equal,960.0,6,mild,4,2024
F1_dat_cat,160.0,24,23.3333,0.0,160.0,0,3,79,0,0.0,1262,0.122,equal,960.0,6,severe,0,2024
F2_thit,160.0,24,26.8056,0.0,160.0,0,5,80,0,0.0,1228,0.111,equal,960.0,6,severe,0,2024
F3_set,160.0,24,24.537,0.0,160.0,0,3,78,0,0.0,1277,0.133,equal,960.0,6,severe,0,2024
F4_thit_soc,160.0,24,25.8796,0.0,160.0,0,5,79,0,0.0,1318,0.122,equal,960.0,6,severe,0,2024
F5_set_camau,160.0,24,22.2222,0.0,160.0,0,3,79,0,0.0,1222,0.122,equal,960.0,6,severe,0,2024
F6_cat_camau,160.0,24,19.0278,0.0,160.0,0,3,79,0,0.0,1270,0.122,equal,960.0,6,severe,0,2024
F1_dat_cat,160.0,24,23.3796,0.0,160.0,0,1,80,1,20.0,1202,0.111,equal,960.0,6,severe,1,2024
F2_thit,160.0,24,27.037,0.0,160.0,0,5,81,1,20.0,1196,0.1,equal,960.0,6,severe,1,2024
F3_set,160.0,24,24.6296,0.0,160.0,0,2,80,1,20.0,1250,0.111,equal,960.0,6,severe,1,2024
F4_thit_soc,160.0,24,25.6944,0.0,160.0,0,6,79,1,20.0,1306,0.122,equal,960.0,6,severe,1,2024
F5_set_camau,160.0,24,22.2222,0.0,160.0,0,2,81,1,20.0,1186,0.1,equal,960.0,6,severe,1,2024
F6_cat_camau,160.0,24,19.7222,0.0,160.0,0,1,81,1,20.0,1236,0.1,equal,960.0,6,severe,1,2024
F1_dat_cat,160.0,24,24.8148,0.0,160.0,0,1,83,2,40.0,1190,0.078,equal,960.0,6,severe,2,2024
F2_thit,160.0,24,27.7315,0.0,160.0,0,5,82,1,20.0,1168,0.089,equal,960.0,6,severe,2,2024
F3_set,160.0,24,25.787,0.0,160.0,0,0,85,4,80.0,1122,0.056,equal,960.0,6,severe,2,2024
F4_thit_soc,160.0,24,27.5926,0.0,160.0,0,3,85,3,60.0,1156,0.056,equal,960.0,6,severe,2,2024
F5_set_camau,160.0,24,24.6759,0.0,160.0,0,1,85,3,60.0,1149,0.056,equal,960.0,6,severe,2,2024
F6_cat_camau,160.0,24,19.7685,0.0,160.0,0,1,81,1,20.0,1232,0.1,equal,960.0,6,severe,2,2024
F1_dat_cat,160.0,24,23.5185,0.0,160.0,1,0,81,4,80.0,1195,0.1,equal,960.0,6,severe,3,2024
F2_thit,160.0,24,27.2685,0.0,160.0,1,3,78,3,60.0,1248,0.133,equal,960.0,6,severe,3,2024
F3_set,160.0,24,25.6481,0.0,160.0,1,2,80,4,80.0,1286,0.111,equal,960.0,6,severe,3,2024
F4_thit_soc,160.0,24,23.8889,0.0,160.0,1,3,76,4,80.0,1304,0.156,equal,960.0,6,severe,3,2024
F5_set_camau,160.0,24,20.2315,0.0,160.0,1,1,77,4,80.0,1194,0.144,equal,960.0,6,severe,3,2024
F6_cat_camau,160.0,24,18.8889,0.0,160.0,0,2,79,4,80.0,1231,0.122,equal,960.0,6,severe,3,2024
F1_dat_cat,160.0,24,23.5648,0.0,160.0,0,1,83,2,40.0,1168,0.078,equal,960.0,6,severe,4,2024
F2_thit,160.0,24,26.6204,0.0,160.0,0,6,80,2,40.0,1229,0.111,equal,960.0,6,severe,4,2024
F3_set,160.0,24,24.7222,0.0,160.0,0,2,81,2,40.0,1232,0.1,equal,960.0,6,severe,4,2024
F4_thit_soc,160.0,24,25.9259,0.0,160.0,0,6,80,2,40.0,1284,0.111,equal,960.0,6,severe,4,2024
F5_set_camau,160.0,24,22.3148,0.0,160.0,0,2,82,1,20.0,1165,0.089,equal,960.0,6,severe,4,2024
F6_cat_camau,160.0,24,20.0463,0.0,160.0,0,0,84,2,40.0,1125,0.067,equal,960.0,6,severe,4,2024
F1_dat_cat,160.0,48,23.2407,0.0,160.0,0,4,37,0,0.0,1284,0.089,equal,960.0,3,mild,0,2024
F2_thit,160.0,48,25.6481,0.0,160.0,0,7,37,0,0.0,1275,0.089,equal,960.0,3,mild,0,2024
F3_set,160.0,48,24.5833,0.0,160.0,0,4,37,0,0.0,1282,0.089,equal,960.0,3,mild,0,2024
F4_thit_soc,160.0,48,25.6944,0.0,160.0,0,6,37,0,0.0,1327,0.089,equal,960.0,3,mild,0,2024
F5_set_camau,160.0,48,21.3426,0.0,160.0,0,7,37,0,0.0,1289,0.089,equal,960.0,3,mild,0,2024
F6_cat_camau,160.0,48,19.0741,0.0,160.0,0,2,37,0,0.0,1263,0.089,equal,960.0,3,mild,0,2024
F1_dat_cat,160.0,48,23.3333,0.0,160.0,0,4,38,1,20.0,1255,0.078,equal,960.0,3,mild,1,2024
F2_thit,160.0,48,25.6481,0.0,160.0,0,7,37,1,20.0,1280,0.089,equal,960.0,3,mild,1,2024
F3_set,160.0,48,24.6759,0.0,160.0,0,5,38,1,20.0,1261,0.078,equal,960.0,3,mild,1,2024
F4_thit_soc,160.0,48,25.787,0.0,160.0,0,7,38,1,20.0,1305,0.078,equal,960.0,3,mild,1,2024
F5_set_camau,160.0,48,22.4074,0.0,160.0,0,2,38,1,20.0,1128,0.078,equal,960.0,3,mild,1,2024
F6_cat_camau,160.0,48,18.9815,0.0,160.0,0,1,37,1,20.0,1202,0.089,equal,960.0,3,mild,1,2024
F1_dat_cat,160.0,48,23.5185,0.0,160.0,0,2,40,5,100.0,1181,0.056,equal,960.0,3,mild,2,2024
F2_thit,160.0,48,26.8519,0.0,160.0,0,5,39,4,80.0,1178,0.067,equal,960.0,3,mild,2,2024
F3_set,160.0,48,25.5093,0.0,160.0,0,3,40,5,100.0,1185,0.056,equal,960.0,3,mild,2,2024
F4_thit_soc,160.0,48,26.6204,0.0,160.0,0,5,40,5,100.0,1236,0.056,equal,960.0,3,mild,2,2024
F5_set_camau,160.0,48,22.5,0.0,160.0,0,2,40,5,100.0,1096,0.056,equal,960.0,3,mild,2,2024
F6_cat_camau,160.0,48,19.9537,0.0,160.0,0,1,40,5,100.0,1163,0.056,equal,960.0,3,mild,2,2024
F1_dat_cat,160.0,48,22.4074,0.0,160.0,0,4,38,4,80.0,1259,0.078,equal,960.0,3,mild,3,2024
F2_thit,160.0,48,26.8056,0.0,160.0,0,6,39,4,80.0,1193,0.067,equal,960.0,3,mild,3,2024
F3_set,160.0,48,24.4907,0.0,160.0,0,4,38,4,80.0,1242,0.078,equal,960.0,3,mild,3,2024
F4_thit_soc,160.0,48,25.5093,0.0,160.0,0,5,38,4,80.0,1297,0.078,equal,960.0,3,mild,3,2024
F5_set_camau,160.0,48,22.0833,0.0,160.0,0,5,39,4,80.0,1220,0.067,equal,960.0,3,mild,3,2024
F6_cat_camau,160.0,48,19.8611,0.0,160.0,0,1,39,4,80.0,1198,0.067,equal,960.0,3,mild,3,2024
F1_dat_cat,160.0,48,23.4259,0.0,160.0,0,3,39,2,40.0,1218,0.067,equal,960.0,3,mild,4,2024
F2_thit,160.0,48,26.8056,0.0,160.0,0,5,38,2,40.0,1200,0.078,equal,960.0,3,mild,4,2024
F3_set,160.0,48,24.7222,0.0,160.0,0,2,39,2,40.0,1231,0.067,equal,960.0,3,mild,4,2024
F4_thit_soc,160.0,48,26.6667,0.0,160.0,0,5,39,2,40.0,1266,0.067,equal,960.0,3,mild,4,2024
F5_set_camau,160.0,48,21.1574,0.0,160.0,0,4,37,2,40.0,1261,0.089,equal,960.0,3,mild,4,2024
F6_cat_camau,160.0,48,18.9815,0.0,160.0,0,2,37,2,40.0,1219,0.089,equal,960.0,3,mild,4,2024
F1_dat_cat,160.0,48,20.2778,0.0,160.0,2,2,34,0,0.0,1361,0.122,equal,960.0,3,severe,0,2024
F2_thit,160.0,48,21.4352,0.0,160.0,2,5,33,0,0.0,1349,0.133,equal,960.0,3,severe,0,2024
F3_set,160.0,48,21.25,0.0,160.0,2,5,33,0,0.0,1438,0.133,equal,960.0,3,severe,0,2024
F4_thit_soc,160.0,48,22.2685,0.0,160.0,2,6,33,0,0.0,1480,0.133,equal,960.0,3,severe,0,2024
F5_set_camau,160.0,48,19.8148,0.0,160.0,1,5,34,0,0.0,1355,0.122,equal,960.0,3,severe,0,2024
F6_cat_camau,160.0,48,17.8704,0.0,160.0,0,5,34,0,0.0,1369,0.122,equal,960.0,3,severe,0,2024
F1_dat_cat,160.0,48,21.3889,0.0,160.0,0,5,35,0,0.0,1350,0.111,equal,960.0,3,severe,1,2024
F2_thit,160.0,48,25.4167,0.0,160.0,1,5,37,1,20.0,1264,0.089,equal,960.0,3,severe,1,2024
F3_set,160.0,48,23.3796,0.0,160.0,1,6,36,0,0.0,1393,0.1,equal,960.0,3,severe,1,2024
F4_thit_soc,160.0,48,24.3981,0.0,160.0,1,7,36,0,0.0,1416,0.1,equal,960.0,3,severe,1,2024
F5_set_camau,160.0,48,21.2037,0.0,160.0,0,5,36,0,0.0,1277,0.1,equal,960.0,3,severe,1,2024
F6_cat_camau,160.0,48,19.0278,0.0,160.0,0,1,37,1,20.0,1221,0.089,equal,960.0,3,severe,1,2024
F1_dat_cat,160.0,48,24.7685,0.0,160.0,0,2,40,3,60.0,1175,0.056,equal,960.0,3,severe,2,2024
F2_thit,160.0,48,28.8889,0.0,160.0,0,5,39,4,80.0,1227,0.067,equal,960.0,3,severe,2,2024
F3_set,160.0,48,26.8519,0.0,160.0,0,3,40,3,60.0,1217,0.056,equal,960.0,3,severe,2,2024
F4_thit_soc,160.0,48,28.0093,0.0,160.0,0,5,40,3,60.0,1294,0.056,equal,960.0,3,severe,2,2024
F5_set_camau,160.0,48,24.6759,0.0,160.0,0,1,40,3,60.0,1149,0.056,equal,960.0,3,severe,2,2024
F6_cat_camau,160.0,48,19.8611,0.0,160.0,0,1,39,2,40.0,1204,0.067,equal,960.0,3,severe,2,2024
F1_dat_cat,160.0,48,22.4074,0.0,160.0,1,1,39,3,60.0,1193,0.067,equal,960.0,3,severe,3,2024
F2_thit,160.0,48,28.1944,0.0,160.0,1,2,38,4,80.0,1223,0.078,equal,960.0,3,severe,3,2024
F3_set,160.0,48,24.6296,0.0,160.0,1,2,38,3,60.0,1265,0.078,equal,960.0,3,severe,3,2024
F4_thit_soc,160.0,48,27.963,0.0,160.0,1,3,38,3,60.0,1322,0.078,equal,960.0,3,severe,3,2024
F5_set_camau,160.0,48,22.4537,0.0,160.0,1,0,38,3,60.0,1183,0.078,equal,960.0,3,severe,3,2024
F6_cat_camau,160.0,48,17.9167,0.0,160.0,1,2,37,3,60.0,1255,0.089,equal,960.0,3,severe,3,2024
F1_dat_cat,160.0,48,21.0648,0.0,160.0,0,5,35,1,20.0,1353,0.111,equal,960.0,3,severe,4,2024
F2_thit,160.0,48,25.7407,0.0,160.0,0,7,36,1,20.0,1260,0.1,equal,960.0,3,severe,4,2024
F3_set,160.0,48,24.6759,0.0,160.0,0,3,38,1,20.0,1258,0.078,equal,960.0,3,severe,4,2024
F4_thit_soc,160.0,48,25.787,0.0,160.0,0,5,38,1,20.0,1305,0.078,equal,960.0,3,severe,4,2024
F5_set_camau,160.0,48,22.0833,0.0,160.0,0,6,38,1,20.0,1259,0.078,equal,960.0,3,severe,4,2024
F6_cat_camau,160.0,48,17.9167,0.0,160.0,0,3,35,1,20.0,1333,0.111,equal,960.0,3,severe,4,2024
F1_dat_cat,160.0,72,21.3889,0.0,160.0,0,5,21,0,0.0,1345,0.1,equal,960.0,2,mild,0,2024
F2_thit,160.0,72,23.4722,0.0,160.0,1,6,21,0,0.0,1338,0.1,equal,960.0,2,mild,0,2024
F3_set,160.0,72,22.3611,0.0,160.0,1,5,21,0,0.0,1411,0.1,equal,960.0,2,mild,0,2024
F4_thit_soc,160.0,72,23.4259,0.0,160.0,1,5,21,0,0.0,1398,0.1,equal,960.0,2,mild,0,2024
F5_set_camau,160.0,72,18.8889,0.0,160.0,1,6,21,0,0.0,1405,0.1,equal,960.0,2,mild,0,2024
F6_cat_camau,160.0,72,17.7315,0.0,160.0,0,6,21,0,0.0,1412,0.1,equal,960.0,2,mild,0,2024
F1_dat_cat,160.0,72,23.287,0.0,160.0,0,2,23,1,20.0,1229,0.078,equal,960.0,2,mild,1,2024
F2_thit,160.0,72,26.2963,0.0,160.0,0,6,23,1,20.0,1249,0.078,equal,960.0,2,mild,1,2024
F3_set,160.0,72,23.9815,0.0,160.0,0,5,23,1,20.0,1304,0.078,equal,960.0,2,mild,1,2024
F4_thit_soc,160.0,72,24.6759,0.0,160.0,0,5,23,1,20.0,1354,0.078,equal,960.0,2,mild,1,2024
F5_set_camau,160.0,72,21.25,0.0,160.0,0,5,23,1,20.0,1288,0.078,equal,960.0,2,mild,1,2024
F6_cat_camau,160.0,72,18.9352,0.0,160.0,0,3,23,1,20.0,1258,0.078,equal,960.0,2,mild,1,2024
F1_dat_cat,160.0,72,23.1944,0.0,160.0,0,2,24,4,80.0,1192,0.067,equal,960.0,2,mild,2,2024
F2_thit,160.0,72,25.5556,0.0,160.0,1,4,24,4,80.0,1223,0.067,equal,960.0,2,mild,2,2024
F3_set,160.0,72,24.4907,0.0,160.0,0,4,24,4,80.0,1215,0.067,equal,960.0,2,mild,2,2024
F4_thit_soc,160.0,72,24.537,0.0,160.0,0,5,24,4,80.0,1308,0.067,equal,960.0,2,mild,2,2024
F5_set_camau,160.0,72,21.5741,0.0,160.0,0,4,25,5,100.0,1225,0.056,equal,960.0,2,mild,2,2024
F6_cat_camau,160.0,72,19.8148,0.0,160.0,1,1,25,3,80.0,1222,0.056,equal,960.0,2,mild,2,2024
F1_dat_cat,160.0,72,22.9167,0.0,160.0,0,2,24,4,80.0,1205,0.067,equal,960.0,2,mild,3,2024
F2_thit,160.0,72,26.4352,0.0,160.0,0,6,24,4,80.0,1233,0.067,equal,960.0,2,mild,3,2024
F3_set,160.0,72,23.5648,0.0,160.0,0,5,24,4,80.0,1286,0.067,equal,960.0,2,mild,3,2024
F4_thit_soc,160.0,72,26.6667,0.0,160.0,0,4,24,4,80.0,1226,0.067,equal,960.0,2,mild,3,2024
F5_set_camau,160.0,72,21.25,0.0,160.0,0,5,24,4,80.0,1261,0.067,equal,960.0,2,mild,3,2024
F6_cat_camau,160.0,72,17.8704,0.0,160.0,1,2,24,4,80.0,1251,0.067,equal,960.0,2,mild,3,2024
F1_dat_cat,160.0,72,21.25,0.0,160.0,1,3,22,2,40.0,1303,0.089,equal,960.0,2,mild,4,2024
F2_thit,160.0,72,23.6111,0.0,160.0,1,5,22,2,40.0,1286,0.089,equal,960.0,2,mild,4,2024
F3_set,160.0,72,23.2407,0.0,160.0,0,6,22,2,40.0,1352,0.089,equal,960.0,2,mild,4,2024
F4_thit_soc,160.0,72,24.3519,0.0,160.0,1,4,22,2,40.0,1361,0.089,equal,960.0,2,mild,4,2024
F5_set_camau,160.0,72,20.9259,0.0,160.0,0,4,22,2,40.0,1287,0.089,equal,960.0,2,mild,4,2024
F6_cat_camau,160.0,72,18.9352,0.0,160.0,0,3,23,2,40.0,1275,0.078,equal,960.0,2,mild,4,2024
F1_dat_cat,160.0,72,16.8056,0.0,160.0,2,0,20,0,0.0,1340,0.111,equal,960.0,2,severe,0,2024
F2_thit,160.0,72,22.4074,0.0,160.0,2,4,19,0,0.0,1366,0.122,equal,960.0,2,severe,0,2024
F3_set,160.0,72,17.5926,0.0,160.0,2,3,20,0,0.0,1397,0.111,equal,960.0,2,severe,0,2024
F4_thit_soc,160.0,72,19.8611,0.0,160.0,2,3,20,0,0.0,1444,0.111,equal,960.0,2,severe,0,2024
F5_set_camau,160.0,72,15.6944,0.0,160.0,2,4,20,0,0.0,1437,0.111,equal,960.0,2,severe,0,2024
F6_cat_camau,160.0,72,14.6296,0.0,160.0,2,3,21,0,0.0,1432,0.1,equal,960.0,2,severe,0,2024
F1_dat_cat,160.0,72,21.3889,0.0,160.0,1,2,23,1,20.0,1280,0.078,equal,960.0,2,severe,1,2024
F2_thit,160.0,72,26.2963,0.0,160.0,0,6,23,1,20.0,1258,0.078,equal,960.0,2,severe,1,2024
F3_set,160.0,72,23.1944,0.0,160.0,1,5,22,1,20.0,1361,0.089,equal,960.0,2,severe,1,2024
F4_thit_soc,160.0,72,23.6111,0.0,160.0,1,5,22,1,20.0,1399,0.089,equal,960.0,2,severe,1,2024
F5_set_camau,160.0,72,20.9722,0.0,160.0,0,4,22,1,20.0,1307,0.089,equal,960.0,2,severe,1,2024
F6_cat_camau,160.0,72,18.9352,0.0,160.0,0,3,23,1,20.0,1269,0.078,equal,960.0,2,severe,1,2024
F1_dat_cat,160.0,72,22.3148,0.0,160.0,0,3,23,3,60.0,1255,0.078,equal,960.0,2,severe,2,2024
F2_thit,160.0,72,23.4722,0.0,160.0,1,5,22,1,20.0,1318,0.089,equal,960.0,2,severe,2,2024
F3_set,160.0,72,23.5185,0.0,160.0,1,3,24,4,80.0,1316,0.067,equal,960.0,2,severe,2,2024
F4_thit_soc,160.0,72,25.6019,0.0,160.0,1,3,24,4,80.0,1330,0.067,equal,960.0,2,severe,2,2024
F5_set_camau,160.0,72,22.1296,0.0,160.0,1,3,24,4,80.0,1252,0.067,equal,960.0,2,severe,2,2024
F6_cat_camau,160.0,72,18.8889,0.0,160.0,0,3,24,4,80.0,1216,0.067,equal,960.0,2,severe,2,2024
F1_dat_cat,160.0,72,22.1759,0.0,160.0,1,1,24,4,80.0,1265,0.067,equal,960.0,2,severe,3,2024
F2_thit,160.0,72,28.4722,0.0,160.0,1,2,24,4,80.0,1262,0.067,equal,960.0,2,severe,3,2024
F3_set,160.0,72,24.3519,0.0,160.0,1,2,24,4,80.0,1316,0.067,equal,960.0,2,severe,3,2024
F4_thit_soc,160.0,72,29.1204,0.0,160.0,1,1,24,4,80.0,1319,0.067,equal,960.0,2,severe,3,2024
F5_set_camau,160.0,72,19.8611,0.0,160.0,1,3,24,4,80.0,1279,0.067,equal,960.0,2,severe,3,2024
F6_cat_camau,160.0,72,19.9537,0.0,160.0,1,0,24,4,80.0,1200,0.067,equal,960.0,2,severe,3,2024
F1_dat_cat,160.0,72,22.5,0.0,160.0,0,3,24,2,40.0,1225,0.067,equal,960.0,2,severe,4,2024
F2_thit,160.0,72,24.8148,0.0,160.0,1,5,23,2,40.0,1250,0.078,equal,960.0,2,severe,4,2024
F3_set,160.0,72,23.4722,0.0,160.0,0,4,23,2,40.0,1298,0.078,equal,960.0,2,severe,4,2024
F4_thit_soc,160.0,72,24.537,0.0,160.0,0,5,23,2,40.0,1326,0.078,equal,960.0,2,severe,4,2024
F5_set_camau,160.0,72,17.7778,0.0,160.0,2,3,23,1,20.0,1312,0.078,equal,960.0,2,severe,4,2024
F6_cat_camau,160.0,72,16.6204,0.0,160.0,2,1,23,1,20.0,1317,0.078,equal,960.0,2,severe,4,2024
F1_dat_cat,240.0,24,9.9074,0.0,240.0,0,2,77,2,40.0,980,0.144,equal,1440.0,6,mild,0,2024
F2_thit,240.0,24,13.4722,0.0,240.0,0,6,79,2,40.0,955,0.122,equal,1440.0,6,mild,0,2024
F3_set,240.0,24,11.0648,0.0,240.0,0,3,78,2,40.0,996,0.133,equal,1440.0,6,mild,0,2024
F4_thit_soc,240.0,24,12.1759,0.0,240.0,0,8,78,2,40.0,1051,0.133,equal,1440.0,6,mild,0,2024
F5_set_camau,240.0,24,8.6574,0.0,240.0,0,2,79,2,40.0,899,0.122,equal,1440.0,6,mild,0,2024
F6_cat_camau,240.0,24,4.1204,0.0,240.0,0,0,78,2,40.0,912,0.133,equal,1440.0,6,mild,0,2024
F1_dat_cat,240.0,24,10.0926,0.0,240.0,0,0,79,1,20.0,942,0.122,equal,1440.0,6,mild,1,2024
F2_thit,240.0,24,13.4259,0.0,240.0,0,6,77,1,20.0,966,0.144,equal,1440.0,6,mild,1,2024
F3_set,240.0,24,10.9259,0.0,240.0,0,4,78,1,20.0,1029,0.133,equal,1440.0,6,mild,1,2024
F4_thit_soc,240.0,24,12.1296,0.0,240.0,0,7,78,1,20.0,1055,0.133,equal,1440.0,6,mild,1,2024
F5_set_camau,240.0,24,8.7963,0.0,240.0,0,2,79,1,20.0,927,0.122,equal,1440.0,6,mild,1,2024
F6_cat_camau,240.0,24,4.5833,0.0,240.0,0,0,79,1,20.0,870,0.122,equal,1440.0,6,mild,1,2024
F1_dat_cat,240.0,24,10.0926,0.0,240.0,0,0,80,5,100.0,939,0.111,equal,1440.0,6,mild,2,2024
F2_thit,240.0,24,13.6111,0.0,240.0,0,6,82,7,140.0,876,0.089,equal,1440.0,6,mild,2,2024
F3_set,240.0,24,11.3426,0.0,240.0,0,0,81,7,140.0,865,0.1,equal,1440.0,6,mild,2,2024
F4_thit_soc,240.0,24,12.5,0.0,240.0,0,4,81,7,140.0,984,0.1,equal,1440.0,6,mild,2,2024
F5_set_camau,240.0,24,8.7963,0.0,240.0,0,3,80,5,100.0,897,0.111,equal,1440.0,6,mild,2,2024
F6_cat_camau,240.0,24,4.6759,0.0,240.0,0,0,81,7,140.0,834,0.1,equal,1440.0,6,mild,2,2024
F1_dat_cat,240.0,24,10.0926,0.0,240.0,0,0,80,5,100.0,947,0.111,equal,1440.0,6,mild,3,2024
F2_thit,240.0,24,13.5648,0.0,240.0,0,7,81,5,100.0,912,0.1,equal,1440.0,6,mild,3,2024
F3_set,240.0,24,11.0648,0.0,240.0,0,3,80,4,80.0,949,0.111,equal,1440.0,6,mild,3,2024
F4_thit_soc,240.0,24,12.4537,0.0,240.0,0,4,80,5,100.0,981,0.111,equal,1440.0,6,mild,3,2024
F5_set_camau,240.0,24,8.75,0.0,240.0,0,2,80,5,100.0,895,0.111,equal,1440.0,6,mild,3,2024
F6_cat_camau,240.0,24,4.6759,0.0,240.0,0,0,81,5,100.0,841,0.1,equal,1440.0,6,mild,3,2024
F1_dat_cat,240.0,24,10.0463,0.0,240.0,0,0,78,3,60.0,980,0.133,equal,1440.0,6,mild,4,2024
F2_thit,240.0,24,13.3796,0.0,240.0,0,6,77,3,60.0,964,0.144,equal,1440.0,6,mild,4,2024
F3_set,240.0,24,11.25,0.0,240.0,0,0,80,3,60.0,928,0.111,equal,1440.0,6,mild,4,2024
F4_thit_soc,240.0,24,12.4074,0.0,240.0,0,5,80,3,60.0,987,0.111,equal,1440.0,6,mild,4,2024
F5_set_camau,240.0,24,7.9167,0.0,240.0,0,3,80,3,60.0,911,0.111,equal,1440.0,6,mild,4,2024
F6_cat_camau,240.0,24,2.5,0.0,240.0,0,1,76,3,60.0,970,0.156,equal,1440.0,6,mild,4,2024
F1_dat_cat,240.0,24,8.9352,0.0,240.0,0,4,74,1,20.0,1041,0.178,equal,1440.0,6,severe,0,2024
F2_thit,240.0,24,11.5278,0.0,240.0,0,8,74,0,0.0,1063,0.178,equal,1440.0,6,severe,0,2024
F3_set,240.0,24,9.9074,0.0,240.0,0,5,75,2,40.0,1071,0.167,equal,1440.0,6,severe,0,2024
F4_thit_soc,240.0,24,11.4352,0.0,240.0,0,5,77,2,40.0,1071,0.144,equal,1440.0,6,severe,0,2024
F5_set_camau,240.0,24,7.3148,0.0,240.0,0,4,74,1,20.0,1012,0.178,equal,1440.0,6,severe,0,2024
F6_cat_camau,240.0,24,1.5741,0.0,240.0,0,4,76,2,40.0,987,0.156,equal,1440.0,6,severe,0,2024
F1_dat_cat,240.0,24,9.0278,0.0,240.0,0,2,75,1,20.0,991,0.167,equal,1440.0,6,severe,1,2024
F2_thit,240.0,24,12.4074,0.0,240.0,0,9,74,1,20.0,1053,0.178,equal,1440.0,6,severe,1,2024
F3_set,240.0,24,10.1389,0.0,240.0,0,2,76,1,20.0,1017,0.156,equal,1440.0,6,severe,1,2024
F4_thit_soc,240.0,24,9.537,0.0,240.0,0,9,72,1,20.0,1166,0.2,equal,1440.0,6,severe,1,2024
F5_set_camau,240.0,24,7.4074,0.0,240.0,0,4,74,1,20.0,1016,0.178,equal,1440.0,6,severe,1,2024
F6_cat_camau,240.0,24,2.1296,0.0,240.0,0,2,76,1,20.0,991,0.156,equal,1440.0,6,severe,1,2024
F1_dat_cat,240.0,24,11.25,0.0,240.0,0,1,79,4,80.0,965,0.122,equal,1440.0,6,severe,2,2024
F2_thit,240.0,24,13.5648,0.0,240.0,0,7,79,3,60.0,948,0.122,equal,1440.0,6,severe,2,2024
F3_set,240.0,24,17.5463,0.0,240.0,0,0,83,6,120.0,965,0.078,equal,1440.0,6,severe,2,2024
F4_thit_soc,240.0,24,12.1759,0.0,240.0,0,6,79,3,60.0,1013,0.122,equal,1440.0,6,severe,2,2024
F5_set_camau,240.0,24,10.1389,0.0,240.0,0,3,79,3,60.0,973,0.122,equal,1440.0,6,severe,2,2024
F6_cat_camau,240.0,24,2.6852,0.0,240.0,0,1,78,2,40.0,964,0.133,equal,1440.0,6,severe,2,2024
F1_dat_cat,240.0,24,9.9537,0.0,240.0,1,0,77,4,80.0,976,0.144,equal,1440.0,6,severe,3,2024
F2_thit,240.0,24,12.8704,0.0,240.0,1,7,73,3,60.0,1086,0.189,equal,1440.0,6,severe,3,2024
F3_set,240.0,24,10.9722,0.0,240.0,1,3,75,4,80.0,1114,0.167,equal,1440.0,6,severe,3,2024
F4_thit_soc,240.0,24,8.4722,0.0,240.0,1,4,72,4,80.0,1112,0.2,equal,1440.0,6,severe,3,2024
F5_set_camau,240.0,24,4.1204,0.0,240.0,1,2,72,4,80.0,989,0.2,equal,1440.0,6,severe,3,2024
F6_cat_camau,240.0,24,1.2037,0.0,240.0,0,3,74,4,80.0,983,0.178,equal,1440.0,6,severe,3,2024
F1_dat_cat,240.0,24,9.1204,0.0,240.0,0,3,77,2,40.0,966,0.144,equal,1440.0,6,severe,4,2024
F2_thit,240.0,24,12.1759,0.0,240.0,0,8,74,2,40.0,1027,0.178,equal,1440.0,6,severe,4,2024
F3_set,240.0,24,10.2778,0.0,240.0,0,2,78,3,60.0,999,0.133,equal,1440.0,6,severe,4,2024
F4_thit_soc,240.0,24,11.3426,0.0,240.0,0,7,77,3,60.0,1053,0.144,equal,1440.0,6,severe,4,2024
F5_set_camau,240.0,24,7.8704,0.0,240.0,0,3,77,1,20.0,952,0.144,equal,1440.0,6,severe,4,2024
F6_cat_camau,240.0,24,4.5833,0.0,240.0,0,1,80,3,60.0,866,0.111,equal,1440.0,6,severe,4,2024
F1_dat_cat,240.0,48,8.8889,0.0,240.0,0,5,35,2,40.0,1049,0.111,equal,1440.0,3,mild,0,2024
F2_thit,240.0,48,11.2963,0.0,240.0,0,9,35,2,40.0,1032,0.111,equal,1440.0,3,mild,0,2024
F3_set,240.0,48,10.0926,0.0,240.0,0,5,35,2,40.0,1028,0.111,equal,1440.0,3,mild,0,2024
F4_thit_soc,240.0,48,11.1574,0.0,240.0,0,7,35,2,40.0,1074,0.111,equal,1440.0,3,mild,0,2024
F5_set_camau,240.0,48,4.6759,0.0,240.0,0,9,32,2,40.0,1127,0.144,equal,1440.0,3,mild,0,2024
F6_cat_camau,240.0,48,1.2963,0.0,240.0,0,4,32,2,40.0,1054,0.144,equal,1440.0,3,mild,0,2024
F1_dat_cat,240.0,48,9.0278,0.0,240.0,0,5,34,1,20.0,1038,0.122,equal,1440.0,3,mild,1,2024
F2_thit,240.0,48,11.1574,0.0,240.0,0,9,33,1,20.0,1084,0.133,equal,1440.0,3,mild,1,2024
F3_set,240.0,48,9.8148,0.0,240.0,0,8,34,1,20.0,1095,0.122,equal,1440.0,3,mild,1,2024
F4_thit_soc,240.0,48,10.0463,0.0,240.0,0,11,34,1,20.0,1159,0.122,equal,1440.0,3,mild,1,2024
F5_set_camau,240.0,48,7.8241,0.0,240.0,0,5,34,1,20.0,956,0.122,equal,1440.0,3,mild,1,2024
F6_cat_camau,240.0,48,1.2963,0.0,240.0,0,2,33,1,20.0,980,0.133,equal,1440.0,3,mild,1,2024
F1_dat_cat,240.0,48,9.1204,0.0,240.0,0,4,36,5,100.0,977,0.1,equal,1440.0,3,mild,2,2024
F2_thit,240.0,48,12.4074,0.0,240.0,0,7,36,5,100.0,960,0.1,equal,1440.0,3,mild,2,2024
F3_set,240.0,48,9.9537,0.0,240.0,0,6,36,5,100.0,1027,0.1,equal,1440.0,3,mild,2,2024
F4_thit_soc,240.0,48,10.9259,0.0,240.0,0,8,36,5,100.0,1077,0.1,equal,1440.0,3,mild,2,2024
F5_set_camau,240.0,48,7.8241,0.0,240.0,0,5,36,6,120.0,926,0.1,equal,1440.0,3,mild,2,2024
F6_cat_camau,240.0,48,1.7593,0.0,240.0,0,3,36,6,120.0,939,0.1,equal,1440.0,3,mild,2,2024
F1_dat_cat,240.0,48,7.963,0.0,240.0,0,6,34,5,100.0,1051,0.122,equal,1440.0,3,mild,3,2024
F2_thit,240.0,48,12.2685,0.0,240.0,0,9,35,5,100.0,1042,0.111,equal,1440.0,3,mild,3,2024
F3_set,240.0,48,8.8889,0.0,240.0,0,7,34,5,100.0,1085,0.122,equal,1440.0,3,mild,3,2024
F4_thit_soc,240.0,48,10.0,0.0,240.0,0,8,34,5,100.0,1129,0.122,equal,1440.0,3,mild,3,2024
F5_set_camau,240.0,48,5.7407,0.0,240.0,0,8,35,5,100.0,1061,0.111,equal,1440.0,3,mild,3,2024
F6_cat_camau,240.0,48,1.6204,0.0,240.0,0,3,35,5,100.0,969,0.111,equal,1440.0,3,mild,3,2024
F1_dat_cat,240.0,48,9.0741,0.0,240.0,0,5,35,2,40.0,1006,0.111,equal,1440.0,3,mild,4,2024
F2_thit,240.0,48,12.2222,0.0,240.0,0,8,34,2,40.0,1047,0.122,equal,1440.0,3,mild,4,2024
F3_set,240.0,48,10.0926,0.0,240.0,0,4,36,3,60.0,1026,0.1,equal,1440.0,3,mild,4,2024
F4_thit_soc,240.0,48,11.2037,0.0,240.0,0,7,36,3,60.0,1072,0.1,equal,1440.0,3,mild,4,2024
F5_set_camau,240.0,48,4.6759,0.0,240.0,0,7,33,3,60.0,1083,0.133,equal,1440.0,3,mild,4,2024
F6_cat_camau,240.0,48,1.2963,0.0,240.0,0,3,33,3,60.0,994,0.133,equal,1440.0,3,mild,4,2024
F1_dat_cat,240.0,48,1.5741,0.0,240.0,3,3,28,1,20.0,1206,0.189,equal,1440.0,3,severe,0,2024
F2_thit,240.0,48,4.1204,0.0,240.0,3,6,26,1,20.0,1168,0.211,equal,1440.0,3,severe,0,2024
F3_set,240.0,48,0.6019,0.0,240.0,3,6,27,1,20.0,1307,0.2,equal,1440.0,3,severe,0,2024
F4_thit_soc,240.0,48,1.4352,0.0,240.0,3,8,27,0,0.0,1355,0.2,equal,1440.0,3,severe,0,2024
F5_set_camau,240.0,48,0.0,0.0,240.0,2,6,28,0,0.0,1221,0.189,equal,1440.0,3,severe,0,2024
F6_cat_camau,240.0,48,0.0,0.0,240.0,1,5,28,1,20.0,1166,0.189,equal,1440.0,3,severe,0,2024
F1_dat_cat,240.0,48,5.5093,0.0,240.0,0,9,28,0,0.0,1247,0.189,equal,1440.0,3,severe,1,2024
F2_thit,240.0,48,7.8704,0.0,240.0,2,8,31,1,20.0,1140,0.156,equal,1440.0,3,severe,1,2024
F3_set,240.0,48,5.9259,0.0,240.0,1,10,31,0,0.0,1274,0.156,equal,1440.0,3,severe,1,2024
F4_thit_soc,240.0,48,6.9444,0.0,240.0,1,11,31,0,0.0,1283,0.156,equal,1440.0,3,severe,1,2024
F5_set_camau,240.0,48,4.8148,0.0,240.0,0,8,32,0,0.0,1111,0.144,equal,1440.0,3,severe,1,2024
F6_cat_camau,240.0,48,1.2963,0.0,240.0,0,3,33,1,20.0,1009,0.133,equal,1440.0,3,severe,1,2024
F1_dat_cat,240.0,48,10.0463,0.0,240.0,0,4,36,5,100.0,1008,0.1,equal,1440.0,3,severe,2,2024
F2_thit,240.0,48,15.7407,0.0,240.0,1,6,36,6,120.0,1069,0.1,equal,1440.0,3,severe,2,2024
F3_set,240.0,48,11.2037,0.0,240.0,0,6,35,4,80.0,1078,0.111,equal,1440.0,3,severe,2,2024
F4_thit_soc,240.0,48,12.2685,0.0,240.0,0,8,35,4,80.0,1156,0.111,equal,1440.0,3,severe,2,2024
F5_set_camau,240.0,48,10.0926,0.0,240.0,0,4,36,4,80.0,984,0.1,equal,1440.0,3,severe,2,2024
F6_cat_camau,240.0,48,1.3426,0.0,240.0,0,3,34,3,60.0,1004,0.122,equal,1440.0,3,severe,2,2024
F1_dat_cat,240.0,48,7.963,0.0,240.0,1,3,36,4,80.0,976,0.1,equal,1440.0,3,severe,3,2024
F2_thit,240.0,48,10.5556,0.0,240.0,2,5,32,4,80.0,1115,0.144,equal,1440.0,3,severe,3,2024
F3_set,240.0,48,8.75,0.0,240.0,2,4,34,4,80.0,1114,0.122,equal,1440.0,3,severe,3,2024
F4_thit_soc,240.0,48,11.2963,0.0,240.0,2,5,34,4,80.0,1175,0.122,equal,1440.0,3,severe,3,2024
F5_set_camau,240.0,48,7.7778,0.0,240.0,1,2,34,4,80.0,983,0.122,equal,1440.0,3,severe,3,2024
F6_cat_camau,240.0,48,0.0,0.0,240.0,1,4,33,4,80.0,1037,0.133,equal,1440.0,3,severe,3,2024
F1_dat_cat,240.0,48,5.787,0.0,240.0,0,7,32,2,40.0,1171,0.144,equal,1440.0,3,severe,4,2024
F2_thit,240.0,48,11.1574,0.0,240.0,0,9,31,1,20.0,1082,0.156,equal,1440.0,3,severe,4,2024
F3_set,240.0,48,8.75,0.0,240.0,1,5,33,1,20.0,1118,0.133,equal,1440.0,3,severe,4,2024
F4_thit_soc,240.0,48,8.9815,0.0,240.0,0,9,33,1,20.0,1185,0.133,equal,1440.0,3,severe,4,2024
F5_set_camau,240.0,48,5.9259,0.0,240.0,0,8,35,2,40.0,1051,0.111,equal,1440.0,3,severe,4,2024
F6_cat_camau,240.0,48,0.0,0.0,240.0,0,5,30,2,40.0,1123,0.167,equal,1440.0,3,severe,4,2024
F1_dat_cat,240.0,72,6.8056,0.0,240.0,0,8,18,2,40.0,1151,0.133,equal,1440.0,2,mild,0,2024
F2_thit,240.0,72,9.0741,0.0,240.0,1,9,18,2,40.0,1120,0.133,equal,1440.0,2,mild,0,2024
F3_set,240.0,72,6.9907,0.0,240.0,1,5,18,2,40.0,1158,0.133,equal,1440.0,2,mild,0,2024
F4_thit_soc,240.0,72,5.7407,0.0,240.0,1,9,17,2,40.0,1279,0.144,equal,1440.0,2,mild,0,2024
F5_set_camau,240.0,72,1.2963,0.0,240.0,1,7,18,2,40.0,1171,0.133,equal,1440.0,2,mild,0,2024
F6_cat_camau,240.0,72,0.0,0.0,240.0,0,6,18,2,40.0,1140,0.133,equal,1440.0,2,mild,0,2024
F1_dat_cat,240.0,72,6.9444,0.0,240.0,0,5,19,1,20.0,1091,0.122,equal,1440.0,2,mild,1,2024
F2_thit,240.0,72,12.3611,0.0,240.0,0,7,19,1,20.0,1056,0.122,equal,1440.0,2,mild,1,2024
F3_set,240.0,72,8.75,0.0,240.0,0,8,19,1,20.0,1139,0.122,equal,1440.0,2,mild,1,2024
F4_thit_soc,240.0,72,9.8148,0.0,240.0,0,8,19,1,20.0,1187,0.122,equal,1440.0,2,mild,1,2024
F5_set_camau,240.0,72,4.5833,0.0,240.0,0,7,19,1,20.0,1134,0.122,equal,1440.0,2,mild,1,2024
F6_cat_camau,240.0,72,0.0926,0.0,240.0,0,6,19,1,20.0,1089,0.122,equal,1440.0,2,mild,1,2024
F1_dat_cat,240.0,72,6.9444,0.0,240.0,0,5,20,5,100.0,1054,0.111,equal,1440.0,2,mild,2,2024
F2_thit,240.0,72,10.0463,0.0,240.0,1,7,21,6,120.0,1057,0.1,equal,1440.0,2,mild,2,2024
F3_set,240.0,72,8.8426,0.0,240.0,0,7,21,6,120.0,1052,0.1,equal,1440.0,2,mild,2,2024
F4_thit_soc,240.0,72,9.8611,0.0,240.0,0,7,21,6,120.0,1104,0.1,equal,1440.0,2,mild,2,2024
F5_set_camau,240.0,72,5.6944,0.0,240.0,0,5,22,7,140.0,1018,0.089,equal,1440.0,2,mild,2,2024
F6_cat_camau,240.0,72,2.963,0.0,240.0,1,1,23,7,160.0,919,0.078,equal,1440.0,2,mild,2,2024
F1_dat_cat,240.0,72,6.9444,0.0,240.0,0,5,21,5,100.0,1053,0.1,equal,1440.0,2,mild,3,2024
F2_thit,240.0,72,12.3611,0.0,240.0,0,8,21,5,100.0,1019,0.1,equal,1440.0,2,mild,3,2024
F3_set,240.0,72,8.7037,0.0,240.0,0,8,20,5,100.0,1119,0.111,equal,1440.0,2,mild,3,2024
F4_thit_soc,240.0,72,10.0463,0.0,240.0,0,7,21,5,100.0,1071,0.1,equal,1440.0,2,mild,3,2024
F5_set_camau,240.0,72,1.25,0.0,240.0,1,6,19,5,100.0,1144,0.122,equal,1440.0,2,mild,3,2024
F6_cat_camau,240.0,72,0.0,0.0,240.0,1,4,20,5,100.0,1046,0.111,equal,1440.0,2,mild,3,2024
F1_dat_cat,240.0,72,6.7593,0.0,240.0,1,6,19,3,60.0,1103,0.122,equal,1440.0,2,mild,4,2024
F2_thit,240.0,72,9.1204,0.0,240.0,1,8,19,3,60.0,1074,0.122,equal,1440.0,2,mild,4,2024
F3_set,240.0,72,7.1759,0.0,240.0,0,6,19,3,60.0,1138,0.122,equal,1440.0,2,mild,4,2024
F4_thit_soc,240.0,72,8.9815,0.0,240.0,1,6,19,3,60.0,1150,0.122,equal,1440.0,2,mild,4,2024
F5_set_camau,240.0,72,1.6667,0.0,240.0,0,7,19,3,60.0,1126,0.122,equal,1440.0,2,mild,4,2024
F6_cat_camau,240.0,72,0.2315,0.0,240.0,0,6,20,3,60.0,1072,0.111,equal,1440.0,2,mild,4,2024
F1_dat_cat,240.0,72,0.0,0.0,240.0,3,0,15,1,20.0,1159,0.167,equal,1440.0,2,severe,0,2024
F2_thit,240.0,72,4.537,0.0,240.0,3,4,14,0,0.0,1144,0.178,equal,1440.0,2,severe,0,2024
F3_set,240.0,72,1.4815,0.0,240.0,3,3,15,1,20.0,1258,0.167,equal,1440.0,2,severe,0,2024
F4_thit_soc,240.0,72,3.75,0.0,240.0,3,4,15,1,20.0,1318,0.167,equal,1440.0,2,severe,0,2024
F5_set_camau,240.0,72,0.0,0.0,240.0,3,4,15,1,20.0,1254,0.167,equal,1440.0,2,severe,0,2024
F6_cat_camau,240.0,72,0.0,0.0,240.0,3,3,16,1,20.0,1239,0.156,equal,1440.0,2,severe,0,2024
F1_dat_cat,240.0,72,3.3796,0.0,240.0,3,3,17,1,20.0,1148,0.144,equal,1440.0,2,severe,1,2024
F2_thit,240.0,72,8.4722,0.0,240.0,1,8,16,1,20.0,1104,0.156,equal,1440.0,2,severe,1,2024
F3_set,240.0,72,1.5278,0.0,240.0,2,6,16,1,20.0,1284,0.156,equal,1440.0,2,severe,1,2024
F4_thit_soc,240.0,72,2.8704,0.0,240.0,2,6,16,1,20.0,1309,0.156,equal,1440.0,2,severe,1,2024
F5_set_camau,240.0,72,0.0,0.0,240.0,2,4,18,1,20.0,1187,0.133,equal,1440.0,2,severe,1,2024
F6_cat_camau,240.0,72,0.0,0.0,240.0,2,3,18,1,20.0,1121,0.133,equal,1440.0,2,severe,1,2024
F1_dat_cat,240.0,72,12.3148,0.0,240.0,0,4,20,5,100.0,1150,0.111,equal,1440.0,2,severe,2,2024
F2_thit,240.0,72,7.8704,0.0,240.0,2,7,18,2,40.0,1127,0.133,equal,1440.0,2,severe,2,2024
F3_set,240.0,72,8.1019,0.0,240.0,3,4,19,5,100.0,1280,0.122,equal,1440.0,2,severe,2,2024
F4_thit_soc,240.0,72,8.9815,0.0,240.0,3,4,19,5,100.0,1314,0.122,equal,1440.0,2,severe,2,2024
F5_set_camau,240.0,72,7.8241,0.0,240.0,2,5,19,5,100.0,1204,0.122,equal,1440.0,2,severe,2,2024
F6_cat_camau,240.0,72,2.5,0.0,240.0,1,4,20,5,100.0,1108,0.111,equal,1440.0,2,severe,2,2024
F1_dat_cat,240.0,72,3.5648,0.0,240.0,2,4,18,4,80.0,1149,0.133,equal,1440.0,2,severe,3,2024
F2_thit,240.0,72,10.0463,0.0,240.0,2,4,18,4,80.0,1124,0.133,equal,1440.0,2,severe,3,2024
F3_set,240.0,72,3.75,0.0,240.0,2,5,18,4,80.0,1214,0.133,equal,1440.0,2,severe,3,2024
F4_thit_soc,240.0,72,8.8889,0.0,240.0,2,4,18,4,80.0,1257,0.133,equal,1440.0,2,severe,3,2024
F5_set_camau,240.0,72,0.0,0.0,240.0,2,5,19,5,100.0,1162,0.122,equal,1440.0,2,severe,3,2024
F6_cat_camau,240.0,72,0.1852,0.0,240.0,2,0,19,4,80.0,999,0.122,equal,1440.0,2,severe,3,2024
F1_dat_cat,240.0,72,3.5185,0.0,240.0,1,5,19,2,40.0,1126,0.122,equal,1440.0,2,severe,4,2024
F2_thit,240.0,72,7.3611,0.0,240.0,2,7,18,2,40.0,1108,0.133,equal,1440.0,2,severe,4,2024
F3_set,240.0,72,3.5648,0.0,240.0,1,6,18,2,40.0,1167,0.133,equal,1440.0,2,severe,4,2024
F4_thit_soc,240.0,72,5.3241,0.0,240.0,1,7,18,2,40.0,1193,0.133,equal,1440.0,2,severe,4,2024
F5_set_camau,240.0,72,1.713,0.0,240.0,3,3,20,2,60.0,1140,0.111,equal,1440.0,2,severe,4,2024
F6_cat_camau,240.0,72,0.0,0.0,240.0,3,1,19,1,20.0,1093,0.122,equal,1440.0,2,severe,4,2024
F1_dat_cat,320.0,24,0.0,0.0,320.0,0,2,73,3,60.0,592,0.189,equal,1920.0,6,mild,0,2024
F2_thit,320.0,24,0.0,0.0,320.0,0,9,74,3,60.0,680,0.178,equal,1920.0,6,mild,0,2024
F3_set,320.0,24,0.0,0.0,320.0,0,4,75,3,60.0,758,0.167,equal,1920.0,6,mild,0,2024
F4_thit_soc,320.0,24,0.0,0.0,320.0,0,9,75,3,60.0,817,0.167,equal,1920.0,6,mild,0,2024
F5_set_camau,320.0,24,0.0,0.0,320.0,0,3,76,3,60.0,400,0.156,equal,1920.0,6,mild,0,2024
F6_cat_camau,320.0,24,0.0,0.0,320.0,0,2,73,3,60.0,402,0.189,equal,1920.0,6,mild,0,2024
F1_dat_cat,320.0,24,0.0,0.0,320.0,0,0,76,3,60.0,533,0.156,equal,1920.0,6,mild,1,2024
F2_thit,320.0,24,0.0,0.0,320.0,0,8,74,3,60.0,641,0.178,equal,1920.0,6,mild,1,2024
F3_set,320.0,24,0.0,0.0,320.0,0,5,76,4,80.0,779,0.156,equal,1920.0,6,mild,1,2024
F4_thit_soc,320.0,24,0.0,0.0,320.0,0,8,76,4,80.0,789,0.156,equal,1920.0,6,mild,1,2024
F5_set_camau,320.0,24,0.0,0.0,320.0,0,3,77,4,80.0,402,0.144,equal,1920.0,6,mild,1,2024
F6_cat_camau,320.0,24,0.0,0.0,320.0,0,1,75,4,80.0,327,0.167,equal,1920.0,6,mild,1,2024
F1_dat_cat,320.0,24,0.0,0.0,320.0,0,0,77,6,120.0,527,0.144,equal,1920.0,6,mild,2,2024
F2_thit,320.0,24,0.0,0.0,320.0,0,7,79,8,160.0,568,0.122,equal,1920.0,6,mild,2,2024
F3_set,320.0,24,0.0,0.0,320.0,0,1,78,8,160.0,614,0.133,equal,1920.0,6,mild,2,2024
F4_thit_soc,320.0,24,0.0,0.0,320.0,0,6,78,8,160.0,767,0.133,equal,1920.0,6,mild,2,2024
F5_set_camau,320.0,24,0.0,0.0,320.0,0,4,77,6,120.0,400,0.144,equal,1920.0,6,mild,2,2024
F6_cat_camau,320.0,24,0.0,0.0,320.0,0,0,78,8,160.0,265,0.133,equal,1920.0,6,mild,2,2024
F1_dat_cat,320.0,24,0.0,0.0,320.0,0,1,75,7,140.0,578,0.167,equal,1920.0,6,mild,3,2024
F2_thit,320.0,24,0.0,0.0,320.0,0,8,78,8,160.0,588,0.133,equal,1920.0,6,mild,3,2024
F3_set,320.0,24,0.0,0.0,320.0,0,4,77,6,120.0,712,0.144,equal,1920.0,6,mild,3,2024
F4_thit_soc,320.0,24,0.0,0.0,320.0,0,6,77,7,140.0,767,0.144,equal,1920.0,6,mild,3,2024
F5_set_camau,320.0,24,0.0,0.0,320.0,0,3,78,8,160.0,356,0.133,equal,1920.0,6,mild,3,2024
F6_cat_camau,320.0,24,0.0,0.0,320.0,0,0,79,8,160.0,244,0.122,equal,1920.0,6,mild,3,2024
F1_dat_cat,320.0,24,0.0,0.0,320.0,0,0,76,5,100.0,536,0.156,equal,1920.0,6,mild,4,2024
F2_thit,320.0,24,0.0,0.0,320.0,0,8,75,5,100.0,622,0.167,equal,1920.0,6,mild,4,2024
F3_set,320.0,24,0.0,0.0,320.0,0,0,78,5,100.0,660,0.133,equal,1920.0,6,mild,4,2024
F4_thit_soc,320.0,24,0.0,0.0,320.0,0,6,78,5,100.0,722,0.133,equal,1920.0,6,mild,4,2024
F5_set_camau,320.0,24,0.0,0.0,320.0,0,5,77,5,100.0,377,0.144,equal,1920.0,6,mild,4,2024
F6_cat_camau,320.0,24,0.0,0.0,320.0,0,1,73,5,100.0,396,0.189,equal,1920.0,6,mild,4,2024
F1_dat_cat,320.0,24,0.0,0.0,320.0,0,4,71,2,40.0,601,0.211,equal,1920.0,6,severe,0,2024
F2_thit,320.0,24,0.0,0.0,320.0,0,9,71,1,20.0,745,0.211,equal,1920.0,6,severe,0,2024
F3_set,320.0,24,0.0,0.0,320.0,0,6,70,3,60.0,848,0.222,equal,1920.0,6,severe,0,2024
F4_thit_soc,320.0,24,0.0,0.0,320.0,0,8,72,3,60.0,862,0.2,equal,1920.0,6,severe,0,2024
F5_set_camau,320.0,24,0.0,0.0,320.0,0,7,69,2,40.0,555,0.233,equal,1920.0,6,severe,0,2024
F6_cat_camau,320.0,24,0.0,0.0,320.0,0,4,72,3,60.0,493,0.2,equal,1920.0,6,severe,0,2024
F1_dat_cat,320.0,24,0.0,0.0,320.0,1,2,69,3,60.0,619,0.233,equal,1920.0,6,severe,1,2024
F2_thit,320.0,24,0.0,0.0,320.0,0,11,71,3,60.0,820,0.211,equal,1920.0,6,severe,1,2024
F3_set,320.0,24,0.0,0.0,320.0,0,2,73,3,60.0,765,0.189,equal,1920.0,6,severe,1,2024
F4_thit_soc,320.0,24,0.0,0.0,320.0,0,11,68,3,60.0,1020,0.244,equal,1920.0,6,severe,1,2024
F5_set_camau,320.0,24,0.0,0.0,320.0,0,5,71,3,60.0,715,0.211,equal,1920.0,6,severe,1,2024
F6_cat_camau,320.0,24,0.0,0.0,320.0,0,2,74,3,60.0,491,0.178,equal,1920.0,6,severe,1,2024
F1_dat_cat,320.0,24,0.0,0.0,320.0,0,3,74,5,100.0,619,0.178,equal,1920.0,6,severe,2,2024
F2_thit,320.0,24,0.0,0.0,320.0,0,10,75,4,80.0,645,0.167,equal,1920.0,6,severe,2,2024
F3_set,320.0,24,0.0,0.0,320.0,0,2,78,7,140.0,758,0.133,equal,1920.0,6,severe,2,2024
F4_thit_soc,320.0,24,0.0,0.0,320.0,0,9,73,3,60.0,811,0.189,equal,1920.0,6,severe,2,2024
F5_set_camau,320.0,24,0.0,0.0,320.0,0,5,75,4,80.0,678,0.167,equal,1920.0,6,severe,2,2024
F6_cat_camau,320.0,24,0.0,0.0,320.0,0,1,75,3,60.0,416,0.167,equal,1920.0,6,severe,2,2024
F1_dat_cat,320.0,24,0.0,0.0,320.0,1,1,73,5,100.0,588,0.189,equal,1920.0,6,severe,3,2024
F2_thit,320.0,24,0.4167,0.0,320.0,1,10,69,4,80.0,802,0.233,equal,1920.0,6,severe,3,2024
F3_set,320.0,24,0.0,0.0,320.0,1,3,73,6,120.0,844,0.189,equal,1920.0,6,severe,3,2024
F4_thit_soc,320.0,24,0.3241,0.0,320.0,1,5,69,6,120.0,601,0.233,equal,1920.0,6,severe,3,2024
F5_set_camau,320.0,24,0.0,0.0,320.0,1,3,71,7,140.0,451,0.211,equal,1920.0,6,severe,3,2024
F6_cat_camau,320.0,24,0.0,0.0,320.0,0,3,72,7,140.0,423,0.2,equal,1920.0,6,severe,3,2024
F1_dat_cat,320.0,24,0.0,0.0,320.0,0,4,74,4,80.0,534,0.178,equal,1920.0,6,severe,4,2024
F2_thit,320.0,24,0.0,0.0,320.0,0,10,71,4,80.0,703,0.211,equal,1920.0,6,severe,4,2024
F3_set,320.0,24,0.0,0.0,320.0,0,5,73,5,100.0,785,0.189,equal,1920.0,6,severe,4,2024
F4_thit_soc,320.0,24,0.0,0.0,320.0,0,10,72,4,80.0,858,0.2,equal,1920.0,6,severe,4,2024
F5_set_camau,320.0,24,0.0,0.0,320.0,0,4,73,2,40.0,437,0.189,equal,1920.0,6,severe,4,2024
F6_cat_camau,320.0,24,0.0,0.0,320.0,0,2,76,5,100.0,323,0.156,equal,1920.0,6,severe,4,2024
F1_dat_cat,320.0,48,0.0,0.0,320.0,0,8,32,3,60.0,661,0.144,equal,1920.0,3,mild,0,2024
F2_thit,320.0,48,0.0,0.0,320.0,0,12,32,3,60.0,722,0.144,equal,1920.0,3,mild,0,2024
F3_set,320.0,48,0.0,0.0,320.0,0,6,32,3,60.0,758,0.144,equal,1920.0,3,mild,0,2024
F4_thit_soc,320.0,48,0.0,0.0,320.0,0,8,32,3,60.0,825,0.144,equal,1920.0,3,mild,0,2024
F5_set_camau,320.0,48,0.0,0.0,320.0,0,10,29,3,60.0,657,0.178,equal,1920.0,3,mild,0,2024
F6_cat_camau,320.0,48,0.0,0.0,320.0,0,5,29,3,60.0,577,0.178,equal,1920.0,3,mild,0,2024
F1_dat_cat,320.0,48,0.0,0.0,320.0,0,7,32,4,80.0,629,0.144,equal,1920.0,3,mild,1,2024
F2_thit,320.0,48,0.0,0.0,320.0,0,11,31,4,80.0,724,0.156,equal,1920.0,3,mild,1,2024
F3_set,320.0,48,0.0,0.0,320.0,0,9,32,4,80.0,824,0.144,equal,1920.0,3,mild,1,2024
F4_thit_soc,320.0,48,0.0,0.0,320.0,1,12,30,4,80.0,680,0.167,equal,1920.0,3,mild,1,2024
F5_set_camau,320.0,48,0.0,0.0,300.0,0,7,30,3,60.0,759,0.167,equal,1920.0,3,mild,1,2024
F6_cat_camau,320.0,48,0.0,0.0,300.0,0,3,30,3,60.0,703,0.167,equal,1920.0,3,mild,1,2024
F1_dat_cat,320.0,48,0.0,0.0,320.0,0,5,33,6,120.0,559,0.133,equal,1920.0,3,mild,2,2024
F2_thit,320.0,48,0.0,0.0,320.0,0,8,33,6,120.0,639,0.133,equal,1920.0,3,mild,2,2024
F3_set,320.0,48,0.0,0.0,320.0,0,7,33,6,120.0,771,0.133,equal,1920.0,3,mild,2,2024
F4_thit_soc,320.0,48,0.0,0.0,320.0,0,11,33,6,120.0,763,0.133,equal,1920.0,3,mild,2,2024
F5_set_camau,320.0,48,0.0,0.0,320.0,0,6,33,7,140.0,390,0.133,equal,1920.0,3,mild,2,2024
F6_cat_camau,320.0,48,0.0,0.0,320.0,0,5,33,7,140.0,453,0.133,equal,1920.0,3,mild,2,2024
F1_dat_cat,320.0,48,0.0,0.0,320.0,0,7,31,8,160.0,627,0.156,equal,1920.0,3,mild,3,2024
F2_thit,320.0,48,0.0,0.0,320.0,0,11,32,8,160.0,747,0.144,equal,1920.0,3,mild,3,2024
F3_set,320.0,48,0.0,0.0,320.0,0,8,32,8,160.0,768,0.144,equal,1920.0,3,mild,3,2024
F4_thit_soc,320.0,48,0.0,0.0,320.0,0,9,32,8,160.0,762,0.144,equal,1920.0,3,mild,3,2024
F5_set_camau,320.0,48,0.0,0.0,320.0,0,10,33,8,160.0,554,0.133,equal,1920.0,3,mild,3,2024
F6_cat_camau,320.0,48,0.0,0.0,320.0,0,4,33,8,160.0,453,0.133,equal,1920.0,3,mild,3,2024
F1_dat_cat,320.0,48,0.0,0.0,320.0,0,6,32,4,80.0,591,0.144,equal,1920.0,3,mild,4,2024
F2_thit,320.0,48,0.0,0.0,320.0,0,10,31,4,80.0,753,0.156,equal,1920.0,3,mild,4,2024
F3_set,320.0,48,0.0,0.0,320.0,0,5,33,5,100.0,776,0.133,equal,1920.0,3,mild,4,2024
F4_thit_soc,320.0,48,0.0,0.0,320.0,0,10,33,5,100.0,825,0.133,equal,1920.0,3,mild,4,2024
F5_set_camau,320.0,48,0.0,0.0,320.0,0,8,31,5,100.0,547,0.156,equal,1920.0,3,mild,4,2024
F6_cat_camau,320.0,48,0.0,0.0,320.0,0,3,31,5,100.0,455,0.156,equal,1920.0,3,mild,4,2024
F1_dat_cat,320.0,48,1.4815,0.0,300.0,3,4,25,2,40.0,830,0.222,equal,1920.0,3,severe,0,2024
F2_thit,320.0,48,2.5926,0.0,280.0,3,8,24,1,20.0,999,0.233,equal,1920.0,3,severe,0,2024
F3_set,320.0,48,0.6019,0.0,300.0,3,7,25,2,40.0,879,0.222,equal,1920.0,3,severe,0,2024
F4_thit_soc,320.0,48,1.3426,0.0,280.0,3,10,25,0,0.0,1150,0.222,equal,1920.0,3,severe,0,2024
F5_set_camau,320.0,48,0.0,0.0,280.0,2,8,26,0,0.0,885,0.211,equal,1920.0,3,severe,0,2024
F6_cat_camau,320.0,48,0.0,0.0,300.0,1,5,26,3,60.0,705,0.211,equal,1920.0,3,severe,0,2024
F1_dat_cat,320.0,48,0.0,0.0,320.0,0,10,25,2,40.0,801,0.222,equal,1920.0,3,severe,1,2024
F2_thit,320.0,48,0.0,0.0,320.0,3,8,28,3,60.0,876,0.189,equal,1920.0,3,severe,1,2024
F3_set,320.0,48,0.0,0.0,320.0,1,11,29,3,60.0,841,0.178,equal,1920.0,3,severe,1,2024
F4_thit_soc,320.0,48,0.0,0.0,320.0,1,13,29,3,60.0,989,0.178,equal,1920.0,3,severe,1,2024
F5_set_camau,320.0,48,0.0,0.0,320.0,0,9,30,3,60.0,607,0.167,equal,1920.0,3,severe,1,2024
F6_cat_camau,320.0,48,0.0,0.0,320.0,0,4,31,3,60.0,502,0.156,equal,1920.0,3,severe,1,2024
F1_dat_cat,320.0,48,0.0,0.0,320.0,0,7,31,6,120.0,676,0.156,equal,1920.0,3,severe,2,2024
F2_thit,320.0,48,0.0,0.0,320.0,1,9,31,6,120.0,874,0.156,equal,1920.0,3,severe,2,2024
F3_set,320.0,48,0.0,0.0,320.0,0,9,31,5,100.0,883,0.156,equal,1920.0,3,severe,2,2024
F4_thit_soc,320.0,48,0.0,0.0,320.0,0,11,31,5,100.0,958,0.156,equal,1920.0,3,severe,2,2024
F5_set_camau,320.0,48,0.0,0.0,320.0,0,6,32,5,100.0,623,0.144,equal,1920.0,3,severe,2,2024
F6_cat_camau,320.0,48,0.0,0.0,320.0,0,4,31,4,80.0,529,0.156,equal,1920.0,3,severe,2,2024
F1_dat_cat,320.0,48,0.0,0.0,320.0,1,3,34,6,120.0,526,0.122,equal,1920.0,3,severe,3,2024
F2_thit,320.0,48,1.5278,0.0,320.0,2,7,30,6,120.0,741,0.167,equal,1920.0,3,severe,3,2024
F3_set,320.0,48,0.0,0.0,320.0,2,5,32,6,120.0,736,0.144,equal,1920.0,3,severe,3,2024
F4_thit_soc,320.0,48,1.4352,0.0,320.0,2,6,32,6,120.0,776,0.144,equal,1920.0,3,severe,3,2024
F5_set_camau,320.0,48,0.0,0.0,320.0,1,3,32,6,120.0,414,0.144,equal,1920.0,3,severe,3,2024
F6_cat_camau,320.0,48,0.0,0.0,300.0,1,4,32,6,120.0,536,0.144,equal,1920.0,3,severe,3,2024
F1_dat_cat,320.0,48,0.0,0.0,320.0,0,9,27,3,60.0,743,0.2,equal,1920.0,3,severe,4,2024
F2_thit,320.0,48,0.0,0.0,320.0,0,11,28,3,60.0,765,0.189,equal,1920.0,3,severe,4,2024
F3_set,320.0,48,0.0,0.0,320.0,1,7,30,3,60.0,698,0.167,equal,1920.0,3,severe,4,2024
F4_thit_soc,320.0,48,0.0,0.0,320.0,0,11,30,3,60.0,734,0.167,equal,1920.0,3,severe,4,2024
F5_set_camau,320.0,48,0.0,0.0,320.0,0,10,32,4,80.0,560,0.144,equal,1920.0,3,severe,4,2024
F6_cat_camau,320.0,48,0.0,0.0,300.0,0,6,28,4,80.0,649,0.189,equal,1920.0,3,severe,4,2024
F1_dat_cat,320.0,72,0.0,0.0,320.0,0,8,15,3,60.0,678,0.167,equal,1920.0,2,mild,0,2024
F2_thit,320.0,72,0.0,0.0,320.0,1,10,15,3,60.0,752,0.167,equal,1920.0,2,mild,0,2024
F3_set,320.0,72,0.0,0.0,320.0,1,8,15,3,60.0,708,0.167,equal,1920.0,2,mild,0,2024
F4_thit_soc,320.0,72,0.0,0.0,300.0,1,10,15,3,60.0,951,0.167,equal,1920.0,2,mild,0,2024
F5_set_camau,320.0,72,0.0,0.0,300.0,1,9,16,3,60.0,743,0.156,equal,1920.0,2,mild,0,2024
F6_cat_camau,320.0,72,0.0,0.0,300.0,0,7,16,3,60.0,676,0.156,equal,1920.0,2,mild,0,2024
F1_dat_cat,320.0,72,0.0,0.0,320.0,0,6,17,4,80.0,633,0.144,equal,1920.0,2,mild,1,2024
F2_thit,320.0,72,0.0,0.0,320.0,0,8,17,4,80.0,731,0.144,equal,1920.0,2,mild,1,2024
F3_set,320.0,72,0.0,0.0,320.0,0,10,16,4,80.0,674,0.156,equal,1920.0,2,mild,1,2024
F4_thit_soc,320.0,72,0.0,0.0,320.0,0,10,16,4,80.0,715,0.156,equal,1920.0,2,mild,1,2024
F5_set_camau,320.0,72,0.0,0.0,300.0,0,8,17,3,60.0,796,0.144,equal,1920.0,2,mild,1,2024
F6_cat_camau,320.0,72,0.0,0.0,300.0,0,6,17,3,60.0,645,0.144,equal,1920.0,2,mild,1,2024
F1_dat_cat,320.0,72,0.0,0.0,320.0,0,6,17,6,120.0,620,0.144,equal,1920.0,2,mild,2,2024
F2_thit,320.0,72,0.0,0.0,320.0,1,9,18,7,140.0,679,0.133,equal,1920.0,2,mild,2,2024
F3_set,320.0,72,0.0,0.0,320.0,0,8,18,7,140.0,670,0.133,equal,1920.0,2,mild,2,2024
F4_thit_soc,320.0,72,0.0,0.0,320.0,0,9,18,7,140.0,632,0.133,equal,1920.0,2,mild,2,2024
F5_set_camau,320.0,72,0.0,0.0,320.0,0,7,18,8,160.0,563,0.133,equal,1920.0,2,mild,2,2024
F6_cat_camau,320.0,72,0.0,0.0,320.0,1,3,19,8,180.0,472,0.122,equal,1920.0,2,mild,2,2024
F1_dat_cat,320.0,72,0.0,0.0,320.0,0,7,18,7,140.0,615,0.133,equal,1920.0,2,mild,3,2024
F2_thit,320.0,72,0.0,0.0,320.0,1,9,16,7,140.0,721,0.156,equal,1920.0,2,mild,3,2024
F3_set,320.0,72,0.0,0.0,320.0,2,8,17,7,140.0,923,0.144,equal,1920.0,2,mild,3,2024
F4_thit_soc,320.0,72,0.0,0.0,320.0,0,8,18,7,140.0,631,0.133,equal,1920.0,2,mild,3,2024
F5_set_camau,320.0,72,0.0,0.0,280.0,2,6,17,5,100.0,889,0.144,equal,1920.0,2,mild,3,2024
F6_cat_camau,320.0,72,0.0,0.0,320.0,2,4,18,6,140.0,647,0.133,equal,1920.0,2,mild,3,2024
F1_dat_cat,320.0,72,0.0,0.0,320.0,1,6,16,5,100.0,611,0.156,equal,1920.0,2,mild,4,2024
F2_thit,320.0,72,0.0,0.0,320.0,1,10,16,5,100.0,722,0.156,equal,1920.0,2,mild,4,2024
F3_set,320.0,72,0.0,0.0,320.0,0,9,16,5,100.0,692,0.156,equal,1920.0,2,mild,4,2024
F4_thit_soc,320.0,72,0.0,0.0,320.0,1,9,16,5,100.0,703,0.156,equal,1920.0,2,mild,4,2024
F5_set_camau,320.0,72,0.0,0.0,300.0,0,7,17,5,100.0,686,0.144,equal,1920.0,2,mild,4,2024
F6_cat_camau,320.0,72,0.0,0.0,300.0,0,6,18,5,100.0,660,0.133,equal,1920.0,2,mild,4,2024
F1_dat_cat,320.0,72,0.0,0.0,300.0,3,0,13,2,40.0,777,0.189,equal,1920.0,2,severe,0,2024
F2_thit,320.0,72,3.4259,0.0,280.0,3,5,13,1,20.0,927,0.189,equal,1920.0,2,severe,0,2024
F3_set,320.0,72,1.4815,0.0,260.0,3,3,13,1,20.0,1170,0.189,equal,1920.0,2,severe,0,2024
F4_thit_soc,320.0,72,3.75,0.0,280.0,3,5,14,2,40.0,994,0.178,equal,1920.0,2,severe,0,2024
F5_set_camau,320.0,72,0.0,0.0,280.0,3,5,14,2,40.0,952,0.178,equal,1920.0,2,severe,0,2024
F6_cat_camau,320.0,72,0.0,0.0,260.0,3,3,15,1,20.0,1013,0.167,equal,1920.0,2,severe,0,2024
F1_dat_cat,320.0,72,0.0,0.0,300.0,4,3,14,1,20.0,827,0.178,equal,1920.0,2,severe,1,2024
F2_thit,320.0,72,3.287,0.0,300.0,2,8,13,1,20.0,898,0.189,equal,1920.0,2,severe,1,2024
F3_set,320.0,72,1.5278,0.0,280.0,3,6,13,1,20.0,962,0.189,equal,1920.0,2,severe,1,2024
F4_thit_soc,320.0,72,1.8519,0.0,260.0,3,6,12,1,20.0,1287,0.2,equal,1920.0,2,severe,1,2024
F5_set_camau,320.0,72,0.0,0.0,280.0,3,4,16,1,20.0,865,0.156,equal,1920.0,2,severe,1,2024
F6_cat_camau,320.0,72,0.0,0.0,280.0,3,3,15,1,20.0,799,0.167,equal,1920.0,2,severe,1,2024
F1_dat_cat,320.0,72,0.0,0.0,320.0,1,4,16,6,120.0,819,0.156,equal,1920.0,2,severe,2,2024
F2_thit,320.0,72,0.0,0.0,320.0,2,10,15,3,60.0,821,0.167,equal,1920.0,2,severe,2,2024
F3_set,320.0,72,0.0,0.0,320.0,3,7,16,5,100.0,855,0.156,equal,1920.0,2,severe,2,2024
F4_thit_soc,320.0,72,0.0,0.0,320.0,3,7,16,6,120.0,870,0.156,equal,1920.0,2,severe,2,2024
F5_set_camau,320.0,72,0.0,0.0,320.0,2,7,16,6,120.0,762,0.156,equal,1920.0,2,severe,2,2024
F6_cat_camau,320.0,72,0.0,0.0,320.0,1,6,16,5,100.0,670,0.156,equal,1920.0,2,severe,2,2024
F1_dat_cat,320.0,72,0.0,0.0,320.0,2,4,16,5,100.0,714,0.156,equal,1920.0,2,severe,3,2024
F2_thit,320.0,72,4.3056,0.0,300.0,2,4,17,5,100.0,822,0.144,equal,1920.0,2,severe,3,2024
F3_set,320.0,72,0.0,0.0,320.0,3,5,16,5,100.0,971,0.156,equal,1920.0,2,severe,3,2024
F4_thit_soc,320.0,72,3.1481,0.0,300.0,2,5,17,5,100.0,878,0.144,equal,1920.0,2,severe,3,2024
F5_set_camau,320.0,72,0.0,0.0,300.0,2,6,17,6,120.0,778,0.144,equal,1920.0,2,severe,3,2024
F6_cat_camau,320.0,72,0.0,0.0,300.0,2,0,18,5,100.0,580,0.133,equal,1920.0,2,severe,3,2024
F1_dat_cat,320.0,72,0.0,0.0,320.0,1,5,17,3,80.0,656,0.144,equal,1920.0,2,severe,4,2024
F2_thit,320.0,72,1.713,0.0,320.0,2,9,16,3,80.0,852,0.156,equal,1920.0,2,severe,4,2024
F3_set,320.0,72,0.0,0.0,320.0,1,8,16,3,80.0,710,0.156,equal,1920.0,2,severe,4,2024
F4_thit_soc,320.0,72,0.6019,0.0,320.0,1,9,16,3,80.0,782,0.156,equal,1920.0,2,severe,4,2024
F5_set_camau,320.0,72,1.713,0.0,280.0,3,5,18,2,60.0,798,0.133,equal,1920.0,2,severe,4,2024
F6_cat_camau,320.0,72,0.0,0.0,320.0,3,2,17,3,60.0,710,0.144,equal,1920.0,2,severe,4,2024
F1_dat_cat,inf,24,0.0,0.0,340.0,0,2,72,3,60.0,450,0.2,equal,inf,6,mild,0,2024
F2_thit,inf,24,0.0,0.0,380.0,0,10,72,4,80.0,532,0.2,equal,inf,6,mild,0,2024
F3_set,inf,24,0.0,0.0,340.0,0,5,74,3,60.0,434,0.178,equal,inf,6,mild,0,2024
F4_thit_soc,inf,24,0.0,0.0,340.0,0,10,74,3,60.0,493,0.178,equal,inf,6,mild,0,2024
F5_set_camau,inf,24,0.0,0.0,320.0,0,3,76,3,60.0,400,0.156,equal,inf,6,mild,0,2024
F6_cat_camau,inf,24,0.0,0.0,320.0,0,2,73,3,60.0,402,0.189,equal,inf,6,mild,0,2024
F1_dat_cat,inf,24,0.0,0.0,360.0,0,0,74,3,60.0,326,0.178,equal,inf,6,mild,1,2024
F2_thit,inf,24,0.0,0.0,360.0,0,8,72,3,60.0,469,0.2,equal,inf,6,mild,1,2024
F3_set,inf,24,0.0,0.0,340.0,0,5,75,4,80.0,455,0.167,equal,inf,6,mild,1,2024
F4_thit_soc,inf,24,0.0,0.0,340.0,0,9,75,4,80.0,465,0.167,equal,inf,6,mild,1,2024
F5_set_camau,inf,24,0.0,0.0,320.0,0,3,77,4,80.0,402,0.144,equal,inf,6,mild,1,2024
F6_cat_camau,inf,24,0.0,0.0,320.0,0,1,75,4,80.0,327,0.167,equal,inf,6,mild,1,2024
F1_dat_cat,inf,24,0.0,0.0,360.0,0,0,75,6,120.0,321,0.167,equal,inf,6,mild,2,2024
F2_thit,inf,24,0.0,0.0,360.0,0,9,77,8,160.0,387,0.144,equal,inf,6,mild,2,2024
F3_set,inf,24,0.0,0.0,340.0,0,1,77,8,160.0,330,0.144,equal,inf,6,mild,2,2024
F4_thit_soc,inf,24,0.0,0.0,340.0,0,6,77,8,160.0,449,0.144,equal,inf,6,mild,2,2024
F5_set_camau,inf,24,0.0,0.0,320.0,0,4,77,6,120.0,400,0.144,equal,inf,6,mild,2,2024
F6_cat_camau,inf,24,0.0,0.0,320.0,0,0,78,8,160.0,265,0.133,equal,inf,6,mild,2,2024
F1_dat_cat,inf,24,0.0,0.0,360.0,0,2,72,8,160.0,436,0.2,equal,inf,6,mild,3,2024
F2_thit,inf,24,0.0,0.0,360.0,0,9,77,9,180.0,377,0.144,equal,inf,6,mild,3,2024
F3_set,inf,24,0.0,0.0,360.0,0,5,76,7,140.0,388,0.156,equal,inf,6,mild,3,2024
F4_thit_soc,inf,24,0.0,0.0,360.0,0,7,75,8,160.0,443,0.167,equal,inf,6,mild,3,2024
F5_set_camau,inf,24,0.0,0.0,320.0,0,3,78,8,160.0,356,0.133,equal,inf,6,mild,3,2024
F6_cat_camau,inf,24,0.0,0.0,320.0,0,0,79,8,160.0,244,0.122,equal,inf,6,mild,3,2024
F1_dat_cat,inf,24,0.0,0.0,360.0,0,0,75,6,120.0,319,0.167,equal,inf,6,mild,4,2024
F2_thit,inf,24,0.0,0.0,360.0,0,8,74,6,120.0,436,0.178,equal,inf,6,mild,4,2024
F3_set,inf,24,0.0,0.0,360.0,0,0,77,6,120.0,312,0.144,equal,inf,6,mild,4,2024
F4_thit_soc,inf,24,0.0,0.0,360.0,0,7,77,6,120.0,374,0.144,equal,inf,6,mild,4,2024
F5_set_camau,inf,24,0.0,0.0,320.0,0,5,77,5,100.0,377,0.144,equal,inf,6,mild,4,2024
F6_cat_camau,inf,24,0.0,0.0,320.0,0,1,73,5,100.0,396,0.189,equal,inf,6,mild,4,2024
F1_dat_cat,inf,24,0.0,0.0,340.0,0,4,70,2,40.0,472,0.222,equal,inf,6,severe,0,2024
F2_thit,inf,24,0.0,0.0,340.0,0,10,70,1,20.0,618,0.222,equal,inf,6,severe,0,2024
F3_set,inf,24,0.0,0.0,340.0,0,6,69,3,60.0,574,0.233,equal,inf,6,severe,0,2024
F4_thit_soc,inf,24,0.0,0.0,340.0,0,9,71,3,60.0,584,0.211,equal,inf,6,severe,0,2024
F5_set_camau,inf,24,0.0,0.0,320.0,0,7,69,2,40.0,555,0.233,equal,inf,6,severe,0,2024
F6_cat_camau,inf,24,0.0,0.0,320.0,0,4,72,3,60.0,493,0.2,equal,inf,6,severe,0,2024
F1_dat_cat,inf,24,0.0,0.0,340.0,1,2,68,3,60.0,487,0.244,equal,inf,6,severe,1,2024
F2_thit,inf,24,0.0,0.0,360.0,0,13,67,3,60.0,666,0.256,equal,inf,6,severe,1,2024
F3_set,inf,24,0.0,0.0,340.0,0,2,72,3,60.0,443,0.2,equal,inf,6,severe,1,2024
F4_thit_soc,inf,24,0.0,0.0,340.0,0,11,67,3,60.0,698,0.256,equal,inf,6,severe,1,2024
F5_set_camau,inf,24,0.0,0.0,340.0,0,5,70,3,60.0,529,0.222,equal,inf,6,severe,1,2024
F6_cat_camau,inf,24,0.0,0.0,320.0,0,2,74,3,60.0,491,0.178,equal,inf,6,severe,1,2024
F1_dat_cat,inf,24,0.0,0.0,360.0,0,3,72,5,100.0,425,0.2,equal,inf,6,severe,2,2024
F2_thit,inf,24,0.0,0.0,360.0,0,10,73,4,80.0,480,0.189,equal,inf,6,severe,2,2024
F3_set,inf,24,0.0,0.0,380.0,0,3,75,7,140.0,363,0.167,equal,inf,6,severe,2,2024
F4_thit_soc,inf,24,0.0,0.0,340.0,0,9,72,3,60.0,510,0.2,equal,inf,6,severe,2,2024
F5_set_camau,inf,24,0.0,0.0,340.0,0,5,74,4,80.0,449,0.178,equal,inf,6,severe,2,2024
F6_cat_camau,inf,24,0.0,0.0,320.0,0,1,75,3,60.0,416,0.167,equal,inf,6,severe,2,2024
F1_dat_cat,inf,24,0.0,0.0,340.0,1,1,73,6,120.0,426,0.189,equal,inf,6,severe,3,2024
F2_thit,inf,24,0.4167,0.0,340.0,1,10,69,5,100.0,654,0.233,equal,inf,6,severe,3,2024
F3_set,inf,24,0.0,0.0,340.0,1,4,72,7,140.0,520,0.2,equal,inf,6,severe,3,2024
F4_thit_soc,inf,24,0.3241,0.0,320.0,1,5,69,6,120.0,601,0.233,equal,inf,6,severe,3,2024
F5_set_camau,inf,24,0.0,0.0,320.0,1,3,71,7,140.0,451,0.211,equal,inf,6,severe,3,2024
F6_cat_camau,inf,24,0.0,0.0,320.0,0,3,72,7,140.0,423,0.2,equal,inf,6,severe,3,2024
F1_dat_cat,inf,24,0.0,0.0,360.0,0,4,73,5,100.0,372,0.189,equal,inf,6,severe,4,2024
F2_thit,inf,24,0.0,0.0,360.0,0,11,70,5,100.0,578,0.222,equal,inf,6,severe,4,2024
F3_set,inf,24,0.0,0.0,360.0,0,5,72,6,120.0,479,0.2,equal,inf,6,severe,4,2024
F4_thit_soc,inf,24,0.0,0.0,360.0,0,11,71,5,100.0,581,0.211,equal,inf,6,severe,4,2024
F5_set_camau,inf,24,0.0,0.0,320.0,0,4,73,2,40.0,437,0.189,equal,inf,6,severe,4,2024
F6_cat_camau,inf,24,0.0,0.0,320.0,0,2,76,5,100.0,323,0.156,equal,inf,6,severe,4,2024
F1_dat_cat,inf,48,0.0,0.0,340.0,0,9,30,3,60.0,587,0.167,equal,inf,3,mild,0,2024
F2_thit,inf,48,0.0,0.0,340.0,0,13,31,3,60.0,672,0.156,equal,inf,3,mild,0,2024
F3_set,inf,48,0.0,0.0,340.0,0,7,31,3,60.0,476,0.156,equal,inf,3,mild,0,2024
F4_thit_soc,inf,48,0.0,0.0,340.0,0,8,31,3,60.0,551,0.156,equal,inf,3,mild,0,2024
F5_set_camau,inf,48,0.0,0.0,320.0,0,10,29,3,60.0,657,0.178,equal,inf,3,mild,0,2024
F6_cat_camau,inf,48,0.0,0.0,320.0,0,5,29,3,60.0,577,0.178,equal,inf,3,mild,0,2024
F1_dat_cat,inf,48,0.0,0.0,340.0,0,7,31,4,80.0,497,0.156,equal,inf,3,mild,1,2024
F2_thit,inf,48,0.0,0.0,340.0,0,11,30,4,80.0,621,0.167,equal,inf,3,mild,1,2024
F3_set,inf,48,0.0,0.0,340.0,1,9,30,4,80.0,764,0.167,equal,inf,3,mild,1,2024
F4_thit_soc,inf,48,0.0,0.0,320.0,1,12,30,4,80.0,680,0.167,equal,inf,3,mild,1,2024
F5_set_camau,inf,48,0.0,0.0,300.0,0,7,30,3,60.0,759,0.167,equal,inf,3,mild,1,2024
F6_cat_camau,inf,48,0.0,0.0,300.0,0,3,30,3,60.0,703,0.167,equal,inf,3,mild,1,2024
F1_dat_cat,inf,48,0.0,0.0,340.0,0,6,32,6,120.0,434,0.144,equal,inf,3,mild,2,2024
F2_thit,inf,48,0.0,0.0,340.0,0,9,32,6,120.0,531,0.144,equal,inf,3,mild,2,2024
F3_set,inf,48,0.0,0.0,340.0,0,7,32,6,120.0,496,0.144,equal,inf,3,mild,2,2024
F4_thit_soc,inf,48,0.0,0.0,320.0,0,11,33,6,120.0,763,0.133,equal,inf,3,mild,2,2024
F5_set_camau,inf,48,0.0,0.0,320.0,0,6,33,7,140.0,390,0.133,equal,inf,3,mild,2,2024
F6_cat_camau,inf,48,0.0,0.0,320.0,0,5,33,7,140.0,453,0.133,equal,inf,3,mild,2,2024
F1_dat_cat,inf,48,0.0,0.0,360.0,0,8,29,9,180.0,564,0.178,equal,inf,3,mild,3,2024
F2_thit,inf,48,0.0,0.0,360.0,0,12,30,9,180.0,676,0.167,equal,inf,3,mild,3,2024
F3_set,inf,48,0.0,0.0,360.0,0,8,31,9,180.0,519,0.156,equal,inf,3,mild,3,2024
F4_thit_soc,inf,48,0.0,0.0,320.0,0,9,32,8,160.0,762,0.144,equal,inf,3,mild,3,2024
F5_set_camau,inf,48,0.0,0.0,320.0,0,10,33,8,160.0,554,0.133,equal,inf,3,mild,3,2024
F6_cat_camau,inf,48,0.0,0.0,320.0,0,4,33,8,160.0,453,0.133,equal,inf,3,mild,3,2024
F1_dat_cat,inf,48,0.0,0.0,360.0,0,6,31,5,100.0,453,0.156,equal,inf,3,mild,4,2024
F2_thit,inf,48,0.0,0.0,360.0,0,10,30,5,100.0,634,0.167,equal,inf,3,mild,4,2024
F3_set,inf,48,0.0,0.0,360.0,0,5,32,6,120.0,495,0.144,equal,inf,3,mild,4,2024
F4_thit_soc,inf,48,0.0,0.0,360.0,0,11,32,6,120.0,545,0.144,equal,inf,3,mild,4,2024
F5_set_camau,inf,48,0.0,0.0,320.0,0,8,31,5,100.0,547,0.156,equal,inf,3,mild,4,2024
F6_cat_camau,inf,48,0.0,0.0,320.0,0,3,31,5,100.0,455,0.156,equal,inf,3,mild,4,2024
F1_dat_cat,inf,48,1.4815,0.0,300.0,3,4,25,2,40.0,830,0.222,equal,inf,3,severe,0,2024
F2_thit,inf,48,2.5926,0.0,280.0,3,8,24,1,20.0,999,0.233,equal,inf,3,severe,0,2024
F3_set,inf,48,0.6019,0.0,300.0,3,7,25,2,40.0,879,0.222,equal,inf,3,severe,0,2024
F4_thit_soc,inf,48,1.3426,0.0,280.0,3,10,25,0,0.0,1150,0.222,equal,inf,3,severe,0,2024
F5_set_camau,inf,48,0.0,0.0,280.0,2,8,26,0,0.0,885,0.211,equal,inf,3,severe,0,2024
F6_cat_camau,inf,48,0.0,0.0,300.0,1,5,26,3,60.0,705,0.211,equal,inf,3,severe,0,2024
F1_dat_cat,inf,48,0.0,0.0,340.0,0,10,24,2,40.0,787,0.233,equal,inf,3,severe,1,2024
F2_thit,inf,48,0.0,0.0,340.0,3,9,27,3,60.0,843,0.2,equal,inf,3,severe,1,2024
F3_set,inf,48,0.0,0.0,320.0,1,11,29,3,60.0,841,0.178,equal,inf,3,severe,1,2024
F4_thit_soc,inf,48,0.0,0.0,320.0,1,13,29,3,60.0,989,0.178,equal,inf,3,severe,1,2024
F5_set_camau,inf,48,0.0,0.0,320.0,0,9,30,3,60.0,607,0.167,equal,inf,3,severe,1,2024
F6_cat_camau,inf,48,0.0,0.0,320.0,0,4,31,3,60.0,502,0.156,equal,inf,3,severe,1,2024
F1_dat_cat,inf,48,0.0,0.0,340.0,0,7,30,6,120.0,558,0.167,equal,inf,3,severe,2,2024
F2_thit,inf,48,0.0,0.0,360.0,1,11,29,6,120.0,720,0.178,equal,inf,3,severe,2,2024
F3_set,inf,48,0.0,0.0,340.0,0,10,30,5,100.0,602,0.167,equal,inf,3,severe,2,2024
F4_thit_soc,inf,48,0.0,0.0,340.0,0,12,30,5,100.0,679,0.167,equal,inf,3,severe,2,2024
F5_set_camau,inf,48,0.0,0.0,320.0,0,6,32,5,100.0,623,0.144,equal,inf,3,severe,2,2024
F6_cat_camau,inf,48,0.0,0.0,320.0,0,4,31,4,80.0,529,0.156,equal,inf,3,severe,2,2024
F1_dat_cat,inf,48,0.0,0.0,340.0,1,3,33,7,140.0,404,0.133,equal,inf,3,severe,3,2024
F2_thit,inf,48,1.5278,0.0,320.0,2,7,30,6,120.0,741,0.167,equal,inf,3,severe,3,2024
F3_set,inf,48,0.0,0.0,320.0,2,5,32,6,120.0,736,0.144,equal,inf,3,severe,3,2024
F4_thit_soc,inf,48,1.4352,0.0,320.0,2,6,32,6,120.0,776,0.144,equal,inf,3,severe,3,2024
F5_set_camau,inf,48,0.0,0.0,320.0,1,3,32,6,120.0,414,0.144,equal,inf,3,severe,3,2024
F6_cat_camau,inf,48,0.0,0.0,300.0,1,4,32,6,120.0,536,0.144,equal,inf,3,severe,3,2024
F1_dat_cat,inf,48,0.0,0.0,320.0,0,9,27,3,60.0,743,0.2,equal,inf,3,severe,4,2024
F2_thit,inf,48,0.0,0.0,360.0,0,12,27,4,80.0,719,0.2,equal,inf,3,severe,4,2024
F3_set,inf,48,0.0,0.0,320.0,1,7,30,3,60.0,698,0.167,equal,inf,3,severe,4,2024
F4_thit_soc,inf,48,0.0,0.0,320.0,0,11,30,3,60.0,734,0.167,equal,inf,3,severe,4,2024
F5_set_camau,inf,48,0.0,0.0,320.0,0,10,32,4,80.0,560,0.144,equal,inf,3,severe,4,2024
F6_cat_camau,inf,48,0.0,0.0,300.0,0,6,28,4,80.0,649,0.189,equal,inf,3,severe,4,2024
F1_dat_cat,inf,72,0.0,0.0,340.0,0,8,14,3,60.0,620,0.178,equal,inf,2,mild,0,2024
F2_thit,inf,72,0.0,0.0,320.0,1,10,15,3,60.0,752,0.167,equal,inf,2,mild,0,2024
F3_set,inf,72,0.0,0.0,320.0,1,8,15,3,60.0,708,0.167,equal,inf,2,mild,0,2024
F4_thit_soc,inf,72,0.0,0.0,300.0,1,10,15,3,60.0,951,0.167,equal,inf,2,mild,0,2024
F5_set_camau,inf,72,0.0,0.0,300.0,1,9,16,3,60.0,743,0.156,equal,inf,2,mild,0,2024
F6_cat_camau,inf,72,0.0,0.0,300.0,0,7,16,3,60.0,676,0.156,equal,inf,2,mild,0,2024
F1_dat_cat,inf,72,0.0,0.0,340.0,0,6,16,4,80.0,563,0.156,equal,inf,2,mild,1,2024
F2_thit,inf,72,0.0,0.0,340.0,0,9,16,4,80.0,633,0.156,equal,inf,2,mild,1,2024
F3_set,inf,72,0.0,0.0,320.0,0,10,16,4,80.0,674,0.156,equal,inf,2,mild,1,2024
F4_thit_soc,inf,72,0.0,0.0,320.0,0,10,16,4,80.0,715,0.156,equal,inf,2,mild,1,2024
F5_set_camau,inf,72,0.0,0.0,300.0,0,8,17,3,60.0,796,0.144,equal,inf,2,mild,1,2024
F6_cat_camau,inf,72,0.0,0.0,300.0,0,6,17,3,60.0,645,0.144,equal,inf,2,mild,1,2024
F1_dat_cat,inf,72,0.0,0.0,340.0,0,6,16,6,120.0,552,0.156,equal,inf,2,mild,2,2024
F2_thit,inf,72,0.0,0.0,340.0,1,9,17,7,140.0,637,0.144,equal,inf,2,mild,2,2024
F3_set,inf,72,0.0,0.0,320.0,0,8,18,7,140.0,670,0.133,equal,inf,2,mild,2,2024
F4_thit_soc,inf,72,0.0,0.0,320.0,0,9,18,7,140.0,632,0.133,equal,inf,2,mild,2,2024
F5_set_camau,inf,72,0.0,0.0,320.0,0,7,18,8,160.0,563,0.133,equal,inf,2,mild,2,2024
F6_cat_camau,inf,72,0.0,0.0,320.0,1,3,19,8,180.0,472,0.122,equal,inf,2,mild,2,2024
F1_dat_cat,inf,72,0.0,0.0,320.0,0,7,18,7,140.0,615,0.133,equal,inf,2,mild,3,2024
F2_thit,inf,72,0.0,0.0,320.0,1,9,16,7,140.0,721,0.156,equal,inf,2,mild,3,2024
F3_set,inf,72,0.0,0.0,340.0,1,8,18,7,160.0,647,0.133,equal,inf,2,mild,3,2024
F4_thit_soc,inf,72,0.0,0.0,320.0,0,8,18,7,140.0,631,0.133,equal,inf,2,mild,3,2024
F5_set_camau,inf,72,0.0,0.0,280.0,2,6,17,5,100.0,889,0.144,equal,inf,2,mild,3,2024
F6_cat_camau,inf,72,0.0,0.0,320.0,2,4,18,6,140.0,647,0.133,equal,inf,2,mild,3,2024
F1_dat_cat,inf,72,0.0,0.0,360.0,1,6,15,6,120.0,568,0.167,equal,inf,2,mild,4,2024
F2_thit,inf,72,0.0,0.0,320.0,1,10,16,5,100.0,722,0.156,equal,inf,2,mild,4,2024
F3_set,inf,72,0.0,0.0,320.0,0,9,16,5,100.0,692,0.156,equal,inf,2,mild,4,2024
F4_thit_soc,inf,72,0.0,0.0,320.0,1,9,16,5,100.0,703,0.156,equal,inf,2,mild,4,2024
F5_set_camau,inf,72,0.0,0.0,300.0,0,7,17,5,100.0,686,0.144,equal,inf,2,mild,4,2024
F6_cat_camau,inf,72,0.0,0.0,300.0,0,6,18,5,100.0,660,0.133,equal,inf,2,mild,4,2024
F1_dat_cat,inf,72,0.0,0.0,300.0,3,0,13,2,40.0,777,0.189,equal,inf,2,severe,0,2024
F2_thit,inf,72,3.4259,0.0,280.0,3,5,13,1,20.0,927,0.189,equal,inf,2,severe,0,2024
F3_set,inf,72,1.4815,0.0,260.0,3,3,13,1,20.0,1170,0.189,equal,inf,2,severe,0,2024
F4_thit_soc,inf,72,3.75,0.0,280.0,3,5,14,2,40.0,994,0.178,equal,inf,2,severe,0,2024
F5_set_camau,inf,72,0.0,0.0,280.0,3,5,14,2,40.0,952,0.178,equal,inf,2,severe,0,2024
F6_cat_camau,inf,72,0.0,0.0,260.0,3,3,15,1,20.0,1013,0.167,equal,inf,2,severe,0,2024
F1_dat_cat,inf,72,0.0,0.0,300.0,4,3,14,1,20.0,827,0.178,equal,inf,2,severe,1,2024
F2_thit,inf,72,3.287,0.0,300.0,2,8,13,1,20.0,898,0.189,equal,inf,2,severe,1,2024
F3_set,inf,72,1.5278,0.0,280.0,3,6,13,1,20.0,962,0.189,equal,inf,2,severe,1,2024
F4_thit_soc,inf,72,1.8519,0.0,260.0,3,6,12,1,20.0,1287,0.2,equal,inf,2,severe,1,2024
F5_set_camau,inf,72,0.0,0.0,280.0,3,4,16,1,20.0,865,0.156,equal,inf,2,severe,1,2024
F6_cat_camau,inf,72,0.0,0.0,280.0,3,3,15,1,20.0,799,0.167,equal,inf,2,severe,1,2024
F1_dat_cat,inf,72,0.0,0.0,360.0,1,4,14,6,120.0,616,0.178,equal,inf,2,severe,2,2024
F2_thit,inf,72,0.0,0.0,320.0,2,10,15,3,60.0,821,0.167,equal,inf,2,severe,2,2024
F3_set,inf,72,0.0,0.0,320.0,3,7,16,5,100.0,855,0.156,equal,inf,2,severe,2,2024
F4_thit_soc,inf,72,0.0,0.0,320.0,3,7,16,6,120.0,870,0.156,equal,inf,2,severe,2,2024
F5_set_camau,inf,72,0.0,0.0,320.0,2,7,16,6,120.0,762,0.156,equal,inf,2,severe,2,2024
F6_cat_camau,inf,72,0.0,0.0,320.0,1,6,16,5,100.0,670,0.156,equal,inf,2,severe,2,2024
F1_dat_cat,inf,72,0.0,0.0,360.0,2,4,16,7,140.0,714,0.156,equal,inf,2,severe,3,2024
F2_thit,inf,72,4.3056,0.0,300.0,2,4,17,5,100.0,822,0.144,equal,inf,2,severe,3,2024
F3_set,inf,72,0.0,0.0,320.0,3,5,16,5,100.0,971,0.156,equal,inf,2,severe,3,2024
F4_thit_soc,inf,72,3.1481,0.0,300.0,2,5,17,5,100.0,878,0.144,equal,inf,2,severe,3,2024
F5_set_camau,inf,72,0.0,0.0,300.0,2,6,17,6,120.0,778,0.144,equal,inf,2,severe,3,2024
F6_cat_camau,inf,72,0.0,0.0,300.0,2,0,18,5,100.0,580,0.133,equal,inf,2,severe,3,2024
F1_dat_cat,inf,72,0.0,0.0,340.0,1,5,17,4,100.0,656,0.144,equal,inf,2,severe,4,2024
F2_thit,inf,72,1.713,0.0,340.0,2,9,16,4,100.0,850,0.156,equal,inf,2,severe,4,2024
F3_set,inf,72,0.0,0.0,340.0,1,8,16,4,100.0,710,0.156,equal,inf,2,severe,4,2024
F4_thit_soc,inf,72,0.6019,0.0,340.0,1,9,16,4,100.0,780,0.156,equal,inf,2,severe,4,2024
F5_set_camau,inf,72,1.713,0.0,280.0,3,5,18,2,60.0,798,0.133,equal,inf,2,severe,4,2024
F6_cat_camau,inf,72,0.0,0.0,320.0,3,2,17,3,60.0,710,0.144,equal,inf,2,severe,4,2024
F1_dat_cat,82.9360492567883,24,37.8704,0.0,80.0,0,1,85,0,0.0,1455,0.056,deficit,480.0,6,mild,0,2024
F2_thit,82.9360492567883,24,42.4537,0.0,80.0,0,2,86,0,0.0,1390,0.044,deficit,480.0,6,mild,0,2024
F3_set,80.09552196302589,24,40.1389,0.0,80.0,0,0,86,0,0.0,1439,0.044,deficit,480.0,6,mild,0,2024
F4_thit_soc,80.09552196302589,24,41.4815,0.0,80.0,0,2,86,0,0.0,1484,0.044,deficit,480.0,6,mild,0,2024
F5_set_camau,76.96842878018582,24,42.4537,0.0,60.0,0,1,87,0,0.0,1476,0.033,deficit,480.0,6,mild,0,2024
F6_cat_camau,76.96842878018582,24,37.0833,0.0,60.0,0,0,86,0,0.0,1525,0.044,deficit,480.0,6,mild,0,2024
F1_dat_cat,82.9360492567883,24,38.0093,0.0,80.0,0,0,87,1,20.0,1381,0.033,deficit,480.0,6,mild,1,2024
F2_thit,82.9360492567883,24,42.2685,0.0,80.0,0,3,85,1,20.0,1402,0.056,deficit,480.0,6,mild,1,2024
F3_set,80.09552196302589,24,40.0926,0.0,80.0,0,1,86,1,20.0,1446,0.044,deficit,480.0,6,mild,1,2024
F4_thit_soc,80.09552196302589,24,41.2963,0.0,80.0,0,2,86,1,20.0,1466,0.044,deficit,480.0,6,mild,1,2024
F5_set_camau,76.96842878018582,24,42.4537,0.0,60.0,0,1,87,0,0.0,1476,0.033,deficit,480.0,6,mild,1,2024
F6_cat_camau,76.96842878018582,24,37.1759,0.0,60.0,0,0,87,0,0.0,1517,0.033,deficit,480.0,6,mild,1,2024
F1_dat_cat,82.9360492567883,24,37.963,0.0,80.0,0,0,86,1,20.0,1405,0.044,deficit,480.0,6,mild,2,2024
F2_thit,82.9360492567883,24,42.5463,0.0,80.0,0,2,87,2,40.0,1362,0.033,deficit,480.0,6,mild,2,2024
F3_set,80.09552196302589,24,40.1389,0.0,80.0,0,0,87,2,40.0,1407,0.033,deficit,480.0,6,mild,2,2024
F4_thit_soc,80.09552196302589,24,42.1296,0.0,80.0,0,2,87,2,40.0,1453,0.033,deficit,480.0,6,mild,2,2024
F5_set_camau,76.96842878018582,24,42.3611,0.0,60.0,0,2,86,0,0.0,1499,0.044,deficit,480.0,6,mild,2,2024
F6_cat_camau,76.96842878018582,24,37.2685,0.0,60.0,0,0,88,1,20.0,1484,0.022,deficit,480.0,6,mild,2,2024
F1_dat_cat,82.9360492567883,24,37.963,0.0,80.0,0,0,87,2,40.0,1403,0.033,deficit,480.0,6,mild,3,2024
F2_thit,82.9360492567883,24,42.5463,0.0,80.0,0,2,87,2,40.0,1362,0.033,deficit,480.0,6,mild,3,2024
F3_set,80.09552196302589,24,40.1389,0.0,80.0,0,0,87,2,40.0,1407,0.033,deficit,480.0,6,mild,3,2024
F4_thit_soc,80.09552196302589,24,42.1296,0.0,80.0,0,2,87,2,40.0,1453,0.033,deficit,480.0,6,mild,3,2024
F5_set_camau,76.96842878018582,24,42.4537,0.0,60.0,0,1,88,1,20.0,1463,0.022,deficit,480.0,6,mild,3,2024
F6_cat_camau,76.96842878018582,24,37.2685,0.0,60.0,0,0,88,1,20.0,1484,0.022,deficit,480.0,6,mild,3,2024
F1_dat_cat,82.9360492567883,24,37.963,0.0,80.0,0,0,86,1,20.0,1414,0.044,deficit,480.0,6,mild,4,2024
F2_thit,82.9360492567883,24,42.5926,0.0,80.0,0,2,87,1,20.0,1375,0.033,deficit,480.0,6,mild,4,2024
F3_set,80.09552196302589,24,40.1389,0.0,80.0,0,0,87,1,20.0,1426,0.033,deficit,480.0,6,mild,4,2024
F4_thit_soc,80.09552196302589,24,42.1759,0.0,80.0,0,1,87,1,20.0,1453,0.033,deficit,480.0,6,mild,4,2024
F5_set_camau,76.96842878018582,24,43.1481,0.0,60.0,0,0,88,1,20.0,1443,0.022,deficit,480.0,6,mild,4,2024
F6_cat_camau,76.96842878018582,24,37.1759,0.0,60.0,0,0,87,1,20.0,1517,0.033,deficit,480.0,6,mild,4,2024
F1_dat_cat,82.9360492567883,24,37.8704,0.0,80.0,0,1,85,0,0.0,1435,0.056,deficit,480.0,6,severe,0,2024
F2_thit,82.9360492567883,24,42.4537,0.0,80.0,0,2,86,0,0.0,1395,0.044,deficit,480.0,6,severe,0,2024
F3_set,80.09552196302589,24,40.1389,0.0,80.0,0,0,86,0,0.0,1444,0.044,deficit,480.0,6,severe,0,2024
F4_thit_soc,80.09552196302589,24,41.4815,0.0,80.0,0,2,86,0,0.0,1486,0.044,deficit,480.0,6,severe,0,2024
F5_set_camau,76.96842878018582,24,42.4537,0.0,60.0,0,1,87,0,0.0,1479,0.033,deficit,480.0,6,severe,0,2024
F6_cat_camau,76.96842878018582,24,36.9907,0.0,60.0,0,1,86,0,0.0,1526,0.044,deficit,480.0,6,severe,0,2024
F1_dat_cat,82.9360492567883,24,38.0093,0.0,80.0,0,0,87,1,20.0,1385,0.033,deficit,480.0,6,severe,1,2024
F2_thit,82.9360492567883,24,42.5,0.0,80.0,0,2,87,1,20.0,1379,0.033,deficit,480.0,6,severe,1,2024
F3_set,80.09552196302589,24,40.1389,0.0,80.0,0,0,87,1,20.0,1426,0.033,deficit,480.0,6,severe,1,2024
F4_thit_soc,80.09552196302589,24,41.3426,0.0,80.0,0,3,86,1,20.0,1479,0.044,deficit,480.0,6,severe,1,2024
F5_set_camau,76.96842878018582,24,42.4537,0.0,60.0,0,1,87,0,0.0,1477,0.033,deficit,480.0,6,severe,1,2024
F6_cat_camau,76.96842878018582,24,36.4815,0.0,60.0,0,1,86,0,0.0,1528,0.044,deficit,480.0,6,severe,1,2024
F1_dat_cat,82.9360492567883,24,39.1667,0.0,80.0,0,1,87,2,40.0,1418,0.033,deficit,480.0,6,severe,2,2024
F2_thit,82.9360492567883,24,42.4074,0.0,80.0,0,3,86,1,20.0,1388,0.044,deficit,480.0,6,severe,2,2024
F3_set,80.09552196302589,24,40.1389,0.0,80.0,0,0,87,1,20.0,1412,0.033,deficit,480.0,6,severe,2,2024
F4_thit_soc,80.09552196302589,24,42.1296,0.0,80.0,0,2,87,1,20.0,1459,0.033,deficit,480.0,6,severe,2,2024
F5_set_camau,76.96842878018582,24,42.4537,0.0,60.0,0,1,88,1,20.0,1463,0.022,deficit,480.0,6,severe,2,2024
F6_cat_camau,76.96842878018582,24,36.1111,0.0,60.0,0,1,85,0,0.0,1549,0.056,deficit,480.0,6,severe,2,2024
F1_dat_cat,82.9360492567883,24,36.4815,0.0,80.0,1,0,84,1,20.0,1459,0.067,deficit,480.0,6,severe,3,2024
F2_thit,82.9360492567883,24,40.2778,0.0,80.0,1,1,83,1,20.0,1413,0.078,deficit,480.0,6,severe,3,2024
F3_set,80.09552196302589,24,37.9167,0.0,80.0,1,0,83,1,20.0,1483,0.078,deficit,480.0,6,severe,3,2024
F4_thit_soc,80.09552196302589,24,39.3519,0.0,80.0,1,1,81,2,40.0,1511,0.1,deficit,480.0,6,severe,3,2024
F5_set_camau,76.96842878018582,24,40.1389,0.0,60.0,1,0,82,1,20.0,1539,0.089,deficit,480.0,6,severe,3,2024
F6_cat_camau,76.96842878018582,24,35.5093,0.0,60.0,0,1,83,1,20.0,1580,0.078,deficit,480.0,6,severe,3,2024
F1_dat_cat,82.9360492567883,24,37.8704,0.0,80.0,0,1,86,1,20.0,1426,0.044,deficit,480.0,6,severe,4,2024
F2_thit,82.9360492567883,24,41.25,0.0,80.0,0,4,83,1,20.0,1464,0.078,deficit,480.0,6,severe,4,2024
F3_set,80.09552196302589,24,39.9074,0.0,80.0,0,1,84,1,20.0,1489,0.067,deficit,480.0,6,severe,4,2024
F4_thit_soc,80.09552196302589,24,41.1111,0.0,80.0,0,3,83,1,20.0,1537,0.078,deficit,480.0,6,severe,4,2024
F5_set_camau,76.96842878018582,24,42.4537,0.0,60.0,0,1,87,0,0.0,1482,0.033,deficit,480.0,6,severe,4,2024
F6_cat_camau,76.96842878018582,24,37.3611,0.0,60.0,0,0,88,1,20.0,1465,0.022,deficit,480.0,6,severe,4,2024
F1_dat_cat,82.9360492567883,48,37.7315,0.0,80.0,0,2,41,0,0.0,1463,0.044,deficit,480.0,3,mild,0,2024
F2_thit,82.9360492567883,48,42.2685,0.0,80.0,0,3,41,0,0.0,1414,0.044,deficit,480.0,3,mild,0,2024
F3_set,80.09552196302589,48,39.1204,0.0,80.0,0,3,41,0,0.0,1512,0.044,deficit,480.0,3,mild,0,2024
F4_thit_soc,80.09552196302589,48,40.2315,0.0,80.0,0,4,41,0,0.0,1558,0.044,deficit,480.0,3,mild,0,2024
F5_set_camau,76.96842878018582,48,42.3611,0.0,60.0,0,2,42,0,0.0,1498,0.033,deficit,480.0,3,mild,0,2024
F6_cat_camau,76.96842878018582,48,35.8796,0.0,60.0,0,2,42,0,0.0,1568,0.033,deficit,480.0,3,mild,0,2024
F1_dat_cat,82.9360492567883,48,37.9167,0.0,80.0,0,1,42,1,20.0,1425,0.033,deficit,480.0,3,mild,1,2024
F2_thit,82.9360492567883,48,41.4352,0.0,80.0,0,3,41,1,20.0,1423,0.044,deficit,480.0,3,mild,1,2024
F3_set,80.09552196302589,48,40.0,0.0,80.0,0,2,42,1,20.0,1469,0.033,deficit,480.0,3,mild,1,2024
F4_thit_soc,80.09552196302589,48,41.2037,0.0,80.0,0,3,42,1,20.0,1502,0.033,deficit,480.0,3,mild,1,2024
F5_set_camau,76.96842878018582,48,42.3611,0.0,60.0,0,2,42,0,0.0,1498,0.033,deficit,480.0,3,mild,1,2024
F6_cat_camau,76.96842878018582,48,35.5093,0.0,60.0,0,1,41,0,0.0,1592,0.044,deficit,480.0,3,mild,1,2024
F1_dat_cat,82.9360492567883,48,37.9167,0.0,80.0,0,1,42,2,40.0,1426,0.033,deficit,480.0,3,mild,2,2024
F2_thit,82.9360492567883,48,42.3611,0.0,80.0,0,2,42,2,40.0,1381,0.033,deficit,480.0,3,mild,2,2024
F3_set,80.09552196302589,48,40.0,0.0,80.0,0,2,42,2,40.0,1470,0.033,deficit,480.0,3,mild,2,2024
F4_thit_soc,80.09552196302589,48,41.2037,0.0,80.0,0,3,42,2,40.0,1503,0.033,deficit,480.0,3,mild,2,2024
F5_set_camau,76.96842878018582,48,42.3611,0.0,60.0,0,2,42,1,20.0,1499,0.033,deficit,480.0,3,mild,2,2024
F6_cat_camau,76.96842878018582,48,36.9907,0.0,60.0,0,1,43,1,20.0,1514,0.022,deficit,480.0,3,mild,2,2024
F1_dat_cat,82.9360492567883,48,37.8241,0.0,80.0,0,2,42,2,40.0,1432,0.033,deficit,480.0,3,mild,3,2024
F2_thit,82.9360492567883,48,42.3148,0.0,80.0,0,3,42,2,40.0,1401,0.033,deficit,480.0,3,mild,3,2024
F3_set,80.09552196302589,48,40.0926,0.0,80.0,0,1,42,2,40.0,1427,0.033,deficit,480.0,3,mild,3,2024
F4_thit_soc,80.09552196302589,48,41.2963,0.0,80.0,0,2,42,2,40.0,1479,0.033,deficit,480.0,3,mild,3,2024
F5_set_camau,76.96842878018582,48,42.4537,0.0,60.0,0,1,43,1,20.0,1463,0.022,deficit,480.0,3,mild,3,2024
F6_cat_camau,76.96842878018582,48,36.9907,0.0,60.0,0,1,43,1,20.0,1514,0.022,deficit,480.0,3,mild,3,2024
F1_dat_cat,82.9360492567883,48,37.7778,0.0,80.0,0,2,42,1,20.0,1452,0.033,deficit,480.0,3,mild,4,2024
F2_thit,82.9360492567883,48,42.4074,0.0,80.0,0,3,42,1,20.0,1396,0.033,deficit,480.0,3,mild,4,2024
F3_set,80.09552196302589,48,39.213,0.0,80.0,0,2,42,1,20.0,1490,0.033,deficit,480.0,3,mild,4,2024
F4_thit_soc,80.09552196302589,48,41.4815,0.0,80.0,0,2,42,1,20.0,1472,0.033,deficit,480.0,3,mild,4,2024
F5_set_camau,76.96842878018582,48,42.4074,0.0,60.0,0,1,43,1,20.0,1466,0.022,deficit,480.0,3,mild,4,2024
F6_cat_camau,76.96842878018582,48,36.3889,0.0,60.0,0,1,43,1,20.0,1515,0.022,deficit,480.0,3,mild,4,2024
F1_dat_cat,82.9360492567883,48,37.7315,0.0,80.0,0,2,41,0,0.0,1463,0.044,deficit,480.0,3,severe,0,2024
F2_thit,82.9360492567883,48,42.2685,0.0,80.0,0,3,41,0,0.0,1416,0.044,deficit,480.0,3,severe,0,2024
F3_set,80.09552196302589,48,39.1204,0.0,80.0,0,3,41,0,0.0,1514,0.044,deficit,480.0,3,severe,0,2024
F4_thit_soc,80.09552196302589,48,40.2315,0.0,80.0,0,4,41,0,0.0,1560,0.044,deficit,480.0,3,severe,0,2024
F5_set_camau,76.96842878018582,48,42.3611,0.0,60.0,0,2,42,0,0.0,1500,0.033,deficit,480.0,3,severe,0,2024
F6_cat_camau,76.96842878018582,48,35.8796,0.0,60.0,0,2,42,0,0.0,1568,0.033,deficit,480.0,3,severe,0,2024
F1_dat_cat,82.9360492567883,48,35.7407,0.0,80.0,0,3,39,0,0.0,1520,0.067,deficit,480.0,3,severe,1,2024
F2_thit,82.9360492567883,48,42.3611,0.0,80.0,0,2,42,1,20.0,1382,0.033,deficit,480.0,3,severe,1,2024
F3_set,80.09552196302589,48,38.0556,0.0,80.0,1,2,40,0,0.0,1541,0.056,deficit,480.0,3,severe,1,2024
F4_thit_soc,80.09552196302589,48,39.213,0.0,80.0,1,3,40,0,0.0,1575,0.056,deficit,480.0,3,severe,1,2024
F5_set_camau,76.96842878018582,48,42.3611,0.0,60.0,0,2,42,0,0.0,1498,0.033,deficit,480.0,3,severe,1,2024
F6_cat_camau,76.96842878018582,48,35.5556,0.0,60.0,0,1,41,0,0.0,1574,0.044,deficit,480.0,3,severe,1,2024
F1_dat_cat,82.9360492567883,48,39.1667,0.0,80.0,0,1,43,2,40.0,1418,0.022,deficit,480.0,3,severe,2,2024
F2_thit,82.9360492567883,48,44.4907,0.0,80.0,0,2,43,2,40.0,1412,0.022,deficit,480.0,3,severe,2,2024
F3_set,80.09552196302589,48,41.4352,0.0,80.0,0,1,43,2,40.0,1458,0.022,deficit,480.0,3,severe,2,2024
F4_thit_soc,80.09552196302589,48,44.3981,0.0,80.0,0,2,43,2,40.0,1494,0.022,deficit,480.0,3,severe,2,2024
F5_set_camau,76.96842878018582,48,42.4537,0.0,60.0,0,1,43,1,20.0,1463,0.022,deficit,480.0,3,severe,2,2024
F6_cat_camau,76.96842878018582,48,36.9907,0.0,60.0,0,1,43,1,20.0,1514,0.022,deficit,480.0,3,severe,2,2024
F1_dat_cat,82.9360492567883,48,35.6481,0.0,80.0,1,1,41,1,20.0,1467,0.044,deficit,480.0,3,severe,3,2024
F2_thit,82.9360492567883,48,40.463,0.0,80.0,1,1,40,1,20.0,1417,0.056,deficit,480.0,3,severe,3,2024
F3_set,80.09552196302589,48,36.8981,0.0,80.0,1,1,40,1,20.0,1489,0.056,deficit,480.0,3,severe,3,2024
F4_thit_soc,80.09552196302589,48,39.4907,0.0,80.0,1,1,40,1,20.0,1493,0.056,deficit,480.0,3,severe,3,2024
F5_set_camau,76.96842878018582,48,39.0741,0.0,60.0,1,0,40,0,0.0,1549,0.056,deficit,480.0,3,severe,3,2024
F6_cat_camau,76.96842878018582,48,34.6759,0.0,60.0,1,1,40,1,20.0,1587,0.056,deficit,480.0,3,severe,3,2024
F1_dat_cat,82.9360492567883,48,34.5833,0.0,80.0,0,4,38,0,0.0,1582,0.078,deficit,480.0,3,severe,4,2024
F2_thit,82.9360492567883,48,41.1111,0.0,80.0,0,4,39,0,0.0,1487,0.067,deficit,480.0,3,severe,4,2024
F3_set,80.09552196302589,48,39.1204,0.0,80.0,0,3,41,0,0.0,1519,0.044,deficit,480.0,3,severe,4,2024
F4_thit_soc,80.09552196302589,48,40.2315,0.0,80.0,0,4,41,0,0.0,1565,0.044,deficit,480.0,3,severe,4,2024
F5_set_camau,76.96842878018582,48,42.3611,0.0,60.0,0,2,42,0,0.0,1504,0.033,deficit,480.0,3,severe,4,2024
F6_cat_camau,76.96842878018582,48,34.6296,0.0,60.0,0,3,39,0,0.0,1646,0.067,deficit,480.0,3,severe,4,2024
F1_dat_cat,82.9360492567883,72,35.6944,0.0,80.0,0,4,25,0,0.0,1540,0.056,deficit,480.0,2,mild,0,2024
F2_thit,82.9360492567883,72,38.9352,0.0,80.0,1,3,25,0,0.0,1501,0.056,deficit,480.0,2,mild,0,2024
F3_set,80.09552196302589,72,36.9907,0.0,80.0,1,3,25,0,0.0,1586,0.056,deficit,480.0,2,mild,0,2024
F4_thit_soc,80.09552196302589,72,38.7963,0.0,80.0,1,3,25,0,0.0,1590,0.056,deficit,480.0,2,mild,0,2024
F5_set_camau,76.96842878018582,72,40.0463,0.0,60.0,1,2,26,0,0.0,1587,0.044,deficit,480.0,2,mild,0,2024
F6_cat_camau,76.96842878018582,72,35.5093,0.0,60.0,0,2,26,0,0.0,1593,0.044,deficit,480.0,2,mild,0,2024
F1_dat_cat,82.9360492567883,72,38.0093,0.0,80.0,0,0,27,1,20.0,1381,0.033,deficit,480.0,2,mild,1,2024
F2_thit,82.9360492567883,72,42.1759,0.0,80.0,0,3,27,1,20.0,1419,0.033,deficit,480.0,2,mild,1,2024
F3_set,80.09552196302589,72,40.0463,0.0,80.0,0,2,27,1,20.0,1451,0.033,deficit,480.0,2,mild,1,2024
F4_thit_soc,80.09552196302589,72,41.2037,0.0,80.0,0,2,27,1,20.0,1495,0.033,deficit,480.0,2,mild,1,2024
F5_set_camau,76.96842878018582,72,41.25,0.0,60.0,0,2,27,0,0.0,1546,0.033,deficit,480.0,2,mild,1,2024
F6_cat_camau,76.96842878018582,72,35.787,0.0,60.0,0,2,27,0,0.0,1567,0.033,deficit,480.0,2,mild,1,2024
F1_dat_cat,82.9360492567883,72,36.9907,0.0,80.0,0,1,26,1,20.0,1433,0.044,deficit,480.0,2,mild,2,2024
F2_thit,82.9360492567883,72,40.2315,0.0,80.0,1,2,26,1,20.0,1464,0.044,deficit,480.0,2,mild,2,2024
F3_set,80.09552196302589,72,38.9815,0.0,80.0,0,3,26,1,20.0,1501,0.044,deficit,480.0,2,mild,2,2024
F4_thit_soc,80.09552196302589,72,40.1389,0.0,80.0,0,3,26,1,20.0,1544,0.044,deficit,480.0,2,mild,2,2024
F5_set_camau,76.96842878018582,72,41.25,0.0,60.0,0,2,27,1,20.0,1547,0.033,deficit,480.0,2,mild,2,2024
F6_cat_camau,76.96842878018582,72,35.2315,0.0,60.0,1,0,27,0,0.0,1560,0.033,deficit,480.0,2,mild,2,2024
F1_dat_cat,82.9360492567883,72,36.9444,0.0,80.0,0,1,27,2,40.0,1431,0.033,deficit,480.0,2,mild,3,2024
F2_thit,82.9360492567883,72,42.1759,0.0,80.0,0,3,27,2,40.0,1417,0.033,deficit,480.0,2,mild,3,2024
F3_set,80.09552196302589,72,39.0278,0.0,80.0,0,3,27,2,40.0,1497,0.033,deficit,480.0,2,mild,3,2024
F4_thit_soc,80.09552196302589,72,41.25,0.0,80.0,0,2,27,2,40.0,1477,0.033,deficit,480.0,2,mild,3,2024
F5_set_camau,76.96842878018582,72,42.3611,0.0,60.0,0,1,28,1,20.0,1485,0.022,deficit,480.0,2,mild,3,2024
F6_cat_camau,76.96842878018582,72,35.2315,0.0,60.0,1,0,27,0,0.0,1560,0.033,deficit,480.0,2,mild,3,2024
F1_dat_cat,82.9360492567883,72,36.9444,0.0,80.0,0,1,26,1,20.0,1442,0.044,deficit,480.0,2,mild,4,2024
F2_thit,82.9360492567883,72,41.4815,0.0,80.0,0,4,26,1,20.0,1451,0.044,deficit,480.0,2,mild,4,2024
F3_set,80.09552196302589,72,38.9815,0.0,80.0,0,3,26,1,20.0,1511,0.044,deficit,480.0,2,mild,4,2024
F4_thit_soc,80.09552196302589,72,41.2037,0.0,80.0,0,2,26,1,20.0,1509,0.044,deficit,480.0,2,mild,4,2024
F5_set_camau,76.96842878018582,72,41.25,0.0,60.0,0,2,27,1,20.0,1546,0.033,deficit,480.0,2,mild,4,2024
F6_cat_camau,76.96842878018582,72,35.787,0.0,60.0,0,2,27,1,20.0,1567,0.033,deficit,480.0,2,mild,4,2024
F1_dat_cat,82.9360492567883,72,33.5185,0.0,80.0,1,0,24,0,0.0,1454,0.067,deficit,480.0,2,severe,0,2024
F2_thit,82.9360492567883,72,41.4815,0.0,80.0,0,4,26,0,0.0,1452,0.044,deficit,480.0,2,severe,0,2024
F3_set,80.09552196302589,72,36.0185,0.0,80.0,1,2,24,0,0.0,1524,0.067,deficit,480.0,2,severe,0,2024
F4_thit_soc,80.09552196302589,72,41.2037,0.0,80.0,0,2,26,0,0.0,1510,0.044,deficit,480.0,2,severe,0,2024
F5_set_camau,76.96842878018582,72,41.25,0.0,60.0,0,2,27,0,0.0,1546,0.033,deficit,480.0,2,severe,0,2024
F6_cat_camau,76.96842878018582,72,35.787,0.0,60.0,0,2,27,0,0.0,1568,0.033,deficit,480.0,2,severe,0,2024
F1_dat_cat,82.9360492567883,72,38.0093,0.0,80.0,0,0,27,1,20.0,1385,0.033,deficit,480.0,2,severe,1,2024
F2_thit,82.9360492567883,72,42.1759,0.0,80.0,0,3,27,1,20.0,1423,0.033,deficit,480.0,2,severe,1,2024
F3_set,80.09552196302589,72,40.0463,0.0,80.0,0,2,27,1,20.0,1455,0.033,deficit,480.0,2,severe,1,2024
F4_thit_soc,80.09552196302589,72,41.2037,0.0,80.0,0,2,27,1,20.0,1499,0.033,deficit,480.0,2,severe,1,2024
F5_set_camau,76.96842878018582,72,41.25,0.0,60.0,0,2,27,0,0.0,1549,0.033,deficit,480.0,2,severe,1,2024
F6_cat_camau,76.96842878018582,72,35.787,0.0,60.0,0,2,27,0,0.0,1571,0.033,deficit,480.0,2,severe,1,2024
F1_dat_cat,82.9360492567883,72,35.787,0.0,80.0,0,3,26,1,20.0,1504,0.044,deficit,480.0,2,severe,2,2024
F2_thit,82.9360492567883,72,39.0741,0.0,80.0,1,2,26,1,20.0,1464,0.044,deficit,480.0,2,severe,2,2024
F3_set,80.09552196302589,72,37.8241,0.0,80.0,1,2,26,1,20.0,1536,0.044,deficit,480.0,2,severe,2,2024
F4_thit_soc,80.09552196302589,72,38.9815,0.0,80.0,1,2,26,1,20.0,1542,0.044,deficit,480.0,2,severe,2,2024
F5_set_camau,76.96842878018582,72,40.8333,0.0,60.0,1,1,27,1,20.0,1551,0.033,deficit,480.0,2,severe,2,2024
F6_cat_camau,76.96842878018582,72,35.5556,0.0,60.0,0,2,27,1,20.0,1559,0.033,deficit,480.0,2,severe,2,2024
F1_dat_cat,82.9360492567883,72,34.7222,0.0,80.0,1,0,26,1,20.0,1466,0.044,deficit,480.0,2,severe,3,2024
F2_thit,82.9360492567883,72,40.6019,0.0,80.0,1,0,26,1,20.0,1411,0.044,deficit,480.0,2,severe,3,2024
F3_set,80.09552196302589,72,36.6667,0.0,80.0,1,0,26,1,20.0,1487,0.044,deficit,480.0,2,severe,3,2024
F4_thit_soc,80.09552196302589,72,40.3704,0.0,80.0,1,0,26,1,20.0,1490,0.044,deficit,480.0,2,severe,3,2024
F5_set_camau,76.96842878018582,72,35.5093,0.0,60.0,1,1,26,0,0.0,1587,0.044,deficit,480.0,2,severe,3,2024
F6_cat_camau,76.96842878018582,72,34.5833,0.0,60.0,1,0,26,0,0.0,1558,0.044,deficit,480.0,2,severe,3,2024
F1_dat_cat,82.9360492567883,72,36.9444,0.0,80.0,0,1,27,1,20.0,1432,0.033,deficit,480.0,2,severe,4,2024
F2_thit,82.9360492567883,72,40.2315,0.0,80.0,1,2,26,1,20.0,1457,0.044,deficit,480.0,2,severe,4,2024
F3_set,80.09552196302589,72,39.0278,0.0,80.0,0,2,26,1,20.0,1498,0.044,deficit,480.0,2,severe,4,2024
F4_thit_soc,80.09552196302589,72,40.1389,0.0,80.0,0,3,26,1,20.0,1528,0.044,deficit,480.0,2,severe,4,2024
F5_set_camau,76.96842878018582,72,39.0278,0.0,60.0,1,1,27,1,20.0,1527,0.033,deficit,480.0,2,severe,4,2024
F6_cat_camau,76.96842878018582,72,35.4167,0.0,60.0,1,0,27,1,20.0,1526,0.033,deficit,480.0,2,severe,4,2024
F1_dat_cat,165.8720985135766,24,23.4259,0.0,160.0,0,2,79,0,0.0,1261,0.122,deficit,960.0,6,mild,0,2024
F2_thit,165.8720985135766,24,27.7778,0.0,160.0,0,4,82,0,0.0,1170,0.089,deficit,960.0,6,mild,0,2024
F3_set,160.19104392605178,24,25.5093,0.0,160.0,0,2,80,0,0.0,1239,0.111,deficit,960.0,6,mild,0,2024
F4_thit_soc,160.19104392605178,24,26.6667,0.0,160.0,0,6,80,0,0.0,1293,0.111,deficit,960.0,6,mild,0,2024
F5_set_camau,153.93685756037164,24,27.6389,0.0,140.0,0,1,83,0,0.0,1208,0.078,deficit,960.0,6,mild,0,2024
F6_cat_camau,153.93685756037164,24,23.287,0.0,140.0,0,0,82,0,0.0,1239,0.089,deficit,960.0,6,mild,0,2024
F1_dat_cat,165.8720985135766,24,23.7037,0.0,160.0,0,0,83,1,20.0,1139,0.078,deficit,960.0,6,mild,1,2024
F2_thit,165.8720985135766,24,26.9444,0.0,160.0,0,5,81,1,20.0,1193,0.1,deficit,960.0,6,mild,1,2024
F3_set,160.19104392605178,24,25.5093,0.0,160.0,0,3,82,1,20.0,1209,0.089,deficit,960.0,6,mild,1,2024
F4_thit_soc,160.19104392605178,24,26.7593,0.0,160.0,0,4,82,1,20.0,1248,0.089,deficit,960.0,6,mild,1,2024
F5_set_camau,153.93685756037164,24,27.6389,0.0,140.0,0,1,84,1,20.0,1188,0.067,deficit,960.0,6,mild,1,2024
F6_cat_camau,153.93685756037164,24,23.9352,0.0,140.0,0,0,84,1,20.0,1202,0.067,deficit,960.0,6,mild,1,2024
F1_dat_cat,165.8720985135766,24,23.6574,0.0,160.0,0,0,83,3,60.0,1148,0.078,deficit,960.0,6,mild,2,2024
F2_thit,165.8720985135766,24,27.9167,0.0,160.0,0,3,85,5,100.0,1092,0.056,deficit,960.0,6,mild,2,2024
F3_set,160.19104392605178,24,25.787,0.0,160.0,0,0,84,5,100.0,1131,0.067,deficit,960.0,6,mild,2,2024
F4_thit_soc,160.19104392605178,24,26.9444,0.0,160.0,0,4,84,5,100.0,1201,0.067,deficit,960.0,6,mild,2,2024
F5_set_camau,153.93685756037164,24,27.6389,0.0,140.0,0,2,84,3,60.0,1170,0.067,deficit,960.0,6,mild,2,2024
F6_cat_camau,153.93685756037164,24,24.0741,0.0,140.0,0,0,85,4,80.0,1176,0.056,deficit,960.0,6,mild,2,2024
F1_dat_cat,165.8720985135766,24,23.6574,0.0,160.0,0,0,84,4,80.0,1145,0.067,deficit,960.0,6,mild,3,2024
F2_thit,165.8720985135766,24,27.8241,0.0,160.0,0,4,84,4,80.0,1121,0.067,deficit,960.0,6,mild,3,2024
F3_set,160.19104392605178,24,25.6019,0.0,160.0,0,1,83,3,60.0,1157,0.078,deficit,960.0,6,mild,3,2024
F4_thit_soc,160.19104392605178,24,26.9907,0.0,160.0,0,3,84,4,80.0,1181,0.067,deficit,960.0,6,mild,3,2024
F5_set_camau,153.93685756037164,24,27.6389,0.0,140.0,0,1,85,4,80.0,1167,0.056,deficit,960.0,6,mild,3,2024
F6_cat_camau,153.93685756037164,24,24.0741,0.0,140.0,0,0,85,4,80.0,1183,0.056,deficit,960.0,6,mild,3,2024
F1_dat_cat,165.8720985135766,24,23.6111,0.0,160.0,0,0,82,2,40.0,1161,0.089,deficit,960.0,6,mild,4,2024
F2_thit,165.8720985135766,24,26.9907,0.0,160.0,0,4,82,2,40.0,1167,0.089,deficit,960.0,6,mild,4,2024
F3_set,160.19104392605178,24,25.7407,0.0,160.0,0,0,84,2,40.0,1166,0.067,deficit,960.0,6,mild,4,2024
F4_thit_soc,160.19104392605178,24,26.8981,0.0,160.0,0,4,84,2,40.0,1205,0.067,deficit,960.0,6,mild,4,2024
F5_set_camau,153.93685756037164,24,27.6389,0.0,140.0,0,0,84,1,20.0,1191,0.067,deficit,960.0,6,mild,4,2024
F6_cat_camau,153.93685756037164,24,23.1944,0.0,140.0,0,1,81,1,20.0,1301,0.1,deficit,960.0,6,mild,4,2024
F1_dat_cat,165.8720985135766,24,23.3333,0.0,160.0,0,3,79,0,0.0,1262,0.122,deficit,960.0,6,severe,0,2024
F2_thit,165.8720985135766,24,26.8056,0.0,160.0,0,5,80,0,0.0,1228,0.111,deficit,960.0,6,severe,0,2024
F3_set,160.19104392605178,24,24.537,0.0,160.0,0,3,78,0,0.0,1277,0.133,deficit,960.0,6,severe,0,2024
F4_thit_soc,160.19104392605178,24,25.8796,0.0,160.0,0,5,79,0,0.0,1318,0.122,deficit,960.0,6,severe,0,2024
F5_set_camau,153.93685756037164,24,25.787,0.0,140.0,0,3,80,0,0.0,1279,0.111,deficit,960.0,6,severe,0,2024
F6_cat_camau,153.93685756037164,24,22.5,0.0,140.0,0,3,80,0,0.0,1327,0.111,deficit,960.0,6,severe,0,2024
F1_dat_cat,165.8720985135766,24,23.3796,0.0,160.0,0,1,80,1,20.0,1202,0.111,deficit,960.0,6,severe,1,2024
F2_thit,165.8720985135766,24,27.037,0.0,160.0,0,5,81,1,20.0,1196,0.1,deficit,960.0,6,severe,1,2024
F3_set,160.19104392605178,24,24.6296,0.0,160.0,0,2,80,1,20.0,1250,0.111,deficit,960.0,6,severe,1,2024
F4_thit_soc,160.19104392605178,24,25.6944,0.0,160.0,0,6,79,1,20.0,1306,0.122,deficit,960.0,6,severe,1,2024
F5_set_camau,153.93685756037164,24,26.2963,0.0,140.0,0,2,82,1,20.0,1242,0.089,deficit,960.0,6,severe,1,2024
F6_cat_camau,153.93685756037164,24,23.1944,0.0,140.0,0,1,82,1,20.0,1279,0.089,deficit,960.0,6,severe,1,2024
F1_dat_cat,165.8720985135766,24,24.8148,0.0,160.0,0,1,83,2,40.0,1190,0.078,deficit,960.0,6,severe,2,2024
F2_thit,165.8720985135766,24,27.7315,0.0,160.0,0,5,82,1,20.0,1168,0.089,deficit,960.0,6,severe,2,2024
F3_set,160.19104392605178,24,25.787,0.0,160.0,0,0,85,4,80.0,1122,0.056,deficit,960.0,6,severe,2,2024
F4_thit_soc,160.19104392605178,24,27.5926,0.0,160.0,0,3,85,3,60.0,1156,0.056,deficit,960.0,6,severe,2,2024
F5_set_camau,153.93685756037164,24,28.9352,0.0,140.0,0,1,85,2,40.0,1246,0.056,deficit,960.0,6,severe,2,2024
F6_cat_camau,153.93685756037164,24,23.2407,0.0,140.0,0,1,82,1,20.0,1273,0.089,deficit,960.0,6,severe,2,2024
F1_dat_cat,165.8720985135766,24,23.5185,0.0,160.0,1,0,81,4,80.0,1195,0.1,deficit,960.0,6,severe,3,2024
F2_thit,165.8720985135766,24,27.2685,0.0,160.0,1,3,78,3,60.0,1248,0.133,deficit,960.0,6,severe,3,2024
F3_set,160.19104392605178,24,25.6481,0.0,160.0,1,2,80,4,80.0,1286,0.111,deficit,960.0,6,severe,3,2024
F4_thit_soc,160.19104392605178,24,23.8889,0.0,160.0,1,3,76,4,80.0,1304,0.156,deficit,960.0,6,severe,3,2024
F5_set_camau,153.93685756037164,24,24.3981,0.0,140.0,1,1,78,4,80.0,1256,0.133,deficit,960.0,6,severe,3,2024
F6_cat_camau,153.93685756037164,24,22.2222,0.0,140.0,0,2,80,4,80.0,1294,0.111,deficit,960.0,6,severe,3,2024
F1_dat_cat,165.8720985135766,24,23.5648,0.0,160.0,0,1,83,2,40.0,1168,0.078,deficit,960.0,6,severe,4,2024
F2_thit,165.8720985135766,24,26.6204,0.0,160.0,0,6,80,2,40.0,1229,0.111,deficit,960.0,6,severe,4,2024
F3_set,160.19104392605178,24,24.7222,0.0,160.0,0,2,81,2,40.0,1232,0.1,deficit,960.0,6,severe,4,2024
F4_thit_soc,160.19104392605178,24,25.9259,0.0,160.0,0,6,80,2,40.0,1284,0.111,deficit,960.0,6,severe,4,2024
F5_set_camau,153.93685756037164,24,26.7593,0.0,140.0,0,2,82,0,0.0,1239,0.089,deficit,960.0,6,severe,4,2024
F6_cat_camau,153.93685756037164,24,24.0741,0.0,140.0,0,0,84,1,20.0,1200,0.067,deficit,960.0,6,severe,4,2024
F1_dat_cat,165.8720985135766,48,23.2407,0.0,160.0,0,4,37,0,0.0,1284,0.089,deficit,960.0,3,mild,0,2024
F2_thit,165.8720985135766,48,25.6481,0.0,160.0,0,7,37,0,0.0,1275,0.089,deficit,960.0,3,mild,0,2024
F3_set,160.19104392605178,48,24.5833,0.0,160.0,0,4,37,0,0.0,1282,0.089,deficit,960.0,3,mild,0,2024
F4_thit_soc,160.19104392605178,48,25.6944,0.0,160.0,0,6,37,0,0.0,1327,0.089,deficit,960.0,3,mild,0,2024
F5_set_camau,153.93685756037164,48,25.4167,0.0,140.0,0,6,38,0,0.0,1326,0.078,deficit,960.0,3,mild,0,2024
F6_cat_camau,153.93685756037164,48,23.1481,0.0,140.0,0,2,38,0,0.0,1319,0.078,deficit,960.0,3,mild,0,2024
F1_dat_cat,165.8720985135766,48,23.3333,0.0,160.0,0,4,38,1,20.0,1255,0.078,deficit,960.0,3,mild,1,2024
F2_thit,165.8720985135766,48,25.6481,0.0,160.0,0,7,37,1,20.0,1280,0.089,deficit,960.0,3,mild,1,2024
F3_set,160.19104392605178,48,24.6759,0.0,160.0,0,5,38,1,20.0,1261,0.078,deficit,960.0,3,mild,1,2024
F4_thit_soc,160.19104392605178,48,25.787,0.0,160.0,0,7,38,1,20.0,1305,0.078,deficit,960.0,3,mild,1,2024
F5_set_camau,153.93685756037164,48,27.5926,0.0,140.0,0,2,39,1,20.0,1189,0.067,deficit,960.0,3,mild,1,2024
F6_cat_camau,153.93685756037164,48,22.3611,0.0,140.0,0,1,38,1,20.0,1262,0.078,deficit,960.0,3,mild,1,2024
F1_dat_cat,165.8720985135766,48,23.5185,0.0,160.0,0,2,40,5,100.0,1181,0.056,deficit,960.0,3,mild,2,2024
F2_thit,165.8720985135766,48,26.8519,0.0,160.0,0,5,39,4,80.0,1178,0.067,deficit,960.0,3,mild,2,2024
F3_set,160.19104392605178,48,25.5093,0.0,160.0,0,3,40,5,100.0,1185,0.056,deficit,960.0,3,mild,2,2024
F4_thit_soc,160.19104392605178,48,26.6204,0.0,160.0,0,5,40,5,100.0,1236,0.056,deficit,960.0,3,mild,2,2024
F5_set_camau,153.93685756037164,48,27.6389,0.0,140.0,0,2,40,4,80.0,1170,0.056,deficit,960.0,3,mild,2,2024
F6_cat_camau,153.93685756037164,48,23.2407,0.0,140.0,0,1,40,4,80.0,1238,0.056,deficit,960.0,3,mild,2,2024
F1_dat_cat,165.8720985135766,48,22.4074,0.0,160.0,0,4,38,4,80.0,1259,0.078,deficit,960.0,3,mild,3,2024
F2_thit,165.8720985135766,48,26.8056,0.0,160.0,0,6,39,4,80.0,1193,0.067,deficit,960.0,3,mild,3,2024
F3_set,160.19104392605178,48,24.4907,0.0,160.0,0,4,38,4,80.0,1242,0.078,deficit,960.0,3,mild,3,2024
F4_thit_soc,160.19104392605178,48,25.5093,0.0,160.0,0,5,38,4,80.0,1297,0.078,deficit,960.0,3,mild,3,2024
F5_set_camau,153.93685756037164,48,25.6944,0.0,140.0,0,4,40,4,80.0,1257,0.056,deficit,960.0,3,mild,3,2024
F6_cat_camau,153.93685756037164,48,23.2407,0.0,140.0,0,1,40,4,80.0,1238,0.056,deficit,960.0,3,mild,3,2024
F1_dat_cat,165.8720985135766,48,23.4259,0.0,160.0,0,3,39,2,40.0,1218,0.067,deficit,960.0,3,mild,4,2024
F2_thit,165.8720985135766,48,26.8056,0.0,160.0,0,5,38,2,40.0,1200,0.078,deficit,960.0,3,mild,4,2024
F3_set,160.19104392605178,48,24.7222,0.0,160.0,0,2,39,2,40.0,1231,0.067,deficit,960.0,3,mild,4,2024
F4_thit_soc,160.19104392605178,48,26.6667,0.0,160.0,0,5,39,2,40.0,1266,0.067,deficit,960.0,3,mild,4,2024
F5_set_camau,153.93685756037164,48,24.5833,0.0,140.0,0,4,38,1,20.0,1319,0.078,deficit,960.0,3,mild,4,2024
F6_cat_camau,153.93685756037164,48,22.3611,0.0,140.0,0,2,38,1,20.0,1279,0.078,deficit,960.0,3,mild,4,2024
F1_dat_cat,165.8720985135766,48,20.2778,0.0,160.0,2,2,34,0,0.0,1361,0.122,deficit,960.0,3,severe,0,2024
F2_thit,165.8720985135766,48,21.4352,0.0,160.0,2,5,33,0,0.0,1349,0.133,deficit,960.0,3,severe,0,2024
F3_set,160.19104392605178,48,21.25,0.0,160.0,2,5,33,0,0.0,1438,0.133,deficit,960.0,3,severe,0,2024
F4_thit_soc,160.19104392605178,48,22.2685,0.0,160.0,2,6,33,0,0.0,1480,0.133,deficit,960.0,3,severe,0,2024
F5_set_camau,153.93685756037164,48,23.287,0.0,140.0,1,4,35,0,0.0,1389,0.111,deficit,960.0,3,severe,0,2024
F6_cat_camau,153.93685756037164,48,21.9907,0.0,140.0,0,4,35,0,0.0,1403,0.111,deficit,960.0,3,severe,0,2024
F1_dat_cat,165.8720985135766,48,21.3889,0.0,160.0,0,5,35,0,0.0,1350,0.111,deficit,960.0,3,severe,1,2024
F2_thit,165.8720985135766,48,25.4167,0.0,160.0,1,5,37,1,20.0,1264,0.089,deficit,960.0,3,severe,1,2024
F3_set,160.19104392605178,48,23.3796,0.0,160.0,1,6,36,0,0.0,1393,0.1,deficit,960.0,3,severe,1,2024
F4_thit_soc,160.19104392605178,48,24.3981,0.0,160.0,1,7,36,0,0.0,1416,0.1,deficit,960.0,3,severe,1,2024
F5_set_camau,153.93685756037164,48,24.6759,0.0,140.0,0,5,37,0,0.0,1318,0.089,deficit,960.0,3,severe,1,2024
F6_cat_camau,153.93685756037164,48,22.4074,0.0,140.0,0,1,38,1,20.0,1279,0.078,deficit,960.0,3,severe,1,2024
F1_dat_cat,165.8720985135766,48,24.7685,0.0,160.0,0,2,40,3,60.0,1175,0.056,deficit,960.0,3,severe,2,2024
F2_thit,165.8720985135766,48,28.8889,0.0,160.0,0,5,39,4,80.0,1227,0.067,deficit,960.0,3,severe,2,2024
F3_set,160.19104392605178,48,26.8519,0.0,160.0,0,3,40,3,60.0,1217,0.056,deficit,960.0,3,severe,2,2024
F4_thit_soc,160.19104392605178,48,28.0093,0.0,160.0,0,5,40,3,60.0,1294,0.056,deficit,960.0,3,severe,2,2024
F5_set_camau,153.93685756037164,48,28.9352,0.0,140.0,0,1,40,2,40.0,1246,0.056,deficit,960.0,3,severe,2,2024
F6_cat_camau,153.93685756037164,48,23.2407,0.0,140.0,0,1,40,2,40.0,1242,0.056,deficit,960.0,3,severe,2,2024
F1_dat_cat,165.8720985135766,48,22.4074,0.0,160.0,1,1,39,3,60.0,1193,0.067,deficit,960.0,3,severe,3,2024
F2_thit,165.8720985135766,48,28.1944,0.0,160.0,1,2,38,4,80.0,1223,0.078,deficit,960.0,3,severe,3,2024
F3_set,160.19104392605178,48,24.6296,0.0,160.0,1,2,38,3,60.0,1265,0.078,deficit,960.0,3,severe,3,2024
F4_thit_soc,160.19104392605178,48,27.963,0.0,160.0,1,3,38,3,60.0,1322,0.078,deficit,960.0,3,severe,3,2024
F5_set_camau,153.93685756037164,48,27.6389,0.0,140.0,1,0,39,3,60.0,1242,0.067,deficit,960.0,3,severe,3,2024
F6_cat_camau,153.93685756037164,48,22.0833,0.0,140.0,1,1,38,3,60.0,1292,0.078,deficit,960.0,3,severe,3,2024
F1_dat_cat,165.8720985135766,48,21.0648,0.0,160.0,0,5,35,1,20.0,1353,0.111,deficit,960.0,3,severe,4,2024
F2_thit,165.8720985135766,48,25.7407,0.0,160.0,0,7,36,1,20.0,1260,0.1,deficit,960.0,3,severe,4,2024
F3_set,160.19104392605178,48,24.6759,0.0,160.0,0,3,38,1,20.0,1258,0.078,deficit,960.0,3,severe,4,2024
F4_thit_soc,160.19104392605178,48,25.787,0.0,160.0,0,5,38,1,20.0,1305,0.078,deficit,960.0,3,severe,4,2024
F5_set_camau,153.93685756037164,48,25.4167,0.0,140.0,0,6,38,0,0.0,1334,0.078,deficit,960.0,3,severe,4,2024
F6_cat_camau,153.93685756037164,48,21.2963,0.0,140.0,0,3,35,0,0.0,1407,0.111,deficit,960.0,3,severe,4,2024
F1_dat_cat,165.8720985135766,72,21.3889,0.0,160.0,0,5,21,0,0.0,1345,0.1,deficit,960.0,2,mild,0,2024
F2_thit,165.8720985135766,72,23.4722,0.0,160.0,1,6,21,0,0.0,1338,0.1,deficit,960.0,2,mild,0,2024
F3_set,160.19104392605178,72,22.3611,0.0,160.0,1,5,21,0,0.0,1411,0.1,deficit,960.0,2,mild,0,2024
F4_thit_soc,160.19104392605178,72,23.4259,0.0,160.0,1,5,21,0,0.0,1398,0.1,deficit,960.0,2,mild,0,2024
F5_set_camau,153.93685756037164,72,22.3611,0.0,140.0,1,5,22,0,0.0,1439,0.089,deficit,960.0,2,mild,0,2024
F6_cat_camau,153.93685756037164,72,21.1574,0.0,140.0,0,5,22,0,0.0,1445,0.089,deficit,960.0,2,mild,0,2024
F1_dat_cat,165.8720985135766,72,23.287,0.0,160.0,0,2,23,1,20.0,1229,0.078,deficit,960.0,2,mild,1,2024
F2_thit,165.8720985135766,72,26.2963,0.0,160.0,0,6,23,1,20.0,1249,0.078,deficit,960.0,2,mild,1,2024
F3_set,160.19104392605178,72,23.9815,0.0,160.0,0,5,23,1,20.0,1304,0.078,deficit,960.0,2,mild,1,2024
F4_thit_soc,160.19104392605178,72,24.6759,0.0,160.0,0,5,23,1,20.0,1354,0.078,deficit,960.0,2,mild,1,2024
F5_set_camau,153.93685756037164,72,25.0463,0.0,140.0,0,4,24,1,20.0,1328,0.067,deficit,960.0,2,mild,1,2024
F6_cat_camau,153.93685756037164,72,22.3148,0.0,140.0,0,3,24,1,20.0,1319,0.067,deficit,960.0,2,mild,1,2024
F1_dat_cat,165.8720985135766,72,23.1944,0.0,160.0,0,2,24,4,80.0,1192,0.067,deficit,960.0,2,mild,2,2024
F2_thit,165.8720985135766,72,25.5556,0.0,160.0,1,4,24,4,80.0,1223,0.067,deficit,960.0,2,mild,2,2024
F3_set,160.19104392605178,72,24.4907,0.0,160.0,0,4,24,4,80.0,1215,0.067,deficit,960.0,2,mild,2,2024
F4_thit_soc,160.19104392605178,72,24.537,0.0,160.0,0,5,24,4,80.0,1308,0.067,deficit,960.0,2,mild,2,2024
F5_set_camau,153.93685756037164,72,25.3241,0.0,140.0,0,4,25,4,80.0,1299,0.056,deficit,960.0,2,mild,2,2024
F6_cat_camau,153.93685756037164,72,23.1944,0.0,140.0,1,1,25,2,60.0,1297,0.056,deficit,960.0,2,mild,2,2024
F1_dat_cat,165.8720985135766,72,22.9167,0.0,160.0,0,2,24,4,80.0,1205,0.067,deficit,960.0,2,mild,3,2024
F2_thit,165.8720985135766,72,26.4352,0.0,160.0,0,6,24,4,80.0,1233,0.067,deficit,960.0,2,mild,3,2024
F3_set,160.19104392605178,72,23.5648,0.0,160.0,0,5,24,4,80.0,1286,0.067,deficit,960.0,2,mild,3,2024
F4_thit_soc,160.19104392605178,72,26.6667,0.0,160.0,0,4,24,4,80.0,1226,0.067,deficit,960.0,2,mild,3,2024
F5_set_camau,153.93685756037164,72,25.3704,0.0,140.0,0,4,25,4,80.0,1300,0.056,deficit,960.0,2,mild,3,2024
F6_cat_camau,153.93685756037164,72,22.1296,0.0,140.0,1,1,25,3,60.0,1265,0.056,deficit,960.0,2,mild,3,2024
F1_dat_cat,165.8720985135766,72,21.25,0.0,160.0,1,3,22,2,40.0,1303,0.089,deficit,960.0,2,mild,4,2024
F2_thit,165.8720985135766,72,23.6111,0.0,160.0,1,5,22,2,40.0,1286,0.089,deficit,960.0,2,mild,4,2024
F3_set,160.19104392605178,72,23.2407,0.0,160.0,0,6,22,2,40.0,1352,0.089,deficit,960.0,2,mild,4,2024
F4_thit_soc,160.19104392605178,72,24.3519,0.0,160.0,1,4,22,2,40.0,1361,0.089,deficit,960.0,2,mild,4,2024
F5_set_camau,153.93685756037164,72,24.4444,0.0,140.0,0,4,22,1,20.0,1361,0.089,deficit,960.0,2,mild,4,2024
F6_cat_camau,153.93685756037164,72,22.2685,0.0,140.0,0,3,23,1,20.0,1349,0.078,deficit,960.0,2,mild,4,2024
F1_dat_cat,165.8720985135766,72,16.8056,0.0,160.0,2,0,20,0,0.0,1340,0.111,deficit,960.0,2,severe,0,2024
F2_thit,165.8720985135766,72,22.4074,0.0,160.0,2,4,19,0,0.0,1366,0.122,deficit,960.0,2,severe,0,2024
F3_set,160.19104392605178,72,17.5926,0.0,160.0,2,3,20,0,0.0,1397,0.111,deficit,960.0,2,severe,0,2024
F4_thit_soc,160.19104392605178,72,19.8611,0.0,160.0,2,3,20,0,0.0,1444,0.111,deficit,960.0,2,severe,0,2024
F5_set_camau,153.93685756037164,72,19.1204,0.0,140.0,2,3,21,0,0.0,1471,0.1,deficit,960.0,2,severe,0,2024
F6_cat_camau,153.93685756037164,72,18.8889,0.0,140.0,2,2,22,0,0.0,1445,0.089,deficit,960.0,2,severe,0,2024
F1_dat_cat,165.8720985135766,72,21.3889,0.0,160.0,1,2,23,1,20.0,1280,0.078,deficit,960.0,2,severe,1,2024
F2_thit,165.8720985135766,72,26.2963,0.0,160.0,0,6,23,1,20.0,1258,0.078,deficit,960.0,2,severe,1,2024
F3_set,160.19104392605178,72,23.1944,0.0,160.0,1,5,22,1,20.0,1361,0.089,deficit,960.0,2,severe,1,2024
F4_thit_soc,160.19104392605178,72,23.6111,0.0,160.0,1,5,22,1,20.0,1399,0.089,deficit,960.0,2,severe,1,2024
F5_set_camau,153.93685756037164,72,24.4907,0.0,140.0,0,4,23,1,20.0,1366,0.078,deficit,960.0,2,severe,1,2024
F6_cat_camau,153.93685756037164,72,22.3148,0.0,140.0,0,3,24,1,20.0,1329,0.067,deficit,960.0,2,severe,1,2024
F1_dat_cat,165.8720985135766,72,22.3148,0.0,160.0,0,3,23,3,60.0,1255,0.078,deficit,960.0,2,severe,2,2024
F2_thit,165.8720985135766,72,23.4722,0.0,160.0,1,5,22,1,20.0,1318,0.089,deficit,960.0,2,severe,2,2024
F3_set,160.19104392605178,72,23.5185,0.0,160.0,1,3,24,4,80.0,1316,0.067,deficit,960.0,2,severe,2,2024
F4_thit_soc,160.19104392605178,72,25.6019,0.0,160.0,1,3,24,4,80.0,1330,0.067,deficit,960.0,2,severe,2,2024
F5_set_camau,153.93685756037164,72,24.3519,0.0,140.0,1,3,24,3,60.0,1300,0.067,deficit,960.0,2,severe,2,2024
F6_cat_camau,153.93685756037164,72,22.2685,0.0,140.0,0,3,24,3,60.0,1290,0.067,deficit,960.0,2,severe,2,2024
F1_dat_cat,165.8720985135766,72,22.1759,0.0,160.0,1,1,24,4,80.0,1265,0.067,deficit,960.0,2,severe,3,2024
F2_thit,165.8720985135766,72,28.4722,0.0,160.0,1,2,24,4,80.0,1262,0.067,deficit,960.0,2,severe,3,2024
F3_set,160.19104392605178,72,24.3519,0.0,160.0,1,2,24,4,80.0,1316,0.067,deficit,960.0,2,severe,3,2024
F4_thit_soc,160.19104392605178,72,29.1204,0.0,160.0,1,1,24,4,80.0,1319,0.067,deficit,960.0,2,severe,3,2024
F5_set_camau,153.93685756037164,72,22.1296,0.0,140.0,1,3,24,3,60.0,1328,0.067,deficit,960.0,2,severe,3,2024
F6_cat_camau,153.93685756037164,72,23.287,0.0,140.0,1,0,25,3,60.0,1239,0.056,deficit,960.0,2,severe,3,2024
F1_dat_cat,165.8720985135766,72,22.5,0.0,160.0,0,3,24,2,40.0,1225,0.067,deficit,960.0,2,severe,4,2024
F2_thit,165.8720985135766,72,24.8148,0.0,160.0,1,5,23,2,40.0,1250,0.078,deficit,960.0,2,severe,4,2024
F3_set,160.19104392605178,72,23.4722,0.0,160.0,0,4,23,2,40.0,1298,0.078,deficit,960.0,2,severe,4,2024
F4_thit_soc,160.19104392605178,72,24.537,0.0,160.0,0,5,23,2,40.0,1326,0.078,deficit,960.0,2,severe,4,2024
F5_set_camau,153.93685756037164,72,21.1111,0.0,140.0,2,3,23,1,20.0,1370,0.078,deficit,960.0,2,severe,4,2024
F6_cat_camau,153.93685756037164,72,19.8148,0.0,140.0,2,1,23,1,20.0,1365,0.078,deficit,960.0,2,severe,4,2024
F1_dat_cat,248.80814777036488,24,9.9074,0.0,240.0,0,2,77,2,40.0,980,0.144,deficit,1440.0,6,mild,0,2024
F2_thit,248.80814777036488,24,13.4722,0.0,240.0,0,6,79,2,40.0,955,0.122,deficit,1440.0,6,mild,0,2024
F3_set,240.28656588907765,24,11.0648,0.0,240.0,0,3,78,2,40.0,996,0.133,deficit,1440.0,6,mild,0,2024
F4_thit_soc,240.28656588907765,24,12.1759,0.0,240.0,0,8,78,2,40.0,1051,0.133,deficit,1440.0,6,mild,0,2024
F5_set_camau,230.9052863405575,24,12.1759,0.0,220.0,0,2,79,1,20.0,974,0.122,deficit,1440.0,6,mild,0,2024
F6_cat_camau,230.9052863405575,24,9.8148,0.0,220.0,0,0,78,1,20.0,996,0.133,deficit,1440.0,6,mild,0,2024
F1_dat_cat,248.80814777036488,24,10.0926,0.0,240.0,0,0,79,1,20.0,942,0.122,deficit,1440.0,6,mild,1,2024
F2_thit,248.80814777036488,24,13.4259,0.0,240.0,0,6,77,1,20.0,966,0.144,deficit,1440.0,6,mild,1,2024
F3_set,240.28656588907765,24,10.9259,0.0,240.0,0,4,78,1,20.0,1029,0.133,deficit,1440.0,6,mild,1,2024
F4_thit_soc,240.28656588907765,24,12.1296,0.0,240.0,0,7,78,1,20.0,1055,0.133,deficit,1440.0,6,mild,1,2024
F5_set_camau,230.9052863405575,24,12.2222,0.0,220.0,0,2,80,1,20.0,968,0.111,deficit,1440.0,6,mild,1,2024
F6_cat_camau,230.9052863405575,24,9.9537,0.0,220.0,0,0,80,1,20.0,936,0.111,deficit,1440.0,6,mild,1,2024
F1_dat_cat,248.80814777036488,24,10.0926,0.0,240.0,0,0,80,5,100.0,939,0.111,deficit,1440.0,6,mild,2,2024
F2_thit,248.80814777036488,24,13.6111,0.0,240.0,0,6,82,7,140.0,876,0.089,deficit,1440.0,6,mild,2,2024
F3_set,240.28656588907765,24,11.3426,0.0,240.0,0,0,81,7,140.0,865,0.1,deficit,1440.0,6,mild,2,2024
F4_thit_soc,240.28656588907765,24,12.5,0.0,240.0,0,4,81,7,140.0,984,0.1,deficit,1440.0,6,mild,2,2024
F5_set_camau,230.9052863405575,24,12.2222,0.0,220.0,0,3,81,5,100.0,937,0.1,deficit,1440.0,6,mild,2,2024
F6_cat_camau,230.9052863405575,24,10.0,0.0,220.0,0,0,82,7,140.0,900,0.089,deficit,1440.0,6,mild,2,2024
F1_dat_cat,248.80814777036488,24,10.0926,0.0,240.0,0,0,80,5,100.0,947,0.111,deficit,1440.0,6,mild,3,2024
F2_thit,248.80814777036488,24,13.5648,0.0,240.0,0,7,81,5,100.0,912,0.1,deficit,1440.0,6,mild,3,2024
F3_set,240.28656588907765,24,11.0648,0.0,240.0,0,3,80,4,80.0,949,0.111,deficit,1440.0,6,mild,3,2024
F4_thit_soc,240.28656588907765,24,12.4537,0.0,240.0,0,4,80,5,100.0,981,0.111,deficit,1440.0,6,mild,3,2024
F5_set_camau,230.9052863405575,24,12.2222,0.0,220.0,0,2,81,5,100.0,936,0.1,deficit,1440.0,6,mild,3,2024
F6_cat_camau,230.9052863405575,24,10.0,0.0,220.0,0,0,82,5,100.0,907,0.089,deficit,1440.0,6,mild,3,2024
F1_dat_cat,248.80814777036488,24,10.0463,0.0,240.0,0,0,78,3,60.0,980,0.133,deficit,1440.0,6,mild,4,2024
F2_thit,248.80814777036488,24,13.3796,0.0,240.0,0,6,77,3,60.0,964,0.144,deficit,1440.0,6,mild,4,2024
F3_set,240.28656588907765,24,11.25,0.0,240.0,0,0,80,3,60.0,928,0.111,deficit,1440.0,6,mild,4,2024
F4_thit_soc,240.28656588907765,24,12.4074,0.0,240.0,0,5,80,3,60.0,987,0.111,deficit,1440.0,6,mild,4,2024
F5_set_camau,230.9052863405575,24,12.1296,0.0,220.0,0,3,80,2,40.0,999,0.111,deficit,1440.0,6,mild,4,2024
F6_cat_camau,230.9052863405575,24,8.9352,0.0,220.0,0,1,77,2,40.0,1049,0.144,deficit,1440.0,6,mild,4,2024
F1_dat_cat,248.80814777036488,24,8.9352,0.0,240.0,0,4,74,1,20.0,1041,0.178,deficit,1440.0,6,severe,0,2024
F2_thit,248.80814777036488,24,11.5278,0.0,240.0,0,8,74,0,0.0,1063,0.178,deficit,1440.0,6,severe,0,2024
F3_set,240.28656588907765,24,9.9074,0.0,240.0,0,5,75,2,40.0,1071,0.167,deficit,1440.0,6,severe,0,2024
F4_thit_soc,240.28656588907765,24,11.4352,0.0,240.0,0,5,77,2,40.0,1071,0.144,deficit,1440.0,6,severe,0,2024
F5_set_camau,230.9052863405575,24,11.1111,0.0,220.0,0,4,74,0,0.0,1087,0.178,deficit,1440.0,6,severe,0,2024
F6_cat_camau,230.9052863405575,24,8.8426,0.0,220.0,0,4,76,1,20.0,1080,0.156,deficit,1440.0,6,severe,0,2024
F1_dat_cat,248.80814777036488,24,9.0278,0.0,240.0,0,2,75,1,20.0,991,0.167,deficit,1440.0,6,severe,1,2024
F2_thit,248.80814777036488,24,12.4074,0.0,240.0,0,9,74,1,20.0,1053,0.178,deficit,1440.0,6,severe,1,2024
F3_set,240.28656588907765,24,10.1389,0.0,240.0,0,2,76,1,20.0,1017,0.156,deficit,1440.0,6,severe,1,2024
F4_thit_soc,240.28656588907765,24,9.537,0.0,240.0,0,9,72,1,20.0,1166,0.2,deficit,1440.0,6,severe,1,2024
F5_set_camau,230.9052863405575,24,11.1574,0.0,220.0,0,4,75,1,20.0,1057,0.167,deficit,1440.0,6,severe,1,2024
F6_cat_camau,230.9052863405575,24,8.8889,0.0,220.0,0,2,77,1,20.0,1070,0.144,deficit,1440.0,6,severe,1,2024
F1_dat_cat,248.80814777036488,24,11.25,0.0,240.0,0,1,79,4,80.0,965,0.122,deficit,1440.0,6,severe,2,2024
F2_thit,248.80814777036488,24,13.5648,0.0,240.0,0,7,79,3,60.0,948,0.122,deficit,1440.0,6,severe,2,2024
F3_set,240.28656588907765,24,17.5463,0.0,240.0,0,0,83,6,120.0,965,0.078,deficit,1440.0,6,severe,2,2024
F4_thit_soc,240.28656588907765,24,12.1759,0.0,240.0,0,6,79,3,60.0,1013,0.122,deficit,1440.0,6,severe,2,2024
F5_set_camau,230.9052863405575,24,14.2593,0.0,220.0,0,3,80,3,60.0,1030,0.111,deficit,1440.0,6,severe,2,2024
F6_cat_camau,230.9052863405575,24,8.9815,0.0,220.0,0,1,79,2,40.0,1041,0.122,deficit,1440.0,6,severe,2,2024
F1_dat_cat,248.80814777036488,24,9.9537,0.0,240.0,1,0,77,4,80.0,976,0.144,deficit,1440.0,6,severe,3,2024
F2_thit,248.80814777036488,24,12.8704,0.0,240.0,1,7,73,3,60.0,1086,0.189,deficit,1440.0,6,severe,3,2024
F3_set,240.28656588907765,24,10.9722,0.0,240.0,1,3,75,4,80.0,1114,0.167,deficit,1440.0,6,severe,3,2024
F4_thit_soc,240.28656588907765,24,8.4722,0.0,240.0,1,4,72,4,80.0,1112,0.2,deficit,1440.0,6,severe,3,2024
F5_set_camau,230.9052863405575,24,9.9074,0.0,220.0,1,2,73,4,80.0,1048,0.189,deficit,1440.0,6,severe,3,2024
F6_cat_camau,230.9052863405575,24,7.8241,0.0,220.0,0,3,75,4,80.0,1063,0.167,deficit,1440.0,6,severe,3,2024
F1_dat_cat,248.80814777036488,24,9.1204,0.0,240.0,0,3,77,2,40.0,966,0.144,deficit,1440.0,6,severe,4,2024
F2_thit,248.80814777036488,24,12.1759,0.0,240.0,0,8,74,2,40.0,1027,0.178,deficit,1440.0,6,severe,4,2024
F3_set,240.28656588907765,24,10.2778,0.0,240.0,0,2,78,3,60.0,999,0.133,deficit,1440.0,6,severe,4,2024
F4_thit_soc,240.28656588907765,24,11.3426,0.0,240.0,0,7,77,3,60.0,1053,0.144,deficit,1440.0,6,severe,4,2024
F5_set_camau,230.9052863405575,24,12.1759,0.0,220.0,0,2,79,1,20.0,987,0.122,deficit,1440.0,6,severe,4,2024
F6_cat_camau,230.9052863405575,24,9.9537,0.0,220.0,0,1,80,2,40.0,945,0.111,deficit,1440.0,6,severe,4,2024
F1_dat_cat,248.80814777036488,48,8.8889,0.0,240.0,0,5,35,2,40.0,1049,0.111,deficit,1440.0,3,mild,0,2024
F2_thit,248.80814777036488,48,11.2963,0.0,240.0,0,9,35,2,40.0,1032,0.111,deficit,1440.0,3,mild,0,2024
F3_set,240.28656588907765,48,10.0926,0.0,240.0,0,5,35,2,40.0,1028,0.111,deficit,1440.0,3,mild,0,2024
F4_thit_soc,240.28656588907765,48,11.1574,0.0,240.0,0,7,35,2,40.0,1074,0.111,deficit,1440.0,3,mild,0,2024
F5_set_camau,230.9052863405575,48,10.0463,0.0,220.0,0,9,33,1,20.0,1181,0.133,deficit,1440.0,3,mild,0,2024
F6_cat_camau,230.9052863405575,48,7.9167,0.0,220.0,0,4,33,1,20.0,1129,0.133,deficit,1440.0,3,mild,0,2024
F1_dat_cat,248.80814777036488,48,9.0278,0.0,240.0,0,5,34,1,20.0,1038,0.122,deficit,1440.0,3,mild,1,2024
F2_thit,248.80814777036488,48,11.1574,0.0,240.0,0,9,33,1,20.0,1084,0.133,deficit,1440.0,3,mild,1,2024
F3_set,240.28656588907765,48,9.8148,0.0,240.0,0,8,34,1,20.0,1095,0.122,deficit,1440.0,3,mild,1,2024
F4_thit_soc,240.28656588907765,48,10.0463,0.0,240.0,0,11,34,1,20.0,1159,0.122,deficit,1440.0,3,mild,1,2024
F5_set_camau,230.9052863405575,48,11.3426,0.0,220.0,0,5,35,1,20.0,1016,0.111,deficit,1440.0,3,mild,1,2024
F6_cat_camau,230.9052863405575,48,7.963,0.0,220.0,0,2,34,1,20.0,1047,0.122,deficit,1440.0,3,mild,1,2024
F1_dat_cat,248.80814777036488,48,9.1204,0.0,240.0,0,4,36,5,100.0,977,0.1,deficit,1440.0,3,mild,2,2024
F2_thit,248.80814777036488,48,12.4074,0.0,240.0,0,7,36,5,100.0,960,0.1,deficit,1440.0,3,mild,2,2024
F3_set,240.28656588907765,48,9.9537,0.0,240.0,0,6,36,5,100.0,1027,0.1,deficit,1440.0,3,mild,2,2024
F4_thit_soc,240.28656588907765,48,10.9259,0.0,240.0,0,8,36,5,100.0,1077,0.1,deficit,1440.0,3,mild,2,2024
F5_set_camau,230.9052863405575,48,11.3426,0.0,220.0,0,5,37,6,120.0,986,0.089,deficit,1440.0,3,mild,2,2024
F6_cat_camau,230.9052863405575,48,8.9352,0.0,220.0,0,2,37,6,120.0,995,0.089,deficit,1440.0,3,mild,2,2024
F1_dat_cat,248.80814777036488,48,7.963,0.0,240.0,0,6,34,5,100.0,1051,0.122,deficit,1440.0,3,mild,3,2024
F2_thit,248.80814777036488,48,12.2685,0.0,240.0,0,9,35,5,100.0,1042,0.111,deficit,1440.0,3,mild,3,2024
F3_set,240.28656588907765,48,8.8889,0.0,240.0,0,7,34,5,100.0,1085,0.122,deficit,1440.0,3,mild,3,2024
F4_thit_soc,240.28656588907765,48,10.0,0.0,240.0,0,8,34,5,100.0,1129,0.122,deficit,1440.0,3,mild,3,2024
F5_set_camau,230.9052863405575,48,11.0648,0.0,220.0,0,7,36,5,100.0,1097,0.1,deficit,1440.0,3,mild,3,2024
F6_cat_camau,230.9052863405575,48,8.9352,0.0,220.0,0,2,36,5,100.0,1025,0.1,deficit,1440.0,3,mild,3,2024
F1_dat_cat,248.80814777036488,48,9.0741,0.0,240.0,0,5,35,2,40.0,1006,0.111,deficit,1440.0,3,mild,4,2024
F2_thit,248.80814777036488,48,12.2222,0.0,240.0,0,8,34,2,40.0,1047,0.122,deficit,1440.0,3,mild,4,2024
F3_set,240.28656588907765,48,10.0926,0.0,240.0,0,4,36,3,60.0,1026,0.1,deficit,1440.0,3,mild,4,2024
F4_thit_soc,240.28656588907765,48,11.2037,0.0,240.0,0,7,36,3,60.0,1072,0.1,deficit,1440.0,3,mild,4,2024
F5_set_camau,230.9052863405575,48,10.0463,0.0,220.0,0,6,34,2,40.0,1129,0.122,deficit,1440.0,3,mild,4,2024
F6_cat_camau,230.9052863405575,48,7.963,0.0,220.0,0,3,34,2,40.0,1065,0.122,deficit,1440.0,3,mild,4,2024
F1_dat_cat,248.80814777036488,48,1.5741,0.0,240.0,3,3,28,1,20.0,1206,0.189,deficit,1440.0,3,severe,0,2024
F2_thit,248.80814777036488,48,4.1204,0.0,240.0,3,6,26,1,20.0,1168,0.211,deficit,1440.0,3,severe,0,2024
F3_set,240.28656588907765,48,0.6019,0.0,240.0,3,6,27,1,20.0,1307,0.2,deficit,1440.0,3,severe,0,2024
F4_thit_soc,240.28656588907765,48,1.4352,0.0,240.0,3,8,27,0,0.0,1355,0.2,deficit,1440.0,3,severe,0,2024
F5_set_camau,230.9052863405575,48,2.5463,0.0,220.0,2,6,28,0,0.0,1263,0.189,deficit,1440.0,3,severe,0,2024
F6_cat_camau,230.9052863405575,48,1.25,0.0,220.0,1,5,28,1,20.0,1209,0.189,deficit,1440.0,3,severe,0,2024
F1_dat_cat,248.80814777036488,48,5.5093,0.0,240.0,0,9,28,0,0.0,1247,0.189,deficit,1440.0,3,severe,1,2024
F2_thit,248.80814777036488,48,7.8704,0.0,240.0,2,8,31,1,20.0,1140,0.156,deficit,1440.0,3,severe,1,2024
F3_set,240.28656588907765,48,5.9259,0.0,240.0,1,10,31,0,0.0,1274,0.156,deficit,1440.0,3,severe,1,2024
F4_thit_soc,240.28656588907765,48,6.9444,0.0,240.0,1,11,31,0,0.0,1283,0.156,deficit,1440.0,3,severe,1,2024
F5_set_camau,230.9052863405575,48,10.0926,0.0,220.0,0,7,33,0,0.0,1151,0.133,deficit,1440.0,3,severe,1,2024
F6_cat_camau,230.9052863405575,48,7.963,0.0,220.0,0,3,34,1,20.0,1070,0.122,deficit,1440.0,3,severe,1,2024
F1_dat_cat,248.80814777036488,48,10.0463,0.0,240.0,0,4,36,5,100.0,1008,0.1,deficit,1440.0,3,severe,2,2024
F2_thit,248.80814777036488,48,15.7407,0.0,240.0,1,6,36,6,120.0,1069,0.1,deficit,1440.0,3,severe,2,2024
F3_set,240.28656588907765,48,11.2037,0.0,240.0,0,6,35,4,80.0,1078,0.111,deficit,1440.0,3,severe,2,2024
F4_thit_soc,240.28656588907765,48,12.2685,0.0,240.0,0,8,35,4,80.0,1156,0.111,deficit,1440.0,3,severe,2,2024
F5_set_camau,230.9052863405575,48,13.5648,0.0,220.0,0,4,37,4,80.0,1042,0.089,deficit,1440.0,3,severe,2,2024
F6_cat_camau,230.9052863405575,48,8.7963,0.0,220.0,0,3,35,3,60.0,1060,0.111,deficit,1440.0,3,severe,2,2024
F1_dat_cat,248.80814777036488,48,7.963,0.0,240.0,1,3,36,4,80.0,976,0.1,deficit,1440.0,3,severe,3,2024
F2_thit,248.80814777036488,48,10.5556,0.0,240.0,2,5,32,4,80.0,1115,0.144,deficit,1440.0,3,severe,3,2024
F3_set,240.28656588907765,48,8.75,0.0,240.0,2,4,34,4,80.0,1114,0.122,deficit,1440.0,3,severe,3,2024
F4_thit_soc,240.28656588907765,48,11.2963,0.0,240.0,2,5,34,4,80.0,1175,0.122,deficit,1440.0,3,severe,3,2024
F5_set_camau,230.9052863405575,48,12.2685,0.0,220.0,1,1,36,4,80.0,996,0.1,deficit,1440.0,3,severe,3,2024
F6_cat_camau,230.9052863405575,48,5.6481,0.0,220.0,1,3,34,4,80.0,1094,0.122,deficit,1440.0,3,severe,3,2024
F1_dat_cat,248.80814777036488,48,5.787,0.0,240.0,0,7,32,2,40.0,1171,0.144,deficit,1440.0,3,severe,4,2024
F2_thit,248.80814777036488,48,11.1574,0.0,240.0,0,9,31,1,20.0,1082,0.156,deficit,1440.0,3,severe,4,2024
F3_set,240.28656588907765,48,8.75,0.0,240.0,1,5,33,1,20.0,1118,0.133,deficit,1440.0,3,severe,4,2024
F4_thit_soc,240.28656588907765,48,8.9815,0.0,240.0,0,9,33,1,20.0,1185,0.133,deficit,1440.0,3,severe,4,2024
F5_set_camau,230.9052863405575,48,11.0648,0.0,220.0,0,8,35,1,20.0,1136,0.111,deficit,1440.0,3,severe,4,2024
F6_cat_camau,230.9052863405575,48,5.6481,0.0,220.0,0,4,31,1,20.0,1180,0.156,deficit,1440.0,3,severe,4,2024
F1_dat_cat,248.80814777036488,72,6.8056,0.0,240.0,0,8,18,2,40.0,1151,0.133,deficit,1440.0,2,mild,0,2024
F2_thit,248.80814777036488,72,9.0741,0.0,240.0,1,9,18,2,40.0,1120,0.133,deficit,1440.0,2,mild,0,2024
F3_set,240.28656588907765,72,6.9907,0.0,240.0,1,5,18,2,40.0,1158,0.133,deficit,1440.0,2,mild,0,2024
F4_thit_soc,240.28656588907765,72,5.7407,0.0,240.0,1,9,17,2,40.0,1279,0.144,deficit,1440.0,2,mild,0,2024
F5_set_camau,230.9052863405575,72,7.8704,0.0,220.0,1,7,19,1,20.0,1232,0.122,deficit,1440.0,2,mild,0,2024
F6_cat_camau,230.9052863405575,72,5.6481,0.0,220.0,0,6,19,1,20.0,1219,0.122,deficit,1440.0,2,mild,0,2024
F1_dat_cat,248.80814777036488,72,6.9444,0.0,240.0,0,5,19,1,20.0,1091,0.122,deficit,1440.0,2,mild,1,2024
F2_thit,248.80814777036488,72,12.3611,0.0,240.0,0,7,19,1,20.0,1056,0.122,deficit,1440.0,2,mild,1,2024
F3_set,240.28656588907765,72,8.75,0.0,240.0,0,8,19,1,20.0,1139,0.122,deficit,1440.0,2,mild,1,2024
F4_thit_soc,240.28656588907765,72,9.8148,0.0,240.0,0,8,19,1,20.0,1187,0.122,deficit,1440.0,2,mild,1,2024
F5_set_camau,230.9052863405575,72,10.0463,0.0,220.0,0,6,20,1,20.0,1168,0.111,deficit,1440.0,2,mild,1,2024
F6_cat_camau,230.9052863405575,72,6.8981,0.0,220.0,0,6,20,1,20.0,1151,0.111,deficit,1440.0,2,mild,1,2024
F1_dat_cat,248.80814777036488,72,6.9444,0.0,240.0,0,5,20,5,100.0,1054,0.111,deficit,1440.0,2,mild,2,2024
F2_thit,248.80814777036488,72,10.0463,0.0,240.0,1,7,21,6,120.0,1057,0.1,deficit,1440.0,2,mild,2,2024
F3_set,240.28656588907765,72,8.8426,0.0,240.0,0,7,21,6,120.0,1052,0.1,deficit,1440.0,2,mild,2,2024
F4_thit_soc,240.28656588907765,72,9.8611,0.0,240.0,0,7,21,6,120.0,1104,0.1,deficit,1440.0,2,mild,2,2024
F5_set_camau,230.9052863405575,72,11.1574,0.0,220.0,0,4,23,7,140.0,1031,0.078,deficit,1440.0,2,mild,2,2024
F6_cat_camau,230.9052863405575,72,9.0278,0.0,220.0,1,1,23,6,140.0,1006,0.078,deficit,1440.0,2,mild,2,2024
F1_dat_cat,248.80814777036488,72,6.9444,0.0,240.0,0,5,21,5,100.0,1053,0.1,deficit,1440.0,2,mild,3,2024
F2_thit,248.80814777036488,72,12.3611,0.0,240.0,0,8,21,5,100.0,1019,0.1,deficit,1440.0,2,mild,3,2024
F3_set,240.28656588907765,72,8.7037,0.0,240.0,0,8,20,5,100.0,1119,0.111,deficit,1440.0,2,mild,3,2024
F4_thit_soc,240.28656588907765,72,10.0463,0.0,240.0,0,7,21,5,100.0,1071,0.1,deficit,1440.0,2,mild,3,2024
F5_set_camau,230.9052863405575,72,10.0926,0.0,220.0,0,6,21,5,100.0,1144,0.1,deficit,1440.0,2,mild,3,2024
F6_cat_camau,230.9052863405575,72,5.8333,0.0,220.0,1,3,22,5,100.0,1077,0.089,deficit,1440.0,2,mild,3,2024
F1_dat_cat,248.80814777036488,72,6.7593,0.0,240.0,1,6,19,3,60.0,1103,0.122,deficit,1440.0,2,mild,4,2024
F2_thit,248.80814777036488,72,9.1204,0.0,240.0,1,8,19,3,60.0,1074,0.122,deficit,1440.0,2,mild,4,2024
F3_set,240.28656588907765,72,7.1759,0.0,240.0,0,6,19,3,60.0,1138,0.122,deficit,1440.0,2,mild,4,2024
F4_thit_soc,240.28656588907765,72,8.9815,0.0,240.0,1,6,19,3,60.0,1150,0.122,deficit,1440.0,2,mild,4,2024
F5_set_camau,230.9052863405575,72,8.8426,0.0,220.0,0,7,19,2,40.0,1201,0.122,deficit,1440.0,2,mild,4,2024
F6_cat_camau,230.9052863405575,72,6.8981,0.0,220.0,0,6,20,2,40.0,1167,0.111,deficit,1440.0,2,mild,4,2024
F1_dat_cat,248.80814777036488,72,0.0,0.0,240.0,3,0,15,1,20.0,1159,0.167,deficit,1440.0,2,severe,0,2024
F2_thit,248.80814777036488,72,4.537,0.0,240.0,3,4,14,0,0.0,1144,0.178,deficit,1440.0,2,severe,0,2024
F3_set,240.28656588907765,72,1.4815,0.0,240.0,3,3,15,1,20.0,1258,0.167,deficit,1440.0,2,severe,0,2024
F4_thit_soc,240.28656588907765,72,3.75,0.0,240.0,3,4,15,1,20.0,1318,0.167,deficit,1440.0,2,severe,0,2024
F5_set_camau,230.9052863405575,72,0.0,0.0,220.0,3,4,16,1,20.0,1337,0.156,deficit,1440.0,2,severe,0,2024
F6_cat_camau,230.9052863405575,72,0.0,0.0,220.0,3,3,17,0,0.0,1312,0.144,deficit,1440.0,2,severe,0,2024
F1_dat_cat,248.80814777036488,72,3.3796,0.0,240.0,3,3,17,1,20.0,1148,0.144,deficit,1440.0,2,severe,1,2024
F2_thit,248.80814777036488,72,8.4722,0.0,240.0,1,8,16,1,20.0,1104,0.156,deficit,1440.0,2,severe,1,2024
F3_set,240.28656588907765,72,1.5278,0.0,240.0,2,6,16,1,20.0,1284,0.156,deficit,1440.0,2,severe,1,2024
F4_thit_soc,240.28656588907765,72,2.8704,0.0,240.0,2,6,16,1,20.0,1309,0.156,deficit,1440.0,2,severe,1,2024
F5_set_camau,230.9052863405575,72,1.5278,0.0,220.0,2,4,18,1,20.0,1245,0.133,deficit,1440.0,2,severe,1,2024
F6_cat_camau,230.9052863405575,72,0.9722,0.0,220.0,2,3,18,1,20.0,1166,0.133,deficit,1440.0,2,severe,1,2024
F1_dat_cat,248.80814777036488,72,12.3148,0.0,240.0,0,4,20,5,100.0,1150,0.111,deficit,1440.0,2,severe,2,2024
F2_thit,248.80814777036488,72,7.8704,0.0,240.0,2,7,18,2,40.0,1127,0.133,deficit,1440.0,2,severe,2,2024
F3_set,240.28656588907765,72,8.1019,0.0,240.0,3,4,19,5,100.0,1280,0.122,deficit,1440.0,2,severe,2,2024
F4_thit_soc,240.28656588907765,72,8.9815,0.0,240.0,3,4,19,5,100.0,1314,0.122,deficit,1440.0,2,severe,2,2024
F5_set_camau,230.9052863405575,72,13.5185,0.0,220.0,1,5,21,5,100.0,1204,0.1,deficit,1440.0,2,severe,2,2024
F6_cat_camau,230.9052863405575,72,9.9537,0.0,220.0,1,3,22,5,100.0,1137,0.089,deficit,1440.0,2,severe,2,2024
F1_dat_cat,248.80814777036488,72,3.5648,0.0,240.0,2,4,18,4,80.0,1149,0.133,deficit,1440.0,2,severe,3,2024
F2_thit,248.80814777036488,72,10.0463,0.0,240.0,2,4,18,4,80.0,1124,0.133,deficit,1440.0,2,severe,3,2024
F3_set,240.28656588907765,72,3.75,0.0,240.0,2,5,18,4,80.0,1214,0.133,deficit,1440.0,2,severe,3,2024
F4_thit_soc,240.28656588907765,72,8.8889,0.0,240.0,2,4,18,4,80.0,1257,0.133,deficit,1440.0,2,severe,3,2024
F5_set_camau,230.9052863405575,72,2.5,0.0,220.0,2,5,19,5,100.0,1209,0.122,deficit,1440.0,2,severe,3,2024
F6_cat_camau,230.9052863405575,72,9.0278,0.0,220.0,1,0,21,4,80.0,1023,0.1,deficit,1440.0,2,severe,3,2024
F1_dat_cat,248.80814777036488,72,3.5185,0.0,240.0,1,5,19,2,40.0,1126,0.122,deficit,1440.0,2,severe,4,2024
F2_thit,248.80814777036488,72,7.3611,0.0,240.0,2,7,18,2,40.0,1108,0.133,deficit,1440.0,2,severe,4,2024
F3_set,240.28656588907765,72,3.5648,0.0,240.0,1,6,18,2,40.0,1167,0.133,deficit,1440.0,2,severe,4,2024
F4_thit_soc,240.28656588907765,72,5.3241,0.0,240.0,1,7,18,2,40.0,1193,0.133,deficit,1440.0,2,severe,4,2024
F5_set_camau,230.9052863405575,72,1.713,0.0,220.0,3,3,19,2,40.0,1236,0.122,deficit,1440.0,2,severe,4,2024
F6_cat_camau,230.9052863405575,72,0.0463,0.0,220.0,3,1,20,1,20.0,1158,0.111,deficit,1440.0,2,severe,4,2024
F1_dat_cat,331.7441970271532,24,0.0,0.0,320.0,0,2,73,3,60.0,592,0.189,deficit,1920.0,6,mild,0,2024
F2_thit,331.7441970271532,24,0.0,0.0,320.0,0,9,74,3,60.0,680,0.178,deficit,1920.0,6,mild,0,2024
F3_set,320.38208785210355,24,0.0,0.0,320.0,0,4,75,3,60.0,758,0.167,deficit,1920.0,6,mild,0,2024
F4_thit_soc,320.38208785210355,24,0.0,0.0,320.0,0,9,75,3,60.0,817,0.167,deficit,1920.0,6,mild,0,2024
F5_set_camau,307.87371512074327,24,0.0,0.0,300.0,0,3,77,3,60.0,704,0.144,deficit,1920.0,6,mild,0,2024
F6_cat_camau,307.87371512074327,24,0.0,0.0,300.0,0,1,75,3,60.0,683,0.167,deficit,1920.0,6,mild,0,2024
F1_dat_cat,331.7441970271532,24,0.0,0.0,320.0,0,0,76,3,60.0,533,0.156,deficit,1920.0,6,mild,1,2024
F2_thit,331.7441970271532,24,0.0,0.0,320.0,0,8,74,3,60.0,641,0.178,deficit,1920.0,6,mild,1,2024
F3_set,320.38208785210355,24,0.0,0.0,320.0,0,5,76,4,80.0,779,0.156,deficit,1920.0,6,mild,1,2024
F4_thit_soc,320.38208785210355,24,0.0,0.0,320.0,0,8,76,4,80.0,789,0.156,deficit,1920.0,6,mild,1,2024
F5_set_camau,307.87371512074327,24,0.0,0.0,300.0,0,3,77,3,60.0,732,0.144,deficit,1920.0,6,mild,1,2024
F6_cat_camau,307.87371512074327,24,0.0,0.0,300.0,0,1,76,3,60.0,638,0.156,deficit,1920.0,6,mild,1,2024
F1_dat_cat,331.7441970271532,24,0.0,0.0,320.0,0,0,77,6,120.0,527,0.144,deficit,1920.0,6,mild,2,2024
F2_thit,331.7441970271532,24,0.0,0.0,320.0,0,7,79,8,160.0,568,0.122,deficit,1920.0,6,mild,2,2024
F3_set,320.38208785210355,24,0.0,0.0,320.0,0,1,78,8,160.0,614,0.133,deficit,1920.0,6,mild,2,2024
F4_thit_soc,320.38208785210355,24,0.0,0.0,320.0,0,6,78,8,160.0,767,0.133,deficit,1920.0,6,mild,2,2024
F5_set_camau,307.87371512074327,24,0.0,0.0,300.0,0,4,78,6,120.0,703,0.133,deficit,1920.0,6,mild,2,2024
F6_cat_camau,307.87371512074327,24,0.0,0.0,300.0,0,0,79,8,160.0,590,0.122,deficit,1920.0,6,mild,2,2024
F1_dat_cat,331.7441970271532,24,0.0,0.0,320.0,0,1,75,7,140.0,578,0.167,deficit,1920.0,6,mild,3,2024
F2_thit,331.7441970271532,24,0.0,0.0,320.0,0,8,78,8,160.0,588,0.133,deficit,1920.0,6,mild,3,2024
F3_set,320.38208785210355,24,0.0,0.0,320.0,0,4,77,6,120.0,712,0.144,deficit,1920.0,6,mild,3,2024
F4_thit_soc,320.38208785210355,24,0.0,0.0,320.0,0,6,77,7,140.0,767,0.144,deficit,1920.0,6,mild,3,2024
F5_set_camau,307.87371512074327,24,0.0,0.0,300.0,0,3,78,7,140.0,685,0.133,deficit,1920.0,6,mild,3,2024
F6_cat_camau,307.87371512074327,24,0.0,0.0,300.0,0,0,79,7,140.0,604,0.122,deficit,1920.0,6,mild,3,2024
F1_dat_cat,331.7441970271532,24,0.0,0.0,320.0,0,0,76,5,100.0,536,0.156,deficit,1920.0,6,mild,4,2024
F2_thit,331.7441970271532,24,0.0,0.0,320.0,0,8,75,5,100.0,622,0.167,deficit,1920.0,6,mild,4,2024
F3_set,320.38208785210355,24,0.0,0.0,320.0,0,0,78,5,100.0,660,0.133,deficit,1920.0,6,mild,4,2024
F4_thit_soc,320.38208785210355,24,0.0,0.0,320.0,0,6,78,5,100.0,722,0.133,deficit,1920.0,6,mild,4,2024
F5_set_camau,307.87371512074327,24,0.0,0.0,300.0,0,4,78,5,100.0,699,0.133,deficit,1920.0,6,mild,4,2024
F6_cat_camau,307.87371512074327,24,0.0,0.0,300.0,0,1,74,5,100.0,700,0.178,deficit,1920.0,6,mild,4,2024
F1_dat_cat,331.7441970271532,24,0.0,0.0,320.0,0,4,71,2,40.0,601,0.211,deficit,1920.0,6,severe,0,2024
F2_thit,331.7441970271532,24,0.0,0.0,320.0,0,9,71,1,20.0,745,0.211,deficit,1920.0,6,severe,0,2024
F3_set,320.38208785210355,24,0.0,0.0,320.0,0,6,70,3,60.0,848,0.222,deficit,1920.0,6,severe,0,2024
F4_thit_soc,320.38208785210355,24,0.0,0.0,320.0,0,8,72,3,60.0,862,0.2,deficit,1920.0,6,severe,0,2024
F5_set_camau,307.87371512074327,24,0.0,0.0,300.0,0,6,70,2,40.0,825,0.222,deficit,1920.0,6,severe,0,2024
F6_cat_camau,307.87371512074327,24,0.0,0.0,300.0,0,4,73,3,60.0,767,0.189,deficit,1920.0,6,severe,0,2024
F1_dat_cat,331.7441970271532,24,0.0,0.0,320.0,1,2,69,3,60.0,619,0.233,deficit,1920.0,6,severe,1,2024
F2_thit,331.7441970271532,24,0.0,0.0,320.0,0,11,71,3,60.0,820,0.211,deficit,1920.0,6,severe,1,2024
F3_set,320.38208785210355,24,0.0,0.0,320.0,0,2,73,3,60.0,765,0.189,deficit,1920.0,6,severe,1,2024
F4_thit_soc,320.38208785210355,24,0.0,0.0,320.0,0,11,68,3,60.0,1020,0.244,deficit,1920.0,6,severe,1,2024
F5_set_camau,307.87371512074327,24,0.0,0.0,300.0,0,4,73,3,60.0,839,0.189,deficit,1920.0,6,severe,1,2024
F6_cat_camau,307.87371512074327,24,0.0,0.0,300.0,0,2,75,3,60.0,778,0.167,deficit,1920.0,6,severe,1,2024
F1_dat_cat,331.7441970271532,24,0.0,0.0,320.0,0,3,74,5,100.0,619,0.178,deficit,1920.0,6,severe,2,2024
F2_thit,331.7441970271532,24,0.0,0.0,320.0,0,10,75,4,80.0,645,0.167,deficit,1920.0,6,severe,2,2024
F3_set,320.38208785210355,24,0.0,0.0,320.0,0,2,78,7,140.0,758,0.133,deficit,1920.0,6,severe,2,2024
F4_thit_soc,320.38208785210355,24,0.0,0.0,320.0,0,9,73,3,60.0,811,0.189,deficit,1920.0,6,severe,2,2024
F5_set_camau,307.87371512074327,24,0.0,0.0,300.0,0,5,76,4,80.0,806,0.156,deficit,1920.0,6,severe,2,2024
F6_cat_camau,307.87371512074327,24,0.0,0.0,300.0,0,1,76,3,60.0,719,0.156,deficit,1920.0,6,severe,2,2024
F1_dat_cat,331.7441970271532,24,0.0,0.0,320.0,1,1,73,5,100.0,588,0.189,deficit,1920.0,6,severe,3,2024
F2_thit,331.7441970271532,24,0.4167,0.0,320.0,1,10,69,4,80.0,802,0.233,deficit,1920.0,6,severe,3,2024
F3_set,320.38208785210355,24,0.0,0.0,320.0,1,3,73,6,120.0,844,0.189,deficit,1920.0,6,severe,3,2024
F4_thit_soc,320.38208785210355,24,0.3241,0.0,320.0,1,5,69,6,120.0,601,0.233,deficit,1920.0,6,severe,3,2024
F5_set_camau,307.87371512074327,24,0.0,0.0,300.0,1,3,71,6,120.0,633,0.211,deficit,1920.0,6,severe,3,2024
F6_cat_camau,307.87371512074327,24,0.0,0.0,300.0,0,3,73,6,120.0,656,0.189,deficit,1920.0,6,severe,3,2024
F1_dat_cat,331.7441970271532,24,0.0,0.0,320.0,0,4,74,4,80.0,534,0.178,deficit,1920.0,6,severe,4,2024
F2_thit,331.7441970271532,24,0.0,0.0,320.0,0,10,71,4,80.0,703,0.211,deficit,1920.0,6,severe,4,2024
F3_set,320.38208785210355,24,0.0,0.0,320.0,0,5,73,5,100.0,785,0.189,deficit,1920.0,6,severe,4,2024
F4_thit_soc,320.38208785210355,24,0.0,0.0,320.0,0,10,72,4,80.0,858,0.2,deficit,1920.0,6,severe,4,2024
F5_set_camau,307.87371512074327,24,0.0,0.0,300.0,0,4,74,2,40.0,746,0.178,deficit,1920.0,6,severe,4,2024
F6_cat_camau,307.87371512074327,24,0.0,0.0,300.0,0,2,77,5,100.0,632,0.144,deficit,1920.0,6,severe,4,2024
F1_dat_cat,331.7441970271532,48,0.0,0.0,320.0,0,8,32,3,60.0,661,0.144,deficit,1920.0,3,mild,0,2024
F2_thit,331.7441970271532,48,0.0,0.0,320.0,0,12,32,3,60.0,722,0.144,deficit,1920.0,3,mild,0,2024
F3_set,320.38208785210355,48,0.0,0.0,320.0,0,6,32,3,60.0,758,0.144,deficit,1920.0,3,mild,0,2024
F4_thit_soc,320.38208785210355,48,0.0,0.0,320.0,0,8,32,3,60.0,825,0.144,deficit,1920.0,3,mild,0,2024
F5_set_camau,307.87371512074327,48,0.0,0.0,300.0,0,10,30,3,60.0,844,0.167,deficit,1920.0,3,mild,0,2024
F6_cat_camau,307.87371512074327,48,0.0,0.0,300.0,0,5,30,3,60.0,785,0.167,deficit,1920.0,3,mild,0,2024
F1_dat_cat,331.7441970271532,48,0.0,0.0,320.0,0,7,32,4,80.0,629,0.144,deficit,1920.0,3,mild,1,2024
F2_thit,331.7441970271532,48,0.0,0.0,320.0,0,11,31,4,80.0,724,0.156,deficit,1920.0,3,mild,1,2024
F3_set,320.38208785210355,48,0.0,0.0,320.0,0,9,32,4,80.0,824,0.144,deficit,1920.0,3,mild,1,2024
F4_thit_soc,320.38208785210355,48,0.0,0.0,320.0,1,12,30,4,80.0,680,0.167,deficit,1920.0,3,mild,1,2024
F5_set_camau,307.87371512074327,48,0.0,0.0,300.0,0,7,31,3,60.0,759,0.156,deficit,1920.0,3,mild,1,2024
F6_cat_camau,307.87371512074327,48,0.0,0.0,300.0,0,3,31,3,60.0,703,0.156,deficit,1920.0,3,mild,1,2024
F1_dat_cat,331.7441970271532,48,0.0,0.0,320.0,0,5,33,6,120.0,559,0.133,deficit,1920.0,3,mild,2,2024
F2_thit,331.7441970271532,48,0.0,0.0,320.0,0,8,33,6,120.0,639,0.133,deficit,1920.0,3,mild,2,2024
F3_set,320.38208785210355,48,0.0,0.0,320.0,0,7,33,6,120.0,771,0.133,deficit,1920.0,3,mild,2,2024
F4_thit_soc,320.38208785210355,48,0.0,0.0,320.0,0,11,33,6,120.0,763,0.133,deficit,1920.0,3,mild,2,2024
F5_set_camau,307.87371512074327,48,0.0,0.0,300.0,0,6,34,7,140.0,701,0.122,deficit,1920.0,3,mild,2,2024
F6_cat_camau,307.87371512074327,48,0.0,0.0,300.0,0,4,34,7,140.0,703,0.122,deficit,1920.0,3,mild,2,2024
F1_dat_cat,331.7441970271532,48,0.0,0.0,320.0,0,7,31,8,160.0,627,0.156,deficit,1920.0,3,mild,3,2024
F2_thit,331.7441970271532,48,0.0,0.0,320.0,0,11,32,8,160.0,747,0.144,deficit,1920.0,3,mild,3,2024
F3_set,320.38208785210355,48,0.0,0.0,320.0,0,8,32,8,160.0,768,0.144,deficit,1920.0,3,mild,3,2024
F4_thit_soc,320.38208785210355,48,0.0,0.0,320.0,0,9,32,8,160.0,762,0.144,deficit,1920.0,3,mild,3,2024
F5_set_camau,307.87371512074327,48,0.0,0.0,300.0,0,9,34,7,140.0,797,0.122,deficit,1920.0,3,mild,3,2024
F6_cat_camau,307.87371512074327,48,0.0,0.0,300.0,0,3,34,7,140.0,703,0.122,deficit,1920.0,3,mild,3,2024
F1_dat_cat,331.7441970271532,48,0.0,0.0,320.0,0,6,32,4,80.0,591,0.144,deficit,1920.0,3,mild,4,2024
F2_thit,331.7441970271532,48,0.0,0.0,320.0,0,10,31,4,80.0,753,0.156,deficit,1920.0,3,mild,4,2024
F3_set,320.38208785210355,48,0.0,0.0,320.0,0,5,33,5,100.0,776,0.133,deficit,1920.0,3,mild,4,2024
F4_thit_soc,320.38208785210355,48,0.0,0.0,320.0,0,10,33,5,100.0,825,0.133,deficit,1920.0,3,mild,4,2024
F5_set_camau,307.87371512074327,48,0.0,0.0,300.0,0,7,32,5,100.0,774,0.144,deficit,1920.0,3,mild,4,2024
F6_cat_camau,307.87371512074327,48,0.0,0.0,300.0,0,3,32,5,100.0,686,0.144,deficit,1920.0,3,mild,4,2024
F1_dat_cat,331.7441970271532,48,1.4815,0.0,300.0,3,4,25,2,40.0,830,0.222,deficit,1920.0,3,severe,0,2024
F2_thit,331.7441970271532,48,2.5926,0.0,280.0,3,8,24,1,20.0,999,0.233,deficit,1920.0,3,severe,0,2024
F3_set,320.38208785210355,48,0.6019,0.0,300.0,3,7,25,2,40.0,879,0.222,deficit,1920.0,3,severe,0,2024
F4_thit_soc,320.38208785210355,48,1.3426,0.0,280.0,3,10,25,0,0.0,1150,0.222,deficit,1920.0,3,severe,0,2024
F5_set_camau,307.87371512074327,48,0.0,0.0,280.0,2,8,26,0,0.0,885,0.211,deficit,1920.0,3,severe,0,2024
F6_cat_camau,307.87371512074327,48,0.0,0.0,300.0,1,5,26,3,60.0,705,0.211,deficit,1920.0,3,severe,0,2024
F1_dat_cat,331.7441970271532,48,0.0,0.0,320.0,0,10,25,2,40.0,801,0.222,deficit,1920.0,3,severe,1,2024
F2_thit,331.7441970271532,48,0.0,0.0,320.0,3,8,28,3,60.0,876,0.189,deficit,1920.0,3,severe,1,2024
F3_set,320.38208785210355,48,0.0,0.0,320.0,1,11,29,3,60.0,841,0.178,deficit,1920.0,3,severe,1,2024
F4_thit_soc,320.38208785210355,48,0.0,0.0,320.0,1,13,29,3,60.0,989,0.178,deficit,1920.0,3,severe,1,2024
F5_set_camau,307.87371512074327,48,0.0,0.0,300.0,0,9,31,2,40.0,917,0.156,deficit,1920.0,3,severe,1,2024
F6_cat_camau,307.87371512074327,48,0.0,0.0,300.0,0,4,32,3,60.0,738,0.144,deficit,1920.0,3,severe,1,2024
F1_dat_cat,331.7441970271532,48,0.0,0.0,320.0,0,7,31,6,120.0,676,0.156,deficit,1920.0,3,severe,2,2024
F2_thit,331.7441970271532,48,0.0,0.0,320.0,1,9,31,6,120.0,874,0.156,deficit,1920.0,3,severe,2,2024
F3_set,320.38208785210355,48,0.0,0.0,320.0,0,9,31,5,100.0,883,0.156,deficit,1920.0,3,severe,2,2024
F4_thit_soc,320.38208785210355,48,0.0,0.0,320.0,0,11,31,5,100.0,958,0.156,deficit,1920.0,3,severe,2,2024
F5_set_camau,307.87371512074327,48,0.0,0.0,300.0,0,6,33,5,100.0,821,0.133,deficit,1920.0,3,severe,2,2024
F6_cat_camau,307.87371512074327,48,0.0,0.0,300.0,0,4,32,4,80.0,754,0.144,deficit,1920.0,3,severe,2,2024
F1_dat_cat,331.7441970271532,48,0.0,0.0,320.0,1,3,34,6,120.0,526,0.122,deficit,1920.0,3,severe,3,2024
F2_thit,331.7441970271532,48,1.5278,0.0,320.0,2,7,30,6,120.0,741,0.167,deficit,1920.0,3,severe,3,2024
F3_set,320.38208785210355,48,0.0,0.0,320.0,2,5,32,6,120.0,736,0.144,deficit,1920.0,3,severe,3,2024
F4_thit_soc,320.38208785210355,48,1.4352,0.0,320.0,2,6,32,6,120.0,776,0.144,deficit,1920.0,3,severe,3,2024
F5_set_camau,307.87371512074327,48,0.0,0.0,300.0,1,3,32,5,100.0,758,0.144,deficit,1920.0,3,severe,3,2024
F6_cat_camau,307.87371512074327,48,0.0,0.0,300.0,1,4,32,6,120.0,536,0.144,deficit,1920.0,3,severe,3,2024
F1_dat_cat,331.7441970271532,48,0.0,0.0,320.0,0,9,27,3,60.0,743,0.2,deficit,1920.0,3,severe,4,2024
F2_thit,331.7441970271532,48,0.0,0.0,320.0,0,11,28,3,60.0,765,0.189,deficit,1920.0,3,severe,4,2024
F3_set,320.38208785210355,48,0.0,0.0,320.0,1,7,30,3,60.0,698,0.167,deficit,1920.0,3,severe,4,2024
F4_thit_soc,320.38208785210355,48,0.0,0.0,320.0,0,11,30,3,60.0,734,0.167,deficit,1920.0,3,severe,4,2024
F5_set_camau,307.87371512074327,48,0.0,0.0,300.0,0,9,33,4,80.0,810,0.133,deficit,1920.0,3,severe,4,2024
F6_cat_camau,307.87371512074327,48,0.0,0.0,300.0,0,6,28,4,80.0,649,0.189,deficit,1920.0,3,severe,4,2024
F1_dat_cat,331.7441970271532,72,0.0,0.0,320.0,0,8,15,3,60.0,678,0.167,deficit,1920.0,2,mild,0,2024
F2_thit,331.7441970271532,72,0.0,0.0,320.0,1,10,15,3,60.0,752,0.167,deficit,1920.0,2,mild,0,2024
F3_set,320.38208785210355,72,0.0,0.0,320.0,1,8,15,3,60.0,708,0.167,deficit,1920.0,2,mild,0,2024
F4_thit_soc,320.38208785210355,72,0.0,0.0,300.0,1,10,15,3,60.0,951,0.167,deficit,1920.0,2,mild,0,2024
F5_set_camau,307.87371512074327,72,0.0,0.0,300.0,1,9,16,3,60.0,743,0.156,deficit,1920.0,2,mild,0,2024
F6_cat_camau,307.87371512074327,72,0.0,0.0,300.0,0,7,16,3,60.0,676,0.156,deficit,1920.0,2,mild,0,2024
F1_dat_cat,331.7441970271532,72,0.0,0.0,320.0,0,6,17,4,80.0,633,0.144,deficit,1920.0,2,mild,1,2024
F2_thit,331.7441970271532,72,0.0,0.0,320.0,0,8,17,4,80.0,731,0.144,deficit,1920.0,2,mild,1,2024
F3_set,320.38208785210355,72,0.0,0.0,320.0,0,10,16,4,80.0,674,0.156,deficit,1920.0,2,mild,1,2024
F4_thit_soc,320.38208785210355,72,0.0,0.0,320.0,0,10,16,4,80.0,715,0.156,deficit,1920.0,2,mild,1,2024
F5_set_camau,307.87371512074327,72,0.0,0.0,300.0,0,8,17,3,60.0,796,0.144,deficit,1920.0,2,mild,1,2024
F6_cat_camau,307.87371512074327,72,0.0,0.0,300.0,0,6,17,3,60.0,645,0.144,deficit,1920.0,2,mild,1,2024
F1_dat_cat,331.7441970271532,72,0.0,0.0,320.0,0,6,17,6,120.0,620,0.144,deficit,1920.0,2,mild,2,2024
F2_thit,331.7441970271532,72,0.0,0.0,320.0,1,9,18,7,140.0,679,0.133,deficit,1920.0,2,mild,2,2024
F3_set,320.38208785210355,72,0.0,0.0,320.0,0,8,18,7,140.0,670,0.133,deficit,1920.0,2,mild,2,2024
F4_thit_soc,320.38208785210355,72,0.0,0.0,320.0,0,9,18,7,140.0,632,0.133,deficit,1920.0,2,mild,2,2024
F5_set_camau,307.87371512074327,72,0.0,0.0,300.0,0,7,19,8,160.0,777,0.122,deficit,1920.0,2,mild,2,2024
F6_cat_camau,307.87371512074327,72,0.0,0.0,300.0,1,3,20,7,160.0,733,0.111,deficit,1920.0,2,mild,2,2024
F1_dat_cat,331.7441970271532,72,0.0,0.0,320.0,0,7,18,7,140.0,615,0.133,deficit,1920.0,2,mild,3,2024
F2_thit,331.7441970271532,72,0.0,0.0,320.0,1,9,16,7,140.0,721,0.156,deficit,1920.0,2,mild,3,2024
F3_set,320.38208785210355,72,0.0,0.0,320.0,2,8,17,7,140.0,923,0.144,deficit,1920.0,2,mild,3,2024
F4_thit_soc,320.38208785210355,72,0.0,0.0,320.0,0,8,18,7,140.0,631,0.133,deficit,1920.0,2,mild,3,2024
F5_set_camau,307.87371512074327,72,0.0,0.0,280.0,2,6,17,5,100.0,889,0.144,deficit,1920.0,2,mild,3,2024
F6_cat_camau,307.87371512074327,72,0.0,0.0,280.0,2,4,18,5,100.0,811,0.133,deficit,1920.0,2,mild,3,2024
F1_dat_cat,331.7441970271532,72,0.0,0.0,320.0,1,6,16,5,100.0,611,0.156,deficit,1920.0,2,mild,4,2024
F2_thit,331.7441970271532,72,0.0,0.0,320.0,1,10,16,5,100.0,722,0.156,deficit,1920.0,2,mild,4,2024
F3_set,320.38208785210355,72,0.0,0.0,320.0,0,9,16,5,100.0,692,0.156,deficit,1920.0,2,mild,4,2024
F4_thit_soc,320.38208785210355,72,0.0,0.0,320.0,1,9,16,5,100.0,703,0.156,deficit,1920.0,2,mild,4,2024
F5_set_camau,307.87371512074327,72,0.0,0.0,300.0,0,7,17,5,100.0,686,0.144,deficit,1920.0,2,mild,4,2024
F6_cat_camau,307.87371512074327,72,0.0,0.0,300.0,0,6,18,5,100.0,660,0.133,deficit,1920.0,2,mild,4,2024
F1_dat_cat,331.7441970271532,72,0.0,0.0,300.0,3,0,13,2,40.0,777,0.189,deficit,1920.0,2,severe,0,2024
F2_thit,331.7441970271532,72,3.4259,0.0,280.0,3,5,13,1,20.0,927,0.189,deficit,1920.0,2,severe,0,2024
F3_set,320.38208785210355,72,1.4815,0.0,260.0,3,3,13,1,20.0,1170,0.189,deficit,1920.0,2,severe,0,2024
F4_thit_soc,320.38208785210355,72,3.75,0.0,280.0,3,5,14,2,40.0,994,0.178,deficit,1920.0,2,severe,0,2024
F5_set_camau,307.87371512074327,72,0.0,0.0,280.0,3,5,14,2,40.0,952,0.178,deficit,1920.0,2,severe,0,2024
F6_cat_camau,307.87371512074327,72,0.0,0.0,260.0,3,3,15,1,20.0,1013,0.167,deficit,1920.0,2,severe,0,2024
F1_dat_cat,331.7441970271532,72,0.0,0.0,300.0,4,3,14,1,20.0,827,0.178,deficit,1920.0,2,severe,1,2024
F2_thit,331.7441970271532,72,3.287,0.0,300.0,2,8,13,1,20.0,898,0.189,deficit,1920.0,2,severe,1,2024
F3_set,320.38208785210355,72,1.5278,0.0,280.0,3,6,13,1,20.0,962,0.189,deficit,1920.0,2,severe,1,2024
F4_thit_soc,320.38208785210355,72,1.8519,0.0,260.0,3,6,12,1,20.0,1287,0.2,deficit,1920.0,2,severe,1,2024
F5_set_camau,307.87371512074327,72,0.0,0.0,280.0,3,4,16,1,20.0,865,0.156,deficit,1920.0,2,severe,1,2024
F6_cat_camau,307.87371512074327,72,0.0,0.0,280.0,3,3,15,1,20.0,799,0.167,deficit,1920.0,2,severe,1,2024
F1_dat_cat,331.7441970271532,72,0.0,0.0,320.0,1,4,16,6,120.0,819,0.156,deficit,1920.0,2,severe,2,2024
F2_thit,331.7441970271532,72,0.0,0.0,320.0,2,10,15,3,60.0,821,0.167,deficit,1920.0,2,severe,2,2024
F3_set,320.38208785210355,72,0.0,0.0,320.0,3,7,16,5,100.0,855,0.156,deficit,1920.0,2,severe,2,2024
F4_thit_soc,320.38208785210355,72,0.0,0.0,320.0,3,7,16,6,120.0,870,0.156,deficit,1920.0,2,severe,2,2024
F5_set_camau,307.87371512074327,72,0.0,0.0,300.0,2,7,17,6,120.0,1024,0.144,deficit,1920.0,2,severe,2,2024
F6_cat_camau,307.87371512074327,72,0.0,0.0,300.0,1,6,17,5,100.0,918,0.144,deficit,1920.0,2,severe,2,2024
F1_dat_cat,331.7441970271532,72,0.0,0.0,320.0,2,4,16,5,100.0,714,0.156,deficit,1920.0,2,severe,3,2024
F2_thit,331.7441970271532,72,4.3056,0.0,300.0,2,4,17,5,100.0,822,0.144,deficit,1920.0,2,severe,3,2024
F3_set,320.38208785210355,72,0.0,0.0,320.0,3,5,16,5,100.0,971,0.156,deficit,1920.0,2,severe,3,2024
F4_thit_soc,320.38208785210355,72,3.1481,0.0,300.0,2,5,17,5,100.0,878,0.144,deficit,1920.0,2,severe,3,2024
F5_set_camau,307.87371512074327,72,0.0,0.0,300.0,2,6,17,6,120.0,778,0.144,deficit,1920.0,2,severe,3,2024
F6_cat_camau,307.87371512074327,72,0.0,0.0,300.0,2,0,18,5,100.0,580,0.133,deficit,1920.0,2,severe,3,2024
F1_dat_cat,331.7441970271532,72,0.0,0.0,320.0,1,5,17,3,80.0,656,0.144,deficit,1920.0,2,severe,4,2024
F2_thit,331.7441970271532,72,1.713,0.0,320.0,2,9,16,3,80.0,852,0.156,deficit,1920.0,2,severe,4,2024
F3_set,320.38208785210355,72,0.0,0.0,320.0,1,8,16,3,80.0,710,0.156,deficit,1920.0,2,severe,4,2024
F4_thit_soc,320.38208785210355,72,0.6019,0.0,320.0,1,9,16,3,80.0,782,0.156,deficit,1920.0,2,severe,4,2024
F5_set_camau,307.87371512074327,72,1.713,0.0,280.0,3,5,18,2,60.0,798,0.133,deficit,1920.0,2,severe,4,2024
F6_cat_camau,307.87371512074327,72,0.0,0.0,300.0,3,2,17,2,40.0,710,0.144,deficit,1920.0,2,severe,4,2024
F1_dat_cat,inf,24,0.0,0.0,340.0,0,2,72,3,60.0,450,0.2,deficit,inf,6,mild,0,2024
F2_thit,inf,24,0.0,0.0,380.0,0,10,72,4,80.0,532,0.2,deficit,inf,6,mild,0,2024
F3_set,inf,24,0.0,0.0,340.0,0,5,74,3,60.0,434,0.178,deficit,inf,6,mild,0,2024
F4_thit_soc,inf,24,0.0,0.0,340.0,0,10,74,3,60.0,493,0.178,deficit,inf,6,mild,0,2024
F5_set_camau,inf,24,0.0,0.0,320.0,0,3,76,3,60.0,400,0.156,deficit,inf,6,mild,0,2024
F6_cat_camau,inf,24,0.0,0.0,320.0,0,2,73,3,60.0,402,0.189,deficit,inf,6,mild,0,2024
F1_dat_cat,inf,24,0.0,0.0,360.0,0,0,74,3,60.0,326,0.178,deficit,inf,6,mild,1,2024
F2_thit,inf,24,0.0,0.0,360.0,0,8,72,3,60.0,469,0.2,deficit,inf,6,mild,1,2024
F3_set,inf,24,0.0,0.0,340.0,0,5,75,4,80.0,455,0.167,deficit,inf,6,mild,1,2024
F4_thit_soc,inf,24,0.0,0.0,340.0,0,9,75,4,80.0,465,0.167,deficit,inf,6,mild,1,2024
F5_set_camau,inf,24,0.0,0.0,320.0,0,3,77,4,80.0,402,0.144,deficit,inf,6,mild,1,2024
F6_cat_camau,inf,24,0.0,0.0,320.0,0,1,75,4,80.0,327,0.167,deficit,inf,6,mild,1,2024
F1_dat_cat,inf,24,0.0,0.0,360.0,0,0,75,6,120.0,321,0.167,deficit,inf,6,mild,2,2024
F2_thit,inf,24,0.0,0.0,360.0,0,9,77,8,160.0,387,0.144,deficit,inf,6,mild,2,2024
F3_set,inf,24,0.0,0.0,340.0,0,1,77,8,160.0,330,0.144,deficit,inf,6,mild,2,2024
F4_thit_soc,inf,24,0.0,0.0,340.0,0,6,77,8,160.0,449,0.144,deficit,inf,6,mild,2,2024
F5_set_camau,inf,24,0.0,0.0,320.0,0,4,77,6,120.0,400,0.144,deficit,inf,6,mild,2,2024
F6_cat_camau,inf,24,0.0,0.0,320.0,0,0,78,8,160.0,265,0.133,deficit,inf,6,mild,2,2024
F1_dat_cat,inf,24,0.0,0.0,360.0,0,2,72,8,160.0,436,0.2,deficit,inf,6,mild,3,2024
F2_thit,inf,24,0.0,0.0,360.0,0,9,77,9,180.0,377,0.144,deficit,inf,6,mild,3,2024
F3_set,inf,24,0.0,0.0,360.0,0,5,76,7,140.0,388,0.156,deficit,inf,6,mild,3,2024
F4_thit_soc,inf,24,0.0,0.0,360.0,0,7,75,8,160.0,443,0.167,deficit,inf,6,mild,3,2024
F5_set_camau,inf,24,0.0,0.0,320.0,0,3,78,8,160.0,356,0.133,deficit,inf,6,mild,3,2024
F6_cat_camau,inf,24,0.0,0.0,320.0,0,0,79,8,160.0,244,0.122,deficit,inf,6,mild,3,2024
F1_dat_cat,inf,24,0.0,0.0,360.0,0,0,75,6,120.0,319,0.167,deficit,inf,6,mild,4,2024
F2_thit,inf,24,0.0,0.0,360.0,0,8,74,6,120.0,436,0.178,deficit,inf,6,mild,4,2024
F3_set,inf,24,0.0,0.0,360.0,0,0,77,6,120.0,312,0.144,deficit,inf,6,mild,4,2024
F4_thit_soc,inf,24,0.0,0.0,360.0,0,7,77,6,120.0,374,0.144,deficit,inf,6,mild,4,2024
F5_set_camau,inf,24,0.0,0.0,320.0,0,5,77,5,100.0,377,0.144,deficit,inf,6,mild,4,2024
F6_cat_camau,inf,24,0.0,0.0,320.0,0,1,73,5,100.0,396,0.189,deficit,inf,6,mild,4,2024
F1_dat_cat,inf,24,0.0,0.0,340.0,0,4,70,2,40.0,472,0.222,deficit,inf,6,severe,0,2024
F2_thit,inf,24,0.0,0.0,340.0,0,10,70,1,20.0,618,0.222,deficit,inf,6,severe,0,2024
F3_set,inf,24,0.0,0.0,340.0,0,6,69,3,60.0,574,0.233,deficit,inf,6,severe,0,2024
F4_thit_soc,inf,24,0.0,0.0,340.0,0,9,71,3,60.0,584,0.211,deficit,inf,6,severe,0,2024
F5_set_camau,inf,24,0.0,0.0,320.0,0,7,69,2,40.0,555,0.233,deficit,inf,6,severe,0,2024
F6_cat_camau,inf,24,0.0,0.0,320.0,0,4,72,3,60.0,493,0.2,deficit,inf,6,severe,0,2024
F1_dat_cat,inf,24,0.0,0.0,340.0,1,2,68,3,60.0,487,0.244,deficit,inf,6,severe,1,2024
F2_thit,inf,24,0.0,0.0,360.0,0,13,67,3,60.0,666,0.256,deficit,inf,6,severe,1,2024
F3_set,inf,24,0.0,0.0,340.0,0,2,72,3,60.0,443,0.2,deficit,inf,6,severe,1,2024
F4_thit_soc,inf,24,0.0,0.0,340.0,0,11,67,3,60.0,698,0.256,deficit,inf,6,severe,1,2024
F5_set_camau,inf,24,0.0,0.0,340.0,0,5,70,3,60.0,529,0.222,deficit,inf,6,severe,1,2024
F6_cat_camau,inf,24,0.0,0.0,320.0,0,2,74,3,60.0,491,0.178,deficit,inf,6,severe,1,2024
F1_dat_cat,inf,24,0.0,0.0,360.0,0,3,72,5,100.0,425,0.2,deficit,inf,6,severe,2,2024
F2_thit,inf,24,0.0,0.0,360.0,0,10,73,4,80.0,480,0.189,deficit,inf,6,severe,2,2024
F3_set,inf,24,0.0,0.0,380.0,0,3,75,7,140.0,363,0.167,deficit,inf,6,severe,2,2024
F4_thit_soc,inf,24,0.0,0.0,340.0,0,9,72,3,60.0,510,0.2,deficit,inf,6,severe,2,2024
F5_set_camau,inf,24,0.0,0.0,340.0,0,5,74,4,80.0,449,0.178,deficit,inf,6,severe,2,2024
F6_cat_camau,inf,24,0.0,0.0,320.0,0,1,75,3,60.0,416,0.167,deficit,inf,6,severe,2,2024
F1_dat_cat,inf,24,0.0,0.0,340.0,1,1,73,6,120.0,426,0.189,deficit,inf,6,severe,3,2024
F2_thit,inf,24,0.4167,0.0,340.0,1,10,69,5,100.0,654,0.233,deficit,inf,6,severe,3,2024
F3_set,inf,24,0.0,0.0,340.0,1,4,72,7,140.0,520,0.2,deficit,inf,6,severe,3,2024
F4_thit_soc,inf,24,0.3241,0.0,320.0,1,5,69,6,120.0,601,0.233,deficit,inf,6,severe,3,2024
F5_set_camau,inf,24,0.0,0.0,320.0,1,3,71,7,140.0,451,0.211,deficit,inf,6,severe,3,2024
F6_cat_camau,inf,24,0.0,0.0,320.0,0,3,72,7,140.0,423,0.2,deficit,inf,6,severe,3,2024
F1_dat_cat,inf,24,0.0,0.0,360.0,0,4,73,5,100.0,372,0.189,deficit,inf,6,severe,4,2024
F2_thit,inf,24,0.0,0.0,360.0,0,11,70,5,100.0,578,0.222,deficit,inf,6,severe,4,2024
F3_set,inf,24,0.0,0.0,360.0,0,5,72,6,120.0,479,0.2,deficit,inf,6,severe,4,2024
F4_thit_soc,inf,24,0.0,0.0,360.0,0,11,71,5,100.0,581,0.211,deficit,inf,6,severe,4,2024
F5_set_camau,inf,24,0.0,0.0,320.0,0,4,73,2,40.0,437,0.189,deficit,inf,6,severe,4,2024
F6_cat_camau,inf,24,0.0,0.0,320.0,0,2,76,5,100.0,323,0.156,deficit,inf,6,severe,4,2024
F1_dat_cat,inf,48,0.0,0.0,340.0,0,9,30,3,60.0,587,0.167,deficit,inf,3,mild,0,2024
F2_thit,inf,48,0.0,0.0,340.0,0,13,31,3,60.0,672,0.156,deficit,inf,3,mild,0,2024
F3_set,inf,48,0.0,0.0,340.0,0,7,31,3,60.0,476,0.156,deficit,inf,3,mild,0,2024
F4_thit_soc,inf,48,0.0,0.0,340.0,0,8,31,3,60.0,551,0.156,deficit,inf,3,mild,0,2024
F5_set_camau,inf,48,0.0,0.0,320.0,0,10,29,3,60.0,657,0.178,deficit,inf,3,mild,0,2024
F6_cat_camau,inf,48,0.0,0.0,320.0,0,5,29,3,60.0,577,0.178,deficit,inf,3,mild,0,2024
F1_dat_cat,inf,48,0.0,0.0,340.0,0,7,31,4,80.0,497,0.156,deficit,inf,3,mild,1,2024
F2_thit,inf,48,0.0,0.0,340.0,0,11,30,4,80.0,621,0.167,deficit,inf,3,mild,1,2024
F3_set,inf,48,0.0,0.0,340.0,1,9,30,4,80.0,764,0.167,deficit,inf,3,mild,1,2024
F4_thit_soc,inf,48,0.0,0.0,320.0,1,12,30,4,80.0,680,0.167,deficit,inf,3,mild,1,2024
F5_set_camau,inf,48,0.0,0.0,300.0,0,7,30,3,60.0,759,0.167,deficit,inf,3,mild,1,2024
F6_cat_camau,inf,48,0.0,0.0,300.0,0,3,30,3,60.0,703,0.167,deficit,inf,3,mild,1,2024
F1_dat_cat,inf,48,0.0,0.0,340.0,0,6,32,6,120.0,434,0.144,deficit,inf,3,mild,2,2024
F2_thit,inf,48,0.0,0.0,340.0,0,9,32,6,120.0,531,0.144,deficit,inf,3,mild,2,2024
F3_set,inf,48,0.0,0.0,340.0,0,7,32,6,120.0,496,0.144,deficit,inf,3,mild,2,2024
F4_thit_soc,inf,48,0.0,0.0,320.0,0,11,33,6,120.0,763,0.133,deficit,inf,3,mild,2,2024
F5_set_camau,inf,48,0.0,0.0,320.0,0,6,33,7,140.0,390,0.133,deficit,inf,3,mild,2,2024
F6_cat_camau,inf,48,0.0,0.0,320.0,0,5,33,7,140.0,453,0.133,deficit,inf,3,mild,2,2024
F1_dat_cat,inf,48,0.0,0.0,360.0,0,8,29,9,180.0,564,0.178,deficit,inf,3,mild,3,2024
F2_thit,inf,48,0.0,0.0,360.0,0,12,30,9,180.0,676,0.167,deficit,inf,3,mild,3,2024
F3_set,inf,48,0.0,0.0,360.0,0,8,31,9,180.0,519,0.156,deficit,inf,3,mild,3,2024
F4_thit_soc,inf,48,0.0,0.0,320.0,0,9,32,8,160.0,762,0.144,deficit,inf,3,mild,3,2024
F5_set_camau,inf,48,0.0,0.0,320.0,0,10,33,8,160.0,554,0.133,deficit,inf,3,mild,3,2024
F6_cat_camau,inf,48,0.0,0.0,320.0,0,4,33,8,160.0,453,0.133,deficit,inf,3,mild,3,2024
F1_dat_cat,inf,48,0.0,0.0,360.0,0,6,31,5,100.0,453,0.156,deficit,inf,3,mild,4,2024
F2_thit,inf,48,0.0,0.0,360.0,0,10,30,5,100.0,634,0.167,deficit,inf,3,mild,4,2024
F3_set,inf,48,0.0,0.0,360.0,0,5,32,6,120.0,495,0.144,deficit,inf,3,mild,4,2024
F4_thit_soc,inf,48,0.0,0.0,360.0,0,11,32,6,120.0,545,0.144,deficit,inf,3,mild,4,2024
F5_set_camau,inf,48,0.0,0.0,320.0,0,8,31,5,100.0,547,0.156,deficit,inf,3,mild,4,2024
F6_cat_camau,inf,48,0.0,0.0,320.0,0,3,31,5,100.0,455,0.156,deficit,inf,3,mild,4,2024
F1_dat_cat,inf,48,1.4815,0.0,300.0,3,4,25,2,40.0,830,0.222,deficit,inf,3,severe,0,2024
F2_thit,inf,48,2.5926,0.0,280.0,3,8,24,1,20.0,999,0.233,deficit,inf,3,severe,0,2024
F3_set,inf,48,0.6019,0.0,300.0,3,7,25,2,40.0,879,0.222,deficit,inf,3,severe,0,2024
F4_thit_soc,inf,48,1.3426,0.0,280.0,3,10,25,0,0.0,1150,0.222,deficit,inf,3,severe,0,2024
F5_set_camau,inf,48,0.0,0.0,280.0,2,8,26,0,0.0,885,0.211,deficit,inf,3,severe,0,2024
F6_cat_camau,inf,48,0.0,0.0,300.0,1,5,26,3,60.0,705,0.211,deficit,inf,3,severe,0,2024
F1_dat_cat,inf,48,0.0,0.0,340.0,0,10,24,2,40.0,787,0.233,deficit,inf,3,severe,1,2024
F2_thit,inf,48,0.0,0.0,340.0,3,9,27,3,60.0,843,0.2,deficit,inf,3,severe,1,2024
F3_set,inf,48,0.0,0.0,320.0,1,11,29,3,60.0,841,0.178,deficit,inf,3,severe,1,2024
F4_thit_soc,inf,48,0.0,0.0,320.0,1,13,29,3,60.0,989,0.178,deficit,inf,3,severe,1,2024
F5_set_camau,inf,48,0.0,0.0,320.0,0,9,30,3,60.0,607,0.167,deficit,inf,3,severe,1,2024
F6_cat_camau,inf,48,0.0,0.0,320.0,0,4,31,3,60.0,502,0.156,deficit,inf,3,severe,1,2024
F1_dat_cat,inf,48,0.0,0.0,340.0,0,7,30,6,120.0,558,0.167,deficit,inf,3,severe,2,2024
F2_thit,inf,48,0.0,0.0,360.0,1,11,29,6,120.0,720,0.178,deficit,inf,3,severe,2,2024
F3_set,inf,48,0.0,0.0,340.0,0,10,30,5,100.0,602,0.167,deficit,inf,3,severe,2,2024
F4_thit_soc,inf,48,0.0,0.0,340.0,0,12,30,5,100.0,679,0.167,deficit,inf,3,severe,2,2024
F5_set_camau,inf,48,0.0,0.0,320.0,0,6,32,5,100.0,623,0.144,deficit,inf,3,severe,2,2024
F6_cat_camau,inf,48,0.0,0.0,320.0,0,4,31,4,80.0,529,0.156,deficit,inf,3,severe,2,2024
F1_dat_cat,inf,48,0.0,0.0,340.0,1,3,33,7,140.0,404,0.133,deficit,inf,3,severe,3,2024
F2_thit,inf,48,1.5278,0.0,320.0,2,7,30,6,120.0,741,0.167,deficit,inf,3,severe,3,2024
F3_set,inf,48,0.0,0.0,320.0,2,5,32,6,120.0,736,0.144,deficit,inf,3,severe,3,2024
F4_thit_soc,inf,48,1.4352,0.0,320.0,2,6,32,6,120.0,776,0.144,deficit,inf,3,severe,3,2024
F5_set_camau,inf,48,0.0,0.0,320.0,1,3,32,6,120.0,414,0.144,deficit,inf,3,severe,3,2024
F6_cat_camau,inf,48,0.0,0.0,300.0,1,4,32,6,120.0,536,0.144,deficit,inf,3,severe,3,2024
F1_dat_cat,inf,48,0.0,0.0,320.0,0,9,27,3,60.0,743,0.2,deficit,inf,3,severe,4,2024
F2_thit,inf,48,0.0,0.0,360.0,0,12,27,4,80.0,719,0.2,deficit,inf,3,severe,4,2024
F3_set,inf,48,0.0,0.0,320.0,1,7,30,3,60.0,698,0.167,deficit,inf,3,severe,4,2024
F4_thit_soc,inf,48,0.0,0.0,320.0,0,11,30,3,60.0,734,0.167,deficit,inf,3,severe,4,2024
F5_set_camau,inf,48,0.0,0.0,320.0,0,10,32,4,80.0,560,0.144,deficit,inf,3,severe,4,2024
F6_cat_camau,inf,48,0.0,0.0,300.0,0,6,28,4,80.0,649,0.189,deficit,inf,3,severe,4,2024
F1_dat_cat,inf,72,0.0,0.0,340.0,0,8,14,3,60.0,620,0.178,deficit,inf,2,mild,0,2024
F2_thit,inf,72,0.0,0.0,320.0,1,10,15,3,60.0,752,0.167,deficit,inf,2,mild,0,2024
F3_set,inf,72,0.0,0.0,320.0,1,8,15,3,60.0,708,0.167,deficit,inf,2,mild,0,2024
F4_thit_soc,inf,72,0.0,0.0,300.0,1,10,15,3,60.0,951,0.167,deficit,inf,2,mild,0,2024
F5_set_camau,inf,72,0.0,0.0,300.0,1,9,16,3,60.0,743,0.156,deficit,inf,2,mild,0,2024
F6_cat_camau,inf,72,0.0,0.0,300.0,0,7,16,3,60.0,676,0.156,deficit,inf,2,mild,0,2024
F1_dat_cat,inf,72,0.0,0.0,340.0,0,6,16,4,80.0,563,0.156,deficit,inf,2,mild,1,2024
F2_thit,inf,72,0.0,0.0,340.0,0,9,16,4,80.0,633,0.156,deficit,inf,2,mild,1,2024
F3_set,inf,72,0.0,0.0,320.0,0,10,16,4,80.0,674,0.156,deficit,inf,2,mild,1,2024
F4_thit_soc,inf,72,0.0,0.0,320.0,0,10,16,4,80.0,715,0.156,deficit,inf,2,mild,1,2024
F5_set_camau,inf,72,0.0,0.0,300.0,0,8,17,3,60.0,796,0.144,deficit,inf,2,mild,1,2024
F6_cat_camau,inf,72,0.0,0.0,300.0,0,6,17,3,60.0,645,0.144,deficit,inf,2,mild,1,2024
F1_dat_cat,inf,72,0.0,0.0,340.0,0,6,16,6,120.0,552,0.156,deficit,inf,2,mild,2,2024
F2_thit,inf,72,0.0,0.0,340.0,1,9,17,7,140.0,637,0.144,deficit,inf,2,mild,2,2024
F3_set,inf,72,0.0,0.0,320.0,0,8,18,7,140.0,670,0.133,deficit,inf,2,mild,2,2024
F4_thit_soc,inf,72,0.0,0.0,320.0,0,9,18,7,140.0,632,0.133,deficit,inf,2,mild,2,2024
F5_set_camau,inf,72,0.0,0.0,320.0,0,7,18,8,160.0,563,0.133,deficit,inf,2,mild,2,2024
F6_cat_camau,inf,72,0.0,0.0,320.0,1,3,19,8,180.0,472,0.122,deficit,inf,2,mild,2,2024
F1_dat_cat,inf,72,0.0,0.0,320.0,0,7,18,7,140.0,615,0.133,deficit,inf,2,mild,3,2024
F2_thit,inf,72,0.0,0.0,320.0,1,9,16,7,140.0,721,0.156,deficit,inf,2,mild,3,2024
F3_set,inf,72,0.0,0.0,340.0,1,8,18,7,160.0,647,0.133,deficit,inf,2,mild,3,2024
F4_thit_soc,inf,72,0.0,0.0,320.0,0,8,18,7,140.0,631,0.133,deficit,inf,2,mild,3,2024
F5_set_camau,inf,72,0.0,0.0,280.0,2,6,17,5,100.0,889,0.144,deficit,inf,2,mild,3,2024
F6_cat_camau,inf,72,0.0,0.0,320.0,2,4,18,6,140.0,647,0.133,deficit,inf,2,mild,3,2024
F1_dat_cat,inf,72,0.0,0.0,360.0,1,6,15,6,120.0,568,0.167,deficit,inf,2,mild,4,2024
F2_thit,inf,72,0.0,0.0,320.0,1,10,16,5,100.0,722,0.156,deficit,inf,2,mild,4,2024
F3_set,inf,72,0.0,0.0,320.0,0,9,16,5,100.0,692,0.156,deficit,inf,2,mild,4,2024
F4_thit_soc,inf,72,0.0,0.0,320.0,1,9,16,5,100.0,703,0.156,deficit,inf,2,mild,4,2024
F5_set_camau,inf,72,0.0,0.0,300.0,0,7,17,5,100.0,686,0.144,deficit,inf,2,mild,4,2024
F6_cat_camau,inf,72,0.0,0.0,300.0,0,6,18,5,100.0,660,0.133,deficit,inf,2,mild,4,2024
F1_dat_cat,inf,72,0.0,0.0,300.0,3,0,13,2,40.0,777,0.189,deficit,inf,2,severe,0,2024
F2_thit,inf,72,3.4259,0.0,280.0,3,5,13,1,20.0,927,0.189,deficit,inf,2,severe,0,2024
F3_set,inf,72,1.4815,0.0,260.0,3,3,13,1,20.0,1170,0.189,deficit,inf,2,severe,0,2024
F4_thit_soc,inf,72,3.75,0.0,280.0,3,5,14,2,40.0,994,0.178,deficit,inf,2,severe,0,2024
F5_set_camau,inf,72,0.0,0.0,280.0,3,5,14,2,40.0,952,0.178,deficit,inf,2,severe,0,2024
F6_cat_camau,inf,72,0.0,0.0,260.0,3,3,15,1,20.0,1013,0.167,deficit,inf,2,severe,0,2024
F1_dat_cat,inf,72,0.0,0.0,300.0,4,3,14,1,20.0,827,0.178,deficit,inf,2,severe,1,2024
F2_thit,inf,72,3.287,0.0,300.0,2,8,13,1,20.0,898,0.189,deficit,inf,2,severe,1,2024
F3_set,inf,72,1.5278,0.0,280.0,3,6,13,1,20.0,962,0.189,deficit,inf,2,severe,1,2024
F4_thit_soc,inf,72,1.8519,0.0,260.0,3,6,12,1,20.0,1287,0.2,deficit,inf,2,severe,1,2024
F5_set_camau,inf,72,0.0,0.0,280.0,3,4,16,1,20.0,865,0.156,deficit,inf,2,severe,1,2024
F6_cat_camau,inf,72,0.0,0.0,280.0,3,3,15,1,20.0,799,0.167,deficit,inf,2,severe,1,2024
F1_dat_cat,inf,72,0.0,0.0,360.0,1,4,14,6,120.0,616,0.178,deficit,inf,2,severe,2,2024
F2_thit,inf,72,0.0,0.0,320.0,2,10,15,3,60.0,821,0.167,deficit,inf,2,severe,2,2024
F3_set,inf,72,0.0,0.0,320.0,3,7,16,5,100.0,855,0.156,deficit,inf,2,severe,2,2024
F4_thit_soc,inf,72,0.0,0.0,320.0,3,7,16,6,120.0,870,0.156,deficit,inf,2,severe,2,2024
F5_set_camau,inf,72,0.0,0.0,320.0,2,7,16,6,120.0,762,0.156,deficit,inf,2,severe,2,2024
F6_cat_camau,inf,72,0.0,0.0,320.0,1,6,16,5,100.0,670,0.156,deficit,inf,2,severe,2,2024
F1_dat_cat,inf,72,0.0,0.0,360.0,2,4,16,7,140.0,714,0.156,deficit,inf,2,severe,3,2024
F2_thit,inf,72,4.3056,0.0,300.0,2,4,17,5,100.0,822,0.144,deficit,inf,2,severe,3,2024
F3_set,inf,72,0.0,0.0,320.0,3,5,16,5,100.0,971,0.156,deficit,inf,2,severe,3,2024
F4_thit_soc,inf,72,3.1481,0.0,300.0,2,5,17,5,100.0,878,0.144,deficit,inf,2,severe,3,2024
F5_set_camau,inf,72,0.0,0.0,300.0,2,6,17,6,120.0,778,0.144,deficit,inf,2,severe,3,2024
F6_cat_camau,inf,72,0.0,0.0,300.0,2,0,18,5,100.0,580,0.133,deficit,inf,2,severe,3,2024
F1_dat_cat,inf,72,0.0,0.0,340.0,1,5,17,4,100.0,656,0.144,deficit,inf,2,severe,4,2024
F2_thit,inf,72,1.713,0.0,340.0,2,9,16,4,100.0,850,0.156,deficit,inf,2,severe,4,2024
F3_set,inf,72,0.0,0.0,340.0,1,8,16,4,100.0,710,0.156,deficit,inf,2,severe,4,2024
F4_thit_soc,inf,72,0.6019,0.0,340.0,1,9,16,4,100.0,780,0.156,deficit,inf,2,severe,4,2024
F5_set_camau,inf,72,1.713,0.0,280.0,3,5,18,2,60.0,798,0.133,deficit,inf,2,severe,4,2024
F6_cat_camau,inf,72,0.0,0.0,320.0,3,2,17,3,60.0,710,0.144,deficit,inf,2,severe,4,2024
F1_dat_cat,80.0,24,27.8241,0.0,80.0,4,0,86,0,0.0,1635,0.044,gate,480.0,6,mild,0,2024
F2_thit,80.0,24,34.6296,0.0,80.0,4,0,86,0,0.0,1584,0.044,gate,480.0,6,mild,0,2024
F3_set,80.0,24,31.25,0.0,80.0,4,0,85,0,0.0,1677,0.056,gate,480.0,6,mild,0,2024
F4_thit_soc,80.0,24,33.4722,0.0,80.0,4,0,86,0,0.0,1683,0.044,gate,480.0,6,mild,0,2024
F5_set_camau,80.0,24,27.6389,0.0,80.0,4,0,85,0,0.0,1659,0.056,gate,480.0,6,mild,0,2024
F6_cat_camau,80.0,24,23.1481,0.0,80.0,3,0,85,0,0.0,1682,0.056,gate,480.0,6,mild,0,2024
F1_dat_cat,80.0,24,27.8241,0.0,80.0,4,0,86,1,20.0,1635,0.044,gate,480.0,6,mild,1,2024
F2_thit,80.0,24,35.6944,0.0,80.0,3,0,86,1,20.0,1503,0.044,gate,480.0,6,mild,1,2024
F3_set,80.0,24,34.2593,0.0,80.0,3,0,87,1,20.0,1596,0.033,gate,480.0,6,mild,1,2024
F4_thit_soc,80.0,24,35.6944,0.0,80.0,3,0,86,1,20.0,1598,0.044,gate,480.0,6,mild,1,2024
F5_set_camau,80.0,24,31.1111,0.0,80.0,3,0,87,1,20.0,1594,0.033,gate,480.0,6,mild,1,2024
F6_cat_camau,80.0,24,26.713,0.0,80.0,3,0,87,1,20.0,1623,0.033,gate,480.0,6,mild,1,2024
F1_dat_cat,80.0,24,28.9815,0.0,80.0,2,0,86,2,40.0,1595,0.044,gate,480.0,6,mild,2,2024
F2_thit,80.0,24,37.6389,0.0,80.0,3,0,87,2,40.0,1521,0.033,gate,480.0,6,mild,2,2024
F3_set,80.0,24,33.287,0.0,80.0,3,0,87,1,20.0,1616,0.033,gate,480.0,6,mild,2,2024
F4_thit_soc,80.0,24,35.6481,0.0,80.0,3,0,87,2,40.0,1621,0.033,gate,480.0,6,mild,2,2024
F5_set_camau,80.0,24,30.9259,0.0,80.0,3,0,86,2,40.0,1600,0.044,gate,480.0,6,mild,2,2024
F6_cat_camau,80.0,24,25.6944,0.0,80.0,3,0,87,2,40.0,1624,0.033,gate,480.0,6,mild,2,2024
F1_dat_cat,80.0,24,29.1204,0.0,80.0,2,0,86,2,40.0,1596,0.044,gate,480.0,6,mild,3,2024
F2_thit,80.0,24,37.6389,0.0,80.0,3,0,87,2,40.0,1521,0.033,gate,480.0,6,mild,3,2024
F3_set,80.0,24,34.2593,0.0,80.0,3,0,87,2,40.0,1596,0.033,gate,480.0,6,mild,3,2024
F4_thit_soc,80.0,24,35.6481,0.0,80.0,3,0,87,2,40.0,1621,0.033,gate,480.0,6,mild,3,2024
F5_set_camau,80.0,24,30.1389,0.0,80.0,3,0,86,1,20.0,1598,0.044,gate,480.0,6,mild,3,2024
F6_cat_camau,80.0,24,24.6759,0.0,80.0,3,0,86,1,20.0,1624,0.044,gate,480.0,6,mild,3,2024
F1_dat_cat,80.0,24,29.2593,0.0,80.0,3,0,87,1,20.0,1596,0.033,gate,480.0,6,mild,4,2024
F2_thit,80.0,24,37.6389,0.0,80.0,3,0,87,1,20.0,1503,0.033,gate,480.0,6,mild,4,2024
F3_set,80.0,24,32.3148,0.0,80.0,3,0,86,1,20.0,1615,0.044,gate,480.0,6,mild,4,2024
F4_thit_soc,80.0,24,35.6481,0.0,80.0,3,0,87,1,20.0,1600,0.033,gate,480.0,6,mild,4,2024
F5_set_camau,80.0,24,31.0648,0.0,80.0,3,0,87,1,20.0,1578,0.033,gate,480.0,6,mild,4,2024
F6_cat_camau,80.0,24,25.6481,0.0,80.0,3,0,87,1,20.0,1626,0.033,gate,480.0,6,mild,4,2024
F1_dat_cat,80.0,24,27.8241,0.0,80.0,4,0,86,0,0.0,1635,0.044,gate,480.0,6,severe,0,2024
F2_thit,80.0,24,34.0741,0.0,80.0,4,0,84,0,0.0,1576,0.067,gate,480.0,6,severe,0,2024
F3_set,80.0,24,29.0278,0.0,80.0,4,0,84,0,0.0,1677,0.067,gate,480.0,6,severe,0,2024
F4_thit_soc,80.0,24,32.4537,0.0,80.0,4,0,85,0,0.0,1683,0.056,gate,480.0,6,severe,0,2024
F5_set_camau,80.0,24,27.5926,0.0,80.0,4,0,84,0,0.0,1659,0.067,gate,480.0,6,severe,0,2024
F6_cat_camau,80.0,24,23.1944,0.0,80.0,3,0,85,0,0.0,1682,0.056,gate,480.0,6,severe,0,2024
F1_dat_cat,80.0,24,28.0556,0.0,80.0,2,0,84,1,20.0,1601,0.067,gate,480.0,6,severe,1,2024
F2_thit,80.0,24,36.8981,0.0,80.0,3,0,87,1,20.0,1504,0.033,gate,480.0,6,severe,1,2024
F3_set,80.0,24,31.1574,0.0,80.0,4,0,85,1,20.0,1677,0.056,gate,480.0,6,severe,1,2024
F4_thit_soc,80.0,24,33.4259,0.0,80.0,4,0,85,0,0.0,1683,0.056,gate,480.0,6,severe,1,2024
F5_set_camau,80.0,24,29.3981,0.0,80.0,3,0,84,1,20.0,1603,0.067,gate,480.0,6,severe,1,2024
F6_cat_camau,80.0,24,26.713,0.0,80.0,3,0,87,1,20.0,1625,0.033,gate,480.0,6,severe,1,2024
F1_dat_cat,80.0,24,27.8241,0.0,80.0,4,0,86,0,0.0,1635,0.044,gate,480.0,6,severe,2,2024
F2_thit,80.0,24,36.8981,0.0,80.0,3,0,87,1,20.0,1505,0.033,gate,480.0,6,severe,2,2024
F3_set,80.0,24,34.2593,0.0,80.0,3,0,87,1,20.0,1597,0.033,gate,480.0,6,severe,2,2024
F4_thit_soc,80.0,24,33.4259,0.0,80.0,4,0,85,1,20.0,1683,0.056,gate,480.0,6,severe,2,2024
F5_set_camau,80.0,24,27.5926,0.0,80.0,4,0,85,1,20.0,1659,0.056,gate,480.0,6,severe,2,2024
F6_cat_camau,80.0,24,26.713,0.0,80.0,3,0,87,2,40.0,1623,0.033,gate,480.0,6,severe,2,2024
F1_dat_cat,80.0,24,30.0463,0.0,80.0,3,0,87,2,40.0,1596,0.033,gate,480.0,6,severe,3,2024
F2_thit,80.0,24,39.4444,0.0,80.0,2,0,86,2,40.0,1455,0.044,gate,480.0,6,severe,3,2024
F3_set,80.0,24,35.7407,0.0,80.0,2,0,88,2,40.0,1523,0.022,gate,480.0,6,severe,3,2024
F4_thit_soc,80.0,24,38.1481,0.0,80.0,2,0,86,2,40.0,1550,0.044,gate,480.0,6,severe,3,2024
F5_set_camau,80.0,24,30.0926,0.0,80.0,3,0,86,2,40.0,1596,0.044,gate,480.0,6,severe,3,2024
F6_cat_camau,80.0,24,26.713,0.0,80.0,3,0,87,2,40.0,1623,0.033,gate,480.0,6,severe,3,2024
F1_dat_cat,80.0,24,27.8241,0.0,80.0,4,0,86,0,0.0,1635,0.044,gate,480.0,6,severe,4,2024
F2_thit,80.0,24,35.8333,0.0,80.0,3,0,86,1,20.0,1504,0.044,gate,480.0,6,severe,4,2024
F3_set,80.0,24,28.9815,0.0,80.0,4,0,83,0,0.0,1677,0.078,gate,480.0,6,severe,4,2024
F4_thit_soc,80.0,24,35.6481,0.0,80.0,3,0,87,1,20.0,1601,0.033,gate,480.0,6,severe,4,2024
F5_set_camau,80.0,24,27.5463,0.0,80.0,4,0,84,0,0.0,1659,0.067,gate,480.0,6,severe,4,2024
F6_cat_camau,80.0,24,22.3611,0.0,80.0,4,0,85,1,20.0,1682,0.056,gate,480.0,6,severe,4,2024
F1_dat_cat,80.0,48,25.787,0.0,80.0,1,0,41,0,0.0,1635,0.044,gate,480.0,3,mild,0,2024
F2_thit,80.0,48,33.1019,0.0,80.0,4,0,41,0,0.0,1584,0.044,gate,480.0,3,mild,0,2024
F3_set,80.0,48,29.0278,0.0,80.0,4,0,41,0,0.0,1677,0.044,gate,480.0,3,mild,0,2024
F4_thit_soc,80.0,48,32.037,0.0,80.0,4,0,41,0,0.0,1683,0.044,gate,480.0,3,mild,0,2024
F5_set_camau,80.0,48,27.5926,0.0,80.0,4,0,41,0,0.0,1659,0.044,gate,480.0,3,mild,0,2024
F6_cat_camau,80.0,48,23.1481,0.0,80.0,3,0,41,0,0.0,1682,0.044,gate,480.0,3,mild,0,2024
F1_dat_cat,80.0,48,27.963,0.0,80.0,1,0,42,1,20.0,1597,0.033,gate,480.0,3,mild,1,2024
F2_thit,80.0,48,35.5556,0.0,80.0,3,0,42,1,20.0,1501,0.033,gate,480.0,3,mild,1,2024
F3_set,80.0,48,29.6759,0.0,80.0,3,0,40,1,20.0,1677,0.056,gate,480.0,3,mild,1,2024
F4_thit_soc,80.0,48,32.037,0.0,80.0,4,0,41,1,20.0,1683,0.044,gate,480.0,3,mild,1,2024
F5_set_camau,80.0,48,27.7778,0.0,80.0,3,0,40,1,20.0,1659,0.056,gate,480.0,3,mild,1,2024
F6_cat_camau,80.0,48,25.6481,0.0,80.0,3,0,42,1,20.0,1625,0.033,gate,480.0,3,mild,1,2024
F1_dat_cat,80.0,48,27.9167,0.0,80.0,2,0,42,2,40.0,1598,0.033,gate,480.0,3,mild,2,2024
F2_thit,80.0,48,34.6759,0.0,80.0,3,0,42,2,40.0,1526,0.033,gate,480.0,3,mild,2,2024
F3_set,80.0,48,31.25,0.0,80.0,3,0,42,2,40.0,1620,0.033,gate,480.0,3,mild,2,2024
F4_thit_soc,80.0,48,34.3519,0.0,80.0,3,0,42,1,20.0,1623,0.033,gate,480.0,3,mild,2,2024
F5_set_camau,80.0,48,30.0463,0.0,80.0,3,0,42,2,40.0,1598,0.033,gate,480.0,3,mild,2,2024
F6_cat_camau,80.0,48,25.6944,0.0,80.0,3,0,42,2,40.0,1624,0.033,gate,480.0,3,mild,2,2024
F1_dat_cat,80.0,48,27.9167,0.0,80.0,2,0,42,2,40.0,1598,0.033,gate,480.0,3,mild,3,2024
F2_thit,80.0,48,35.5556,0.0,80.0,3,0,42,2,40.0,1501,0.033,gate,480.0,3,mild,3,2024
F3_set,80.0,48,31.25,0.0,80.0,3,0,42,2,40.0,1620,0.033,gate,480.0,3,mild,3,2024
F4_thit_soc,80.0,48,35.6481,0.0,80.0,3,0,42,2,40.0,1595,0.033,gate,480.0,3,mild,3,2024
F5_set_camau,80.0,48,30.0463,0.0,80.0,3,0,42,2,40.0,1598,0.033,gate,480.0,3,mild,3,2024
F6_cat_camau,80.0,48,24.4444,0.0,80.0,3,0,41,1,20.0,1624,0.044,gate,480.0,3,mild,3,2024
F1_dat_cat,80.0,48,29.1667,0.0,80.0,3,0,42,1,20.0,1600,0.033,gate,480.0,3,mild,4,2024
F2_thit,80.0,48,34.8148,0.0,80.0,3,0,42,1,20.0,1522,0.033,gate,480.0,3,mild,4,2024
F3_set,80.0,48,31.3889,0.0,80.0,3,0,41,1,20.0,1618,0.044,gate,480.0,3,mild,4,2024
F4_thit_soc,80.0,48,35.6481,0.0,80.0,3,0,42,1,20.0,1603,0.033,gate,480.0,3,mild,4,2024
F5_set_camau,80.0,48,29.9537,0.0,80.0,3,0,42,1,20.0,1598,0.033,gate,480.0,3,mild,4,2024
F6_cat_camau,80.0,48,25.6481,0.0,80.0,3,0,42,1,20.0,1626,0.033,gate,480.0,3,mild,4,2024
F1_dat_cat,80.0,48,25.2315,0.0,80.0,1,0,38,0,0.0,1635,0.078,gate,480.0,3,severe,0,2024
F2_thit,80.0,48,30.787,0.0,80.0,3,0,38,0,0.0,1583,0.078,gate,480.0,3,severe,0,2024
F3_set,80.0,48,29.0278,0.0,80.0,4,0,41,0,0.0,1677,0.044,gate,480.0,3,severe,0,2024
F4_thit_soc,80.0,48,30.5556,0.0,80.0,4,0,40,0,0.0,1683,0.056,gate,480.0,3,severe,0,2024
F5_set_camau,80.0,48,27.5926,0.0,80.0,4,0,41,0,0.0,1659,0.044,gate,480.0,3,severe,0,2024
F6_cat_camau,80.0,48,21.713,0.0,80.0,3,0,39,0,0.0,1682,0.067,gate,480.0,3,severe,0,2024
F1_dat_cat,80.0,48,27.963,0.0,80.0,1,0,42,1,20.0,1599,0.033,gate,480.0,3,severe,1,2024
F2_thit,80.0,48,33.1019,0.0,80.0,4,0,41,0,0.0,1584,0.044,gate,480.0,3,severe,1,2024
F3_set,80.0,48,31.5278,0.0,80.0,2,0,41,1,20.0,1619,0.044,gate,480.0,3,severe,1,2024
F4_thit_soc,80.0,48,32.037,0.0,80.0,4,0,41,1,20.0,1683,0.044,gate,480.0,3,severe,1,2024
F5_set_camau,80.0,48,29.3981,0.0,80.0,2,0,41,1,20.0,1581,0.044,gate,480.0,3,severe,1,2024
F6_cat_camau,80.0,48,25.6481,0.0,80.0,3,0,42,1,20.0,1625,0.033,gate,480.0,3,severe,1,2024
F1_dat_cat,80.0,48,27.963,0.0,80.0,1,0,42,1,20.0,1599,0.033,gate,480.0,3,severe,2,2024
F2_thit,80.0,48,33.1019,0.0,80.0,4,0,41,1,20.0,1584,0.044,gate,480.0,3,severe,2,2024
F3_set,80.0,48,29.0278,0.0,80.0,4,0,41,0,0.0,1677,0.044,gate,480.0,3,severe,2,2024
F4_thit_soc,80.0,48,32.037,0.0,80.0,4,0,41,1,20.0,1683,0.044,gate,480.0,3,severe,2,2024
F5_set_camau,80.0,48,27.5926,0.0,80.0,4,0,41,1,20.0,1659,0.044,gate,480.0,3,severe,2,2024
F6_cat_camau,80.0,48,25.6481,0.0,80.0,3,0,42,2,40.0,1625,0.033,gate,480.0,3,severe,2,2024
F1_dat_cat,80.0,48,27.963,0.0,80.0,1,0,42,2,40.0,1597,0.033,gate,480.0,3,severe,3,2024
F2_thit,80.0,48,39.4444,0.0,80.0,2,0,42,2,40.0,1453,0.033,gate,480.0,3,severe,3,2024
F3_set,80.0,48,31.2963,0.0,80.0,3,0,42,2,40.0,1614,0.033,gate,480.0,3,severe,3,2024
F4_thit_soc,80.0,48,39.2593,0.0,80.0,2,0,42,2,40.0,1550,0.033,gate,480.0,3,severe,3,2024
F5_set_camau,80.0,48,30.0463,0.0,80.0,3,0,42,2,40.0,1595,0.033,gate,480.0,3,severe,3,2024
F6_cat_camau,80.0,48,24.3981,0.0,80.0,3,0,41,1,20.0,1645,0.044,gate,480.0,3,severe,3,2024
F1_dat_cat,80.0,48,27.7778,0.0,80.0,3,0,41,0,0.0,1635,0.044,gate,480.0,3,severe,4,2024
F2_thit,80.0,48,33.0093,0.0,80.0,3,0,40,0,0.0,1584,0.056,gate,480.0,3,severe,4,2024
F3_set,80.0,48,29.7685,0.0,80.0,3,0,40,0,0.0,1677,0.056,gate,480.0,3,severe,4,2024
F4_thit_soc,80.0,48,33.0093,0.0,80.0,4,0,40,0,0.0,1681,0.056,gate,480.0,3,severe,4,2024
F5_set_camau,80.0,48,27.8704,0.0,80.0,3,0,40,0,0.0,1659,0.056,gate,480.0,3,severe,4,2024
F6_cat_camau,80.0,48,22.1296,0.0,80.0,3,0,40,1,20.0,1682,0.056,gate,480.0,3,severe,4,2024
F1_dat_cat,80.0,72,26.8519,0.0,80.0,2,0,26,0,0.0,1635,0.044,gate,480.0,2,mild,0,2024
F2_thit,80.0,72,31.2037,0.0,80.0,4,0,26,0,0.0,1584,0.044,gate,480.0,2,mild,0,2024
F3_set,80.0,72,28.0093,0.0,80.0,4,0,26,0,0.0,1677,0.044,gate,480.0,2,mild,0,2024
F4_thit_soc,80.0,72,32.037,0.0,80.0,4,0,26,0,0.0,1683,0.044,gate,480.0,2,mild,0,2024
F5_set_camau,80.0,72,24.5833,0.0,80.0,4,0,26,0,0.0,1659,0.044,gate,480.0,2,mild,0,2024
F6_cat_camau,80.0,72,20.1389,0.0,80.0,3,0,26,0,0.0,1682,0.044,gate,480.0,2,mild,0,2024
F1_dat_cat,80.0,72,28.9815,0.0,80.0,2,0,27,1,20.0,1596,0.033,gate,480.0,2,mild,1,2024
F2_thit,80.0,72,31.2037,0.0,80.0,4,0,26,1,20.0,1584,0.044,gate,480.0,2,mild,1,2024
F3_set,80.0,72,30.2315,0.0,80.0,3,0,27,1,20.0,1615,0.033,gate,480.0,2,mild,1,2024
F4_thit_soc,80.0,72,32.037,0.0,80.0,4,0,26,1,20.0,1683,0.044,gate,480.0,2,mild,1,2024
F5_set_camau,80.0,72,28.9815,0.0,80.0,3,0,27,1,20.0,1579,0.033,gate,480.0,2,mild,1,2024
F6_cat_camau,80.0,72,23.1481,0.0,80.0,2,0,27,1,20.0,1645,0.033,gate,480.0,2,mild,1,2024
F1_dat_cat,80.0,72,27.4537,0.0,80.0,2,0,26,2,40.0,1601,0.044,gate,480.0,2,mild,2,2024
F2_thit,80.0,72,34.4907,0.0,80.0,3,0,27,2,40.0,1526,0.033,gate,480.0,2,mild,2,2024
F3_set,80.0,72,31.4352,0.0,80.0,2,0,26,2,40.0,1621,0.044,gate,480.0,2,mild,2,2024
F4_thit_soc,80.0,72,34.6296,0.0,80.0,3,0,27,2,40.0,1623,0.033,gate,480.0,2,mild,2,2024
F5_set_camau,80.0,72,27.0833,0.0,80.0,2,0,26,1,20.0,1600,0.044,gate,480.0,2,mild,2,2024
F6_cat_camau,80.0,72,24.0741,0.0,80.0,2,0,27,1,20.0,1642,0.033,gate,480.0,2,mild,2,2024
F1_dat_cat,80.0,72,27.4537,0.0,80.0,2,0,26,2,40.0,1601,0.044,gate,480.0,2,mild,3,2024
F2_thit,80.0,72,34.3519,0.0,80.0,3,0,27,2,40.0,1524,0.033,gate,480.0,2,mild,3,2024
F3_set,80.0,72,31.8519,0.0,80.0,2,0,26,2,40.0,1595,0.044,gate,480.0,2,mild,3,2024
F4_thit_soc,80.0,72,34.4444,0.0,80.0,3,0,27,2,40.0,1602,0.033,gate,480.0,2,mild,3,2024
F5_set_camau,80.0,72,27.0833,0.0,80.0,2,0,26,2,40.0,1600,0.044,gate,480.0,2,mild,3,2024
F6_cat_camau,80.0,72,24.0741,0.0,80.0,2,0,27,2,40.0,1642,0.033,gate,480.0,2,mild,3,2024
F1_dat_cat,80.0,72,29.2593,0.0,80.0,3,0,27,1,20.0,1596,0.033,gate,480.0,2,mild,4,2024
F2_thit,80.0,72,34.9537,0.0,80.0,3,0,26,1,20.0,1522,0.044,gate,480.0,2,mild,4,2024
F3_set,80.0,72,31.2037,0.0,80.0,3,0,27,1,20.0,1622,0.033,gate,480.0,2,mild,4,2024
F4_thit_soc,80.0,72,33.9815,0.0,80.0,3,0,26,1,20.0,1603,0.044,gate,480.0,2,mild,4,2024
F5_set_camau,80.0,72,28.1481,0.0,80.0,3,0,27,1,20.0,1600,0.033,gate,480.0,2,mild,4,2024
F6_cat_camau,80.0,72,23.2407,0.0,80.0,2,0,26,1,20.0,1648,0.044,gate,480.0,2,mild,4,2024
F1_dat_cat,80.0,72,28.2407,0.0,80.0,2,0,22,0,0.0,1635,0.089,gate,480.0,2,severe,0,2024
F2_thit,80.0,72,32.5,0.0,80.0,3,0,24,0,0.0,1583,0.067,gate,480.0,2,severe,0,2024
F3_set,80.0,72,28.8889,0.0,80.0,2,0,23,0,0.0,1677,0.078,gate,480.0,2,severe,0,2024
F4_thit_soc,80.0,72,31.4352,0.0,80.0,4,0,24,0,0.0,1683,0.067,gate,480.0,2,severe,0,2024
F5_set_camau,80.0,72,24.3056,0.0,80.0,2,0,23,0,0.0,1659,0.078,gate,480.0,2,severe,0,2024
F6_cat_camau,80.0,72,18.287,0.0,80.0,1,0,25,0,0.0,1681,0.056,gate,480.0,2,severe,0,2024
F1_dat_cat,80.0,72,28.3796,0.0,80.0,2,0,26,1,20.0,1620,0.044,gate,480.0,2,severe,1,2024
F2_thit,80.0,72,31.2037,0.0,80.0,4,0,26,1,20.0,1584,0.044,gate,480.0,2,severe,1,2024
F3_set,80.0,72,30.0926,0.0,80.0,3,0,26,1,20.0,1638,0.044,gate,480.0,2,severe,1,2024
F4_thit_soc,80.0,72,32.037,0.0,80.0,4,0,26,1,20.0,1683,0.044,gate,480.0,2,severe,1,2024
F5_set_camau,80.0,72,27.8241,0.0,80.0,3,0,26,1,20.0,1598,0.044,gate,480.0,2,severe,1,2024
F6_cat_camau,80.0,72,20.1389,0.0,80.0,3,0,26,0,0.0,1682,0.044,gate,480.0,2,severe,1,2024
F1_dat_cat,80.0,72,29.1667,0.0,80.0,3,0,27,2,40.0,1600,0.033,gate,480.0,2,severe,2,2024
F2_thit,80.0,72,31.2037,0.0,80.0,4,0,26,1,20.0,1584,0.044,gate,480.0,2,severe,2,2024
F3_set,80.0,72,31.1111,0.0,80.0,3,0,27,2,40.0,1621,0.033,gate,480.0,2,severe,2,2024
F4_thit_soc,80.0,72,32.037,0.0,80.0,4,0,26,1,20.0,1683,0.044,gate,480.0,2,severe,2,2024
F5_set_camau,80.0,72,28.0093,0.0,80.0,3,0,27,1,20.0,1601,0.033,gate,480.0,2,severe,2,2024
F6_cat_camau,80.0,72,20.1389,0.0,80.0,3,0,26,0,0.0,1682,0.044,gate,480.0,2,severe,2,2024
F1_dat_cat,80.0,72,28.3333,0.0,80.0,3,0,26,1,20.0,1600,0.044,gate,480.0,2,severe,3,2024
F2_thit,80.0,72,35.5556,0.0,80.0,2,0,25,1,20.0,1526,0.056,gate,480.0,2,severe,3,2024
F3_set,80.0,72,29.5833,0.0,80.0,3,0,26,1,20.0,1621,0.044,gate,480.0,2,severe,3,2024
F4_thit_soc,80.0,72,34.0278,0.0,80.0,2,0,25,1,20.0,1625,0.056,gate,480.0,2,severe,3,2024
F5_set_camau,80.0,72,28.0093,0.0,80.0,3,0,27,2,40.0,1601,0.033,gate,480.0,2,severe,3,2024
F6_cat_camau,80.0,72,21.713,0.0,80.0,2,0,26,1,20.0,1651,0.044,gate,480.0,2,severe,3,2024
F1_dat_cat,80.0,72,26.8519,0.0,80.0,2,0,26,0,0.0,1635,0.044,gate,480.0,2,severe,4,2024
F2_thit,80.0,72,31.3889,0.0,80.0,3,0,25,0,0.0,1583,0.056,gate,480.0,2,severe,4,2024
F3_set,80.0,72,28.0093,0.0,80.0,4,0,26,0,0.0,1677,0.044,gate,480.0,2,severe,4,2024
F4_thit_soc,80.0,72,31.6667,0.0,80.0,3,0,25,0,0.0,1683,0.056,gate,480.0,2,severe,4,2024
F5_set_camau,80.0,72,25.0463,0.0,80.0,4,0,25,0,0.0,1659,0.056,gate,480.0,2,severe,4,2024
F6_cat_camau,80.0,72,23.8889,0.0,80.0,3,0,26,1,20.0,1671,0.044,gate,480.0,2,severe,4,2024
F1_dat_cat,160.0,24,4.4907,0.0,160.0,8,0,82,0,0.0,1596,0.089,gate,960.0,6,mild,0,2024
F2_thit,160.0,24,12.3148,0.0,160.0,8,0,79,0,0.0,1556,0.122,gate,960.0,6,mild,0,2024
F3_set,160.0,24,8.9815,0.0,160.0,8,0,81,0,0.0,1676,0.1,gate,960.0,6,mild,0,2024
F4_thit_soc,160.0,24,11.1574,0.0,160.0,8,0,82,0,0.0,1683,0.089,gate,960.0,6,mild,0,2024
F5_set_camau,160.0,24,0.1389,0.0,160.0,8,0,81,0,0.0,1658,0.1,gate,960.0,6,mild,0,2024
F6_cat_camau,160.0,24,0.0,0.0,160.0,7,0,80,0,0.0,1632,0.111,gate,960.0,6,mild,0,2024
F1_dat_cat,160.0,24,4.4907,0.0,160.0,8,0,82,1,20.0,1596,0.089,gate,960.0,6,mild,1,2024
F2_thit,160.0,24,14.5833,0.0,160.0,7,0,82,1,20.0,1492,0.089,gate,960.0,6,mild,1,2024
F3_set,160.0,24,11.3426,0.0,160.0,7,0,83,1,20.0,1596,0.078,gate,960.0,6,mild,1,2024
F4_thit_soc,160.0,24,13.3796,0.0,160.0,7,0,82,1,20.0,1598,0.089,gate,960.0,6,mild,1,2024
F5_set_camau,160.0,24,4.6759,0.0,160.0,7,0,82,1,20.0,1593,0.089,gate,960.0,6,mild,1,2024
F6_cat_camau,160.0,24,0.0,0.0,160.0,7,0,83,1,20.0,1576,0.078,gate,960.0,6,mild,1,2024
F1_dat_cat,160.0,24,8.9815,0.0,160.0,5,0,83,5,100.0,1538,0.078,gate,960.0,6,mild,2,2024
F2_thit,160.0,24,17.8704,0.0,160.0,6,0,84,4,80.0,1429,0.067,gate,960.0,6,mild,2,2024
F3_set,160.0,24,14.5833,0.0,160.0,5,0,85,4,80.0,1495,0.056,gate,960.0,6,mild,2,2024
F4_thit_soc,160.0,24,15.5556,0.0,160.0,6,0,84,4,80.0,1540,0.067,gate,960.0,6,mild,2,2024
F5_set_camau,160.0,24,9.0278,0.0,160.0,6,0,83,5,100.0,1537,0.078,gate,960.0,6,mild,2,2024
F6_cat_camau,160.0,24,0.0,0.0,160.0,6,0,84,5,100.0,1540,0.067,gate,960.0,6,mild,2,2024
F1_dat_cat,160.0,24,8.9815,0.0,160.0,5,0,83,4,80.0,1539,0.078,gate,960.0,6,mild,3,2024
F2_thit,160.0,24,16.8981,0.0,160.0,6,0,83,4,80.0,1433,0.078,gate,960.0,6,mild,3,2024
F3_set,160.0,24,13.5185,0.0,160.0,6,0,84,4,80.0,1534,0.067,gate,960.0,6,mild,3,2024
F4_thit_soc,160.0,24,15.5556,0.0,160.0,6,0,84,4,80.0,1542,0.067,gate,960.0,6,mild,3,2024
F5_set_camau,160.0,24,8.9815,0.0,160.0,6,0,83,3,60.0,1535,0.078,gate,960.0,6,mild,3,2024
F6_cat_camau,160.0,24,0.0,0.0,160.0,5,0,83,2,40.0,1541,0.078,gate,960.0,6,mild,3,2024
F1_dat_cat,160.0,24,5.7407,0.0,160.0,6,0,82,2,40.0,1563,0.089,gate,960.0,6,mild,4,2024
F2_thit,160.0,24,17.963,0.0,160.0,6,0,84,2,40.0,1427,0.067,gate,960.0,6,mild,4,2024
F3_set,160.0,24,11.2963,0.0,160.0,6,0,83,2,40.0,1555,0.078,gate,960.0,6,mild,4,2024
F4_thit_soc,160.0,24,13.3796,0.0,160.0,7,0,83,2,40.0,1600,0.078,gate,960.0,6,mild,4,2024
F5_set_camau,160.0,24,5.6944,0.0,160.0,7,0,82,2,40.0,1577,0.089,gate,960.0,6,mild,4,2024
F6_cat_camau,160.0,24,0.0926,0.0,160.0,6,0,84,2,40.0,1528,0.067,gate,960.0,6,mild,4,2024
F1_dat_cat,160.0,24,3.4259,0.0,160.0,7,0,81,0,0.0,1594,0.1,gate,960.0,6,severe,0,2024
F2_thit,160.0,24,11.6667,0.0,160.0,8,0,78,0,0.0,1545,0.133,gate,960.0,6,severe,0,2024
F3_set,160.0,24,3.5185,0.0,160.0,8,0,78,0,0.0,1674,0.133,gate,960.0,6,severe,0,2024
F4_thit_soc,160.0,24,11.1574,0.0,160.0,8,0,81,0,0.0,1676,0.1,gate,960.0,6,severe,0,2024
F5_set_camau,160.0,24,0.0,0.0,160.0,8,0,79,0,0.0,1658,0.122,gate,960.0,6,severe,0,2024
F6_cat_camau,160.0,24,0.0,0.0,160.0,7,0,81,0,0.0,1632,0.1,gate,960.0,6,severe,0,2024
F1_dat_cat,160.0,24,3.4722,0.0,160.0,4,0,77,1,20.0,1560,0.144,gate,960.0,6,severe,1,2024
F2_thit,160.0,24,15.6944,0.0,160.0,7,0,83,1,20.0,1496,0.078,gate,960.0,6,severe,1,2024
F3_set,160.0,24,4.1204,0.0,160.0,7,0,77,1,20.0,1674,0.144,gate,960.0,6,severe,1,2024
F4_thit_soc,160.0,24,11.1574,0.0,160.0,8,0,81,0,0.0,1683,0.1,gate,960.0,6,severe,1,2024
F5_set_camau,160.0,24,1.8056,0.0,160.0,7,0,79,1,20.0,1602,0.122,gate,960.0,6,severe,1,2024
F6_cat_camau,160.0,24,0.0,0.0,160.0,7,0,83,1,20.0,1578,0.078,gate,960.0,6,severe,1,2024
F1_dat_cat,160.0,24,6.713,0.0,160.0,7,0,83,1,20.0,1578,0.078,gate,960.0,6,severe,2,2024
F2_thit,160.0,24,24.6759,0.0,160.0,4,0,86,4,80.0,1352,0.044,gate,960.0,6,severe,2,2024
F3_set,160.0,24,13.5185,0.0,160.0,6,0,84,3,60.0,1536,0.067,gate,960.0,6,severe,2,2024
F4_thit_soc,160.0,24,21.3889,0.0,160.0,5,0,84,4,80.0,1548,0.067,gate,960.0,6,severe,2,2024
F5_set_camau,160.0,24,1.3426,0.0,160.0,7,0,81,3,60.0,1601,0.1,gate,960.0,6,severe,2,2024
F6_cat_camau,160.0,24,1.0185,0.0,160.0,5,0,83,4,80.0,1543,0.078,gate,960.0,6,severe,2,2024
F1_dat_cat,160.0,24,5.787,0.0,160.0,6,0,81,2,40.0,1576,0.1,gate,960.0,6,severe,3,2024
F2_thit,160.0,24,22.5926,0.0,160.0,4,0,84,4,80.0,1301,0.067,gate,960.0,6,severe,3,2024
F3_set,160.0,24,16.8519,0.0,160.0,4,0,85,4,80.0,1390,0.056,gate,960.0,6,severe,3,2024
F4_thit_soc,160.0,24,18.6111,0.0,160.0,4,0,82,4,80.0,1414,0.089,gate,960.0,6,severe,3,2024
F5_set_camau,160.0,24,5.7407,0.0,160.0,7,0,82,2,40.0,1595,0.089,gate,960.0,6,severe,3,2024
F6_cat_camau,160.0,24,1.0648,0.0,160.0,6,0,84,4,80.0,1539,0.067,gate,960.0,6,severe,3,2024
F1_dat_cat,160.0,24,3.4259,0.0,160.0,7,0,81,1,20.0,1594,0.1,gate,960.0,6,severe,4,2024
F2_thit,160.0,24,15.6481,0.0,160.0,7,0,82,1,20.0,1484,0.089,gate,960.0,6,severe,4,2024
F3_set,160.0,24,8.8889,0.0,160.0,7,0,80,1,20.0,1615,0.111,gate,960.0,6,severe,4,2024
F4_thit_soc,160.0,24,13.3796,0.0,160.0,7,0,83,1,20.0,1601,0.078,gate,960.0,6,severe,4,2024
F5_set_camau,160.0,24,0.0,0.0,160.0,8,0,79,0,0.0,1658,0.122,gate,960.0,6,severe,4,2024
F6_cat_camau,160.0,24,0.0,0.0,160.0,6,0,80,1,20.0,1632,0.111,gate,960.0,6,severe,4,2024
F1_dat_cat,160.0,48,1.7593,0.0,160.0,2,0,35,0,0.0,1530,0.111,gate,960.0,3,mild,0,2024
F2_thit,160.0,48,10.0463,0.0,160.0,8,0,37,0,0.0,1552,0.089,gate,960.0,3,mild,0,2024
F3_set,160.0,48,1.5741,0.0,160.0,8,0,37,0,0.0,1674,0.089,gate,960.0,3,mild,0,2024
F4_thit_soc,160.0,48,5.4167,0.0,160.0,8,0,36,0,0.0,1683,0.1,gate,960.0,3,mild,0,2024
F5_set_camau,160.0,48,0.6019,0.0,160.0,7,0,35,0,0.0,1637,0.111,gate,960.0,3,mild,0,2024
F6_cat_camau,160.0,48,0.0,0.0,160.0,7,0,37,0,0.0,1632,0.089,gate,960.0,3,mild,0,2024
F1_dat_cat,160.0,48,1.1574,0.0,160.0,2,0,38,1,20.0,1552,0.078,gate,960.0,3,mild,1,2024
F2_thit,160.0,48,12.2222,0.0,160.0,7,0,38,1,20.0,1479,0.078,gate,960.0,3,mild,1,2024
F3_set,160.0,48,2.2222,0.0,160.0,7,0,36,1,20.0,1674,0.1,gate,960.0,3,mild,1,2024
F4_thit_soc,160.0,48,7.3148,0.0,160.0,8,0,36,1,20.0,1683,0.1,gate,960.0,3,mild,1,2024
F5_set_camau,160.0,48,1.8056,0.0,160.0,6,0,35,1,20.0,1642,0.111,gate,960.0,3,mild,1,2024
F6_cat_camau,160.0,48,0.463,0.0,160.0,6,0,37,1,20.0,1575,0.089,gate,960.0,3,mild,1,2024
F1_dat_cat,160.0,48,5.6944,0.0,160.0,3,0,39,5,100.0,1530,0.067,gate,960.0,3,mild,2,2024
F2_thit,160.0,48,15.6944,0.0,160.0,6,0,39,4,80.0,1440,0.067,gate,960.0,3,mild,2,2024
F3_set,160.0,48,9.7685,0.0,160.0,6,0,39,5,100.0,1579,0.067,gate,960.0,3,mild,2,2024
F4_thit_soc,160.0,48,15.5093,0.0,160.0,5,0,40,4,80.0,1496,0.056,gate,960.0,3,mild,2,2024
F5_set_camau,160.0,48,5.7407,0.0,160.0,6,0,39,5,100.0,1539,0.067,gate,960.0,3,mild,2,2024
F6_cat_camau,160.0,48,0.0,0.0,160.0,6,0,39,4,80.0,1538,0.067,gate,960.0,3,mild,2,2024
F1_dat_cat,160.0,48,5.787,0.0,160.0,4,0,39,4,80.0,1542,0.067,gate,960.0,3,mild,3,2024
F2_thit,160.0,48,13.7037,0.0,160.0,6,0,39,4,80.0,1431,0.067,gate,960.0,3,mild,3,2024
F3_set,160.0,48,9.7685,0.0,160.0,6,0,39,4,80.0,1579,0.067,gate,960.0,3,mild,3,2024
F4_thit_soc,160.0,48,14.4907,0.0,160.0,6,0,39,4,80.0,1534,0.067,gate,960.0,3,mild,3,2024
F5_set_camau,160.0,48,6.4815,0.0,160.0,6,0,39,4,80.0,1542,0.067,gate,960.0,3,mild,3,2024
F6_cat_camau,160.0,48,0.0,0.0,160.0,4,0,38,3,60.0,1538,0.078,gate,960.0,3,mild,3,2024
F1_dat_cat,160.0,48,5.7407,0.0,160.0,6,0,38,2,40.0,1567,0.078,gate,960.0,3,mild,4,2024
F2_thit,160.0,48,12.2222,0.0,160.0,7,0,38,2,40.0,1500,0.078,gate,960.0,3,mild,4,2024
F3_set,160.0,48,6.8056,0.0,160.0,7,0,37,2,40.0,1616,0.089,gate,960.0,3,mild,4,2024
F4_thit_soc,160.0,48,12.4074,0.0,160.0,7,0,38,2,40.0,1603,0.078,gate,960.0,3,mild,4,2024
F5_set_camau,160.0,48,4.1667,0.0,160.0,6,0,39,2,40.0,1539,0.067,gate,960.0,3,mild,4,2024
F6_cat_camau,160.0,48,0.0,0.0,160.0,6,0,39,2,40.0,1544,0.067,gate,960.0,3,mild,4,2024
F1_dat_cat,160.0,48,7.7315,0.0,160.0,2,0,31,0,0.0,1376,0.156,gate,960.0,3,severe,0,2024
F2_thit,160.0,48,7.7315,0.0,160.0,6,0,31,0,0.0,1503,0.156,gate,960.0,3,severe,0,2024
F3_set,160.0,48,3.7963,0.0,160.0,7,0,35,0,0.0,1674,0.111,gate,960.0,3,severe,0,2024
F4_thit_soc,160.0,48,6.5278,0.0,160.0,7,0,33,0,0.0,1683,0.133,gate,960.0,3,severe,0,2024
F5_set_camau,160.0,48,7.2222,0.0,140.0,6,0,34,0,0.0,1645,0.122,gate,960.0,3,severe,0,2024
F6_cat_camau,160.0,48,2.4074,0.0,140.0,5,0,34,0,0.0,1632,0.122,gate,960.0,3,severe,0,2024
F1_dat_cat,160.0,48,1.6204,0.0,160.0,3,0,37,1,20.0,1554,0.089,gate,960.0,3,severe,1,2024
F2_thit,160.0,48,10.0,0.0,160.0,8,0,37,0,0.0,1552,0.089,gate,960.0,3,severe,1,2024
F3_set,160.0,48,4.213,0.0,160.0,5,0,36,1,20.0,1616,0.1,gate,960.0,3,severe,1,2024
F4_thit_soc,160.0,48,6.1574,0.0,160.0,7,0,35,1,20.0,1683,0.111,gate,960.0,3,severe,1,2024
F5_set_camau,160.0,48,4.8611,0.0,160.0,5,0,34,1,20.0,1558,0.122,gate,960.0,3,severe,1,2024
F6_cat_camau,160.0,48,2.6852,0.0,160.0,6,0,36,1,20.0,1575,0.1,gate,960.0,3,severe,1,2024
F1_dat_cat,160.0,48,5.787,0.0,160.0,4,0,39,3,60.0,1543,0.067,gate,960.0,3,severe,2,2024
F2_thit,160.0,48,21.2037,0.0,160.0,5,0,40,4,80.0,1448,0.056,gate,960.0,3,severe,2,2024
F3_set,160.0,48,6.8981,0.0,160.0,7,0,38,2,40.0,1617,0.078,gate,960.0,3,severe,2,2024
F4_thit_soc,160.0,48,8.9815,0.0,160.0,7,0,37,3,60.0,1643,0.089,gate,960.0,3,severe,2,2024
F5_set_camau,160.0,48,0.9722,0.0,160.0,7,0,38,3,60.0,1602,0.078,gate,960.0,3,severe,2,2024
F6_cat_camau,160.0,48,0.0,0.0,160.0,6,0,39,4,80.0,1544,0.067,gate,960.0,3,severe,2,2024
F1_dat_cat,160.0,48,8.7037,0.0,160.0,3,0,40,4,80.0,1472,0.056,gate,960.0,3,severe,3,2024
F2_thit,160.0,48,21.0648,0.0,160.0,4,0,39,4,80.0,1315,0.067,gate,960.0,3,severe,3,2024
F3_set,160.0,48,6.8056,0.0,160.0,7,0,38,2,40.0,1612,0.078,gate,960.0,3,severe,3,2024
F4_thit_soc,160.0,48,18.75,0.0,160.0,4,0,39,4,80.0,1414,0.067,gate,960.0,3,severe,3,2024
F5_set_camau,160.0,48,1.8519,0.0,160.0,6,0,37,2,40.0,1594,0.089,gate,960.0,3,severe,3,2024
F6_cat_camau,160.0,48,0.4167,0.0,160.0,5,0,37,2,40.0,1564,0.089,gate,960.0,3,severe,3,2024
F1_dat_cat,160.0,48,1.1111,0.0,160.0,5,0,37,1,20.0,1590,0.089,gate,960.0,3,severe,4,2024
F2_thit,160.0,48,13.5185,0.0,160.0,6,0,36,1,20.0,1472,0.1,gate,960.0,3,severe,4,2024
F3_set,160.0,48,2.3148,0.0,160.0,7,0,36,1,20.0,1674,0.1,gate,960.0,3,severe,4,2024
F4_thit_soc,160.0,48,7.5463,0.0,160.0,8,0,34,1,20.0,1681,0.122,gate,960.0,3,severe,4,2024
F5_set_camau,160.0,48,1.3426,0.0,160.0,6,0,37,1,20.0,1601,0.089,gate,960.0,3,severe,4,2024
F6_cat_camau,160.0,48,0.0,0.0,160.0,3,0,37,2,40.0,1595,0.089,gate,960.0,3,severe,4,2024
F1_dat_cat,160.0,72,0.0,0.0,160.0,3,0,22,0,0.0,1584,0.089,gate,960.0,2,mild,0,2024
F2_thit,160.0,72,6.8519,0.0,160.0,8,0,22,0,0.0,1524,0.089,gate,960.0,2,mild,0,2024
F3_set,160.0,72,0.0,0.0,160.0,8,0,22,0,0.0,1674,0.089,gate,960.0,2,mild,0,2024
F4_thit_soc,160.0,72,5.4167,0.0,160.0,8,0,22,0,0.0,1683,0.089,gate,960.0,2,mild,0,2024
F5_set_camau,160.0,72,0.0,0.0,160.0,8,0,22,0,0.0,1637,0.089,gate,960.0,2,mild,0,2024
F6_cat_camau,160.0,72,0.0,0.0,160.0,4,0,22,0,0.0,1587,0.089,gate,960.0,2,mild,0,2024
F1_dat_cat,160.0,72,3.6111,0.0,160.0,4,0,23,1,20.0,1556,0.078,gate,960.0,2,mild,1,2024
F2_thit,160.0,72,6.8519,0.0,160.0,8,0,22,1,20.0,1524,0.089,gate,960.0,2,mild,1,2024
F3_set,160.0,72,3.75,0.0,160.0,7,0,23,1,20.0,1612,0.078,gate,960.0,2,mild,1,2024
F4_thit_soc,160.0,72,5.4167,0.0,160.0,8,0,22,1,20.0,1683,0.089,gate,960.0,2,mild,1,2024
F5_set_camau,160.0,72,0.0,0.0,160.0,7,0,23,1,20.0,1578,0.078,gate,960.0,2,mild,1,2024
F6_cat_camau,160.0,72,0.0,0.0,160.0,6,0,23,1,20.0,1595,0.078,gate,960.0,2,mild,1,2024
F1_dat_cat,160.0,72,7.4074,0.0,160.0,4,0,24,5,100.0,1512,0.067,gate,960.0,2,mild,2,2024
F2_thit,160.0,72,15.5556,0.0,160.0,5,0,25,5,100.0,1397,0.056,gate,960.0,2,mild,2,2024
F3_set,160.0,72,12.0833,0.0,160.0,4,0,24,5,100.0,1507,0.067,gate,960.0,2,mild,2,2024
F4_thit_soc,160.0,72,15.6481,0.0,160.0,5,0,25,5,100.0,1482,0.056,gate,960.0,2,mild,2,2024
F5_set_camau,160.0,72,3.8426,0.0,160.0,4,0,24,4,80.0,1482,0.067,gate,960.0,2,mild,2,2024
F6_cat_camau,160.0,72,0.2778,0.0,160.0,3,0,25,4,80.0,1523,0.056,gate,960.0,2,mild,2,2024
F1_dat_cat,160.0,72,4.213,0.0,160.0,4,0,23,4,80.0,1526,0.078,gate,960.0,2,mild,3,2024
F2_thit,160.0,72,12.3148,0.0,160.0,6,0,24,4,80.0,1438,0.067,gate,960.0,2,mild,3,2024
F3_set,160.0,72,6.6667,0.0,160.0,5,0,23,4,80.0,1552,0.078,gate,960.0,2,mild,3,2024
F4_thit_soc,160.0,72,12.4537,0.0,160.0,6,0,24,4,80.0,1520,0.067,gate,960.0,2,mild,3,2024
F5_set_camau,160.0,72,4.213,0.0,160.0,4,0,22,3,60.0,1519,0.089,gate,960.0,2,mild,3,2024
F6_cat_camau,160.0,72,0.6481,0.0,160.0,3,0,23,3,60.0,1555,0.078,gate,960.0,2,mild,3,2024
F1_dat_cat,160.0,72,6.8519,0.0,160.0,5,0,24,2,40.0,1542,0.067,gate,960.0,2,mild,4,2024
F2_thit,160.0,72,12.963,0.0,160.0,5,0,23,2,40.0,1431,0.078,gate,960.0,2,mild,4,2024
F3_set,160.0,72,8.7037,0.0,160.0,6,0,24,2,40.0,1564,0.067,gate,960.0,2,mild,4,2024
F4_thit_soc,160.0,72,10.3241,0.0,160.0,6,0,23,2,40.0,1543,0.078,gate,960.0,2,mild,4,2024
F5_set_camau,160.0,72,1.3426,0.0,160.0,6,0,24,2,40.0,1542,0.067,gate,960.0,2,mild,4,2024
F6_cat_camau,160.0,72,0.0,0.0,160.0,5,0,23,2,40.0,1563,0.078,gate,960.0,2,mild,4,2024
F1_dat_cat,160.0,72,13.1944,0.0,140.0,4,0,17,0,0.0,1472,0.144,gate,960.0,2,severe,0,2024
F2_thit,160.0,72,11.2963,0.0,160.0,5,0,19,0,0.0,1470,0.122,gate,960.0,2,severe,0,2024
F3_set,160.0,72,13.3796,0.0,140.0,2,0,19,0,0.0,1674,0.122,gate,960.0,2,severe,0,2024
F4_thit_soc,160.0,72,9.8611,0.0,160.0,6,0,19,0,0.0,1661,0.122,gate,960.0,2,severe,0,2024
F5_set_camau,160.0,72,8.75,0.0,140.0,3,0,19,0,0.0,1585,0.122,gate,960.0,2,severe,0,2024
F6_cat_camau,160.0,72,2.2685,0.0,140.0,1,0,21,0,0.0,1589,0.1,gate,960.0,2,severe,0,2024
F1_dat_cat,160.0,72,7.8704,0.0,160.0,3,0,19,1,20.0,1439,0.122,gate,960.0,2,severe,1,2024
F2_thit,160.0,72,13.1944,0.0,160.0,6,0,18,1,20.0,1430,0.133,gate,960.0,2,severe,1,2024
F3_set,160.0,72,8.1944,0.0,160.0,6,0,20,1,20.0,1635,0.111,gate,960.0,2,severe,1,2024
F4_thit_soc,160.0,72,11.8056,0.0,160.0,6,0,18,1,20.0,1683,0.133,gate,960.0,2,severe,1,2024
F5_set_camau,160.0,72,4.9537,0.0,160.0,6,0,20,1,20.0,1557,0.111,gate,960.0,2,severe,1,2024
F6_cat_camau,160.0,72,3.5185,0.0,140.0,4,0,21,0,0.0,1612,0.1,gate,960.0,2,severe,1,2024
F1_dat_cat,160.0,72,9.7685,0.0,160.0,5,0,24,4,80.0,1496,0.067,gate,960.0,2,severe,2,2024
F2_thit,160.0,72,12.8704,0.0,160.0,6,0,23,3,60.0,1442,0.078,gate,960.0,2,severe,2,2024
F3_set,160.0,72,11.5278,0.0,160.0,5,0,24,4,80.0,1511,0.067,gate,960.0,2,severe,2,2024
F4_thit_soc,160.0,72,12.8704,0.0,160.0,6,0,23,3,60.0,1555,0.078,gate,960.0,2,severe,2,2024
F5_set_camau,160.0,72,2.3148,0.0,160.0,5,0,23,2,40.0,1552,0.078,gate,960.0,2,severe,2,2024
F6_cat_camau,160.0,72,0.9259,0.0,160.0,3,0,25,3,60.0,1457,0.056,gate,960.0,2,severe,2,2024
F1_dat_cat,160.0,72,4.0741,0.0,160.0,4,0,23,3,60.0,1528,0.078,gate,960.0,2,severe,3,2024
F2_thit,160.0,72,13.8889,0.0,160.0,4,0,22,3,60.0,1413,0.089,gate,960.0,2,severe,3,2024
F3_set,160.0,72,4.4907,0.0,160.0,5,0,23,3,60.0,1579,0.078,gate,960.0,2,severe,3,2024
F4_thit_soc,160.0,72,10.0926,0.0,160.0,5,0,22,3,60.0,1566,0.089,gate,960.0,2,severe,3,2024
F5_set_camau,160.0,72,1.5741,0.0,160.0,6,0,24,4,80.0,1541,0.067,gate,960.0,2,severe,3,2024
F6_cat_camau,160.0,72,0.5556,0.0,160.0,4,0,23,3,60.0,1565,0.078,gate,960.0,2,severe,3,2024
F1_dat_cat,160.0,72,6.1111,0.0,160.0,4,0,20,0,0.0,1472,0.111,gate,960.0,2,severe,4,2024
F2_thit,160.0,72,10.6944,0.0,160.0,6,0,19,0,0.0,1470,0.122,gate,960.0,2,severe,4,2024
F3_set,160.0,72,6.25,0.0,160.0,7,0,20,0,0.0,1674,0.111,gate,960.0,2,severe,4,2024
F4_thit_soc,160.0,72,9.9537,0.0,160.0,6,0,19,0,0.0,1683,0.122,gate,960.0,2,severe,4,2024
F5_set_camau,160.0,72,8.9815,0.0,160.0,5,0,20,1,20.0,1424,0.111,gate,960.0,2,severe,4,2024
F6_cat_camau,160.0,72,7.8241,0.0,160.0,4,0,21,2,40.0,1495,0.1,gate,960.0,2,severe,4,2024
F1_dat_cat,240.0,24,0.0,0.0,200.0,9,0,80,1,20.0,1369,0.111,gate,1440.0,6,mild,0,2024
F2_thit,240.0,24,0.0,0.0,240.0,11,0,75,1,20.0,1350,0.167,gate,1440.0,6,mild,0,2024
F3_set,240.0,24,0.0,0.0,200.0,9,0,80,1,20.0,1612,0.111,gate,1440.0,6,mild,0,2024
F4_thit_soc,240.0,24,0.0,0.0,240.0,10,0,80,2,40.0,1280,0.111,gate,1440.0,6,mild,0,2024
F5_set_camau,240.0,24,0.0,0.0,200.0,9,0,80,1,20.0,1417,0.111,gate,1440.0,6,mild,0,2024
F6_cat_camau,240.0,24,0.0,0.0,180.0,8,0,79,1,20.0,1425,0.122,gate,1440.0,6,mild,0,2024
F1_dat_cat,240.0,24,0.0,0.0,200.0,10,0,80,1,20.0,1378,0.111,gate,1440.0,6,mild,1,2024
F2_thit,240.0,24,0.0,0.0,220.0,10,0,79,1,20.0,1389,0.122,gate,1440.0,6,mild,1,2024
F3_set,240.0,24,0.0,0.0,200.0,9,0,80,1,20.0,1593,0.111,gate,1440.0,6,mild,1,2024
F4_thit_soc,240.0,24,0.0,0.0,220.0,10,0,78,1,20.0,1563,0.133,gate,1440.0,6,mild,1,2024
F5_set_camau,240.0,24,0.0,0.0,200.0,9,0,80,1,20.0,1413,0.111,gate,1440.0,6,mild,1,2024
F6_cat_camau,240.0,24,0.0,0.0,200.0,9,0,81,1,20.0,1393,0.1,gate,1440.0,6,mild,1,2024
F1_dat_cat,240.0,24,0.0,0.0,220.0,7,0,81,7,140.0,1261,0.1,gate,1440.0,6,mild,2,2024
F2_thit,240.0,24,0.0,0.0,240.0,9,0,81,6,120.0,1259,0.1,gate,1440.0,6,mild,2,2024
F3_set,240.0,24,0.0,0.0,220.0,7,0,83,6,120.0,1429,0.078,gate,1440.0,6,mild,2,2024
F4_thit_soc,240.0,24,0.0,0.0,240.0,9,0,81,6,120.0,1395,0.1,gate,1440.0,6,mild,2,2024
F5_set_camau,240.0,24,0.0,0.0,200.0,7,0,82,7,140.0,1456,0.089,gate,1440.0,6,mild,2,2024
F6_cat_camau,240.0,24,0.0,0.0,200.0,7,0,83,7,140.0,1317,0.078,gate,1440.0,6,mild,2,2024
F1_dat_cat,240.0,24,0.0,0.0,200.0,7,0,81,5,100.0,1392,0.1,gate,1440.0,6,mild,3,2024
F2_thit,240.0,24,0.463,0.0,240.0,9,0,77,5,100.0,1193,0.144,gate,1440.0,6,mild,3,2024
F3_set,240.0,24,0.0,0.0,220.0,9,0,79,4,80.0,1511,0.122,gate,1440.0,6,mild,3,2024
F4_thit_soc,240.0,24,0.0,0.0,220.0,9,0,81,5,100.0,1542,0.1,gate,1440.0,6,mild,3,2024
F5_set_camau,240.0,24,0.0,0.0,200.0,7,0,82,4,80.0,1454,0.089,gate,1440.0,6,mild,3,2024
F6_cat_camau,240.0,24,0.0,0.0,200.0,7,0,81,3,60.0,1355,0.1,gate,1440.0,6,mild,3,2024
F1_dat_cat,240.0,24,0.0,0.0,200.0,8,0,80,2,40.0,1384,0.111,gate,1440.0,6,mild,4,2024
F2_thit,240.0,24,0.0,0.0,240.0,9,0,81,3,60.0,1245,0.1,gate,1440.0,6,mild,4,2024
F3_set,240.0,24,0.0,0.0,240.0,9,0,80,3,60.0,1253,0.111,gate,1440.0,6,mild,4,2024
F4_thit_soc,240.0,24,0.0,0.0,240.0,10,0,80,3,60.0,1252,0.111,gate,1440.0,6,mild,4,2024
F5_set_camau,240.0,24,0.0,0.0,200.0,9,0,80,2,40.0,1463,0.111,gate,1440.0,6,mild,4,2024
F6_cat_camau,240.0,24,0.0,0.0,200.0,8,0,82,2,40.0,1343,0.089,gate,1440.0,6,mild,4,2024
F1_dat_cat,240.0,24,0.0,0.0,180.0,8,0,80,0,0.0,1480,0.111,gate,1440.0,6,severe,0,2024
F2_thit,240.0,24,0.5556,0.0,240.0,10,0,76,2,40.0,1244,0.156,gate,1440.0,6,severe,0,2024
F3_set,240.0,24,0.0,0.0,200.0,10,0,76,0,0.0,1543,0.156,gate,1440.0,6,severe,0,2024
F4_thit_soc,240.0,24,0.0,0.0,240.0,10,0,79,2,40.0,1274,0.122,gate,1440.0,6,severe,0,2024
F5_set_camau,240.0,24,0.0,0.0,200.0,10,0,76,0,0.0,1553,0.156,gate,1440.0,6,severe,0,2024
F6_cat_camau,240.0,24,0.0,0.0,200.0,8,0,80,0,0.0,1333,0.111,gate,1440.0,6,severe,0,2024
F1_dat_cat,240.0,24,0.0,0.0,180.0,5,0,74,1,20.0,1432,0.178,gate,1440.0,6,severe,1,2024
F2_thit,240.0,24,0.6944,0.0,220.0,10,0,78,1,20.0,1390,0.133,gate,1440.0,6,severe,1,2024
F3_set,240.0,24,0.5556,0.0,200.0,9,0,73,1,20.0,1544,0.189,gate,1440.0,6,severe,1,2024
F4_thit_soc,240.0,24,0.0,0.0,200.0,10,0,77,0,0.0,1683,0.144,gate,1440.0,6,severe,1,2024
F5_set_camau,240.0,24,0.463,0.0,200.0,9,0,75,1,20.0,1425,0.167,gate,1440.0,6,severe,1,2024
F6_cat_camau,240.0,24,0.0,0.0,200.0,9,0,81,1,20.0,1398,0.1,gate,1440.0,6,severe,1,2024
F1_dat_cat,240.0,24,0.0,0.0,200.0,8,0,80,1,20.0,1386,0.111,gate,1440.0,6,severe,2,2024
F2_thit,240.0,24,4.6296,0.0,240.0,7,0,83,5,100.0,1229,0.078,gate,1440.0,6,severe,2,2024
F3_set,240.0,24,0.0,0.0,220.0,9,0,80,3,60.0,1533,0.111,gate,1440.0,6,severe,2,2024
F4_thit_soc,240.0,24,0.0,0.0,240.0,8,0,80,6,120.0,1483,0.111,gate,1440.0,6,severe,2,2024
F5_set_camau,240.0,24,0.0,0.0,200.0,7,0,81,5,100.0,1445,0.1,gate,1440.0,6,severe,2,2024
F6_cat_camau,240.0,24,0.0,0.0,200.0,5,0,83,6,120.0,1393,0.078,gate,1440.0,6,severe,2,2024
F1_dat_cat,240.0,24,0.0,0.0,200.0,7,0,80,3,60.0,1394,0.111,gate,1440.0,6,severe,3,2024
F2_thit,240.0,24,0.4167,0.0,240.0,8,0,80,4,80.0,1190,0.111,gate,1440.0,6,severe,3,2024
F3_set,240.0,24,0.0,0.0,240.0,7,0,82,5,100.0,1310,0.089,gate,1440.0,6,severe,3,2024
F4_thit_soc,240.0,24,0.787,0.0,240.0,7,0,78,5,100.0,1336,0.133,gate,1440.0,6,severe,3,2024
F5_set_camau,240.0,24,0.0,0.0,200.0,8,0,80,3,60.0,1493,0.111,gate,1440.0,6,severe,3,2024
F6_cat_camau,240.0,24,0.0,0.0,200.0,8,0,82,4,80.0,1353,0.089,gate,1440.0,6,severe,3,2024
F1_dat_cat,240.0,24,0.0,0.0,180.0,8,0,80,1,20.0,1480,0.111,gate,1440.0,6,severe,4,2024
F2_thit,240.0,24,0.0,0.0,240.0,10,0,79,2,40.0,1265,0.122,gate,1440.0,6,severe,4,2024
F3_set,240.0,24,0.0,0.0,200.0,9,0,78,1,20.0,1613,0.133,gate,1440.0,6,severe,4,2024
F4_thit_soc,240.0,24,0.0,0.0,240.0,10,0,80,2,40.0,1254,0.111,gate,1440.0,6,severe,4,2024
F5_set_camau,240.0,24,0.0,0.0,200.0,10,0,77,0,0.0,1478,0.144,gate,1440.0,6,severe,4,2024
F6_cat_camau,240.0,24,0.0,0.0,180.0,6,0,78,1,20.0,1505,0.133,gate,1440.0,6,severe,4,2024
F1_dat_cat,240.0,48,1.7593,0.0,180.0,2,0,35,1,20.0,1380,0.111,gate,1440.0,3,mild,0,2024
F2_thit,240.0,48,0.0,0.0,240.0,10,0,35,2,40.0,1321,0.111,gate,1440.0,3,mild,0,2024
F3_set,240.0,48,1.0648,0.0,180.0,9,0,34,0,0.0,1656,0.122,gate,1440.0,3,mild,0,2024
F4_thit_soc,240.0,48,0.0463,0.0,200.0,9,0,34,1,20.0,1540,0.122,gate,1440.0,3,mild,0,2024
F5_set_camau,240.0,48,0.6019,0.0,180.0,7,0,35,0,0.0,1471,0.111,gate,1440.0,3,mild,0,2024
F6_cat_camau,240.0,48,0.0,0.0,200.0,8,0,36,1,20.0,1444,0.1,gate,1440.0,3,mild,0,2024
F1_dat_cat,240.0,48,0.0,0.0,180.0,2,0,37,1,20.0,1385,0.089,gate,1440.0,3,mild,1,2024
F2_thit,240.0,48,0.4167,0.0,200.0,9,0,34,1,20.0,1418,0.122,gate,1440.0,3,mild,1,2024
F3_set,240.0,48,0.6944,0.0,200.0,9,0,34,1,20.0,1614,0.122,gate,1440.0,3,mild,1,2024
F4_thit_soc,240.0,48,1.5278,0.0,200.0,10,0,32,1,20.0,1623,0.144,gate,1440.0,3,mild,1,2024
F5_set_camau,240.0,48,1.8056,0.0,180.0,7,0,33,1,20.0,1407,0.133,gate,1440.0,3,mild,1,2024
F6_cat_camau,240.0,48,0.463,0.0,200.0,7,0,36,1,20.0,1359,0.1,gate,1440.0,3,mild,1,2024
F1_dat_cat,240.0,48,0.0,0.0,200.0,4,0,38,7,140.0,1358,0.078,gate,1440.0,3,mild,2,2024
F2_thit,240.0,48,0.0,0.0,240.0,9,0,36,6,120.0,1214,0.1,gate,1440.0,3,mild,2,2024
F3_set,240.0,48,0.0,0.0,220.0,8,0,37,7,140.0,1428,0.089,gate,1440.0,3,mild,2,2024
F4_thit_soc,240.0,48,0.0,0.0,240.0,8,0,37,6,120.0,1258,0.089,gate,1440.0,3,mild,2,2024
F5_set_camau,240.0,48,0.0,0.0,200.0,7,0,38,7,140.0,1434,0.078,gate,1440.0,3,mild,2,2024
F6_cat_camau,240.0,48,0.0,0.0,200.0,6,0,38,6,120.0,1192,0.078,gate,1440.0,3,mild,2,2024
F1_dat_cat,240.0,48,0.0,0.0,200.0,5,0,38,5,100.0,1358,0.078,gate,1440.0,3,mild,3,2024
F2_thit,240.0,48,1.3426,0.0,220.0,9,0,35,5,100.0,1254,0.111,gate,1440.0,3,mild,3,2024
F3_set,240.0,48,0.0,0.0,220.0,8,0,37,5,100.0,1428,0.089,gate,1440.0,3,mild,3,2024
F4_thit_soc,240.0,48,0.4167,0.0,220.0,9,0,35,5,100.0,1461,0.111,gate,1440.0,3,mild,3,2024
F5_set_camau,240.0,48,0.0,0.0,200.0,7,0,38,5,100.0,1462,0.078,gate,1440.0,3,mild,3,2024
F6_cat_camau,240.0,48,0.0,0.0,200.0,5,0,36,4,80.0,1394,0.1,gate,1440.0,3,mild,3,2024
F1_dat_cat,240.0,48,0.0,0.0,200.0,7,0,36,2,40.0,1339,0.1,gate,1440.0,3,mild,4,2024
F2_thit,240.0,48,0.0,0.0,240.0,10,0,35,3,60.0,1319,0.111,gate,1440.0,3,mild,4,2024
F3_set,240.0,48,0.0,0.0,200.0,9,0,35,2,40.0,1580,0.111,gate,1440.0,3,mild,4,2024
F4_thit_soc,240.0,48,0.0,0.0,240.0,10,0,35,3,60.0,1297,0.111,gate,1440.0,3,mild,4,2024
F5_set_camau,240.0,48,0.0,0.0,200.0,8,0,37,2,40.0,1383,0.089,gate,1440.0,3,mild,4,2024
F6_cat_camau,240.0,48,0.0,0.0,200.0,8,0,37,2,40.0,1383,0.089,gate,1440.0,3,mild,4,2024
F1_dat_cat,240.0,48,7.7315,0.0,180.0,2,0,31,0,0.0,1287,0.156,gate,1440.0,3,severe,0,2024
F2_thit,240.0,48,7.7315,0.0,180.0,7,0,30,0,0.0,1396,0.167,gate,1440.0,3,severe,0,2024
F3_set,240.0,48,3.7963,0.0,180.0,8,0,34,0,0.0,1628,0.122,gate,1440.0,3,severe,0,2024
F4_thit_soc,240.0,48,6.5278,0.0,180.0,8,0,32,0,0.0,1555,0.144,gate,1440.0,3,severe,0,2024
F5_set_camau,240.0,48,7.2222,0.0,200.0,7,1,33,1,20.0,1344,0.133,gate,1440.0,3,severe,0,2024
F6_cat_camau,240.0,48,2.4074,0.0,180.0,6,0,34,0,0.0,1347,0.122,gate,1440.0,3,severe,0,2024
F1_dat_cat,240.0,48,0.6481,0.0,180.0,3,0,36,1,20.0,1387,0.1,gate,1440.0,3,severe,1,2024
F2_thit,240.0,48,1.5741,0.0,200.0,10,0,34,0,0.0,1452,0.122,gate,1440.0,3,severe,1,2024
F3_set,240.0,48,3.1481,0.0,200.0,7,0,34,1,20.0,1556,0.122,gate,1440.0,3,severe,1,2024
F4_thit_soc,240.0,48,3.1019,0.0,200.0,9,0,32,1,20.0,1623,0.144,gate,1440.0,3,severe,1,2024
F5_set_camau,240.0,48,4.8611,0.0,180.0,5,0,34,1,20.0,1281,0.122,gate,1440.0,3,severe,1,2024
F6_cat_camau,240.0,48,2.6852,0.0,180.0,6,0,36,1,20.0,1377,0.1,gate,1440.0,3,severe,1,2024
F1_dat_cat,240.0,48,0.0,0.0,200.0,5,0,38,4,80.0,1360,0.078,gate,1440.0,3,severe,2,2024
F2_thit,240.0,48,0.0,0.0,240.0,8,0,37,5,100.0,1309,0.089,gate,1440.0,3,severe,2,2024
F3_set,240.0,48,0.0,0.0,200.0,8,0,37,3,60.0,1560,0.089,gate,1440.0,3,severe,2,2024
F4_thit_soc,240.0,48,1.8981,0.0,200.0,8,0,36,4,80.0,1583,0.1,gate,1440.0,3,severe,2,2024
F5_set_camau,240.0,48,0.0,0.0,200.0,9,0,36,3,60.0,1449,0.1,gate,1440.0,3,severe,2,2024
F6_cat_camau,240.0,48,0.0,0.0,200.0,7,0,38,5,100.0,1218,0.078,gate,1440.0,3,severe,2,2024
F1_dat_cat,240.0,48,0.0,0.0,200.0,4,0,39,5,100.0,1355,0.067,gate,1440.0,3,severe,3,2024
F2_thit,240.0,48,4.7685,0.0,220.0,6,0,35,4,80.0,1207,0.111,gate,1440.0,3,severe,3,2024
F3_set,240.0,48,0.0,0.0,200.0,8,0,37,3,60.0,1555,0.089,gate,1440.0,3,severe,3,2024
F4_thit_soc,240.0,48,1.9907,0.0,220.0,7,0,36,5,100.0,1409,0.1,gate,1440.0,3,severe,3,2024
F5_set_camau,240.0,48,0.5556,0.0,200.0,8,0,35,2,40.0,1438,0.111,gate,1440.0,3,severe,3,2024
F6_cat_camau,240.0,48,0.4167,0.0,200.0,6,0,36,3,60.0,1369,0.1,gate,1440.0,3,severe,3,2024
F1_dat_cat,240.0,48,0.0,0.0,180.0,5,0,36,1,20.0,1423,0.1,gate,1440.0,3,severe,4,2024
F2_thit,240.0,48,3.3796,0.0,200.0,8,0,34,1,20.0,1390,0.122,gate,1440.0,3,severe,4,2024
F3_set,240.0,48,0.787,0.0,180.0,8,0,34,1,20.0,1674,0.122,gate,1440.0,3,severe,4,2024
F4_thit_soc,240.0,48,3.8889,0.0,180.0,9,0,32,1,20.0,1681,0.144,gate,1440.0,3,severe,4,2024
F5_set_camau,240.0,48,0.3704,0.0,180.0,7,0,34,1,20.0,1579,0.122,gate,1440.0,3,severe,4,2024
F6_cat_camau,240.0,48,0.0,0.0,180.0,4,0,36,2,40.0,1368,0.1,gate,1440.0,3,severe,4,2024
F1_dat_cat,240.0,72,0.0,0.0,180.0,3,0,22,1,20.0,1434,0.089,gate,1440.0,2,mild,0,2024
F2_thit,240.0,72,1.6667,0.0,200.0,9,0,21,1,20.0,1339,0.1,gate,1440.0,2,mild,0,2024
F3_set,240.0,72,0.0,0.0,200.0,9,0,21,1,20.0,1511,0.1,gate,1440.0,2,mild,0,2024
F4_thit_soc,240.0,72,0.0463,0.0,200.0,9,0,21,1,20.0,1599,0.1,gate,1440.0,2,mild,0,2024
F5_set_camau,240.0,72,0.0,0.0,180.0,8,0,22,0,0.0,1444,0.089,gate,1440.0,2,mild,0,2024
F6_cat_camau,240.0,72,0.0,0.0,180.0,5,0,22,0,0.0,1342,0.089,gate,1440.0,2,mild,0,2024
F1_dat_cat,240.0,72,0.0,0.0,180.0,4,0,22,1,20.0,1435,0.089,gate,1440.0,2,mild,1,2024
F2_thit,240.0,72,1.6667,0.0,180.0,9,0,21,1,20.0,1470,0.1,gate,1440.0,2,mild,1,2024
F3_set,240.0,72,0.0,0.0,200.0,9,0,20,1,20.0,1576,0.111,gate,1440.0,2,mild,1,2024
F4_thit_soc,240.0,72,0.2315,0.0,200.0,10,0,20,1,20.0,1647,0.111,gate,1440.0,2,mild,1,2024
F5_set_camau,240.0,72,0.0,0.0,180.0,8,0,22,1,20.0,1499,0.089,gate,1440.0,2,mild,1,2024
F6_cat_camau,240.0,72,0.0,0.0,180.0,6,0,22,1,20.0,1481,0.089,gate,1440.0,2,mild,1,2024
F1_dat_cat,240.0,72,0.6019,0.0,200.0,5,0,23,7,140.0,1329,0.078,gate,1440.0,2,mild,2,2024
F2_thit,240.0,72,0.463,0.0,220.0,7,0,23,7,140.0,1232,0.078,gate,1440.0,2,mild,2,2024
F3_set,240.0,72,3.3796,0.0,200.0,5,0,23,7,140.0,1449,0.078,gate,1440.0,2,mild,2,2024
F4_thit_soc,240.0,72,0.0,0.0,220.0,7,0,23,7,140.0,1421,0.078,gate,1440.0,2,mild,2,2024
F5_set_camau,240.0,72,2.5,0.0,200.0,6,0,22,6,120.0,1302,0.089,gate,1440.0,2,mild,2,2024
F6_cat_camau,240.0,72,0.0,0.0,200.0,5,0,23,6,120.0,1337,0.078,gate,1440.0,2,mild,2,2024
F1_dat_cat,240.0,72,0.6019,0.0,180.0,4,0,22,5,100.0,1405,0.089,gate,1440.0,2,mild,3,2024
F2_thit,240.0,72,3.6574,0.0,220.0,7,0,21,5,100.0,1212,0.1,gate,1440.0,2,mild,3,2024
F3_set,240.0,72,2.9167,0.0,200.0,7,0,21,5,100.0,1444,0.1,gate,1440.0,2,mild,3,2024
F4_thit_soc,240.0,72,2.8241,0.0,200.0,7,0,22,5,100.0,1460,0.089,gate,1440.0,2,mild,3,2024
F5_set_camau,240.0,72,4.213,0.0,220.0,4,0,22,4,100.0,1144,0.089,gate,1440.0,2,mild,3,2024
F6_cat_camau,240.0,72,0.6481,0.0,220.0,3,0,23,4,100.0,1159,0.078,gate,1440.0,2,mild,3,2024
F1_dat_cat,240.0,72,0.0,0.0,200.0,6,0,22,2,40.0,1333,0.089,gate,1440.0,2,mild,4,2024
F2_thit,240.0,72,4.8611,0.0,200.0,7,0,21,2,40.0,1278,0.1,gate,1440.0,2,mild,4,2024
F3_set,240.0,72,0.0,0.0,200.0,8,0,22,2,40.0,1546,0.089,gate,1440.0,2,mild,4,2024
F4_thit_soc,240.0,72,1.9444,0.0,200.0,8,0,21,2,40.0,1519,0.1,gate,1440.0,2,mild,4,2024
F5_set_camau,240.0,72,0.0,0.0,200.0,8,0,22,2,40.0,1363,0.089,gate,1440.0,2,mild,4,2024
F6_cat_camau,240.0,72,0.0,0.0,200.0,7,0,21,2,40.0,1430,0.1,gate,1440.0,2,mild,4,2024
F1_dat_cat,240.0,72,13.1944,0.0,160.0,4,0,17,0,0.0,1347,0.144,gate,1440.0,2,severe,0,2024
F2_thit,240.0,72,11.2963,0.0,180.0,5,0,19,1,20.0,1337,0.122,gate,1440.0,2,severe,0,2024
F3_set,240.0,72,13.3796,0.0,160.0,2,1,19,0,0.0,1533,0.122,gate,1440.0,2,severe,0,2024
F4_thit_soc,240.0,72,9.8611,0.0,180.0,6,0,19,1,20.0,1360,0.122,gate,1440.0,2,severe,0,2024
F5_set_camau,240.0,72,8.287,0.0,160.0,4,1,18,0,0.0,1545,0.133,gate,1440.0,2,severe,0,2024
F6_cat_camau,240.0,72,2.2685,0.0,180.0,3,0,21,0,0.0,1379,0.1,gate,1440.0,2,severe,0,2024
F1_dat_cat,240.0,72,7.8704,0.0,180.0,3,0,19,1,20.0,1325,0.122,gate,1440.0,2,severe,1,2024
F2_thit,240.0,72,13.1944,0.0,180.0,6,0,18,1,20.0,1358,0.133,gate,1440.0,2,severe,1,2024
F3_set,240.0,72,8.1944,0.0,180.0,6,0,20,1,20.0,1327,0.111,gate,1440.0,2,severe,1,2024
F4_thit_soc,240.0,72,11.8056,0.0,180.0,6,0,18,1,20.0,1361,0.133,gate,1440.0,2,severe,1,2024
F5_set_camau,240.0,72,4.9537,0.0,180.0,6,0,20,1,20.0,1275,0.111,gate,1440.0,2,severe,1,2024
F6_cat_camau,240.0,72,1.5741,0.0,180.0,5,0,21,0,0.0,1296,0.1,gate,1440.0,2,severe,1,2024
F1_dat_cat,240.0,72,1.8519,0.0,200.0,6,0,23,5,100.0,1284,0.078,gate,1440.0,2,severe,2,2024
F2_thit,240.0,72,4.2593,0.0,220.0,8,0,21,4,80.0,1266,0.1,gate,1440.0,2,severe,2,2024
F3_set,240.0,72,2.6389,0.0,220.0,7,0,22,5,100.0,1443,0.089,gate,1440.0,2,severe,2,2024
F4_thit_soc,240.0,72,2.963,0.0,220.0,8,0,21,4,80.0,1526,0.1,gate,1440.0,2,severe,2,2024
F5_set_camau,240.0,72,2.3148,0.0,180.0,5,0,22,2,40.0,1479,0.089,gate,1440.0,2,severe,2,2024
F6_cat_camau,240.0,72,0.0,0.0,200.0,5,0,23,3,60.0,1272,0.078,gate,1440.0,2,severe,2,2024
F1_dat_cat,240.0,72,0.463,0.0,180.0,4,0,22,3,60.0,1406,0.089,gate,1440.0,2,severe,3,2024
F2_thit,240.0,72,8.7963,0.0,180.0,5,0,21,3,60.0,1359,0.1,gate,1440.0,2,severe,3,2024
F3_set,240.0,72,0.8333,0.0,200.0,7,0,20,3,60.0,1544,0.111,gate,1440.0,2,severe,3,2024
F4_thit_soc,240.0,72,5.3241,0.0,200.0,7,0,20,3,60.0,1531,0.111,gate,1440.0,2,severe,3,2024
F5_set_camau,240.0,72,0.0,0.0,200.0,8,0,22,4,80.0,1361,0.089,gate,1440.0,2,severe,3,2024
F6_cat_camau,240.0,72,0.5556,0.0,220.0,4,0,23,4,100.0,1171,0.078,gate,1440.0,2,severe,3,2024
F1_dat_cat,240.0,72,6.1111,0.0,160.0,4,0,19,0,0.0,1472,0.122,gate,1440.0,2,severe,4,2024
F2_thit,240.0,72,10.6944,0.0,160.0,6,0,19,0,0.0,1470,0.122,gate,1440.0,2,severe,4,2024
F3_set,240.0,72,6.25,0.0,180.0,8,0,18,0,0.0,1494,0.133,gate,1440.0,2,severe,4,2024
F4_thit_soc,240.0,72,9.9537,0.0,180.0,7,0,17,0,0.0,1503,0.144,gate,1440.0,2,severe,4,2024
F5_set_camau,240.0,72,8.9815,0.0,180.0,5,1,20,1,20.0,1248,0.111,gate,1440.0,2,severe,4,2024
F6_cat_camau,240.0,72,7.8241,0.0,200.0,5,0,20,2,40.0,1377,0.111,gate,1440.0,2,severe,4,2024
F1_dat_cat,320.0,24,0.0,0.0,260.0,6,4,79,2,40.0,1194,0.122,gate,1920.0,6,mild,0,2024
F2_thit,320.0,24,0.0,0.0,240.0,9,3,73,0,0.0,1307,0.189,gate,1920.0,6,mild,0,2024
F3_set,320.0,24,0.0,0.0,260.0,8,2,77,2,40.0,1192,0.144,gate,1920.0,6,mild,0,2024
F4_thit_soc,320.0,24,0.0,0.0,280.0,9,2,79,3,60.0,1359,0.122,gate,1920.0,6,mild,0,2024
F5_set_camau,320.0,24,0.0,0.0,260.0,5,3,76,2,40.0,1024,0.156,gate,1920.0,6,mild,0,2024
F6_cat_camau,320.0,24,0.0,0.0,280.0,4,4,78,2,40.0,984,0.133,gate,1920.0,6,mild,0,2024
F1_dat_cat,320.0,24,0.0,0.0,240.0,6,5,79,1,20.0,1231,0.122,gate,1920.0,6,mild,1,2024
F2_thit,320.0,24,0.0,0.0,240.0,10,1,78,1,20.0,1289,0.133,gate,1920.0,6,mild,1,2024
F3_set,320.0,24,0.0,0.0,280.0,8,3,77,2,40.0,1327,0.144,gate,1920.0,6,mild,1,2024
F4_thit_soc,320.0,24,0.0,0.0,240.0,8,3,77,1,20.0,1367,0.144,gate,1920.0,6,mild,1,2024
F5_set_camau,320.0,24,0.0,0.0,260.0,5,4,78,1,20.0,1094,0.133,gate,1920.0,6,mild,1,2024
F6_cat_camau,320.0,24,0.0,0.0,260.0,4,5,78,1,20.0,1044,0.133,gate,1920.0,6,mild,1,2024
F1_dat_cat,320.0,24,0.0,0.0,260.0,6,0,82,7,200.0,1028,0.089,gate,1920.0,6,mild,2,2024
F2_thit,320.0,24,0.0,0.0,280.0,10,0,80,7,140.0,1241,0.111,gate,1920.0,6,mild,2,2024
F3_set,320.0,24,0.0,0.0,280.0,9,0,81,7,140.0,1173,0.1,gate,1920.0,6,mild,2,2024
F4_thit_soc,320.0,24,0.0,0.0,280.0,9,1,80,7,140.0,1342,0.111,gate,1920.0,6,mild,2,2024
F5_set_camau,320.0,24,0.0,0.0,260.0,6,2,81,6,160.0,1066,0.1,gate,1920.0,6,mild,2,2024
F6_cat_camau,320.0,24,0.0,0.0,260.0,5,2,83,6,160.0,947,0.078,gate,1920.0,6,mild,2,2024
F1_dat_cat,320.0,24,0.0,0.0,240.0,6,1,80,5,120.0,1169,0.111,gate,1920.0,6,mild,3,2024
F2_thit,320.0,24,0.463,0.0,300.0,9,0,77,6,140.0,1151,0.144,gate,1920.0,6,mild,3,2024
F3_set,320.0,24,0.0,0.0,280.0,8,1,78,5,100.0,1319,0.133,gate,1920.0,6,mild,3,2024
F4_thit_soc,320.0,24,0.0,0.0,260.0,8,2,79,6,120.0,1203,0.122,gate,1920.0,6,mild,3,2024
F5_set_camau,320.0,24,0.0,0.0,260.0,5,3,79,5,100.0,1004,0.122,gate,1920.0,6,mild,3,2024
F6_cat_camau,320.0,24,0.0,0.0,280.0,3,4,78,5,100.0,974,0.133,gate,1920.0,6,mild,3,2024
F1_dat_cat,320.0,24,0.0,0.0,240.0,6,2,80,2,60.0,1164,0.111,gate,1920.0,6,mild,4,2024
F2_thit,320.0,24,0.0,0.0,260.0,10,0,80,4,80.0,1179,0.111,gate,1920.0,6,mild,4,2024
F3_set,320.0,24,0.0,0.0,280.0,9,0,80,3,80.0,1227,0.111,gate,1920.0,6,mild,4,2024
F4_thit_soc,320.0,24,0.0,0.0,260.0,9,2,79,4,80.0,1364,0.122,gate,1920.0,6,mild,4,2024
F5_set_camau,320.0,24,0.0,0.0,260.0,5,4,79,3,60.0,989,0.122,gate,1920.0,6,mild,4,2024
F6_cat_camau,320.0,24,0.0,0.0,280.0,4,3,80,3,60.0,952,0.111,gate,1920.0,6,mild,4,2024
F1_dat_cat,320.0,24,0.0,0.0,240.0,6,5,79,1,20.0,1235,0.122,gate,1920.0,6,severe,0,2024
F2_thit,320.0,24,0.5556,0.0,240.0,9,2,75,1,20.0,1280,0.167,gate,1920.0,6,severe,0,2024
F3_set,320.0,24,0.0,0.0,240.0,7,3,74,1,20.0,1256,0.178,gate,1920.0,6,severe,0,2024
F4_thit_soc,320.0,24,0.0,0.0,240.0,8,3,78,1,20.0,1408,0.133,gate,1920.0,6,severe,0,2024
F5_set_camau,320.0,24,0.0,0.0,260.0,5,4,77,2,40.0,1013,0.144,gate,1920.0,6,severe,0,2024
F6_cat_camau,320.0,24,0.0,0.0,280.0,3,4,78,3,60.0,991,0.133,gate,1920.0,6,severe,0,2024
F1_dat_cat,320.0,24,0.0,0.0,240.0,5,3,74,1,20.0,1211,0.178,gate,1920.0,6,severe,1,2024
F2_thit,320.0,24,0.6944,0.0,240.0,10,0,78,1,20.0,1261,0.133,gate,1920.0,6,severe,1,2024
F3_set,320.0,24,0.5556,0.0,240.0,7,3,73,1,20.0,1225,0.189,gate,1920.0,6,severe,1,2024
F4_thit_soc,320.0,24,0.0,0.0,240.0,9,3,74,0,0.0,1303,0.178,gate,1920.0,6,severe,1,2024
F5_set_camau,320.0,24,0.463,0.0,240.0,6,3,69,1,20.0,1109,0.233,gate,1920.0,6,severe,1,2024
F6_cat_camau,320.0,24,0.0,0.0,240.0,5,3,72,1,20.0,1114,0.2,gate,1920.0,6,severe,1,2024
F1_dat_cat,320.0,24,0.0,0.0,280.0,7,0,82,3,100.0,1134,0.089,gate,1920.0,6,severe,2,2024
F2_thit,320.0,24,0.0,0.0,280.0,8,0,82,6,120.0,1070,0.089,gate,1920.0,6,severe,2,2024
F3_set,320.0,24,0.0,0.0,280.0,8,2,79,4,80.0,1393,0.122,gate,1920.0,6,severe,2,2024
F4_thit_soc,320.0,24,0.0,0.0,280.0,9,0,78,7,140.0,1255,0.133,gate,1920.0,6,severe,2,2024
F5_set_camau,320.0,24,0.0,0.0,260.0,5,3,80,5,120.0,964,0.111,gate,1920.0,6,severe,2,2024
F6_cat_camau,320.0,24,0.0,0.0,260.0,5,3,82,3,80.0,988,0.089,gate,1920.0,6,severe,2,2024
F1_dat_cat,320.0,24,0.0,0.0,260.0,6,1,81,3,80.0,1098,0.1,gate,1920.0,6,severe,3,2024
F2_thit,320.0,24,0.4167,0.0,260.0,9,0,79,5,100.0,1124,0.122,gate,1920.0,6,severe,3,2024
F3_set,320.0,24,0.0,0.0,260.0,7,0,82,6,120.0,981,0.089,gate,1920.0,6,severe,3,2024
F4_thit_soc,320.0,24,0.787,0.0,260.0,7,0,78,6,120.0,1006,0.133,gate,1920.0,6,severe,3,2024
F5_set_camau,320.0,24,0.0,0.0,260.0,5,4,77,3,60.0,1048,0.144,gate,1920.0,6,severe,3,2024
F6_cat_camau,320.0,24,0.0,0.0,280.0,6,0,83,5,140.0,1152,0.078,gate,1920.0,6,severe,3,2024
F1_dat_cat,320.0,24,0.0,0.0,240.0,7,3,79,0,0.0,1197,0.122,gate,1920.0,6,severe,4,2024
F2_thit,320.0,24,0.0,0.0,260.0,10,0,79,3,60.0,1169,0.122,gate,1920.0,6,severe,4,2024
F3_set,320.0,24,0.0,0.0,260.0,7,3,74,3,60.0,1142,0.178,gate,1920.0,6,severe,4,2024
F4_thit_soc,320.0,24,0.0,0.0,260.0,8,2,78,3,60.0,1171,0.133,gate,1920.0,6,severe,4,2024
F5_set_camau,320.0,24,0.0,0.0,280.0,4,5,78,3,60.0,991,0.133,gate,1920.0,6,severe,4,2024
F6_cat_camau,320.0,24,0.0,0.0,260.0,4,4,78,2,40.0,1029,0.133,gate,1920.0,6,severe,4,2024
F1_dat_cat,320.0,48,0.0,0.0,260.0,2,4,34,2,40.0,1190,0.122,gate,1920.0,3,mild,0,2024
F2_thit,320.0,48,0.0,0.0,240.0,8,3,33,1,20.0,1294,0.133,gate,1920.0,3,mild,0,2024
F3_set,320.0,48,0.0,0.0,260.0,7,3,33,2,40.0,1193,0.133,gate,1920.0,3,mild,0,2024
F4_thit_soc,320.0,48,0.0,0.0,240.0,7,4,33,2,40.0,1202,0.133,gate,1920.0,3,mild,0,2024
F5_set_camau,320.0,48,0.0,0.0,260.0,6,3,33,2,40.0,1103,0.133,gate,1920.0,3,mild,0,2024
F6_cat_camau,320.0,48,0.0,0.0,240.0,5,2,36,1,20.0,1029,0.1,gate,1920.0,3,mild,0,2024
F1_dat_cat,320.0,48,0.0,0.0,240.0,3,3,35,1,20.0,1166,0.111,gate,1920.0,3,mild,1,2024
F2_thit,320.0,48,0.4167,0.0,240.0,8,2,34,1,20.0,1185,0.122,gate,1920.0,3,mild,1,2024
F3_set,320.0,48,0.6944,0.0,240.0,6,5,30,1,20.0,1372,0.167,gate,1920.0,3,mild,1,2024
F4_thit_soc,320.0,48,0.0,0.0,240.0,8,4,31,1,20.0,1520,0.156,gate,1920.0,3,mild,1,2024
F5_set_camau,320.0,48,0.2778,0.0,220.0,5,4,32,1,40.0,1406,0.144,gate,1920.0,3,mild,1,2024
F6_cat_camau,320.0,48,0.0,0.0,240.0,5,1,37,1,40.0,1019,0.089,gate,1920.0,3,mild,1,2024
F1_dat_cat,320.0,48,0.0,0.0,240.0,3,2,37,6,160.0,1099,0.089,gate,1920.0,3,mild,2,2024
F2_thit,320.0,48,0.0,0.0,240.0,9,0,36,6,120.0,1214,0.1,gate,1920.0,3,mild,2,2024
F3_set,320.0,48,0.0,0.0,260.0,8,0,37,6,160.0,1174,0.089,gate,1920.0,3,mild,2,2024
F4_thit_soc,320.0,48,0.0,0.0,240.0,7,1,37,6,120.0,1378,0.089,gate,1920.0,3,mild,2,2024
F5_set_camau,320.0,48,0.0,0.0,240.0,4,3,37,7,140.0,1108,0.089,gate,1920.0,3,mild,2,2024
F6_cat_camau,320.0,48,0.0,0.0,260.0,4,3,38,6,160.0,958,0.078,gate,1920.0,3,mild,2,2024
F1_dat_cat,320.0,48,0.0,0.0,240.0,4,2,36,5,120.0,1175,0.1,gate,1920.0,3,mild,3,2024
F2_thit,320.0,48,0.0,0.0,260.0,8,2,34,6,120.0,1227,0.122,gate,1920.0,3,mild,3,2024
F3_set,320.0,48,0.0,0.0,240.0,8,0,36,5,140.0,1346,0.1,gate,1920.0,3,mild,3,2024
F4_thit_soc,320.0,48,0.0,0.0,260.0,8,2,34,6,120.0,1190,0.122,gate,1920.0,3,mild,3,2024
F5_set_camau,320.0,48,0.0,0.0,260.0,6,3,36,5,120.0,1064,0.1,gate,1920.0,3,mild,3,2024
F6_cat_camau,320.0,48,0.0,0.0,240.0,4,3,36,4,80.0,1055,0.1,gate,1920.0,3,mild,3,2024
F1_dat_cat,320.0,48,0.0,0.0,240.0,6,2,36,2,60.0,1155,0.1,gate,1920.0,3,mild,4,2024
F2_thit,320.0,48,0.0,0.0,240.0,8,2,35,3,60.0,1224,0.111,gate,1920.0,3,mild,4,2024
F3_set,320.0,48,0.0,0.0,260.0,8,0,36,2,60.0,1262,0.1,gate,1920.0,3,mild,4,2024
F4_thit_soc,320.0,48,0.0,0.0,240.0,8,2,35,3,60.0,1360,0.111,gate,1920.0,3,mild,4,2024
F5_set_camau,320.0,48,0.0,0.0,260.0,4,4,36,3,60.0,979,0.1,gate,1920.0,3,mild,4,2024
F6_cat_camau,320.0,48,0.0,0.0,240.0,4,3,37,2,40.0,1096,0.089,gate,1920.0,3,mild,4,2024
F1_dat_cat,320.0,48,2.8241,0.0,240.0,3,0,32,1,20.0,1049,0.144,gate,1920.0,3,severe,0,2024
F2_thit,320.0,48,7.7315,0.0,220.0,6,2,28,1,20.0,1256,0.189,gate,1920.0,3,severe,0,2024
F3_set,320.0,48,5.0,0.0,220.0,7,2,31,1,20.0,1259,0.156,gate,1920.0,3,severe,0,2024
F4_thit_soc,320.0,48,6.5278,0.0,220.0,7,1,30,1,20.0,1255,0.167,gate,1920.0,3,severe,0,2024
F5_set_camau,320.0,48,0.6481,0.0,220.0,6,3,33,0,0.0,1208,0.133,gate,1920.0,3,severe,0,2024
F6_cat_camau,320.0,48,0.5556,0.0,240.0,4,3,30,1,20.0,1102,0.167,gate,1920.0,3,severe,0,2024
F1_dat_cat,320.0,48,0.6481,0.0,240.0,3,4,33,1,20.0,1229,0.133,gate,1920.0,3,severe,1,2024
F2_thit,320.0,48,0.0,0.0,240.0,10,2,32,0,0.0,1339,0.144,gate,1920.0,3,severe,1,2024
F3_set,320.0,48,3.1481,0.0,240.0,5,4,31,1,20.0,1198,0.156,gate,1920.0,3,severe,1,2024
F4_thit_soc,320.0,48,1.9444,0.0,240.0,7,4,32,1,20.0,1250,0.144,gate,1920.0,3,severe,1,2024
F5_set_camau,320.0,48,1.1111,0.0,240.0,5,4,30,1,20.0,1129,0.167,gate,1920.0,3,severe,1,2024
F6_cat_camau,320.0,48,0.0,0.0,240.0,6,0,37,1,40.0,956,0.089,gate,1920.0,3,severe,1,2024
F1_dat_cat,320.0,48,0.0,0.0,280.0,4,0,39,5,160.0,1100,0.067,gate,1920.0,3,severe,2,2024
F2_thit,320.0,48,0.0,0.0,280.0,9,0,36,6,120.0,1138,0.1,gate,1920.0,3,severe,2,2024
F3_set,320.0,48,0.0,0.0,240.0,6,3,36,3,60.0,1324,0.1,gate,1920.0,3,severe,2,2024
F4_thit_soc,320.0,48,3.6111,0.0,260.0,7,1,35,3,80.0,1147,0.111,gate,1920.0,3,severe,2,2024
F5_set_camau,320.0,48,0.0,0.0,280.0,6,1,37,6,160.0,1116,0.089,gate,1920.0,3,severe,2,2024
F6_cat_camau,320.0,48,0.0,0.0,260.0,5,1,39,3,120.0,887,0.067,gate,1920.0,3,severe,2,2024
F1_dat_cat,320.0,48,0.0,0.0,240.0,3,1,39,5,120.0,1058,0.067,gate,1920.0,3,severe,3,2024
F2_thit,320.0,48,4.7685,0.0,260.0,6,1,34,5,100.0,1069,0.122,gate,1920.0,3,severe,3,2024
F3_set,320.0,48,0.0,0.0,240.0,6,2,37,4,100.0,1252,0.089,gate,1920.0,3,severe,3,2024
F4_thit_soc,320.0,48,1.9907,0.0,260.0,6,2,35,6,120.0,1047,0.111,gate,1920.0,3,severe,3,2024
F5_set_camau,320.0,48,0.0,0.0,240.0,6,3,35,3,60.0,1067,0.111,gate,1920.0,3,severe,3,2024
F6_cat_camau,320.0,48,0.0,0.0,260.0,4,2,37,3,100.0,848,0.089,gate,1920.0,3,severe,3,2024
F1_dat_cat,320.0,48,0.0,0.0,260.0,6,3,34,2,40.0,1203,0.122,gate,1920.0,3,severe,4,2024
F2_thit,320.0,48,3.3796,0.0,260.0,7,2,33,3,60.0,1169,0.133,gate,1920.0,3,severe,4,2024
F3_set,320.0,48,0.787,0.0,260.0,5,4,33,3,60.0,1153,0.133,gate,1920.0,3,severe,4,2024
F4_thit_soc,320.0,48,2.3148,0.0,260.0,7,3,32,3,60.0,1153,0.144,gate,1920.0,3,severe,4,2024
F5_set_camau,320.0,48,0.3704,0.0,260.0,5,5,31,2,40.0,1160,0.156,gate,1920.0,3,severe,4,2024
F6_cat_camau,320.0,48,0.0,0.0,240.0,5,2,34,1,20.0,1046,0.122,gate,1920.0,3,severe,4,2024
F1_dat_cat,320.0,72,0.0,0.0,260.0,4,3,20,2,40.0,1159,0.111,gate,1920.0,2,mild,0,2024
F2_thit,320.0,72,0.8333,0.0,260.0,7,3,20,2,40.0,1180,0.111,gate,1920.0,2,mild,0,2024
F3_set,320.0,72,0.0,0.0,240.0,6,5,19,2,40.0,1212,0.122,gate,1920.0,2,mild,0,2024
F4_thit_soc,320.0,72,0.0,0.0,240.0,7,4,19,2,40.0,1229,0.122,gate,1920.0,2,mild,0,2024
F5_set_camau,320.0,72,0.0,0.0,260.0,4,4,20,2,40.0,1007,0.111,gate,1920.0,2,mild,0,2024
F6_cat_camau,320.0,72,0.0,0.0,240.0,3,3,21,1,20.0,1051,0.1,gate,1920.0,2,mild,0,2024
F1_dat_cat,320.0,72,0.0,0.0,240.0,5,3,20,1,20.0,1190,0.111,gate,1920.0,2,mild,1,2024
F2_thit,320.0,72,0.787,0.0,240.0,7,4,19,1,20.0,1216,0.122,gate,1920.0,2,mild,1,2024
F3_set,320.0,72,0.0,0.0,240.0,6,3,21,1,20.0,1126,0.1,gate,1920.0,2,mild,1,2024
F4_thit_soc,320.0,72,0.0,0.0,240.0,7,4,18,1,20.0,1246,0.133,gate,1920.0,2,mild,1,2024
F5_set_camau,320.0,72,0.0,0.0,240.0,4,4,20,1,20.0,1095,0.111,gate,1920.0,2,mild,1,2024
F6_cat_camau,320.0,72,0.0,0.0,240.0,3,3,21,1,40.0,1173,0.1,gate,1920.0,2,mild,1,2024
F1_dat_cat,320.0,72,0.6019,0.0,240.0,5,1,22,7,180.0,1090,0.089,gate,1920.0,2,mild,2,2024
F2_thit,320.0,72,0.463,0.0,240.0,7,1,22,7,140.0,1146,0.089,gate,1920.0,2,mild,2,2024
F3_set,320.0,72,3.3796,0.0,240.0,4,4,20,6,120.0,1107,0.111,gate,1920.0,2,mild,2,2024
F4_thit_soc,320.0,72,0.0,0.0,240.0,7,1,22,7,140.0,1229,0.089,gate,1920.0,2,mild,2,2024
F5_set_camau,320.0,72,2.5,0.0,240.0,2,3,21,5,100.0,985,0.1,gate,1920.0,2,mild,2,2024
F6_cat_camau,320.0,72,0.0,0.0,240.0,2,3,22,5,100.0,1076,0.089,gate,1920.0,2,mild,2,2024
F1_dat_cat,320.0,72,0.6019,0.0,240.0,6,0,20,4,100.0,1155,0.111,gate,1920.0,2,mild,3,2024
F2_thit,320.0,72,3.6574,0.0,240.0,7,1,21,5,100.0,1133,0.1,gate,1920.0,2,mild,3,2024
F3_set,320.0,72,4.3519,0.0,220.0,5,2,19,4,80.0,1246,0.122,gate,1920.0,2,mild,3,2024
F4_thit_soc,320.0,72,2.8241,0.0,240.0,7,0,21,5,100.0,1078,0.1,gate,1920.0,2,mild,3,2024
F5_set_camau,320.0,72,2.5,0.0,220.0,4,3,19,4,100.0,1122,0.122,gate,1920.0,2,mild,3,2024
F6_cat_camau,320.0,72,0.0,0.0,240.0,4,2,20,4,100.0,1070,0.111,gate,1920.0,2,mild,3,2024
F1_dat_cat,320.0,72,0.0,0.0,240.0,6,1,22,2,60.0,1120,0.089,gate,1920.0,2,mild,4,2024
F2_thit,320.0,72,4.1667,0.0,240.0,6,1,21,2,60.0,1190,0.1,gate,1920.0,2,mild,4,2024
F3_set,320.0,72,0.0,0.0,260.0,8,0,22,2,60.0,1360,0.089,gate,1920.0,2,mild,4,2024
F4_thit_soc,320.0,72,1.9444,0.0,260.0,6,3,20,3,60.0,1109,0.111,gate,1920.0,2,mild,4,2024
F5_set_camau,320.0,72,0.0,0.0,260.0,4,3,21,3,60.0,940,0.1,gate,1920.0,2,mild,4,2024
F6_cat_camau,320.0,72,0.0,0.0,240.0,3,3,21,2,40.0,1122,0.1,gate,1920.0,2,mild,4,2024
F1_dat_cat,320.0,72,7.8704,0.0,240.0,4,0,17,1,20.0,1049,0.144,gate,1920.0,2,severe,0,2024
F2_thit,320.0,72,8.0093,0.0,220.0,4,2,19,1,20.0,1177,0.122,gate,1920.0,2,severe,0,2024
F3_set,320.0,72,10.8796,0.0,220.0,4,1,17,1,20.0,1111,0.144,gate,1920.0,2,severe,0,2024
F4_thit_soc,320.0,72,6.8981,0.0,220.0,5,2,18,1,20.0,1198,0.133,gate,1920.0,2,severe,0,2024
F5_set_camau,320.0,72,4.9074,0.0,220.0,4,2,18,1,20.0,1093,0.133,gate,1920.0,2,severe,0,2024
F6_cat_camau,320.0,72,0.5556,0.0,240.0,3,1,19,1,20.0,1006,0.122,gate,1920.0,2,severe,0,2024
F1_dat_cat,320.0,72,1.4352,0.0,220.0,5,0,19,1,20.0,1227,0.122,gate,1920.0,2,severe,1,2024
F2_thit,320.0,72,4.9537,0.0,220.0,8,0,18,1,20.0,1264,0.133,gate,1920.0,2,severe,1,2024
F3_set,320.0,72,1.4352,0.0,220.0,7,0,18,1,20.0,1216,0.133,gate,1920.0,2,severe,1,2024
F4_thit_soc,320.0,72,3.4722,0.0,200.0,8,0,18,1,20.0,1562,0.133,gate,1920.0,2,severe,1,2024
F5_set_camau,320.0,72,0.0926,0.0,240.0,6,0,20,1,40.0,1040,0.111,gate,1920.0,2,severe,1,2024
F6_cat_camau,320.0,72,0.0,0.0,240.0,5,0,21,1,40.0,1005,0.1,gate,1920.0,2,severe,1,2024
F1_dat_cat,320.0,72,1.8519,0.0,280.0,6,0,23,5,160.0,1257,0.078,gate,1920.0,2,severe,2,2024
F2_thit,320.0,72,4.2593,0.0,300.0,8,0,21,4,140.0,1265,0.1,gate,1920.0,2,severe,2,2024
F3_set,320.0,72,2.6389,0.0,300.0,7,0,22,5,160.0,1442,0.089,gate,1920.0,2,severe,2,2024
F4_thit_soc,320.0,72,2.963,0.0,300.0,8,0,21,4,140.0,1525,0.1,gate,1920.0,2,severe,2,2024
F5_set_camau,320.0,72,0.0,0.0,260.0,6,1,23,5,120.0,1095,0.078,gate,1920.0,2,severe,2,2024
F6_cat_camau,320.0,72,0.0,0.0,300.0,4,0,25,5,200.0,1244,0.056,gate,1920.0,2,severe,2,2024
F1_dat_cat,320.0,72,0.463,0.0,240.0,4,1,22,4,120.0,1047,0.089,gate,1920.0,2,severe,3,2024
F2_thit,320.0,72,7.8704,0.0,240.0,4,1,21,4,120.0,1120,0.1,gate,1920.0,2,severe,3,2024
F3_set,320.0,72,1.0648,0.0,240.0,5,2,18,3,60.0,1394,0.133,gate,1920.0,2,severe,3,2024
F4_thit_soc,320.0,72,6.25,0.0,220.0,4,3,18,3,60.0,1291,0.133,gate,1920.0,2,severe,3,2024
F5_set_camau,320.0,72,0.0,0.0,240.0,5,4,20,5,100.0,1094,0.111,gate,1920.0,2,severe,3,2024
F6_cat_camau,320.0,72,0.6019,0.0,260.0,3,1,21,4,100.0,879,0.1,gate,1920.0,2,severe,3,2024
F1_dat_cat,320.0,72,6.1111,0.0,220.0,3,4,18,0,0.0,1229,0.133,gate,1920.0,2,severe,4,2024
F2_thit,320.0,72,10.6944,0.0,220.0,5,2,17,0,0.0,1188,0.144,gate,1920.0,2,severe,4,2024
F3_set,320.0,72,1.5741,0.0,240.0,6,3,19,1,40.0,1154,0.122,gate,1920.0,2,severe,4,2024
F4_thit_soc,320.0,72,4.5833,0.0,240.0,5,3,18,1,40.0,1203,0.133,gate,1920.0,2,severe,4,2024
F5_set_camau,320.0,72,2.7315,0.0,220.0,5,3,18,0,0.0,1134,0.133,gate,1920.0,2,severe,4,2024
F6_cat_camau,320.0,72,3.2407,0.0,240.0,4,1,19,1,20.0,1000,0.122,gate,1920.0,2,severe,4,2024
F1_dat_cat,inf,24,0.0,0.0,340.0,0,2,72,3,60.0,450,0.2,gate,inf,6,mild,0,2024
F2_thit,inf,24,0.0,0.0,380.0,0,10,72,4,80.0,532,0.2,gate,inf,6,mild,0,2024
F3_set,inf,24,0.0,0.0,340.0,0,5,74,3,60.0,434,0.178,gate,inf,6,mild,0,2024
F4_thit_soc,inf,24,0.0,0.0,340.0,0,10,74,3,60.0,493,0.178,gate,inf,6,mild,0,2024
F5_set_camau,inf,24,0.0,0.0,320.0,0,3,76,3,60.0,400,0.156,gate,inf,6,mild,0,2024
F6_cat_camau,inf,24,0.0,0.0,320.0,0,2,73,3,60.0,402,0.189,gate,inf,6,mild,0,2024
F1_dat_cat,inf,24,0.0,0.0,360.0,0,0,74,3,60.0,326,0.178,gate,inf,6,mild,1,2024
F2_thit,inf,24,0.0,0.0,360.0,0,8,72,3,60.0,469,0.2,gate,inf,6,mild,1,2024
F3_set,inf,24,0.0,0.0,340.0,0,5,75,4,80.0,455,0.167,gate,inf,6,mild,1,2024
F4_thit_soc,inf,24,0.0,0.0,340.0,0,9,75,4,80.0,465,0.167,gate,inf,6,mild,1,2024
F5_set_camau,inf,24,0.0,0.0,320.0,0,3,77,4,80.0,402,0.144,gate,inf,6,mild,1,2024
F6_cat_camau,inf,24,0.0,0.0,320.0,0,1,75,4,80.0,327,0.167,gate,inf,6,mild,1,2024
F1_dat_cat,inf,24,0.0,0.0,360.0,0,0,75,6,120.0,321,0.167,gate,inf,6,mild,2,2024
F2_thit,inf,24,0.0,0.0,360.0,0,9,77,8,160.0,387,0.144,gate,inf,6,mild,2,2024
F3_set,inf,24,0.0,0.0,340.0,0,1,77,8,160.0,330,0.144,gate,inf,6,mild,2,2024
F4_thit_soc,inf,24,0.0,0.0,340.0,0,6,77,8,160.0,449,0.144,gate,inf,6,mild,2,2024
F5_set_camau,inf,24,0.0,0.0,320.0,0,4,77,6,120.0,400,0.144,gate,inf,6,mild,2,2024
F6_cat_camau,inf,24,0.0,0.0,320.0,0,0,78,8,160.0,265,0.133,gate,inf,6,mild,2,2024
F1_dat_cat,inf,24,0.0,0.0,360.0,0,2,72,8,160.0,436,0.2,gate,inf,6,mild,3,2024
F2_thit,inf,24,0.0,0.0,360.0,0,9,77,9,180.0,377,0.144,gate,inf,6,mild,3,2024
F3_set,inf,24,0.0,0.0,360.0,0,5,76,7,140.0,388,0.156,gate,inf,6,mild,3,2024
F4_thit_soc,inf,24,0.0,0.0,360.0,0,7,75,8,160.0,443,0.167,gate,inf,6,mild,3,2024
F5_set_camau,inf,24,0.0,0.0,320.0,0,3,78,8,160.0,356,0.133,gate,inf,6,mild,3,2024
F6_cat_camau,inf,24,0.0,0.0,320.0,0,0,79,8,160.0,244,0.122,gate,inf,6,mild,3,2024
F1_dat_cat,inf,24,0.0,0.0,360.0,0,0,75,6,120.0,319,0.167,gate,inf,6,mild,4,2024
F2_thit,inf,24,0.0,0.0,360.0,0,8,74,6,120.0,436,0.178,gate,inf,6,mild,4,2024
F3_set,inf,24,0.0,0.0,360.0,0,0,77,6,120.0,312,0.144,gate,inf,6,mild,4,2024
F4_thit_soc,inf,24,0.0,0.0,360.0,0,7,77,6,120.0,374,0.144,gate,inf,6,mild,4,2024
F5_set_camau,inf,24,0.0,0.0,320.0,0,5,77,5,100.0,377,0.144,gate,inf,6,mild,4,2024
F6_cat_camau,inf,24,0.0,0.0,320.0,0,1,73,5,100.0,396,0.189,gate,inf,6,mild,4,2024
F1_dat_cat,inf,24,0.0,0.0,340.0,0,4,70,2,40.0,472,0.222,gate,inf,6,severe,0,2024
F2_thit,inf,24,0.0,0.0,340.0,0,10,70,1,20.0,618,0.222,gate,inf,6,severe,0,2024
F3_set,inf,24,0.0,0.0,340.0,0,6,69,3,60.0,574,0.233,gate,inf,6,severe,0,2024
F4_thit_soc,inf,24,0.0,0.0,340.0,0,9,71,3,60.0,584,0.211,gate,inf,6,severe,0,2024
F5_set_camau,inf,24,0.0,0.0,320.0,0,7,69,2,40.0,555,0.233,gate,inf,6,severe,0,2024
F6_cat_camau,inf,24,0.0,0.0,320.0,0,4,72,3,60.0,493,0.2,gate,inf,6,severe,0,2024
F1_dat_cat,inf,24,0.0,0.0,340.0,1,2,68,3,60.0,487,0.244,gate,inf,6,severe,1,2024
F2_thit,inf,24,0.0,0.0,360.0,0,13,67,3,60.0,666,0.256,gate,inf,6,severe,1,2024
F3_set,inf,24,0.0,0.0,340.0,0,2,72,3,60.0,443,0.2,gate,inf,6,severe,1,2024
F4_thit_soc,inf,24,0.0,0.0,340.0,0,11,67,3,60.0,698,0.256,gate,inf,6,severe,1,2024
F5_set_camau,inf,24,0.0,0.0,340.0,0,5,70,3,60.0,529,0.222,gate,inf,6,severe,1,2024
F6_cat_camau,inf,24,0.0,0.0,320.0,0,2,74,3,60.0,491,0.178,gate,inf,6,severe,1,2024
F1_dat_cat,inf,24,0.0,0.0,360.0,0,3,72,5,100.0,425,0.2,gate,inf,6,severe,2,2024
F2_thit,inf,24,0.0,0.0,360.0,0,10,73,4,80.0,480,0.189,gate,inf,6,severe,2,2024
F3_set,inf,24,0.0,0.0,380.0,0,3,75,7,140.0,363,0.167,gate,inf,6,severe,2,2024
F4_thit_soc,inf,24,0.0,0.0,340.0,0,9,72,3,60.0,510,0.2,gate,inf,6,severe,2,2024
F5_set_camau,inf,24,0.0,0.0,340.0,0,5,74,4,80.0,449,0.178,gate,inf,6,severe,2,2024
F6_cat_camau,inf,24,0.0,0.0,320.0,0,1,75,3,60.0,416,0.167,gate,inf,6,severe,2,2024
F1_dat_cat,inf,24,0.0,0.0,340.0,1,1,73,6,120.0,426,0.189,gate,inf,6,severe,3,2024
F2_thit,inf,24,0.4167,0.0,340.0,1,10,69,5,100.0,654,0.233,gate,inf,6,severe,3,2024
F3_set,inf,24,0.0,0.0,340.0,1,4,72,7,140.0,520,0.2,gate,inf,6,severe,3,2024
F4_thit_soc,inf,24,0.3241,0.0,320.0,1,5,69,6,120.0,601,0.233,gate,inf,6,severe,3,2024
F5_set_camau,inf,24,0.0,0.0,320.0,1,3,71,7,140.0,451,0.211,gate,inf,6,severe,3,2024
F6_cat_camau,inf,24,0.0,0.0,320.0,0,3,72,7,140.0,423,0.2,gate,inf,6,severe,3,2024
F1_dat_cat,inf,24,0.0,0.0,360.0,0,4,73,5,100.0,372,0.189,gate,inf,6,severe,4,2024
F2_thit,inf,24,0.0,0.0,360.0,0,11,70,5,100.0,578,0.222,gate,inf,6,severe,4,2024
F3_set,inf,24,0.0,0.0,360.0,0,5,72,6,120.0,479,0.2,gate,inf,6,severe,4,2024
F4_thit_soc,inf,24,0.0,0.0,360.0,0,11,71,5,100.0,581,0.211,gate,inf,6,severe,4,2024
F5_set_camau,inf,24,0.0,0.0,320.0,0,4,73,2,40.0,437,0.189,gate,inf,6,severe,4,2024
F6_cat_camau,inf,24,0.0,0.0,320.0,0,2,76,5,100.0,323,0.156,gate,inf,6,severe,4,2024
F1_dat_cat,inf,48,0.0,0.0,340.0,0,9,30,3,60.0,587,0.167,gate,inf,3,mild,0,2024
F2_thit,inf,48,0.0,0.0,340.0,0,13,31,3,60.0,672,0.156,gate,inf,3,mild,0,2024
F3_set,inf,48,0.0,0.0,340.0,0,7,31,3,60.0,476,0.156,gate,inf,3,mild,0,2024
F4_thit_soc,inf,48,0.0,0.0,340.0,0,8,31,3,60.0,551,0.156,gate,inf,3,mild,0,2024
F5_set_camau,inf,48,0.0,0.0,320.0,0,10,29,3,60.0,657,0.178,gate,inf,3,mild,0,2024
F6_cat_camau,inf,48,0.0,0.0,320.0,0,5,29,3,60.0,577,0.178,gate,inf,3,mild,0,2024
F1_dat_cat,inf,48,0.0,0.0,340.0,0,7,31,4,80.0,497,0.156,gate,inf,3,mild,1,2024
F2_thit,inf,48,0.0,0.0,340.0,0,11,30,4,80.0,621,0.167,gate,inf,3,mild,1,2024
F3_set,inf,48,0.0,0.0,340.0,1,9,30,4,80.0,764,0.167,gate,inf,3,mild,1,2024
F4_thit_soc,inf,48,0.0,0.0,320.0,1,12,30,4,80.0,680,0.167,gate,inf,3,mild,1,2024
F5_set_camau,inf,48,0.0,0.0,300.0,0,7,30,3,60.0,759,0.167,gate,inf,3,mild,1,2024
F6_cat_camau,inf,48,0.0,0.0,300.0,0,3,30,3,60.0,703,0.167,gate,inf,3,mild,1,2024
F1_dat_cat,inf,48,0.0,0.0,340.0,0,6,32,6,120.0,434,0.144,gate,inf,3,mild,2,2024
F2_thit,inf,48,0.0,0.0,340.0,0,9,32,6,120.0,531,0.144,gate,inf,3,mild,2,2024
F3_set,inf,48,0.0,0.0,340.0,0,7,32,6,120.0,496,0.144,gate,inf,3,mild,2,2024
F4_thit_soc,inf,48,0.0,0.0,320.0,0,11,33,6,120.0,763,0.133,gate,inf,3,mild,2,2024
F5_set_camau,inf,48,0.0,0.0,320.0,0,6,33,7,140.0,390,0.133,gate,inf,3,mild,2,2024
F6_cat_camau,inf,48,0.0,0.0,320.0,0,5,33,7,140.0,453,0.133,gate,inf,3,mild,2,2024
F1_dat_cat,inf,48,0.0,0.0,360.0,0,8,29,9,180.0,564,0.178,gate,inf,3,mild,3,2024
F2_thit,inf,48,0.0,0.0,360.0,0,12,30,9,180.0,676,0.167,gate,inf,3,mild,3,2024
F3_set,inf,48,0.0,0.0,360.0,0,8,31,9,180.0,519,0.156,gate,inf,3,mild,3,2024
F4_thit_soc,inf,48,0.0,0.0,320.0,0,9,32,8,160.0,762,0.144,gate,inf,3,mild,3,2024
F5_set_camau,inf,48,0.0,0.0,320.0,0,10,33,8,160.0,554,0.133,gate,inf,3,mild,3,2024
F6_cat_camau,inf,48,0.0,0.0,320.0,0,4,33,8,160.0,453,0.133,gate,inf,3,mild,3,2024
F1_dat_cat,inf,48,0.0,0.0,360.0,0,6,31,5,100.0,453,0.156,gate,inf,3,mild,4,2024
F2_thit,inf,48,0.0,0.0,360.0,0,10,30,5,100.0,634,0.167,gate,inf,3,mild,4,2024
F3_set,inf,48,0.0,0.0,360.0,0,5,32,6,120.0,495,0.144,gate,inf,3,mild,4,2024
F4_thit_soc,inf,48,0.0,0.0,360.0,0,11,32,6,120.0,545,0.144,gate,inf,3,mild,4,2024
F5_set_camau,inf,48,0.0,0.0,320.0,0,8,31,5,100.0,547,0.156,gate,inf,3,mild,4,2024
F6_cat_camau,inf,48,0.0,0.0,320.0,0,3,31,5,100.0,455,0.156,gate,inf,3,mild,4,2024
F1_dat_cat,inf,48,1.4815,0.0,300.0,3,4,25,2,40.0,830,0.222,gate,inf,3,severe,0,2024
F2_thit,inf,48,2.5926,0.0,280.0,3,8,24,1,20.0,999,0.233,gate,inf,3,severe,0,2024
F3_set,inf,48,0.6019,0.0,300.0,3,7,25,2,40.0,879,0.222,gate,inf,3,severe,0,2024
F4_thit_soc,inf,48,1.3426,0.0,280.0,3,10,25,0,0.0,1150,0.222,gate,inf,3,severe,0,2024
F5_set_camau,inf,48,0.0,0.0,280.0,2,8,26,0,0.0,885,0.211,gate,inf,3,severe,0,2024
F6_cat_camau,inf,48,0.0,0.0,300.0,1,5,26,3,60.0,705,0.211,gate,inf,3,severe,0,2024
F1_dat_cat,inf,48,0.0,0.0,340.0,0,10,24,2,40.0,787,0.233,gate,inf,3,severe,1,2024
F2_thit,inf,48,0.0,0.0,340.0,3,9,27,3,60.0,843,0.2,gate,inf,3,severe,1,2024
F3_set,inf,48,0.0,0.0,320.0,1,11,29,3,60.0,841,0.178,gate,inf,3,severe,1,2024
F4_thit_soc,inf,48,0.0,0.0,320.0,1,13,29,3,60.0,989,0.178,gate,inf,3,severe,1,2024
F5_set_camau,inf,48,0.0,0.0,320.0,0,9,30,3,60.0,607,0.167,gate,inf,3,severe,1,2024
F6_cat_camau,inf,48,0.0,0.0,320.0,0,4,31,3,60.0,502,0.156,gate,inf,3,severe,1,2024
F1_dat_cat,inf,48,0.0,0.0,340.0,0,7,30,6,120.0,558,0.167,gate,inf,3,severe,2,2024
F2_thit,inf,48,0.0,0.0,360.0,1,11,29,6,120.0,720,0.178,gate,inf,3,severe,2,2024
F3_set,inf,48,0.0,0.0,340.0,0,10,30,5,100.0,602,0.167,gate,inf,3,severe,2,2024
F4_thit_soc,inf,48,0.0,0.0,340.0,0,12,30,5,100.0,679,0.167,gate,inf,3,severe,2,2024
F5_set_camau,inf,48,0.0,0.0,320.0,0,6,32,5,100.0,623,0.144,gate,inf,3,severe,2,2024
F6_cat_camau,inf,48,0.0,0.0,320.0,0,4,31,4,80.0,529,0.156,gate,inf,3,severe,2,2024
F1_dat_cat,inf,48,0.0,0.0,340.0,1,3,33,7,140.0,404,0.133,gate,inf,3,severe,3,2024
F2_thit,inf,48,1.5278,0.0,320.0,2,7,30,6,120.0,741,0.167,gate,inf,3,severe,3,2024
F3_set,inf,48,0.0,0.0,320.0,2,5,32,6,120.0,736,0.144,gate,inf,3,severe,3,2024
F4_thit_soc,inf,48,1.4352,0.0,320.0,2,6,32,6,120.0,776,0.144,gate,inf,3,severe,3,2024
F5_set_camau,inf,48,0.0,0.0,320.0,1,3,32,6,120.0,414,0.144,gate,inf,3,severe,3,2024
F6_cat_camau,inf,48,0.0,0.0,300.0,1,4,32,6,120.0,536,0.144,gate,inf,3,severe,3,2024
F1_dat_cat,inf,48,0.0,0.0,320.0,0,9,27,3,60.0,743,0.2,gate,inf,3,severe,4,2024
F2_thit,inf,48,0.0,0.0,360.0,0,12,27,4,80.0,719,0.2,gate,inf,3,severe,4,2024
F3_set,inf,48,0.0,0.0,320.0,1,7,30,3,60.0,698,0.167,gate,inf,3,severe,4,2024
F4_thit_soc,inf,48,0.0,0.0,320.0,0,11,30,3,60.0,734,0.167,gate,inf,3,severe,4,2024
F5_set_camau,inf,48,0.0,0.0,320.0,0,10,32,4,80.0,560,0.144,gate,inf,3,severe,4,2024
F6_cat_camau,inf,48,0.0,0.0,300.0,0,6,28,4,80.0,649,0.189,gate,inf,3,severe,4,2024
F1_dat_cat,inf,72,0.0,0.0,340.0,0,8,14,3,60.0,620,0.178,gate,inf,2,mild,0,2024
F2_thit,inf,72,0.0,0.0,320.0,1,10,15,3,60.0,752,0.167,gate,inf,2,mild,0,2024
F3_set,inf,72,0.0,0.0,320.0,1,8,15,3,60.0,708,0.167,gate,inf,2,mild,0,2024
F4_thit_soc,inf,72,0.0,0.0,300.0,1,10,15,3,60.0,951,0.167,gate,inf,2,mild,0,2024
F5_set_camau,inf,72,0.0,0.0,300.0,1,9,16,3,60.0,743,0.156,gate,inf,2,mild,0,2024
F6_cat_camau,inf,72,0.0,0.0,300.0,0,7,16,3,60.0,676,0.156,gate,inf,2,mild,0,2024
F1_dat_cat,inf,72,0.0,0.0,340.0,0,6,16,4,80.0,563,0.156,gate,inf,2,mild,1,2024
F2_thit,inf,72,0.0,0.0,340.0,0,9,16,4,80.0,633,0.156,gate,inf,2,mild,1,2024
F3_set,inf,72,0.0,0.0,320.0,0,10,16,4,80.0,674,0.156,gate,inf,2,mild,1,2024
F4_thit_soc,inf,72,0.0,0.0,320.0,0,10,16,4,80.0,715,0.156,gate,inf,2,mild,1,2024
F5_set_camau,inf,72,0.0,0.0,300.0,0,8,17,3,60.0,796,0.144,gate,inf,2,mild,1,2024
F6_cat_camau,inf,72,0.0,0.0,300.0,0,6,17,3,60.0,645,0.144,gate,inf,2,mild,1,2024
F1_dat_cat,inf,72,0.0,0.0,340.0,0,6,16,6,120.0,552,0.156,gate,inf,2,mild,2,2024
F2_thit,inf,72,0.0,0.0,340.0,1,9,17,7,140.0,637,0.144,gate,inf,2,mild,2,2024
F3_set,inf,72,0.0,0.0,320.0,0,8,18,7,140.0,670,0.133,gate,inf,2,mild,2,2024
F4_thit_soc,inf,72,0.0,0.0,320.0,0,9,18,7,140.0,632,0.133,gate,inf,2,mild,2,2024
F5_set_camau,inf,72,0.0,0.0,320.0,0,7,18,8,160.0,563,0.133,gate,inf,2,mild,2,2024
F6_cat_camau,inf,72,0.0,0.0,320.0,1,3,19,8,180.0,472,0.122,gate,inf,2,mild,2,2024
F1_dat_cat,inf,72,0.0,0.0,320.0,0,7,18,7,140.0,615,0.133,gate,inf,2,mild,3,2024
F2_thit,inf,72,0.0,0.0,320.0,1,9,16,7,140.0,721,0.156,gate,inf,2,mild,3,2024
F3_set,inf,72,0.0,0.0,340.0,1,8,18,7,160.0,647,0.133,gate,inf,2,mild,3,2024
F4_thit_soc,inf,72,0.0,0.0,320.0,0,8,18,7,140.0,631,0.133,gate,inf,2,mild,3,2024
F5_set_camau,inf,72,0.0,0.0,280.0,2,6,17,5,100.0,889,0.144,gate,inf,2,mild,3,2024
F6_cat_camau,inf,72,0.0,0.0,320.0,2,4,18,6,140.0,647,0.133,gate,inf,2,mild,3,2024
F1_dat_cat,inf,72,0.0,0.0,360.0,1,6,15,6,120.0,568,0.167,gate,inf,2,mild,4,2024
F2_thit,inf,72,0.0,0.0,320.0,1,10,16,5,100.0,722,0.156,gate,inf,2,mild,4,2024
F3_set,inf,72,0.0,0.0,320.0,0,9,16,5,100.0,692,0.156,gate,inf,2,mild,4,2024
F4_thit_soc,inf,72,0.0,0.0,320.0,1,9,16,5,100.0,703,0.156,gate,inf,2,mild,4,2024
F5_set_camau,inf,72,0.0,0.0,300.0,0,7,17,5,100.0,686,0.144,gate,inf,2,mild,4,2024
F6_cat_camau,inf,72,0.0,0.0,300.0,0,6,18,5,100.0,660,0.133,gate,inf,2,mild,4,2024
F1_dat_cat,inf,72,0.0,0.0,300.0,3,0,13,2,40.0,777,0.189,gate,inf,2,severe,0,2024
F2_thit,inf,72,3.4259,0.0,280.0,3,5,13,1,20.0,927,0.189,gate,inf,2,severe,0,2024
F3_set,inf,72,1.4815,0.0,260.0,3,3,13,1,20.0,1170,0.189,gate,inf,2,severe,0,2024
F4_thit_soc,inf,72,3.75,0.0,280.0,3,5,14,2,40.0,994,0.178,gate,inf,2,severe,0,2024
F5_set_camau,inf,72,0.0,0.0,280.0,3,5,14,2,40.0,952,0.178,gate,inf,2,severe,0,2024
F6_cat_camau,inf,72,0.0,0.0,260.0,3,3,15,1,20.0,1013,0.167,gate,inf,2,severe,0,2024
F1_dat_cat,inf,72,0.0,0.0,300.0,4,3,14,1,20.0,827,0.178,gate,inf,2,severe,1,2024
F2_thit,inf,72,3.287,0.0,300.0,2,8,13,1,20.0,898,0.189,gate,inf,2,severe,1,2024
F3_set,inf,72,1.5278,0.0,280.0,3,6,13,1,20.0,962,0.189,gate,inf,2,severe,1,2024
F4_thit_soc,inf,72,1.8519,0.0,260.0,3,6,12,1,20.0,1287,0.2,gate,inf,2,severe,1,2024
F5_set_camau,inf,72,0.0,0.0,280.0,3,4,16,1,20.0,865,0.156,gate,inf,2,severe,1,2024
F6_cat_camau,inf,72,0.0,0.0,280.0,3,3,15,1,20.0,799,0.167,gate,inf,2,severe,1,2024
F1_dat_cat,inf,72,0.0,0.0,360.0,1,4,14,6,120.0,616,0.178,gate,inf,2,severe,2,2024
F2_thit,inf,72,0.0,0.0,320.0,2,10,15,3,60.0,821,0.167,gate,inf,2,severe,2,2024
F3_set,inf,72,0.0,0.0,320.0,3,7,16,5,100.0,855,0.156,gate,inf,2,severe,2,2024
F4_thit_soc,inf,72,0.0,0.0,320.0,3,7,16,6,120.0,870,0.156,gate,inf,2,severe,2,2024
F5_set_camau,inf,72,0.0,0.0,320.0,2,7,16,6,120.0,762,0.156,gate,inf,2,severe,2,2024
F6_cat_camau,inf,72,0.0,0.0,320.0,1,6,16,5,100.0,670,0.156,gate,inf,2,severe,2,2024
F1_dat_cat,inf,72,0.0,0.0,360.0,2,4,16,7,140.0,714,0.156,gate,inf,2,severe,3,2024
F2_thit,inf,72,4.3056,0.0,300.0,2,4,17,5,100.0,822,0.144,gate,inf,2,severe,3,2024
F3_set,inf,72,0.0,0.0,320.0,3,5,16,5,100.0,971,0.156,gate,inf,2,severe,3,2024
F4_thit_soc,inf,72,3.1481,0.0,300.0,2,5,17,5,100.0,878,0.144,gate,inf,2,severe,3,2024
F5_set_camau,inf,72,0.0,0.0,300.0,2,6,17,6,120.0,778,0.144,gate,inf,2,severe,3,2024
F6_cat_camau,inf,72,0.0,0.0,300.0,2,0,18,5,100.0,580,0.133,gate,inf,2,severe,3,2024
F1_dat_cat,inf,72,0.0,0.0,340.0,1,5,17,4,100.0,656,0.144,gate,inf,2,severe,4,2024
F2_thit,inf,72,1.713,0.0,340.0,2,9,16,4,100.0,850,0.156,gate,inf,2,severe,4,2024
F3_set,inf,72,0.0,0.0,340.0,1,8,16,4,100.0,710,0.156,gate,inf,2,severe,4,2024
F4_thit_soc,inf,72,0.6019,0.0,340.0,1,9,16,4,100.0,780,0.156,gate,inf,2,severe,4,2024
F5_set_camau,inf,72,1.713,0.0,280.0,3,5,18,2,60.0,798,0.133,gate,inf,2,severe,4,2024
F6_cat_camau,inf,72,0.0,0.0,320.0,3,2,17,3,60.0,710,0.144,gate,inf,2,severe,4,2024
