intrusion,variant,policy,station,network,seed,budget_mm,year,unsafe_pct,water_mm,sent,withheld,withheld_saline,fresh_hours,fresh_frac,saline_mm,salt_excess_dsm_mm,mean_excess_dsm,est_yield_loss_pct
0.25,grattan_strict,TwinGate+T2,can_tho,mild,0,240.0,2024,12.1759,240.0,12,80,0,1349,0.6245,0.0,0.0,0.0,0.0
0.25,grattan_strict,TwinGate+T2,can_tho,mild,1,240.0,2024,11.3426,240.0,14,79,0,1349,0.6245,0.0,0.0,0.0,0.0
0.25,grattan_strict,TwinGate+T2,can_tho,mild,2,240.0,2024,11.4815,240.0,16,80,0,1349,0.6245,0.0,0.0,0.0,0.0
0.25,grattan_strict,TwinGate+T2,can_tho,mild,3,240.0,2024,12.0833,240.0,12,81,0,1349,0.6245,0.0,0.0,0.0,0.0
0.25,grattan_strict,TwinGate+T2,can_tho,mild,4,240.0,2024,12.0833,240.0,12,81,0,1349,0.6245,0.0,0.0,0.0,0.0
0.25,grattan_strict,TwinGate+T2,can_tho,severe,0,240.0,2024,10.8333,240.0,28,78,0,1349,0.6245,0.0,0.0,0.0,0.0
0.25,grattan_strict,TwinGate+T2,can_tho,severe,1,240.0,2024,10.3704,240.0,24,78,0,1349,0.6245,0.0,0.0,0.0,0.0
0.25,grattan_strict,TwinGate+T2,can_tho,severe,2,240.0,2024,12.4537,240.0,44,76,0,1349,0.6245,0.0,0.0,0.0,0.0
0.25,grattan_strict,TwinGate+T2,can_tho,severe,3,240.0,2024,10.6019,240.0,43,76,0,1349,0.6245,0.0,0.0,0.0,0.0
0.25,grattan_strict,TwinGate+T2,can_tho,severe,4,240.0,2024,10.0463,240.0,40,75,0,1349,0.6245,0.0,0.0,0.0,0.0
0.25,grattan_strict,TwinGate+T2,soc_trang,mild,0,240.0,2024,8.0556,240.0,15,78,0,1349,0.6245,0.0,0.0,0.0,0.0
0.25,grattan_strict,TwinGate+T2,soc_trang,mild,1,240.0,2024,9.9537,240.0,13,79,0,1349,0.6245,0.0,0.0,0.0,0.0
0.25,grattan_strict,TwinGate+T2,soc_trang,mild,2,240.0,2024,10.9722,240.0,14,81,0,1349,0.6245,0.0,0.0,0.0,0.0
0.25,grattan_strict,TwinGate+T2,soc_trang,mild,3,240.0,2024,10.6944,240.0,12,81,0,1349,0.6245,0.0,0.0,0.0,0.0
0.25,grattan_strict,TwinGate+T2,soc_trang,mild,4,240.0,2024,11.1111,240.0,12,81,0,1349,0.6245,0.0,0.0,0.0,0.0
0.25,grattan_strict,TwinGate+T2,soc_trang,severe,0,240.0,2024,6.8056,240.0,38,75,0,1349,0.6245,0.0,0.0,0.0,0.0
0.25,grattan_strict,TwinGate+T2,soc_trang,severe,1,240.0,2024,7.8241,240.0,31,76,0,1349,0.6245,0.0,0.0,0.0,0.0
0.25,grattan_strict,TwinGate+T2,soc_trang,severe,2,240.0,2024,11.25,240.0,36,77,0,1349,0.6245,0.0,0.0,0.0,0.0
0.25,grattan_strict,TwinGate+T2,soc_trang,severe,3,240.0,2024,7.3611,240.0,47,75,0,1349,0.6245,0.0,0.0,0.0,0.0
0.25,grattan_strict,TwinGate+T2,soc_trang,severe,4,240.0,2024,6.1574,240.0,37,75,0,1349,0.6245,0.0,0.0,0.0,0.0
0.25,grattan_strict,TwinGate+T2,ca_mau,mild,0,240.0,2024,5.9259,240.0,16,78,0,1349,0.6245,0.0,0.0,0.0,0.0
0.25,grattan_strict,TwinGate+T2,ca_mau,mild,1,240.0,2024,5.8333,240.0,13,79,0,1349,0.6245,0.0,0.0,0.0,0.0
0.25,grattan_strict,TwinGate+T2,ca_mau,mild,2,240.0,2024,7.9167,240.0,13,82,0,1349,0.6245,0.0,0.0,0.0,0.0
0.25,grattan_strict,TwinGate+T2,ca_mau,mild,3,240.0,2024,7.0833,240.0,13,80,0,1349,0.6245,0.0,0.0,0.0,0.0
0.25,grattan_strict,TwinGate+T2,ca_mau,mild,4,240.0,2024,5.7407,240.0,16,78,0,1349,0.6245,0.0,0.0,0.0,0.0
0.25,grattan_strict,TwinGate+T2,ca_mau,severe,0,240.0,2024,2.7778,240.0,39,74,0,1349,0.6245,0.0,0.0,0.0,0.0
0.25,grattan_strict,TwinGate+T2,ca_mau,severe,1,240.0,2024,5.6944,240.0,27,78,0,1349,0.6245,0.0,0.0,0.0,0.0
0.25,grattan_strict,TwinGate+T2,ca_mau,severe,2,240.0,2024,9.7685,240.0,36,78,0,1349,0.6245,0.0,0.0,0.0,0.0
0.25,grattan_strict,TwinGate+T2,ca_mau,severe,3,240.0,2024,6.9444,240.0,38,78,0,1349,0.6245,0.0,0.0,0.0,0.0
0.25,grattan_strict,TwinGate+T2,ca_mau,severe,4,240.0,2024,2.7778,240.0,32,77,0,1349,0.6245,0.0,0.0,0.0,0.0
0.25,grattan_strict,Oracle,can_tho,mild,0,240.0,2024,0.0,200.0,12,0,0,1349,0.6245,0.0,0.0,0.0,0.0
0.25,grattan_strict,Oracle,can_tho,mild,1,240.0,2024,0.0,200.0,12,0,0,1349,0.6245,0.0,0.0,0.0,0.0
0.25,grattan_strict,Oracle,can_tho,mild,2,240.0,2024,0.0,200.0,12,0,0,1349,0.6245,0.0,0.0,0.0,0.0
0.25,grattan_strict,Oracle,can_tho,mild,3,240.0,2024,0.0,200.0,13,0,0,1349,0.6245,0.0,0.0,0.0,0.0
0.25,grattan_strict,Oracle,can_tho,mild,4,240.0,2024,0.0,200.0,12,0,0,1349,0.6245,0.0,0.0,0.0,0.0
0.25,grattan_strict,Oracle,can_tho,severe,0,240.0,2024,0.0,200.0,24,0,0,1349,0.6245,0.0,0.0,0.0,0.0
0.25,grattan_strict,Oracle,can_tho,severe,1,240.0,2024,0.0,200.0,26,0,0,1349,0.6245,0.0,0.0,0.0,0.0
0.25,grattan_strict,Oracle,can_tho,severe,2,240.0,2024,0.0,200.0,17,0,0,1349,0.6245,0.0,0.0,0.0,0.0
0.25,grattan_strict,Oracle,can_tho,severe,3,240.0,2024,0.0,200.0,27,0,0,1349,0.6245,0.0,0.0,0.0,0.0
0.25,grattan_strict,Oracle,can_tho,severe,4,240.0,2024,0.0,200.0,18,0,0,1349,0.6245,0.0,0.0,0.0,0.0
0.25,grattan_strict,Oracle,soc_trang,mild,0,240.0,2024,0.0,200.0,11,0,0,1349,0.6245,0.0,0.0,0.0,0.0
0.25,grattan_strict,Oracle,soc_trang,mild,1,240.0,2024,0.0,200.0,10,0,0,1349,0.6245,0.0,0.0,0.0,0.0
0.25,grattan_strict,Oracle,soc_trang,mild,2,240.0,2024,0.0,200.0,14,0,0,1349,0.6245,0.0,0.0,0.0,0.0
0.25,grattan_strict,Oracle,soc_trang,mild,3,240.0,2024,0.0,200.0,11,0,0,1349,0.6245,0.0,0.0,0.0,0.0
0.25,grattan_strict,Oracle,soc_trang,mild,4,240.0,2024,0.0,200.0,13,0,0,1349,0.6245,0.0,0.0,0.0,0.0
0.25,grattan_strict,Oracle,soc_trang,severe,0,240.0,2024,0.0,200.0,22,0,0,1349,0.6245,0.0,0.0,0.0,0.0
0.25,grattan_strict,Oracle,soc_trang,severe,1,240.0,2024,0.0,200.0,23,0,0,1349,0.6245,0.0,0.0,0.0,0.0
0.25,grattan_strict,Oracle,soc_trang,severe,2,240.0,2024,0.3704,200.0,28,0,0,1349,0.6245,0.0,0.0,0.0,0.0
0.25,grattan_strict,Oracle,soc_trang,severe,3,240.0,2024,0.0,200.0,45,0,0,1349,0.6245,0.0,0.0,0.0,0.0
0.25,grattan_strict,Oracle,soc_trang,severe,4,240.0,2024,0.0,200.0,22,0,0,1349,0.6245,0.0,0.0,0.0,0.0
0.25,grattan_strict,Oracle,ca_mau,mild,0,240.0,2024,0.0,200.0,10,0,0,1349,0.6245,0.0,0.0,0.0,0.0
0.25,grattan_strict,Oracle,ca_mau,mild,1,240.0,2024,0.0,200.0,12,0,0,1349,0.6245,0.0,0.0,0.0,0.0
0.25,grattan_strict,Oracle,ca_mau,mild,2,240.0,2024,0.0,200.0,15,0,0,1349,0.6245,0.0,0.0,0.0,0.0
0.25,grattan_strict,Oracle,ca_mau,mild,3,240.0,2024,0.0,200.0,16,0,0,1349,0.6245,0.0,0.0,0.0,0.0
0.25,grattan_strict,Oracle,ca_mau,mild,4,240.0,2024,0.0,200.0,11,0,0,1349,0.6245,0.0,0.0,0.0,0.0
0.25,grattan_strict,Oracle,ca_mau,severe,0,240.0,2024,0.0,200.0,21,0,0,1349,0.6245,0.0,0.0,0.0,0.0
0.25,grattan_strict,Oracle,ca_mau,severe,1,240.0,2024,0.0,200.0,20,0,0,1349,0.6245,0.0,0.0,0.0,0.0
0.25,grattan_strict,Oracle,ca_mau,severe,2,240.0,2024,0.0,200.0,40,0,0,1349,0.6245,0.0,0.0,0.0,0.0
0.25,grattan_strict,Oracle,ca_mau,severe,3,240.0,2024,0.0,200.0,30,0,0,1349,0.6245,0.0,0.0,0.0,0.0
0.25,grattan_strict,Oracle,ca_mau,severe,4,240.0,2024,0.0463,200.0,22,0,0,1349,0.6245,0.0,0.0,0.0,0.0
0.25,grattan_strict,Reactive+T2,can_tho,mild,0,240.0,2024,27.7778,240.0,4,0,0,1349,0.6245,120.0,51.3,0.4275,5.13
0.25,grattan_strict,Reactive+T2,can_tho,mild,1,240.0,2024,27.7778,240.0,5,0,0,1349,0.6245,120.0,51.3,0.4275,5.13
0.25,grattan_strict,Reactive+T2,can_tho,mild,2,240.0,2024,34.6759,240.0,4,0,0,1349,0.6245,120.0,41.37,0.3447,4.137
0.25,grattan_strict,Reactive+T2,can_tho,mild,3,240.0,2024,34.6759,240.0,4,0,0,1349,0.6245,120.0,41.37,0.3447,4.137
0.25,grattan_strict,Reactive+T2,can_tho,mild,4,240.0,2024,34.6759,240.0,4,0,0,1349,0.6245,60.0,33.35,0.5559,6.67
0.25,grattan_strict,Reactive+T2,can_tho,severe,0,240.0,2024,27.7778,240.0,8,0,0,1349,0.6245,120.0,64.29,0.5358,6.429
0.25,grattan_strict,Reactive+T2,can_tho,severe,1,240.0,2024,33.6111,240.0,15,0,0,1349,0.6245,60.0,3.38,0.0563,0.675
0.25,grattan_strict,Reactive+T2,can_tho,severe,2,240.0,2024,27.7778,240.0,12,0,0,1349,0.6245,120.0,43.71,0.3642,4.371
0.25,grattan_strict,Reactive+T2,can_tho,severe,3,240.0,2024,28.1944,240.0,33,0,0,1349,0.6245,120.0,51.3,0.4275,5.13
0.25,grattan_strict,Reactive+T2,can_tho,severe,4,240.0,2024,26.7593,240.0,19,0,0,1349,0.6245,120.0,39.85,0.3321,3.985
0.25,grattan_strict,Reactive+T2,soc_trang,mild,0,240.0,2024,25.6019,240.0,6,0,0,1349,0.6245,120.0,113.65,0.9471,11.365
0.25,grattan_strict,Reactive+T2,soc_trang,mild,1,240.0,2024,32.4537,240.0,6,0,0,1349,0.6245,60.0,49.2,0.82,9.84
0.25,grattan_strict,Reactive+T2,soc_trang,mild,2,240.0,2024,33.6111,240.0,5,0,0,1349,0.6245,120.0,76.27,0.6356,7.627
0.25,grattan_strict,Reactive+T2,soc_trang,mild,3,240.0,2024,33.6111,240.0,4,0,0,1349,0.6245,120.0,76.27,0.6356,7.627
0.25,grattan_strict,Reactive+T2,soc_trang,mild,4,240.0,2024,33.6111,240.0,4,0,0,1349,0.6245,60.0,46.35,0.7724,9.269
0.25,grattan_strict,Reactive+T2,soc_trang,severe,0,240.0,2024,23.5185,240.0,16,0,0,1349,0.6245,120.0,109.0,0.9083,10.9
0.25,grattan_strict,Reactive+T2,soc_trang,severe,1,240.0,2024,25.6019,240.0,12,0,0,1349,0.6245,120.0,111.93,0.9327,11.193
0.25,grattan_strict,Reactive+T2,soc_trang,severe,2,240.0,2024,33.6111,240.0,8,0,0,1349,0.6245,60.0,46.35,0.7724,9.269
0.25,grattan_strict,Reactive+T2,soc_trang,severe,3,240.0,2024,28.3333,240.0,33,0,0,1349,0.6245,120.0,51.3,0.4275,5.13
0.25,grattan_strict,Reactive+T2,soc_trang,severe,4,240.0,2024,25.6019,240.0,13,0,0,1349,0.6245,120.0,93.54,0.7795,9.354
0.25,grattan_strict,Reactive+T2,ca_mau,mild,0,240.0,2024,24.1204,240.0,6,0,0,1349,0.6245,120.0,113.65,0.9471,11.365
0.25,grattan_strict,Reactive+T2,ca_mau,mild,1,240.0,2024,31.3889,240.0,6,0,0,1349,0.6245,60.0,49.2,0.82,9.84
0.25,grattan_strict,Reactive+T2,ca_mau,mild,2,240.0,2024,32.2685,240.0,5,0,0,1349,0.6245,120.0,76.27,0.6356,7.627
0.25,grattan_strict,Reactive+T2,ca_mau,mild,3,240.0,2024,32.2685,240.0,4,0,0,1349,0.6245,120.0,76.27,0.6356,7.627
0.25,grattan_strict,Reactive+T2,ca_mau,mild,4,240.0,2024,32.2685,240.0,4,0,0,1349,0.6245,60.0,46.35,0.7724,9.269
0.25,grattan_strict,Reactive+T2,ca_mau,severe,0,240.0,2024,22.2222,240.0,16,0,0,1349,0.6245,120.0,109.0,0.9083,10.9
0.25,grattan_strict,Reactive+T2,ca_mau,severe,1,240.0,2024,24.1204,240.0,12,0,0,1349,0.6245,120.0,111.93,0.9327,11.193
0.25,grattan_strict,Reactive+T2,ca_mau,severe,2,240.0,2024,32.2685,240.0,8,0,0,1349,0.6245,60.0,46.35,0.7724,9.269
0.25,grattan_strict,Reactive+T2,ca_mau,severe,3,240.0,2024,25.6944,240.0,31,0,0,1349,0.6245,180.0,84.18,0.4677,5.612
0.25,grattan_strict,Reactive+T2,ca_mau,severe,4,240.0,2024,24.1204,240.0,13,0,0,1349,0.6245,120.0,93.54,0.7795,9.354
0.25,grattan_strict,FixedSchedule,can_tho,mild,0,240.0,2024,41.25,240.0,4,0,0,1349,0.6245,120.0,98.7,0.8225,9.87
0.25,grattan_strict,FixedSchedule,can_tho,mild,1,240.0,2024,47.6389,240.0,4,0,0,1349,0.6245,60.0,49.5,0.825,9.9
0.25,grattan_strict,FixedSchedule,can_tho,mild,2,240.0,2024,52.4537,240.0,4,0,0,1349,0.6245,120.0,65.36,0.5447,6.536
0.25,grattan_strict,FixedSchedule,can_tho,mild,3,240.0,2024,52.4537,240.0,4,0,0,1349,0.6245,120.0,65.36,0.5447,6.536
0.25,grattan_strict,FixedSchedule,can_tho,mild,4,240.0,2024,47.6389,240.0,6,0,0,1349,0.6245,180.0,107.34,0.5964,7.156
0.25,grattan_strict,FixedSchedule,can_tho,severe,0,240.0,2024,41.25,240.0,10,0,0,1349,0.6245,60.0,44.62,0.7437,8.924
0.25,grattan_strict,FixedSchedule,can_tho,severe,1,240.0,2024,46.8981,240.0,15,0,0,1349,0.6245,120.0,73.14,0.6095,7.314
0.25,grattan_strict,FixedSchedule,can_tho,severe,2,240.0,2024,52.1759,240.0,20,0,0,1349,0.6245,180.0,98.14,0.5452,6.543
0.25,grattan_strict,FixedSchedule,can_tho,severe,3,240.0,2024,52.4537,240.0,14,0,0,1349,0.6245,0.0,0.0,0.0,0.0
0.25,grattan_strict,FixedSchedule,can_tho,severe,4,240.0,2024,47.5926,240.0,15,0,0,1349,0.6245,60.0,34.83,0.5806,6.967
0.25,grattan_strict,FixedSchedule,soc_trang,mild,0,240.0,2024,41.1111,240.0,4,0,0,1349,0.6245,120.0,98.7,0.8225,9.87
0.25,grattan_strict,FixedSchedule,soc_trang,mild,1,240.0,2024,47.7778,240.0,4,0,0,1349,0.6245,60.0,49.5,0.825,9.9
0.25,grattan_strict,FixedSchedule,soc_trang,mild,2,240.0,2024,52.5926,240.0,4,0,0,1349,0.6245,120.0,65.36,0.5447,6.536
0.25,grattan_strict,FixedSchedule,soc_trang,mild,3,240.0,2024,52.5926,240.0,4,0,0,1349,0.6245,120.0,65.36,0.5447,6.536
0.25,grattan_strict,FixedSchedule,soc_trang,mild,4,240.0,2024,47.7778,240.0,6,0,0,1349,0.6245,180.0,107.34,0.5964,7.156
0.25,grattan_strict,FixedSchedule,soc_trang,severe,0,240.0,2024,41.1111,240.0,10,0,0,1349,0.6245,60.0,44.62,0.7437,8.924
0.25,grattan_strict,FixedSchedule,soc_trang,severe,1,240.0,2024,46.8981,240.0,15,0,0,1349,0.6245,120.0,73.14,0.6095,7.314
0.25,grattan_strict,FixedSchedule,soc_trang,severe,2,240.0,2024,52.2222,240.0,20,0,0,1349,0.6245,180.0,98.14,0.5452,6.543
0.25,grattan_strict,FixedSchedule,soc_trang,severe,3,240.0,2024,52.5,240.0,14,0,0,1349,0.6245,0.0,0.0,0.0,0.0
0.25,grattan_strict,FixedSchedule,soc_trang,severe,4,240.0,2024,47.7315,240.0,15,0,0,1349,0.6245,60.0,34.83,0.5806,6.967
0.25,grattan_strict,FixedSchedule,ca_mau,mild,0,240.0,2024,39.9537,240.0,4,0,0,1349,0.6245,120.0,98.7,0.8225,9.87
0.25,grattan_strict,FixedSchedule,ca_mau,mild,1,240.0,2024,46.1574,240.0,4,0,0,1349,0.6245,60.0,49.5,0.825,9.9
0.25,grattan_strict,FixedSchedule,ca_mau,mild,2,240.0,2024,52.2222,240.0,4,0,0,1349,0.6245,120.0,65.36,0.5447,6.536
0.25,grattan_strict,FixedSchedule,ca_mau,mild,3,240.0,2024,52.2222,240.0,4,0,0,1349,0.6245,120.0,65.36,0.5447,6.536
0.25,grattan_strict,FixedSchedule,ca_mau,mild,4,240.0,2024,46.1574,240.0,6,0,0,1349,0.6245,180.0,107.34,0.5964,7.156
0.25,grattan_strict,FixedSchedule,ca_mau,severe,0,240.0,2024,39.9537,240.0,10,0,0,1349,0.6245,60.0,44.62,0.7437,8.924
0.25,grattan_strict,FixedSchedule,ca_mau,severe,1,240.0,2024,45.463,240.0,15,0,0,1349,0.6245,120.0,73.14,0.6095,7.314
0.25,grattan_strict,FixedSchedule,ca_mau,severe,2,240.0,2024,51.25,240.0,20,0,0,1349,0.6245,180.0,98.14,0.5452,6.543
0.25,grattan_strict,FixedSchedule,ca_mau,severe,3,240.0,2024,52.2222,240.0,14,0,0,1349,0.6245,0.0,0.0,0.0,0.0
0.25,grattan_strict,FixedSchedule,ca_mau,severe,4,240.0,2024,46.1111,240.0,15,0,0,1349,0.6245,60.0,34.83,0.5806,6.967
0.25,central,TwinGate+T2,can_tho,mild,0,240.0,2024,10.3704,240.0,14,79,0,1896,0.8778,0.0,0.0,0.0,0.0
0.25,central,TwinGate+T2,can_tho,mild,1,240.0,2024,11.25,240.0,14,79,0,1896,0.8778,0.0,0.0,0.0,0.0
0.25,central,TwinGate+T2,can_tho,mild,2,240.0,2024,11.4815,240.0,18,80,0,1896,0.8778,0.0,0.0,0.0,0.0
0.25,central,TwinGate+T2,can_tho,mild,3,240.0,2024,11.3426,240.0,14,79,0,1896,0.8778,0.0,0.0,0.0,0.0
0.25,central,TwinGate+T2,can_tho,mild,4,240.0,2024,11.4352,240.0,12,81,0,1896,0.8778,0.0,0.0,0.0,0.0
0.25,central,TwinGate+T2,can_tho,severe,0,240.0,2024,10.3704,240.0,31,77,0,1896,0.8778,0.0,0.0,0.0,0.0
0.25,central,TwinGate+T2,can_tho,severe,1,240.0,2024,8.9815,240.0,36,75,0,1896,0.8778,0.0,0.0,0.0,0.0
0.25,central,TwinGate+T2,can_tho,severe,2,240.0,2024,11.5278,240.0,45,76,0,1896,0.8778,0.0,0.0,0.0,0.0
0.25,central,TwinGate+T2,can_tho,severe,3,240.0,2024,9.4444,240.0,46,76,0,1896,0.8778,0.0,0.0,0.0,0.0
0.25,central,TwinGate+T2,can_tho,severe,4,240.0,2024,10.1389,240.0,39,76,0,1896,0.8778,0.0,0.0,0.0,0.0
0.25,central,TwinGate+T2,soc_trang,mild,0,240.0,2024,8.0556,240.0,14,79,0,1896,0.8778,0.0,0.0,0.0,0.0
0.25,central,TwinGate+T2,soc_trang,mild,1,240.0,2024,9.0741,240.0,12,79,0,1896,0.8778,0.0,0.0,0.0,0.0
0.25,central,TwinGate+T2,soc_trang,mild,2,240.0,2024,10.1852,240.0,14,81,0,1896,0.8778,0.0,0.0,0.0,0.0
0.25,central,TwinGate+T2,soc_trang,mild,3,240.0,2024,10.1389,240.0,14,80,0,1896,0.8778,0.0,0.0,0.0,0.0
0.25,central,TwinGate+T2,soc_trang,mild,4,240.0,2024,8.287,240.0,18,78,0,1896,0.8778,0.0,0.0,0.0,0.0
0.25,central,TwinGate+T2,soc_trang,severe,0,240.0,2024,6.8056,240.0,37,75,0,1896,0.8778,0.0,0.0,0.0,0.0
0.25,central,TwinGate+T2,soc_trang,severe,1,240.0,2024,7.8704,240.0,34,76,0,1896,0.8778,0.0,0.0,0.0,0.0
0.25,central,TwinGate+T2,soc_trang,severe,2,240.0,2024,11.3889,240.0,28,80,0,1896,0.8778,0.0,0.0,0.0,0.0
0.25,central,TwinGate+T2,soc_trang,severe,3,240.0,2024,4.8611,240.0,40,76,0,1896,0.8778,0.0,0.0,0.0,0.0
0.25,central,TwinGate+T2,soc_trang,severe,4,240.0,2024,8.1481,240.0,36,77,0,1896,0.8778,0.0,0.0,0.0,0.0
0.25,central,TwinGate+T2,ca_mau,mild,0,240.0,2024,6.4815,240.0,15,79,0,1896,0.8778,0.0,0.0,0.0,0.0
0.25,central,TwinGate+T2,ca_mau,mild,1,240.0,2024,5.6481,240.0,12,79,0,1896,0.8778,0.0,0.0,0.0,0.0
0.25,central,TwinGate+T2,ca_mau,mild,2,240.0,2024,6.8056,240.0,15,81,0,1896,0.8778,0.0,0.0,0.0,0.0
0.25,central,TwinGate+T2,ca_mau,mild,3,240.0,2024,5.6481,240.0,15,79,0,1896,0.8778,0.0,0.0,0.0,0.0
0.25,central,TwinGate+T2,ca_mau,mild,4,240.0,2024,5.8333,240.0,15,79,0,1896,0.8778,0.0,0.0,0.0,0.0
0.25,central,TwinGate+T2,ca_mau,severe,0,240.0,2024,2.7778,240.0,36,75,0,1896,0.8778,0.0,0.0,0.0,0.0
0.25,central,TwinGate+T2,ca_mau,severe,1,240.0,2024,5.3704,240.0,52,72,0,1896,0.8778,0.0,0.0,0.0,0.0
0.25,central,TwinGate+T2,ca_mau,severe,2,240.0,2024,9.8148,240.0,31,79,0,1896,0.8778,0.0,0.0,0.0,0.0
0.25,central,TwinGate+T2,ca_mau,severe,3,240.0,2024,3.9815,240.0,44,75,0,1896,0.8778,0.0,0.0,0.0,0.0
0.25,central,TwinGate+T2,ca_mau,severe,4,240.0,2024,5.6019,240.0,36,77,0,1896,0.8778,0.0,0.0,0.0,0.0
0.25,central,Oracle,can_tho,mild,0,240.0,2024,0.0,200.0,11,0,0,1896,0.8778,0.0,0.0,0.0,0.0
0.25,central,Oracle,can_tho,mild,1,240.0,2024,0.0,200.0,12,0,0,1896,0.8778,0.0,0.0,0.0,0.0
0.25,central,Oracle,can_tho,mild,2,240.0,2024,0.0,200.0,13,0,0,1896,0.8778,0.0,0.0,0.0,0.0
0.25,central,Oracle,can_tho,mild,3,240.0,2024,0.0,200.0,13,0,0,1896,0.8778,0.0,0.0,0.0,0.0
0.25,central,Oracle,can_tho,mild,4,240.0,2024,0.0,200.0,14,0,0,1896,0.8778,0.0,0.0,0.0,0.0
0.25,central,Oracle,can_tho,severe,0,240.0,2024,0.0,200.0,22,0,0,1896,0.8778,0.0,0.0,0.0,0.0
0.25,central,Oracle,can_tho,severe,1,240.0,2024,0.0,200.0,32,0,0,1896,0.8778,0.0,0.0,0.0,0.0
0.25,central,Oracle,can_tho,severe,2,240.0,2024,0.0,200.0,20,0,0,1896,0.8778,0.0,0.0,0.0,0.0
0.25,central,Oracle,can_tho,severe,3,240.0,2024,0.0,200.0,29,0,0,1896,0.8778,0.0,0.0,0.0,0.0
0.25,central,Oracle,can_tho,severe,4,240.0,2024,0.0,200.0,21,0,0,1896,0.8778,0.0,0.0,0.0,0.0
0.25,central,Oracle,soc_trang,mild,0,240.0,2024,0.0,200.0,14,0,0,1896,0.8778,0.0,0.0,0.0,0.0
0.25,central,Oracle,soc_trang,mild,1,240.0,2024,0.0,200.0,10,0,0,1896,0.8778,0.0,0.0,0.0,0.0
0.25,central,Oracle,soc_trang,mild,2,240.0,2024,0.0,200.0,13,0,0,1896,0.8778,0.0,0.0,0.0,0.0
0.25,central,Oracle,soc_trang,mild,3,240.0,2024,0.0,200.0,15,0,0,1896,0.8778,0.0,0.0,0.0,0.0
0.25,central,Oracle,soc_trang,mild,4,240.0,2024,0.0,200.0,10,0,0,1896,0.8778,0.0,0.0,0.0,0.0
0.25,central,Oracle,soc_trang,severe,0,240.0,2024,0.0,200.0,24,0,0,1896,0.8778,0.0,0.0,0.0,0.0
0.25,central,Oracle,soc_trang,severe,1,240.0,2024,0.0,200.0,28,0,0,1896,0.8778,0.0,0.0,0.0,0.0
0.25,central,Oracle,soc_trang,severe,2,240.0,2024,0.0,200.0,25,0,0,1896,0.8778,0.0,0.0,0.0,0.0
0.25,central,Oracle,soc_trang,severe,3,240.0,2024,0.0,200.0,36,0,0,1896,0.8778,0.0,0.0,0.0,0.0
0.25,central,Oracle,soc_trang,severe,4,240.0,2024,0.0,200.0,32,0,0,1896,0.8778,0.0,0.0,0.0,0.0
0.25,central,Oracle,ca_mau,mild,0,240.0,2024,0.0,200.0,10,0,0,1896,0.8778,0.0,0.0,0.0,0.0
0.25,central,Oracle,ca_mau,mild,1,240.0,2024,0.0,200.0,13,0,0,1896,0.8778,0.0,0.0,0.0,0.0
0.25,central,Oracle,ca_mau,mild,2,240.0,2024,0.0,200.0,13,0,0,1896,0.8778,0.0,0.0,0.0,0.0
0.25,central,Oracle,ca_mau,mild,3,240.0,2024,0.0,200.0,11,0,0,1896,0.8778,0.0,0.0,0.0,0.0
0.25,central,Oracle,ca_mau,mild,4,240.0,2024,0.0,200.0,13,0,0,1896,0.8778,0.0,0.0,0.0,0.0
0.25,central,Oracle,ca_mau,severe,0,240.0,2024,0.0,200.0,22,0,0,1896,0.8778,0.0,0.0,0.0,0.0
0.25,central,Oracle,ca_mau,severe,1,240.0,2024,0.0,200.0,22,0,0,1896,0.8778,0.0,0.0,0.0,0.0
0.25,central,Oracle,ca_mau,severe,2,240.0,2024,0.463,200.0,43,0,0,1896,0.8778,0.0,0.0,0.0,0.0
0.25,central,Oracle,ca_mau,severe,3,240.0,2024,0.0,200.0,29,0,0,1896,0.8778,0.0,0.0,0.0,0.0
0.25,central,Oracle,ca_mau,severe,4,240.0,2024,0.0463,200.0,35,0,0,1896,0.8778,0.0,0.0,0.0,0.0
0.25,central,Reactive+T2,can_tho,mild,0,240.0,2024,27.7778,240.0,4,0,0,1896,0.8778,0.0,0.0,0.0,0.0
0.25,central,Reactive+T2,can_tho,mild,1,240.0,2024,27.7778,240.0,5,0,0,1896,0.8778,0.0,0.0,0.0,0.0
0.25,central,Reactive+T2,can_tho,mild,2,240.0,2024,34.6759,240.0,4,0,0,1896,0.8778,0.0,0.0,0.0,0.0
0.25,central,Reactive+T2,can_tho,mild,3,240.0,2024,34.6759,240.0,4,0,0,1896,0.8778,0.0,0.0,0.0,0.0
0.25,central,Reactive+T2,can_tho,mild,4,240.0,2024,34.6759,240.0,4,0,0,1896,0.8778,0.0,0.0,0.0,0.0
0.25,central,Reactive+T2,can_tho,severe,0,240.0,2024,27.7778,240.0,8,0,0,1896,0.8778,0.0,0.0,0.0,0.0
0.25,central,Reactive+T2,can_tho,severe,1,240.0,2024,33.6111,240.0,15,0,0,1896,0.8778,0.0,0.0,0.0,0.0
0.25,central,Reactive+T2,can_tho,severe,2,240.0,2024,27.7778,240.0,12,0,0,1896,0.8778,0.0,0.0,0.0,0.0
0.25,central,Reactive+T2,can_tho,severe,3,240.0,2024,28.1944,240.0,33,0,0,1896,0.8778,0.0,0.0,0.0,0.0
0.25,central,Reactive+T2,can_tho,severe,4,240.0,2024,26.7593,240.0,19,0,0,1896,0.8778,0.0,0.0,0.0,0.0
0.25,central,Reactive+T2,soc_trang,mild,0,240.0,2024,25.6019,240.0,6,0,0,1896,0.8778,60.0,12.31,0.2051,2.461
0.25,central,Reactive+T2,soc_trang,mild,1,240.0,2024,32.4537,240.0,6,0,0,1896,0.8778,0.0,0.0,0.0,0.0
0.25,central,Reactive+T2,soc_trang,mild,2,240.0,2024,33.6111,240.0,5,0,0,1896,0.8778,0.0,0.0,0.0,0.0
0.25,central,Reactive+T2,soc_trang,mild,3,240.0,2024,33.6111,240.0,4,0,0,1896,0.8778,0.0,0.0,0.0,0.0
0.25,central,Reactive+T2,soc_trang,mild,4,240.0,2024,33.6111,240.0,4,0,0,1896,0.8778,0.0,0.0,0.0,0.0
0.25,central,Reactive+T2,soc_trang,severe,0,240.0,2024,23.5185,240.0,16,0,0,1896,0.8778,60.0,7.65,0.1276,1.531
0.25,central,Reactive+T2,soc_trang,severe,1,240.0,2024,25.6019,240.0,12,0,0,1896,0.8778,60.0,12.31,0.2051,2.461
0.25,central,Reactive+T2,soc_trang,severe,2,240.0,2024,33.6111,240.0,8,0,0,1896,0.8778,0.0,0.0,0.0,0.0
0.25,central,Reactive+T2,soc_trang,severe,3,240.0,2024,28.3333,240.0,33,0,0,1896,0.8778,0.0,0.0,0.0,0.0
0.25,central,Reactive+T2,soc_trang,severe,4,240.0,2024,25.6019,240.0,13,0,0,1896,0.8778,60.0,12.31,0.2051,2.461
0.25,central,Reactive+T2,ca_mau,mild,0,240.0,2024,24.1204,240.0,6,0,0,1896,0.8778,60.0,12.31,0.2051,2.461
0.25,central,Reactive+T2,ca_mau,mild,1,240.0,2024,31.3889,240.0,6,0,0,1896,0.8778,0.0,0.0,0.0,0.0
0.25,central,Reactive+T2,ca_mau,mild,2,240.0,2024,32.2685,240.0,5,0,0,1896,0.8778,0.0,0.0,0.0,0.0
0.25,central,Reactive+T2,ca_mau,mild,3,240.0,2024,32.2685,240.0,4,0,0,1896,0.8778,0.0,0.0,0.0,0.0
0.25,central,Reactive+T2,ca_mau,mild,4,240.0,2024,32.2685,240.0,4,0,0,1896,0.8778,0.0,0.0,0.0,0.0
0.25,central,Reactive+T2,ca_mau,severe,0,240.0,2024,22.2222,240.0,16,0,0,1896,0.8778,60.0,7.65,0.1276,1.531
0.25,central,Reactive+T2,ca_mau,severe,1,240.0,2024,24.1204,240.0,12,0,0,1896,0.8778,60.0,12.31,0.2051,2.461
0.25,central,Reactive+T2,ca_mau,severe,2,240.0,2024,32.2685,240.0,8,0,0,1896,0.8778,0.0,0.0,0.0,0.0
0.25,central,Reactive+T2,ca_mau,severe,3,240.0,2024,25.6944,240.0,31,0,0,1896,0.8778,0.0,0.0,0.0,0.0
0.25,central,Reactive+T2,ca_mau,severe,4,240.0,2024,24.1204,240.0,13,0,0,1896,0.8778,60.0,12.31,0.2051,2.461
0.25,central,FixedSchedule,can_tho,mild,0,240.0,2024,41.25,240.0,4,0,0,1896,0.8778,0.0,0.0,0.0,0.0
0.25,central,FixedSchedule,can_tho,mild,1,240.0,2024,47.6389,240.0,4,0,0,1896,0.8778,0.0,0.0,0.0,0.0
0.25,central,FixedSchedule,can_tho,mild,2,240.0,2024,52.4537,240.0,4,0,0,1896,0.8778,0.0,0.0,0.0,0.0
0.25,central,FixedSchedule,can_tho,mild,3,240.0,2024,52.4537,240.0,4,0,0,1896,0.8778,0.0,0.0,0.0,0.0
0.25,central,FixedSchedule,can_tho,mild,4,240.0,2024,47.6389,240.0,6,0,0,1896,0.8778,0.0,0.0,0.0,0.0
0.25,central,FixedSchedule,can_tho,severe,0,240.0,2024,41.25,240.0,10,0,0,1896,0.8778,0.0,0.0,0.0,0.0
0.25,central,FixedSchedule,can_tho,severe,1,240.0,2024,46.8981,240.0,15,0,0,1896,0.8778,0.0,0.0,0.0,0.0
0.25,central,FixedSchedule,can_tho,severe,2,240.0,2024,52.1759,240.0,20,0,0,1896,0.8778,0.0,0.0,0.0,0.0
0.25,central,FixedSchedule,can_tho,severe,3,240.0,2024,52.4537,240.0,14,0,0,1896,0.8778,0.0,0.0,0.0,0.0
0.25,central,FixedSchedule,can_tho,severe,4,240.0,2024,47.5926,240.0,15,0,0,1896,0.8778,0.0,0.0,0.0,0.0
0.25,central,FixedSchedule,soc_trang,mild,0,240.0,2024,41.1111,240.0,4,0,0,1896,0.8778,0.0,0.0,0.0,0.0
0.25,central,FixedSchedule,soc_trang,mild,1,240.0,2024,47.7778,240.0,4,0,0,1896,0.8778,0.0,0.0,0.0,0.0
0.25,central,FixedSchedule,soc_trang,mild,2,240.0,2024,52.5926,240.0,4,0,0,1896,0.8778,0.0,0.0,0.0,0.0
0.25,central,FixedSchedule,soc_trang,mild,3,240.0,2024,52.5926,240.0,4,0,0,1896,0.8778,0.0,0.0,0.0,0.0
0.25,central,FixedSchedule,soc_trang,mild,4,240.0,2024,47.7778,240.0,6,0,0,1896,0.8778,0.0,0.0,0.0,0.0
0.25,central,FixedSchedule,soc_trang,severe,0,240.0,2024,41.1111,240.0,10,0,0,1896,0.8778,0.0,0.0,0.0,0.0
0.25,central,FixedSchedule,soc_trang,severe,1,240.0,2024,46.8981,240.0,15,0,0,1896,0.8778,0.0,0.0,0.0,0.0
0.25,central,FixedSchedule,soc_trang,severe,2,240.0,2024,52.2222,240.0,20,0,0,1896,0.8778,0.0,0.0,0.0,0.0
0.25,central,FixedSchedule,soc_trang,severe,3,240.0,2024,52.5,240.0,14,0,0,1896,0.8778,0.0,0.0,0.0,0.0
0.25,central,FixedSchedule,soc_trang,severe,4,240.0,2024,47.7315,240.0,15,0,0,1896,0.8778,0.0,0.0,0.0,0.0
0.25,central,FixedSchedule,ca_mau,mild,0,240.0,2024,39.9537,240.0,4,0,0,1896,0.8778,0.0,0.0,0.0,0.0
0.25,central,FixedSchedule,ca_mau,mild,1,240.0,2024,46.1574,240.0,4,0,0,1896,0.8778,0.0,0.0,0.0,0.0
0.25,central,FixedSchedule,ca_mau,mild,2,240.0,2024,52.2222,240.0,4,0,0,1896,0.8778,0.0,0.0,0.0,0.0
0.25,central,FixedSchedule,ca_mau,mild,3,240.0,2024,52.2222,240.0,4,0,0,1896,0.8778,0.0,0.0,0.0,0.0
0.25,central,FixedSchedule,ca_mau,mild,4,240.0,2024,46.1574,240.0,6,0,0,1896,0.8778,0.0,0.0,0.0,0.0
0.25,central,FixedSchedule,ca_mau,severe,0,240.0,2024,39.9537,240.0,10,0,0,1896,0.8778,0.0,0.0,0.0,0.0
0.25,central,FixedSchedule,ca_mau,severe,1,240.0,2024,45.463,240.0,15,0,0,1896,0.8778,0.0,0.0,0.0,0.0
0.25,central,FixedSchedule,ca_mau,severe,2,240.0,2024,51.25,240.0,20,0,0,1896,0.8778,0.0,0.0,0.0,0.0
0.25,central,FixedSchedule,ca_mau,severe,3,240.0,2024,52.2222,240.0,14,0,0,1896,0.8778,0.0,0.0,0.0,0.0
0.25,central,FixedSchedule,ca_mau,severe,4,240.0,2024,46.1111,240.0,15,0,0,1896,0.8778,0.0,0.0,0.0,0.0
0.25,maas_lenient,TwinGate+T2,can_tho,mild,0,240.0,2024,10.3704,240.0,14,79,0,1997,0.9245,0.0,0.0,0.0,0.0
0.25,maas_lenient,TwinGate+T2,can_tho,mild,1,240.0,2024,11.3426,240.0,14,79,0,1997,0.9245,0.0,0.0,0.0,0.0
0.25,maas_lenient,TwinGate+T2,can_tho,mild,2,240.0,2024,11.2037,240.0,19,79,0,1997,0.9245,0.0,0.0,0.0,0.0
0.25,maas_lenient,TwinGate+T2,can_tho,mild,3,240.0,2024,11.4352,240.0,14,80,0,1997,0.9245,0.0,0.0,0.0,0.0
0.25,maas_lenient,TwinGate+T2,can_tho,mild,4,240.0,2024,11.4352,240.0,12,81,0,1997,0.9245,0.0,0.0,0.0,0.0
0.25,maas_lenient,TwinGate+T2,can_tho,severe,0,240.0,2024,11.0648,240.0,30,78,0,1997,0.9245,0.0,0.0,0.0,0.0
0.25,maas_lenient,TwinGate+T2,can_tho,severe,1,240.0,2024,8.9815,240.0,41,74,0,1997,0.9245,0.0,0.0,0.0,0.0
0.25,maas_lenient,TwinGate+T2,can_tho,severe,2,240.0,2024,12.1759,240.0,37,78,0,1997,0.9245,0.0,0.0,0.0,0.0
0.25,maas_lenient,TwinGate+T2,can_tho,severe,3,240.0,2024,8.6574,240.0,46,75,0,1997,0.9245,0.0,0.0,0.0,0.0
0.25,maas_lenient,TwinGate+T2,can_tho,severe,4,240.0,2024,10.1852,240.0,35,77,0,1997,0.9245,0.0,0.0,0.0,0.0
0.25,maas_lenient,TwinGate+T2,soc_trang,mild,0,240.0,2024,7.1296,240.0,15,78,0,1997,0.9245,0.0,0.0,0.0,0.0
0.25,maas_lenient,TwinGate+T2,soc_trang,mild,1,240.0,2024,9.0741,240.0,13,79,0,1997,0.9245,0.0,0.0,0.0,0.0
0.25,maas_lenient,TwinGate+T2,soc_trang,mild,2,240.0,2024,10.1852,240.0,14,81,0,1997,0.9245,0.0,0.0,0.0,0.0
0.25,maas_lenient,TwinGate+T2,soc_trang,mild,3,240.0,2024,10.0463,240.0,15,80,0,1997,0.9245,0.0,0.0,0.0,0.0
0.25,maas_lenient,TwinGate+T2,soc_trang,mild,4,240.0,2024,7.1296,240.0,18,77,0,1997,0.9245,0.0,0.0,0.0,0.0
0.25,maas_lenient,TwinGate+T2,soc_trang,severe,0,240.0,2024,6.8056,240.0,34,76,0,1997,0.9245,0.0,0.0,0.0,0.0
0.25,maas_lenient,TwinGate+T2,soc_trang,severe,1,240.0,2024,7.1296,240.0,31,77,0,1997,0.9245,0.0,0.0,0.0,0.0
0.25,maas_lenient,TwinGate+T2,soc_trang,severe,2,240.0,2024,11.3889,240.0,29,80,0,1997,0.9245,0.0,0.0,0.0,0.0
0.25,maas_lenient,TwinGate+T2,soc_trang,severe,3,240.0,2024,4.7685,240.0,42,76,0,1997,0.9245,0.0,0.0,0.0,0.0
0.25,maas_lenient,TwinGate+T2,soc_trang,severe,4,240.0,2024,10.0,240.0,27,79,0,1997,0.9245,0.0,0.0,0.0,0.0
0.25,maas_lenient,TwinGate+T2,ca_mau,mild,0,240.0,2024,5.6019,240.0,16,78,0,1997,0.9245,0.0,0.0,0.0,0.0
0.25,maas_lenient,TwinGate+T2,ca_mau,mild,1,240.0,2024,5.6019,240.0,13,79,0,1997,0.9245,0.0,0.0,0.0,0.0
0.25,maas_lenient,TwinGate+T2,ca_mau,mild,2,240.0,2024,5.787,240.0,17,79,0,1997,0.9245,0.0,0.0,0.0,0.0
0.25,maas_lenient,TwinGate+T2,ca_mau,mild,3,240.0,2024,5.6481,240.0,15,79,0,1997,0.9245,0.0,0.0,0.0,0.0
0.25,maas_lenient,TwinGate+T2,ca_mau,mild,4,240.0,2024,5.7407,240.0,15,79,0,1997,0.9245,0.0,0.0,0.0,0.0
0.25,maas_lenient,TwinGate+T2,ca_mau,severe,0,240.0,2024,2.7778,240.0,37,75,0,1997,0.9245,0.0,0.0,0.0,0.0
0.25,maas_lenient,TwinGate+T2,ca_mau,severe,1,240.0,2024,5.3704,240.0,52,72,0,1997,0.9245,0.0,0.0,0.0,0.0
0.25,maas_lenient,TwinGate+T2,ca_mau,severe,2,240.0,2024,12.1296,240.0,36,78,0,1997,0.9245,0.0,0.0,0.0,0.0
0.25,maas_lenient,TwinGate+T2,ca_mau,severe,3,240.0,2024,3.9815,240.0,42,76,0,1997,0.9245,0.0,0.0,0.0,0.0
0.25,maas_lenient,TwinGate+T2,ca_mau,severe,4,240.0,2024,5.787,240.0,27,80,0,1997,0.9245,0.0,0.0,0.0,0.0
0.25,maas_lenient,Oracle,can_tho,mild,0,240.0,2024,0.0,200.0,11,0,0,1997,0.9245,0.0,0.0,0.0,0.0
0.25,maas_lenient,Oracle,can_tho,mild,1,240.0,2024,0.0,200.0,11,0,0,1997,0.9245,0.0,0.0,0.0,0.0
0.25,maas_lenient,Oracle,can_tho,mild,2,240.0,2024,0.0,200.0,13,0,0,1997,0.9245,0.0,0.0,0.0,0.0
0.25,maas_lenient,Oracle,can_tho,mild,3,240.0,2024,0.0,200.0,13,0,0,1997,0.9245,0.0,0.0,0.0,0.0
0.25,maas_lenient,Oracle,can_tho,mild,4,240.0,2024,0.0,200.0,14,0,0,1997,0.9245,0.0,0.0,0.0,0.0
0.25,maas_lenient,Oracle,can_tho,severe,0,240.0,2024,0.0,200.0,24,0,0,1997,0.9245,0.0,0.0,0.0,0.0
0.25,maas_lenient,Oracle,can_tho,severe,1,240.0,2024,0.0,200.0,33,0,0,1997,0.9245,0.0,0.0,0.0,0.0
0.25,maas_lenient,Oracle,can_tho,severe,2,240.0,2024,0.0,200.0,19,0,0,1997,0.9245,0.0,0.0,0.0,0.0
0.25,maas_lenient,Oracle,can_tho,severe,3,240.0,2024,0.0,200.0,26,0,0,1997,0.9245,0.0,0.0,0.0,0.0
0.25,maas_lenient,Oracle,can_tho,severe,4,240.0,2024,0.0,200.0,22,0,0,1997,0.9245,0.0,0.0,0.0,0.0
0.25,maas_lenient,Oracle,soc_trang,mild,0,240.0,2024,0.0,200.0,14,0,0,1997,0.9245,0.0,0.0,0.0,0.0
0.25,maas_lenient,Oracle,soc_trang,mild,1,240.0,2024,0.0,200.0,10,0,0,1997,0.9245,0.0,0.0,0.0,0.0
0.25,maas_lenient,Oracle,soc_trang,mild,2,240.0,2024,0.0,200.0,13,0,0,1997,0.9245,0.0,0.0,0.0,0.0
0.25,maas_lenient,Oracle,soc_trang,mild,3,240.0,2024,0.0,200.0,15,0,0,1997,0.9245,0.0,0.0,0.0,0.0
0.25,maas_lenient,Oracle,soc_trang,mild,4,240.0,2024,0.0,200.0,10,0,0,1997,0.9245,0.0,0.0,0.0,0.0
0.25,maas_lenient,Oracle,soc_trang,severe,0,240.0,2024,0.0,200.0,24,0,0,1997,0.9245,0.0,0.0,0.0,0.0
0.25,maas_lenient,Oracle,soc_trang,severe,1,240.0,2024,0.0,200.0,28,0,0,1997,0.9245,0.0,0.0,0.0,0.0
0.25,maas_lenient,Oracle,soc_trang,severe,2,240.0,2024,0.0,200.0,24,0,0,1997,0.9245,0.0,0.0,0.0,0.0
0.25,maas_lenient,Oracle,soc_trang,severe,3,240.0,2024,0.0,200.0,40,0,0,1997,0.9245,0.0,0.0,0.0,0.0
0.25,maas_lenient,Oracle,soc_trang,severe,4,240.0,2024,0.0,200.0,32,0,0,1997,0.9245,0.0,0.0,0.0,0.0
0.25,maas_lenient,Oracle,ca_mau,mild,0,240.0,2024,0.0,200.0,10,0,0,1997,0.9245,0.0,0.0,0.0,0.0
0.25,maas_lenient,Oracle,ca_mau,mild,1,240.0,2024,0.0,200.0,13,0,0,1997,0.9245,0.0,0.0,0.0,0.0
0.25,maas_lenient,Oracle,ca_mau,mild,2,240.0,2024,0.0,200.0,14,0,0,1997,0.9245,0.0,0.0,0.0,0.0
0.25,maas_lenient,Oracle,ca_mau,mild,3,240.0,2024,0.0,200.0,11,0,0,1997,0.9245,0.0,0.0,0.0,0.0
0.25,maas_lenient,Oracle,ca_mau,mild,4,240.0,2024,0.0,200.0,14,0,0,1997,0.9245,0.0,0.0,0.0,0.0
0.25,maas_lenient,Oracle,ca_mau,severe,0,240.0,2024,0.0,200.0,25,0,0,1997,0.9245,0.0,0.0,0.0,0.0
0.25,maas_lenient,Oracle,ca_mau,severe,1,240.0,2024,0.0,200.0,24,0,0,1997,0.9245,0.0,0.0,0.0,0.0
0.25,maas_lenient,Oracle,ca_mau,severe,2,240.0,2024,0.3704,200.0,41,0,0,1997,0.9245,0.0,0.0,0.0,0.0
0.25,maas_lenient,Oracle,ca_mau,severe,3,240.0,2024,0.0,200.0,32,0,0,1997,0.9245,0.0,0.0,0.0,0.0
0.25,maas_lenient,Oracle,ca_mau,severe,4,240.0,2024,0.0,200.0,21,0,0,1997,0.9245,0.0,0.0,0.0,0.0
0.25,maas_lenient,Reactive+T2,can_tho,mild,0,240.0,2024,27.7778,240.0,4,0,0,1997,0.9245,0.0,0.0,0.0,0.0
0.25,maas_lenient,Reactive+T2,can_tho,mild,1,240.0,2024,27.7778,240.0,5,0,0,1997,0.9245,0.0,0.0,0.0,0.0
0.25,maas_lenient,Reactive+T2,can_tho,mild,2,240.0,2024,34.6759,240.0,4,0,0,1997,0.9245,0.0,0.0,0.0,0.0
0.25,maas_lenient,Reactive+T2,can_tho,mild,3,240.0,2024,34.6759,240.0,4,0,0,1997,0.9245,0.0,0.0,0.0,0.0
0.25,maas_lenient,Reactive+T2,can_tho,mild,4,240.0,2024,34.6759,240.0,4,0,0,1997,0.9245,0.0,0.0,0.0,0.0
0.25,maas_lenient,Reactive+T2,can_tho,severe,0,240.0,2024,27.7778,240.0,8,0,0,1997,0.9245,0.0,0.0,0.0,0.0
0.25,maas_lenient,Reactive+T2,can_tho,severe,1,240.0,2024,33.6111,240.0,15,0,0,1997,0.9245,0.0,0.0,0.0,0.0
0.25,maas_lenient,Reactive+T2,can_tho,severe,2,240.0,2024,27.7778,240.0,12,0,0,1997,0.9245,0.0,0.0,0.0,0.0
0.25,maas_lenient,Reactive+T2,can_tho,severe,3,240.0,2024,28.1944,240.0,33,0,0,1997,0.9245,0.0,0.0,0.0,0.0
0.25,maas_lenient,Reactive+T2,can_tho,severe,4,240.0,2024,26.7593,240.0,19,0,0,1997,0.9245,0.0,0.0,0.0,0.0
0.25,maas_lenient,Reactive+T2,soc_trang,mild,0,240.0,2024,25.6019,240.0,6,0,0,1997,0.9245,0.0,0.0,0.0,0.0
0.25,maas_lenient,Reactive+T2,soc_trang,mild,1,240.0,2024,32.4537,240.0,6,0,0,1997,0.9245,0.0,0.0,0.0,0.0
0.25,maas_lenient,Reactive+T2,soc_trang,mild,2,240.0,2024,33.6111,240.0,5,0,0,1997,0.9245,0.0,0.0,0.0,0.0
0.25,maas_lenient,Reactive+T2,soc_trang,mild,3,240.0,2024,33.6111,240.0,4,0,0,1997,0.9245,0.0,0.0,0.0,0.0
0.25,maas_lenient,Reactive+T2,soc_trang,mild,4,240.0,2024,33.6111,240.0,4,0,0,1997,0.9245,0.0,0.0,0.0,0.0
0.25,maas_lenient,Reactive+T2,soc_trang,severe,0,240.0,2024,23.5185,240.0,16,0,0,1997,0.9245,0.0,0.0,0.0,0.0
0.25,maas_lenient,Reactive+T2,soc_trang,severe,1,240.0,2024,25.6019,240.0,12,0,0,1997,0.9245,0.0,0.0,0.0,0.0
0.25,maas_lenient,Reactive+T2,soc_trang,severe,2,240.0,2024,33.6111,240.0,8,0,0,1997,0.9245,0.0,0.0,0.0,0.0
0.25,maas_lenient,Reactive+T2,soc_trang,severe,3,240.0,2024,28.3333,240.0,33,0,0,1997,0.9245,0.0,0.0,0.0,0.0
0.25,maas_lenient,Reactive+T2,soc_trang,severe,4,240.0,2024,25.6019,240.0,13,0,0,1997,0.9245,0.0,0.0,0.0,0.0
0.25,maas_lenient,Reactive+T2,ca_mau,mild,0,240.0,2024,24.1204,240.0,6,0,0,1997,0.9245,0.0,0.0,0.0,0.0
0.25,maas_lenient,Reactive+T2,ca_mau,mild,1,240.0,2024,31.3889,240.0,6,0,0,1997,0.9245,0.0,0.0,0.0,0.0
0.25,maas_lenient,Reactive+T2,ca_mau,mild,2,240.0,2024,32.2685,240.0,5,0,0,1997,0.9245,0.0,0.0,0.0,0.0
0.25,maas_lenient,Reactive+T2,ca_mau,mild,3,240.0,2024,32.2685,240.0,4,0,0,1997,0.9245,0.0,0.0,0.0,0.0
0.25,maas_lenient,Reactive+T2,ca_mau,mild,4,240.0,2024,32.2685,240.0,4,0,0,1997,0.9245,0.0,0.0,0.0,0.0
0.25,maas_lenient,Reactive+T2,ca_mau,severe,0,240.0,2024,22.2222,240.0,16,0,0,1997,0.9245,0.0,0.0,0.0,0.0
0.25,maas_lenient,Reactive+T2,ca_mau,severe,1,240.0,2024,24.1204,240.0,12,0,0,1997,0.9245,0.0,0.0,0.0,0.0
0.25,maas_lenient,Reactive+T2,ca_mau,severe,2,240.0,2024,32.2685,240.0,8,0,0,1997,0.9245,0.0,0.0,0.0,0.0
0.25,maas_lenient,Reactive+T2,ca_mau,severe,3,240.0,2024,25.6944,240.0,31,0,0,1997,0.9245,0.0,0.0,0.0,0.0
0.25,maas_lenient,Reactive+T2,ca_mau,severe,4,240.0,2024,24.1204,240.0,13,0,0,1997,0.9245,0.0,0.0,0.0,0.0
0.25,maas_lenient,FixedSchedule,can_tho,mild,0,240.0,2024,41.25,240.0,4,0,0,1997,0.9245,0.0,0.0,0.0,0.0
0.25,maas_lenient,FixedSchedule,can_tho,mild,1,240.0,2024,47.6389,240.0,4,0,0,1997,0.9245,0.0,0.0,0.0,0.0
0.25,maas_lenient,FixedSchedule,can_tho,mild,2,240.0,2024,52.4537,240.0,4,0,0,1997,0.9245,0.0,0.0,0.0,0.0
0.25,maas_lenient,FixedSchedule,can_tho,mild,3,240.0,2024,52.4537,240.0,4,0,0,1997,0.9245,0.0,0.0,0.0,0.0
0.25,maas_lenient,FixedSchedule,can_tho,mild,4,240.0,2024,47.6389,240.0,6,0,0,1997,0.9245,0.0,0.0,0.0,0.0
0.25,maas_lenient,FixedSchedule,can_tho,severe,0,240.0,2024,41.25,240.0,10,0,0,1997,0.9245,0.0,0.0,0.0,0.0
0.25,maas_lenient,FixedSchedule,can_tho,severe,1,240.0,2024,46.8981,240.0,15,0,0,1997,0.9245,0.0,0.0,0.0,0.0
0.25,maas_lenient,FixedSchedule,can_tho,severe,2,240.0,2024,52.1759,240.0,20,0,0,1997,0.9245,0.0,0.0,0.0,0.0
0.25,maas_lenient,FixedSchedule,can_tho,severe,3,240.0,2024,52.4537,240.0,14,0,0,1997,0.9245,0.0,0.0,0.0,0.0
0.25,maas_lenient,FixedSchedule,can_tho,severe,4,240.0,2024,47.5926,240.0,15,0,0,1997,0.9245,0.0,0.0,0.0,0.0
0.25,maas_lenient,FixedSchedule,soc_trang,mild,0,240.0,2024,41.1111,240.0,4,0,0,1997,0.9245,0.0,0.0,0.0,0.0
0.25,maas_lenient,FixedSchedule,soc_trang,mild,1,240.0,2024,47.7778,240.0,4,0,0,1997,0.9245,0.0,0.0,0.0,0.0
0.25,maas_lenient,FixedSchedule,soc_trang,mild,2,240.0,2024,52.5926,240.0,4,0,0,1997,0.9245,0.0,0.0,0.0,0.0
0.25,maas_lenient,FixedSchedule,soc_trang,mild,3,240.0,2024,52.5926,240.0,4,0,0,1997,0.9245,0.0,0.0,0.0,0.0
0.25,maas_lenient,FixedSchedule,soc_trang,mild,4,240.0,2024,47.7778,240.0,6,0,0,1997,0.9245,0.0,0.0,0.0,0.0
0.25,maas_lenient,FixedSchedule,soc_trang,severe,0,240.0,2024,41.1111,240.0,10,0,0,1997,0.9245,0.0,0.0,0.0,0.0
0.25,maas_lenient,FixedSchedule,soc_trang,severe,1,240.0,2024,46.8981,240.0,15,0,0,1997,0.9245,0.0,0.0,0.0,0.0
0.25,maas_lenient,FixedSchedule,soc_trang,severe,2,240.0,2024,52.2222,240.0,20,0,0,1997,0.9245,0.0,0.0,0.0,0.0
0.25,maas_lenient,FixedSchedule,soc_trang,severe,3,240.0,2024,52.5,240.0,14,0,0,1997,0.9245,0.0,0.0,0.0,0.0
0.25,maas_lenient,FixedSchedule,soc_trang,severe,4,240.0,2024,47.7315,240.0,15,0,0,1997,0.9245,0.0,0.0,0.0,0.0
0.25,maas_lenient,FixedSchedule,ca_mau,mild,0,240.0,2024,39.9537,240.0,4,0,0,1997,0.9245,0.0,0.0,0.0,0.0
0.25,maas_lenient,FixedSchedule,ca_mau,mild,1,240.0,2024,46.1574,240.0,4,0,0,1997,0.9245,0.0,0.0,0.0,0.0
0.25,maas_lenient,FixedSchedule,ca_mau,mild,2,240.0,2024,52.2222,240.0,4,0,0,1997,0.9245,0.0,0.0,0.0,0.0
0.25,maas_lenient,FixedSchedule,ca_mau,mild,3,240.0,2024,52.2222,240.0,4,0,0,1997,0.9245,0.0,0.0,0.0,0.0
0.25,maas_lenient,FixedSchedule,ca_mau,mild,4,240.0,2024,46.1574,240.0,6,0,0,1997,0.9245,0.0,0.0,0.0,0.0
0.25,maas_lenient,FixedSchedule,ca_mau,severe,0,240.0,2024,39.9537,240.0,10,0,0,1997,0.9245,0.0,0.0,0.0,0.0
0.25,maas_lenient,FixedSchedule,ca_mau,severe,1,240.0,2024,45.463,240.0,15,0,0,1997,0.9245,0.0,0.0,0.0,0.0
0.25,maas_lenient,FixedSchedule,ca_mau,severe,2,240.0,2024,51.25,240.0,20,0,0,1997,0.9245,0.0,0.0,0.0,0.0
0.25,maas_lenient,FixedSchedule,ca_mau,severe,3,240.0,2024,52.2222,240.0,14,0,0,1997,0.9245,0.0,0.0,0.0,0.0
0.25,maas_lenient,FixedSchedule,ca_mau,severe,4,240.0,2024,46.1111,240.0,15,0,0,1997,0.9245,0.0,0.0,0.0,0.0
0.5,grattan_strict,TwinGate+T2,can_tho,mild,0,240.0,2024,11.3426,240.0,13,78,0,597,0.2764,0.0,0.0,0.0,0.0
0.5,grattan_strict,TwinGate+T2,can_tho,mild,1,240.0,2024,10.3241,240.0,13,78,0,597,0.2764,0.0,0.0,0.0,0.0
0.5,grattan_strict,TwinGate+T2,can_tho,mild,2,240.0,2024,12.0833,240.0,13,81,0,597,0.2764,0.0,0.0,0.0,0.0
0.5,grattan_strict,TwinGate+T2,can_tho,mild,3,240.0,2024,11.4815,240.0,13,80,0,597,0.2764,0.0,0.0,0.0,0.0
0.5,grattan_strict,TwinGate+T2,can_tho,mild,4,240.0,2024,11.3889,240.0,12,80,0,597,0.2764,0.0,0.0,0.0,0.0
0.5,grattan_strict,TwinGate+T2,can_tho,severe,0,240.0,2024,10.2315,240.0,26,75,0,597,0.2764,0.0,0.0,0.0,0.0
0.5,grattan_strict,TwinGate+T2,can_tho,severe,1,240.0,2024,10.1852,240.0,27,75,0,597,0.2764,0.0,0.0,0.0,0.0
0.5,grattan_strict,TwinGate+T2,can_tho,severe,2,240.0,2024,17.8241,240.0,20,81,0,597,0.2764,0.0,0.0,0.0,0.0
0.5,grattan_strict,TwinGate+T2,can_tho,severe,3,240.0,2024,9.6296,240.0,35,75,0,597,0.2764,0.0,0.0,0.0,0.0
0.5,grattan_strict,TwinGate+T2,can_tho,severe,4,240.0,2024,10.1852,240.0,30,76,0,597,0.2764,0.0,0.0,0.0,0.0
0.5,grattan_strict,TwinGate+T2,soc_trang,mild,0,240.0,2024,9.8611,240.0,12,78,0,597,0.2764,0.0,0.0,0.0,0.0
0.5,grattan_strict,TwinGate+T2,soc_trang,mild,1,240.0,2024,10.7407,240.0,14,79,0,597,0.2764,0.0,0.0,0.0,0.0
0.5,grattan_strict,TwinGate+T2,soc_trang,mild,2,240.0,2024,11.1111,240.0,13,81,0,597,0.2764,0.0,0.0,0.0,0.0
0.5,grattan_strict,TwinGate+T2,soc_trang,mild,3,240.0,2024,11.1111,240.0,12,80,0,597,0.2764,0.0,0.0,0.0,0.0
0.5,grattan_strict,TwinGate+T2,soc_trang,mild,4,240.0,2024,10.9722,240.0,12,80,0,597,0.2764,0.0,0.0,0.0,0.0
0.5,grattan_strict,TwinGate+T2,soc_trang,severe,0,240.0,2024,7.9167,240.0,28,75,0,597,0.2764,0.0,0.0,0.0,0.0
0.5,grattan_strict,TwinGate+T2,soc_trang,severe,1,240.0,2024,7.1296,240.0,27,76,0,597,0.2764,0.0,0.0,0.0,0.0
0.5,grattan_strict,TwinGate+T2,soc_trang,severe,2,240.0,2024,18.0556,240.0,17,82,0,597,0.2764,0.0,0.0,0.0,0.0
0.5,grattan_strict,TwinGate+T2,soc_trang,severe,3,240.0,2024,5.0926,240.0,47,72,0,597,0.2764,0.0,0.0,0.0,0.0
0.5,grattan_strict,TwinGate+T2,soc_trang,severe,4,240.0,2024,12.037,240.0,40,72,0,597,0.2764,0.0,0.0,0.0,0.0
0.5,grattan_strict,TwinGate+T2,ca_mau,mild,0,240.0,2024,5.8796,240.0,14,78,0,597,0.2764,0.0,0.0,0.0,0.0
0.5,grattan_strict,TwinGate+T2,ca_mau,mild,1,240.0,2024,7.8241,240.0,13,79,0,597,0.2764,0.0,0.0,0.0,0.0
0.5,grattan_strict,TwinGate+T2,ca_mau,mild,2,240.0,2024,8.0093,240.0,14,81,0,597,0.2764,0.0,0.0,0.0,0.0
0.5,grattan_strict,TwinGate+T2,ca_mau,mild,3,240.0,2024,7.8704,240.0,15,79,0,597,0.2764,0.0,0.0,0.0,0.0
0.5,grattan_strict,TwinGate+T2,ca_mau,mild,4,240.0,2024,5.7407,240.0,15,78,0,597,0.2764,0.0,0.0,0.0,0.0
0.5,grattan_strict,TwinGate+T2,ca_mau,severe,0,240.0,2024,1.3426,240.0,31,74,0,597,0.2764,0.0,0.0,0.0,0.0
0.5,grattan_strict,TwinGate+T2,ca_mau,severe,1,240.0,2024,5.7407,240.0,24,79,0,597,0.2764,0.0,0.0,0.0,0.0
0.5,grattan_strict,TwinGate+T2,ca_mau,severe,2,240.0,2024,13.2407,240.0,29,79,0,597,0.2764,0.0,0.0,0.0,0.0
0.5,grattan_strict,TwinGate+T2,ca_mau,severe,3,240.0,2024,7.1296,240.0,50,68,0,597,0.2764,0.0,0.0,0.0,0.0
0.5,grattan_strict,TwinGate+T2,ca_mau,severe,4,240.0,2024,6.7593,240.0,32,73,0,597,0.2764,0.0,0.0,0.0,0.0
0.5,grattan_strict,Oracle,can_tho,mild,0,240.0,2024,0.0,200.0,11,0,0,597,0.2764,0.0,0.0,0.0,0.0
0.5,grattan_strict,Oracle,can_tho,mild,1,240.0,2024,0.0,200.0,12,0,0,597,0.2764,0.0,0.0,0.0,0.0
0.5,grattan_strict,Oracle,can_tho,mild,2,240.0,2024,0.0,200.0,10,0,0,597,0.2764,0.0,0.0,0.0,0.0
0.5,grattan_strict,Oracle,can_tho,mild,3,240.0,2024,0.2778,200.0,11,0,0,597,0.2764,0.0,0.0,0.0,0.0
0.5,grattan_strict,Oracle,can_tho,mild,4,240.0,2024,0.0,200.0,11,0,0,597,0.2764,0.0,0.0,0.0,0.0
0.5,grattan_strict,Oracle,can_tho,severe,0,240.0,2024,0.0463,200.0,19,0,0,597,0.2764,0.0,0.0,0.0,0.0
0.5,grattan_strict,Oracle,can_tho,severe,1,240.0,2024,1.9444,200.0,28,1,1,597,0.2764,0.0,0.0,0.0,0.0
0.5,grattan_strict,Oracle,can_tho,severe,2,240.0,2024,0.3704,200.0,26,0,0,597,0.2764,0.0,0.0,0.0,0.0
0.5,grattan_strict,Oracle,can_tho,severe,3,240.0,2024,2.1759,200.0,31,1,1,597,0.2764,0.0,0.0,0.0,0.0
0.5,grattan_strict,Oracle,can_tho,severe,4,240.0,2024,1.2963,200.0,33,1,1,597,0.2764,0.0,0.0,0.0,0.0
0.5,grattan_strict,Oracle,soc_trang,mild,0,240.0,2024,0.0,200.0,11,0,0,597,0.2764,0.0,0.0,0.0,0.0
0.5,grattan_strict,Oracle,soc_trang,mild,1,240.0,2024,0.0,200.0,10,0,0,597,0.2764,0.0,0.0,0.0,0.0
0.5,grattan_strict,Oracle,soc_trang,mild,2,240.0,2024,0.0,200.0,12,0,0,597,0.2764,0.0,0.0,0.0,0.0
0.5,grattan_strict,Oracle,soc_trang,mild,3,240.0,2024,0.0,200.0,15,0,0,597,0.2764,0.0,0.0,0.0,0.0
0.5,grattan_strict,Oracle,soc_trang,mild,4,240.0,2024,0.0,200.0,13,0,0,597,0.2764,0.0,0.0,0.0,0.0
0.5,grattan_strict,Oracle,soc_trang,severe,0,240.0,2024,0.8333,200.0,22,1,1,597,0.2764,0.0,0.0,0.0,0.0
0.5,grattan_strict,Oracle,soc_trang,severe,1,240.0,2024,0.0926,200.0,23,0,0,597,0.2764,0.0,0.0,0.0,0.0
0.5,grattan_strict,Oracle,soc_trang,severe,2,240.0,2024,0.0,200.0,16,0,0,597,0.2764,0.0,0.0,0.0,0.0
0.5,grattan_strict,Oracle,soc_trang,severe,3,240.0,2024,1.0185,200.0,37,0,0,597,0.2764,0.0,0.0,0.0,0.0
0.5,grattan_strict,Oracle,soc_trang,severe,4,240.0,2024,1.0185,200.0,33,1,1,597,0.2764,0.0,0.0,0.0,0.0
0.5,grattan_strict,Oracle,ca_mau,mild,0,240.0,2024,0.3704,200.0,13,0,0,597,0.2764,0.0,0.0,0.0,0.0
0.5,grattan_strict,Oracle,ca_mau,mild,1,240.0,2024,0.0,200.0,11,0,0,597,0.2764,0.0,0.0,0.0,0.0
0.5,grattan_strict,Oracle,ca_mau,mild,2,240.0,2024,0.0,200.0,11,0,0,597,0.2764,0.0,0.0,0.0,0.0
0.5,grattan_strict,Oracle,ca_mau,mild,3,240.0,2024,0.0,200.0,12,0,0,597,0.2764,0.0,0.0,0.0,0.0
0.5,grattan_strict,Oracle,ca_mau,mild,4,240.0,2024,0.0,200.0,12,0,0,597,0.2764,0.0,0.0,0.0,0.0
0.5,grattan_strict,Oracle,ca_mau,severe,0,240.0,2024,0.9722,200.0,33,2,2,597,0.2764,0.0,0.0,0.0,0.0
0.5,grattan_strict,Oracle,ca_mau,severe,1,240.0,2024,0.0,200.0,18,0,0,597,0.2764,0.0,0.0,0.0,0.0
0.5,grattan_strict,Oracle,ca_mau,severe,2,240.0,2024,0.0,200.0,24,0,0,597,0.2764,0.0,0.0,0.0,0.0
0.5,grattan_strict,Oracle,ca_mau,severe,3,240.0,2024,2.037,200.0,33,1,1,597,0.2764,0.0,0.0,0.0,0.0
0.5,grattan_strict,Oracle,ca_mau,severe,4,240.0,2024,1.1574,200.0,46,1,1,597,0.2764,0.0,0.0,0.0,0.0
0.5,grattan_strict,Reactive+T2,can_tho,mild,0,240.0,2024,27.7778,240.0,4,0,0,597,0.2764,180.0,296.33,1.6463,19.755
0.5,grattan_strict,Reactive+T2,can_tho,mild,1,240.0,2024,27.7778,240.0,5,0,0,597,0.2764,180.0,296.33,1.6463,19.755
0.5,grattan_strict,Reactive+T2,can_tho,mild,2,240.0,2024,34.6759,240.0,4,0,0,597,0.2764,180.0,276.47,1.5359,18.431
0.5,grattan_strict,Reactive+T2,can_tho,mild,3,240.0,2024,34.6759,240.0,4,0,0,597,0.2764,180.0,276.47,1.5359,18.431
0.5,grattan_strict,Reactive+T2,can_tho,mild,4,240.0,2024,34.6759,240.0,4,0,0,597,0.2764,120.0,164.44,1.3703,16.444
0.5,grattan_strict,Reactive+T2,can_tho,severe,0,240.0,2024,27.7778,240.0,8,0,0,597,0.2764,180.0,322.32,1.7906,21.488
0.5,grattan_strict,Reactive+T2,can_tho,severe,1,240.0,2024,33.6111,240.0,15,0,0,597,0.2764,180.0,178.89,0.9938,11.926
0.5,grattan_strict,Reactive+T2,can_tho,severe,2,240.0,2024,27.7778,240.0,12,0,0,597,0.2764,180.0,352.98,1.961,23.532
0.5,grattan_strict,Reactive+T2,can_tho,severe,3,240.0,2024,28.1944,240.0,33,0,0,597,0.2764,180.0,296.33,1.6463,19.755
0.5,grattan_strict,Reactive+T2,can_tho,severe,4,240.0,2024,26.7593,240.0,19,0,0,597,0.2764,240.0,309.98,1.2916,15.499
0.5,grattan_strict,Reactive+T2,soc_trang,mild,0,240.0,2024,25.6019,240.0,6,0,0,597,0.2764,120.0,400.31,3.3359,40.031
0.5,grattan_strict,Reactive+T2,soc_trang,mild,1,240.0,2024,32.4537,240.0,6,0,0,597,0.2764,60.0,194.4,3.24,38.88
0.5,grattan_strict,Reactive+T2,soc_trang,mild,2,240.0,2024,33.6111,240.0,5,0,0,597,0.2764,180.0,354.14,1.9674,23.609
0.5,grattan_strict,Reactive+T2,soc_trang,mild,3,240.0,2024,33.6111,240.0,4,0,0,597,0.2764,120.0,344.54,2.8712,34.454
0.5,grattan_strict,Reactive+T2,soc_trang,mild,4,240.0,2024,33.6111,240.0,4,0,0,597,0.2764,60.0,188.69,3.1449,37.738
0.5,grattan_strict,Reactive+T2,soc_trang,severe,0,240.0,2024,23.5185,240.0,16,0,0,597,0.2764,120.0,391.0,3.2583,39.1
0.5,grattan_strict,Reactive+T2,soc_trang,severe,1,240.0,2024,25.6019,240.0,12,0,0,597,0.2764,180.0,473.03,2.628,31.536
0.5,grattan_strict,Reactive+T2,soc_trang,severe,2,240.0,2024,33.6111,240.0,8,0,0,597,0.2764,180.0,240.99,1.3389,16.066
0.5,grattan_strict,Reactive+T2,soc_trang,severe,3,240.0,2024,28.3333,240.0,33,0,0,597,0.2764,180.0,296.33,1.6463,19.755
0.5,grattan_strict,Reactive+T2,soc_trang,severe,4,240.0,2024,25.6019,240.0,13,0,0,597,0.2764,180.0,388.77,2.1599,25.918
0.5,grattan_strict,Reactive+T2,ca_mau,mild,0,240.0,2024,24.1204,240.0,6,0,0,597,0.2764,120.0,400.31,3.3359,40.031
0.5,grattan_strict,Reactive+T2,ca_mau,mild,1,240.0,2024,31.3889,240.0,6,0,0,597,0.2764,60.0,194.4,3.24,38.88
0.5,grattan_strict,Reactive+T2,ca_mau,mild,2,240.0,2024,32.2685,240.0,5,0,0,597,0.2764,180.0,354.14,1.9674,23.609
0.5,grattan_strict,Reactive+T2,ca_mau,mild,3,240.0,2024,32.2685,240.0,4,0,0,597,0.2764,120.0,344.54,2.8712,34.454
0.5,grattan_strict,Reactive+T2,ca_mau,mild,4,240.0,2024,32.2685,240.0,4,0,0,597,0.2764,60.0,188.69,3.1449,37.738
0.5,grattan_strict,Reactive+T2,ca_mau,severe,0,240.0,2024,22.2222,240.0,16,0,0,597,0.2764,120.0,391.0,3.2583,39.1
0.5,grattan_strict,Reactive+T2,ca_mau,severe,1,240.0,2024,24.1204,240.0,12,0,0,597,0.2764,180.0,473.03,2.628,31.536
0.5,grattan_strict,Reactive+T2,ca_mau,severe,2,240.0,2024,32.2685,240.0,8,0,0,597,0.2764,180.0,240.99,1.3389,16.066
0.5,grattan_strict,Reactive+T2,ca_mau,severe,3,240.0,2024,25.6944,240.0,31,0,0,597,0.2764,240.0,458.1,1.9087,22.905
0.5,grattan_strict,Reactive+T2,ca_mau,severe,4,240.0,2024,24.1204,240.0,13,0,0,597,0.2764,180.0,388.77,2.1599,25.918
0.5,grattan_strict,FixedSchedule,can_tho,mild,0,240.0,2024,41.25,240.0,4,0,0,597,0.2764,240.0,423.02,1.7626,21.151
0.5,grattan_strict,FixedSchedule,can_tho,mild,1,240.0,2024,47.6389,240.0,4,0,0,597,0.2764,180.0,228.62,1.2701,15.241
0.5,grattan_strict,FixedSchedule,can_tho,mild,2,240.0,2024,52.4537,240.0,4,0,0,597,0.2764,240.0,403.17,1.6799,20.159
0.5,grattan_strict,FixedSchedule,can_tho,mild,3,240.0,2024,52.4537,240.0,4,0,0,597,0.2764,240.0,403.17,1.6799,20.159
0.5,grattan_strict,FixedSchedule,can_tho,mild,4,240.0,2024,47.6389,240.0,6,0,0,597,0.2764,240.0,524.74,2.1864,26.237
0.5,grattan_strict,FixedSchedule,can_tho,severe,0,240.0,2024,41.25,240.0,10,0,0,597,0.2764,180.0,218.87,1.2159,14.591
0.5,grattan_strict,FixedSchedule,can_tho,severe,1,240.0,2024,46.8981,240.0,15,0,0,597,0.2764,240.0,463.62,1.9317,23.181
0.5,grattan_strict,FixedSchedule,can_tho,severe,2,240.0,2024,52.1759,240.0,20,0,0,597,0.2764,180.0,484.29,2.6905,32.286
0.5,grattan_strict,FixedSchedule,can_tho,severe,3,240.0,2024,52.4537,240.0,14,0,0,597,0.2764,180.0,161.84,0.8991,10.789
0.5,grattan_strict,FixedSchedule,can_tho,severe,4,240.0,2024,47.5926,240.0,15,0,0,597,0.2764,180.0,258.62,1.4368,17.241
0.5,grattan_strict,FixedSchedule,soc_trang,mild,0,240.0,2024,41.1111,240.0,4,0,0,597,0.2764,240.0,423.02,1.7626,21.151
0.5,grattan_strict,FixedSchedule,soc_trang,mild,1,240.0,2024,47.7778,240.0,4,0,0,597,0.2764,180.0,228.62,1.2701,15.241
0.5,grattan_strict,FixedSchedule,soc_trang,mild,2,240.0,2024,52.5926,240.0,4,0,0,597,0.2764,240.0,403.17,1.6799,20.159
0.5,grattan_strict,FixedSchedule,soc_trang,mild,3,240.0,2024,52.5926,240.0,4,0,0,597,0.2764,240.0,403.17,1.6799,20.159
0.5,grattan_strict,FixedSchedule,soc_trang,mild,4,240.0,2024,47.7778,240.0,6,0,0,597,0.2764,240.0,524.74,2.1864,26.237
0.5,grattan_strict,FixedSchedule,soc_trang,severe,0,240.0,2024,41.1111,240.0,10,0,0,597,0.2764,180.0,218.87,1.2159,14.591
0.5,grattan_strict,FixedSchedule,soc_trang,severe,1,240.0,2024,46.8981,240.0,15,0,0,597,0.2764,240.0,463.62,1.9317,23.181
0.5,grattan_strict,FixedSchedule,soc_trang,severe,2,240.0,2024,52.2222,240.0,20,0,0,597,0.2764,180.0,484.29,2.6905,32.286
0.5,grattan_strict,FixedSchedule,soc_trang,severe,3,240.0,2024,52.5,240.0,14,0,0,597,0.2764,180.0,161.84,0.8991,10.789
0.5,grattan_strict,FixedSchedule,soc_trang,severe,4,240.0,2024,47.7315,240.0,15,0,0,597,0.2764,180.0,258.62,1.4368,17.241
0.5,grattan_strict,FixedSchedule,ca_mau,mild,0,240.0,2024,39.9537,240.0,4,0,0,597,0.2764,240.0,423.02,1.7626,21.151
0.5,grattan_strict,FixedSchedule,ca_mau,mild,1,240.0,2024,46.1574,240.0,4,0,0,597,0.2764,180.0,228.62,1.2701,15.241
0.5,grattan_strict,FixedSchedule,ca_mau,mild,2,240.0,2024,52.2222,240.0,4,0,0,597,0.2764,240.0,403.17,1.6799,20.159
0.5,grattan_strict,FixedSchedule,ca_mau,mild,3,240.0,2024,52.2222,240.0,4,0,0,597,0.2764,240.0,403.17,1.6799,20.159
0.5,grattan_strict,FixedSchedule,ca_mau,mild,4,240.0,2024,46.1574,240.0,6,0,0,597,0.2764,240.0,524.74,2.1864,26.237
0.5,grattan_strict,FixedSchedule,ca_mau,severe,0,240.0,2024,39.9537,240.0,10,0,0,597,0.2764,180.0,218.87,1.2159,14.591
0.5,grattan_strict,FixedSchedule,ca_mau,severe,1,240.0,2024,45.463,240.0,15,0,0,597,0.2764,240.0,463.62,1.9317,23.181
0.5,grattan_strict,FixedSchedule,ca_mau,severe,2,240.0,2024,51.25,240.0,20,0,0,597,0.2764,180.0,484.29,2.6905,32.286
0.5,grattan_strict,FixedSchedule,ca_mau,severe,3,240.0,2024,52.2222,240.0,14,0,0,597,0.2764,180.0,161.84,0.8991,10.789
0.5,grattan_strict,FixedSchedule,ca_mau,severe,4,240.0,2024,46.1111,240.0,15,0,0,597,0.2764,180.0,258.62,1.4368,17.241
0.5,central,TwinGate+T2,can_tho,mild,0,240.0,2024,12.1759,240.0,12,80,0,1073,0.4968,0.0,0.0,0.0,0.0
0.5,central,TwinGate+T2,can_tho,mild,1,240.0,2024,11.3426,240.0,14,79,0,1073,0.4968,0.0,0.0,0.0,0.0
0.5,central,TwinGate+T2,can_tho,mild,2,240.0,2024,11.3889,240.0,16,79,0,1073,0.4968,0.0,0.0,0.0,0.0
0.5,central,TwinGate+T2,can_tho,mild,3,240.0,2024,11.4815,240.0,13,80,0,1073,0.4968,0.0,0.0,0.0,0.0
0.5,central,TwinGate+T2,can_tho,mild,4,240.0,2024,12.0833,240.0,12,81,0,1073,0.4968,0.0,0.0,0.0,0.0
0.5,central,TwinGate+T2,can_tho,severe,0,240.0,2024,10.8333,240.0,30,77,0,1073,0.4968,0.0,0.0,0.0,0.0
0.5,central,TwinGate+T2,can_tho,severe,1,240.0,2024,10.1852,240.0,31,76,0,1073,0.4968,0.0,0.0,0.0,0.0
0.5,central,TwinGate+T2,can_tho,severe,2,240.0,2024,12.1296,240.0,38,78,0,1073,0.4968,0.0,0.0,0.0,0.0
0.5,central,TwinGate+T2,can_tho,severe,3,240.0,2024,12.037,240.0,56,74,0,1073,0.4968,0.0,0.0,0.0,0.0
0.5,central,TwinGate+T2,can_tho,severe,4,240.0,2024,14.4444,240.0,39,76,0,1073,0.4968,0.0,0.0,0.0,0.0
0.5,central,TwinGate+T2,soc_trang,mild,0,240.0,2024,8.0556,240.0,15,78,0,1073,0.4968,0.0,0.0,0.0,0.0
0.5,central,TwinGate+T2,soc_trang,mild,1,240.0,2024,9.7685,240.0,16,78,0,1073,0.4968,0.0,0.0,0.0,0.0
0.5,central,TwinGate+T2,soc_trang,mild,2,240.0,2024,10.9722,240.0,14,81,0,1073,0.4968,0.0,0.0,0.0,0.0
0.5,central,TwinGate+T2,soc_trang,mild,3,240.0,2024,11.1111,240.0,12,81,0,1073,0.4968,0.0,0.0,0.0,0.0
0.5,central,TwinGate+T2,soc_trang,mild,4,240.0,2024,11.1111,240.0,12,81,0,1073,0.4968,0.0,0.0,0.0,0.0
0.5,central,TwinGate+T2,soc_trang,severe,0,240.0,2024,8.3333,240.0,32,78,0,1073,0.4968,0.0,0.0,0.0,0.0
0.5,central,TwinGate+T2,soc_trang,severe,1,240.0,2024,8.1019,240.0,33,76,0,1073,0.4968,0.0,0.0,0.0,0.0
0.5,central,TwinGate+T2,soc_trang,severe,2,240.0,2024,11.25,240.0,36,77,0,1073,0.4968,0.0,0.0,0.0,0.0
0.5,central,TwinGate+T2,soc_trang,severe,3,240.0,2024,5.0463,240.0,54,73,0,1073,0.4968,0.0,0.0,0.0,0.0
0.5,central,TwinGate+T2,soc_trang,severe,4,240.0,2024,7.3611,240.0,43,73,0,1073,0.4968,0.0,0.0,0.0,0.0
0.5,central,TwinGate+T2,ca_mau,mild,0,240.0,2024,5.8796,240.0,16,78,0,1073,0.4968,0.0,0.0,0.0,0.0
0.5,central,TwinGate+T2,ca_mau,mild,1,240.0,2024,5.8333,240.0,13,79,0,1073,0.4968,0.0,0.0,0.0,0.0
0.5,central,TwinGate+T2,ca_mau,mild,2,240.0,2024,8.7963,240.0,13,82,0,1073,0.4968,0.0,0.0,0.0,0.0
0.5,central,TwinGate+T2,ca_mau,mild,3,240.0,2024,7.8241,240.0,13,80,0,1073,0.4968,0.0,0.0,0.0,0.0
0.5,central,TwinGate+T2,ca_mau,mild,4,240.0,2024,5.8796,240.0,16,78,0,1073,0.4968,0.0,0.0,0.0,0.0
0.5,central,TwinGate+T2,ca_mau,severe,0,240.0,2024,2.6389,240.0,43,73,0,1073,0.4968,0.0,0.0,0.0,0.0
0.5,central,TwinGate+T2,ca_mau,severe,1,240.0,2024,5.6944,240.0,29,78,0,1073,0.4968,0.0,0.0,0.0,0.0
0.5,central,TwinGate+T2,ca_mau,severe,2,240.0,2024,9.0741,240.0,35,78,0,1073,0.4968,0.0,0.0,0.0,0.0
0.5,central,TwinGate+T2,ca_mau,severe,3,240.0,2024,6.9444,240.0,42,77,0,1073,0.4968,0.0,0.0,0.0,0.0
0.5,central,TwinGate+T2,ca_mau,severe,4,240.0,2024,1.25,240.0,43,74,0,1073,0.4968,0.0,0.0,0.0,0.0
0.5,central,Oracle,can_tho,mild,0,240.0,2024,0.0,200.0,12,0,0,1073,0.4968,0.0,0.0,0.0,0.0
0.5,central,Oracle,can_tho,mild,1,240.0,2024,0.0,200.0,12,0,0,1073,0.4968,0.0,0.0,0.0,0.0
0.5,central,Oracle,can_tho,mild,2,240.0,2024,0.0,200.0,11,0,0,1073,0.4968,0.0,0.0,0.0,0.0
0.5,central,Oracle,can_tho,mild,3,240.0,2024,0.0,200.0,12,0,0,1073,0.4968,0.0,0.0,0.0,0.0
0.5,central,Oracle,can_tho,mild,4,240.0,2024,0.0,200.0,12,0,0,1073,0.4968,0.0,0.0,0.0,0.0
0.5,central,Oracle,can_tho,severe,0,240.0,2024,0.0,200.0,20,0,0,1073,0.4968,0.0,0.0,0.0,0.0
0.5,central,Oracle,can_tho,severe,1,240.0,2024,0.0,200.0,25,0,0,1073,0.4968,0.0,0.0,0.0,0.0
0.5,central,Oracle,can_tho,severe,2,240.0,2024,0.0,200.0,20,0,0,1073,0.4968,0.0,0.0,0.0,0.0
0.5,central,Oracle,can_tho,severe,3,240.0,2024,0.0,200.0,39,0,0,1073,0.4968,0.0,0.0,0.0,0.0
0.5,central,Oracle,can_tho,severe,4,240.0,2024,0.0,200.0,30,0,0,1073,0.4968,0.0,0.0,0.0,0.0
0.5,central,Oracle,soc_trang,mild,0,240.0,2024,0.0,200.0,11,0,0,1073,0.4968,0.0,0.0,0.0,0.0
0.5,central,Oracle,soc_trang,mild,1,240.0,2024,0.0,200.0,10,0,0,1073,0.4968,0.0,0.0,0.0,0.0
0.5,central,Oracle,soc_trang,mild,2,240.0,2024,0.0,200.0,15,0,0,1073,0.4968,0.0,0.0,0.0,0.0
0.5,central,Oracle,soc_trang,mild,3,240.0,2024,0.0,200.0,10,0,0,1073,0.4968,0.0,0.0,0.0,0.0
0.5,central,Oracle,soc_trang,mild,4,240.0,2024,0.0,200.0,13,0,0,1073,0.4968,0.0,0.0,0.0,0.0
0.5,central,Oracle,soc_trang,severe,0,240.0,2024,0.0,200.0,21,0,0,1073,0.4968,0.0,0.0,0.0,0.0
0.5,central,Oracle,soc_trang,severe,1,240.0,2024,0.0,200.0,21,0,0,1073,0.4968,0.0,0.0,0.0,0.0
0.5,central,Oracle,soc_trang,severe,2,240.0,2024,0.0,200.0,26,0,0,1073,0.4968,0.0,0.0,0.0,0.0
0.5,central,Oracle,soc_trang,severe,3,240.0,2024,0.0,200.0,42,0,0,1073,0.4968,0.0,0.0,0.0,0.0
0.5,central,Oracle,soc_trang,severe,4,240.0,2024,0.0,200.0,22,0,0,1073,0.4968,0.0,0.0,0.0,0.0
0.5,central,Oracle,ca_mau,mild,0,240.0,2024,0.0,200.0,10,0,0,1073,0.4968,0.0,0.0,0.0,0.0
0.5,central,Oracle,ca_mau,mild,1,240.0,2024,0.0,200.0,13,0,0,1073,0.4968,0.0,0.0,0.0,0.0
0.5,central,Oracle,ca_mau,mild,2,240.0,2024,0.0,200.0,14,0,0,1073,0.4968,0.0,0.0,0.0,0.0
0.5,central,Oracle,ca_mau,mild,3,240.0,2024,0.0,200.0,14,0,0,1073,0.4968,0.0,0.0,0.0,0.0
0.5,central,Oracle,ca_mau,mild,4,240.0,2024,0.0,200.0,11,0,0,1073,0.4968,0.0,0.0,0.0,0.0
0.5,central,Oracle,ca_mau,severe,0,240.0,2024,0.0,200.0,33,0,0,1073,0.4968,0.0,0.0,0.0,0.0
0.5,central,Oracle,ca_mau,severe,1,240.0,2024,0.0,200.0,20,0,0,1073,0.4968,0.0,0.0,0.0,0.0
0.5,central,Oracle,ca_mau,severe,2,240.0,2024,0.0,200.0,37,0,0,1073,0.4968,0.0,0.0,0.0,0.0
0.5,central,Oracle,ca_mau,severe,3,240.0,2024,0.0,200.0,49,0,0,1073,0.4968,0.0,0.0,0.0,0.0
0.5,central,Oracle,ca_mau,severe,4,240.0,2024,0.0463,200.0,34,0,0,1073,0.4968,0.0,0.0,0.0,0.0
0.5,central,Reactive+T2,can_tho,mild,0,240.0,2024,27.7778,240.0,4,0,0,1073,0.4968,120.0,162.59,1.3549,16.259
0.5,central,Reactive+T2,can_tho,mild,1,240.0,2024,27.7778,240.0,5,0,0,1073,0.4968,120.0,162.59,1.3549,16.259
0.5,central,Reactive+T2,can_tho,mild,2,240.0,2024,34.6759,240.0,4,0,0,1073,0.4968,120.0,142.73,1.1895,14.273
0.5,central,Reactive+T2,can_tho,mild,3,240.0,2024,34.6759,240.0,4,0,0,1073,0.4968,120.0,142.73,1.1895,14.273
0.5,central,Reactive+T2,can_tho,mild,4,240.0,2024,34.6759,240.0,4,0,0,1073,0.4968,60.0,96.7,1.6117,19.341
0.5,central,Reactive+T2,can_tho,severe,0,240.0,2024,27.7778,240.0,8,0,0,1073,0.4968,120.0,188.58,1.5715,18.858
0.5,central,Reactive+T2,can_tho,severe,1,240.0,2024,33.6111,240.0,15,0,0,1073,0.4968,120.0,37.29,0.3108,3.729
0.5,central,Reactive+T2,can_tho,severe,2,240.0,2024,27.7778,240.0,12,0,0,1073,0.4968,180.0,154.98,0.861,10.332
0.5,central,Reactive+T2,can_tho,severe,3,240.0,2024,28.1944,240.0,33,0,0,1073,0.4968,120.0,162.59,1.3549,16.259
0.5,central,Reactive+T2,can_tho,severe,4,240.0,2024,26.7593,240.0,19,0,0,1073,0.4968,120.0,139.7,1.1641,13.97
0.5,central,Reactive+T2,soc_trang,mild,0,240.0,2024,25.6019,240.0,6,0,0,1073,0.4968,120.0,279.31,2.3276,27.931
0.5,central,Reactive+T2,soc_trang,mild,1,240.0,2024,32.4537,240.0,6,0,0,1073,0.4968,60.0,128.4,2.14,25.68
0.5,central,Reactive+T2,soc_trang,mild,2,240.0,2024,33.6111,240.0,5,0,0,1073,0.4968,120.0,212.54,1.7712,21.254
0.5,central,Reactive+T2,soc_trang,mild,3,240.0,2024,33.6111,240.0,4,0,0,1073,0.4968,120.0,212.54,1.7712,21.254
0.5,central,Reactive+T2,soc_trang,mild,4,240.0,2024,33.6111,240.0,4,0,0,1073,0.4968,60.0,122.69,2.0449,24.538
0.5,central,Reactive+T2,soc_trang,severe,0,240.0,2024,23.5185,240.0,16,0,0,1073,0.4968,120.0,270.0,2.25,27.0
0.5,central,Reactive+T2,soc_trang,severe,1,240.0,2024,25.6019,240.0,12,0,0,1073,0.4968,180.0,286.03,1.5891,19.069
0.5,central,Reactive+T2,soc_trang,severe,2,240.0,2024,33.6111,240.0,8,0,0,1073,0.4968,60.0,122.69,2.0449,24.538
0.5,central,Reactive+T2,soc_trang,severe,3,240.0,2024,28.3333,240.0,33,0,0,1073,0.4968,120.0,162.59,1.3549,16.259
0.5,central,Reactive+T2,soc_trang,severe,4,240.0,2024,25.6019,240.0,13,0,0,1073,0.4968,120.0,239.09,1.9924,23.909
0.5,central,Reactive+T2,ca_mau,mild,0,240.0,2024,24.1204,240.0,6,0,0,1073,0.4968,120.0,279.31,2.3276,27.931
0.5,central,Reactive+T2,ca_mau,mild,1,240.0,2024,31.3889,240.0,6,0,0,1073,0.4968,60.0,128.4,2.14,25.68
0.5,central,Reactive+T2,ca_mau,mild,2,240.0,2024,32.2685,240.0,5,0,0,1073,0.4968,120.0,212.54,1.7712,21.254
0.5,central,Reactive+T2,ca_mau,mild,3,240.0,2024,32.2685,240.0,4,0,0,1073,0.4968,120.0,212.54,1.7712,21.254
0.5,central,Reactive+T2,ca_mau,mild,4,240.0,2024,32.2685,240.0,4,0,0,1073,0.4968,60.0,122.69,2.0449,24.538
0.5,central,Reactive+T2,ca_mau,severe,0,240.0,2024,22.2222,240.0,16,0,0,1073,0.4968,120.0,270.0,2.25,27.0
0.5,central,Reactive+T2,ca_mau,severe,1,240.0,2024,24.1204,240.0,12,0,0,1073,0.4968,180.0,286.03,1.5891,19.069
0.5,central,Reactive+T2,ca_mau,severe,2,240.0,2024,32.2685,240.0,8,0,0,1073,0.4968,60.0,122.69,2.0449,24.538
0.5,central,Reactive+T2,ca_mau,severe,3,240.0,2024,25.6944,240.0,31,0,0,1073,0.4968,180.0,258.36,1.4353,17.224
0.5,central,Reactive+T2,ca_mau,severe,4,240.0,2024,24.1204,240.0,13,0,0,1073,0.4968,120.0,239.09,1.9924,23.909
0.5,central,FixedSchedule,can_tho,mild,0,240.0,2024,41.25,240.0,4,0,0,1073,0.4968,120.0,257.4,2.145,25.74
0.5,central,FixedSchedule,can_tho,mild,1,240.0,2024,47.6389,240.0,4,0,0,1073,0.4968,60.0,129.0,2.15,25.8
0.5,central,FixedSchedule,can_tho,mild,2,240.0,2024,52.4537,240.0,4,0,0,1073,0.4968,180.0,193.6,1.0756,12.907
0.5,central,FixedSchedule,can_tho,mild,3,240.0,2024,52.4537,240.0,4,0,0,1073,0.4968,180.0,193.6,1.0756,12.907
0.5,central,FixedSchedule,can_tho,mild,4,240.0,2024,47.6389,240.0,6,0,0,1073,0.4968,180.0,304.69,1.6927,20.313
0.5,central,FixedSchedule,can_tho,severe,0,240.0,2024,41.25,240.0,10,0,0,1073,0.4968,60.0,119.24,1.9874,23.849
0.5,central,FixedSchedule,can_tho,severe,1,240.0,2024,46.8981,240.0,15,0,0,1073,0.4968,180.0,209.17,1.1621,13.945
0.5,central,FixedSchedule,can_tho,severe,2,240.0,2024,52.1759,240.0,20,0,0,1073,0.4968,180.0,286.29,1.5905,19.086
0.5,central,FixedSchedule,can_tho,severe,3,240.0,2024,52.4537,240.0,14,0,0,1073,0.4968,120.0,18.26,0.1522,1.826
0.5,central,FixedSchedule,can_tho,severe,4,240.0,2024,47.5926,240.0,15,0,0,1073,0.4968,120.0,115.05,0.9587,11.505
0.5,central,FixedSchedule,soc_trang,mild,0,240.0,2024,41.1111,240.0,4,0,0,1073,0.4968,120.0,257.4,2.145,25.74
0.5,central,FixedSchedule,soc_trang,mild,1,240.0,2024,47.7778,240.0,4,0,0,1073,0.4968,60.0,129.0,2.15,25.8
0.5,central,FixedSchedule,soc_trang,mild,2,240.0,2024,52.5926,240.0,4,0,0,1073,0.4968,180.0,193.6,1.0756,12.907
0.5,central,FixedSchedule,soc_trang,mild,3,240.0,2024,52.5926,240.0,4,0,0,1073,0.4968,180.0,193.6,1.0756,12.907
0.5,central,FixedSchedule,soc_trang,mild,4,240.0,2024,47.7778,240.0,6,0,0,1073,0.4968,180.0,304.69,1.6927,20.313
0.5,central,FixedSchedule,soc_trang,severe,0,240.0,2024,41.1111,240.0,10,0,0,1073,0.4968,60.0,119.24,1.9874,23.849
0.5,central,FixedSchedule,soc_trang,severe,1,240.0,2024,46.8981,240.0,15,0,0,1073,0.4968,180.0,209.17,1.1621,13.945
0.5,central,FixedSchedule,soc_trang,severe,2,240.0,2024,52.2222,240.0,20,0,0,1073,0.4968,180.0,286.29,1.5905,19.086
0.5,central,FixedSchedule,soc_trang,severe,3,240.0,2024,52.5,240.0,14,0,0,1073,0.4968,120.0,18.26,0.1522,1.826
0.5,central,FixedSchedule,soc_trang,severe,4,240.0,2024,47.7315,240.0,15,0,0,1073,0.4968,120.0,115.05,0.9587,11.505
0.5,central,FixedSchedule,ca_mau,mild,0,240.0,2024,39.9537,240.0,4,0,0,1073,0.4968,120.0,257.4,2.145,25.74
0.5,central,FixedSchedule,ca_mau,mild,1,240.0,2024,46.1574,240.0,4,0,0,1073,0.4968,60.0,129.0,2.15,25.8
0.5,central,FixedSchedule,ca_mau,mild,2,240.0,2024,52.2222,240.0,4,0,0,1073,0.4968,180.0,193.6,1.0756,12.907
0.5,central,FixedSchedule,ca_mau,mild,3,240.0,2024,52.2222,240.0,4,0,0,1073,0.4968,180.0,193.6,1.0756,12.907
0.5,central,FixedSchedule,ca_mau,mild,4,240.0,2024,46.1574,240.0,6,0,0,1073,0.4968,180.0,304.69,1.6927,20.313
0.5,central,FixedSchedule,ca_mau,severe,0,240.0,2024,39.9537,240.0,10,0,0,1073,0.4968,60.0,119.24,1.9874,23.849
0.5,central,FixedSchedule,ca_mau,severe,1,240.0,2024,45.463,240.0,15,0,0,1073,0.4968,180.0,209.17,1.1621,13.945
0.5,central,FixedSchedule,ca_mau,severe,2,240.0,2024,51.25,240.0,20,0,0,1073,0.4968,180.0,286.29,1.5905,19.086
0.5,central,FixedSchedule,ca_mau,severe,3,240.0,2024,52.2222,240.0,14,0,0,1073,0.4968,120.0,18.26,0.1522,1.826
0.5,central,FixedSchedule,ca_mau,severe,4,240.0,2024,46.1111,240.0,15,0,0,1073,0.4968,120.0,115.05,0.9587,11.505
0.5,maas_lenient,TwinGate+T2,can_tho,mild,0,240.0,2024,12.1759,240.0,12,80,0,1321,0.6116,0.0,0.0,0.0,0.0
0.5,maas_lenient,TwinGate+T2,can_tho,mild,1,240.0,2024,11.3426,240.0,14,79,0,1321,0.6116,0.0,0.0,0.0,0.0
0.5,maas_lenient,TwinGate+T2,can_tho,mild,2,240.0,2024,11.4815,240.0,16,80,0,1321,0.6116,0.0,0.0,0.0,0.0
0.5,maas_lenient,TwinGate+T2,can_tho,mild,3,240.0,2024,12.0833,240.0,12,81,0,1321,0.6116,0.0,0.0,0.0,0.0
0.5,maas_lenient,TwinGate+T2,can_tho,mild,4,240.0,2024,12.0833,240.0,12,81,0,1321,0.6116,0.0,0.0,0.0,0.0
0.5,maas_lenient,TwinGate+T2,can_tho,severe,0,240.0,2024,10.8333,240.0,28,78,0,1321,0.6116,0.0,0.0,0.0,0.0
0.5,maas_lenient,TwinGate+T2,can_tho,severe,1,240.0,2024,10.3704,240.0,24,78,0,1321,0.6116,0.0,0.0,0.0,0.0
0.5,maas_lenient,TwinGate+T2,can_tho,severe,2,240.0,2024,12.4537,240.0,44,76,0,1321,0.6116,0.0,0.0,0.0,0.0
0.5,maas_lenient,TwinGate+T2,can_tho,severe,3,240.0,2024,10.6019,240.0,43,76,0,1321,0.6116,0.0,0.0,0.0,0.0
0.5,maas_lenient,TwinGate+T2,can_tho,severe,4,240.0,2024,10.0463,240.0,40,75,0,1321,0.6116,0.0,0.0,0.0,0.0
0.5,maas_lenient,TwinGate+T2,soc_trang,mild,0,240.0,2024,8.0556,240.0,15,78,0,1321,0.6116,0.0,0.0,0.0,0.0
0.5,maas_lenient,TwinGate+T2,soc_trang,mild,1,240.0,2024,9.9537,240.0,13,79,0,1321,0.6116,0.0,0.0,0.0,0.0
0.5,maas_lenient,TwinGate+T2,soc_trang,mild,2,240.0,2024,10.9722,240.0,14,81,0,1321,0.6116,0.0,0.0,0.0,0.0
0.5,maas_lenient,TwinGate+T2,soc_trang,mild,3,240.0,2024,10.6944,240.0,12,81,0,1321,0.6116,0.0,0.0,0.0,0.0
0.5,maas_lenient,TwinGate+T2,soc_trang,mild,4,240.0,2024,11.1111,240.0,12,81,0,1321,0.6116,0.0,0.0,0.0,0.0
0.5,maas_lenient,TwinGate+T2,soc_trang,severe,0,240.0,2024,6.8056,240.0,38,75,0,1321,0.6116,0.0,0.0,0.0,0.0
0.5,maas_lenient,TwinGate+T2,soc_trang,severe,1,240.0,2024,7.8241,240.0,31,76,0,1321,0.6116,0.0,0.0,0.0,0.0
0.5,maas_lenient,TwinGate+T2,soc_trang,severe,2,240.0,2024,11.25,240.0,36,77,0,1321,0.6116,0.0,0.0,0.0,0.0
0.5,maas_lenient,TwinGate+T2,soc_trang,severe,3,240.0,2024,7.3611,240.0,47,75,0,1321,0.6116,0.0,0.0,0.0,0.0
0.5,maas_lenient,TwinGate+T2,soc_trang,severe,4,240.0,2024,6.1574,240.0,37,75,0,1321,0.6116,0.0,0.0,0.0,0.0
0.5,maas_lenient,TwinGate+T2,ca_mau,mild,0,240.0,2024,5.9259,240.0,16,78,0,1321,0.6116,0.0,0.0,0.0,0.0
0.5,maas_lenient,TwinGate+T2,ca_mau,mild,1,240.0,2024,5.8333,240.0,13,79,0,1321,0.6116,0.0,0.0,0.0,0.0
0.5,maas_lenient,TwinGate+T2,ca_mau,mild,2,240.0,2024,7.9167,240.0,13,82,0,1321,0.6116,0.0,0.0,0.0,0.0
0.5,maas_lenient,TwinGate+T2,ca_mau,mild,3,240.0,2024,7.0833,240.0,13,80,0,1321,0.6116,0.0,0.0,0.0,0.0
0.5,maas_lenient,TwinGate+T2,ca_mau,mild,4,240.0,2024,5.7407,240.0,16,78,0,1321,0.6116,0.0,0.0,0.0,0.0
0.5,maas_lenient,TwinGate+T2,ca_mau,severe,0,240.0,2024,2.7778,240.0,39,74,0,1321,0.6116,0.0,0.0,0.0,0.0
0.5,maas_lenient,TwinGate+T2,ca_mau,severe,1,240.0,2024,5.6944,240.0,27,78,0,1321,0.6116,0.0,0.0,0.0,0.0
0.5,maas_lenient,TwinGate+T2,ca_mau,severe,2,240.0,2024,9.7685,240.0,36,78,0,1321,0.6116,0.0,0.0,0.0,0.0
0.5,maas_lenient,TwinGate+T2,ca_mau,severe,3,240.0,2024,6.9444,240.0,38,78,0,1321,0.6116,0.0,0.0,0.0,0.0
0.5,maas_lenient,TwinGate+T2,ca_mau,severe,4,240.0,2024,2.7778,240.0,32,77,0,1321,0.6116,0.0,0.0,0.0,0.0
0.5,maas_lenient,Oracle,can_tho,mild,0,240.0,2024,0.0,200.0,12,0,0,1321,0.6116,0.0,0.0,0.0,0.0
0.5,maas_lenient,Oracle,can_tho,mild,1,240.0,2024,0.0,200.0,12,0,0,1321,0.6116,0.0,0.0,0.0,0.0
0.5,maas_lenient,Oracle,can_tho,mild,2,240.0,2024,0.0,200.0,12,0,0,1321,0.6116,0.0,0.0,0.0,0.0
0.5,maas_lenient,Oracle,can_tho,mild,3,240.0,2024,0.0,200.0,13,0,0,1321,0.6116,0.0,0.0,0.0,0.0
0.5,maas_lenient,Oracle,can_tho,mild,4,240.0,2024,0.0,200.0,12,0,0,1321,0.6116,0.0,0.0,0.0,0.0
0.5,maas_lenient,Oracle,can_tho,severe,0,240.0,2024,0.0,200.0,24,0,0,1321,0.6116,0.0,0.0,0.0,0.0
0.5,maas_lenient,Oracle,can_tho,severe,1,240.0,2024,0.0,200.0,26,0,0,1321,0.6116,0.0,0.0,0.0,0.0
0.5,maas_lenient,Oracle,can_tho,severe,2,240.0,2024,0.0,200.0,17,0,0,1321,0.6116,0.0,0.0,0.0,0.0
0.5,maas_lenient,Oracle,can_tho,severe,3,240.0,2024,0.0,200.0,27,0,0,1321,0.6116,0.0,0.0,0.0,0.0
0.5,maas_lenient,Oracle,can_tho,severe,4,240.0,2024,0.0,200.0,18,0,0,1321,0.6116,0.0,0.0,0.0,0.0
0.5,maas_lenient,Oracle,soc_trang,mild,0,240.0,2024,0.0,200.0,11,0,0,1321,0.6116,0.0,0.0,0.0,0.0
0.5,maas_lenient,Oracle,soc_trang,mild,1,240.0,2024,0.0,200.0,10,0,0,1321,0.6116,0.0,0.0,0.0,0.0
0.5,maas_lenient,Oracle,soc_trang,mild,2,240.0,2024,0.0,200.0,14,0,0,1321,0.6116,0.0,0.0,0.0,0.0
0.5,maas_lenient,Oracle,soc_trang,mild,3,240.0,2024,0.0,200.0,11,0,0,1321,0.6116,0.0,0.0,0.0,0.0
0.5,maas_lenient,Oracle,soc_trang,mild,4,240.0,2024,0.0,200.0,13,0,0,1321,0.6116,0.0,0.0,0.0,0.0
0.5,maas_lenient,Oracle,soc_trang,severe,0,240.0,2024,0.0,200.0,22,0,0,1321,0.6116,0.0,0.0,0.0,0.0
0.5,maas_lenient,Oracle,soc_trang,severe,1,240.0,2024,0.0,200.0,23,0,0,1321,0.6116,0.0,0.0,0.0,0.0
0.5,maas_lenient,Oracle,soc_trang,severe,2,240.0,2024,0.3704,200.0,28,0,0,1321,0.6116,0.0,0.0,0.0,0.0
0.5,maas_lenient,Oracle,soc_trang,severe,3,240.0,2024,0.0,200.0,46,0,0,1321,0.6116,0.0,0.0,0.0,0.0
0.5,maas_lenient,Oracle,soc_trang,severe,4,240.0,2024,0.0,200.0,22,0,0,1321,0.6116,0.0,0.0,0.0,0.0
0.5,maas_lenient,Oracle,ca_mau,mild,0,240.0,2024,0.0,200.0,10,0,0,1321,0.6116,0.0,0.0,0.0,0.0
0.5,maas_lenient,Oracle,ca_mau,mild,1,240.0,2024,0.0,200.0,12,0,0,1321,0.6116,0.0,0.0,0.0,0.0
0.5,maas_lenient,Oracle,ca_mau,mild,2,240.0,2024,0.0,200.0,15,0,0,1321,0.6116,0.0,0.0,0.0,0.0
0.5,maas_lenient,Oracle,ca_mau,mild,3,240.0,2024,0.0,200.0,16,0,0,1321,0.6116,0.0,0.0,0.0,0.0
0.5,maas_lenient,Oracle,ca_mau,mild,4,240.0,2024,0.0,200.0,11,0,0,1321,0.6116,0.0,0.0,0.0,0.0
0.5,maas_lenient,Oracle,ca_mau,severe,0,240.0,2024,0.0,200.0,21,0,0,1321,0.6116,0.0,0.0,0.0,0.0
0.5,maas_lenient,Oracle,ca_mau,severe,1,240.0,2024,0.0,200.0,20,0,0,1321,0.6116,0.0,0.0,0.0,0.0
0.5,maas_lenient,Oracle,ca_mau,severe,2,240.0,2024,0.0,200.0,40,0,0,1321,0.6116,0.0,0.0,0.0,0.0
0.5,maas_lenient,Oracle,ca_mau,severe,3,240.0,2024,0.0,200.0,30,0,0,1321,0.6116,0.0,0.0,0.0,0.0
0.5,maas_lenient,Oracle,ca_mau,severe,4,240.0,2024,0.0463,200.0,22,0,0,1321,0.6116,0.0,0.0,0.0,0.0
0.5,maas_lenient,Reactive+T2,can_tho,mild,0,240.0,2024,27.7778,240.0,4,0,0,1321,0.6116,120.0,102.59,0.8549,10.259
0.5,maas_lenient,Reactive+T2,can_tho,mild,1,240.0,2024,27.7778,240.0,5,0,0,1321,0.6116,120.0,102.59,0.8549,10.259
0.5,maas_lenient,Reactive+T2,can_tho,mild,2,240.0,2024,34.6759,240.0,4,0,0,1321,0.6116,120.0,82.73,0.6895,8.273
0.5,maas_lenient,Reactive+T2,can_tho,mild,3,240.0,2024,34.6759,240.0,4,0,0,1321,0.6116,120.0,82.73,0.6895,8.273
0.5,maas_lenient,Reactive+T2,can_tho,mild,4,240.0,2024,34.6759,240.0,4,0,0,1321,0.6116,60.0,66.7,1.1117,13.341
0.5,maas_lenient,Reactive+T2,can_tho,severe,0,240.0,2024,27.7778,240.0,8,0,0,1321,0.6116,120.0,128.58,1.0715,12.858
0.5,maas_lenient,Reactive+T2,can_tho,severe,1,240.0,2024,33.6111,240.0,15,0,0,1321,0.6116,60.0,6.75,0.1125,1.35
0.5,maas_lenient,Reactive+T2,can_tho,severe,2,240.0,2024,27.7778,240.0,12,0,0,1321,0.6116,120.0,87.41,0.7284,8.741
0.5,maas_lenient,Reactive+T2,can_tho,severe,3,240.0,2024,28.1944,240.0,33,0,0,1321,0.6116,120.0,102.59,0.8549,10.259
0.5,maas_lenient,Reactive+T2,can_tho,severe,4,240.0,2024,26.7593,240.0,19,0,0,1321,0.6116,120.0,79.7,0.6641,7.97
0.5,maas_lenient,Reactive+T2,soc_trang,mild,0,240.0,2024,25.6019,240.0,6,0,0,1321,0.6116,120.0,224.31,1.8692,22.431
0.5,maas_lenient,Reactive+T2,soc_trang,mild,1,240.0,2024,32.4537,240.0,6,0,0,1321,0.6116,60.0,98.4,1.64,19.68
0.5,maas_lenient,Reactive+T2,soc_trang,mild,2,240.0,2024,33.6111,240.0,5,0,0,1321,0.6116,120.0,152.54,1.2712,15.254
0.5,maas_lenient,Reactive+T2,soc_trang,mild,3,240.0,2024,33.6111,240.0,4,0,0,1321,0.6116,120.0,152.54,1.2712,15.254
0.5,maas_lenient,Reactive+T2,soc_trang,mild,4,240.0,2024,33.6111,240.0,4,0,0,1321,0.6116,60.0,92.69,1.5449,18.538
0.5,maas_lenient,Reactive+T2,soc_trang,severe,0,240.0,2024,23.5185,240.0,16,0,0,1321,0.6116,120.0,215.0,1.7917,21.5
0.5,maas_lenient,Reactive+T2,soc_trang,severe,1,240.0,2024,25.6019,240.0,12,0,0,1321,0.6116,120.0,220.86,1.8405,22.086
0.5,maas_lenient,Reactive+T2,soc_trang,severe,2,240.0,2024,33.6111,240.0,8,0,0,1321,0.6116,60.0,92.69,1.5449,18.538
0.5,maas_lenient,Reactive+T2,soc_trang,severe,3,240.0,2024,28.3333,240.0,33,0,0,1321,0.6116,120.0,102.59,0.8549,10.259
0.5,maas_lenient,Reactive+T2,soc_trang,severe,4,240.0,2024,25.6019,240.0,13,0,0,1321,0.6116,120.0,184.09,1.5341,18.409
0.5,maas_lenient,Reactive+T2,ca_mau,mild,0,240.0,2024,24.1204,240.0,6,0,0,1321,0.6116,120.0,224.31,1.8692,22.431
0.5,maas_lenient,Reactive+T2,ca_mau,mild,1,240.0,2024,31.3889,240.0,6,0,0,1321,0.6116,60.0,98.4,1.64,19.68
0.5,maas_lenient,Reactive+T2,ca_mau,mild,2,240.0,2024,32.2685,240.0,5,0,0,1321,0.6116,120.0,152.54,1.2712,15.254
0.5,maas_lenient,Reactive+T2,ca_mau,mild,3,240.0,2024,32.2685,240.0,4,0,0,1321,0.6116,120.0,152.54,1.2712,15.254
0.5,maas_lenient,Reactive+T2,ca_mau,mild,4,240.0,2024,32.2685,240.0,4,0,0,1321,0.6116,60.0,92.69,1.5449,18.538
0.5,maas_lenient,Reactive+T2,ca_mau,severe,0,240.0,2024,22.2222,240.0,16,0,0,1321,0.6116,120.0,215.0,1.7917,21.5
0.5,maas_lenient,Reactive+T2,ca_mau,severe,1,240.0,2024,24.1204,240.0,12,0,0,1321,0.6116,120.0,220.86,1.8405,22.086
0.5,maas_lenient,Reactive+T2,ca_mau,severe,2,240.0,2024,32.2685,240.0,8,0,0,1321,0.6116,60.0,92.69,1.5449,18.538
0.5,maas_lenient,Reactive+T2,ca_mau,severe,3,240.0,2024,25.6944,240.0,31,0,0,1321,0.6116,180.0,168.36,0.9353,11.224
0.5,maas_lenient,Reactive+T2,ca_mau,severe,4,240.0,2024,24.1204,240.0,13,0,0,1321,0.6116,120.0,184.09,1.5341,18.409
0.5,maas_lenient,FixedSchedule,can_tho,mild,0,240.0,2024,41.25,240.0,4,0,0,1321,0.6116,120.0,197.4,1.645,19.74
0.5,maas_lenient,FixedSchedule,can_tho,mild,1,240.0,2024,47.6389,240.0,4,0,0,1321,0.6116,60.0,99.0,1.65,19.8
0.5,maas_lenient,FixedSchedule,can_tho,mild,2,240.0,2024,52.4537,240.0,4,0,0,1321,0.6116,120.0,130.72,1.0893,13.072
0.5,maas_lenient,FixedSchedule,can_tho,mild,3,240.0,2024,52.4537,240.0,4,0,0,1321,0.6116,120.0,130.72,1.0893,13.072
0.5,maas_lenient,FixedSchedule,can_tho,mild,4,240.0,2024,47.6389,240.0,6,0,0,1321,0.6116,180.0,214.69,1.1927,14.313
0.5,maas_lenient,FixedSchedule,can_tho,severe,0,240.0,2024,41.25,240.0,10,0,0,1321,0.6116,60.0,89.24,1.4874,17.849
0.5,maas_lenient,FixedSchedule,can_tho,severe,1,240.0,2024,46.8981,240.0,15,0,0,1321,0.6116,120.0,146.29,1.2191,14.629
0.5,maas_lenient,FixedSchedule,can_tho,severe,2,240.0,2024,52.1759,240.0,20,0,0,1321,0.6116,180.0,196.29,1.0905,13.086
0.5,maas_lenient,FixedSchedule,can_tho,severe,3,240.0,2024,52.4537,240.0,14,0,0,1321,0.6116,0.0,0.0,0.0,0.0
0.5,maas_lenient,FixedSchedule,can_tho,severe,4,240.0,2024,47.5926,240.0,15,0,0,1321,0.6116,60.0,69.67,1.1611,13.933
0.5,maas_lenient,FixedSchedule,soc_trang,mild,0,240.0,2024,41.1111,240.0,4,0,0,1321,0.6116,120.0,197.4,1.645,19.74
0.5,maas_lenient,FixedSchedule,soc_trang,mild,1,240.0,2024,47.7778,240.0,4,0,0,1321,0.6116,60.0,99.0,1.65,19.8
0.5,maas_lenient,FixedSchedule,soc_trang,mild,2,240.0,2024,52.5926,240.0,4,0,0,1321,0.6116,120.0,130.72,1.0893,13.072
0.5,maas_lenient,FixedSchedule,soc_trang,mild,3,240.0,2024,52.5926,240.0,4,0,0,1321,0.6116,120.0,130.72,1.0893,13.072
0.5,maas_lenient,FixedSchedule,soc_trang,mild,4,240.0,2024,47.7778,240.0,6,0,0,1321,0.6116,180.0,214.69,1.1927,14.313
0.5,maas_lenient,FixedSchedule,soc_trang,severe,0,240.0,2024,41.1111,240.0,10,0,0,1321,0.6116,60.0,89.24,1.4874,17.849
0.5,maas_lenient,FixedSchedule,soc_trang,severe,1,240.0,2024,46.8981,240.0,15,0,0,1321,0.6116,120.0,146.29,1.2191,14.629
0.5,maas_lenient,FixedSchedule,soc_trang,severe,2,240.0,2024,52.2222,240.0,20,0,0,1321,0.6116,180.0,196.29,1.0905,13.086
0.5,maas_lenient,FixedSchedule,soc_trang,severe,3,240.0,2024,52.5,240.0,14,0,0,1321,0.6116,0.0,0.0,0.0,0.0
0.5,maas_lenient,FixedSchedule,soc_trang,severe,4,240.0,2024,47.7315,240.0,15,0,0,1321,0.6116,60.0,69.67,1.1611,13.933
0.5,maas_lenient,FixedSchedule,ca_mau,mild,0,240.0,2024,39.9537,240.0,4,0,0,1321,0.6116,120.0,197.4,1.645,19.74
0.5,maas_lenient,FixedSchedule,ca_mau,mild,1,240.0,2024,46.1574,240.0,4,0,0,1321,0.6116,60.0,99.0,1.65,19.8
0.5,maas_lenient,FixedSchedule,ca_mau,mild,2,240.0,2024,52.2222,240.0,4,0,0,1321,0.6116,120.0,130.72,1.0893,13.072
0.5,maas_lenient,FixedSchedule,ca_mau,mild,3,240.0,2024,52.2222,240.0,4,0,0,1321,0.6116,120.0,130.72,1.0893,13.072
0.5,maas_lenient,FixedSchedule,ca_mau,mild,4,240.0,2024,46.1574,240.0,6,0,0,1321,0.6116,180.0,214.69,1.1927,14.313
0.5,maas_lenient,FixedSchedule,ca_mau,severe,0,240.0,2024,39.9537,240.0,10,0,0,1321,0.6116,60.0,89.24,1.4874,17.849
0.5,maas_lenient,FixedSchedule,ca_mau,severe,1,240.0,2024,45.463,240.0,15,0,0,1321,0.6116,120.0,146.29,1.2191,14.629
0.5,maas_lenient,FixedSchedule,ca_mau,severe,2,240.0,2024,51.25,240.0,20,0,0,1321,0.6116,180.0,196.29,1.0905,13.086
0.5,maas_lenient,FixedSchedule,ca_mau,severe,3,240.0,2024,52.2222,240.0,14,0,0,1321,0.6116,0.0,0.0,0.0,0.0
0.5,maas_lenient,FixedSchedule,ca_mau,severe,4,240.0,2024,46.1111,240.0,15,0,0,1321,0.6116,60.0,69.67,1.1611,13.933
1.0,grattan_strict,TwinGate+T2,can_tho,mild,0,240.0,2024,54.1204,60.0,3,88,61,116,0.0537,0.0,0.0,0.0,0.0
1.0,grattan_strict,TwinGate+T2,can_tho,mild,1,240.0,2024,54.0741,60.0,2,88,61,116,0.0537,0.0,0.0,0.0,0.0
1.0,grattan_strict,TwinGate+T2,can_tho,mild,2,240.0,2024,54.0741,80.0,3,88,61,116,0.0537,0.0,0.0,0.0,0.0
1.0,grattan_strict,TwinGate+T2,can_tho,mild,3,240.0,2024,54.0741,80.0,3,88,61,116,0.0537,0.0,0.0,0.0,0.0
1.0,grattan_strict,TwinGate+T2,can_tho,mild,4,240.0,2024,54.0741,80.0,2,89,61,116,0.0537,0.0,0.0,0.0,0.0
1.0,grattan_strict,TwinGate+T2,can_tho,severe,0,240.0,2024,54.1204,60.0,3,88,61,116,0.0537,0.0,0.0,0.0,0.0
1.0,grattan_strict,TwinGate+T2,can_tho,severe,1,240.0,2024,55.2778,40.0,4,88,61,116,0.0537,0.0,0.0,0.0,0.0
1.0,grattan_strict,TwinGate+T2,can_tho,severe,2,240.0,2024,56.4352,40.0,6,87,61,116,0.0537,0.0,0.0,0.0,0.0
1.0,grattan_strict,TwinGate+T2,can_tho,severe,3,240.0,2024,54.0741,40.0,3,88,61,116,0.0537,0.0,0.0,0.0,0.0
1.0,grattan_strict,TwinGate+T2,can_tho,severe,4,240.0,2024,54.0741,80.0,2,89,61,116,0.0537,0.0,0.0,0.0,0.0
1.0,grattan_strict,TwinGate+T2,soc_trang,mild,0,240.0,2024,54.0278,60.0,3,88,61,116,0.0537,0.0,0.0,0.0,0.0
1.0,grattan_strict,TwinGate+T2,soc_trang,mild,1,240.0,2024,53.9815,60.0,2,88,61,116,0.0537,0.0,0.0,0.0,0.0
1.0,grattan_strict,TwinGate+T2,soc_trang,mild,2,240.0,2024,53.9815,80.0,3,88,61,116,0.0537,0.0,0.0,0.0,0.0
1.0,grattan_strict,TwinGate+T2,soc_trang,mild,3,240.0,2024,53.9815,80.0,3,88,61,116,0.0537,0.0,0.0,0.0,0.0
1.0,grattan_strict,TwinGate+T2,soc_trang,mild,4,240.0,2024,53.9815,80.0,2,89,61,116,0.0537,0.0,0.0,0.0,0.0
1.0,grattan_strict,TwinGate+T2,soc_trang,severe,0,240.0,2024,54.0278,60.0,3,88,61,116,0.0537,0.0,0.0,0.0,0.0
1.0,grattan_strict,TwinGate+T2,soc_trang,severe,1,240.0,2024,55.1852,40.0,4,88,61,116,0.0537,0.0,0.0,0.0,0.0
1.0,grattan_strict,TwinGate+T2,soc_trang,severe,2,240.0,2024,56.3426,40.0,6,87,61,116,0.0537,0.0,0.0,0.0,0.0
1.0,grattan_strict,TwinGate+T2,soc_trang,severe,3,240.0,2024,53.9815,40.0,3,88,61,116,0.0537,0.0,0.0,0.0,0.0
1.0,grattan_strict,TwinGate+T2,soc_trang,severe,4,240.0,2024,53.9815,80.0,2,89,61,116,0.0537,0.0,0.0,0.0,0.0
1.0,grattan_strict,TwinGate+T2,ca_mau,mild,0,240.0,2024,52.1296,40.0,2,89,61,116,0.0537,0.0,0.0,0.0,0.0
1.0,grattan_strict,TwinGate+T2,ca_mau,mild,1,240.0,2024,52.0833,40.0,1,89,61,116,0.0537,0.0,0.0,0.0,0.0
1.0,grattan_strict,TwinGate+T2,ca_mau,mild,2,240.0,2024,52.0833,40.0,1,89,61,116,0.0537,0.0,0.0,0.0,0.0
1.0,grattan_strict,TwinGate+T2,ca_mau,mild,3,240.0,2024,52.0833,40.0,1,89,61,116,0.0537,0.0,0.0,0.0,0.0
1.0,grattan_strict,TwinGate+T2,ca_mau,mild,4,240.0,2024,52.0833,80.0,2,89,61,116,0.0537,0.0,0.0,0.0,0.0
1.0,grattan_strict,TwinGate+T2,ca_mau,severe,0,240.0,2024,52.1296,40.0,2,89,61,116,0.0537,0.0,0.0,0.0,0.0
1.0,grattan_strict,TwinGate+T2,ca_mau,severe,1,240.0,2024,53.287,40.0,4,88,61,116,0.0537,0.0,0.0,0.0,0.0
1.0,grattan_strict,TwinGate+T2,ca_mau,severe,2,240.0,2024,54.4444,40.0,6,87,61,116,0.0537,0.0,0.0,0.0,0.0
1.0,grattan_strict,TwinGate+T2,ca_mau,severe,3,240.0,2024,52.0833,40.0,1,89,61,116,0.0537,0.0,0.0,0.0,0.0
1.0,grattan_strict,TwinGate+T2,ca_mau,severe,4,240.0,2024,52.0833,80.0,2,89,61,116,0.0537,0.0,0.0,0.0,0.0
1.0,grattan_strict,Oracle,can_tho,mild,0,240.0,2024,54.1204,80.0,3,61,61,116,0.0537,0.0,0.0,0.0,0.0
1.0,grattan_strict,Oracle,can_tho,mild,1,240.0,2024,54.0741,80.0,2,61,61,116,0.0537,0.0,0.0,0.0,0.0
1.0,grattan_strict,Oracle,can_tho,mild,2,240.0,2024,54.0741,80.0,2,61,61,116,0.0537,0.0,0.0,0.0,0.0
1.0,grattan_strict,Oracle,can_tho,mild,3,240.0,2024,54.0741,80.0,2,61,61,116,0.0537,0.0,0.0,0.0,0.0
1.0,grattan_strict,Oracle,can_tho,mild,4,240.0,2024,54.0741,80.0,2,61,61,116,0.0537,0.0,0.0,0.0,0.0
1.0,grattan_strict,Oracle,can_tho,severe,0,240.0,2024,54.1204,80.0,3,61,61,116,0.0537,0.0,0.0,0.0,0.0
1.0,grattan_strict,Oracle,can_tho,severe,1,240.0,2024,54.7222,60.0,4,61,61,116,0.0537,0.0,0.0,0.0,0.0
1.0,grattan_strict,Oracle,can_tho,severe,2,240.0,2024,56.4352,60.0,10,62,62,116,0.0537,0.0,0.0,0.0,0.0
1.0,grattan_strict,Oracle,can_tho,severe,3,240.0,2024,54.0741,80.0,5,61,61,116,0.0537,0.0,0.0,0.0,0.0
1.0,grattan_strict,Oracle,can_tho,severe,4,240.0,2024,54.0741,80.0,2,61,61,116,0.0537,0.0,0.0,0.0,0.0
1.0,grattan_strict,Oracle,soc_trang,mild,0,240.0,2024,54.0278,80.0,3,61,61,116,0.0537,0.0,0.0,0.0,0.0
1.0,grattan_strict,Oracle,soc_trang,mild,1,240.0,2024,53.9815,80.0,2,61,61,116,0.0537,0.0,0.0,0.0,0.0
1.0,grattan_strict,Oracle,soc_trang,mild,2,240.0,2024,53.9815,80.0,2,61,61,116,0.0537,0.0,0.0,0.0,0.0
1.0,grattan_strict,Oracle,soc_trang,mild,3,240.0,2024,53.9815,80.0,2,61,61,116,0.0537,0.0,0.0,0.0,0.0
1.0,grattan_strict,Oracle,soc_trang,mild,4,240.0,2024,53.9815,80.0,2,61,61,116,0.0537,0.0,0.0,0.0,0.0
1.0,grattan_strict,Oracle,soc_trang,severe,0,240.0,2024,54.0278,80.0,3,61,61,116,0.0537,0.0,0.0,0.0,0.0
1.0,grattan_strict,Oracle,soc_trang,severe,1,240.0,2024,54.6296,60.0,4,61,61,116,0.0537,0.0,0.0,0.0,0.0
1.0,grattan_strict,Oracle,soc_trang,severe,2,240.0,2024,56.3426,60.0,10,62,62,116,0.0537,0.0,0.0,0.0,0.0
1.0,grattan_strict,Oracle,soc_trang,severe,3,240.0,2024,53.9815,80.0,5,61,61,116,0.0537,0.0,0.0,0.0,0.0
1.0,grattan_strict,Oracle,soc_trang,severe,4,240.0,2024,53.9815,80.0,2,61,61,116,0.0537,0.0,0.0,0.0,0.0
1.0,grattan_strict,Oracle,ca_mau,mild,0,240.0,2024,52.1296,80.0,3,61,61,116,0.0537,0.0,0.0,0.0,0.0
1.0,grattan_strict,Oracle,ca_mau,mild,1,240.0,2024,52.0833,80.0,2,61,61,116,0.0537,0.0,0.0,0.0,0.0
1.0,grattan_strict,Oracle,ca_mau,mild,2,240.0,2024,52.0833,80.0,2,61,61,116,0.0537,0.0,0.0,0.0,0.0
1.0,grattan_strict,Oracle,ca_mau,mild,3,240.0,2024,52.0833,80.0,2,61,61,116,0.0537,0.0,0.0,0.0,0.0
1.0,grattan_strict,Oracle,ca_mau,mild,4,240.0,2024,52.0833,80.0,2,61,61,116,0.0537,0.0,0.0,0.0,0.0
1.0,grattan_strict,Oracle,ca_mau,severe,0,240.0,2024,52.1296,80.0,5,61,61,116,0.0537,0.0,0.0,0.0,0.0
1.0,grattan_strict,Oracle,ca_mau,severe,1,240.0,2024,52.7315,60.0,4,61,61,116,0.0537,0.0,0.0,0.0,0.0
1.0,grattan_strict,Oracle,ca_mau,severe,2,240.0,2024,54.4444,60.0,10,62,62,116,0.0537,0.0,0.0,0.0,0.0
1.0,grattan_strict,Oracle,ca_mau,severe,3,240.0,2024,52.0833,80.0,4,61,61,116,0.0537,0.0,0.0,0.0,0.0
1.0,grattan_strict,Oracle,ca_mau,severe,4,240.0,2024,52.0833,80.0,2,61,61,116,0.0537,0.0,0.0,0.0,0.0
1.0,grattan_strict,Reactive+T2,can_tho,mild,0,240.0,2024,27.7778,240.0,4,0,0,116,0.0537,240.0,889.83,3.7076,44.491
1.0,grattan_strict,Reactive+T2,can_tho,mild,1,240.0,2024,27.7778,240.0,5,0,0,116,0.0537,240.0,889.83,3.7076,44.491
1.0,grattan_strict,Reactive+T2,can_tho,mild,2,240.0,2024,34.6759,240.0,4,0,0,116,0.0537,240.0,850.11,3.5421,42.506
1.0,grattan_strict,Reactive+T2,can_tho,mild,3,240.0,2024,34.6759,240.0,4,0,0,116,0.0537,240.0,850.11,3.5421,42.506
1.0,grattan_strict,Reactive+T2,can_tho,mild,4,240.0,2024,34.6759,240.0,4,0,0,116,0.0537,240.0,587.74,2.4489,29.387
1.0,grattan_strict,Reactive+T2,can_tho,severe,0,240.0,2024,27.7778,240.0,8,0,0,116,0.0537,240.0,941.81,3.9242,47.09
1.0,grattan_strict,Reactive+T2,can_tho,severe,1,240.0,2024,33.6111,240.0,15,0,0,116,0.0537,240.0,660.02,2.7501,33.001
1.0,grattan_strict,Reactive+T2,can_tho,severe,2,240.0,2024,27.7778,240.0,12,0,0,116,0.0537,240.0,1051.65,4.3819,52.582
1.0,grattan_strict,Reactive+T2,can_tho,severe,3,240.0,2024,28.1944,240.0,33,0,0,116,0.0537,240.0,921.68,3.8403,46.084
1.0,grattan_strict,Reactive+T2,can_tho,severe,4,240.0,2024,26.7593,240.0,19,0,0,116,0.0537,240.0,1003.97,4.1832,50.198
1.0,grattan_strict,Reactive+T2,soc_trang,mild,0,240.0,2024,25.6019,240.0,6,0,0,116,0.0537,240.0,1016.86,4.2369,50.843
1.0,grattan_strict,Reactive+T2,soc_trang,mild,1,240.0,2024,32.4537,240.0,6,0,0,116,0.0537,240.0,544.25,2.2677,27.212
1.0,grattan_strict,Reactive+T2,soc_trang,mild,2,240.0,2024,33.6111,240.0,5,0,0,116,0.0537,240.0,1005.45,4.1894,50.273
1.0,grattan_strict,Reactive+T2,soc_trang,mild,3,240.0,2024,33.6111,240.0,4,0,0,116,0.0537,240.0,924.33,3.8514,46.216
1.0,grattan_strict,Reactive+T2,soc_trang,mild,4,240.0,2024,33.6111,240.0,4,0,0,116,0.0537,240.0,574.32,2.393,28.716
1.0,grattan_strict,Reactive+T2,soc_trang,severe,0,240.0,2024,23.5185,240.0,16,0,0,116,0.0537,240.0,985.77,4.1074,49.289
1.0,grattan_strict,Reactive+T2,soc_trang,severe,1,240.0,2024,25.6019,240.0,12,0,0,116,0.0537,240.0,1229.3,5.1221,61.465
1.0,grattan_strict,Reactive+T2,soc_trang,severe,2,240.0,2024,33.6111,240.0,8,0,0,116,0.0537,240.0,827.68,3.4487,41.384
1.0,grattan_strict,Reactive+T2,soc_trang,severe,3,240.0,2024,28.3333,240.0,33,0,0,116,0.0537,240.0,921.68,3.8403,46.084
1.0,grattan_strict,Reactive+T2,soc_trang,severe,4,240.0,2024,25.6019,240.0,13,0,0,116,0.0537,240.0,1053.02,4.3876,52.651
1.0,grattan_strict,Reactive+T2,ca_mau,mild,0,240.0,2024,24.1204,240.0,6,0,0,116,0.0537,240.0,1016.86,4.2369,50.843
1.0,grattan_strict,Reactive+T2,ca_mau,mild,1,240.0,2024,31.3889,240.0,6,0,0,116,0.0537,240.0,544.25,2.2677,27.212
1.0,grattan_strict,Reactive+T2,ca_mau,mild,2,240.0,2024,32.2685,240.0,5,0,0,116,0.0537,240.0,1005.45,4.1894,50.273
1.0,grattan_strict,Reactive+T2,ca_mau,mild,3,240.0,2024,32.2685,240.0,4,0,0,116,0.0537,240.0,924.33,3.8514,46.216
1.0,grattan_strict,Reactive+T2,ca_mau,mild,4,240.0,2024,32.2685,240.0,4,0,0,116,0.0537,240.0,574.32,2.393,28.716
1.0,grattan_strict,Reactive+T2,ca_mau,severe,0,240.0,2024,22.2222,240.0,16,0,0,116,0.0537,240.0,985.77,4.1074,49.289
1.0,grattan_strict,Reactive+T2,ca_mau,severe,1,240.0,2024,24.1204,240.0,12,0,0,116,0.0537,240.0,1229.3,5.1221,61.465
1.0,grattan_strict,Reactive+T2,ca_mau,severe,2,240.0,2024,32.2685,240.0,8,0,0,116,0.0537,240.0,827.68,3.4487,41.384
1.0,grattan_strict,Reactive+T2,ca_mau,severe,3,240.0,2024,25.6944,240.0,31,0,0,116,0.0537,240.0,1300.19,5.4175,65.01
1.0,grattan_strict,Reactive+T2,ca_mau,severe,4,240.0,2024,24.1204,240.0,13,0,0,116,0.0537,240.0,1053.02,4.3876,52.651
1.0,grattan_strict,FixedSchedule,can_tho,mild,0,240.0,2024,41.25,240.0,4,0,0,116,0.0537,240.0,1230.05,5.1252,61.502
1.0,grattan_strict,FixedSchedule,can_tho,mild,1,240.0,2024,47.6389,240.0,4,0,0,116,0.0537,240.0,794.24,3.3093,39.712
1.0,grattan_strict,FixedSchedule,can_tho,mild,2,240.0,2024,52.4537,240.0,4,0,0,116,0.0537,240.0,1190.35,4.9598,59.517
1.0,grattan_strict,FixedSchedule,can_tho,mild,3,240.0,2024,52.4537,240.0,4,0,0,116,0.0537,240.0,1190.35,4.9598,59.517
1.0,grattan_strict,FixedSchedule,can_tho,mild,4,240.0,2024,47.6389,240.0,6,0,0,116,0.0537,240.0,1433.47,5.9728,71.674
1.0,grattan_strict,FixedSchedule,can_tho,severe,0,240.0,2024,41.25,240.0,10,0,0,116,0.0537,240.0,775.33,3.2305,38.766
1.0,grattan_strict,FixedSchedule,can_tho,severe,1,240.0,2024,46.8981,240.0,15,0,0,116,0.0537,240.0,1311.23,5.4635,65.562
1.0,grattan_strict,FixedSchedule,can_tho,severe,2,240.0,2024,52.1759,240.0,20,0,0,116,0.0537,240.0,1321.58,5.5066,66.079
1.0,grattan_strict,FixedSchedule,can_tho,severe,3,240.0,2024,52.4537,240.0,14,0,0,116,0.0537,240.0,676.68,2.8195,33.834
1.0,grattan_strict,FixedSchedule,can_tho,severe,4,240.0,2024,47.5926,240.0,15,0,0,116,0.0537,240.0,854.84,3.5618,42.742
1.0,grattan_strict,FixedSchedule,soc_trang,mild,0,240.0,2024,41.1111,240.0,4,0,0,116,0.0537,240.0,1230.05,5.1252,61.502
1.0,grattan_strict,FixedSchedule,soc_trang,mild,1,240.0,2024,47.7778,240.0,4,0,0,116,0.0537,240.0,794.24,3.3093,39.712
1.0,grattan_strict,FixedSchedule,soc_trang,mild,2,240.0,2024,52.5926,240.0,4,0,0,116,0.0537,240.0,1190.35,4.9598,59.517
1.0,grattan_strict,FixedSchedule,soc_trang,mild,3,240.0,2024,52.5926,240.0,4,0,0,116,0.0537,240.0,1190.35,4.9598,59.517
1.0,grattan_strict,FixedSchedule,soc_trang,mild,4,240.0,2024,47.7778,240.0,6,0,0,116,0.0537,240.0,1433.47,5.9728,71.674
1.0,grattan_strict,FixedSchedule,soc_trang,severe,0,240.0,2024,41.1111,240.0,10,0,0,116,0.0537,240.0,775.33,3.2305,38.766
1.0,grattan_strict,FixedSchedule,soc_trang,severe,1,240.0,2024,46.8981,240.0,15,0,0,116,0.0537,240.0,1311.23,5.4635,65.562
1.0,grattan_strict,FixedSchedule,soc_trang,severe,2,240.0,2024,52.2222,240.0,20,0,0,116,0.0537,240.0,1321.58,5.5066,66.079
1.0,grattan_strict,FixedSchedule,soc_trang,severe,3,240.0,2024,52.5,240.0,14,0,0,116,0.0537,240.0,676.68,2.8195,33.834
1.0,grattan_strict,FixedSchedule,soc_trang,severe,4,240.0,2024,47.7315,240.0,15,0,0,116,0.0537,240.0,854.84,3.5618,42.742
1.0,grattan_strict,FixedSchedule,ca_mau,mild,0,240.0,2024,39.9537,240.0,4,0,0,116,0.0537,240.0,1230.05,5.1252,61.502
1.0,grattan_strict,FixedSchedule,ca_mau,mild,1,240.0,2024,46.1574,240.0,4,0,0,116,0.0537,240.0,794.24,3.3093,39.712
1.0,grattan_strict,FixedSchedule,ca_mau,mild,2,240.0,2024,52.2222,240.0,4,0,0,116,0.0537,240.0,1190.35,4.9598,59.517
1.0,grattan_strict,FixedSchedule,ca_mau,mild,3,240.0,2024,52.2222,240.0,4,0,0,116,0.0537,240.0,1190.35,4.9598,59.517
1.0,grattan_strict,FixedSchedule,ca_mau,mild,4,240.0,2024,46.1574,240.0,6,0,0,116,0.0537,240.0,1433.47,5.9728,71.674
1.0,grattan_strict,FixedSchedule,ca_mau,severe,0,240.0,2024,39.9537,240.0,10,0,0,116,0.0537,240.0,775.33,3.2305,38.766
1.0,grattan_strict,FixedSchedule,ca_mau,severe,1,240.0,2024,45.463,240.0,15,0,0,116,0.0537,240.0,1311.23,5.4635,65.562
1.0,grattan_strict,FixedSchedule,ca_mau,severe,2,240.0,2024,51.25,240.0,20,0,0,116,0.0537,240.0,1321.58,5.5066,66.079
1.0,grattan_strict,FixedSchedule,ca_mau,severe,3,240.0,2024,52.2222,240.0,14,0,0,116,0.0537,240.0,676.68,2.8195,33.834
1.0,grattan_strict,FixedSchedule,ca_mau,severe,4,240.0,2024,46.1111,240.0,15,0,0,116,0.0537,240.0,854.84,3.5618,42.742
1.0,central,TwinGate+T2,can_tho,mild,0,240.0,2024,24.3519,220.0,9,82,29,420,0.1944,0.0,0.0,0.0,0.0
1.0,central,TwinGate+T2,can_tho,mild,1,240.0,2024,24.9074,200.0,9,82,29,420,0.1944,0.0,0.0,0.0,0.0
1.0,central,TwinGate+T2,can_tho,mild,2,240.0,2024,21.8981,220.0,12,83,29,420,0.1944,0.0,0.0,0.0,0.0
1.0,central,TwinGate+T2,can_tho,mild,3,240.0,2024,25.1852,200.0,10,83,29,420,0.1944,0.0,0.0,0.0,0.0
1.0,central,TwinGate+T2,can_tho,mild,4,240.0,2024,21.8056,220.0,10,82,29,420,0.1944,0.0,0.0,0.0,0.0
1.0,central,TwinGate+T2,can_tho,severe,0,240.0,2024,28.6111,200.0,23,78,29,420,0.1944,0.0,0.0,0.0,0.0
1.0,central,TwinGate+T2,can_tho,severe,1,240.0,2024,37.4074,140.0,18,81,29,420,0.1944,0.0,0.0,0.0,0.0
1.0,central,TwinGate+T2,can_tho,severe,2,240.0,2024,23.1019,240.0,24,81,29,420,0.1944,0.0,0.0,0.0,0.0
1.0,central,TwinGate+T2,can_tho,severe,3,240.0,2024,23.9815,220.0,24,80,29,420,0.1944,0.0,0.0,0.0,0.0
1.0,central,TwinGate+T2,can_tho,severe,4,240.0,2024,27.7315,200.0,18,81,29,420,0.1944,0.0,0.0,0.0,0.0
1.0,central,TwinGate+T2,soc_trang,mild,0,240.0,2024,26.4352,200.0,9,82,29,420,0.1944,0.0,0.0,0.0,0.0
1.0,central,TwinGate+T2,soc_trang,mild,1,240.0,2024,23.0093,200.0,11,82,29,420,0.1944,0.0,0.0,0.0,0.0
1.0,central,TwinGate+T2,soc_trang,mild,2,240.0,2024,20.7407,220.0,12,83,29,420,0.1944,0.0,0.0,0.0,0.0
1.0,central,TwinGate+T2,soc_trang,mild,3,240.0,2024,23.9352,200.0,12,82,29,420,0.1944,0.0,0.0,0.0,0.0
1.0,central,TwinGate+T2,soc_trang,mild,4,240.0,2024,20.5556,220.0,10,82,29,420,0.1944,0.0,0.0,0.0,0.0
1.0,central,TwinGate+T2,soc_trang,severe,0,240.0,2024,26.6204,160.0,20,79,29,420,0.1944,0.0,0.0,0.0,0.0
1.0,central,TwinGate+T2,soc_trang,severe,1,240.0,2024,24.3056,180.0,26,78,29,420,0.1944,0.0,0.0,0.0,0.0
1.0,central,TwinGate+T2,soc_trang,severe,2,240.0,2024,22.963,240.0,21,82,29,420,0.1944,0.0,0.0,0.0,0.0
1.0,central,TwinGate+T2,soc_trang,severe,3,240.0,2024,29.213,160.0,35,77,29,420,0.1944,0.0,0.0,0.0,0.0
1.0,central,TwinGate+T2,soc_trang,severe,4,240.0,2024,26.5741,200.0,16,82,29,420,0.1944,0.0,0.0,0.0,0.0
1.0,central,TwinGate+T2,ca_mau,mild,0,240.0,2024,23.9352,200.0,15,79,29,420,0.1944,0.0,0.0,0.0,0.0
1.0,central,TwinGate+T2,ca_mau,mild,1,240.0,2024,25.1389,180.0,10,83,29,420,0.1944,0.0,0.0,0.0,0.0
1.0,central,TwinGate+T2,ca_mau,mild,2,240.0,2024,25.2778,200.0,11,84,29,420,0.1944,0.0,0.0,0.0,0.0
1.0,central,TwinGate+T2,ca_mau,mild,3,240.0,2024,25.3704,180.0,10,83,29,420,0.1944,0.0,0.0,0.0,0.0
1.0,central,TwinGate+T2,ca_mau,mild,4,240.0,2024,25.0926,200.0,9,83,29,420,0.1944,0.0,0.0,0.0,0.0
1.0,central,TwinGate+T2,ca_mau,severe,0,240.0,2024,27.5926,140.0,25,78,29,420,0.1944,0.0,0.0,0.0,0.0
1.0,central,TwinGate+T2,ca_mau,severe,1,240.0,2024,26.4352,160.0,28,78,29,420,0.1944,0.0,0.0,0.0,0.0
1.0,central,TwinGate+T2,ca_mau,severe,2,240.0,2024,26.4352,160.0,28,80,29,420,0.1944,0.0,0.0,0.0,0.0
1.0,central,TwinGate+T2,ca_mau,severe,3,240.0,2024,26.2963,160.0,32,78,29,420,0.1944,0.0,0.0,0.0,0.0
1.0,central,TwinGate+T2,ca_mau,severe,4,240.0,2024,32.0833,140.0,13,84,29,420,0.1944,0.0,0.0,0.0,0.0
1.0,central,Oracle,can_tho,mild,0,240.0,2024,28.4259,160.0,6,29,29,420,0.1944,0.0,0.0,0.0,0.0
1.0,central,Oracle,can_tho,mild,1,240.0,2024,28.4259,160.0,7,29,29,420,0.1944,0.0,0.0,0.0,0.0
1.0,central,Oracle,can_tho,mild,2,240.0,2024,28.4259,160.0,6,29,29,420,0.1944,0.0,0.0,0.0,0.0
1.0,central,Oracle,can_tho,mild,3,240.0,2024,28.4259,160.0,8,29,29,420,0.1944,0.0,0.0,0.0,0.0
1.0,central,Oracle,can_tho,mild,4,240.0,2024,28.4259,160.0,7,29,29,420,0.1944,0.0,0.0,0.0,0.0
1.0,central,Oracle,can_tho,severe,0,240.0,2024,28.9815,160.0,15,29,29,420,0.1944,0.0,0.0,0.0,0.0
1.0,central,Oracle,can_tho,severe,1,240.0,2024,27.3148,160.0,17,29,29,420,0.1944,0.0,0.0,0.0,0.0
1.0,central,Oracle,can_tho,severe,2,240.0,2024,27.963,160.0,19,29,29,420,0.1944,0.0,0.0,0.0,0.0
1.0,central,Oracle,can_tho,severe,3,240.0,2024,28.0556,160.0,25,29,29,420,0.1944,0.0,0.0,0.0,0.0
1.0,central,Oracle,can_tho,severe,4,240.0,2024,27.1759,160.0,19,29,29,420,0.1944,0.0,0.0,0.0,0.0
1.0,central,Oracle,soc_trang,mild,0,240.0,2024,26.4352,160.0,6,29,29,420,0.1944,0.0,0.0,0.0,0.0
1.0,central,Oracle,soc_trang,mild,1,240.0,2024,26.4352,160.0,6,29,29,420,0.1944,0.0,0.0,0.0,0.0
1.0,central,Oracle,soc_trang,mild,2,240.0,2024,26.4352,160.0,8,29,29,420,0.1944,0.0,0.0,0.0,0.0
1.0,central,Oracle,soc_trang,mild,3,240.0,2024,26.4352,160.0,8,29,29,420,0.1944,0.0,0.0,0.0,0.0
1.0,central,Oracle,soc_trang,mild,4,240.0,2024,26.4352,160.0,7,29,29,420,0.1944,0.0,0.0,0.0,0.0
1.0,central,Oracle,soc_trang,severe,0,240.0,2024,27.0833,160.0,12,29,29,420,0.1944,0.0,0.0,0.0,0.0
1.0,central,Oracle,soc_trang,severe,1,240.0,2024,25.2778,160.0,15,29,29,420,0.1944,0.0,0.0,0.0,0.0
1.0,central,Oracle,soc_trang,severe,2,240.0,2024,27.037,160.0,11,29,29,420,0.1944,0.0,0.0,0.0,0.0
1.0,central,Oracle,soc_trang,severe,3,240.0,2024,27.0833,160.0,25,29,29,420,0.1944,0.0,0.0,0.0,0.0
1.0,central,Oracle,soc_trang,severe,4,240.0,2024,26.8981,160.0,19,29,29,420,0.1944,0.0,0.0,0.0,0.0
1.0,central,Oracle,ca_mau,mild,0,240.0,2024,28.7037,140.0,7,29,29,420,0.1944,0.0,0.0,0.0,0.0
1.0,central,Oracle,ca_mau,mild,1,240.0,2024,29.3981,140.0,6,29,29,420,0.1944,0.0,0.0,0.0,0.0
1.0,central,Oracle,ca_mau,mild,2,240.0,2024,29.3519,140.0,6,29,29,420,0.1944,0.0,0.0,0.0,0.0
1.0,central,Oracle,ca_mau,mild,3,240.0,2024,29.3981,140.0,7,29,29,420,0.1944,0.0,0.0,0.0,0.0
1.0,central,Oracle,ca_mau,mild,4,240.0,2024,29.3981,140.0,6,29,29,420,0.1944,0.0,0.0,0.0,0.0
1.0,central,Oracle,ca_mau,severe,0,240.0,2024,29.3519,120.0,10,29,29,420,0.1944,0.0,0.0,0.0,0.0
1.0,central,Oracle,ca_mau,severe,1,240.0,2024,28.75,140.0,10,29,29,420,0.1944,0.0,0.0,0.0,0.0
1.0,central,Oracle,ca_mau,severe,2,240.0,2024,30.0,140.0,18,29,29,420,0.1944,0.0,0.0,0.0,0.0
1.0,central,Oracle,ca_mau,severe,3,240.0,2024,28.5648,140.0,26,29,29,420,0.1944,0.0,0.0,0.0,0.0
1.0,central,Oracle,ca_mau,severe,4,240.0,2024,28.3796,140.0,26,29,29,420,0.1944,0.0,0.0,0.0,0.0
1.0,central,Reactive+T2,can_tho,mild,0,240.0,2024,27.7778,240.0,4,0,0,420,0.1944,180.0,682.65,3.7925,45.51
1.0,central,Reactive+T2,can_tho,mild,1,240.0,2024,27.7778,240.0,5,0,0,420,0.1944,180.0,682.65,3.7925,45.51
1.0,central,Reactive+T2,can_tho,mild,2,240.0,2024,34.6759,240.0,4,0,0,420,0.1944,180.0,642.94,3.5719,42.863
1.0,central,Reactive+T2,can_tho,mild,3,240.0,2024,34.6759,240.0,4,0,0,420,0.1944,180.0,642.94,3.5719,42.863
1.0,central,Reactive+T2,can_tho,mild,4,240.0,2024,34.6759,240.0,4,0,0,420,0.1944,120.0,388.88,3.2406,38.888
1.0,central,Reactive+T2,can_tho,severe,0,240.0,2024,27.7778,240.0,8,0,0,420,0.1944,180.0,734.63,4.0813,48.975
1.0,central,Reactive+T2,can_tho,severe,1,240.0,2024,33.6111,240.0,15,0,0,420,0.1944,180.0,447.78,2.4877,29.852
1.0,central,Reactive+T2,can_tho,severe,2,240.0,2024,27.7778,240.0,12,0,0,420,0.1944,180.0,795.96,4.422,53.064
1.0,central,Reactive+T2,can_tho,severe,3,240.0,2024,28.1944,240.0,33,0,0,420,0.1944,180.0,682.65,3.7925,45.51
1.0,central,Reactive+T2,can_tho,severe,4,240.0,2024,26.7593,240.0,19,0,0,420,0.1944,240.0,739.97,3.0832,36.998
1.0,central,Reactive+T2,soc_trang,mild,0,240.0,2024,25.6019,240.0,6,0,0,420,0.1944,120.0,852.61,7.1051,85.261
1.0,central,Reactive+T2,soc_trang,mild,1,240.0,2024,32.4537,240.0,6,0,0,420,0.1944,60.0,418.8,6.9801,83.761
1.0,central,Reactive+T2,soc_trang,mild,2,240.0,2024,33.6111,240.0,5,0,0,420,0.1944,180.0,798.28,4.4349,53.218
1.0,central,Reactive+T2,soc_trang,mild,3,240.0,2024,33.6111,240.0,4,0,0,420,0.1944,120.0,749.08,6.2423,74.908
1.0,central,Reactive+T2,soc_trang,mild,4,240.0,2024,33.6111,240.0,4,0,0,420,0.1944,60.0,407.38,6.7897,81.477
1.0,central,Reactive+T2,soc_trang,severe,0,240.0,2024,23.5185,240.0,16,0,0,420,0.1944,120.0,834.0,6.95,83.4
1.0,central,Reactive+T2,soc_trang,severe,1,240.0,2024,25.6019,240.0,12,0,0,420,0.1944,180.0,1028.07,5.7115,68.538
1.0,central,Reactive+T2,soc_trang,severe,2,240.0,2024,33.6111,240.0,8,0,0,420,0.1944,180.0,571.99,3.1777,38.133
1.0,central,Reactive+T2,soc_trang,severe,3,240.0,2024,28.3333,240.0,33,0,0,420,0.1944,180.0,682.65,3.7925,45.51
1.0,central,Reactive+T2,soc_trang,severe,4,240.0,2024,25.6019,240.0,13,0,0,420,0.1944,180.0,859.55,4.7753,57.303
1.0,central,Reactive+T2,ca_mau,mild,0,240.0,2024,24.1204,240.0,6,0,0,420,0.1944,120.0,852.61,7.1051,85.261
1.0,central,Reactive+T2,ca_mau,mild,1,240.0,2024,31.3889,240.0,6,0,0,420,0.1944,60.0,418.8,6.9801,83.761
1.0,central,Reactive+T2,ca_mau,mild,2,240.0,2024,32.2685,240.0,5,0,0,420,0.1944,180.0,798.28,4.4349,53.218
1.0,central,Reactive+T2,ca_mau,mild,3,240.0,2024,32.2685,240.0,4,0,0,420,0.1944,120.0,749.08,6.2423,74.908
1.0,central,Reactive+T2,ca_mau,mild,4,240.0,2024,32.2685,240.0,4,0,0,420,0.1944,60.0,407.38,6.7897,81.477
1.0,central,Reactive+T2,ca_mau,severe,0,240.0,2024,22.2222,240.0,16,0,0,420,0.1944,120.0,834.0,6.95,83.4
1.0,central,Reactive+T2,ca_mau,severe,1,240.0,2024,24.1204,240.0,12,0,0,420,0.1944,180.0,1028.07,5.7115,68.538
1.0,central,Reactive+T2,ca_mau,severe,2,240.0,2024,32.2685,240.0,8,0,0,420,0.1944,180.0,571.99,3.1777,38.133
1.0,central,Reactive+T2,ca_mau,severe,3,240.0,2024,25.6944,240.0,31,0,0,420,0.1944,240.0,1036.19,4.3175,51.81
1.0,central,Reactive+T2,ca_mau,severe,4,240.0,2024,24.1204,240.0,13,0,0,420,0.1944,180.0,859.55,4.7753,57.303
1.0,central,FixedSchedule,can_tho,mild,0,240.0,2024,41.25,240.0,4,0,0,420,0.1944,240.0,966.05,4.0252,48.302
1.0,central,FixedSchedule,can_tho,mild,1,240.0,2024,47.6389,240.0,4,0,0,420,0.1944,180.0,547.24,3.0402,36.483
1.0,central,FixedSchedule,can_tho,mild,2,240.0,2024,52.4537,240.0,4,0,0,420,0.1944,240.0,926.35,3.8598,46.317
1.0,central,FixedSchedule,can_tho,mild,3,240.0,2024,52.4537,240.0,4,0,0,420,0.1944,240.0,926.35,3.8598,46.317
1.0,central,FixedSchedule,can_tho,mild,4,240.0,2024,47.6389,240.0,6,0,0,420,0.1944,240.0,1169.47,4.8728,58.474
1.0,central,FixedSchedule,can_tho,severe,0,240.0,2024,41.25,240.0,10,0,0,420,0.1944,180.0,527.73,2.9318,35.182
1.0,central,FixedSchedule,can_tho,severe,1,240.0,2024,46.8981,240.0,15,0,0,420,0.1944,240.0,1047.23,4.3635,52.362
1.0,central,FixedSchedule,can_tho,severe,2,240.0,2024,52.1759,240.0,20,0,0,420,0.1944,180.0,1058.57,5.8809,70.571
1.0,central,FixedSchedule,can_tho,severe,3,240.0,2024,52.4537,240.0,14,0,0,420,0.1944,180.0,413.67,2.2982,27.578
1.0,central,FixedSchedule,can_tho,severe,4,240.0,2024,47.5926,240.0,15,0,0,420,0.1944,180.0,607.24,3.3736,40.483
1.0,central,FixedSchedule,soc_trang,mild,0,240.0,2024,41.1111,240.0,4,0,0,420,0.1944,240.0,966.05,4.0252,48.302
1.0,central,FixedSchedule,soc_trang,mild,1,240.0,2024,47.7778,240.0,4,0,0,420,0.1944,180.0,547.24,3.0402,36.483
1.0,central,FixedSchedule,soc_trang,mild,2,240.0,2024,52.5926,240.0,4,0,0,420,0.1944,240.0,926.35,3.8598,46.317
1.0,central,FixedSchedule,soc_trang,mild,3,240.0,2024,52.5926,240.0,4,0,0,420,0.1944,240.0,926.35,3.8598,46.317
1.0,central,FixedSchedule,soc_trang,mild,4,240.0,2024,47.7778,240.0,6,0,0,420,0.1944,240.0,1169.47,4.8728,58.474
1.0,central,FixedSchedule,soc_trang,severe,0,240.0,2024,41.1111,240.0,10,0,0,420,0.1944,180.0,527.73,2.9318,35.182
1.0,central,FixedSchedule,soc_trang,severe,1,240.0,2024,46.8981,240.0,15,0,0,420,0.1944,240.0,1047.23,4.3635,52.362
1.0,central,FixedSchedule,soc_trang,severe,2,240.0,2024,52.2222,240.0,20,0,0,420,0.1944,180.0,1058.57,5.8809,70.571
1.0,central,FixedSchedule,soc_trang,severe,3,240.0,2024,52.5,240.0,14,0,0,420,0.1944,180.0,413.67,2.2982,27.578
1.0,central,FixedSchedule,soc_trang,severe,4,240.0,2024,47.7315,240.0,15,0,0,420,0.1944,180.0,607.24,3.3736,40.483
1.0,central,FixedSchedule,ca_mau,mild,0,240.0,2024,39.9537,240.0,4,0,0,420,0.1944,240.0,966.05,4.0252,48.302
1.0,central,FixedSchedule,ca_mau,mild,1,240.0,2024,46.1574,240.0,4,0,0,420,0.1944,180.0,547.24,3.0402,36.483
1.0,central,FixedSchedule,ca_mau,mild,2,240.0,2024,52.2222,240.0,4,0,0,420,0.1944,240.0,926.35,3.8598,46.317
1.0,central,FixedSchedule,ca_mau,mild,3,240.0,2024,52.2222,240.0,4,0,0,420,0.1944,240.0,926.35,3.8598,46.317
1.0,central,FixedSchedule,ca_mau,mild,4,240.0,2024,46.1574,240.0,6,0,0,420,0.1944,240.0,1169.47,4.8728,58.474
1.0,central,FixedSchedule,ca_mau,severe,0,240.0,2024,39.9537,240.0,10,0,0,420,0.1944,180.0,527.73,2.9318,35.182
1.0,central,FixedSchedule,ca_mau,severe,1,240.0,2024,45.463,240.0,15,0,0,420,0.1944,240.0,1047.23,4.3635,52.362
1.0,central,FixedSchedule,ca_mau,severe,2,240.0,2024,51.25,240.0,20,0,0,420,0.1944,180.0,1058.57,5.8809,70.571
1.0,central,FixedSchedule,ca_mau,severe,3,240.0,2024,52.2222,240.0,14,0,0,420,0.1944,180.0,413.67,2.2982,27.578
1.0,central,FixedSchedule,ca_mau,severe,4,240.0,2024,46.1111,240.0,15,0,0,420,0.1944,180.0,607.24,3.3736,40.483
1.0,maas_lenient,TwinGate+T2,can_tho,mild,0,240.0,2024,11.3426,240.0,13,78,0,600,0.2778,0.0,0.0,0.0,0.0
1.0,maas_lenient,TwinGate+T2,can_tho,mild,1,240.0,2024,10.3241,240.0,13,78,0,600,0.2778,0.0,0.0,0.0,0.0
1.0,maas_lenient,TwinGate+T2,can_tho,mild,2,240.0,2024,12.5,240.0,13,82,0,600,0.2778,0.0,0.0,0.0,0.0
1.0,maas_lenient,TwinGate+T2,can_tho,mild,3,240.0,2024,11.8981,240.0,13,80,0,600,0.2778,0.0,0.0,0.0,0.0
1.0,maas_lenient,TwinGate+T2,can_tho,mild,4,240.0,2024,11.3889,240.0,12,80,0,600,0.2778,0.0,0.0,0.0,0.0
1.0,maas_lenient,TwinGate+T2,can_tho,severe,0,240.0,2024,10.2315,240.0,26,75,0,600,0.2778,0.0,0.0,0.0,0.0
1.0,maas_lenient,TwinGate+T2,can_tho,severe,1,240.0,2024,10.1852,240.0,27,75,0,600,0.2778,0.0,0.0,0.0,0.0
1.0,maas_lenient,TwinGate+T2,can_tho,severe,2,240.0,2024,17.8241,240.0,20,81,0,600,0.2778,0.0,0.0,0.0,0.0
1.0,maas_lenient,TwinGate+T2,can_tho,severe,3,240.0,2024,9.6296,240.0,35,75,0,600,0.2778,0.0,0.0,0.0,0.0
1.0,maas_lenient,TwinGate+T2,can_tho,severe,4,240.0,2024,13.5185,240.0,34,74,0,600,0.2778,0.0,0.0,0.0,0.0
1.0,maas_lenient,TwinGate+T2,soc_trang,mild,0,240.0,2024,9.9537,240.0,12,79,0,600,0.2778,0.0,0.0,0.0,0.0
1.0,maas_lenient,TwinGate+T2,soc_trang,mild,1,240.0,2024,10.7407,240.0,14,79,0,600,0.2778,0.0,0.0,0.0,0.0
1.0,maas_lenient,TwinGate+T2,soc_trang,mild,2,240.0,2024,11.1111,240.0,13,81,0,600,0.2778,0.0,0.0,0.0,0.0
1.0,maas_lenient,TwinGate+T2,soc_trang,mild,3,240.0,2024,11.1111,240.0,12,80,0,600,0.2778,0.0,0.0,0.0,0.0
1.0,maas_lenient,TwinGate+T2,soc_trang,mild,4,240.0,2024,10.9722,240.0,12,80,0,600,0.2778,0.0,0.0,0.0,0.0
1.0,maas_lenient,TwinGate+T2,soc_trang,severe,0,240.0,2024,7.9167,240.0,28,75,0,600,0.2778,0.0,0.0,0.0,0.0
1.0,maas_lenient,TwinGate+T2,soc_trang,severe,1,240.0,2024,7.1296,240.0,27,76,0,600,0.2778,0.0,0.0,0.0,0.0
1.0,maas_lenient,TwinGate+T2,soc_trang,severe,2,240.0,2024,18.0556,240.0,17,82,0,600,0.2778,0.0,0.0,0.0,0.0
1.0,maas_lenient,TwinGate+T2,soc_trang,severe,3,240.0,2024,11.1111,240.0,50,70,0,600,0.2778,0.0,0.0,0.0,0.0
1.0,maas_lenient,TwinGate+T2,soc_trang,severe,4,240.0,2024,12.037,240.0,40,72,0,600,0.2778,0.0,0.0,0.0,0.0
1.0,maas_lenient,TwinGate+T2,ca_mau,mild,0,240.0,2024,5.8796,240.0,14,78,0,600,0.2778,0.0,0.0,0.0,0.0
1.0,maas_lenient,TwinGate+T2,ca_mau,mild,1,240.0,2024,7.8241,240.0,13,79,0,600,0.2778,0.0,0.0,0.0,0.0
1.0,maas_lenient,TwinGate+T2,ca_mau,mild,2,240.0,2024,8.0093,240.0,14,81,0,600,0.2778,0.0,0.0,0.0,0.0
1.0,maas_lenient,TwinGate+T2,ca_mau,mild,3,240.0,2024,8.1019,240.0,15,80,0,600,0.2778,0.0,0.0,0.0,0.0
1.0,maas_lenient,TwinGate+T2,ca_mau,mild,4,240.0,2024,5.7407,240.0,15,78,0,600,0.2778,0.0,0.0,0.0,0.0
1.0,maas_lenient,TwinGate+T2,ca_mau,severe,0,240.0,2024,1.3426,240.0,33,73,0,600,0.2778,0.0,0.0,0.0,0.0
1.0,maas_lenient,TwinGate+T2,ca_mau,severe,1,240.0,2024,5.7407,240.0,23,79,0,600,0.2778,0.0,0.0,0.0,0.0
1.0,maas_lenient,TwinGate+T2,ca_mau,severe,2,240.0,2024,13.3796,240.0,28,79,0,600,0.2778,0.0,0.0,0.0,0.0
1.0,maas_lenient,TwinGate+T2,ca_mau,severe,3,240.0,2024,7.1296,240.0,51,68,0,600,0.2778,0.0,0.0,0.0,0.0
1.0,maas_lenient,TwinGate+T2,ca_mau,severe,4,240.0,2024,14.1667,220.0,36,71,0,600,0.2778,0.0,0.0,0.0,0.0
1.0,maas_lenient,Oracle,can_tho,mild,0,240.0,2024,0.0,200.0,12,0,0,600,0.2778,0.0,0.0,0.0,0.0
1.0,maas_lenient,Oracle,can_tho,mild,1,240.0,2024,0.0,200.0,12,0,0,600,0.2778,0.0,0.0,0.0,0.0
1.0,maas_lenient,Oracle,can_tho,mild,2,240.0,2024,0.0,200.0,10,0,0,600,0.2778,0.0,0.0,0.0,0.0
1.0,maas_lenient,Oracle,can_tho,mild,3,240.0,2024,0.2778,200.0,11,0,0,600,0.2778,0.0,0.0,0.0,0.0
1.0,maas_lenient,Oracle,can_tho,mild,4,240.0,2024,0.0,200.0,11,0,0,600,0.2778,0.0,0.0,0.0,0.0
1.0,maas_lenient,Oracle,can_tho,severe,0,240.0,2024,0.0463,200.0,21,0,0,600,0.2778,0.0,0.0,0.0,0.0
1.0,maas_lenient,Oracle,can_tho,severe,1,240.0,2024,1.9444,200.0,29,1,1,600,0.2778,0.0,0.0,0.0,0.0
1.0,maas_lenient,Oracle,can_tho,severe,2,240.0,2024,0.6944,200.0,30,1,1,600,0.2778,0.0,0.0,0.0,0.0
1.0,maas_lenient,Oracle,can_tho,severe,3,240.0,2024,2.1759,200.0,31,1,1,600,0.2778,0.0,0.0,0.0,0.0
1.0,maas_lenient,Oracle,can_tho,severe,4,240.0,2024,1.2963,200.0,34,1,1,600,0.2778,0.0,0.0,0.0,0.0
1.0,maas_lenient,Oracle,soc_trang,mild,0,240.0,2024,0.0,200.0,11,0,0,600,0.2778,0.0,0.0,0.0,0.0
1.0,maas_lenient,Oracle,soc_trang,mild,1,240.0,2024,0.0,200.0,10,0,0,600,0.2778,0.0,0.0,0.0,0.0
1.0,maas_lenient,Oracle,soc_trang,mild,2,240.0,2024,0.0,200.0,12,0,0,600,0.2778,0.0,0.0,0.0,0.0
1.0,maas_lenient,Oracle,soc_trang,mild,3,240.0,2024,0.0,200.0,10,0,0,600,0.2778,0.0,0.0,0.0,0.0
1.0,maas_lenient,Oracle,soc_trang,mild,4,240.0,2024,0.0,200.0,14,0,0,600,0.2778,0.0,0.0,0.0,0.0
1.0,maas_lenient,Oracle,soc_trang,severe,0,240.0,2024,0.9722,200.0,23,1,1,600,0.2778,0.0,0.0,0.0,0.0
1.0,maas_lenient,Oracle,soc_trang,severe,1,240.0,2024,0.0926,200.0,23,0,0,600,0.2778,0.0,0.0,0.0,0.0
1.0,maas_lenient,Oracle,soc_trang,severe,2,240.0,2024,0.0,200.0,18,0,0,600,0.2778,0.0,0.0,0.0,0.0
1.0,maas_lenient,Oracle,soc_trang,severe,3,240.0,2024,1.0185,200.0,38,0,0,600,0.2778,0.0,0.0,0.0,0.0
1.0,maas_lenient,Oracle,soc_trang,severe,4,240.0,2024,1.0185,200.0,33,1,1,600,0.2778,0.0,0.0,0.0,0.0
1.0,maas_lenient,Oracle,ca_mau,mild,0,240.0,2024,0.0,200.0,12,0,0,600,0.2778,0.0,0.0,0.0,0.0
1.0,maas_lenient,Oracle,ca_mau,mild,1,240.0,2024,0.0,200.0,11,0,0,600,0.2778,0.0,0.0,0.0,0.0
1.0,maas_lenient,Oracle,ca_mau,mild,2,240.0,2024,0.0,200.0,11,0,0,600,0.2778,0.0,0.0,0.0,0.0
1.0,maas_lenient,Oracle,ca_mau,mild,3,240.0,2024,0.0,200.0,12,0,0,600,0.2778,0.0,0.0,0.0,0.0
1.0,maas_lenient,Oracle,ca_mau,mild,4,240.0,2024,0.0,200.0,12,0,0,600,0.2778,0.0,0.0,0.0,0.0
1.0,maas_lenient,Oracle,ca_mau,severe,0,240.0,2024,0.9722,200.0,34,2,2,600,0.2778,0.0,0.0,0.0,0.0
1.0,maas_lenient,Oracle,ca_mau,severe,1,240.0,2024,0.0,200.0,19,0,0,600,0.2778,0.0,0.0,0.0,0.0
1.0,maas_lenient,Oracle,ca_mau,severe,2,240.0,2024,0.0,200.0,25,0,0,600,0.2778,0.0,0.0,0.0,0.0
1.0,maas_lenient,Oracle,ca_mau,severe,3,240.0,2024,2.037,200.0,33,1,1,600,0.2778,0.0,0.0,0.0,0.0
1.0,maas_lenient,Oracle,ca_mau,severe,4,240.0,2024,1.1574,200.0,46,1,1,600,0.2778,0.0,0.0,0.0,0.0
1.0,maas_lenient,Reactive+T2,can_tho,mild,0,240.0,2024,27.7778,240.0,4,0,0,600,0.2778,180.0,592.65,3.2925,39.51
1.0,maas_lenient,Reactive+T2,can_tho,mild,1,240.0,2024,27.7778,240.0,5,0,0,600,0.2778,180.0,592.65,3.2925,39.51
1.0,maas_lenient,Reactive+T2,can_tho,mild,2,240.0,2024,34.6759,240.0,4,0,0,600,0.2778,180.0,552.94,3.0719,36.863
1.0,maas_lenient,Reactive+T2,can_tho,mild,3,240.0,2024,34.6759,240.0,4,0,0,600,0.2778,180.0,552.94,3.0719,36.863
1.0,maas_lenient,Reactive+T2,can_tho,mild,4,240.0,2024,34.6759,240.0,4,0,0,600,0.2778,120.0,328.88,2.7406,32.888
1.0,maas_lenient,Reactive+T2,can_tho,severe,0,240.0,2024,27.7778,240.0,8,0,0,600,0.2778,180.0,644.63,3.5813,42.975
1.0,maas_lenient,Reactive+T2,can_tho,severe,1,240.0,2024,33.6111,240.0,15,0,0,600,0.2778,180.0,357.78,1.9877,23.852
1.0,maas_lenient,Reactive+T2,can_tho,severe,2,240.0,2024,27.7778,240.0,12,0,0,600,0.2778,180.0,705.96,3.922,47.064
1.0,maas_lenient,Reactive+T2,can_tho,severe,3,240.0,2024,28.1944,240.0,33,0,0,600,0.2778,180.0,592.65,3.2925,39.51
1.0,maas_lenient,Reactive+T2,can_tho,severe,4,240.0,2024,26.7593,240.0,19,0,0,600,0.2778,240.0,619.97,2.5832,30.998
1.0,maas_lenient,Reactive+T2,soc_trang,mild,0,240.0,2024,25.6019,240.0,6,0,0,600,0.2778,120.0,797.61,6.6468,79.761
1.0,maas_lenient,Reactive+T2,soc_trang,mild,1,240.0,2024,32.4537,240.0,6,0,0,600,0.2778,60.0,388.8,6.4801,77.761
1.0,maas_lenient,Reactive+T2,soc_trang,mild,2,240.0,2024,33.6111,240.0,5,0,0,600,0.2778,180.0,708.28,3.9349,47.218
1.0,maas_lenient,Reactive+T2,soc_trang,mild,3,240.0,2024,33.6111,240.0,4,0,0,600,0.2778,120.0,689.08,5.7423,68.908
1.0,maas_lenient,Reactive+T2,soc_trang,mild,4,240.0,2024,33.6111,240.0,4,0,0,600,0.2778,60.0,377.38,6.2897,75.477
1.0,maas_lenient,Reactive+T2,soc_trang,severe,0,240.0,2024,23.5185,240.0,16,0,0,600,0.2778,120.0,779.0,6.4916,77.9
1.0,maas_lenient,Reactive+T2,soc_trang,severe,1,240.0,2024,25.6019,240.0,12,0,0,600,0.2778,180.0,943.07,5.2393,62.871
1.0,maas_lenient,Reactive+T2,soc_trang,severe,2,240.0,2024,33.6111,240.0,8,0,0,600,0.2778,180.0,481.99,2.6777,32.133
1.0,maas_lenient,Reactive+T2,soc_trang,severe,3,240.0,2024,28.3333,240.0,33,0,0,600,0.2778,180.0,592.65,3.2925,39.51
1.0,maas_lenient,Reactive+T2,soc_trang,severe,4,240.0,2024,25.6019,240.0,13,0,0,600,0.2778,180.0,774.55,4.303,51.637
1.0,maas_lenient,Reactive+T2,ca_mau,mild,0,240.0,2024,24.1204,240.0,6,0,0,600,0.2778,120.0,797.61,6.6468,79.761
1.0,maas_lenient,Reactive+T2,ca_mau,mild,1,240.0,2024,31.3889,240.0,6,0,0,600,0.2778,60.0,388.8,6.4801,77.761
1.0,maas_lenient,Reactive+T2,ca_mau,mild,2,240.0,2024,32.2685,240.0,5,0,0,600,0.2778,180.0,708.28,3.9349,47.218
1.0,maas_lenient,Reactive+T2,ca_mau,mild,3,240.0,2024,32.2685,240.0,4,0,0,600,0.2778,120.0,689.08,5.7423,68.908
1.0,maas_lenient,Reactive+T2,ca_mau,mild,4,240.0,2024,32.2685,240.0,4,0,0,600,0.2778,60.0,377.38,6.2897,75.477
1.0,maas_lenient,Reactive+T2,ca_mau,severe,0,240.0,2024,22.2222,240.0,16,0,0,600,0.2778,120.0,779.0,6.4916,77.9
1.0,maas_lenient,Reactive+T2,ca_mau,severe,1,240.0,2024,24.1204,240.0,12,0,0,600,0.2778,180.0,943.07,5.2393,62.871
1.0,maas_lenient,Reactive+T2,ca_mau,severe,2,240.0,2024,32.2685,240.0,8,0,0,600,0.2778,180.0,481.99,2.6777,32.133
1.0,maas_lenient,Reactive+T2,ca_mau,severe,3,240.0,2024,25.6944,240.0,31,0,0,600,0.2778,240.0,916.19,3.8175,45.81
1.0,maas_lenient,Reactive+T2,ca_mau,severe,4,240.0,2024,24.1204,240.0,13,0,0,600,0.2778,180.0,774.55,4.303,51.637
1.0,maas_lenient,FixedSchedule,can_tho,mild,0,240.0,2024,41.25,240.0,4,0,0,600,0.2778,240.0,846.05,3.5252,42.302
1.0,maas_lenient,FixedSchedule,can_tho,mild,1,240.0,2024,47.6389,240.0,4,0,0,600,0.2778,180.0,457.24,2.5402,30.483
1.0,maas_lenient,FixedSchedule,can_tho,mild,2,240.0,2024,52.4537,240.0,4,0,0,600,0.2778,240.0,806.35,3.3598,40.317
1.0,maas_lenient,FixedSchedule,can_tho,mild,3,240.0,2024,52.4537,240.0,4,0,0,600,0.2778,240.0,806.35,3.3598,40.317
1.0,maas_lenient,FixedSchedule,can_tho,mild,4,240.0,2024,47.6389,240.0,6,0,0,600,0.2778,240.0,1049.47,4.3728,52.474
1.0,maas_lenient,FixedSchedule,can_tho,severe,0,240.0,2024,41.25,240.0,10,0,0,600,0.2778,180.0,437.73,2.4318,29.182
1.0,maas_lenient,FixedSchedule,can_tho,severe,1,240.0,2024,46.8981,240.0,15,0,0,600,0.2778,240.0,927.23,3.8635,46.362
1.0,maas_lenient,FixedSchedule,can_tho,severe,2,240.0,2024,52.1759,240.0,20,0,0,600,0.2778,180.0,968.57,5.3809,64.571
1.0,maas_lenient,FixedSchedule,can_tho,severe,3,240.0,2024,52.4537,240.0,14,0,0,600,0.2778,180.0,323.67,1.7982,21.578
1.0,maas_lenient,FixedSchedule,can_tho,severe,4,240.0,2024,47.5926,240.0,15,0,0,600,0.2778,180.0,517.24,2.8736,34.483
1.0,maas_lenient,FixedSchedule,soc_trang,mild,0,240.0,2024,41.1111,240.0,4,0,0,600,0.2778,240.0,846.05,3.5252,42.302
1.0,maas_lenient,FixedSchedule,soc_trang,mild,1,240.0,2024,47.7778,240.0,4,0,0,600,0.2778,180.0,457.24,2.5402,30.483
1.0,maas_lenient,FixedSchedule,soc_trang,mild,2,240.0,2024,52.5926,240.0,4,0,0,600,0.2778,240.0,806.35,3.3598,40.317
1.0,maas_lenient,FixedSchedule,soc_trang,mild,3,240.0,2024,52.5926,240.0,4,0,0,600,0.2778,240.0,806.35,3.3598,40.317
1.0,maas_lenient,FixedSchedule,soc_trang,mild,4,240.0,2024,47.7778,240.0,6,0,0,600,0.2778,240.0,1049.47,4.3728,52.474
1.0,maas_lenient,FixedSchedule,soc_trang,severe,0,240.0,2024,41.1111,240.0,10,0,0,600,0.2778,180.0,437.73,2.4318,29.182
1.0,maas_lenient,FixedSchedule,soc_trang,severe,1,240.0,2024,46.8981,240.0,15,0,0,600,0.2778,240.0,927.23,3.8635,46.362
1.0,maas_lenient,FixedSchedule,soc_trang,severe,2,240.0,2024,52.2222,240.0,20,0,0,600,0.2778,180.0,968.57,5.3809,64.571
1.0,maas_lenient,FixedSchedule,soc_trang,severe,3,240.0,2024,52.5,240.0,14,0,0,600,0.2778,180.0,323.67,1.7982,21.578
1.0,maas_lenient,FixedSchedule,soc_trang,severe,4,240.0,2024,47.7315,240.0,15,0,0,600,0.2778,180.0,517.24,2.8736,34.483
1.0,maas_lenient,FixedSchedule,ca_mau,mild,0,240.0,2024,39.9537,240.0,4,0,0,600,0.2778,240.0,846.05,3.5252,42.302
1.0,maas_lenient,FixedSchedule,ca_mau,mild,1,240.0,2024,46.1574,240.0,4,0,0,600,0.2778,180.0,457.24,2.5402,30.483
1.0,maas_lenient,FixedSchedule,ca_mau,mild,2,240.0,2024,52.2222,240.0,4,0,0,600,0.2778,240.0,806.35,3.3598,40.317
1.0,maas_lenient,FixedSchedule,ca_mau,mild,3,240.0,2024,52.2222,240.0,4,0,0,600,0.2778,240.0,806.35,3.3598,40.317
1.0,maas_lenient,FixedSchedule,ca_mau,mild,4,240.0,2024,46.1574,240.0,6,0,0,600,0.2778,240.0,1049.47,4.3728,52.474
1.0,maas_lenient,FixedSchedule,ca_mau,severe,0,240.0,2024,39.9537,240.0,10,0,0,600,0.2778,180.0,437.73,2.4318,29.182
1.0,maas_lenient,FixedSchedule,ca_mau,severe,1,240.0,2024,45.463,240.0,15,0,0,600,0.2778,240.0,927.23,3.8635,46.362
1.0,maas_lenient,FixedSchedule,ca_mau,severe,2,240.0,2024,51.25,240.0,20,0,0,600,0.2778,180.0,968.57,5.3809,64.571
1.0,maas_lenient,FixedSchedule,ca_mau,severe,3,240.0,2024,52.2222,240.0,14,0,0,600,0.2778,180.0,323.67,1.7982,21.578
1.0,maas_lenient,FixedSchedule,ca_mau,severe,4,240.0,2024,46.1111,240.0,15,0,0,600,0.2778,180.0,517.24,2.8736,34.483
1.5,grattan_strict,TwinGate+T2,can_tho,mild,0,240.0,2024,57.8241,0.0,0,90,90,0,0.0,0.0,0.0,0.0,0.0
1.5,grattan_strict,TwinGate+T2,can_tho,mild,1,240.0,2024,57.8241,0.0,0,90,90,0,0.0,0.0,0.0,0.0,0.0
1.5,grattan_strict,TwinGate+T2,can_tho,mild,2,240.0,2024,57.8241,0.0,0,90,90,0,0.0,0.0,0.0,0.0,0.0
1.5,grattan_strict,TwinGate+T2,can_tho,mild,3,240.0,2024,57.8241,0.0,0,90,90,0,0.0,0.0,0.0,0.0,0.0
1.5,grattan_strict,TwinGate+T2,can_tho,mild,4,240.0,2024,57.8241,0.0,0,90,90,0,0.0,0.0,0.0,0.0,0.0
1.5,grattan_strict,TwinGate+T2,can_tho,severe,0,240.0,2024,57.8241,0.0,0,90,90,0,0.0,0.0,0.0,0.0,0.0
1.5,grattan_strict,TwinGate+T2,can_tho,severe,1,240.0,2024,57.8241,0.0,0,90,90,0,0.0,0.0,0.0,0.0,0.0
1.5,grattan_strict,TwinGate+T2,can_tho,severe,2,240.0,2024,57.8241,0.0,0,90,90,0,0.0,0.0,0.0,0.0,0.0
1.5,grattan_strict,TwinGate+T2,can_tho,severe,3,240.0,2024,57.8241,0.0,0,90,90,0,0.0,0.0,0.0,0.0,0.0
1.5,grattan_strict,TwinGate+T2,can_tho,severe,4,240.0,2024,57.8241,0.0,0,90,90,0,0.0,0.0,0.0,0.0,0.0
1.5,grattan_strict,TwinGate+T2,soc_trang,mild,0,240.0,2024,58.7963,0.0,0,90,90,0,0.0,0.0,0.0,0.0,0.0
1.5,grattan_strict,TwinGate+T2,soc_trang,mild,1,240.0,2024,58.7963,0.0,0,90,90,0,0.0,0.0,0.0,0.0,0.0
1.5,grattan_strict,TwinGate+T2,soc_trang,mild,2,240.0,2024,58.7963,0.0,0,90,90,0,0.0,0.0,0.0,0.0,0.0
1.5,grattan_strict,TwinGate+T2,soc_trang,mild,3,240.0,2024,58.7963,0.0,0,90,90,0,0.0,0.0,0.0,0.0,0.0
1.5,grattan_strict,TwinGate+T2,soc_trang,mild,4,240.0,2024,58.7963,0.0,0,90,90,0,0.0,0.0,0.0,0.0,0.0
1.5,grattan_strict,TwinGate+T2,soc_trang,severe,0,240.0,2024,58.7963,0.0,0,90,90,0,0.0,0.0,0.0,0.0,0.0
1.5,grattan_strict,TwinGate+T2,soc_trang,severe,1,240.0,2024,58.7963,0.0,0,90,90,0,0.0,0.0,0.0,0.0,0.0
1.5,grattan_strict,TwinGate+T2,soc_trang,severe,2,240.0,2024,58.7963,0.0,0,90,90,0,0.0,0.0,0.0,0.0,0.0
1.5,grattan_strict,TwinGate+T2,soc_trang,severe,3,240.0,2024,58.7963,0.0,0,90,90,0,0.0,0.0,0.0,0.0,0.0
1.5,grattan_strict,TwinGate+T2,soc_trang,severe,4,240.0,2024,58.7963,0.0,0,90,90,0,0.0,0.0,0.0,0.0,0.0
1.5,grattan_strict,TwinGate+T2,ca_mau,mild,0,240.0,2024,56.8056,0.0,0,90,90,0,0.0,0.0,0.0,0.0,0.0
1.5,grattan_strict,TwinGate+T2,ca_mau,mild,1,240.0,2024,56.8056,0.0,0,90,90,0,0.0,0.0,0.0,0.0,0.0
1.5,grattan_strict,TwinGate+T2,ca_mau,mild,2,240.0,2024,56.8056,0.0,0,90,90,0,0.0,0.0,0.0,0.0,0.0
1.5,grattan_strict,TwinGate+T2,ca_mau,mild,3,240.0,2024,56.8056,0.0,0,90,90,0,0.0,0.0,0.0,0.0,0.0
1.5,grattan_strict,TwinGate+T2,ca_mau,mild,4,240.0,2024,56.8056,0.0,0,90,90,0,0.0,0.0,0.0,0.0,0.0
1.5,grattan_strict,TwinGate+T2,ca_mau,severe,0,240.0,2024,56.8056,0.0,0,90,90,0,0.0,0.0,0.0,0.0,0.0
1.5,grattan_strict,TwinGate+T2,ca_mau,severe,1,240.0,2024,56.8056,0.0,0,90,90,0,0.0,0.0,0.0,0.0,0.0
1.5,grattan_strict,TwinGate+T2,ca_mau,severe,2,240.0,2024,56.8056,0.0,0,90,90,0,0.0,0.0,0.0,0.0,0.0
1.5,grattan_strict,TwinGate+T2,ca_mau,severe,3,240.0,2024,56.8056,0.0,0,90,90,0,0.0,0.0,0.0,0.0,0.0
1.5,grattan_strict,TwinGate+T2,ca_mau,severe,4,240.0,2024,56.8056,0.0,0,90,90,0,0.0,0.0,0.0,0.0,0.0
1.5,grattan_strict,Oracle,can_tho,mild,0,240.0,2024,57.8241,0.0,0,90,90,0,0.0,0.0,0.0,0.0,0.0
1.5,grattan_strict,Oracle,can_tho,mild,1,240.0,2024,57.8241,0.0,0,90,90,0,0.0,0.0,0.0,0.0,0.0
1.5,grattan_strict,Oracle,can_tho,mild,2,240.0,2024,57.8241,0.0,0,90,90,0,0.0,0.0,0.0,0.0,0.0
1.5,grattan_strict,Oracle,can_tho,mild,3,240.0,2024,57.8241,0.0,0,90,90,0,0.0,0.0,0.0,0.0,0.0
1.5,grattan_strict,Oracle,can_tho,mild,4,240.0,2024,57.8241,0.0,0,90,90,0,0.0,0.0,0.0,0.0,0.0
1.5,grattan_strict,Oracle,can_tho,severe,0,240.0,2024,57.8241,0.0,0,90,90,0,0.0,0.0,0.0,0.0,0.0
1.5,grattan_strict,Oracle,can_tho,severe,1,240.0,2024,57.8241,0.0,0,90,90,0,0.0,0.0,0.0,0.0,0.0
1.5,grattan_strict,Oracle,can_tho,severe,2,240.0,2024,57.8241,0.0,0,90,90,0,0.0,0.0,0.0,0.0,0.0
1.5,grattan_strict,Oracle,can_tho,severe,3,240.0,2024,57.8241,0.0,0,90,90,0,0.0,0.0,0.0,0.0,0.0
1.5,grattan_strict,Oracle,can_tho,severe,4,240.0,2024,57.8241,0.0,0,90,90,0,0.0,0.0,0.0,0.0,0.0
1.5,grattan_strict,Oracle,soc_trang,mild,0,240.0,2024,58.7963,0.0,0,90,90,0,0.0,0.0,0.0,0.0,0.0
1.5,grattan_strict,Oracle,soc_trang,mild,1,240.0,2024,58.7963,0.0,0,90,90,0,0.0,0.0,0.0,0.0,0.0
1.5,grattan_strict,Oracle,soc_trang,mild,2,240.0,2024,58.7963,0.0,0,90,90,0,0.0,0.0,0.0,0.0,0.0
1.5,grattan_strict,Oracle,soc_trang,mild,3,240.0,2024,58.7963,0.0,0,90,90,0,0.0,0.0,0.0,0.0,0.0
1.5,grattan_strict,Oracle,soc_trang,mild,4,240.0,2024,58.7963,0.0,0,90,90,0,0.0,0.0,0.0,0.0,0.0
1.5,grattan_strict,Oracle,soc_trang,severe,0,240.0,2024,58.7963,0.0,0,90,90,0,0.0,0.0,0.0,0.0,0.0
1.5,grattan_strict,Oracle,soc_trang,severe,1,240.0,2024,58.7963,0.0,0,90,90,0,0.0,0.0,0.0,0.0,0.0
1.5,grattan_strict,Oracle,soc_trang,severe,2,240.0,2024,58.7963,0.0,0,90,90,0,0.0,0.0,0.0,0.0,0.0
1.5,grattan_strict,Oracle,soc_trang,severe,3,240.0,2024,58.7963,0.0,0,90,90,0,0.0,0.0,0.0,0.0,0.0
1.5,grattan_strict,Oracle,soc_trang,severe,4,240.0,2024,58.7963,0.0,0,90,90,0,0.0,0.0,0.0,0.0,0.0
1.5,grattan_strict,Oracle,ca_mau,mild,0,240.0,2024,56.8056,0.0,0,90,90,0,0.0,0.0,0.0,0.0,0.0
1.5,grattan_strict,Oracle,ca_mau,mild,1,240.0,2024,56.8056,0.0,0,90,90,0,0.0,0.0,0.0,0.0,0.0
1.5,grattan_strict,Oracle,ca_mau,mild,2,240.0,2024,56.8056,0.0,0,90,90,0,0.0,0.0,0.0,0.0,0.0
1.5,grattan_strict,Oracle,ca_mau,mild,3,240.0,2024,56.8056,0.0,0,90,90,0,0.0,0.0,0.0,0.0,0.0
1.5,grattan_strict,Oracle,ca_mau,mild,4,240.0,2024,56.8056,0.0,0,90,90,0,0.0,0.0,0.0,0.0,0.0
1.5,grattan_strict,Oracle,ca_mau,severe,0,240.0,2024,56.8056,0.0,0,90,90,0,0.0,0.0,0.0,0.0,0.0
1.5,grattan_strict,Oracle,ca_mau,severe,1,240.0,2024,56.8056,0.0,0,90,90,0,0.0,0.0,0.0,0.0,0.0
1.5,grattan_strict,Oracle,ca_mau,severe,2,240.0,2024,56.8056,0.0,0,90,90,0,0.0,0.0,0.0,0.0,0.0
1.5,grattan_strict,Oracle,ca_mau,severe,3,240.0,2024,56.8056,0.0,0,90,90,0,0.0,0.0,0.0,0.0,0.0
1.5,grattan_strict,Oracle,ca_mau,severe,4,240.0,2024,56.8056,0.0,0,90,90,0,0.0,0.0,0.0,0.0,0.0
1.5,grattan_strict,Reactive+T2,can_tho,mild,0,240.0,2024,27.7778,240.0,4,0,0,0,0.0,240.0,1526.74,6.3614,76.337
1.5,grattan_strict,Reactive+T2,can_tho,mild,1,240.0,2024,27.7778,240.0,5,0,0,0,0.0,240.0,1526.74,6.3614,76.337
1.5,grattan_strict,Reactive+T2,can_tho,mild,2,240.0,2024,34.6759,240.0,4,0,0,0,0.0,240.0,1467.17,6.1132,73.359
1.5,grattan_strict,Reactive+T2,can_tho,mild,3,240.0,2024,34.6759,240.0,4,0,0,0,0.0,240.0,1467.17,6.1132,73.359
1.5,grattan_strict,Reactive+T2,can_tho,mild,4,240.0,2024,34.6759,240.0,4,0,0,0,0.0,240.0,1073.61,4.4734,53.681
1.5,grattan_strict,Reactive+T2,can_tho,severe,0,240.0,2024,27.7778,240.0,8,0,0,0,0.0,240.0,1604.71,6.6863,80.235
1.5,grattan_strict,Reactive+T2,can_tho,severe,1,240.0,2024,33.6111,240.0,15,0,0,0,0.0,240.0,1182.03,4.9251,59.101
1.5,grattan_strict,Reactive+T2,can_tho,severe,2,240.0,2024,27.7778,240.0,12,0,0,0,0.0,240.0,1769.47,7.3728,88.473
1.5,grattan_strict,Reactive+T2,can_tho,severe,3,240.0,2024,28.1944,240.0,33,0,0,0,0.0,240.0,1574.53,6.5605,78.726
1.5,grattan_strict,Reactive+T2,can_tho,severe,4,240.0,2024,26.7593,240.0,19,0,0,0,0.0,240.0,1697.95,7.0748,84.897
1.5,grattan_strict,Reactive+T2,soc_trang,mild,0,240.0,2024,25.6019,240.0,6,0,0,0,0.0,240.0,1707.79,7.1158,85.39
1.5,grattan_strict,Reactive+T2,soc_trang,mild,1,240.0,2024,32.4537,240.0,6,0,0,0,0.0,240.0,1008.37,4.2016,50.419
1.5,grattan_strict,Reactive+T2,soc_trang,mild,2,240.0,2024,33.6111,240.0,5,0,0,0,0.0,240.0,1700.18,7.0841,85.009
1.5,grattan_strict,Reactive+T2,soc_trang,mild,3,240.0,2024,33.6111,240.0,4,0,0,0,0.0,240.0,1578.49,6.5771,78.925
1.5,grattan_strict,Reactive+T2,soc_trang,mild,4,240.0,2024,33.6111,240.0,4,0,0,0,0.0,240.0,1053.48,4.3895,52.674
1.5,grattan_strict,Reactive+T2,soc_trang,severe,0,240.0,2024,23.5185,240.0,16,0,0,0,0.0,240.0,1661.16,6.9215,83.058
1.5,grattan_strict,Reactive+T2,soc_trang,severe,1,240.0,2024,25.6019,240.0,12,0,0,0,0.0,240.0,2026.45,8.4436,100.0
1.5,grattan_strict,Reactive+T2,soc_trang,severe,2,240.0,2024,33.6111,240.0,8,0,0,0,0.0,240.0,1433.52,5.973,71.676
1.5,grattan_strict,Reactive+T2,soc_trang,severe,3,240.0,2024,28.3333,240.0,33,0,0,0,0.0,240.0,1574.53,6.5605,78.726
1.5,grattan_strict,Reactive+T2,soc_trang,severe,4,240.0,2024,25.6019,240.0,13,0,0,0,0.0,240.0,1762.04,7.3418,88.102
1.5,grattan_strict,Reactive+T2,ca_mau,mild,0,240.0,2024,24.1204,240.0,6,0,0,0,0.0,240.0,1707.79,7.1158,85.39
1.5,grattan_strict,Reactive+T2,ca_mau,mild,1,240.0,2024,31.3889,240.0,6,0,0,0,0.0,240.0,1008.37,4.2016,50.419
1.5,grattan_strict,Reactive+T2,ca_mau,mild,2,240.0,2024,32.2685,240.0,5,0,0,0,0.0,240.0,1700.18,7.0841,85.009
1.5,grattan_strict,Reactive+T2,ca_mau,mild,3,240.0,2024,32.2685,240.0,4,0,0,0,0.0,240.0,1578.49,6.5771,78.925
1.5,grattan_strict,Reactive+T2,ca_mau,mild,4,240.0,2024,32.2685,240.0,4,0,0,0,0.0,240.0,1053.48,4.3895,52.674
1.5,grattan_strict,Reactive+T2,ca_mau,severe,0,240.0,2024,22.2222,240.0,16,0,0,0,0.0,240.0,1661.16,6.9215,83.058
1.5,grattan_strict,Reactive+T2,ca_mau,severe,1,240.0,2024,24.1204,240.0,12,0,0,0,0.0,240.0,2026.45,8.4436,100.0
1.5,grattan_strict,Reactive+T2,ca_mau,severe,2,240.0,2024,32.2685,240.0,8,0,0,0,0.0,240.0,1433.52,5.973,71.676
1.5,grattan_strict,Reactive+T2,ca_mau,severe,3,240.0,2024,25.6944,240.0,31,0,0,0,0.0,240.0,2142.29,8.9262,100.0
1.5,grattan_strict,Reactive+T2,ca_mau,severe,4,240.0,2024,24.1204,240.0,13,0,0,0,0.0,240.0,1762.04,7.3418,88.102
1.5,grattan_strict,FixedSchedule,can_tho,mild,0,240.0,2024,41.25,240.0,4,0,0,0,0.0,240.0,2037.07,8.4878,100.0
1.5,grattan_strict,FixedSchedule,can_tho,mild,1,240.0,2024,47.6389,240.0,4,0,0,0,0.0,240.0,1383.36,5.764,69.168
1.5,grattan_strict,FixedSchedule,can_tho,mild,2,240.0,2024,52.4537,240.0,4,0,0,0,0.0,240.0,1977.52,8.2397,98.876
1.5,grattan_strict,FixedSchedule,can_tho,mild,3,240.0,2024,52.4537,240.0,4,0,0,0,0.0,240.0,1977.52,8.2397,98.876
1.5,grattan_strict,FixedSchedule,can_tho,mild,4,240.0,2024,47.6389,240.0,6,0,0,0,0.0,240.0,2342.21,9.7592,100.0
1.5,grattan_strict,FixedSchedule,can_tho,severe,0,240.0,2024,41.25,240.0,10,0,0,0,0.0,240.0,1354.99,5.6458,67.749
1.5,grattan_strict,FixedSchedule,can_tho,severe,1,240.0,2024,46.8981,240.0,15,0,0,0,0.0,240.0,2158.85,8.9952,100.0
1.5,grattan_strict,FixedSchedule,can_tho,severe,2,240.0,2024,52.1759,240.0,20,0,0,0,0.0,240.0,2174.37,9.0599,100.0
1.5,grattan_strict,FixedSchedule,can_tho,severe,3,240.0,2024,52.4537,240.0,14,0,0,0,0.0,240.0,1207.02,5.0292,60.351
1.5,grattan_strict,FixedSchedule,can_tho,severe,4,240.0,2024,47.5926,240.0,15,0,0,0,0.0,240.0,1474.26,6.1427,73.713
1.5,grattan_strict,FixedSchedule,soc_trang,mild,0,240.0,2024,41.1111,240.0,4,0,0,0,0.0,240.0,2037.07,8.4878,100.0
1.5,grattan_strict,FixedSchedule,soc_trang,mild,1,240.0,2024,47.7778,240.0,4,0,0,0,0.0,240.0,1383.36,5.764,69.168
1.5,grattan_strict,FixedSchedule,soc_trang,mild,2,240.0,2024,52.5926,240.0,4,0,0,0,0.0,240.0,1977.52,8.2397,98.876
1.5,grattan_strict,FixedSchedule,soc_trang,mild,3,240.0,2024,52.5926,240.0,4,0,0,0,0.0,240.0,1977.52,8.2397,98.876
1.5,grattan_strict,FixedSchedule,soc_trang,mild,4,240.0,2024,47.7778,240.0,6,0,0,0,0.0,240.0,2342.21,9.7592,100.0
1.5,grattan_strict,FixedSchedule,soc_trang,severe,0,240.0,2024,41.1111,240.0,10,0,0,0,0.0,240.0,1354.99,5.6458,67.749
1.5,grattan_strict,FixedSchedule,soc_trang,severe,1,240.0,2024,46.8981,240.0,15,0,0,0,0.0,240.0,2158.85,8.9952,100.0
1.5,grattan_strict,FixedSchedule,soc_trang,severe,2,240.0,2024,52.2222,240.0,20,0,0,0,0.0,240.0,2174.37,9.0599,100.0
1.5,grattan_strict,FixedSchedule,soc_trang,severe,3,240.0,2024,52.5,240.0,14,0,0,0,0.0,240.0,1207.02,5.0292,60.351
1.5,grattan_strict,FixedSchedule,soc_trang,severe,4,240.0,2024,47.7315,240.0,15,0,0,0,0.0,240.0,1474.26,6.1427,73.713
1.5,grattan_strict,FixedSchedule,ca_mau,mild,0,240.0,2024,39.9537,240.0,4,0,0,0,0.0,240.0,2037.07,8.4878,100.0
1.5,grattan_strict,FixedSchedule,ca_mau,mild,1,240.0,2024,46.1574,240.0,4,0,0,0,0.0,240.0,1383.36,5.764,69.168
1.5,grattan_strict,FixedSchedule,ca_mau,mild,2,240.0,2024,52.2222,240.0,4,0,0,0,0.0,240.0,1977.52,8.2397,98.876
1.5,grattan_strict,FixedSchedule,ca_mau,mild,3,240.0,2024,52.2222,240.0,4,0,0,0,0.0,240.0,1977.52,8.2397,98.876
1.5,grattan_strict,FixedSchedule,ca_mau,mild,4,240.0,2024,46.1574,240.0,6,0,0,0,0.0,240.0,2342.21,9.7592,100.0
1.5,grattan_strict,FixedSchedule,ca_mau,severe,0,240.0,2024,39.9537,240.0,10,0,0,0,0.0,240.0,1354.99,5.6458,67.749
1.5,grattan_strict,FixedSchedule,ca_mau,severe,1,240.0,2024,45.463,240.0,15,0,0,0,0.0,240.0,2158.85,8.9952,100.0
1.5,grattan_strict,FixedSchedule,ca_mau,severe,2,240.0,2024,51.25,240.0,20,0,0,0,0.0,240.0,2174.37,9.0599,100.0
1.5,grattan_strict,FixedSchedule,ca_mau,severe,3,240.0,2024,52.2222,240.0,14,0,0,0,0.0,240.0,1207.02,5.0292,60.351
1.5,grattan_strict,FixedSchedule,ca_mau,severe,4,240.0,2024,46.1111,240.0,15,0,0,0,0.0,240.0,1474.26,6.1427,73.713
1.5,central,TwinGate+T2,can_tho,mild,0,240.0,2024,29.7222,200.0,11,81,32,196,0.0907,0.0,0.0,0.0,0.0
1.5,central,TwinGate+T2,can_tho,mild,1,240.0,2024,29.6759,180.0,9,81,32,196,0.0907,0.0,0.0,0.0,0.0
1.5,central,TwinGate+T2,can_tho,mild,2,240.0,2024,29.5833,200.0,9,82,32,196,0.0907,0.0,0.0,0.0,0.0
1.5,central,TwinGate+T2,can_tho,mild,3,240.0,2024,25.463,220.0,9,82,32,196,0.0907,0.0,0.0,0.0,0.0
1.5,central,TwinGate+T2,can_tho,mild,4,240.0,2024,29.2593,200.0,9,82,32,196,0.0907,0.0,0.0,0.0,0.0
1.5,central,TwinGate+T2,can_tho,severe,0,240.0,2024,30.9259,160.0,17,80,32,196,0.0907,0.0,0.0,0.0,0.0
1.5,central,TwinGate+T2,can_tho,severe,1,240.0,2024,31.7593,160.0,16,81,32,196,0.0907,0.0,0.0,0.0,0.0
1.5,central,TwinGate+T2,can_tho,severe,2,240.0,2024,28.6574,180.0,17,81,32,196,0.0907,0.0,0.0,0.0,0.0
1.5,central,TwinGate+T2,can_tho,severe,3,240.0,2024,23.8889,220.0,20,79,32,196,0.0907,0.0,0.0,0.0,0.0
1.5,central,TwinGate+T2,can_tho,severe,4,240.0,2024,35.6481,140.0,15,80,32,196,0.0907,0.0,0.0,0.0,0.0
1.5,central,TwinGate+T2,soc_trang,mild,0,240.0,2024,28.6111,200.0,10,82,32,196,0.0907,0.0,0.0,0.0,0.0
1.5,central,TwinGate+T2,soc_trang,mild,1,240.0,2024,28.5648,180.0,8,82,32,196,0.0907,0.0,0.0,0.0,0.0
1.5,central,TwinGate+T2,soc_trang,mild,2,240.0,2024,27.5463,200.0,9,82,32,196,0.0907,0.0,0.0,0.0,0.0
1.5,central,TwinGate+T2,soc_trang,mild,3,240.0,2024,27.5926,200.0,9,82,32,196,0.0907,0.0,0.0,0.0,0.0
1.5,central,TwinGate+T2,soc_trang,mild,4,240.0,2024,27.3148,200.0,11,80,32,196,0.0907,0.0,0.0,0.0,0.0
1.5,central,TwinGate+T2,soc_trang,severe,0,240.0,2024,29.4907,160.0,16,80,32,196,0.0907,0.0,0.0,0.0,0.0
1.5,central,TwinGate+T2,soc_trang,severe,1,240.0,2024,34.9074,120.0,18,80,32,196,0.0907,0.0,0.0,0.0,0.0
1.5,central,TwinGate+T2,soc_trang,severe,2,240.0,2024,29.6759,160.0,18,80,32,196,0.0907,0.0,0.0,0.0,0.0
1.5,central,TwinGate+T2,soc_trang,severe,3,240.0,2024,26.25,160.0,21,78,32,196,0.0907,0.0,0.0,0.0,0.0
1.5,central,TwinGate+T2,soc_trang,severe,4,240.0,2024,25.3241,200.0,17,80,32,196,0.0907,0.0,0.0,0.0,0.0
1.5,central,TwinGate+T2,ca_mau,mild,0,240.0,2024,28.6111,140.0,10,81,32,196,0.0907,0.0,0.0,0.0,0.0
1.5,central,TwinGate+T2,ca_mau,mild,1,240.0,2024,26.2963,160.0,7,83,32,196,0.0907,0.0,0.0,0.0,0.0
1.5,central,TwinGate+T2,ca_mau,mild,2,240.0,2024,25.4167,200.0,10,81,32,196,0.0907,0.0,0.0,0.0,0.0
1.5,central,TwinGate+T2,ca_mau,mild,3,240.0,2024,26.2963,160.0,7,83,32,196,0.0907,0.0,0.0,0.0,0.0
1.5,central,TwinGate+T2,ca_mau,mild,4,240.0,2024,25.4167,200.0,9,82,32,196,0.0907,0.0,0.0,0.0,0.0
1.5,central,TwinGate+T2,ca_mau,severe,0,240.0,2024,28.0556,140.0,15,81,32,196,0.0907,0.0,0.0,0.0,0.0
1.5,central,TwinGate+T2,ca_mau,severe,1,240.0,2024,24.4444,160.0,17,81,33,196,0.0907,0.0,0.0,0.0,0.0
1.5,central,TwinGate+T2,ca_mau,severe,2,240.0,2024,28.7963,160.0,15,82,32,196,0.0907,0.0,0.0,0.0,0.0
1.5,central,TwinGate+T2,ca_mau,severe,3,240.0,2024,25.1389,160.0,13,82,32,196,0.0907,0.0,0.0,0.0,0.0
1.5,central,TwinGate+T2,ca_mau,severe,4,240.0,2024,30.6481,120.0,18,79,32,196,0.0907,0.0,0.0,0.0,0.0
1.5,central,Oracle,can_tho,mild,0,240.0,2024,28.6574,160.0,8,32,32,196,0.0907,0.0,0.0,0.0,0.0
1.5,central,Oracle,can_tho,mild,1,240.0,2024,29.5833,160.0,6,32,32,196,0.0907,0.0,0.0,0.0,0.0
1.5,central,Oracle,can_tho,mild,2,240.0,2024,29.1204,160.0,8,32,32,196,0.0907,0.0,0.0,0.0,0.0
1.5,central,Oracle,can_tho,mild,3,240.0,2024,29.5833,160.0,6,32,32,196,0.0907,0.0,0.0,0.0,0.0
1.5,central,Oracle,can_tho,mild,4,240.0,2024,28.6111,160.0,7,32,32,196,0.0907,0.0,0.0,0.0,0.0
1.5,central,Oracle,can_tho,severe,0,240.0,2024,35.4167,140.0,14,35,35,196,0.0907,0.0,0.0,0.0,0.0
1.5,central,Oracle,can_tho,severe,1,240.0,2024,28.5185,160.0,14,32,32,196,0.0907,0.0,0.0,0.0,0.0
1.5,central,Oracle,can_tho,severe,2,240.0,2024,30.8796,140.0,18,33,33,196,0.0907,0.0,0.0,0.0,0.0
1.5,central,Oracle,can_tho,severe,3,240.0,2024,34.5833,140.0,15,33,33,196,0.0907,0.0,0.0,0.0,0.0
1.5,central,Oracle,can_tho,severe,4,240.0,2024,35.0463,140.0,12,34,34,196,0.0907,0.0,0.0,0.0,0.0
1.5,central,Oracle,soc_trang,mild,0,240.0,2024,27.4537,160.0,8,32,32,196,0.0907,0.0,0.0,0.0,0.0
1.5,central,Oracle,soc_trang,mild,1,240.0,2024,27.4074,160.0,7,32,32,196,0.0907,0.0,0.0,0.0,0.0
1.5,central,Oracle,soc_trang,mild,2,240.0,2024,34.5833,140.0,7,32,32,196,0.0907,0.0,0.0,0.0,0.0
1.5,central,Oracle,soc_trang,mild,3,240.0,2024,27.5926,160.0,6,32,32,196,0.0907,0.0,0.0,0.0,0.0
1.5,central,Oracle,soc_trang,mild,4,240.0,2024,27.5926,160.0,6,32,32,196,0.0907,0.0,0.0,0.0,0.0
1.5,central,Oracle,soc_trang,severe,0,240.0,2024,32.5463,140.0,12,34,34,196,0.0907,0.0,0.0,0.0,0.0
1.5,central,Oracle,soc_trang,severe,1,240.0,2024,33.3333,140.0,10,32,32,196,0.0907,0.0,0.0,0.0,0.0
1.5,central,Oracle,soc_trang,severe,2,240.0,2024,29.9537,140.0,17,33,33,196,0.0907,0.0,0.0,0.0,0.0
1.5,central,Oracle,soc_trang,severe,3,240.0,2024,32.1759,140.0,17,34,34,196,0.0907,0.0,0.0,0.0,0.0
1.5,central,Oracle,soc_trang,severe,4,240.0,2024,32.2685,140.0,18,37,37,196,0.0907,0.0,0.0,0.0,0.0
1.5,central,Oracle,ca_mau,mild,0,240.0,2024,29.9074,120.0,6,32,32,196,0.0907,0.0,0.0,0.0,0.0
1.5,central,Oracle,ca_mau,mild,1,240.0,2024,30.5093,120.0,4,32,32,196,0.0907,0.0,0.0,0.0,0.0
1.5,central,Oracle,ca_mau,mild,2,240.0,2024,29.7222,120.0,6,32,32,196,0.0907,0.0,0.0,0.0,0.0
1.5,central,Oracle,ca_mau,mild,3,240.0,2024,30.5093,120.0,4,32,32,196,0.0907,0.0,0.0,0.0,0.0
1.5,central,Oracle,ca_mau,mild,4,240.0,2024,30.5093,120.0,4,32,32,196,0.0907,0.0,0.0,0.0,0.0
1.5,central,Oracle,ca_mau,severe,0,240.0,2024,30.2315,120.0,9,33,33,196,0.0907,0.0,0.0,0.0,0.0
1.5,central,Oracle,ca_mau,severe,1,240.0,2024,29.9537,120.0,7,32,32,196,0.0907,0.0,0.0,0.0,0.0
1.5,central,Oracle,ca_mau,severe,2,240.0,2024,32.8704,120.0,16,33,33,196,0.0907,0.0,0.0,0.0,0.0
1.5,central,Oracle,ca_mau,severe,3,240.0,2024,28.6574,120.0,11,33,33,196,0.0907,0.0,0.0,0.0,0.0
1.5,central,Oracle,ca_mau,severe,4,240.0,2024,28.3333,120.0,15,37,37,196,0.0907,0.0,0.0,0.0,0.0
1.5,central,Reactive+T2,can_tho,mild,0,240.0,2024,27.7778,240.0,4,0,0,196,0.0907,180.0,1266.98,7.0388,84.465
1.5,central,Reactive+T2,can_tho,mild,1,240.0,2024,27.7778,240.0,5,0,0,196,0.0907,180.0,1266.98,7.0388,84.465
1.5,central,Reactive+T2,can_tho,mild,2,240.0,2024,34.6759,240.0,4,0,0,196,0.0907,180.0,1207.41,6.7078,80.494
1.5,central,Reactive+T2,can_tho,mild,3,240.0,2024,34.6759,240.0,4,0,0,196,0.0907,180.0,1207.41,6.7078,80.494
1.5,central,Reactive+T2,can_tho,mild,4,240.0,2024,34.6759,240.0,4,0,0,196,0.0907,180.0,813.85,4.5214,54.257
1.5,central,Reactive+T2,can_tho,severe,0,240.0,2024,27.7778,240.0,8,0,0,196,0.0907,180.0,1344.95,7.4719,89.663
1.5,central,Reactive+T2,can_tho,severe,1,240.0,2024,33.6111,240.0,15,0,0,196,0.0907,240.0,918.03,3.8251,45.901
1.5,central,Reactive+T2,can_tho,severe,2,240.0,2024,27.7778,240.0,12,0,0,196,0.0907,240.0,1505.47,6.2728,75.273
1.5,central,Reactive+T2,can_tho,severe,3,240.0,2024,28.1944,240.0,33,0,0,196,0.0907,240.0,1310.53,5.4605,65.526
1.5,central,Reactive+T2,can_tho,severe,4,240.0,2024,26.7593,240.0,19,0,0,196,0.0907,240.0,1433.95,5.9748,71.697
1.5,central,Reactive+T2,soc_trang,mild,0,240.0,2024,25.6019,240.0,6,0,0,196,0.0907,180.0,1459.03,8.1057,97.269
1.5,central,Reactive+T2,soc_trang,mild,1,240.0,2024,32.4537,240.0,6,0,0,196,0.0907,120.0,756.9,6.3075,75.69
1.5,central,Reactive+T2,soc_trang,mild,2,240.0,2024,33.6111,240.0,5,0,0,196,0.0907,180.0,1440.41,8.0023,96.028
1.5,central,Reactive+T2,soc_trang,mild,3,240.0,2024,33.6111,240.0,4,0,0,196,0.0907,180.0,1318.73,7.3263,87.915
1.5,central,Reactive+T2,soc_trang,mild,4,240.0,2024,33.6111,240.0,4,0,0,196,0.0907,180.0,793.72,4.4096,52.915
1.5,central,Reactive+T2,soc_trang,severe,0,240.0,2024,23.5185,240.0,16,0,0,196,0.0907,180.0,1412.4,7.8467,94.16
1.5,central,Reactive+T2,soc_trang,severe,1,240.0,2024,25.6019,240.0,12,0,0,196,0.0907,240.0,1773.45,7.3894,88.673
1.5,central,Reactive+T2,soc_trang,severe,2,240.0,2024,33.6111,240.0,8,0,0,196,0.0907,240.0,1169.52,4.873,58.476
1.5,central,Reactive+T2,soc_trang,severe,3,240.0,2024,28.3333,240.0,33,0,0,196,0.0907,240.0,1310.53,5.4605,65.526
1.5,central,Reactive+T2,soc_trang,severe,4,240.0,2024,25.6019,240.0,13,0,0,196,0.0907,180.0,1517.32,8.4296,100.0
1.5,central,Reactive+T2,ca_mau,mild,0,240.0,2024,24.1204,240.0,6,0,0,196,0.0907,180.0,1459.03,8.1057,97.269
1.5,central,Reactive+T2,ca_mau,mild,1,240.0,2024,31.3889,240.0,6,0,0,196,0.0907,120.0,756.9,6.3075,75.69
1.5,central,Reactive+T2,ca_mau,mild,2,240.0,2024,32.2685,240.0,5,0,0,196,0.0907,180.0,1440.41,8.0023,96.028
1.5,central,Reactive+T2,ca_mau,mild,3,240.0,2024,32.2685,240.0,4,0,0,196,0.0907,180.0,1318.73,7.3263,87.915
1.5,central,Reactive+T2,ca_mau,mild,4,240.0,2024,32.2685,240.0,4,0,0,196,0.0907,180.0,793.72,4.4096,52.915
1.5,central,Reactive+T2,ca_mau,severe,0,240.0,2024,22.2222,240.0,16,0,0,196,0.0907,180.0,1412.4,7.8467,94.16
1.5,central,Reactive+T2,ca_mau,severe,1,240.0,2024,24.1204,240.0,12,0,0,196,0.0907,240.0,1773.45,7.3894,88.673
1.5,central,Reactive+T2,ca_mau,severe,2,240.0,2024,32.2685,240.0,8,0,0,196,0.0907,240.0,1169.52,4.873,58.476
1.5,central,Reactive+T2,ca_mau,severe,3,240.0,2024,25.6944,240.0,31,0,0,196,0.0907,240.0,1878.29,7.8262,93.914
1.5,central,Reactive+T2,ca_mau,severe,4,240.0,2024,24.1204,240.0,13,0,0,196,0.0907,180.0,1517.32,8.4296,100.0
1.5,central,FixedSchedule,can_tho,mild,0,240.0,2024,41.25,240.0,4,0,0,196,0.0907,240.0,1773.07,7.3878,88.653
1.5,central,FixedSchedule,can_tho,mild,1,240.0,2024,47.6389,240.0,4,0,0,196,0.0907,240.0,1119.36,4.664,55.968
1.5,central,FixedSchedule,can_tho,mild,2,240.0,2024,52.4537,240.0,4,0,0,196,0.0907,240.0,1713.52,7.1397,85.676
1.5,central,FixedSchedule,can_tho,mild,3,240.0,2024,52.4537,240.0,4,0,0,196,0.0907,240.0,1713.52,7.1397,85.676
1.5,central,FixedSchedule,can_tho,mild,4,240.0,2024,47.6389,240.0,6,0,0,196,0.0907,240.0,2078.21,8.6592,100.0
1.5,central,FixedSchedule,can_tho,severe,0,240.0,2024,41.25,240.0,10,0,0,196,0.0907,240.0,1090.99,4.5458,54.549
1.5,central,FixedSchedule,can_tho,severe,1,240.0,2024,46.8981,240.0,15,0,0,196,0.0907,240.0,1894.85,7.8952,94.743
1.5,central,FixedSchedule,can_tho,severe,2,240.0,2024,52.1759,240.0,20,0,0,196,0.0907,240.0,1910.37,7.9599,95.518
1.5,central,FixedSchedule,can_tho,severe,3,240.0,2024,52.4537,240.0,14,0,0,196,0.0907,240.0,943.02,3.9292,47.151
1.5,central,FixedSchedule,can_tho,severe,4,240.0,2024,47.5926,240.0,15,0,0,196,0.0907,240.0,1210.26,5.0427,60.513
1.5,central,FixedSchedule,soc_trang,mild,0,240.0,2024,41.1111,240.0,4,0,0,196,0.0907,240.0,1773.07,7.3878,88.653
1.5,central,FixedSchedule,soc_trang,mild,1,240.0,2024,47.7778,240.0,4,0,0,196,0.0907,240.0,1119.36,4.664,55.968
1.5,central,FixedSchedule,soc_trang,mild,2,240.0,2024,52.5926,240.0,4,0,0,196,0.0907,240.0,1713.52,7.1397,85.676
1.5,central,FixedSchedule,soc_trang,mild,3,240.0,2024,52.5926,240.0,4,0,0,196,0.0907,240.0,1713.52,7.1397,85.676
1.5,central,FixedSchedule,soc_trang,mild,4,240.0,2024,47.7778,240.0,6,0,0,196,0.0907,240.0,2078.21,8.6592,100.0
1.5,central,FixedSchedule,soc_trang,severe,0,240.0,2024,41.1111,240.0,10,0,0,196,0.0907,240.0,1090.99,4.5458,54.549
1.5,central,FixedSchedule,soc_trang,severe,1,240.0,2024,46.8981,240.0,15,0,0,196,0.0907,240.0,1894.85,7.8952,94.743
1.5,central,FixedSchedule,soc_trang,severe,2,240.0,2024,52.2222,240.0,20,0,0,196,0.0907,240.0,1910.37,7.9599,95.518
1.5,central,FixedSchedule,soc_trang,severe,3,240.0,2024,52.5,240.0,14,0,0,196,0.0907,240.0,943.02,3.9292,47.151
1.5,central,FixedSchedule,soc_trang,severe,4,240.0,2024,47.7315,240.0,15,0,0,196,0.0907,240.0,1210.26,5.0427,60.513
1.5,central,FixedSchedule,ca_mau,mild,0,240.0,2024,39.9537,240.0,4,0,0,196,0.0907,240.0,1773.07,7.3878,88.653
1.5,central,FixedSchedule,ca_mau,mild,1,240.0,2024,46.1574,240.0,4,0,0,196,0.0907,240.0,1119.36,4.664,55.968
1.5,central,FixedSchedule,ca_mau,mild,2,240.0,2024,52.2222,240.0,4,0,0,196,0.0907,240.0,1713.52,7.1397,85.676
1.5,central,FixedSchedule,ca_mau,mild,3,240.0,2024,52.2222,240.0,4,0,0,196,0.0907,240.0,1713.52,7.1397,85.676
1.5,central,FixedSchedule,ca_mau,mild,4,240.0,2024,46.1574,240.0,6,0,0,196,0.0907,240.0,2078.21,8.6592,100.0
1.5,central,FixedSchedule,ca_mau,severe,0,240.0,2024,39.9537,240.0,10,0,0,196,0.0907,240.0,1090.99,4.5458,54.549
1.5,central,FixedSchedule,ca_mau,severe,1,240.0,2024,45.463,240.0,15,0,0,196,0.0907,240.0,1894.85,7.8952,94.743
1.5,central,FixedSchedule,ca_mau,severe,2,240.0,2024,51.25,240.0,20,0,0,196,0.0907,240.0,1910.37,7.9599,95.518
1.5,central,FixedSchedule,ca_mau,severe,3,240.0,2024,52.2222,240.0,14,0,0,196,0.0907,240.0,943.02,3.9292,47.151
1.5,central,FixedSchedule,ca_mau,severe,4,240.0,2024,46.1111,240.0,15,0,0,196,0.0907,240.0,1210.26,5.0427,60.513
1.5,maas_lenient,TwinGate+T2,can_tho,mild,0,240.0,2024,25.1852,200.0,10,81,29,297,0.1375,0.0,0.0,0.0,0.0
1.5,maas_lenient,TwinGate+T2,can_tho,mild,1,240.0,2024,25.2315,200.0,9,82,29,297,0.1375,0.0,0.0,0.0,0.0
1.5,maas_lenient,TwinGate+T2,can_tho,mild,2,240.0,2024,26.4815,220.0,12,83,29,297,0.1375,0.0,0.0,0.0,0.0
1.5,maas_lenient,TwinGate+T2,can_tho,mild,3,240.0,2024,26.5278,220.0,10,83,29,297,0.1375,0.0,0.0,0.0,0.0
1.5,maas_lenient,TwinGate+T2,can_tho,mild,4,240.0,2024,21.9444,220.0,14,81,29,297,0.1375,0.0,0.0,0.0,0.0
1.5,maas_lenient,TwinGate+T2,can_tho,severe,0,240.0,2024,27.8241,200.0,23,76,29,297,0.1375,0.0,0.0,0.0,0.0
1.5,maas_lenient,TwinGate+T2,can_tho,severe,1,240.0,2024,23.9815,200.0,15,80,29,297,0.1375,0.0,0.0,0.0,0.0
1.5,maas_lenient,TwinGate+T2,can_tho,severe,2,240.0,2024,22.5463,220.0,15,82,29,297,0.1375,0.0,0.0,0.0,0.0
1.5,maas_lenient,TwinGate+T2,can_tho,severe,3,240.0,2024,30.9259,160.0,25,77,29,297,0.1375,0.0,0.0,0.0,0.0
1.5,maas_lenient,TwinGate+T2,can_tho,severe,4,240.0,2024,33.75,140.0,19,78,29,297,0.1375,0.0,0.0,0.0,0.0
1.5,maas_lenient,TwinGate+T2,soc_trang,mild,0,240.0,2024,23.1481,200.0,9,81,29,297,0.1375,0.0,0.0,0.0,0.0
1.5,maas_lenient,TwinGate+T2,soc_trang,mild,1,240.0,2024,23.1481,200.0,9,82,29,297,0.1375,0.0,0.0,0.0,0.0
1.5,maas_lenient,TwinGate+T2,soc_trang,mild,2,240.0,2024,25.0926,220.0,12,83,29,297,0.1375,0.0,0.0,0.0,0.0
1.5,maas_lenient,TwinGate+T2,soc_trang,mild,3,240.0,2024,24.3056,220.0,10,83,29,297,0.1375,0.0,0.0,0.0,0.0
1.5,maas_lenient,TwinGate+T2,soc_trang,mild,4,240.0,2024,23.1481,200.0,11,82,29,297,0.1375,0.0,0.0,0.0,0.0
1.5,maas_lenient,TwinGate+T2,soc_trang,severe,0,240.0,2024,26.6204,200.0,21,78,29,297,0.1375,0.0,0.0,0.0,0.0
1.5,maas_lenient,TwinGate+T2,soc_trang,severe,1,240.0,2024,23.0556,200.0,14,81,29,297,0.1375,0.0,0.0,0.0,0.0
1.5,maas_lenient,TwinGate+T2,soc_trang,severe,2,240.0,2024,28.7963,220.0,13,83,29,297,0.1375,0.0,0.0,0.0,0.0
1.5,maas_lenient,TwinGate+T2,soc_trang,severe,3,240.0,2024,38.9352,120.0,20,79,29,297,0.1375,0.0,0.0,0.0,0.0
1.5,maas_lenient,TwinGate+T2,soc_trang,severe,4,240.0,2024,32.8241,140.0,20,78,29,297,0.1375,0.0,0.0,0.0,0.0
1.5,maas_lenient,TwinGate+T2,ca_mau,mild,0,240.0,2024,24.3056,200.0,13,81,29,297,0.1375,0.0,0.0,0.0,0.0
1.5,maas_lenient,TwinGate+T2,ca_mau,mild,1,240.0,2024,25.1852,180.0,10,83,29,297,0.1375,0.0,0.0,0.0,0.0
1.5,maas_lenient,TwinGate+T2,ca_mau,mild,2,240.0,2024,26.4352,200.0,10,84,29,297,0.1375,0.0,0.0,0.0,0.0
1.5,maas_lenient,TwinGate+T2,ca_mau,mild,3,240.0,2024,23.1481,220.0,10,83,29,297,0.1375,0.0,0.0,0.0,0.0
1.5,maas_lenient,TwinGate+T2,ca_mau,mild,4,240.0,2024,25.1389,180.0,9,82,29,297,0.1375,0.0,0.0,0.0,0.0
1.5,maas_lenient,TwinGate+T2,ca_mau,severe,0,240.0,2024,27.5926,140.0,20,78,29,297,0.1375,0.0,0.0,0.0,0.0
1.5,maas_lenient,TwinGate+T2,ca_mau,severe,1,240.0,2024,25.4167,160.0,22,79,29,297,0.1375,0.0,0.0,0.0,0.0
1.5,maas_lenient,TwinGate+T2,ca_mau,severe,2,240.0,2024,20.3704,180.0,20,79,29,297,0.1375,0.0,0.0,0.0,0.0
1.5,maas_lenient,TwinGate+T2,ca_mau,severe,3,240.0,2024,23.5648,160.0,20,80,29,297,0.1375,0.0,0.0,0.0,0.0
1.5,maas_lenient,TwinGate+T2,ca_mau,severe,4,240.0,2024,26.2963,180.0,22,77,29,297,0.1375,0.0,0.0,0.0,0.0
1.5,maas_lenient,Oracle,can_tho,mild,0,240.0,2024,28.4722,160.0,6,29,29,297,0.1375,0.0,0.0,0.0,0.0
1.5,maas_lenient,Oracle,can_tho,mild,1,240.0,2024,28.4722,160.0,7,29,29,297,0.1375,0.0,0.0,0.0,0.0
1.5,maas_lenient,Oracle,can_tho,mild,2,240.0,2024,29.0278,160.0,7,29,29,297,0.1375,0.0,0.0,0.0,0.0
1.5,maas_lenient,Oracle,can_tho,mild,3,240.0,2024,29.0278,160.0,7,29,29,297,0.1375,0.0,0.0,0.0,0.0
1.5,maas_lenient,Oracle,can_tho,mild,4,240.0,2024,28.4722,160.0,7,29,29,297,0.1375,0.0,0.0,0.0,0.0
1.5,maas_lenient,Oracle,can_tho,severe,0,240.0,2024,28.7037,160.0,11,29,29,297,0.1375,0.0,0.0,0.0,0.0
1.5,maas_lenient,Oracle,can_tho,severe,1,240.0,2024,27.3148,160.0,13,29,29,297,0.1375,0.0,0.0,0.0,0.0
1.5,maas_lenient,Oracle,can_tho,severe,2,240.0,2024,27.963,160.0,12,29,29,297,0.1375,0.0,0.0,0.0,0.0
1.5,maas_lenient,Oracle,can_tho,severe,3,240.0,2024,33.0556,140.0,22,29,29,297,0.1375,0.0,0.0,0.0,0.0
1.5,maas_lenient,Oracle,can_tho,severe,4,240.0,2024,34.213,140.0,16,30,30,297,0.1375,0.0,0.0,0.0,0.0
1.5,maas_lenient,Oracle,soc_trang,mild,0,240.0,2024,26.4815,160.0,6,29,29,297,0.1375,0.0,0.0,0.0,0.0
1.5,maas_lenient,Oracle,soc_trang,mild,1,240.0,2024,26.4815,160.0,6,29,29,297,0.1375,0.0,0.0,0.0,0.0
1.5,maas_lenient,Oracle,soc_trang,mild,2,240.0,2024,27.037,160.0,8,29,29,297,0.1375,0.0,0.0,0.0,0.0
1.5,maas_lenient,Oracle,soc_trang,mild,3,240.0,2024,27.037,160.0,7,29,29,297,0.1375,0.0,0.0,0.0,0.0
1.5,maas_lenient,Oracle,soc_trang,mild,4,240.0,2024,26.4815,160.0,7,29,29,297,0.1375,0.0,0.0,0.0,0.0
1.5,maas_lenient,Oracle,soc_trang,severe,0,240.0,2024,27.0833,160.0,9,29,29,297,0.1375,0.0,0.0,0.0,0.0
1.5,maas_lenient,Oracle,soc_trang,severe,1,240.0,2024,25.2778,160.0,10,29,29,297,0.1375,0.0,0.0,0.0,0.0
1.5,maas_lenient,Oracle,soc_trang,severe,2,240.0,2024,27.037,160.0,8,29,29,297,0.1375,0.0,0.0,0.0,0.0
1.5,maas_lenient,Oracle,soc_trang,severe,3,240.0,2024,31.8056,140.0,22,29,29,297,0.1375,0.0,0.0,0.0,0.0
1.5,maas_lenient,Oracle,soc_trang,severe,4,240.0,2024,31.5741,140.0,21,30,30,297,0.1375,0.0,0.0,0.0,0.0
1.5,maas_lenient,Oracle,ca_mau,mild,0,240.0,2024,28.75,140.0,7,29,29,297,0.1375,0.0,0.0,0.0,0.0
1.5,maas_lenient,Oracle,ca_mau,mild,1,240.0,2024,24.213,160.0,7,29,29,297,0.1375,0.0,0.0,0.0,0.0
1.5,maas_lenient,Oracle,ca_mau,mild,2,240.0,2024,29.9537,120.0,7,29,29,297,0.1375,0.0,0.0,0.0,0.0
1.5,maas_lenient,Oracle,ca_mau,mild,3,240.0,2024,24.7685,140.0,6,29,29,297,0.1375,0.0,0.0,0.0,0.0
1.5,maas_lenient,Oracle,ca_mau,mild,4,240.0,2024,24.213,160.0,7,29,29,297,0.1375,0.0,0.0,0.0,0.0
1.5,maas_lenient,Oracle,ca_mau,severe,0,240.0,2024,29.3056,120.0,10,29,29,297,0.1375,0.0,0.0,0.0,0.0
1.5,maas_lenient,Oracle,ca_mau,severe,1,240.0,2024,28.75,140.0,9,29,29,297,0.1375,0.0,0.0,0.0,0.0
1.5,maas_lenient,Oracle,ca_mau,severe,2,240.0,2024,29.9537,120.0,8,29,29,297,0.1375,0.0,0.0,0.0,0.0
1.5,maas_lenient,Oracle,ca_mau,severe,3,240.0,2024,29.0741,120.0,12,29,29,297,0.1375,0.0,0.0,0.0,0.0
1.5,maas_lenient,Oracle,ca_mau,severe,4,240.0,2024,27.4537,140.0,21,30,30,297,0.1375,0.0,0.0,0.0,0.0
1.5,maas_lenient,Reactive+T2,can_tho,mild,0,240.0,2024,27.7778,240.0,4,0,0,297,0.1375,180.0,1176.98,6.5388,78.465
1.5,maas_lenient,Reactive+T2,can_tho,mild,1,240.0,2024,27.7778,240.0,5,0,0,297,0.1375,180.0,1176.98,6.5388,78.465
1.5,maas_lenient,Reactive+T2,can_tho,mild,2,240.0,2024,34.6759,240.0,4,0,0,297,0.1375,180.0,1117.41,6.2078,74.494
1.5,maas_lenient,Reactive+T2,can_tho,mild,3,240.0,2024,34.6759,240.0,4,0,0,297,0.1375,180.0,1117.41,6.2078,74.494
1.5,maas_lenient,Reactive+T2,can_tho,mild,4,240.0,2024,34.6759,240.0,4,0,0,297,0.1375,180.0,723.85,4.0214,48.257
1.5,maas_lenient,Reactive+T2,can_tho,severe,0,240.0,2024,27.7778,240.0,8,0,0,297,0.1375,180.0,1254.95,6.9719,83.663
1.5,maas_lenient,Reactive+T2,can_tho,severe,1,240.0,2024,33.6111,240.0,15,0,0,297,0.1375,180.0,824.68,4.5815,54.978
1.5,maas_lenient,Reactive+T2,can_tho,severe,2,240.0,2024,27.7778,240.0,12,0,0,297,0.1375,240.0,1385.47,5.7728,69.273
1.5,maas_lenient,Reactive+T2,can_tho,severe,3,240.0,2024,28.1944,240.0,33,0,0,297,0.1375,240.0,1190.53,4.9605,59.526
1.5,maas_lenient,Reactive+T2,can_tho,severe,4,240.0,2024,26.7593,240.0,19,0,0,297,0.1375,240.0,1313.95,5.4748,65.697
1.5,maas_lenient,Reactive+T2,soc_trang,mild,0,240.0,2024,25.6019,240.0,6,0,0,297,0.1375,180.0,1374.03,7.6335,91.602
1.5,maas_lenient,Reactive+T2,soc_trang,mild,1,240.0,2024,32.4537,240.0,6,0,0,297,0.1375,120.0,696.9,5.8075,69.69
1.5,maas_lenient,Reactive+T2,soc_trang,mild,2,240.0,2024,33.6111,240.0,5,0,0,297,0.1375,180.0,1350.41,7.5023,90.028
1.5,maas_lenient,Reactive+T2,soc_trang,mild,3,240.0,2024,33.6111,240.0,4,0,0,297,0.1375,180.0,1228.73,6.8263,81.915
1.5,maas_lenient,Reactive+T2,soc_trang,mild,4,240.0,2024,33.6111,240.0,4,0,0,297,0.1375,180.0,703.72,3.9096,46.915
1.5,maas_lenient,Reactive+T2,soc_trang,severe,0,240.0,2024,23.5185,240.0,16,0,0,297,0.1375,120.0,1343.0,11.1916,100.0
1.5,maas_lenient,Reactive+T2,soc_trang,severe,1,240.0,2024,25.6019,240.0,12,0,0,297,0.1375,180.0,1685.1,9.3617,100.0
1.5,maas_lenient,Reactive+T2,soc_trang,severe,2,240.0,2024,33.6111,240.0,8,0,0,297,0.1375,240.0,1049.52,4.373,52.476
1.5,maas_lenient,Reactive+T2,soc_trang,severe,3,240.0,2024,28.3333,240.0,33,0,0,297,0.1375,240.0,1190.53,4.9605,59.526
1.5,maas_lenient,Reactive+T2,soc_trang,severe,4,240.0,2024,25.6019,240.0,13,0,0,297,0.1375,180.0,1432.32,7.9573,95.488
1.5,maas_lenient,Reactive+T2,ca_mau,mild,0,240.0,2024,24.1204,240.0,6,0,0,297,0.1375,180.0,1374.03,7.6335,91.602
1.5,maas_lenient,Reactive+T2,ca_mau,mild,1,240.0,2024,31.3889,240.0,6,0,0,297,0.1375,120.0,696.9,5.8075,69.69
1.5,maas_lenient,Reactive+T2,ca_mau,mild,2,240.0,2024,32.2685,240.0,5,0,0,297,0.1375,180.0,1350.41,7.5023,90.028
1.5,maas_lenient,Reactive+T2,ca_mau,mild,3,240.0,2024,32.2685,240.0,4,0,0,297,0.1375,180.0,1228.73,6.8263,81.915
1.5,maas_lenient,Reactive+T2,ca_mau,mild,4,240.0,2024,32.2685,240.0,4,0,0,297,0.1375,180.0,703.72,3.9096,46.915
1.5,maas_lenient,Reactive+T2,ca_mau,severe,0,240.0,2024,22.2222,240.0,16,0,0,297,0.1375,120.0,1343.0,11.1916,100.0
1.5,maas_lenient,Reactive+T2,ca_mau,severe,1,240.0,2024,24.1204,240.0,12,0,0,297,0.1375,180.0,1685.1,9.3617,100.0
1.5,maas_lenient,Reactive+T2,ca_mau,severe,2,240.0,2024,32.2685,240.0,8,0,0,297,0.1375,240.0,1049.52,4.373,52.476
1.5,maas_lenient,Reactive+T2,ca_mau,severe,3,240.0,2024,25.6944,240.0,31,0,0,297,0.1375,240.0,1758.29,7.3262,87.914
1.5,maas_lenient,Reactive+T2,ca_mau,severe,4,240.0,2024,24.1204,240.0,13,0,0,297,0.1375,180.0,1432.32,7.9573,95.488
1.5,maas_lenient,FixedSchedule,can_tho,mild,0,240.0,2024,41.25,240.0,4,0,0,297,0.1375,240.0,1653.07,6.8878,82.653
1.5,maas_lenient,FixedSchedule,can_tho,mild,1,240.0,2024,47.6389,240.0,4,0,0,297,0.1375,240.0,999.36,4.164,49.968
1.5,maas_lenient,FixedSchedule,can_tho,mild,2,240.0,2024,52.4537,240.0,4,0,0,297,0.1375,240.0,1593.52,6.6397,79.676
1.5,maas_lenient,FixedSchedule,can_tho,mild,3,240.0,2024,52.4537,240.0,4,0,0,297,0.1375,240.0,1593.52,6.6397,79.676
1.5,maas_lenient,FixedSchedule,can_tho,mild,4,240.0,2024,47.6389,240.0,6,0,0,297,0.1375,240.0,1958.21,8.1592,97.91
1.5,maas_lenient,FixedSchedule,can_tho,severe,0,240.0,2024,41.25,240.0,10,0,0,297,0.1375,240.0,970.99,4.0458,48.549
1.5,maas_lenient,FixedSchedule,can_tho,severe,1,240.0,2024,46.8981,240.0,15,0,0,297,0.1375,240.0,1774.85,7.3952,88.743
1.5,maas_lenient,FixedSchedule,can_tho,severe,2,240.0,2024,52.1759,240.0,20,0,0,297,0.1375,240.0,1790.37,7.4599,89.518
1.5,maas_lenient,FixedSchedule,can_tho,severe,3,240.0,2024,52.4537,240.0,14,0,0,297,0.1375,240.0,823.02,3.4292,41.151
1.5,maas_lenient,FixedSchedule,can_tho,severe,4,240.0,2024,47.5926,240.0,15,0,0,297,0.1375,240.0,1090.26,4.5427,54.513
1.5,maas_lenient,FixedSchedule,soc_trang,mild,0,240.0,2024,41.1111,240.0,4,0,0,297,0.1375,240.0,1653.07,6.8878,82.653
1.5,maas_lenient,FixedSchedule,soc_trang,mild,1,240.0,2024,47.7778,240.0,4,0,0,297,0.1375,240.0,999.36,4.164,49.968
1.5,maas_lenient,FixedSchedule,soc_trang,mild,2,240.0,2024,52.5926,240.0,4,0,0,297,0.1375,240.0,1593.52,6.6397,79.676
1.5,maas_lenient,FixedSchedule,soc_trang,mild,3,240.0,2024,52.5926,240.0,4,0,0,297,0.1375,240.0,1593.52,6.6397,79.676
1.5,maas_lenient,FixedSchedule,soc_trang,mild,4,240.0,2024,47.7778,240.0,6,0,0,297,0.1375,240.0,1958.21,8.1592,97.91
1.5,maas_lenient,FixedSchedule,soc_trang,severe,0,240.0,2024,41.1111,240.0,10,0,0,297,0.1375,240.0,970.99,4.0458,48.549
1.5,maas_lenient,FixedSchedule,soc_trang,severe,1,240.0,2024,46.8981,240.0,15,0,0,297,0.1375,240.0,1774.85,7.3952,88.743
1.5,maas_lenient,FixedSchedule,soc_trang,severe,2,240.0,2024,52.2222,240.0,20,0,0,297,0.1375,240.0,1790.37,7.4599,89.518
1.5,maas_lenient,FixedSchedule,soc_trang,severe,3,240.0,2024,52.5,240.0,14,0,0,297,0.1375,240.0,823.02,3.4292,41.151
1.5,maas_lenient,FixedSchedule,soc_trang,severe,4,240.0,2024,47.7315,240.0,15,0,0,297,0.1375,240.0,1090.26,4.5427,54.513
1.5,maas_lenient,FixedSchedule,ca_mau,mild,0,240.0,2024,39.9537,240.0,4,0,0,297,0.1375,240.0,1653.07,6.8878,82.653
1.5,maas_lenient,FixedSchedule,ca_mau,mild,1,240.0,2024,46.1574,240.0,4,0,0,297,0.1375,240.0,999.36,4.164,49.968
1.5,maas_lenient,FixedSchedule,ca_mau,mild,2,240.0,2024,52.2222,240.0,4,0,0,297,0.1375,240.0,1593.52,6.6397,79.676
1.5,maas_lenient,FixedSchedule,ca_mau,mild,3,240.0,2024,52.2222,240.0,4,0,0,297,0.1375,240.0,1593.52,6.6397,79.676
1.5,maas_lenient,FixedSchedule,ca_mau,mild,4,240.0,2024,46.1574,240.0,6,0,0,297,0.1375,240.0,1958.21,8.1592,97.91
1.5,maas_lenient,FixedSchedule,ca_mau,severe,0,240.0,2024,39.9537,240.0,10,0,0,297,0.1375,240.0,970.99,4.0458,48.549
1.5,maas_lenient,FixedSchedule,ca_mau,severe,1,240.0,2024,45.463,240.0,15,0,0,297,0.1375,240.0,1774.85,7.3952,88.743
1.5,maas_lenient,FixedSchedule,ca_mau,severe,2,240.0,2024,51.25,240.0,20,0,0,297,0.1375,240.0,1790.37,7.4599,89.518
1.5,maas_lenient,FixedSchedule,ca_mau,severe,3,240.0,2024,52.2222,240.0,14,0,0,297,0.1375,240.0,823.02,3.4292,41.151
1.5,maas_lenient,FixedSchedule,ca_mau,severe,4,240.0,2024,46.1111,240.0,15,0,0,297,0.1375,240.0,1090.26,4.5427,54.513
2.0,grattan_strict,TwinGate+T2,can_tho,mild,0,240.0,2024,57.8241,0.0,0,90,90,0,0.0,0.0,0.0,0.0,0.0
2.0,grattan_strict,TwinGate+T2,can_tho,mild,1,240.0,2024,57.8241,0.0,0,90,90,0,0.0,0.0,0.0,0.0,0.0
2.0,grattan_strict,TwinGate+T2,can_tho,mild,2,240.0,2024,57.8241,0.0,0,90,90,0,0.0,0.0,0.0,0.0,0.0
2.0,grattan_strict,TwinGate+T2,can_tho,mild,3,240.0,2024,57.8241,0.0,0,90,90,0,0.0,0.0,0.0,0.0,0.0
2.0,grattan_strict,TwinGate+T2,can_tho,mild,4,240.0,2024,57.8241,0.0,0,90,90,0,0.0,0.0,0.0,0.0,0.0
2.0,grattan_strict,TwinGate+T2,can_tho,severe,0,240.0,2024,57.8241,0.0,0,90,90,0,0.0,0.0,0.0,0.0,0.0
2.0,grattan_strict,TwinGate+T2,can_tho,severe,1,240.0,2024,57.8241,0.0,0,90,90,0,0.0,0.0,0.0,0.0,0.0
2.0,grattan_strict,TwinGate+T2,can_tho,severe,2,240.0,2024,57.8241,0.0,0,90,90,0,0.0,0.0,0.0,0.0,0.0
2.0,grattan_strict,TwinGate+T2,can_tho,severe,3,240.0,2024,57.8241,0.0,0,90,90,0,0.0,0.0,0.0,0.0,0.0
2.0,grattan_strict,TwinGate+T2,can_tho,severe,4,240.0,2024,57.8241,0.0,0,90,90,0,0.0,0.0,0.0,0.0,0.0
2.0,grattan_strict,TwinGate+T2,soc_trang,mild,0,240.0,2024,58.7963,0.0,0,90,90,0,0.0,0.0,0.0,0.0,0.0
2.0,grattan_strict,TwinGate+T2,soc_trang,mild,1,240.0,2024,58.7963,0.0,0,90,90,0,0.0,0.0,0.0,0.0,0.0
2.0,grattan_strict,TwinGate+T2,soc_trang,mild,2,240.0,2024,58.7963,0.0,0,90,90,0,0.0,0.0,0.0,0.0,0.0
2.0,grattan_strict,TwinGate+T2,soc_trang,mild,3,240.0,2024,58.7963,0.0,0,90,90,0,0.0,0.0,0.0,0.0,0.0
2.0,grattan_strict,TwinGate+T2,soc_trang,mild,4,240.0,2024,58.7963,0.0,0,90,90,0,0.0,0.0,0.0,0.0,0.0
2.0,grattan_strict,TwinGate+T2,soc_trang,severe,0,240.0,2024,58.7963,0.0,0,90,90,0,0.0,0.0,0.0,0.0,0.0
2.0,grattan_strict,TwinGate+T2,soc_trang,severe,1,240.0,2024,58.7963,0.0,0,90,90,0,0.0,0.0,0.0,0.0,0.0
2.0,grattan_strict,TwinGate+T2,soc_trang,severe,2,240.0,2024,58.7963,0.0,0,90,90,0,0.0,0.0,0.0,0.0,0.0
2.0,grattan_strict,TwinGate+T2,soc_trang,severe,3,240.0,2024,58.7963,0.0,0,90,90,0,0.0,0.0,0.0,0.0,0.0
2.0,grattan_strict,TwinGate+T2,soc_trang,severe,4,240.0,2024,58.7963,0.0,0,90,90,0,0.0,0.0,0.0,0.0,0.0
2.0,grattan_strict,TwinGate+T2,ca_mau,mild,0,240.0,2024,56.8056,0.0,0,90,90,0,0.0,0.0,0.0,0.0,0.0
2.0,grattan_strict,TwinGate+T2,ca_mau,mild,1,240.0,2024,56.8056,0.0,0,90,90,0,0.0,0.0,0.0,0.0,0.0
2.0,grattan_strict,TwinGate+T2,ca_mau,mild,2,240.0,2024,56.8056,0.0,0,90,90,0,0.0,0.0,0.0,0.0,0.0
2.0,grattan_strict,TwinGate+T2,ca_mau,mild,3,240.0,2024,56.8056,0.0,0,90,90,0,0.0,0.0,0.0,0.0,0.0
2.0,grattan_strict,TwinGate+T2,ca_mau,mild,4,240.0,2024,56.8056,0.0,0,90,90,0,0.0,0.0,0.0,0.0,0.0
2.0,grattan_strict,TwinGate+T2,ca_mau,severe,0,240.0,2024,56.8056,0.0,0,90,90,0,0.0,0.0,0.0,0.0,0.0
2.0,grattan_strict,TwinGate+T2,ca_mau,severe,1,240.0,2024,56.8056,0.0,0,90,90,0,0.0,0.0,0.0,0.0,0.0
2.0,grattan_strict,TwinGate+T2,ca_mau,severe,2,240.0,2024,56.8056,0.0,0,90,90,0,0.0,0.0,0.0,0.0,0.0
2.0,grattan_strict,TwinGate+T2,ca_mau,severe,3,240.0,2024,56.8056,0.0,0,90,90,0,0.0,0.0,0.0,0.0,0.0
2.0,grattan_strict,TwinGate+T2,ca_mau,severe,4,240.0,2024,56.8056,0.0,0,90,90,0,0.0,0.0,0.0,0.0,0.0
2.0,grattan_strict,Oracle,can_tho,mild,0,240.0,2024,57.8241,0.0,0,90,90,0,0.0,0.0,0.0,0.0,0.0
2.0,grattan_strict,Oracle,can_tho,mild,1,240.0,2024,57.8241,0.0,0,90,90,0,0.0,0.0,0.0,0.0,0.0
2.0,grattan_strict,Oracle,can_tho,mild,2,240.0,2024,57.8241,0.0,0,90,90,0,0.0,0.0,0.0,0.0,0.0
2.0,grattan_strict,Oracle,can_tho,mild,3,240.0,2024,57.8241,0.0,0,90,90,0,0.0,0.0,0.0,0.0,0.0
2.0,grattan_strict,Oracle,can_tho,mild,4,240.0,2024,57.8241,0.0,0,90,90,0,0.0,0.0,0.0,0.0,0.0
2.0,grattan_strict,Oracle,can_tho,severe,0,240.0,2024,57.8241,0.0,0,90,90,0,0.0,0.0,0.0,0.0,0.0
2.0,grattan_strict,Oracle,can_tho,severe,1,240.0,2024,57.8241,0.0,0,90,90,0,0.0,0.0,0.0,0.0,0.0
2.0,grattan_strict,Oracle,can_tho,severe,2,240.0,2024,57.8241,0.0,0,90,90,0,0.0,0.0,0.0,0.0,0.0
2.0,grattan_strict,Oracle,can_tho,severe,3,240.0,2024,57.8241,0.0,0,90,90,0,0.0,0.0,0.0,0.0,0.0
2.0,grattan_strict,Oracle,can_tho,severe,4,240.0,2024,57.8241,0.0,0,90,90,0,0.0,0.0,0.0,0.0,0.0
2.0,grattan_strict,Oracle,soc_trang,mild,0,240.0,2024,58.7963,0.0,0,90,90,0,0.0,0.0,0.0,0.0,0.0
2.0,grattan_strict,Oracle,soc_trang,mild,1,240.0,2024,58.7963,0.0,0,90,90,0,0.0,0.0,0.0,0.0,0.0
2.0,grattan_strict,Oracle,soc_trang,mild,2,240.0,2024,58.7963,0.0,0,90,90,0,0.0,0.0,0.0,0.0,0.0
2.0,grattan_strict,Oracle,soc_trang,mild,3,240.0,2024,58.7963,0.0,0,90,90,0,0.0,0.0,0.0,0.0,0.0
2.0,grattan_strict,Oracle,soc_trang,mild,4,240.0,2024,58.7963,0.0,0,90,90,0,0.0,0.0,0.0,0.0,0.0
2.0,grattan_strict,Oracle,soc_trang,severe,0,240.0,2024,58.7963,0.0,0,90,90,0,0.0,0.0,0.0,0.0,0.0
2.0,grattan_strict,Oracle,soc_trang,severe,1,240.0,2024,58.7963,0.0,0,90,90,0,0.0,0.0,0.0,0.0,0.0
2.0,grattan_strict,Oracle,soc_trang,severe,2,240.0,2024,58.7963,0.0,0,90,90,0,0.0,0.0,0.0,0.0,0.0
2.0,grattan_strict,Oracle,soc_trang,severe,3,240.0,2024,58.7963,0.0,0,90,90,0,0.0,0.0,0.0,0.0,0.0
2.0,grattan_strict,Oracle,soc_trang,severe,4,240.0,2024,58.7963,0.0,0,90,90,0,0.0,0.0,0.0,0.0,0.0
2.0,grattan_strict,Oracle,ca_mau,mild,0,240.0,2024,56.8056,0.0,0,90,90,0,0.0,0.0,0.0,0.0,0.0
2.0,grattan_strict,Oracle,ca_mau,mild,1,240.0,2024,56.8056,0.0,0,90,90,0,0.0,0.0,0.0,0.0,0.0
2.0,grattan_strict,Oracle,ca_mau,mild,2,240.0,2024,56.8056,0.0,0,90,90,0,0.0,0.0,0.0,0.0,0.0
2.0,grattan_strict,Oracle,ca_mau,mild,3,240.0,2024,56.8056,0.0,0,90,90,0,0.0,0.0,0.0,0.0,0.0
2.0,grattan_strict,Oracle,ca_mau,mild,4,240.0,2024,56.8056,0.0,0,90,90,0,0.0,0.0,0.0,0.0,0.0
2.0,grattan_strict,Oracle,ca_mau,severe,0,240.0,2024,56.8056,0.0,0,90,90,0,0.0,0.0,0.0,0.0,0.0
2.0,grattan_strict,Oracle,ca_mau,severe,1,240.0,2024,56.8056,0.0,0,90,90,0,0.0,0.0,0.0,0.0,0.0
2.0,grattan_strict,Oracle,ca_mau,severe,2,240.0,2024,56.8056,0.0,0,90,90,0,0.0,0.0,0.0,0.0,0.0
2.0,grattan_strict,Oracle,ca_mau,severe,3,240.0,2024,56.8056,0.0,0,90,90,0,0.0,0.0,0.0,0.0,0.0
2.0,grattan_strict,Oracle,ca_mau,severe,4,240.0,2024,56.8056,0.0,0,90,90,0,0.0,0.0,0.0,0.0,0.0
2.0,grattan_strict,Reactive+T2,can_tho,mild,0,240.0,2024,27.7778,240.0,4,0,0,0,0.0,240.0,2163.66,9.0152,100.0
2.0,grattan_strict,Reactive+T2,can_tho,mild,1,240.0,2024,27.7778,240.0,5,0,0,0,0.0,240.0,2163.66,9.0152,100.0
2.0,grattan_strict,Reactive+T2,can_tho,mild,2,240.0,2024,34.6759,240.0,4,0,0,0,0.0,240.0,2084.23,8.6843,100.0
2.0,grattan_strict,Reactive+T2,can_tho,mild,3,240.0,2024,34.6759,240.0,4,0,0,0,0.0,240.0,2084.23,8.6843,100.0
2.0,grattan_strict,Reactive+T2,can_tho,mild,4,240.0,2024,34.6759,240.0,4,0,0,0,0.0,240.0,1559.48,6.4978,77.974
2.0,grattan_strict,Reactive+T2,can_tho,severe,0,240.0,2024,27.7778,240.0,8,0,0,0,0.0,240.0,2267.61,9.4484,100.0
2.0,grattan_strict,Reactive+T2,can_tho,severe,1,240.0,2024,33.6111,240.0,15,0,0,0,0.0,240.0,1704.03,7.1001,85.202
2.0,grattan_strict,Reactive+T2,can_tho,severe,2,240.0,2024,27.7778,240.0,12,0,0,0,0.0,240.0,2487.29,10.3637,100.0
2.0,grattan_strict,Reactive+T2,can_tho,severe,3,240.0,2024,28.1944,240.0,33,0,0,0,0.0,240.0,2227.37,9.2807,100.0
2.0,grattan_strict,Reactive+T2,can_tho,severe,4,240.0,2024,26.7593,240.0,19,0,0,0,0.0,240.0,2391.93,9.9664,100.0
2.0,grattan_strict,Reactive+T2,soc_trang,mild,0,240.0,2024,25.6019,240.0,6,0,0,0,0.0,240.0,2398.72,9.9947,100.0
2.0,grattan_strict,Reactive+T2,soc_trang,mild,1,240.0,2024,32.4537,240.0,6,0,0,0,0.0,240.0,1472.5,6.1354,73.625
2.0,grattan_strict,Reactive+T2,soc_trang,mild,2,240.0,2024,33.6111,240.0,5,0,0,0,0.0,240.0,2394.9,9.9788,100.0
2.0,grattan_strict,Reactive+T2,soc_trang,mild,3,240.0,2024,33.6111,240.0,4,0,0,0,0.0,240.0,2232.66,9.3027,100.0
2.0,grattan_strict,Reactive+T2,soc_trang,mild,4,240.0,2024,33.6111,240.0,4,0,0,0,0.0,240.0,1532.64,6.386,76.632
2.0,grattan_strict,Reactive+T2,soc_trang,severe,0,240.0,2024,23.5185,240.0,16,0,0,0,0.0,240.0,2336.55,9.7356,100.0
2.0,grattan_strict,Reactive+T2,soc_trang,severe,1,240.0,2024,25.6019,240.0,12,0,0,0,0.0,240.0,2823.6,11.765,100.0
2.0,grattan_strict,Reactive+T2,soc_trang,severe,2,240.0,2024,33.6111,240.0,8,0,0,0,0.0,240.0,2039.36,8.4973,100.0
2.0,grattan_strict,Reactive+T2,soc_trang,severe,3,240.0,2024,28.3333,240.0,33,0,0,0,0.0,240.0,2227.37,9.2807,100.0
2.0,grattan_strict,Reactive+T2,soc_trang,severe,4,240.0,2024,25.6019,240.0,13,0,0,0,0.0,240.0,2471.05,10.296,100.0
2.0,grattan_strict,Reactive+T2,ca_mau,mild,0,240.0,2024,24.1204,240.0,6,0,0,0,0.0,240.0,2398.72,9.9947,100.0
2.0,grattan_strict,Reactive+T2,ca_mau,mild,1,240.0,2024,31.3889,240.0,6,0,0,0,0.0,240.0,1472.5,6.1354,73.625
2.0,grattan_strict,Reactive+T2,ca_mau,mild,2,240.0,2024,32.2685,240.0,5,0,0,0,0.0,240.0,2394.9,9.9788,100.0
2.0,grattan_strict,Reactive+T2,ca_mau,mild,3,240.0,2024,32.2685,240.0,4,0,0,0,0.0,240.0,2232.66,9.3027,100.0
2.0,grattan_strict,Reactive+T2,ca_mau,mild,4,240.0,2024,32.2685,240.0,4,0,0,0,0.0,240.0,1532.64,6.386,76.632
2.0,grattan_strict,Reactive+T2,ca_mau,severe,0,240.0,2024,22.2222,240.0,16,0,0,0,0.0,240.0,2336.55,9.7356,100.0
2.0,grattan_strict,Reactive+T2,ca_mau,severe,1,240.0,2024,24.1204,240.0,12,0,0,0,0.0,240.0,2823.6,11.765,100.0
2.0,grattan_strict,Reactive+T2,ca_mau,severe,2,240.0,2024,32.2685,240.0,8,0,0,0,0.0,240.0,2039.36,8.4973,100.0
2.0,grattan_strict,Reactive+T2,ca_mau,severe,3,240.0,2024,25.6944,240.0,31,0,0,0,0.0,240.0,2984.38,12.4349,100.0
2.0,grattan_strict,Reactive+T2,ca_mau,severe,4,240.0,2024,24.1204,240.0,13,0,0,0,0.0,240.0,2471.05,10.296,100.0
2.0,grattan_strict,FixedSchedule,can_tho,mild,0,240.0,2024,41.25,240.0,4,0,0,0,0.0,240.0,2844.09,11.8504,100.0
2.0,grattan_strict,FixedSchedule,can_tho,mild,1,240.0,2024,47.6389,240.0,4,0,0,0,0.0,240.0,1972.48,8.2187,98.624
2.0,grattan_strict,FixedSchedule,can_tho,mild,2,240.0,2024,52.4537,240.0,4,0,0,0,0.0,240.0,2764.7,11.5196,100.0
2.0,grattan_strict,FixedSchedule,can_tho,mild,3,240.0,2024,52.4537,240.0,4,0,0,0,0.0,240.0,2764.7,11.5196,100.0
2.0,grattan_strict,FixedSchedule,can_tho,mild,4,240.0,2024,47.6389,240.0,6,0,0,0,0.0,240.0,3250.94,13.5456,100.0
2.0,grattan_strict,FixedSchedule,can_tho,severe,0,240.0,2024,41.25,240.0,10,0,0,0,0.0,240.0,1934.65,8.061,96.733
2.0,grattan_strict,FixedSchedule,can_tho,severe,1,240.0,2024,46.8981,240.0,15,0,0,0,0.0,240.0,3006.47,12.527,100.0
2.0,grattan_strict,FixedSchedule,can_tho,severe,2,240.0,2024,52.1759,240.0,20,0,0,0,0.0,240.0,3027.16,12.6132,100.0
2.0,grattan_strict,FixedSchedule,can_tho,severe,3,240.0,2024,52.4537,240.0,14,0,0,0,0.0,240.0,1737.36,7.239,86.868
2.0,grattan_strict,FixedSchedule,can_tho,severe,4,240.0,2024,47.5926,240.0,15,0,0,0,0.0,240.0,2093.68,8.7237,100.0
2.0,grattan_strict,FixedSchedule,soc_trang,mild,0,240.0,2024,41.1111,240.0,4,0,0,0,0.0,240.0,2844.09,11.8504,100.0
2.0,grattan_strict,FixedSchedule,soc_trang,mild,1,240.0,2024,47.7778,240.0,4,0,0,0,0.0,240.0,1972.48,8.2187,98.624
2.0,grattan_strict,FixedSchedule,soc_trang,mild,2,240.0,2024,52.5926,240.0,4,0,0,0,0.0,240.0,2764.7,11.5196,100.0
2.0,grattan_strict,FixedSchedule,soc_trang,mild,3,240.0,2024,52.5926,240.0,4,0,0,0,0.0,240.0,2764.7,11.5196,100.0
2.0,grattan_strict,FixedSchedule,soc_trang,mild,4,240.0,2024,47.7778,240.0,6,0,0,0,0.0,240.0,3250.94,13.5456,100.0
2.0,grattan_strict,FixedSchedule,soc_trang,severe,0,240.0,2024,41.1111,240.0,10,0,0,0,0.0,240.0,1934.65,8.061,96.733
2.0,grattan_strict,FixedSchedule,soc_trang,severe,1,240.0,2024,46.8981,240.0,15,0,0,0,0.0,240.0,3006.47,12.527,100.0
2.0,grattan_strict,FixedSchedule,soc_trang,severe,2,240.0,2024,52.2222,240.0,20,0,0,0,0.0,240.0,3027.16,12.6132,100.0
2.0,grattan_strict,FixedSchedule,soc_trang,severe,3,240.0,2024,52.5,240.0,14,0,0,0,0.0,240.0,1737.36,7.239,86.868
2.0,grattan_strict,FixedSchedule,soc_trang,severe,4,240.0,2024,47.7315,240.0,15,0,0,0,0.0,240.0,2093.68,8.7237,100.0
2.0,grattan_strict,FixedSchedule,ca_mau,mild,0,240.0,2024,39.9537,240.0,4,0,0,0,0.0,240.0,2844.09,11.8504,100.0
2.0,grattan_strict,FixedSchedule,ca_mau,mild,1,240.0,2024,46.1574,240.0,4,0,0,0,0.0,240.0,1972.48,8.2187,98.624
2.0,grattan_strict,FixedSchedule,ca_mau,mild,2,240.0,2024,52.2222,240.0,4,0,0,0,0.0,240.0,2764.7,11.5196,100.0
2.0,grattan_strict,FixedSchedule,ca_mau,mild,3,240.0,2024,52.2222,240.0,4,0,0,0,0.0,240.0,2764.7,11.5196,100.0
2.0,grattan_strict,FixedSchedule,ca_mau,mild,4,240.0,2024,46.1574,240.0,6,0,0,0,0.0,240.0,3250.94,13.5456,100.0
2.0,grattan_strict,FixedSchedule,ca_mau,severe,0,240.0,2024,39.9537,240.0,10,0,0,0,0.0,240.0,1934.65,8.061,96.733
2.0,grattan_strict,FixedSchedule,ca_mau,severe,1,240.0,2024,45.463,240.0,15,0,0,0,0.0,240.0,3006.47,12.527,100.0
2.0,grattan_strict,FixedSchedule,ca_mau,severe,2,240.0,2024,51.25,240.0,20,0,0,0,0.0,240.0,3027.16,12.6132,100.0
2.0,grattan_strict,FixedSchedule,ca_mau,severe,3,240.0,2024,52.2222,240.0,14,0,0,0,0.0,240.0,1737.36,7.239,86.868
2.0,grattan_strict,FixedSchedule,ca_mau,severe,4,240.0,2024,46.1111,240.0,15,0,0,0,0.0,240.0,2093.68,8.7237,100.0
2.0,central,TwinGate+T2,can_tho,mild,0,240.0,2024,54.1204,60.0,2,88,61,56,0.0259,0.0,0.0,0.0,0.0
2.0,central,TwinGate+T2,can_tho,mild,1,240.0,2024,54.1204,60.0,2,88,61,56,0.0259,0.0,0.0,0.0,0.0
2.0,central,TwinGate+T2,can_tho,mild,2,240.0,2024,54.1204,60.0,2,88,61,56,0.0259,0.0,0.0,0.0,0.0
2.0,central,TwinGate+T2,can_tho,mild,3,240.0,2024,54.1204,60.0,2,88,61,56,0.0259,0.0,0.0,0.0,0.0
2.0,central,TwinGate+T2,can_tho,mild,4,240.0,2024,54.1204,60.0,2,88,61,56,0.0259,0.0,0.0,0.0,0.0
2.0,central,TwinGate+T2,can_tho,severe,0,240.0,2024,54.1204,60.0,2,88,61,56,0.0259,0.0,0.0,0.0,0.0
2.0,central,TwinGate+T2,can_tho,severe,1,240.0,2024,55.2778,40.0,3,88,61,56,0.0259,0.0,0.0,0.0,0.0
2.0,central,TwinGate+T2,can_tho,severe,2,240.0,2024,56.4352,40.0,5,87,61,56,0.0259,0.0,0.0,0.0,0.0
2.0,central,TwinGate+T2,can_tho,severe,3,240.0,2024,54.1204,60.0,5,87,61,56,0.0259,0.0,0.0,0.0,0.0
2.0,central,TwinGate+T2,can_tho,severe,4,240.0,2024,54.1204,80.0,2,89,61,56,0.0259,0.0,0.0,0.0,0.0
2.0,central,TwinGate+T2,soc_trang,mild,0,240.0,2024,54.0278,60.0,2,88,61,56,0.0259,0.0,0.0,0.0,0.0
2.0,central,TwinGate+T2,soc_trang,mild,1,240.0,2024,54.0278,60.0,2,88,61,56,0.0259,0.0,0.0,0.0,0.0
2.0,central,TwinGate+T2,soc_trang,mild,2,240.0,2024,54.0278,60.0,2,88,61,56,0.0259,0.0,0.0,0.0,0.0
2.0,central,TwinGate+T2,soc_trang,mild,3,240.0,2024,54.0278,60.0,2,88,61,56,0.0259,0.0,0.0,0.0,0.0
2.0,central,TwinGate+T2,soc_trang,mild,4,240.0,2024,54.0278,60.0,2,88,61,56,0.0259,0.0,0.0,0.0,0.0
2.0,central,TwinGate+T2,soc_trang,severe,0,240.0,2024,54.0278,60.0,2,88,61,56,0.0259,0.0,0.0,0.0,0.0
2.0,central,TwinGate+T2,soc_trang,severe,1,240.0,2024,55.1852,40.0,3,88,61,56,0.0259,0.0,0.0,0.0,0.0
2.0,central,TwinGate+T2,soc_trang,severe,2,240.0,2024,56.3426,40.0,5,87,61,56,0.0259,0.0,0.0,0.0,0.0
2.0,central,TwinGate+T2,soc_trang,severe,3,240.0,2024,54.0278,60.0,3,88,61,56,0.0259,0.0,0.0,0.0,0.0
2.0,central,TwinGate+T2,soc_trang,severe,4,240.0,2024,54.0278,80.0,2,89,61,56,0.0259,0.0,0.0,0.0,0.0
2.0,central,TwinGate+T2,ca_mau,mild,0,240.0,2024,52.1296,40.0,1,89,61,56,0.0259,0.0,0.0,0.0,0.0
2.0,central,TwinGate+T2,ca_mau,mild,1,240.0,2024,52.1296,40.0,1,89,61,56,0.0259,0.0,0.0,0.0,0.0
2.0,central,TwinGate+T2,ca_mau,mild,2,240.0,2024,52.1296,40.0,1,89,61,56,0.0259,0.0,0.0,0.0,0.0
2.0,central,TwinGate+T2,ca_mau,mild,3,240.0,2024,52.1296,40.0,1,89,61,56,0.0259,0.0,0.0,0.0,0.0
2.0,central,TwinGate+T2,ca_mau,mild,4,240.0,2024,52.1296,40.0,1,89,61,56,0.0259,0.0,0.0,0.0,0.0
2.0,central,TwinGate+T2,ca_mau,severe,0,240.0,2024,52.1296,40.0,1,89,61,56,0.0259,0.0,0.0,0.0,0.0
2.0,central,TwinGate+T2,ca_mau,severe,1,240.0,2024,53.287,40.0,3,88,61,56,0.0259,0.0,0.0,0.0,0.0
2.0,central,TwinGate+T2,ca_mau,severe,2,240.0,2024,54.4444,40.0,5,87,61,56,0.0259,0.0,0.0,0.0,0.0
2.0,central,TwinGate+T2,ca_mau,severe,3,240.0,2024,52.1296,40.0,1,89,61,56,0.0259,0.0,0.0,0.0,0.0
2.0,central,TwinGate+T2,ca_mau,severe,4,240.0,2024,52.1296,80.0,2,89,61,56,0.0259,0.0,0.0,0.0,0.0
2.0,central,Oracle,can_tho,mild,0,240.0,2024,54.1204,80.0,2,61,61,56,0.0259,0.0,0.0,0.0,0.0
2.0,central,Oracle,can_tho,mild,1,240.0,2024,54.1204,80.0,2,61,61,56,0.0259,0.0,0.0,0.0,0.0
2.0,central,Oracle,can_tho,mild,2,240.0,2024,54.1204,80.0,2,61,61,56,0.0259,0.0,0.0,0.0,0.0
2.0,central,Oracle,can_tho,mild,3,240.0,2024,54.1204,80.0,2,61,61,56,0.0259,0.0,0.0,0.0,0.0
2.0,central,Oracle,can_tho,mild,4,240.0,2024,54.1204,80.0,2,61,61,56,0.0259,0.0,0.0,0.0,0.0
2.0,central,Oracle,can_tho,severe,0,240.0,2024,54.1204,80.0,2,61,61,56,0.0259,0.0,0.0,0.0,0.0
2.0,central,Oracle,can_tho,severe,1,240.0,2024,55.2778,60.0,3,61,61,56,0.0259,0.0,0.0,0.0,0.0
2.0,central,Oracle,can_tho,severe,2,240.0,2024,56.4352,60.0,5,62,62,56,0.0259,0.0,0.0,0.0,0.0
2.0,central,Oracle,can_tho,severe,3,240.0,2024,54.1204,80.0,3,61,61,56,0.0259,0.0,0.0,0.0,0.0
2.0,central,Oracle,can_tho,severe,4,240.0,2024,54.1204,80.0,2,61,61,56,0.0259,0.0,0.0,0.0,0.0
2.0,central,Oracle,soc_trang,mild,0,240.0,2024,54.0278,80.0,2,61,61,56,0.0259,0.0,0.0,0.0,0.0
2.0,central,Oracle,soc_trang,mild,1,240.0,2024,54.0278,80.0,2,61,61,56,0.0259,0.0,0.0,0.0,0.0
2.0,central,Oracle,soc_trang,mild,2,240.0,2024,54.0278,80.0,2,61,61,56,0.0259,0.0,0.0,0.0,0.0
2.0,central,Oracle,soc_trang,mild,3,240.0,2024,54.0278,80.0,2,61,61,56,0.0259,0.0,0.0,0.0,0.0
2.0,central,Oracle,soc_trang,mild,4,240.0,2024,54.0278,80.0,2,61,61,56,0.0259,0.0,0.0,0.0,0.0
2.0,central,Oracle,soc_trang,severe,0,240.0,2024,54.0278,80.0,2,61,61,56,0.0259,0.0,0.0,0.0,0.0
2.0,central,Oracle,soc_trang,severe,1,240.0,2024,55.1852,60.0,3,61,61,56,0.0259,0.0,0.0,0.0,0.0
2.0,central,Oracle,soc_trang,severe,2,240.0,2024,56.3426,60.0,5,62,62,56,0.0259,0.0,0.0,0.0,0.0
2.0,central,Oracle,soc_trang,severe,3,240.0,2024,54.0278,80.0,3,61,61,56,0.0259,0.0,0.0,0.0,0.0
2.0,central,Oracle,soc_trang,severe,4,240.0,2024,54.0278,80.0,2,61,61,56,0.0259,0.0,0.0,0.0,0.0
2.0,central,Oracle,ca_mau,mild,0,240.0,2024,52.1296,80.0,2,61,61,56,0.0259,0.0,0.0,0.0,0.0
2.0,central,Oracle,ca_mau,mild,1,240.0,2024,52.1296,80.0,2,61,61,56,0.0259,0.0,0.0,0.0,0.0
2.0,central,Oracle,ca_mau,mild,2,240.0,2024,52.1296,80.0,2,61,61,56,0.0259,0.0,0.0,0.0,0.0
2.0,central,Oracle,ca_mau,mild,3,240.0,2024,52.1296,80.0,2,61,61,56,0.0259,0.0,0.0,0.0,0.0
2.0,central,Oracle,ca_mau,mild,4,240.0,2024,52.1296,80.0,2,61,61,56,0.0259,0.0,0.0,0.0,0.0
2.0,central,Oracle,ca_mau,severe,0,240.0,2024,52.1296,80.0,4,62,62,56,0.0259,0.0,0.0,0.0,0.0
2.0,central,Oracle,ca_mau,severe,1,240.0,2024,53.287,60.0,3,61,61,56,0.0259,0.0,0.0,0.0,0.0
2.0,central,Oracle,ca_mau,severe,2,240.0,2024,54.4444,60.0,5,62,62,56,0.0259,0.0,0.0,0.0,0.0
2.0,central,Oracle,ca_mau,severe,3,240.0,2024,52.1296,80.0,3,61,61,56,0.0259,0.0,0.0,0.0,0.0
2.0,central,Oracle,ca_mau,severe,4,240.0,2024,52.1296,80.0,2,61,61,56,0.0259,0.0,0.0,0.0,0.0
2.0,central,Reactive+T2,can_tho,mild,0,240.0,2024,27.7778,240.0,4,0,0,56,0.0259,240.0,1899.66,7.9152,94.983
2.0,central,Reactive+T2,can_tho,mild,1,240.0,2024,27.7778,240.0,5,0,0,56,0.0259,240.0,1899.66,7.9152,94.983
2.0,central,Reactive+T2,can_tho,mild,2,240.0,2024,34.6759,240.0,4,0,0,56,0.0259,240.0,1820.23,7.5843,91.011
2.0,central,Reactive+T2,can_tho,mild,3,240.0,2024,34.6759,240.0,4,0,0,56,0.0259,240.0,1820.23,7.5843,91.011
2.0,central,Reactive+T2,can_tho,mild,4,240.0,2024,34.6759,240.0,4,0,0,56,0.0259,240.0,1295.48,5.3978,64.774
2.0,central,Reactive+T2,can_tho,severe,0,240.0,2024,27.7778,240.0,8,0,0,56,0.0259,240.0,2003.61,8.3484,100.0
2.0,central,Reactive+T2,can_tho,severe,1,240.0,2024,33.6111,240.0,15,0,0,56,0.0259,240.0,1440.03,6.0001,72.002
2.0,central,Reactive+T2,can_tho,severe,2,240.0,2024,27.7778,240.0,12,0,0,56,0.0259,240.0,2223.29,9.2637,100.0
2.0,central,Reactive+T2,can_tho,severe,3,240.0,2024,28.1944,240.0,33,0,0,56,0.0259,240.0,1963.37,8.1807,98.168
2.0,central,Reactive+T2,can_tho,severe,4,240.0,2024,26.7593,240.0,19,0,0,56,0.0259,240.0,2127.93,8.8664,100.0
2.0,central,Reactive+T2,soc_trang,mild,0,240.0,2024,25.6019,240.0,6,0,0,56,0.0259,240.0,2145.72,8.9405,100.0
2.0,central,Reactive+T2,soc_trang,mild,1,240.0,2024,32.4537,240.0,6,0,0,56,0.0259,240.0,1208.5,5.0354,60.425
2.0,central,Reactive+T2,soc_trang,mild,2,240.0,2024,33.6111,240.0,5,0,0,56,0.0259,240.0,2130.9,8.8788,100.0
2.0,central,Reactive+T2,soc_trang,mild,3,240.0,2024,33.6111,240.0,4,0,0,56,0.0259,240.0,1968.66,8.2027,98.433
2.0,central,Reactive+T2,soc_trang,mild,4,240.0,2024,33.6111,240.0,4,0,0,56,0.0259,240.0,1268.64,5.286,63.432
2.0,central,Reactive+T2,soc_trang,severe,0,240.0,2024,23.5185,240.0,16,0,0,56,0.0259,240.0,2083.55,8.6814,100.0
2.0,central,Reactive+T2,soc_trang,severe,1,240.0,2024,25.6019,240.0,12,0,0,56,0.0259,240.0,2570.6,10.7108,100.0
2.0,central,Reactive+T2,soc_trang,severe,2,240.0,2024,33.6111,240.0,8,0,0,56,0.0259,240.0,1775.36,7.3973,88.768
2.0,central,Reactive+T2,soc_trang,severe,3,240.0,2024,28.3333,240.0,33,0,0,56,0.0259,240.0,1963.37,8.1807,98.168
2.0,central,Reactive+T2,soc_trang,severe,4,240.0,2024,25.6019,240.0,13,0,0,56,0.0259,240.0,2218.05,9.2419,100.0
2.0,central,Reactive+T2,ca_mau,mild,0,240.0,2024,24.1204,240.0,6,0,0,56,0.0259,240.0,2145.72,8.9405,100.0
2.0,central,Reactive+T2,ca_mau,mild,1,240.0,2024,31.3889,240.0,6,0,0,56,0.0259,240.0,1208.5,5.0354,60.425
2.0,central,Reactive+T2,ca_mau,mild,2,240.0,2024,32.2685,240.0,5,0,0,56,0.0259,240.0,2130.9,8.8788,100.0
2.0,central,Reactive+T2,ca_mau,mild,3,240.0,2024,32.2685,240.0,4,0,0,56,0.0259,240.0,1968.66,8.2027,98.433
2.0,central,Reactive+T2,ca_mau,mild,4,240.0,2024,32.2685,240.0,4,0,0,56,0.0259,240.0,1268.64,5.286,63.432
2.0,central,Reactive+T2,ca_mau,severe,0,240.0,2024,22.2222,240.0,16,0,0,56,0.0259,240.0,2083.55,8.6814,100.0
2.0,central,Reactive+T2,ca_mau,severe,1,240.0,2024,24.1204,240.0,12,0,0,56,0.0259,240.0,2570.6,10.7108,100.0
2.0,central,Reactive+T2,ca_mau,severe,2,240.0,2024,32.2685,240.0,8,0,0,56,0.0259,240.0,1775.36,7.3973,88.768
2.0,central,Reactive+T2,ca_mau,severe,3,240.0,2024,25.6944,240.0,31,0,0,56,0.0259,240.0,2720.38,11.3349,100.0
2.0,central,Reactive+T2,ca_mau,severe,4,240.0,2024,24.1204,240.0,13,0,0,56,0.0259,240.0,2218.05,9.2419,100.0
2.0,central,FixedSchedule,can_tho,mild,0,240.0,2024,41.25,240.0,4,0,0,56,0.0259,240.0,2580.09,10.7504,100.0
2.0,central,FixedSchedule,can_tho,mild,1,240.0,2024,47.6389,240.0,4,0,0,56,0.0259,240.0,1708.48,7.1187,85.424
2.0,central,FixedSchedule,can_tho,mild,2,240.0,2024,52.4537,240.0,4,0,0,56,0.0259,240.0,2500.7,10.4196,100.0
2.0,central,FixedSchedule,can_tho,mild,3,240.0,2024,52.4537,240.0,4,0,0,56,0.0259,240.0,2500.7,10.4196,100.0
2.0,central,FixedSchedule,can_tho,mild,4,240.0,2024,47.6389,240.0,6,0,0,56,0.0259,240.0,2986.94,12.4456,100.0
2.0,central,FixedSchedule,can_tho,severe,0,240.0,2024,41.25,240.0,10,0,0,56,0.0259,240.0,1670.65,6.961,83.533
2.0,central,FixedSchedule,can_tho,severe,1,240.0,2024,46.8981,240.0,15,0,0,56,0.0259,240.0,2742.47,11.427,100.0
2.0,central,FixedSchedule,can_tho,severe,2,240.0,2024,52.1759,240.0,20,0,0,56,0.0259,240.0,2763.16,11.5132,100.0
2.0,central,FixedSchedule,can_tho,severe,3,240.0,2024,52.4537,240.0,14,0,0,56,0.0259,240.0,1473.36,6.139,73.668
2.0,central,FixedSchedule,can_tho,severe,4,240.0,2024,47.5926,240.0,15,0,0,56,0.0259,240.0,1829.68,7.6237,91.484
2.0,central,FixedSchedule,soc_trang,mild,0,240.0,2024,41.1111,240.0,4,0,0,56,0.0259,240.0,2580.09,10.7504,100.0
2.0,central,FixedSchedule,soc_trang,mild,1,240.0,2024,47.7778,240.0,4,0,0,56,0.0259,240.0,1708.48,7.1187,85.424
2.0,central,FixedSchedule,soc_trang,mild,2,240.0,2024,52.5926,240.0,4,0,0,56,0.0259,240.0,2500.7,10.4196,100.0
2.0,central,FixedSchedule,soc_trang,mild,3,240.0,2024,52.5926,240.0,4,0,0,56,0.0259,240.0,2500.7,10.4196,100.0
2.0,central,FixedSchedule,soc_trang,mild,4,240.0,2024,47.7778,240.0,6,0,0,56,0.0259,240.0,2986.94,12.4456,100.0
2.0,central,FixedSchedule,soc_trang,severe,0,240.0,2024,41.1111,240.0,10,0,0,56,0.0259,240.0,1670.65,6.961,83.533
2.0,central,FixedSchedule,soc_trang,severe,1,240.0,2024,46.8981,240.0,15,0,0,56,0.0259,240.0,2742.47,11.427,100.0
2.0,central,FixedSchedule,soc_trang,severe,2,240.0,2024,52.2222,240.0,20,0,0,56,0.0259,240.0,2763.16,11.5132,100.0
2.0,central,FixedSchedule,soc_trang,severe,3,240.0,2024,52.5,240.0,14,0,0,56,0.0259,240.0,1473.36,6.139,73.668
2.0,central,FixedSchedule,soc_trang,severe,4,240.0,2024,47.7315,240.0,15,0,0,56,0.0259,240.0,1829.68,7.6237,91.484
2.0,central,FixedSchedule,ca_mau,mild,0,240.0,2024,39.9537,240.0,4,0,0,56,0.0259,240.0,2580.09,10.7504,100.0
2.0,central,FixedSchedule,ca_mau,mild,1,240.0,2024,46.1574,240.0,4,0,0,56,0.0259,240.0,1708.48,7.1187,85.424
2.0,central,FixedSchedule,ca_mau,mild,2,240.0,2024,52.2222,240.0,4,0,0,56,0.0259,240.0,2500.7,10.4196,100.0
2.0,central,FixedSchedule,ca_mau,mild,3,240.0,2024,52.2222,240.0,4,0,0,56,0.0259,240.0,2500.7,10.4196,100.0
2.0,central,FixedSchedule,ca_mau,mild,4,240.0,2024,46.1574,240.0,6,0,0,56,0.0259,240.0,2986.94,12.4456,100.0
2.0,central,FixedSchedule,ca_mau,severe,0,240.0,2024,39.9537,240.0,10,0,0,56,0.0259,240.0,1670.65,6.961,83.533
2.0,central,FixedSchedule,ca_mau,severe,1,240.0,2024,45.463,240.0,15,0,0,56,0.0259,240.0,2742.47,11.427,100.0
2.0,central,FixedSchedule,ca_mau,severe,2,240.0,2024,51.25,240.0,20,0,0,56,0.0259,240.0,2763.16,11.5132,100.0
2.0,central,FixedSchedule,ca_mau,severe,3,240.0,2024,52.2222,240.0,14,0,0,56,0.0259,240.0,1473.36,6.139,73.668
2.0,central,FixedSchedule,ca_mau,severe,4,240.0,2024,46.1111,240.0,15,0,0,56,0.0259,240.0,1829.68,7.6237,91.484
2.0,maas_lenient,TwinGate+T2,can_tho,mild,0,240.0,2024,54.1204,60.0,3,88,61,112,0.0519,0.0,0.0,0.0,0.0
2.0,maas_lenient,TwinGate+T2,can_tho,mild,1,240.0,2024,54.0741,60.0,2,88,61,112,0.0519,0.0,0.0,0.0,0.0
2.0,maas_lenient,TwinGate+T2,can_tho,mild,2,240.0,2024,54.0741,80.0,3,88,61,112,0.0519,0.0,0.0,0.0,0.0
2.0,maas_lenient,TwinGate+T2,can_tho,mild,3,240.0,2024,54.0741,80.0,3,88,61,112,0.0519,0.0,0.0,0.0,0.0
2.0,maas_lenient,TwinGate+T2,can_tho,mild,4,240.0,2024,54.0741,80.0,2,89,61,112,0.0519,0.0,0.0,0.0,0.0
2.0,maas_lenient,TwinGate+T2,can_tho,severe,0,240.0,2024,54.1204,60.0,3,88,61,112,0.0519,0.0,0.0,0.0,0.0
2.0,maas_lenient,TwinGate+T2,can_tho,severe,1,240.0,2024,55.2778,40.0,4,88,61,112,0.0519,0.0,0.0,0.0,0.0
2.0,maas_lenient,TwinGate+T2,can_tho,severe,2,240.0,2024,56.4352,40.0,6,87,61,112,0.0519,0.0,0.0,0.0,0.0
2.0,maas_lenient,TwinGate+T2,can_tho,severe,3,240.0,2024,54.0741,40.0,3,88,61,112,0.0519,0.0,0.0,0.0,0.0
2.0,maas_lenient,TwinGate+T2,can_tho,severe,4,240.0,2024,54.0741,80.0,2,89,61,112,0.0519,0.0,0.0,0.0,0.0
2.0,maas_lenient,TwinGate+T2,soc_trang,mild,0,240.0,2024,54.0278,60.0,3,88,61,112,0.0519,0.0,0.0,0.0,0.0
2.0,maas_lenient,TwinGate+T2,soc_trang,mild,1,240.0,2024,53.9815,60.0,2,88,61,112,0.0519,0.0,0.0,0.0,0.0
2.0,maas_lenient,TwinGate+T2,soc_trang,mild,2,240.0,2024,53.9815,80.0,3,88,61,112,0.0519,0.0,0.0,0.0,0.0
2.0,maas_lenient,TwinGate+T2,soc_trang,mild,3,240.0,2024,53.9815,80.0,3,88,61,112,0.0519,0.0,0.0,0.0,0.0
2.0,maas_lenient,TwinGate+T2,soc_trang,mild,4,240.0,2024,53.9815,80.0,2,89,61,112,0.0519,0.0,0.0,0.0,0.0
2.0,maas_lenient,TwinGate+T2,soc_trang,severe,0,240.0,2024,54.0278,60.0,3,88,61,112,0.0519,0.0,0.0,0.0,0.0
2.0,maas_lenient,TwinGate+T2,soc_trang,severe,1,240.0,2024,55.1852,40.0,4,88,61,112,0.0519,0.0,0.0,0.0,0.0
2.0,maas_lenient,TwinGate+T2,soc_trang,severe,2,240.0,2024,56.3426,40.0,6,87,61,112,0.0519,0.0,0.0,0.0,0.0
2.0,maas_lenient,TwinGate+T2,soc_trang,severe,3,240.0,2024,53.9815,40.0,3,88,61,112,0.0519,0.0,0.0,0.0,0.0
2.0,maas_lenient,TwinGate+T2,soc_trang,severe,4,240.0,2024,53.9815,80.0,2,89,61,112,0.0519,0.0,0.0,0.0,0.0
2.0,maas_lenient,TwinGate+T2,ca_mau,mild,0,240.0,2024,52.1296,40.0,2,89,61,112,0.0519,0.0,0.0,0.0,0.0
2.0,maas_lenient,TwinGate+T2,ca_mau,mild,1,240.0,2024,52.0833,40.0,1,89,61,112,0.0519,0.0,0.0,0.0,0.0
2.0,maas_lenient,TwinGate+T2,ca_mau,mild,2,240.0,2024,52.0833,40.0,1,89,61,112,0.0519,0.0,0.0,0.0,0.0
2.0,maas_lenient,TwinGate+T2,ca_mau,mild,3,240.0,2024,52.0833,40.0,1,89,61,112,0.0519,0.0,0.0,0.0,0.0
2.0,maas_lenient,TwinGate+T2,ca_mau,mild,4,240.0,2024,52.0833,80.0,2,89,61,112,0.0519,0.0,0.0,0.0,0.0
2.0,maas_lenient,TwinGate+T2,ca_mau,severe,0,240.0,2024,52.1296,40.0,2,89,61,112,0.0519,0.0,0.0,0.0,0.0
2.0,maas_lenient,TwinGate+T2,ca_mau,severe,1,240.0,2024,53.287,40.0,4,88,61,112,0.0519,0.0,0.0,0.0,0.0
2.0,maas_lenient,TwinGate+T2,ca_mau,severe,2,240.0,2024,54.4444,40.0,6,87,61,112,0.0519,0.0,0.0,0.0,0.0
2.0,maas_lenient,TwinGate+T2,ca_mau,severe,3,240.0,2024,52.0833,40.0,1,89,61,112,0.0519,0.0,0.0,0.0,0.0
2.0,maas_lenient,TwinGate+T2,ca_mau,severe,4,240.0,2024,52.0833,80.0,2,89,61,112,0.0519,0.0,0.0,0.0,0.0
2.0,maas_lenient,Oracle,can_tho,mild,0,240.0,2024,54.1204,80.0,3,61,61,112,0.0519,0.0,0.0,0.0,0.0
2.0,maas_lenient,Oracle,can_tho,mild,1,240.0,2024,54.0741,80.0,2,61,61,112,0.0519,0.0,0.0,0.0,0.0
2.0,maas_lenient,Oracle,can_tho,mild,2,240.0,2024,54.0741,80.0,2,61,61,112,0.0519,0.0,0.0,0.0,0.0
2.0,maas_lenient,Oracle,can_tho,mild,3,240.0,2024,54.0741,80.0,2,61,61,112,0.0519,0.0,0.0,0.0,0.0
2.0,maas_lenient,Oracle,can_tho,mild,4,240.0,2024,54.0741,80.0,2,61,61,112,0.0519,0.0,0.0,0.0,0.0
2.0,maas_lenient,Oracle,can_tho,severe,0,240.0,2024,54.1204,80.0,3,61,61,112,0.0519,0.0,0.0,0.0,0.0
2.0,maas_lenient,Oracle,can_tho,severe,1,240.0,2024,54.7222,60.0,4,61,61,112,0.0519,0.0,0.0,0.0,0.0
2.0,maas_lenient,Oracle,can_tho,severe,2,240.0,2024,56.4352,60.0,10,62,62,112,0.0519,0.0,0.0,0.0,0.0
2.0,maas_lenient,Oracle,can_tho,severe,3,240.0,2024,54.0741,80.0,5,61,61,112,0.0519,0.0,0.0,0.0,0.0
2.0,maas_lenient,Oracle,can_tho,severe,4,240.0,2024,54.0741,80.0,2,61,61,112,0.0519,0.0,0.0,0.0,0.0
2.0,maas_lenient,Oracle,soc_trang,mild,0,240.0,2024,54.0278,80.0,3,61,61,112,0.0519,0.0,0.0,0.0,0.0
2.0,maas_lenient,Oracle,soc_trang,mild,1,240.0,2024,53.9815,80.0,2,61,61,112,0.0519,0.0,0.0,0.0,0.0
2.0,maas_lenient,Oracle,soc_trang,mild,2,240.0,2024,53.9815,80.0,2,61,61,112,0.0519,0.0,0.0,0.0,0.0
2.0,maas_lenient,Oracle,soc_trang,mild,3,240.0,2024,53.9815,80.0,2,61,61,112,0.0519,0.0,0.0,0.0,0.0
2.0,maas_lenient,Oracle,soc_trang,mild,4,240.0,2024,53.9815,80.0,2,61,61,112,0.0519,0.0,0.0,0.0,0.0
2.0,maas_lenient,Oracle,soc_trang,severe,0,240.0,2024,54.0278,80.0,3,61,61,112,0.0519,0.0,0.0,0.0,0.0
2.0,maas_lenient,Oracle,soc_trang,severe,1,240.0,2024,54.6296,60.0,4,61,61,112,0.0519,0.0,0.0,0.0,0.0
2.0,maas_lenient,Oracle,soc_trang,severe,2,240.0,2024,56.3426,60.0,10,62,62,112,0.0519,0.0,0.0,0.0,0.0
2.0,maas_lenient,Oracle,soc_trang,severe,3,240.0,2024,53.9815,80.0,5,61,61,112,0.0519,0.0,0.0,0.0,0.0
2.0,maas_lenient,Oracle,soc_trang,severe,4,240.0,2024,53.9815,80.0,2,61,61,112,0.0519,0.0,0.0,0.0,0.0
2.0,maas_lenient,Oracle,ca_mau,mild,0,240.0,2024,52.1296,80.0,3,61,61,112,0.0519,0.0,0.0,0.0,0.0
2.0,maas_lenient,Oracle,ca_mau,mild,1,240.0,2024,52.0833,80.0,2,61,61,112,0.0519,0.0,0.0,0.0,0.0
2.0,maas_lenient,Oracle,ca_mau,mild,2,240.0,2024,52.0833,80.0,2,61,61,112,0.0519,0.0,0.0,0.0,0.0
2.0,maas_lenient,Oracle,ca_mau,mild,3,240.0,2024,52.0833,80.0,2,61,61,112,0.0519,0.0,0.0,0.0,0.0
2.0,maas_lenient,Oracle,ca_mau,mild,4,240.0,2024,52.0833,80.0,2,61,61,112,0.0519,0.0,0.0,0.0,0.0
2.0,maas_lenient,Oracle,ca_mau,severe,0,240.0,2024,52.1296,80.0,5,61,61,112,0.0519,0.0,0.0,0.0,0.0
2.0,maas_lenient,Oracle,ca_mau,severe,1,240.0,2024,52.7315,60.0,4,61,61,112,0.0519,0.0,0.0,0.0,0.0
2.0,maas_lenient,Oracle,ca_mau,severe,2,240.0,2024,54.4444,60.0,10,62,62,112,0.0519,0.0,0.0,0.0,0.0
2.0,maas_lenient,Oracle,ca_mau,severe,3,240.0,2024,52.0833,80.0,4,61,61,112,0.0519,0.0,0.0,0.0,0.0
2.0,maas_lenient,Oracle,ca_mau,severe,4,240.0,2024,52.0833,80.0,2,61,61,112,0.0519,0.0,0.0,0.0,0.0
2.0,maas_lenient,Reactive+T2,can_tho,mild,0,240.0,2024,27.7778,240.0,4,0,0,112,0.0519,240.0,1779.66,7.4152,88.983
2.0,maas_lenient,Reactive+T2,can_tho,mild,1,240.0,2024,27.7778,240.0,5,0,0,112,0.0519,240.0,1779.66,7.4152,88.983
2.0,maas_lenient,Reactive+T2,can_tho,mild,2,240.0,2024,34.6759,240.0,4,0,0,112,0.0519,240.0,1700.23,7.0843,85.011
2.0,maas_lenient,Reactive+T2,can_tho,mild,3,240.0,2024,34.6759,240.0,4,0,0,112,0.0519,240.0,1700.23,7.0843,85.011
2.0,maas_lenient,Reactive+T2,can_tho,mild,4,240.0,2024,34.6759,240.0,4,0,0,112,0.0519,240.0,1175.48,4.8978,58.774
2.0,maas_lenient,Reactive+T2,can_tho,severe,0,240.0,2024,27.7778,240.0,8,0,0,112,0.0519,240.0,1883.61,7.8484,94.181
2.0,maas_lenient,Reactive+T2,can_tho,severe,1,240.0,2024,33.6111,240.0,15,0,0,112,0.0519,240.0,1320.03,5.5001,66.002
2.0,maas_lenient,Reactive+T2,can_tho,severe,2,240.0,2024,27.7778,240.0,12,0,0,112,0.0519,240.0,2103.29,8.7637,100.0
2.0,maas_lenient,Reactive+T2,can_tho,severe,3,240.0,2024,28.1944,240.0,33,0,0,112,0.0519,240.0,1843.37,7.6807,92.168
2.0,maas_lenient,Reactive+T2,can_tho,severe,4,240.0,2024,26.7593,240.0,19,0,0,112,0.0519,240.0,2007.93,8.3664,100.0
2.0,maas_lenient,Reactive+T2,soc_trang,mild,0,240.0,2024,25.6019,240.0,6,0,0,112,0.0519,240.0,2030.72,8.4613,100.0
2.0,maas_lenient,Reactive+T2,soc_trang,mild,1,240.0,2024,32.4537,240.0,6,0,0,112,0.0519,240.0,1088.5,4.5354,54.425
2.0,maas_lenient,Reactive+T2,soc_trang,mild,2,240.0,2024,33.6111,240.0,5,0,0,112,0.0519,240.0,2010.9,8.3788,100.0
2.0,maas_lenient,Reactive+T2,soc_trang,mild,3,240.0,2024,33.6111,240.0,4,0,0,112,0.0519,240.0,1848.66,7.7027,92.433
2.0,maas_lenient,Reactive+T2,soc_trang,mild,4,240.0,2024,33.6111,240.0,4,0,0,112,0.0519,240.0,1148.64,4.786,57.432
2.0,maas_lenient,Reactive+T2,soc_trang,severe,0,240.0,2024,23.5185,240.0,16,0,0,112,0.0519,240.0,1968.55,8.2023,98.427
2.0,maas_lenient,Reactive+T2,soc_trang,severe,1,240.0,2024,25.6019,240.0,12,0,0,112,0.0519,240.0,2455.6,10.2317,100.0
2.0,maas_lenient,Reactive+T2,soc_trang,severe,2,240.0,2024,33.6111,240.0,8,0,0,112,0.0519,240.0,1655.36,6.8973,82.768
2.0,maas_lenient,Reactive+T2,soc_trang,severe,3,240.0,2024,28.3333,240.0,33,0,0,112,0.0519,240.0,1843.37,7.6807,92.168
2.0,maas_lenient,Reactive+T2,soc_trang,severe,4,240.0,2024,25.6019,240.0,13,0,0,112,0.0519,240.0,2103.05,8.7627,100.0
2.0,maas_lenient,Reactive+T2,ca_mau,mild,0,240.0,2024,24.1204,240.0,6,0,0,112,0.0519,240.0,2030.72,8.4613,100.0
2.0,maas_lenient,Reactive+T2,ca_mau,mild,1,240.0,2024,31.3889,240.0,6,0,0,112,0.0519,240.0,1088.5,4.5354,54.425
2.0,maas_lenient,Reactive+T2,ca_mau,mild,2,240.0,2024,32.2685,240.0,5,0,0,112,0.0519,240.0,2010.9,8.3788,100.0
2.0,maas_lenient,Reactive+T2,ca_mau,mild,3,240.0,2024,32.2685,240.0,4,0,0,112,0.0519,240.0,1848.66,7.7027,92.433
2.0,maas_lenient,Reactive+T2,ca_mau,mild,4,240.0,2024,32.2685,240.0,4,0,0,112,0.0519,240.0,1148.64,4.786,57.432
2.0,maas_lenient,Reactive+T2,ca_mau,severe,0,240.0,2024,22.2222,240.0,16,0,0,112,0.0519,240.0,1968.55,8.2023,98.427
2.0,maas_lenient,Reactive+T2,ca_mau,severe,1,240.0,2024,24.1204,240.0,12,0,0,112,0.0519,240.0,2455.6,10.2317,100.0
2.0,maas_lenient,Reactive+T2,ca_mau,severe,2,240.0,2024,32.2685,240.0,8,0,0,112,0.0519,240.0,1655.36,6.8973,82.768
2.0,maas_lenient,Reactive+T2,ca_mau,severe,3,240.0,2024,25.6944,240.0,31,0,0,112,0.0519,240.0,2600.38,10.8349,100.0
2.0,maas_lenient,Reactive+T2,ca_mau,severe,4,240.0,2024,24.1204,240.0,13,0,0,112,0.0519,240.0,2103.05,8.7627,100.0
2.0,maas_lenient,FixedSchedule,can_tho,mild,0,240.0,2024,41.25,240.0,4,0,0,112,0.0519,240.0,2460.09,10.2504,100.0
2.0,maas_lenient,FixedSchedule,can_tho,mild,1,240.0,2024,47.6389,240.0,4,0,0,112,0.0519,240.0,1588.48,6.6187,79.424
2.0,maas_lenient,FixedSchedule,can_tho,mild,2,240.0,2024,52.4537,240.0,4,0,0,112,0.0519,240.0,2380.7,9.9196,100.0
2.0,maas_lenient,FixedSchedule,can_tho,mild,3,240.0,2024,52.4537,240.0,4,0,0,112,0.0519,240.0,2380.7,9.9196,100.0
2.0,maas_lenient,FixedSchedule,can_tho,mild,4,240.0,2024,47.6389,240.0,6,0,0,112,0.0519,240.0,2866.94,11.9456,100.0
2.0,maas_lenient,FixedSchedule,can_tho,severe,0,240.0,2024,41.25,240.0,10,0,0,112,0.0519,240.0,1550.65,6.461,77.533
2.0,maas_lenient,FixedSchedule,can_tho,severe,1,240.0,2024,46.8981,240.0,15,0,0,112,0.0519,240.0,2622.47,10.927,100.0
2.0,maas_lenient,FixedSchedule,can_tho,severe,2,240.0,2024,52.1759,240.0,20,0,0,112,0.0519,240.0,2643.16,11.0132,100.0
2.0,maas_lenient,FixedSchedule,can_tho,severe,3,240.0,2024,52.4537,240.0,14,0,0,112,0.0519,240.0,1353.36,5.639,67.668
2.0,maas_lenient,FixedSchedule,can_tho,severe,4,240.0,2024,47.5926,240.0,15,0,0,112,0.0519,240.0,1709.68,7.1237,85.484
2.0,maas_lenient,FixedSchedule,soc_trang,mild,0,240.0,2024,41.1111,240.0,4,0,0,112,0.0519,240.0,2460.09,10.2504,100.0
2.0,maas_lenient,FixedSchedule,soc_trang,mild,1,240.0,2024,47.7778,240.0,4,0,0,112,0.0519,240.0,1588.48,6.6187,79.424
2.0,maas_lenient,FixedSchedule,soc_trang,mild,2,240.0,2024,52.5926,240.0,4,0,0,112,0.0519,240.0,2380.7,9.9196,100.0
2.0,maas_lenient,FixedSchedule,soc_trang,mild,3,240.0,2024,52.5926,240.0,4,0,0,112,0.0519,240.0,2380.7,9.9196,100.0
2.0,maas_lenient,FixedSchedule,soc_trang,mild,4,240.0,2024,47.7778,240.0,6,0,0,112,0.0519,240.0,2866.94,11.9456,100.0
2.0,maas_lenient,FixedSchedule,soc_trang,severe,0,240.0,2024,41.1111,240.0,10,0,0,112,0.0519,240.0,1550.65,6.461,77.533
2.0,maas_lenient,FixedSchedule,soc_trang,severe,1,240.0,2024,46.8981,240.0,15,0,0,112,0.0519,240.0,2622.47,10.927,100.0
2.0,maas_lenient,FixedSchedule,soc_trang,severe,2,240.0,2024,52.2222,240.0,20,0,0,112,0.0519,240.0,2643.16,11.0132,100.0
2.0,maas_lenient,FixedSchedule,soc_trang,severe,3,240.0,2024,52.5,240.0,14,0,0,112,0.0519,240.0,1353.36,5.639,67.668
2.0,maas_lenient,FixedSchedule,soc_trang,severe,4,240.0,2024,47.7315,240.0,15,0,0,112,0.0519,240.0,1709.68,7.1237,85.484
2.0,maas_lenient,FixedSchedule,ca_mau,mild,0,240.0,2024,39.9537,240.0,4,0,0,112,0.0519,240.0,2460.09,10.2504,100.0
2.0,maas_lenient,FixedSchedule,ca_mau,mild,1,240.0,2024,46.1574,240.0,4,0,0,112,0.0519,240.0,1588.48,6.6187,79.424
2.0,maas_lenient,FixedSchedule,ca_mau,mild,2,240.0,2024,52.2222,240.0,4,0,0,112,0.0519,240.0,2380.7,9.9196,100.0
2.0,maas_lenient,FixedSchedule,ca_mau,mild,3,240.0,2024,52.2222,240.0,4,0,0,112,0.0519,240.0,2380.7,9.9196,100.0
2.0,maas_lenient,FixedSchedule,ca_mau,mild,4,240.0,2024,46.1574,240.0,6,0,0,112,0.0519,240.0,2866.94,11.9456,100.0
2.0,maas_lenient,FixedSchedule,ca_mau,severe,0,240.0,2024,39.9537,240.0,10,0,0,112,0.0519,240.0,1550.65,6.461,77.533
2.0,maas_lenient,FixedSchedule,ca_mau,severe,1,240.0,2024,45.463,240.0,15,0,0,112,0.0519,240.0,2622.47,10.927,100.0
2.0,maas_lenient,FixedSchedule,ca_mau,severe,2,240.0,2024,51.25,240.0,20,0,0,112,0.0519,240.0,2643.16,11.0132,100.0
2.0,maas_lenient,FixedSchedule,ca_mau,severe,3,240.0,2024,52.2222,240.0,14,0,0,112,0.0519,240.0,1353.36,5.639,67.668
2.0,maas_lenient,FixedSchedule,ca_mau,severe,4,240.0,2024,46.1111,240.0,15,0,0,112,0.0519,240.0,1709.68,7.1237,85.484
